utc,price,solar,wind_on,wind_off,load
2023-12-31T23:00,0.10,3,29584,5679,40170
2024-01-01T00:00,0.01,3,29493,5346,38818
2024-01-01T01:00,0.00,3,29574,5188,37848
2024-01-01T02:00,-0.01,3,29038,4674,37123
2024-01-01T03:00,-0.03,3,28970,4439,36754
2024-01-01T04:00,-0.02,3,29097,4625,37051
2024-01-01T05:00,-0.05,3,29083,4285,36726
2024-01-01T06:00,-0.02,4,29672,3897,37321
2024-01-01T07:00,0.00,425,30346,3856,37984
2024-01-01T08:00,0.04,3218,30440,3232,39952
2024-01-01T09:00,0.06,6342,30315,3470,42309
2024-01-01T10:00,0.54,8136,30266,3573,44829
2024-01-01T11:00,2.24,7772,30407,3296,45824
2024-01-01T12:00,1.96,6366,29771,3278,45252
2024-01-01T13:00,1.04,4199,28508,3304,44904
2024-01-01T14:00,3.66,1422,27437,3810,44952
2024-01-01T15:00,43.06,84,27380,4230,46881
2024-01-01T16:00,49.93,6,27988,4448,50120
2024-01-01T17:00,58.00,5,27036,4487,50200
2024-01-01T18:00,54.25,4,26404,4589,49118
2024-01-01T19:00,48.01,3,25502,4639,47072
2024-01-01T20:00,42.95,3,24368,4654,45149
2024-01-01T21:00,47.09,3,22962,4560,43664
2024-01-01T22:00,35.55,3,21869,3723,41057
2024-01-01T23:00,30.59,3,20846,3619,38390
2024-01-02T00:00,20.07,3,19917,3764,37078
2024-01-02T01:00,31.03,3,19817,3696,37042
2024-01-02T02:00,18.39,4,21004,4018,37358
2024-01-02T03:00,11.08,3,22676,4777,39412
2024-01-02T04:00,13.78,3,25177,5096,42454
2024-01-02T05:00,47.63,4,28163,5178,47726
2024-01-02T06:00,58.10,3,29854,5191,52565
2024-01-02T07:00,65.67,51,30872,5176,56048
2024-01-02T08:00,64.73,538,30646,5188,57932
2024-01-02T09:00,68.98,1390,30484,5186,59510
2024-01-02T10:00,73.54,2153,29014,4354,60930
2024-01-02T11:00,78.16,2626,27920,3806,61270
2024-01-02T12:00,78.87,2307,27443,3366,60607
2024-01-02T13:00,79.24,1233,26906,3298,59705
2024-01-02T14:00,79.96,344,27167,3252,60067
2024-01-02T15:00,83.46,12,28748,3734,61427
2024-01-02T16:00,80.92,4,30713,5059,63377
2024-01-02T17:00,74.95,4,32516,6032,63072
2024-01-02T18:00,63.18,3,34632,6402,61215
2024-01-02T19:00,57.11,2,36044,6434,58094
2024-01-02T20:00,46.89,3,37234,6374,54778
2024-01-02T21:00,40.00,4,37172,6056,52006
2024-01-02T22:00,7.43,3,37664,5661,49068
2024-01-02T23:00,-0.08,3,36708,3958,46138
2024-01-03T00:00,-1.23,3,36906,3201,44335
2024-01-03T01:00,-1.30,3,37340,3078,43295
2024-01-03T02:00,-1.31,3,37466,2897,43656
2024-01-03T03:00,-1.31,3,38304,2893,45082
2024-01-03T04:00,-1.38,3,38633,3439,47958
2024-01-03T05:00,1.09,4,41865,5103,53736
2024-01-03T06:00,40.59,3,42990,5127,58238
2024-01-03T07:00,59.61,314,42366,5151,60985
2024-01-03T08:00,60.61,2372,41509,5274,62279
2024-01-03T09:00,57.00,5093,41712,5254,63085
2024-01-03T10:00,54.89,6069,42285,5309,64448
2024-01-03T11:00,53.89,6409,41979,5096,64461
2024-01-03T12:00,54.42,6128,41288,4553,63089
2024-01-03T13:00,60.86,4156,40374,4311,61938
2024-01-03T14:00,67.18,1578,38924,3774,61490
2024-01-03T15:00,73.59,94,37201,3560,62106
2024-01-03T16:00,82.28,6,35084,3644,64559
2024-01-03T17:00,82.97,4,33909,3351,64586
2024-01-03T18:00,79.03,4,32696,3252,62472
2024-01-03T19:00,73.23,3,31814,3242,58666
2024-01-03T20:00,67.41,3,31388,3402,55714
2024-01-03T21:00,65.00,3,30190,3527,52735
2024-01-03T22:00,58.12,3,30299,3879,49000
2024-01-03T23:00,57.30,3,30625,4095,46366
2024-01-04T00:00,50.46,3,31303,4162,45278
2024-01-04T01:00,40.00,3,32363,4183,44642
2024-01-04T02:00,25.48,3,32967,4046,45027
2024-01-04T03:00,35.00,3,33536,3944,46280
2024-01-04T04:00,57.73,3,34082,3842,48752
2024-01-04T05:00,72.65,4,33569,3646,53684
2024-01-04T06:00,85.02,3,32616,3382,59304
2024-01-04T07:00,91.47,166,31220,3206,62947
2024-01-04T08:00,94.20,1591,29872,2882,64255
2024-01-04T09:00,91.61,3596,28870,2481,65365
2024-01-04T10:00,90.03,5056,27722,1685,65555
2024-01-04T11:00,86.30,5538,25605,1447,65594
2024-01-04T12:00,85.96,5060,23059,1338,64723
2024-01-04T13:00,92.11,3658,20138,1278,63715
2024-01-04T14:00,98.62,1536,17162,1368,63035
2024-01-04T15:00,105.73,96,14138,1596,63828
2024-01-04T16:00,133.23,8,11292,1625,65704
2024-01-04T17:00,144.65,12,8931,1513,64840
2024-01-04T18:00,125.00,4,7299,1832,63363
2024-01-04T19:00,103.59,3,6810,2132,59666
2024-01-04T20:00,100.01,3,6230,2571,56430
2024-01-04T21:00,94.86,3,6551,3261,53469
2024-01-04T22:00,88.83,2,6933,3539,50083
2024-01-04T23:00,86.08,3,7937,4060,46883
2024-01-05T00:00,80.51,3,9232,4697,45242
2024-01-05T01:00,77.01,3,11004,4944,44115
2024-01-05T02:00,73.21,3,13222,5066,44397
2024-01-05T03:00,74.05,3,14634,5096,45672
2024-01-05T04:00,76.03,3,16340,5112,48108
2024-01-05T05:00,81.00,3,18204,5154,52828
2024-01-05T06:00,87.00,3,19878,5184,58204
2024-01-05T07:00,89.57,188,21402,5251,61650
2024-01-05T08:00,94.93,1697,22191,5279,63237
2024-01-05T09:00,96.28,4069,22617,5316,64022
2024-01-05T10:00,98.22,5644,22939,5359,64775
2024-01-05T11:00,92.24,5631,22733,5398,64509
2024-01-05T12:00,91.54,4352,22291,5478,63212
2024-01-05T13:00,96.41,2796,21552,5605,62149
2024-01-05T14:00,100.05,1106,20336,5770,61705
2024-01-05T15:00,102.97,85,19746,5845,62787
2024-01-05T16:00,107.38,4,19962,5960,65095
2024-01-05T17:00,108.45,6,20030,6084,64998
2024-01-05T18:00,103.96,5,19956,6204,63064
2024-01-05T19:00,100.09,4,19086,6226,59468
2024-01-05T20:00,94.19,3,18096,6224,56368
2024-01-05T21:00,94.92,4,16482,6217,53854
2024-01-05T22:00,86.80,3,14884,6162,50416
2024-01-05T23:00,82.25,3,13391,6186,47558
2024-01-06T00:00,80.20,3,12065,6124,45836
2024-01-06T01:00,76.13,3,11346,5938,44860
2024-01-06T02:00,73.01,3,10873,5721,44224
2024-01-06T03:00,73.01,3,10526,5764,44314
2024-01-06T04:00,74.59,3,10076,5787,44638
2024-01-06T05:00,75.10,3,10106,5806,45245
2024-01-06T06:00,81.39,4,9974,5827,46848
2024-01-06T07:00,88.40,110,10109,5806,50410
2024-01-06T08:00,92.23,1040,10308,5749,53938
2024-01-06T09:00,97.30,2147,10023,5772,55907
2024-01-06T10:00,100.43,2765,9934,5690,57657
2024-01-06T11:00,99.16,2880,10055,5645,58010
2024-01-06T12:00,95.22,2332,10009,5626,56948
2024-01-06T13:00,92.55,1418,10020,5700,56351
2024-01-06T14:00,95.09,478,10099,5819,56437
2024-01-06T15:00,99.85,22,10094,5871,57205
2024-01-06T16:00,104.27,4,10359,5933,59214
2024-01-06T17:00,103.63,4,10404,5960,59277
2024-01-06T18:00,99.00,4,10466,5896,57655
2024-01-06T19:00,92.14,4,10711,5780,54550
2024-01-06T20:00,88.00,3,10753,5637,52155
2024-01-06T21:00,86.57,3,10693,5431,50914
2024-01-06T22:00,79.87,3,10968,5124,48122
2024-01-06T23:00,84.08,3,11073,4768,45383
2024-01-07T00:00,79.82,3,11183,4778,43746
2024-01-07T01:00,76.76,3,11297,4786,43049
2024-01-07T02:00,73.46,3,11534,4525,42566
2024-01-07T03:00,71.86,2,11819,4438,42672
2024-01-07T04:00,72.08,3,12066,4322,42593
2024-01-07T05:00,74.90,3,12866,4189,42738
2024-01-07T06:00,77.69,4,13052,3978,44372
2024-01-07T07:00,81.79,111,12780,3789,46911
2024-01-07T08:00,84.86,946,12538,3543,50727
2024-01-07T09:00,87.15,2127,12204,3212,53437
2024-01-07T10:00,89.14,3362,12400,2958,56026
2024-01-07T11:00,88.66,3792,13030,2608,56856
2024-01-07T12:00,84.81,3163,13674,2544,55751
2024-01-07T13:00,84.34,2015,14043,2743,54913
2024-01-07T14:00,88.01,730,13997,2964,54644
2024-01-07T15:00,93.42,41,14481,3339,56329
2024-01-07T16:00,101.77,3,15439,3714,59864
2024-01-07T17:00,104.85,3,16883,4006,60473
2024-01-07T18:00,103.55,3,17685,4564,59068
2024-01-07T19:00,100.50,3,16791,5003,56369
2024-01-07T20:00,93.31,4,15488,5250,54746
2024-01-07T21:00,91.17,3,15131,5429,54224
2024-01-07T22:00,83.86,3,15335,5577,51707
2024-01-07T23:00,87.02,3,15350,5641,50045
2024-01-08T00:00,84.32,3,16064,5543,48531
2024-01-08T01:00,81.82,3,16786,5646,48045
2024-01-08T02:00,79.11,3,17120,5729,48212
2024-01-08T03:00,78.48,3,16654,5596,49203
2024-01-08T04:00,82.10,3,16297,5519,52498
2024-01-08T05:00,94.30,3,16544,5484,60305
2024-01-08T06:00,111.10,3,16584,5410,66176
2024-01-08T07:00,121.11,177,17067,5354,69648
2024-01-08T08:00,117.83,1792,16960,5462,70158
2024-01-08T09:00,110.60,4478,17008,5262,69722
2024-01-08T10:00,103.00,7502,16748,5357,69756
2024-01-08T11:00,95.50,9390,16744,5173,69316
2024-01-08T12:00,92.60,9026,17090,4934,69046
2024-01-08T13:00,100.00,6240,17238,4828,68222
2024-01-08T14:00,107.98,2335,17346,4744,67905
2024-01-08T15:00,116.87,138,17908,4873,68308
2024-01-08T16:00,129.13,5,18470,4956,70711
2024-01-08T17:00,130.01,6,18612,4840,70678
2024-01-08T18:00,122.12,4,18648,4582,69327
2024-01-08T19:00,114.21,3,18180,4120,65828
2024-01-08T20:00,102.83,3,17558,3700,62587
2024-01-08T21:00,99.98,3,16329,3198,59978
2024-01-08T22:00,91.49,3,15460,2708,56515
2024-01-08T23:00,88.16,3,14615,2438,54800
2024-01-09T00:00,87.04,3,13702,2408,53014
2024-01-09T01:00,85.00,3,13116,2250,52305
2024-01-09T02:00,84.14,3,12574,1966,51986
2024-01-09T03:00,85.72,3,12247,1758,52933
2024-01-09T04:00,89.28,3,11900,1549,56133
2024-01-09T05:00,108.51,4,12084,1304,62378
2024-01-09T06:00,124.06,4,11904,1065,68218
2024-01-09T07:00,133.24,517,11748,866,70872
2024-01-09T08:00,120.91,4475,10438,680,70857
2024-01-09T09:00,113.19,10194,8630,599,70830
2024-01-09T10:00,105.78,14680,7605,580,70792
2024-01-09T11:00,100.22,16317,7256,641,70341
2024-01-09T12:00,100.82,14882,7531,644,68867
2024-01-09T13:00,110.89,10240,7878,490,67306
2024-01-09T14:00,119.40,3992,8193,603,67221
2024-01-09T15:00,127.85,244,10073,622,68084
2024-01-09T16:00,137.84,4,12154,686,71236
2024-01-09T17:00,137.80,3,12744,676,71059
2024-01-09T18:00,130.43,3,12679,597,69586
2024-01-09T19:00,120.24,4,12142,635,66125
2024-01-09T20:00,111.68,3,11571,850,63224
2024-01-09T21:00,106.18,3,11132,721,60248
2024-01-09T22:00,97.09,3,10623,614,57336
2024-01-09T23:00,89.29,3,9847,452,55036
2024-01-10T00:00,86.76,4,9224,383,53368
2024-01-10T01:00,86.73,3,9068,434,52543
2024-01-10T02:00,86.09,3,8778,452,52446
2024-01-10T03:00,86.30,3,8730,482,53119
2024-01-10T04:00,89.05,3,8594,614,56026
2024-01-10T05:00,108.88,3,8640,776,62505
2024-01-10T06:00,126.29,4,8578,984,68074
2024-01-10T07:00,141.28,490,8313,1097,70667
2024-01-10T08:00,130.39,4108,7004,1150,71470
2024-01-10T09:00,118.56,9444,5196,995,71238
2024-01-10T10:00,109.13,13666,3669,872,70909
2024-01-10T11:00,102.21,15283,2683,793,70050
2024-01-10T12:00,105.61,13873,2204,862,68746
2024-01-10T13:00,112.91,9586,2207,940,67476
2024-01-10T14:00,123.80,3818,2474,1108,67311
2024-01-10T15:00,134.64,293,3674,1405,68448
2024-01-10T16:00,143.79,5,5145,1569,71088
2024-01-10T17:00,140.00,3,5861,1360,70734
2024-01-10T18:00,132.15,4,5238,1076,69511
2024-01-10T19:00,120.00,4,4469,853,66370
2024-01-10T20:00,109.76,4,3885,658,63116
2024-01-10T21:00,104.49,3,3458,601,60388
2024-01-10T22:00,96.03,3,3258,603,57235
2024-01-10T23:00,91.75,3,3254,725,55497
2024-01-11T00:00,88.59,3,3554,920,54369
2024-01-11T01:00,87.25,3,3860,1187,53264
2024-01-11T02:00,82.38,3,3743,1560,53321
2024-01-11T03:00,81.95,3,3888,1997,54278
2024-01-11T04:00,89.36,3,4369,2480,57390
2024-01-11T05:00,102.07,3,5025,2647,63832
2024-01-11T06:00,116.86,4,5924,2925,69392
2024-01-11T07:00,141.00,544,6409,3217,71974
2024-01-11T08:00,129.16,4210,6128,2986,72159
2024-01-11T09:00,113.65,9326,5051,2704,71926
2024-01-11T10:00,106.48,12970,4444,2226,71882
2024-01-11T11:00,99.38,13760,3840,1885,71182
2024-01-11T12:00,99.00,12115,3731,1850,70396
2024-01-11T13:00,105.98,8367,3769,1920,68730
2024-01-11T14:00,117.96,3526,3891,2012,68330
2024-01-11T15:00,137.35,328,4625,1858,69341
2024-01-11T16:00,150.09,9,4785,1462,71401
2024-01-11T17:00,136.69,4,4741,974,70808
2024-01-11T18:00,132.31,4,4462,640,69581
2024-01-11T19:00,117.88,4,3994,458,66048
2024-01-11T20:00,107.19,4,3408,277,62573
2024-01-11T21:00,100.00,4,2726,227,59745
2024-01-11T22:00,97.22,3,2491,434,56121
2024-01-11T23:00,91.04,3,2389,692,53736
2024-01-12T00:00,88.22,3,2315,1082,52425
2024-01-12T01:00,85.22,3,2408,1471,52005
2024-01-12T02:00,84.63,3,2220,1728,52015
2024-01-12T03:00,84.34,3,2387,2491,53285
2024-01-12T04:00,85.32,3,2865,3267,56643
2024-01-12T05:00,92.11,3,3000,3858,62864
2024-01-12T06:00,118.16,4,2694,4416,67932
2024-01-12T07:00,140.74,217,2892,4534,70660
2024-01-12T08:00,134.96,1405,3515,5040,72068
2024-01-12T09:00,122.01,2832,4158,5353,72630
2024-01-12T10:00,114.73,3989,4568,5542,72704
2024-01-12T11:00,106.98,4456,5337,5424,72207
2024-01-12T12:00,103.08,4018,6226,5477,70747
2024-01-12T13:00,104.54,2774,7060,5344,69254
2024-01-12T14:00,110.00,1156,7191,5269,68899
2024-01-12T15:00,120.00,113,7740,5088,69516
2024-01-12T16:00,127.50,6,8164,4578,70789
2024-01-12T17:00,126.00,4,8306,4298,69893
2024-01-12T18:00,119.47,4,8756,4050,68177
2024-01-12T19:00,108.79,3,9281,3737,64494
2024-01-12T20:00,98.48,3,9778,3829,61203
2024-01-12T21:00,93.37,3,9983,3655,58309
2024-01-12T22:00,85.38,3,10573,3961,55415
2024-01-12T23:00,90.00,3,10890,3288,52378
2024-01-13T00:00,85.00,3,11418,4019,50325
2024-01-13T01:00,82.00,3,11713,4683,49355
2024-01-13T02:00,78.47,3,12508,5336,48971
2024-01-13T03:00,75.00,3,13719,5462,49063
2024-01-13T04:00,74.92,3,14520,5191,49168
2024-01-13T05:00,78.10,3,15251,4732,50178
2024-01-13T06:00,82.22,3,16777,4692,53812
2024-01-13T07:00,85.26,85,18708,5056,57558
2024-01-13T08:00,75.11,772,20354,5127,60752
2024-01-13T09:00,74.21,1799,21983,4729,62952
2024-01-13T10:00,72.72,2480,23420,4638,64201
2024-01-13T11:00,70.35,2787,25006,4444,64594
2024-01-13T12:00,63.67,2590,25964,4004,64120
2024-01-13T13:00,67.91,1862,26813,4280,63226
2024-01-13T14:00,68.61,800,27190,4556,62738
2024-01-13T15:00,70.78,75,27678,4577,63239
2024-01-13T16:00,74.22,4,27736,4618,65444
2024-01-13T17:00,75.81,4,27732,4873,65405
2024-01-13T18:00,73.82,3,27032,4841,63272
2024-01-13T19:00,73.06,3,25916,4507,59622
2024-01-13T20:00,70.93,3,26020,3998,56991
2024-01-13T21:00,64.30,3,25522,3947,55490
2024-01-13T22:00,63.16,3,25808,3761,53277
2024-01-13T23:00,64.02,3,26006,3586,49436
2024-01-14T00:00,62.11,3,26388,3914,48322
2024-01-14T01:00,62.93,4,25776,4208,47119
2024-01-14T02:00,64.01,4,25324,4714,46262
2024-01-14T03:00,64.67,3,24266,4898,46257
2024-01-14T04:00,65.20,3,23357,4626,45850
2024-01-14T05:00,67.31,3,22868,4393,45479
2024-01-14T06:00,71.66,4,21771,4353,47446
2024-01-14T07:00,76.74,264,20394,4622,50614
2024-01-14T08:00,81.14,1888,19880,5065,54680
2024-01-14T09:00,80.63,4006,19598,5439,57932
2024-01-14T10:00,81.84,6135,19396,5699,59887
2024-01-14T11:00,80.39,7174,19889,5875,60017
2024-01-14T12:00,77.04,6743,20280,6080,58634
2024-01-14T13:00,79.15,5240,20556,6199,57038
2024-01-14T14:00,82.32,2659,20657,6333,57107
2024-01-14T15:00,86.62,378,20976,6402,58270
2024-01-14T16:00,91.86,4,21990,6493,61720
2024-01-14T17:00,96.97,4,23574,6522,62622
2024-01-14T18:00,88.91,3,25114,6283,61414
2024-01-14T19:00,81.00,3,25980,6036,59189
2024-01-14T20:00,78.60,3,27288,5385,57744
2024-01-14T21:00,75.39,3,27514,4703,56743
2024-01-14T22:00,67.19,3,28839,4337,53985
2024-01-14T23:00,67.90,3,29824,4720,51829
2024-01-15T00:00,65.00,3,30539,4942,50943
2024-01-15T01:00,63.94,4,30696,5025,49711
2024-01-15T02:00,62.04,3,31219,5183,50230
2024-01-15T03:00,62.04,3,31284,5569,51888
2024-01-15T04:00,69.25,4,29670,5722,55438
2024-01-15T05:00,79.95,5,28615,5688,63033
2024-01-15T06:00,83.84,4,27539,5937,69981
2024-01-15T07:00,99.30,165,26402,5864,72998
2024-01-15T08:00,100.29,1364,25435,5344,74240
2024-01-15T09:00,94.88,3208,24981,5010,75080
2024-01-15T10:00,90.26,4731,24697,4597,75508
2024-01-15T11:00,83.86,5096,23869,3598,74550
2024-01-15T12:00,82.15,4260,23298,4214,73767
2024-01-15T13:00,84.50,2621,22914,4832,72504
2024-01-15T14:00,89.44,1039,21791,5134,72052
2024-01-15T15:00,97.52,116,20474,5443,71540
2024-01-15T16:00,106.46,4,19712,5988,73040
2024-01-15T17:00,112.80,3,20200,5509,72747
2024-01-15T18:00,110.38,3,20804,4493,70929
2024-01-15T19:00,102.42,4,20491,4080,67312
2024-01-15T20:00,91.78,3,19394,4430,63942
2024-01-15T21:00,89.49,4,17491,4092,60518
2024-01-15T22:00,86.43,3,16708,3744,56574
2024-01-15T23:00,81.45,3,16472,3989,54293
2024-01-16T00:00,81.07,3,16668,4050,52567
2024-01-16T01:00,79.92,3,16855,4358,51948
2024-01-16T02:00,78.19,4,16512,4658,52274
2024-01-16T03:00,76.97,3,15811,4930,53132
2024-01-16T04:00,81.45,4,14834,4756,56513
2024-01-16T05:00,94.07,3,14450,4170,62958
2024-01-16T06:00,114.77,4,13579,3210,68394
2024-01-16T07:00,144.11,234,12798,2162,70628
2024-01-16T08:00,138.60,1663,11976,1334,71014
2024-01-16T09:00,122.00,3553,11546,1177,71388
2024-01-16T10:00,110.00,5264,11438,892,71522
2024-01-16T11:00,103.43,6743,11300,1821,71193
2024-01-16T12:00,94.98,7246,10413,1775,69714
2024-01-16T13:00,96.00,5646,10012,2394,68422
2024-01-16T14:00,110.25,2928,9692,3371,68506
2024-01-16T15:00,111.39,424,10346,3461,68968
2024-01-16T16:00,128.15,5,12038,3885,71948
2024-01-16T17:00,127.31,4,13906,4292,72143
2024-01-16T18:00,111.77,3,15375,4466,71308
2024-01-16T19:00,95.49,3,16655,4779,68474
2024-01-16T20:00,86.21,3,16798,5695,65557
2024-01-16T21:00,82.04,3,16848,6029,62837
2024-01-16T22:00,77.69,4,17188,6469,59790
2024-01-16T23:00,71.61,3,17656,5949,57797
2024-01-17T00:00,71.52,3,18127,5668,56397
2024-01-17T01:00,70.69,3,18818,5370,55345
2024-01-17T02:00,69.74,3,19508,5263,55417
2024-01-17T03:00,69.47,3,19402,5306,55906
2024-01-17T04:00,71.06,3,19655,5228,58840
2024-01-17T05:00,75.09,4,20042,5271,65838
2024-01-17T06:00,84.39,4,19700,4291,71259
2024-01-17T07:00,96.50,164,18614,4116,74318
2024-01-17T08:00,106.16,1277,16943,3437,74747
2024-01-17T09:00,110.33,2470,13726,2907,74635
2024-01-17T10:00,111.10,2890,10171,2350,74758
2024-01-17T11:00,117.71,2722,7935,2794,74558
2024-01-17T12:00,121.70,2289,6378,2737,73252
2024-01-17T13:00,121.74,1680,5250,2562,71998
2024-01-17T14:00,125.46,822,4895,2421,70669
2024-01-17T15:00,128.56,107,5234,2323,70618
2024-01-17T16:00,140.52,5,5294,2244,72079
2024-01-17T17:00,123.59,3,5134,1955,71909
2024-01-17T18:00,114.28,3,4864,1506,69970
2024-01-17T19:00,109.80,3,4811,1662,65821
2024-01-17T20:00,101.09,3,4884,1597,62590
2024-01-17T21:00,94.28,3,5005,1842,59843
2024-01-17T22:00,84.17,4,5082,1770,56208
2024-01-17T23:00,81.33,3,5052,1521,53968
2024-01-18T00:00,77.20,3,5028,1882,51736
2024-01-18T01:00,75.29,3,4930,2167,50972
2024-01-18T02:00,74.91,3,4914,2386,51442
2024-01-18T03:00,77.57,3,5233,2546,52840
2024-01-18T04:00,81.00,3,4789,2533,56227
2024-01-18T05:00,91.44,3,4224,2464,62718
2024-01-18T06:00,111.55,4,4139,2516,68526
2024-01-18T07:00,125.89,190,4464,3631,71734
2024-01-18T08:00,122.17,1346,4522,3448,71978
2024-01-18T09:00,110.90,2956,4770,3026,71998
2024-01-18T10:00,107.95,4602,4176,2713,72379
2024-01-18T11:00,93.55,5152,3601,3195,72456
2024-01-18T12:00,87.62,4536,3893,3324,71274
2024-01-18T13:00,86.43,3155,4574,3439,69991
2024-01-18T14:00,94.25,1352,5629,3467,69487
2024-01-18T15:00,99.52,143,7596,3938,69972
2024-01-18T16:00,104.68,4,9794,4666,72703
2024-01-18T17:00,103.26,4,11579,5195,73061
2024-01-18T18:00,94.53,4,13049,5301,71826
2024-01-18T19:00,86.97,4,13906,5698,69115
2024-01-18T20:00,83.12,4,14618,6131,66014
2024-01-18T21:00,80.93,3,15395,5234,62932
2024-01-18T22:00,73.61,3,17578,4776,59671
2024-01-18T23:00,70.58,3,19215,4998,56778
2024-01-19T00:00,66.95,3,20629,5019,55246
2024-01-19T01:00,65.63,3,21576,5182,54602
2024-01-19T02:00,62.76,4,22300,5226,54940
2024-01-19T03:00,63.32,4,22872,5224,55971
2024-01-19T04:00,67.47,3,23725,5071,58876
2024-01-19T05:00,77.94,3,24078,4626,65698
2024-01-19T06:00,87.17,4,23695,4894,71437
2024-01-19T07:00,104.27,289,24003,4746,73953
2024-01-19T08:00,103.06,1526,22189,5785,74289
2024-01-19T09:00,95.15,2990,21430,6298,74792
2024-01-19T10:00,86.36,5083,21274,6166,74598
2024-01-19T11:00,76.83,6727,21221,5886,73628
2024-01-19T12:00,73.35,7034,21129,5892,71713
2024-01-19T13:00,75.21,5598,21364,6019,69762
2024-01-19T14:00,77.45,2735,22795,5926,69608
2024-01-19T15:00,84.69,410,25577,5910,70134
2024-01-19T16:00,93.60,5,27871,5944,72528
2024-01-19T17:00,91.70,3,29842,5734,72402
2024-01-19T18:00,82.23,3,31538,4914,70750
2024-01-19T19:00,74.00,3,32178,4631,66778
2024-01-19T20:00,71.12,3,32096,4060,63169
2024-01-19T21:00,68.64,3,30905,3893,60588
2024-01-19T22:00,64.75,3,30537,3770,57717
2024-01-19T23:00,66.00,3,30187,4057,54922
2024-01-20T00:00,63.45,3,29942,3632,52884
2024-01-20T01:00,63.54,4,29292,4129,52634
2024-01-20T02:00,61.82,3,28795,4193,52061
2024-01-20T03:00,61.85,3,28649,4720,52443
2024-01-20T04:00,61.75,3,28336,4557,52478
2024-01-20T05:00,62.59,3,28806,4324,53218
2024-01-20T06:00,66.90,5,28626,4695,55456
2024-01-20T07:00,74.82,572,28560,4942,59313
2024-01-20T08:00,77.90,3314,27590,5368,62633
2024-01-20T09:00,71.80,6992,26593,5519,63902
2024-01-20T10:00,70.77,10330,25186,5741,64359
2024-01-20T11:00,67.73,12368,24616,6409,63747
2024-01-20T12:00,68.78,12262,23338,6279,61449
2024-01-20T13:00,73.39,9644,21480,5922,58774
2024-01-20T14:00,79.11,4951,20347,5522,58021
2024-01-20T15:00,87.80,760,20479,5417,58975
2024-01-20T16:00,94.93,6,21283,5220,62005
2024-01-20T17:00,99.87,6,21356,5372,63006
2024-01-20T18:00,91.57,4,21413,5717,61919
2024-01-20T19:00,81.97,3,21439,6156,59546
2024-01-20T20:00,75.74,3,21069,6339,57248
2024-01-20T21:00,74.68,3,20576,6174,56166
2024-01-20T22:00,69.13,3,21150,5958,53372
2024-01-20T23:00,66.83,3,22749,5815,50672
2024-01-21T00:00,57.55,3,23955,5781,48993
2024-01-21T01:00,55.15,3,24854,5657,47880
2024-01-21T02:00,50.89,3,25490,5186,47350
2024-01-21T03:00,48.51,3,26306,4599,46788
2024-01-21T04:00,47.45,3,27192,4796,46676
2024-01-21T05:00,45.53,4,29195,4546,46812
2024-01-21T06:00,43.96,8,30994,5002,49146
2024-01-21T07:00,51.36,986,32701,5440,52960
2024-01-21T08:00,54.36,3904,33801,5659,57287
2024-01-21T09:00,46.06,6487,34128,5662,60003
2024-01-21T10:00,48.67,7456,34171,5728,61853
2024-01-21T11:00,38.48,7054,34192,5812,61642
2024-01-21T12:00,37.69,6959,33444,5639,59719
2024-01-21T13:00,44.30,6038,33606,5755,58120
2024-01-21T14:00,49.04,3568,33332,5972,56773
2024-01-21T15:00,49.83,663,34048,5872,57594
2024-01-21T16:00,56.65,5,35637,5792,61336
2024-01-21T17:00,61.45,4,36024,5703,62403
2024-01-21T18:00,58.64,4,36340,5498,60586
2024-01-21T19:00,51.50,4,37080,4919,58114
2024-01-21T20:00,52.46,4,38038,4786,56758
2024-01-21T21:00,50.39,4,37657,4134,55363
2024-01-21T22:00,39.46,3,38624,3004,52932
2024-01-21T23:00,36.66,3,39524,3204,51863
2024-01-22T00:00,22.24,3,39594,3015,49897
2024-01-22T01:00,18.62,3,38598,2411,48810
2024-01-22T02:00,5.04,3,39419,2231,49074
2024-01-22T03:00,5.06,3,41115,1939,50396
2024-01-22T04:00,20.00,3,42588,1735,53798
2024-01-22T05:00,40.50,3,44110,1667,60818
2024-01-22T06:00,60.47,8,44326,2974,67578
2024-01-22T07:00,66.48,326,43989,3928,71243
2024-01-22T08:00,57.58,1234,43654,4048,71803
2024-01-22T09:00,61.55,2549,43283,4133,72350
2024-01-22T10:00,60.60,3966,42738,4056,72735
2024-01-22T11:00,56.92,4730,42502,3934,72595
2024-01-22T12:00,56.72,4703,42055,4560,71972
2024-01-22T13:00,58.23,3470,41274,4636,70650
2024-01-22T14:00,59.73,1641,39978,4856,70391
2024-01-22T15:00,59.99,238,39691,5265,70771
2024-01-22T16:00,70.94,5,39571,5188,72758
2024-01-22T17:00,77.35,6,39536,5020,72240
2024-01-22T18:00,71.99,4,39742,5076,70379
2024-01-22T19:00,66.65,3,40160,4553,66531
2024-01-22T20:00,57.00,3,40395,4626,63107
2024-01-22T21:00,55.89,3,39255,4651,59723
2024-01-22T22:00,49.88,3,39860,4387,56600
2024-01-22T23:00,16.23,3,40126,4245,53889
2024-01-23T00:00,10.10,3,39776,3714,51158
2024-01-23T01:00,9.37,3,39489,3934,50430
2024-01-23T02:00,4.17,3,39656,4038,50710
2024-01-23T03:00,10.22,3,39941,4063,52022
2024-01-23T04:00,39.23,4,39532,3885,55551
2024-01-23T05:00,59.76,4,39275,4024,62624
2024-01-23T06:00,76.42,6,38572,3992,68431
2024-01-23T07:00,69.82,596,37315,3706,70995
2024-01-23T08:00,69.93,3559,35800,3762,71660
2024-01-23T09:00,59.97,7635,35386,3205,71232
2024-01-23T10:00,59.80,10546,35128,3098,71454
2024-01-23T11:00,59.14,11346,34700,3133,71140
2024-01-23T12:00,59.43,10209,33803,3907,70085
2024-01-23T13:00,62.70,7208,33441,5033,69224
2024-01-23T14:00,74.63,2809,33631,6029,69517
2024-01-23T15:00,78.95,314,33131,6176,69589
2024-01-23T16:00,81.59,5,33239,5907,71810
2024-01-23T17:00,84.51,8,35055,5808,71686
2024-01-23T18:00,74.55,5,37254,5889,70539
2024-01-23T19:00,61.95,6,38627,6072,66554
2024-01-23T20:00,53.74,4,40640,5872,63189
2024-01-23T21:00,45.36,4,40706,5313,59780
2024-01-23T22:00,33.26,3,42017,5214,56746
2024-01-23T23:00,3.05,3,41969,5419,53354
2024-01-24T00:00,-0.03,3,42459,4795,51726
2024-01-24T01:00,-0.64,3,41292,4531,50817
2024-01-24T02:00,-4.41,3,39994,4645,50739
2024-01-24T03:00,-4.84,3,39442,4814,51694
2024-01-24T04:00,-0.18,3,42180,4607,54970
2024-01-24T05:00,14.76,3,44954,3966,60938
2024-01-24T06:00,42.09,5,44909,3877,66754
2024-01-24T07:00,51.58,323,44676,3956,69353
2024-01-24T08:00,50.76,2175,43862,3107,68812
2024-01-24T09:00,50.10,4908,43860,2912,69180
2024-01-24T10:00,50.78,7652,43844,3230,70211
2024-01-24T11:00,39.32,8327,44194,3142,69462
2024-01-24T12:00,36.44,7748,44434,3258,68346
2024-01-24T13:00,45.04,5819,44606,3780,67392
2024-01-24T14:00,49.95,2839,44494,4390,66777
2024-01-24T15:00,50.80,532,44600,4518,68043
2024-01-24T16:00,54.21,6,44000,4222,70537
2024-01-24T17:00,53.32,4,43157,3593,70025
2024-01-24T18:00,50.09,4,42931,3668,68278
2024-01-24T19:00,42.18,4,42243,3602,64827
2024-01-24T20:00,40.04,3,41690,3484,60700
2024-01-24T21:00,42.01,3,40136,4073,57435
2024-01-24T22:00,38.53,3,39281,3985,54412
2024-01-24T23:00,44.34,3,38283,4160,51593
2024-01-25T00:00,45.06,3,37826,3846,48663
2024-01-25T01:00,43.34,3,36880,3752,47690
2024-01-25T02:00,44.92,3,36477,3572,48058
2024-01-25T03:00,46.22,3,35786,3686,49520
2024-01-25T04:00,52.38,3,34480,3685,53354
2024-01-25T05:00,69.10,4,33318,3511,61072
2024-01-25T06:00,77.65,6,31492,3176,67067
2024-01-25T07:00,91.87,903,29206,2989,69083
2024-01-25T08:00,87.97,5061,26784,2726,69006
2024-01-25T09:00,83.95,9742,24216,2520,68473
2024-01-25T10:00,78.66,11952,22000,2444,68972
2024-01-25T11:00,74.95,12913,19960,2219,67264
2024-01-25T12:00,77.86,11723,18442,2166,67226
2024-01-25T13:00,87.07,8497,16827,1936,66396
2024-01-25T14:00,93.91,4008,14878,2003,66065
2024-01-25T15:00,102.46,632,13533,2216,66330
2024-01-25T16:00,123.38,10,12973,2441,68525
2024-01-25T17:00,115.54,10,12521,3137,68438
2024-01-25T18:00,98.79,4,12185,3488,66620
2024-01-25T19:00,91.07,4,11932,3884,63031
2024-01-25T20:00,86.31,4,11338,4416,59220
2024-01-25T21:00,80.43,4,10797,4454,56000
2024-01-25T22:00,75.16,3,10435,4716,52326
2024-01-25T23:00,62.80,3,10570,4523,48698
2024-01-26T00:00,62.00,3,10925,5054,47206
2024-01-26T01:00,58.49,3,11838,5490,46425
2024-01-26T02:00,57.73,3,13628,5454,47081
2024-01-26T03:00,57.07,3,15889,5413,48396
2024-01-26T04:00,52.16,3,18353,5514,51924
2024-01-26T05:00,59.37,3,22448,5603,58401
2024-01-26T06:00,71.12,4,26541,5350,64590
2024-01-26T07:00,76.59,450,30664,4918,68270
2024-01-26T08:00,70.58,2082,33090,4728,68497
2024-01-26T09:00,61.61,3611,35063,4615,68929
2024-01-26T10:00,59.14,4626,36708,4624,68886
2024-01-26T11:00,52.28,4390,38551,4108,68998
2024-01-26T12:00,46.47,3830,40604,3632,68028
2024-01-26T13:00,49.28,3146,41936,3682,67187
2024-01-26T14:00,50.11,2043,42225,3706,65278
2024-01-26T15:00,52.74,501,42665,3804,65536
2024-01-26T16:00,60.70,8,42177,4344,68515
2024-01-26T17:00,58.75,4,39310,4356,67796
2024-01-26T18:00,64.96,6,37378,4238,66184
2024-01-26T19:00,58.78,4,35488,4010,62394
2024-01-26T20:00,62.02,5,33084,4200,58350
2024-01-26T21:00,59.58,4,30889,4248,55986
2024-01-26T22:00,57.08,4,29769,4134,52883
2024-01-26T23:00,55.50,3,28928,4245,50869
2024-01-27T00:00,55.03,3,28275,4442,49632
2024-01-27T01:00,56.21,3,27840,4612,48936
2024-01-27T02:00,55.05,3,26984,4361,48660
2024-01-27T03:00,55.74,4,25611,4558,48476
2024-01-27T04:00,56.83,3,24276,4826,48981
2024-01-27T05:00,59.07,3,23371,5067,49631
2024-01-27T06:00,65.91,10,22173,5108,52159
2024-01-27T07:00,75.29,1810,21495,5227,55250
2024-01-27T08:00,72.56,8585,19104,5135,57929
2024-01-27T09:00,60.06,16241,16628,4772,58083
2024-01-27T10:00,56.61,21646,14901,4952,58107
2024-01-27T11:00,55.84,23829,14401,4897,56447
2024-01-27T12:00,53.88,22392,13318,4785,54354
2024-01-27T13:00,59.72,17652,12654,4474,52682
2024-01-27T14:00,72.44,9474,10931,4702,52520
2024-01-27T15:00,83.62,1816,10068,4787,54015
2024-01-27T16:00,93.37,15,10856,4621,58006
2024-01-27T17:00,95.95,8,12524,4780,59448
2024-01-27T18:00,92.53,4,13803,4977,58268
2024-01-27T19:00,84.42,5,14000,4883,54931
2024-01-27T20:00,76.07,6,13834,4856,52515
2024-01-27T21:00,75.97,4,13772,5185,51318
2024-01-27T22:00,72.70,5,13258,5162,48568
2024-01-27T23:00,66.77,4,11841,4622,44128
2024-01-28T00:00,60.92,4,10735,4298,42269
2024-01-28T01:00,59.65,3,10030,4580,41487
2024-01-28T02:00,59.94,3,9623,4530,41010
2024-01-28T03:00,61.40,3,9580,4222,40709
2024-01-28T04:00,64.11,3,9978,4164,40518
2024-01-28T05:00,60.53,3,10948,3849,40224
2024-01-28T06:00,59.64,12,12520,3631,42287
2024-01-28T07:00,59.63,2278,14305,3701,45143
2024-01-28T08:00,55.08,10315,14176,3675,48064
2024-01-28T09:00,51.16,19500,13242,3521,50264
2024-01-28T10:00,45.75,25429,10957,3620,51907
2024-01-28T11:00,41.58,26973,8582,3749,50704
2024-01-28T12:00,40.09,24906,7036,3872,48253
2024-01-28T13:00,50.65,19673,7648,4101,46425
2024-01-28T14:00,56.41,10907,9252,4588,45874
2024-01-28T15:00,68.87,2168,14038,5286,48225
2024-01-28T16:00,77.84,14,20391,5507,53743
2024-01-28T17:00,71.93,4,25144,5579,56322
2024-01-28T18:00,69.88,4,26888,5689,55357
2024-01-28T19:00,68.25,3,27148,5372,53214
2024-01-28T20:00,57.17,3,27014,5399,51759
2024-01-28T21:00,59.43,3,26270,5472,51185
2024-01-28T22:00,56.00,3,26270,5428,49110
2024-01-28T23:00,49.97,3,26002,5668,47063
2024-01-29T00:00,47.26,2,25424,5270,45384
2024-01-29T01:00,48.12,2,24770,4740,44834
2024-01-29T02:00,47.97,2,23781,4233,45522
2024-01-29T03:00,51.58,2,22611,4059,46626
2024-01-29T04:00,60.06,2,21928,3999,50421
2024-01-29T05:00,80.00,3,22480,3809,58887
2024-01-29T06:00,93.57,19,22101,3577,65059
2024-01-29T07:00,99.17,2490,21205,3096,67285
2024-01-29T08:00,88.39,10139,18436,2575,67049
2024-01-29T09:00,78.90,18211,14516,2377,66343
2024-01-29T10:00,71.27,23308,9769,2182,65151
2024-01-29T11:00,70.24,24394,6748,1850,62992
2024-01-29T12:00,74.99,21400,5817,1412,61287
2024-01-29T13:00,82.55,15268,5481,1214,60681
2024-01-29T14:00,97.60,7327,5330,1547,60526
2024-01-29T15:00,108.43,1458,6610,1779,61656
2024-01-29T16:00,127.42,17,8774,2018,65114
2024-01-29T17:00,117.30,7,10236,2416,66208
2024-01-29T18:00,107.52,4,11132,2943,64994
2024-01-29T19:00,91.98,4,11799,3100,61573
2024-01-29T20:00,86.79,3,12111,2962,58034
2024-01-29T21:00,83.42,4,12004,2679,54336
2024-01-29T22:00,80.29,3,12032,2558,50369
2024-01-29T23:00,71.94,4,12134,2178,47625
2024-01-30T00:00,68.79,4,12476,2143,45790
2024-01-30T01:00,69.37,3,13337,2308,45656
2024-01-30T02:00,67.44,3,14304,2337,45992
2024-01-30T03:00,67.18,3,14722,2966,47648
2024-01-30T04:00,69.37,3,14999,3385,50651
2024-01-30T05:00,78.43,4,15536,4111,58273
2024-01-30T06:00,90.60,23,16444,4512,64197
2024-01-30T07:00,95.93,2160,16997,5015,66302
2024-01-30T08:00,84.93,7218,17098,5294,66678
2024-01-30T09:00,77.15,11882,16265,5374,66636
2024-01-30T10:00,70.10,14226,14354,5654,66444
2024-01-30T11:00,68.10,14170,13042,5698,65705
2024-01-30T12:00,68.23,12366,13168,5775,65654
2024-01-30T13:00,71.93,8854,14447,5773,65850
2024-01-30T14:00,79.49,4502,16892,5792,65168
2024-01-30T15:00,82.36,951,19409,5825,65418
2024-01-30T16:00,88.17,14,22044,5699,68678
2024-01-30T17:00,99.23,7,23952,5408,69706
2024-01-30T18:00,91.91,5,25218,4630,68141
2024-01-30T19:00,86.04,4,25514,4473,64970
2024-01-30T20:00,78.00,3,24588,4097,61570
2024-01-30T21:00,75.01,3,24012,4652,58304
2024-01-30T22:00,71.51,3,23817,4675,54894
2024-01-30T23:00,71.73,3,22571,4226,52220
2024-01-31T00:00,70.19,3,21608,4324,50788
2024-01-31T01:00,70.89,3,20432,4588,50016
2024-01-31T02:00,69.82,4,18264,4258,50068
2024-01-31T03:00,69.14,3,16571,4475,51242
2024-01-31T04:00,73.82,3,14495,4531,54167
2024-01-31T05:00,84.85,3,13357,4497,61610
2024-01-31T06:00,108.17,14,11631,4746,67026
2024-01-31T07:00,119.93,650,11113,4781,69523
2024-01-31T08:00,93.61,2853,10608,5666,70191
2024-01-31T09:00,82.98,5556,10822,6009,70844
2024-01-31T10:00,77.09,7358,13383,6155,71660
2024-01-31T11:00,74.91,8292,14831,5986,71307
2024-01-31T12:00,67.66,8187,15528,5690,69033
2024-01-31T13:00,66.69,6647,16977,5880,67815
2024-01-31T14:00,75.87,3948,18726,6022,67052
2024-01-31T15:00,81.62,1058,20959,5678,67317
2024-01-31T16:00,87.91,18,23664,5588,70584
2024-01-31T17:00,86.78,4,27244,5512,71019
2024-01-31T18:00,73.65,4,30371,4883,69536
2024-01-31T19:00,66.03,5,32134,4049,65381
2024-01-31T20:00,56.96,3,34810,3442,61900
2024-01-31T21:00,54.08,3,35856,3816,58962
2024-01-31T22:00,39.73,4,36620,3262,55724
2024-01-31T23:00,47.06,3,36766,3485,53270
2024-02-01T00:00,41.12,4,36106,3621,51258
2024-02-01T01:00,42.16,3,35158,3662,49897
2024-02-01T02:00,43.05,3,34090,3962,50252
2024-02-01T03:00,46.91,3,33096,4302,51688
2024-02-01T04:00,55.34,3,32049,4286,55063
2024-02-01T05:00,69.01,4,31514,4274,61394
2024-02-01T06:00,86.12,8,30533,4480,66685
2024-02-01T07:00,92.50,620,28896,4306,69710
2024-02-01T08:00,86.29,3313,25960,4053,70071
2024-02-01T09:00,83.67,7785,25245,3841,70668
2024-02-01T10:00,77.22,11505,25685,3506,69967
2024-02-01T11:00,67.60,12910,26314,3150,68668
2024-02-01T12:00,57.26,12832,26261,3202,67412
2024-02-01T13:00,68.74,10533,26168,3353,66664
2024-02-01T14:00,75.07,6085,24936,4014,66528
2024-02-01T15:00,77.05,1537,24012,4445,66410
2024-02-01T16:00,91.61,27,24082,3952,69554
2024-02-01T17:00,94.67,4,25496,3110,70745
2024-02-01T18:00,97.89,6,25432,2756,69338
2024-02-01T19:00,89.97,4,24411,3243,65687
2024-02-01T20:00,83.29,3,23114,3990,62316
2024-02-01T21:00,81.88,3,22564,4368,59138
2024-02-01T22:00,73.38,3,22554,4731,55185
2024-02-01T23:00,64.27,3,21487,5292,52112
2024-02-02T00:00,59.94,3,19912,6024,49849
2024-02-02T01:00,58.00,3,19559,6278,49671
2024-02-02T02:00,54.69,3,19975,6146,50116
2024-02-02T03:00,53.23,3,20714,6183,51523
2024-02-02T04:00,55.07,3,22006,6139,54338
2024-02-02T05:00,66.94,3,23895,6510,60914
2024-02-02T06:00,76.99,9,26204,6700,67216
2024-02-02T07:00,89.32,637,27936,6360,69718
2024-02-02T08:00,85.90,2940,29232,6006,70122
2024-02-02T09:00,80.77,5272,30532,5953,70407
2024-02-02T10:00,75.15,7542,32091,5697,70974
2024-02-02T11:00,64.80,9354,33219,5166,69796
2024-02-02T12:00,56.52,9322,34263,5120,67404
2024-02-02T13:00,54.83,7886,35090,5074,65758
2024-02-02T14:00,53.09,4563,35878,5006,65603
2024-02-02T15:00,52.73,1332,36792,4514,65628
2024-02-02T16:00,58.50,29,38656,4946,68164
2024-02-02T17:00,68.97,6,40178,4408,68633
2024-02-02T18:00,63.34,4,40458,4218,66802
2024-02-02T19:00,55.06,3,40543,3334,61999
2024-02-02T20:00,49.68,3,40617,3099,58809
2024-02-02T21:00,46.03,3,39218,3227,56054
2024-02-02T22:00,36.05,3,38813,3465,52506
2024-02-02T23:00,24.74,3,38754,4528,50444
2024-02-03T00:00,12.85,3,38400,5155,48880
2024-02-03T01:00,6.73,3,38000,5051,47669
2024-02-03T02:00,10.51,3,37640,5068,47473
2024-02-03T03:00,8.53,3,36680,5128,47723
2024-02-03T04:00,8.80,3,35914,4878,48329
2024-02-03T05:00,16.48,4,36402,4615,49242
2024-02-03T06:00,34.17,18,35209,4872,50914
2024-02-03T07:00,45.99,1095,34607,4583,54560
2024-02-03T08:00,45.97,3963,34789,4192,57325
2024-02-03T09:00,35.62,6895,35293,5188,58981
2024-02-03T10:00,30.42,8921,35332,5489,59673
2024-02-03T11:00,30.58,9614,35063,5734,59284
2024-02-03T12:00,30.62,9058,34672,5998,58110
2024-02-03T13:00,40.74,7206,33876,6141,56380
2024-02-03T14:00,43.70,3942,33182,6195,55662
2024-02-03T15:00,49.36,1101,32824,5780,56443
2024-02-03T16:00,57.83,24,32684,5880,59564
2024-02-03T17:00,68.57,8,31512,5903,60772
2024-02-03T18:00,65.98,9,32484,5616,58945
2024-02-03T19:00,54.37,4,32506,5331,55096
2024-02-03T20:00,51.21,3,32671,5802,52994
2024-02-03T21:00,50.81,3,32038,5841,51355
2024-02-03T22:00,38.71,3,32108,5885,48799
2024-02-03T23:00,35.30,4,32116,5887,46402
2024-02-04T00:00,10.04,3,32828,5949,44501
2024-02-04T01:00,3.23,2,33443,5688,43742
2024-02-04T02:00,0.68,2,33464,5424,43406
2024-02-04T03:00,0.00,3,32676,5558,43336
2024-02-04T04:00,0.00,3,32193,5428,43563
2024-02-04T05:00,0.00,3,33725,5699,44523
2024-02-04T06:00,1.05,10,36207,5669,45972
2024-02-04T07:00,8.87,808,37859,5761,48524
2024-02-04T08:00,9.83,3092,39154,5826,52001
2024-02-04T09:00,10.87,5138,39963,5816,54806
2024-02-04T10:00,12.81,7008,39538,5751,56182
2024-02-04T11:00,13.82,7253,39608,5737,56318
2024-02-04T12:00,4.62,5880,40524,5709,55538
2024-02-04T13:00,9.72,4146,40755,5740,54393
2024-02-04T14:00,15.72,1898,41225,5785,54064
2024-02-04T15:00,18.43,506,40738,5827,54679
2024-02-04T16:00,38.91,18,40497,5778,57782
2024-02-04T17:00,46.01,6,40536,5697,59518
2024-02-04T18:00,36.17,4,40530,5532,57913
2024-02-04T19:00,29.05,5,40639,5920,55343
2024-02-04T20:00,24.52,3,40987,5350,53508
2024-02-04T21:00,24.44,3,40455,5142,52303
2024-02-04T22:00,0.57,3,40346,4888,49356
2024-02-04T23:00,0.00,3,39110,5238,46894
2024-02-05T00:00,-0.03,3,38747,5451,45870
2024-02-05T01:00,-0.07,3,37359,5410,45546
2024-02-05T02:00,-0.13,3,37642,5387,45832
2024-02-05T03:00,-0.05,3,38641,5228,47234
2024-02-05T04:00,0.42,3,41714,4914,51288
2024-02-05T05:00,38.97,4,42720,4392,59213
2024-02-05T06:00,58.91,17,42816,4440,64531
2024-02-05T07:00,62.32,970,42850,3632,67107
2024-02-05T08:00,56.86,3862,42544,4392,67374
2024-02-05T09:00,52.93,7808,42284,4946,67637
2024-02-05T10:00,40.15,12299,42688,5142,68226
2024-02-05T11:00,7.05,15727,43107,5546,68235
2024-02-05T12:00,1.09,16586,43173,5280,68120
2024-02-05T13:00,5.01,14232,43540,4718,66116
2024-02-05T14:00,53.10,8700,43171,4468,64428
2024-02-05T15:00,60.72,2532,42544,4054,64368
2024-02-05T16:00,68.47,88,42709,3758,66800
2024-02-05T17:00,68.78,10,43014,3682,68205
2024-02-05T18:00,61.84,6,43489,3568,66599
2024-02-05T19:00,60.48,4,43496,3772,63359
2024-02-05T20:00,59.65,4,43449,4247,60212
2024-02-05T21:00,56.30,4,42448,4595,57844
2024-02-05T22:00,47.41,3,42484,4032,54688
2024-02-05T23:00,35.04,3,42360,4794,50916
2024-02-06T00:00,27.65,3,42360,5110,49681
2024-02-06T01:00,7.08,3,42170,5060,49226
2024-02-06T02:00,3.07,3,42062,5204,50136
2024-02-06T03:00,1.94,3,41603,5047,51582
2024-02-06T04:00,19.38,3,42171,4267,54400
2024-02-06T05:00,50.00,3,43510,3102,61176
2024-02-06T06:00,68.16,37,43792,3654,66018
2024-02-06T07:00,62.00,1187,43945,3603,68546
2024-02-06T08:00,61.35,3732,43880,4478,68933
2024-02-06T09:00,56.56,5871,44266,4659,69320
2024-02-06T10:00,51.70,7443,44470,4625,69039
2024-02-06T11:00,43.47,8206,44781,4836,69100
2024-02-06T12:00,42.54,7375,45194,5068,68419
2024-02-06T13:00,40.11,5884,45730,4782,67575
2024-02-06T14:00,49.91,3770,46112,5326,67242
2024-02-06T15:00,56.52,1240,46255,5640,66938
2024-02-06T16:00,62.97,46,46332,5496,68920
2024-02-06T17:00,61.96,4,46251,5142,69693
2024-02-06T18:00,61.16,4,46085,4938,67974
2024-02-06T19:00,59.14,4,45328,5533,64061
2024-02-06T20:00,56.44,3,45211,6348,61153
2024-02-06T21:00,56.52,3,43722,6810,58348
2024-02-06T22:00,52.36,3,42884,6621,54902
2024-02-06T23:00,41.17,3,41587,6420,52670
2024-02-07T00:00,35.52,3,39758,6492,50744
2024-02-07T01:00,34.15,3,38872,6500,49708
2024-02-07T02:00,46.59,3,36502,6510,49494
2024-02-07T03:00,54.47,3,34436,6391,51018
2024-02-07T04:00,59.63,3,34612,6930,54648
2024-02-07T05:00,74.83,6,32522,6893,62047
2024-02-07T06:00,86.67,38,30157,6499,68148
2024-02-07T07:00,87.00,1128,27718,5404,70055
2024-02-07T08:00,85.53,3592,24375,4246,69442
2024-02-07T09:00,81.17,6151,22349,3243,69728
2024-02-07T10:00,78.01,7864,21278,2887,70419
2024-02-07T11:00,75.98,8246,20003,2396,69702
2024-02-07T12:00,79.24,7576,18086,1724,68300
2024-02-07T13:00,77.99,6238,15244,1639,67047
2024-02-07T14:00,88.21,3654,12864,1573,66329
2024-02-07T15:00,97.30,1044,10711,1783,65846
2024-02-07T16:00,120.05,26,9056,2107,68270
2024-02-07T17:00,136.22,13,8097,2682,68682
2024-02-07T18:00,109.70,4,7797,3599,67515
2024-02-07T19:00,99.91,3,8089,4373,64466
2024-02-07T20:00,87.65,4,8653,4948,61039
2024-02-07T21:00,83.63,4,9320,4565,57428
2024-02-07T22:00,79.21,4,9451,3554,53403
2024-02-07T23:00,73.70,4,9135,2692,50451
2024-02-08T00:00,73.20,4,8511,1932,48998
2024-02-08T01:00,72.15,4,8179,1870,48694
2024-02-08T02:00,72.94,3,7850,2152,49412
2024-02-08T03:00,73.65,3,7431,2350,50985
2024-02-08T04:00,77.85,3,7191,2113,53730
2024-02-08T05:00,87.08,3,6662,1794,60372
2024-02-08T06:00,110.00,25,5924,1702,65873
2024-02-08T07:00,133.15,944,5196,1248,68105
2024-02-08T08:00,113.55,3266,5075,1088,68627
2024-02-08T09:00,97.79,5994,5192,934,68702
2024-02-08T10:00,91.87,7965,5535,680,69205
2024-02-08T11:00,89.38,7808,6132,524,68977
2024-02-08T12:00,90.98,6372,6823,465,67778
2024-02-08T13:00,94.90,4260,7684,509,66258
2024-02-08T14:00,94.38,2226,9338,652,65067
2024-02-08T15:00,93.01,615,11296,926,64618
2024-02-08T16:00,103.00,17,12890,1406,67135
2024-02-08T17:00,94.67,6,14347,1875,67892
2024-02-08T18:00,86.06,3,15284,2609,66356
2024-02-08T19:00,83.20,4,15879,3596,62643
2024-02-08T20:00,80.61,3,15977,4208,59108
2024-02-08T21:00,75.60,3,15840,4810,55960
2024-02-08T22:00,65.98,2,16704,5248,51826
2024-02-08T23:00,60.43,3,17868,4846,47982
2024-02-09T00:00,58.61,3,19604,4990,47154
2024-02-09T01:00,55.74,3,21478,5406,47273
2024-02-09T02:00,51.61,3,23064,5932,48695
2024-02-09T03:00,49.96,3,24490,6118,50448
2024-02-09T04:00,52.32,4,25896,6187,53564
2024-02-09T05:00,59.08,4,28010,6554,60024
2024-02-09T06:00,66.79,18,28804,6396,66456
2024-02-09T07:00,70.13,624,29314,6765,69204
2024-02-09T08:00,68.37,2463,28942,6928,69597
2024-02-09T09:00,69.52,4220,27857,6874,69856
2024-02-09T10:00,69.94,6122,26519,6974,69834
2024-02-09T11:00,67.85,7463,24916,6890,69016
2024-02-09T12:00,67.74,7174,22344,6486,67548
2024-02-09T13:00,73.22,5415,20728,5876,65229
2024-02-09T14:00,81.56,2873,18876,5228,64410
2024-02-09T15:00,90.12,820,17017,4976,63948
2024-02-09T16:00,95.45,33,16356,5570,65558
2024-02-09T17:00,95.45,7,16522,5678,66593
2024-02-09T18:00,87.05,5,16539,5454,64466
2024-02-09T19:00,80.44,6,16136,5513,60833
2024-02-09T20:00,75.20,4,14998,5646,57474
2024-02-09T21:00,74.91,4,13330,5807,54142
2024-02-09T22:00,70.94,3,12085,5556,50905
2024-02-09T23:00,63.10,4,11367,5064,47922
2024-02-10T00:00,64.08,3,10894,4040,45279
2024-02-10T01:00,64.40,4,9780,3849,44659
2024-02-10T02:00,64.39,3,8654,3846,44569
2024-02-10T03:00,64.41,3,7618,3650,44040
2024-02-10T04:00,65.82,3,7063,3536,44412
2024-02-10T05:00,70.91,3,7056,3658,45794
2024-02-10T06:00,74.86,93,7037,3484,48236
2024-02-10T07:00,77.70,1938,7133,3320,51612
2024-02-10T08:00,80.38,5603,6538,3454,54202
2024-02-10T09:00,74.59,9290,5263,3408,56101
2024-02-10T10:00,69.43,11848,4464,3376,57174
2024-02-10T11:00,68.30,12670,4035,3292,56468
2024-02-10T12:00,66.72,12087,4253,3278,54218
2024-02-10T13:00,69.53,9852,4981,3448,52490
2024-02-10T14:00,77.17,5512,6148,3793,51814
2024-02-10T15:00,86.13,1694,7988,4344,52828
2024-02-10T16:00,88.95,62,10808,5104,55832
2024-02-10T17:00,87.62,6,13460,5614,57902
2024-02-10T18:00,81.01,6,14476,5733,56490
2024-02-10T19:00,74.40,3,14286,5768,53187
2024-02-10T20:00,67.84,3,14180,6081,51008
2024-02-10T21:00,65.86,3,13604,6252,49304
2024-02-10T22:00,63.46,3,13437,6383,46277
2024-02-10T23:00,55.48,3,13714,6657,43258
2024-02-11T00:00,53.67,3,14115,6622,41400
2024-02-11T01:00,52.60,4,15565,6551,41190
2024-02-11T02:00,46.83,3,16049,6602,40846
2024-02-11T03:00,43.64,4,16332,6747,41187
2024-02-11T04:00,46.25,3,16338,6896,41219
2024-02-11T05:00,49.19,3,17149,7038,41403
2024-02-11T06:00,53.16,20,17036,7030,43688
2024-02-11T07:00,55.06,443,16737,7051,46726
2024-02-11T08:00,57.97,1799,15979,6969,50093
2024-02-11T09:00,61.16,3383,15028,6886,52102
2024-02-11T10:00,65.54,4696,14089,6837,54502
2024-02-11T11:00,64.60,5277,13162,6520,54110
2024-02-11T12:00,62.12,5304,12172,6026,52324
2024-02-11T13:00,63.99,4559,11166,5802,50879
2024-02-11T14:00,66.30,3228,10276,5507,50480
2024-02-11T15:00,70.69,1388,9972,4653,51037
2024-02-11T16:00,78.50,118,9748,4060,53886
2024-02-11T17:00,80.74,6,9973,3441,56220
2024-02-11T18:00,79.72,6,10222,3276,54915
2024-02-11T19:00,76.75,5,10185,3025,52592
2024-02-11T20:00,70.72,4,10192,2562,50711
2024-02-11T21:00,68.39,3,10221,2647,49577
2024-02-11T22:00,64.01,3,10147,2708,47363
2024-02-11T23:00,64.35,4,10058,2473,45227
2024-02-12T00:00,61.59,4,10007,2499,44157
2024-02-12T01:00,60.65,4,10362,2462,43770
2024-02-12T02:00,59.39,4,10576,2562,44255
2024-02-12T03:00,59.21,4,10825,2259,45391
2024-02-12T04:00,65.00,4,11272,2323,47824
2024-02-12T05:00,76.00,4,11940,2132,54882
2024-02-12T06:00,85.41,50,11898,1739,60090
2024-02-12T07:00,104.00,1177,11502,1639,62507
2024-02-12T08:00,96.50,3534,11123,1599,63526
2024-02-12T09:00,85.47,6247,10726,1334,64157
2024-02-12T10:00,79.14,8348,11225,1380,65582
2024-02-12T11:00,67.37,9538,12054,1476,65566
2024-02-12T12:00,63.75,9319,12486,1654,64171
2024-02-12T13:00,63.95,7962,12306,1797,62761
2024-02-12T14:00,66.40,5549,11680,1952,62189
2024-02-12T15:00,78.42,2077,10726,2165,61822
2024-02-12T16:00,93.90,124,10606,2090,63428
2024-02-12T17:00,96.00,7,11324,2140,65101
2024-02-12T18:00,89.08,6,12544,2268,63515
2024-02-12T19:00,79.15,5,14283,2895,60737
2024-02-12T20:00,71.54,4,14589,3036,57784
2024-02-12T21:00,65.87,4,15064,3043,55092
2024-02-12T22:00,61.90,3,15000,3339,51766
2024-02-12T23:00,68.59,3,15125,3566,49324
2024-02-13T00:00,65.37,3,15827,4319,48882
2024-02-13T01:00,63.41,3,16226,4858,48167
2024-02-13T02:00,60.49,4,16440,5419,48474
2024-02-13T03:00,60.06,3,16668,5899,49986
2024-02-13T04:00,63.59,4,16563,5934,53317
2024-02-13T05:00,70.69,4,17042,5908,59375
2024-02-13T06:00,82.18,172,17202,5964,64363
2024-02-13T07:00,89.10,3430,17006,5626,66695
2024-02-13T08:00,75.12,10109,16358,5790,67151
2024-02-13T09:00,69.21,16438,15863,5332,67193
2024-02-13T10:00,63.87,20280,15842,4984,66952
2024-02-13T11:00,60.53,21092,16374,4695,65506
2024-02-13T12:00,60.26,19494,15710,4272,64114
2024-02-13T13:00,63.10,15642,14405,4212,62863
2024-02-13T14:00,70.70,9940,12912,4613,62856
2024-02-13T15:00,78.36,3662,11306,5129,63120
2024-02-13T16:00,95.01,234,11461,5056,64990
2024-02-13T17:00,99.88,8,13514,5294,67372
2024-02-13T18:00,90.99,5,15222,5662,66183
2024-02-13T19:00,77.97,5,16404,5622,62824
2024-02-13T20:00,71.86,3,17427,5658,59846
2024-02-13T21:00,68.39,4,17681,5024,56318
2024-02-13T22:00,64.74,4,17670,4247,51506
2024-02-13T23:00,60.63,3,17949,3518,48890
2024-02-14T00:00,59.34,4,18128,3109,47380
2024-02-14T01:00,55.76,3,18949,3434,46739
2024-02-14T02:00,54.79,3,19768,3382,47148
2024-02-14T03:00,55.06,4,20516,2786,47961
2024-02-14T04:00,58.43,4,21227,2067,50499
2024-02-14T05:00,63.23,4,22032,1582,57423
2024-02-14T06:00,72.74,101,22036,1400,63420
2024-02-14T07:00,79.73,1511,21334,1455,65883
2024-02-14T08:00,69.65,4220,20246,1547,66535
2024-02-14T09:00,63.86,6867,19042,1623,67223
2024-02-14T10:00,63.29,9159,18404,2100,68178
2024-02-14T11:00,62.63,10014,18127,2431,67487
2024-02-14T12:00,63.82,9272,17945,2170,66342
2024-02-14T13:00,69.03,6891,17191,2132,64868
2024-02-14T14:00,72.23,3684,15843,2444,63955
2024-02-14T15:00,78.54,1191,15640,2706,63025
2024-02-14T16:00,82.97,66,16463,2640,65278
2024-02-14T17:00,87.58,5,17394,2456,66549
2024-02-14T18:00,84.47,3,18194,2315,65346
2024-02-14T19:00,76.48,4,18821,2334,61898
2024-02-14T20:00,69.68,3,19030,2463,58506
2024-02-14T21:00,68.20,3,18608,2856,54655
2024-02-14T22:00,63.80,3,17966,3290,50626
2024-02-14T23:00,61.71,4,16699,3526,47680
2024-02-15T00:00,61.13,4,15554,3739,45667
2024-02-15T01:00,60.30,3,14863,4272,45412
2024-02-15T02:00,59.75,3,14051,4178,45907
2024-02-15T03:00,61.94,3,13410,3776,47408
2024-02-15T04:00,66.06,4,12258,3450,50554
2024-02-15T05:00,72.21,4,11676,3455,57545
2024-02-15T06:00,81.57,133,11734,3531,62828
2024-02-15T07:00,82.67,2244,11608,3658,64527
2024-02-15T08:00,78.76,6623,10933,3596,64477
2024-02-15T09:00,74.18,11194,9972,3960,65051
2024-02-15T10:00,69.96,14400,9118,4296,65209
2024-02-15T11:00,66.63,16020,8402,4724,65390
2024-02-15T12:00,66.19,14878,8478,4614,64235
2024-02-15T13:00,69.91,11434,8073,4152,62474
2024-02-15T14:00,75.05,6724,7853,4056,61944
2024-02-15T15:00,79.05,2440,8487,4073,61673
2024-02-15T16:00,87.00,199,10168,4080,63904
2024-02-15T17:00,86.91,10,12633,4351,65648
2024-02-15T18:00,75.61,5,14427,4665,65266
2024-02-15T19:00,70.47,6,15700,4895,62291
2024-02-15T20:00,62.97,4,16582,5122,58332
2024-02-15T21:00,63.09,4,16514,5062,54842
2024-02-15T22:00,58.91,3,16600,5522,51035
2024-02-15T23:00,51.76,4,17211,5839,48045
2024-02-16T00:00,51.08,3,17801,5767,46532
2024-02-16T01:00,49.92,3,17996,5849,45784
2024-02-16T02:00,48.81,3,18517,5719,46152
2024-02-16T03:00,51.38,3,19104,5842,47925
2024-02-16T04:00,53.53,3,20069,5861,51314
2024-02-16T05:00,59.15,3,21414,6034,58387
2024-02-16T06:00,69.39,269,21958,6240,63675
2024-02-16T07:00,70.50,3361,22451,5826,65915
2024-02-16T08:00,64.84,8385,20970,5532,65880
2024-02-16T09:00,54.37,12780,19481,5326,65886
2024-02-16T10:00,53.00,15322,18856,5462,66226
2024-02-16T11:00,52.33,15589,19368,5957,66133
2024-02-16T12:00,52.31,13240,19921,4890,64406
2024-02-16T13:00,53.78,9352,20294,4416,62340
2024-02-16T14:00,62.59,5139,20119,4456,61768
2024-02-16T15:00,69.99,1642,19078,3996,61882
2024-02-16T16:00,72.58,105,19218,4017,64479
2024-02-16T17:00,77.42,9,19144,3857,65984
2024-02-16T18:00,76.78,7,18686,3926,63918
2024-02-16T19:00,72.47,4,18960,4578,60430
2024-02-16T20:00,69.40,3,18664,4471,56796
2024-02-16T21:00,68.05,3,18529,4518,53680
2024-02-16T22:00,60.02,4,18810,4568,49707
2024-02-16T23:00,57.31,4,17862,4347,46571
2024-02-17T00:00,57.00,4,17699,4757,44883
2024-02-17T01:00,55.88,3,18155,4686,44161
2024-02-17T02:00,54.66,3,17713,3969,44675
2024-02-17T03:00,54.62,4,18516,3645,45074
2024-02-17T04:00,55.48,4,19271,3713,45792
2024-02-17T05:00,55.17,4,20038,3646,46835
2024-02-17T06:00,56.90,105,19078,3092,49175
2024-02-17T07:00,64.89,2051,17737,2738,52103
2024-02-17T08:00,63.29,6054,16360,2189,54676
2024-02-17T09:00,62.02,9528,15247,1676,55840
2024-02-17T10:00,60.69,12589,13547,1555,56648
2024-02-17T11:00,58.26,14347,11710,1061,55503
2024-02-17T12:00,55.25,13802,10185,923,53758
2024-02-17T13:00,59.09,11429,8686,776,52205
2024-02-17T14:00,68.83,7210,7004,946,52077
2024-02-17T15:00,75.03,2748,4900,878,51904
2024-02-17T16:00,87.93,228,3600,646,54106
2024-02-17T17:00,110.06,8,2744,589,56376
2024-02-17T18:00,90.28,8,2003,750,54425
2024-02-17T19:00,80.93,5,1682,922,50911
2024-02-17T20:00,74.57,4,1719,1229,48673
2024-02-17T21:00,72.44,4,2258,1743,46798
2024-02-17T22:00,69.11,3,3055,2822,43911
2024-02-17T23:00,62.38,4,4252,3570,41008
2024-02-18T00:00,54.81,4,5626,4258,39419
2024-02-18T01:00,51.44,5,6907,4741,38739
2024-02-18T02:00,50.32,3,8270,4712,38554
2024-02-18T03:00,50.19,4,9933,5022,39224
2024-02-18T04:00,48.47,4,11253,5105,40249
2024-02-18T05:00,46.02,4,12987,5308,40947
2024-02-18T06:00,48.97,314,14624,5376,42442
2024-02-18T07:00,47.28,4072,16011,5473,45740
2024-02-18T08:00,43.03,9637,16418,5596,49104
2024-02-18T09:00,40.45,14526,16488,6021,51897
2024-02-18T10:00,41.00,17024,15426,6064,54521
2024-02-18T11:00,40.10,16037,16025,6423,54493
2024-02-18T12:00,39.88,12862,16794,6288,52574
2024-02-18T13:00,42.87,8921,18567,5521,50938
2024-02-18T14:00,54.29,5038,21547,4456,49982
2024-02-18T15:00,62.87,1711,22616,3144,50462
2024-02-18T16:00,72.00,131,23476,2433,53460
2024-02-18T17:00,73.66,5,24176,2880,56137
2024-02-18T18:00,70.59,5,24422,3461,54799
2024-02-18T19:00,64.71,5,24510,4878,52666
2024-02-18T20:00,59.83,3,25007,6082,50928
2024-02-18T21:00,57.33,3,25764,6611,50174
2024-02-18T22:00,53.94,3,27175,6538,47537
2024-02-18T23:00,44.00,4,30006,6496,44747
2024-02-19T00:00,43.04,4,30969,5882,42983
2024-02-19T01:00,44.21,4,30460,5205,42536
2024-02-19T02:00,43.91,4,30825,4910,42898
2024-02-19T03:00,44.92,4,29568,4382,44668
2024-02-19T04:00,51.57,4,28043,3648,48507
2024-02-19T05:00,68.60,4,28228,3332,57542
2024-02-19T06:00,79.09,114,28536,2922,63477
2024-02-19T07:00,83.84,1673,27663,2562,66466
2024-02-19T08:00,75.03,4615,26468,3249,66976
2024-02-19T09:00,70.83,7594,24646,3825,67830
2024-02-19T10:00,69.13,9408,23873,4082,69131
2024-02-19T11:00,62.47,9694,24447,3720,68490
2024-02-19T12:00,60.99,8764,23083,4146,67336
2024-02-19T13:00,65.96,7332,21820,3823,65724
2024-02-19T14:00,69.28,4485,20975,3758,64972
2024-02-19T15:00,71.51,1728,19978,3618,63903
2024-02-19T16:00,76.25,156,18606,4088,65110
2024-02-19T17:00,97.65,10,17582,5119,66887
2024-02-19T18:00,79.98,5,17860,5506,65917
2024-02-19T19:00,71.86,4,18782,6025,62435
2024-02-19T20:00,67.47,3,19074,6366,58550
2024-02-19T21:00,66.27,3,19861,6212,56101
2024-02-19T22:00,59.07,3,19959,5448,51665
2024-02-19T23:00,58.06,3,19051,4613,48517
2024-02-20T00:00,54.32,3,19394,4165,47086
2024-02-20T01:00,53.96,3,19667,4135,46942
2024-02-20T02:00,53.48,3,19778,3706,47059
2024-02-20T03:00,52.99,3,18687,3564,47968
2024-02-20T04:00,54.79,3,18162,3683,51282
2024-02-20T05:00,70.53,3,18172,3219,59818
2024-02-20T06:00,88.40,244,16939,2625,64624
2024-02-20T07:00,90.89,2942,15434,2711,66482
2024-02-20T08:00,78.55,7377,14508,2791,66642
2024-02-20T09:00,69.84,11529,14828,3061,67378
2024-02-20T10:00,60.88,14525,16052,3871,68096
2024-02-20T11:00,53.52,15220,18053,4819,67153
2024-02-20T12:00,51.42,14036,19560,5014,65852
2024-02-20T13:00,51.79,11652,19711,5494,64356
2024-02-20T14:00,56.16,7545,18150,5725,63178
2024-02-20T15:00,63.08,3058,16306,6140,63449
2024-02-20T16:00,70.54,324,15929,6467,65957
2024-02-20T17:00,71.25,8,18320,6407,68154
2024-02-20T18:00,73.47,6,21100,6131,67126
2024-02-20T19:00,68.48,5,23624,6088,63730
2024-02-20T20:00,61.33,5,25309,5689,60140
2024-02-20T21:00,56.86,3,25469,5114,56690
2024-02-20T22:00,52.77,3,25986,4532,52842
2024-02-20T23:00,50.65,3,26193,5150,50118
2024-02-21T00:00,48.47,3,26148,5444,49212
2024-02-21T01:00,46.84,3,25478,4859,48771
2024-02-21T02:00,44.77,3,25541,4543,49300
2024-02-21T03:00,45.39,3,24962,4276,50632
2024-02-21T04:00,50.03,3,23912,3544,54196
2024-02-21T05:00,66.00,3,24010,3039,61616
2024-02-21T06:00,81.34,338,23267,2611,65607
2024-02-21T07:00,85.11,3841,21128,2885,67067
2024-02-21T08:00,70.34,9526,19590,3234,67491
2024-02-21T09:00,64.10,14495,19548,3949,68226
2024-02-21T10:00,60.39,17669,19360,4159,68754
2024-02-21T11:00,53.01,18928,19142,4967,67354
2024-02-21T12:00,51.22,17126,18310,5082,66358
2024-02-21T13:00,53.77,13422,17634,5458,64537
2024-02-21T14:00,65.60,7810,16849,5790,64017
2024-02-21T15:00,69.92,2806,16573,5208,63853
2024-02-21T16:00,69.63,285,18208,5601,65590
2024-02-21T17:00,68.58,8,23200,5690,67760
2024-02-21T18:00,61.39,4,27375,5107,66816
2024-02-21T19:00,52.11,3,30716,4599,62646
2024-02-21T20:00,45.98,3,33020,4635,59457
2024-02-21T21:00,41.71,4,33360,5244,56336
2024-02-21T22:00,35.22,4,33500,5689,52790
2024-02-21T23:00,30.47,4,33263,5789,50248
2024-02-22T00:00,27.01,4,32981,5331,48254
2024-02-22T01:00,27.07,3,31942,4648,47459
2024-02-22T02:00,27.95,3,30048,3381,47701
2024-02-22T03:00,37.00,3,27804,2141,48746
2024-02-22T04:00,48.05,3,25176,1546,51824
2024-02-22T05:00,66.09,5,23000,1380,59100
2024-02-22T06:00,76.53,72,21551,1778,64316
2024-02-22T07:00,81.91,883,20591,2862,66706
2024-02-22T08:00,74.09,2672,19876,3625,67966
2024-02-22T09:00,71.95,5024,19085,3904,68288
2024-02-22T10:00,68.53,7687,18743,4440,68202
2024-02-22T11:00,68.77,8690,19258,4786,67268
2024-02-22T12:00,68.98,7997,19910,4812,66583
2024-02-22T13:00,64.65,5959,21271,4574,65056
2024-02-22T14:00,64.75,3247,23376,5098,64481
2024-02-22T15:00,63.25,1258,26458,5685,64032
2024-02-22T16:00,61.76,129,30988,5842,66208
2024-02-22T17:00,59.91,6,34846,5727,68961
2024-02-22T18:00,52.42,4,38356,5435,67968
2024-02-22T19:00,42.45,3,41179,5200,63938
2024-02-22T20:00,24.48,3,42911,5360,60578
2024-02-22T21:00,12.06,4,42988,5216,57812
2024-02-22T22:00,1.91,3,43392,5154,54811
2024-02-22T23:00,9.23,4,42879,4368,52108
2024-02-23T00:00,1.07,4,42320,3527,50312
2024-02-23T01:00,1.19,4,42505,3648,50075
2024-02-23T02:00,0.09,4,41443,4680,50106
2024-02-23T03:00,0.02,4,39831,4642,51208
2024-02-23T04:00,0.09,3,38592,4824,54069
2024-02-23T05:00,39.68,5,37499,4157,60040
2024-02-23T06:00,57.06,398,34303,4237,65024
2024-02-23T07:00,59.35,3426,30152,3767,66734
2024-02-23T08:00,51.69,8148,30119,3151,67224
2024-02-23T09:00,46.64,11393,30674,3241,67687
2024-02-23T10:00,41.65,13335,30324,3507,68496
2024-02-23T11:00,37.10,13380,29200,3369,67460
2024-02-23T12:00,33.60,12349,27832,3196,65436
2024-02-23T13:00,39.08,10510,26234,3313,64054
2024-02-23T14:00,49.51,7367,25540,3700,63124
2024-02-23T15:00,63.08,3548,22564,4028,62444
2024-02-23T16:00,73.80,541,20368,4156,63354
2024-02-23T17:00,86.44,9,20345,4261,65994
2024-02-23T18:00,84.01,10,20264,3536,64791
2024-02-23T19:00,72.97,5,18663,4035,61538
2024-02-23T20:00,69.26,6,17727,3898,57794
2024-02-23T21:00,67.98,4,16238,4426,54880
2024-02-23T22:00,65.10,4,14643,3497,51234
2024-02-23T23:00,66.47,3,13310,2976,48174
2024-02-24T00:00,63.90,3,12928,2741,46250
2024-02-24T01:00,59.50,4,12659,2292,44578
2024-02-24T02:00,55.20,4,12053,2308,43884
2024-02-24T03:00,55.39,4,11607,2600,43817
2024-02-24T04:00,57.10,4,11722,2669,44354
2024-02-24T05:00,61.67,6,12240,2198,45516
2024-02-24T06:00,66.11,1018,12732,2268,48097
2024-02-24T07:00,64.40,5850,12915,2322,51597
2024-02-24T08:00,57.60,12514,11786,2319,54062
2024-02-24T09:00,49.16,18668,11219,2335,55078
2024-02-24T10:00,45.84,22678,13035,2334,55994
2024-02-24T11:00,40.32,23515,14617,2251,55713
2024-02-24T12:00,32.22,21410,16095,2077,53891
2024-02-24T13:00,37.60,17447,17459,1724,52536
2024-02-24T14:00,45.00,12000,17676,1572,51327
2024-02-24T15:00,55.95,5423,16416,2163,51818
2024-02-24T16:00,71.67,727,15920,2668,54823
2024-02-24T17:00,80.00,10,16268,3384,58150
2024-02-24T18:00,74.13,7,16702,3605,57667
2024-02-24T19:00,65.17,6,16991,4175,54119
2024-02-24T20:00,59.94,5,18110,4381,51734
2024-02-24T21:00,56.22,4,18170,4430,50386
2024-02-24T22:00,52.20,4,18718,4343,47020
2024-02-24T23:00,56.57,4,19846,4084,44502
2024-02-25T00:00,55.44,4,20447,3820,43135
2024-02-25T01:00,55.38,3,19693,3314,42352
2024-02-25T02:00,54.89,4,18792,2864,41792
2024-02-25T03:00,55.19,3,18396,2018,41737
2024-02-25T04:00,55.07,4,18423,1721,41449
2024-02-25T05:00,56.71,7,18505,1829,41984
2024-02-25T06:00,59.92,970,18139,1483,43697
2024-02-25T07:00,61.58,5966,17059,1083,46942
2024-02-25T08:00,61.82,12908,14560,772,49870
2024-02-25T09:00,56.31,19472,12575,596,52432
2024-02-25T10:00,54.12,23675,12116,456,54361
2024-02-25T11:00,50.00,25156,11839,381,54396
2024-02-25T12:00,46.03,23778,10820,456,52188
2024-02-25T13:00,49.84,19990,9228,610,50170
2024-02-25T14:00,55.00,14612,7164,712,48534
2024-02-25T15:00,67.80,7110,5432,751,48570
2024-02-25T16:00,82.19,935,5032,698,51470
2024-02-25T17:00,93.69,14,5844,627,55212
2024-02-25T18:00,79.18,8,7264,466,54646
2024-02-25T19:00,69.99,4,7978,206,52196
2024-02-25T20:00,65.92,6,7981,270,50568
2024-02-25T21:00,65.23,5,7733,520,49790
2024-02-25T22:00,58.38,3,7805,625,46863
2024-02-25T23:00,57.83,4,8406,527,44419
2024-02-26T00:00,56.82,4,8995,754,43081
2024-02-26T01:00,55.70,4,9613,874,42586
2024-02-26T02:00,51.80,3,10295,1024,43199
2024-02-26T03:00,53.30,3,10618,1842,45248
2024-02-26T04:00,57.92,3,10741,1926,49250
2024-02-26T05:00,70.02,6,11564,1854,57449
2024-02-26T06:00,79.90,845,12117,1774,63053
2024-02-26T07:00,81.60,4744,11486,2638,65719
2024-02-26T08:00,73.83,9650,9815,3040,66408
2024-02-26T09:00,66.65,13578,7948,3737,66900
2024-02-26T10:00,65.03,15976,6543,4070,66828
2024-02-26T11:00,58.42,16325,6141,3906,65965
2024-02-26T12:00,58.19,15017,6556,3766,65225
2024-02-26T13:00,61.29,12444,7674,3366,63951
2024-02-26T14:00,64.95,8236,9050,3327,62689
2024-02-26T15:00,69.99,3559,10407,3624,62463
2024-02-26T16:00,77.00,528,12632,3825,64444
2024-02-26T17:00,85.32,9,15054,3722,66934
2024-02-26T18:00,81.01,5,16178,3564,66028
2024-02-26T19:00,72.21,6,16360,3287,62419
2024-02-26T20:00,65.69,4,15522,2860,58996
2024-02-26T21:00,65.21,4,14116,2170,55318
2024-02-26T22:00,60.76,4,13719,1588,50810
2024-02-26T23:00,57.62,4,13299,1342,48274
2024-02-27T00:00,57.55,4,12431,1307,47334
2024-02-27T01:00,57.35,4,11460,1122,46556
2024-02-27T02:00,56.87,4,10716,852,46736
2024-02-27T03:00,57.35,4,10401,603,48296
2024-02-27T04:00,63.10,4,9654,474,52185
2024-02-27T05:00,74.31,7,8576,374,59696
2024-02-27T06:00,95.63,394,7807,265,64180
2024-02-27T07:00,95.78,2758,6761,272,66498
2024-02-27T08:00,80.81,6348,5412,278,67210
2024-02-27T09:00,68.71,9184,4382,278,68080
2024-02-27T10:00,64.93,11000,3668,214,68012
2024-02-27T11:00,59.26,12544,3402,228,66743
2024-02-27T12:00,59.25,12748,3332,214,65402
2024-02-27T13:00,64.71,11470,3356,225,63532
2024-02-27T14:00,72.06,8400,3613,282,62357
2024-02-27T15:00,79.82,4055,3247,400,62084
2024-02-27T16:00,98.02,739,2819,435,64189
2024-02-27T17:00,111.80,12,2978,466,66703
2024-02-27T18:00,105.17,12,3095,619,65779
2024-02-27T19:00,84.36,4,3134,944,62424
2024-02-27T20:00,72.37,4,2942,1458,58993
2024-02-27T21:00,70.27,3,2814,2038,55618
2024-02-27T22:00,64.97,4,2611,2614,52166
2024-02-27T23:00,60.36,3,2562,3097,49205
2024-02-28T00:00,59.40,3,2327,3382,47787
2024-02-28T01:00,61.34,3,2104,3296,47397
2024-02-28T02:00,63.46,4,2121,3076,47834
2024-02-28T03:00,63.74,3,2218,2724,48750
2024-02-28T04:00,67.44,3,2312,2462,52120
2024-02-28T05:00,74.30,5,2406,1951,59514
2024-02-28T06:00,98.89,340,2634,1525,64387
2024-02-28T07:00,104.49,2370,2724,1414,66970
2024-02-28T08:00,85.46,5697,2547,1435,67324
2024-02-28T09:00,73.99,9809,2330,1640,67553
2024-02-28T10:00,67.55,13871,2276,1934,67626
2024-02-28T11:00,63.93,17180,2061,2086,66135
2024-02-28T12:00,60.72,18229,2033,2444,64780
2024-02-28T13:00,61.51,16063,2014,2403,63268
2024-02-28T14:00,70.43,11182,2051,2449,62944
2024-02-28T15:00,74.96,5217,1848,2422,62793
2024-02-28T16:00,93.04,857,2103,2672,64270
2024-02-28T17:00,93.24,16,3155,3606,67388
2024-02-28T18:00,78.29,4,4616,4617,66754
2024-02-28T19:00,65.44,4,6374,4899,63077
2024-02-28T20:00,62.59,4,8273,4852,59502
2024-02-28T21:00,64.02,4,9876,4487,56308
2024-02-28T22:00,55.12,4,11466,4446,52643
2024-02-28T23:00,55.11,3,12891,5265,50069
2024-02-29T00:00,53.33,3,14501,5542,49088
2024-02-29T01:00,50.06,3,15861,5758,48941
2024-02-29T02:00,47.03,3,17023,5658,49910
2024-02-29T03:00,47.15,3,18064,5771,51601
2024-02-29T04:00,53.32,3,19332,5657,54899
2024-02-29T05:00,62.03,7,20768,6024,62203
2024-02-29T06:00,73.74,1339,21276,5811,66937
2024-02-29T07:00,73.89,6502,19924,5239,68545
2024-02-29T08:00,70.39,13456,17050,5108,68122
2024-02-29T09:00,60.47,19772,14774,5094,67827
2024-02-29T10:00,55.01,23623,13506,4938,67432
2024-02-29T11:00,53.98,24760,12549,5082,65391
2024-02-29T12:00,56.02,23868,12116,5837,64322
2024-02-29T13:00,55.07,20567,11666,6333,62966
2024-02-29T14:00,64.96,14450,11202,6230,62241
2024-02-29T15:00,70.98,6798,11137,6027,62055
2024-02-29T16:00,81.28,1154,12201,5952,64003
2024-02-29T17:00,86.26,16,15313,5862,66888
2024-02-29T18:00,80.99,7,17561,5910,66731
2024-02-29T19:00,72.77,4,18294,5789,63521
2024-02-29T20:00,67.25,3,17696,6043,60219
2024-02-29T21:00,64.90,4,16775,6160,56956
2024-02-29T22:00,60.90,3,16550,5786,52515
2024-02-29T23:00,62.04,3,15712,5286,49612
2024-03-01T00:00,61.42,3,15029,5181,48076
2024-03-01T01:00,58.14,3,14792,5542,47663
2024-03-01T02:00,57.83,3,14724,5914,48234
2024-03-01T03:00,58.30,3,14873,5981,49060
2024-03-01T04:00,62.49,3,14738,6156,51766
2024-03-01T05:00,71.58,8,15036,6163,59014
2024-03-01T06:00,79.36,841,14612,6305,64303
2024-03-01T07:00,83.79,4053,13508,6059,66624
2024-03-01T08:00,75.88,8210,11290,5478,66888
2024-03-01T09:00,66.52,11716,9307,3902,66676
2024-03-01T10:00,64.76,13514,7944,2738,66212
2024-03-01T11:00,63.08,14284,7552,2057,65398
2024-03-01T12:00,64.63,13910,7258,1678,63623
2024-03-01T13:00,67.11,11889,7264,1578,61038
2024-03-01T14:00,72.57,8567,7791,2581,60922
2024-03-01T15:00,78.94,4523,7698,3863,60816
2024-03-01T16:00,89.40,978,7664,4768,61881
2024-03-01T17:00,93.73,19,9437,4958,63237
2024-03-01T18:00,87.19,4,11856,4902,62457
2024-03-01T19:00,77.49,3,13272,4552,58874
2024-03-01T20:00,71.62,4,13676,4481,55645
2024-03-01T21:00,70.06,4,12776,5083,52550
2024-03-01T22:00,66.39,3,12124,5325,48786
2024-03-01T23:00,59.95,5,12366,5322,45912
2024-03-02T00:00,56.03,5,12872,5140,44709
2024-03-02T01:00,56.02,3,13355,5222,44066
2024-03-02T02:00,55.48,5,13588,5655,43956
2024-03-02T03:00,54.88,3,13408,5900,44672
2024-03-02T04:00,55.99,4,13130,5988,45233
2024-03-02T05:00,56.58,8,13033,5834,46632
2024-03-02T06:00,60.67,966,12454,5350,48528
2024-03-02T07:00,63.76,5270,10572,4407,51279
2024-03-02T08:00,65.75,11832,8158,3389,53726
2024-03-02T09:00,60.44,18203,6150,2799,54104
2024-03-02T10:00,59.18,23424,5134,2343,54188
2024-03-02T11:00,55.83,27254,4652,1768,53422
2024-03-02T12:00,54.90,27724,4907,1263,51250
2024-03-02T13:00,59.86,24070,6131,1149,49450
2024-03-02T14:00,66.08,16682,7320,1262,48508
2024-03-02T15:00,73.00,7888,8416,1707,49107
2024-03-02T16:00,80.63,1360,10210,2286,51798
2024-03-02T17:00,93.60,23,14737,3280,55340
2024-03-02T18:00,89.90,12,18522,4828,55133
2024-03-02T19:00,76.98,7,19981,5906,52213
2024-03-02T20:00,69.81,5,19792,6333,49126
2024-03-02T21:00,60.94,4,18182,6490,47814
2024-03-02T22:00,54.99,3,17244,6464,44833
2024-03-02T23:00,54.50,4,16814,6029,42154
2024-03-03T00:00,53.63,3,16476,6027,40848
2024-03-03T01:00,53.80,4,15582,5391,39877
2024-03-03T02:00,55.59,4,14886,4933,39064
2024-03-03T03:00,55.31,4,14434,4904,39320
2024-03-03T04:00,55.82,4,13526,5117,40053
2024-03-03T05:00,56.00,16,12907,5202,40634
2024-03-03T06:00,56.88,1865,12258,5288,42959
2024-03-03T07:00,54.77,8296,10554,5124,46573
2024-03-03T08:00,53.99,16349,7627,4002,49289
2024-03-03T09:00,52.01,23221,5624,3401,50685
2024-03-03T10:00,49.46,27215,5281,2619,50998
2024-03-03T11:00,47.51,28486,6165,2330,50148
2024-03-03T12:00,42.51,27548,6828,2272,47191
2024-03-03T13:00,46.84,23924,6970,2592,46040
2024-03-03T14:00,54.13,17475,7592,3538,45306
2024-03-03T15:00,60.28,9105,7989,4013,46072
2024-03-03T16:00,75.58,1818,8936,4644,49768
2024-03-03T17:00,84.36,16,11254,5116,54484
2024-03-03T18:00,86.96,11,12785,4585,54417
2024-03-03T19:00,81.80,5,12640,4324,52004
2024-03-03T20:00,75.00,3,11437,4259,49893
2024-03-03T21:00,72.18,3,10343,3805,48936
2024-03-03T22:00,72.42,4,9321,2964,46011
2024-03-03T23:00,69.13,5,8236,2140,43558
2024-03-04T00:00,67.90,5,7449,1525,42725
2024-03-04T01:00,67.41,5,7286,1179,42256
2024-03-04T02:00,66.22,4,7163,1140,42728
2024-03-04T03:00,65.59,3,7169,1144,44651
2024-03-04T04:00,70.83,3,6674,1296,48697
2024-03-04T05:00,81.18,16,6318,1526,57024
2024-03-04T06:00,96.67,1166,5567,1541,62656
2024-03-04T07:00,102.97,5108,4507,1477,65985
2024-03-04T08:00,85.02,9112,3179,1486,66857
2024-03-04T09:00,71.93,12052,2798,1445,67702
2024-03-04T10:00,64.89,13705,2991,1512,68098
2024-03-04T11:00,63.93,14313,3403,1730,68014
2024-03-04T12:00,61.10,13720,3774,1532,67056
2024-03-04T13:00,62.50,11610,3958,1440,65468
2024-03-04T14:00,69.86,7974,4566,1878,64301
2024-03-04T15:00,75.95,3724,5665,2196,63889
2024-03-04T16:00,90.59,637,6439,2350,65354
2024-03-04T17:00,105.18,16,7133,2405,67400
2024-03-04T18:00,99.13,10,7527,2568,66382
2024-03-04T19:00,80.52,5,7480,3335,62891
2024-03-04T20:00,71.39,4,7662,4094,59737
2024-03-04T21:00,67.49,4,7676,4612,56087
2024-03-04T22:00,63.93,4,7548,4633,51904
2024-03-04T23:00,61.96,3,7174,4576,49381
2024-03-05T00:00,61.67,3,6667,5010,47896
2024-03-05T01:00,61.33,3,6538,5161,47174
2024-03-05T02:00,59.86,3,6959,4976,47608
2024-03-05T03:00,60.56,3,7561,4486,49149
2024-03-05T04:00,61.67,3,8033,4312,52534
2024-03-05T05:00,71.53,13,8604,4568,59901
2024-03-05T06:00,79.28,732,9279,4332,64612
2024-03-05T07:00,83.02,3182,9499,4707,67802
2024-03-05T08:00,77.00,6437,9862,4854,69244
2024-03-05T09:00,71.15,9319,10115,4560,69992
2024-03-05T10:00,69.72,10703,9828,4586,70041
2024-03-05T11:00,66.01,10574,9248,4238,68743
2024-03-05T12:00,65.83,9573,8856,4273,67839
2024-03-05T13:00,69.61,7788,8512,4660,66464
2024-03-05T14:00,70.67,5302,8413,5362,65715
2024-03-05T15:00,76.28,2862,8470,5904,65453
2024-03-05T16:00,82.07,683,8338,6010,66340
2024-03-05T17:00,104.38,20,8536,6438,68052
2024-03-05T18:00,112.99,12,8028,6302,67350
2024-03-05T19:00,93.12,6,7380,6122,63856
2024-03-05T20:00,82.81,3,6852,5800,59990
2024-03-05T21:00,76.08,3,6384,5511,56526
2024-03-05T22:00,71.83,3,5828,5654,52879
2024-03-05T23:00,71.00,3,4905,5048,50191
2024-03-06T00:00,70.70,3,4138,4264,48467
2024-03-06T01:00,70.46,3,3710,3699,47691
2024-03-06T02:00,69.74,3,3522,3325,48149
2024-03-06T03:00,70.46,3,3346,3157,49424
2024-03-06T04:00,73.91,3,3265,3320,52329
2024-03-06T05:00,83.98,23,3130,3160,58968
2024-03-06T06:00,106.64,1257,3103,2908,63427
2024-03-06T07:00,108.70,5208,2594,2558,65722
2024-03-06T08:00,87.21,10425,1878,2565,66069
2024-03-06T09:00,75.92,15113,1612,2444,66336
2024-03-06T10:00,72.02,17706,1506,2280,65903
2024-03-06T11:00,69.35,18004,1342,2222,65572
2024-03-06T12:00,69.29,16652,1511,2066,65083
2024-03-06T13:00,70.64,14166,1815,1597,63822
2024-03-06T14:00,72.26,9803,2231,1561,63150
2024-03-06T15:00,81.06,4788,2810,1730,62910
2024-03-06T16:00,100.00,1067,3490,1973,64623
2024-03-06T17:00,119.58,26,4600,2354,66666
2024-03-06T18:00,119.25,13,5796,2506,66509
2024-03-06T19:00,93.40,5,6539,2659,62856
2024-03-06T20:00,80.15,3,7281,2639,59414
2024-03-06T21:00,77.98,3,7721,2702,56370
2024-03-06T22:00,74.34,3,7829,2625,52226
2024-03-06T23:00,73.33,3,7645,2537,49057
2024-03-07T00:00,72.32,3,7135,1940,47611
2024-03-07T01:00,70.34,3,6815,1666,46871
2024-03-07T02:00,68.71,3,6600,1583,47540
2024-03-07T03:00,69.89,3,7019,1530,48972
2024-03-07T04:00,73.13,3,7609,1805,52201
2024-03-07T05:00,84.27,29,8189,2126,58838
2024-03-07T06:00,103.20,1560,8640,2336,63106
2024-03-07T07:00,96.70,6229,8185,2446,66264
2024-03-07T08:00,79.09,12213,7568,2520,66961
2024-03-07T09:00,71.31,17026,8338,2517,67412
2024-03-07T10:00,66.16,19432,9823,2400,66660
2024-03-07T11:00,61.69,20198,9958,2229,65907
2024-03-07T12:00,60.26,18857,9366,2000,64857
2024-03-07T13:00,63.33,16013,9579,1907,63380
2024-03-07T14:00,66.04,11842,10192,1922,62908
2024-03-07T15:00,69.92,6228,10542,2143,62337
2024-03-07T16:00,89.20,1426,10949,2492,63254
2024-03-07T17:00,105.71,35,12952,3162,65281
2024-03-07T18:00,90.30,8,15623,3888,65759
2024-03-07T19:00,82.49,6,17415,4520,62466
2024-03-07T20:00,73.35,4,17991,4294,58760
2024-03-07T21:00,73.32,4,17717,4011,55419
2024-03-07T22:00,67.72,3,17051,3800,51856
2024-03-07T23:00,68.45,4,16679,3726,49246
2024-03-08T00:00,66.96,4,16648,3716,47352
2024-03-08T01:00,67.01,3,16401,3788,46512
2024-03-08T02:00,65.99,3,16309,3522,47332
2024-03-08T03:00,66.30,4,16501,3399,48620
2024-03-08T04:00,67.11,3,17128,3604,51660
2024-03-08T05:00,82.91,60,17874,3854,58334
2024-03-08T06:00,95.06,3028,17221,4070,62314
2024-03-08T07:00,88.89,11090,14585,3984,64721
2024-03-08T08:00,74.36,20907,12224,4204,64687
2024-03-08T09:00,57.59,29870,12684,4486,65014
2024-03-08T10:00,52.05,35506,14963,4658,64688
2024-03-08T11:00,21.77,37855,16555,4710,62523
2024-03-08T12:00,4.26,36843,17234,4622,60282
2024-03-08T13:00,24.20,32208,18658,4637,58706
2024-03-08T14:00,40.25,24128,21752,5280,57806
2024-03-08T15:00,55.74,12888,23513,5611,58199
2024-03-08T16:00,71.98,2875,24332,5923,60614
2024-03-08T17:00,83.76,48,27104,6150,63758
2024-03-08T18:00,79.98,14,29743,6216,64262
2024-03-08T19:00,71.46,5,30495,6477,60428
2024-03-08T20:00,64.90,3,29853,6461,56805
2024-03-08T21:00,65.03,4,27587,6646,54144
2024-03-08T22:00,59.89,4,26100,6529,51260
2024-03-08T23:00,56.56,3,24496,6749,48450
2024-03-09T00:00,54.91,3,22652,6721,46026
2024-03-09T01:00,53.72,3,21280,6716,44723
2024-03-09T02:00,52.56,4,20646,6709,44486
2024-03-09T03:00,48.60,3,20488,6920,45167
2024-03-09T04:00,47.79,3,20524,7121,46044
2024-03-09T05:00,50.47,76,20839,7140,47326
2024-03-09T06:00,53.06,3693,20028,7034,49496
2024-03-09T07:00,53.06,13104,17314,6953,52846
2024-03-09T08:00,48.12,22791,14333,7017,55466
2024-03-09T09:00,32.94,30388,13700,6956,55978
2024-03-09T10:00,0.20,34640,14270,6349,55870
2024-03-09T11:00,-1.15,35072,14472,5806,54544
2024-03-09T12:00,-5.02,32299,14939,5886,52573
2024-03-09T13:00,-0.04,26791,17242,6092,51849
2024-03-09T14:00,28.19,18809,19421,6344,51972
2024-03-09T15:00,52.64,8769,19218,6332,51687
2024-03-09T16:00,69.49,1773,18020,6644,53838
2024-03-09T17:00,78.02,32,19711,6510,56498
2024-03-09T18:00,74.99,9,22526,6620,56642
2024-03-09T19:00,67.26,4,23806,6802,53451
2024-03-09T20:00,60.47,4,24388,6830,50835
2024-03-09T21:00,60.53,3,23790,6892,49122
2024-03-09T22:00,57.29,3,23756,6694,46226
2024-03-09T23:00,48.65,3,23511,6410,43216
2024-03-10T00:00,46.06,4,23344,6910,41705
2024-03-10T01:00,40.98,4,23123,7140,40987
2024-03-10T02:00,35.55,4,23126,7156,40520
2024-03-10T03:00,32.39,4,23647,7312,41108
2024-03-10T04:00,32.28,4,24766,7368,41678
2024-03-10T05:00,33.91,74,25938,7318,42381
2024-03-10T06:00,39.49,2732,25788,7250,44592
2024-03-10T07:00,34.82,8566,23487,7331,47794
2024-03-10T08:00,25.25,14370,20608,7114,50880
2024-03-10T09:00,2.35,19016,19498,6942,53166
2024-03-10T10:00,-0.10,21108,19409,6758,54468
2024-03-10T11:00,-8.24,21155,20446,6506,54561
2024-03-10T12:00,-9.98,18560,22151,6381,53033
2024-03-10T13:00,-0.51,14478,23280,6064,50586
2024-03-10T14:00,14.41,9610,23942,5869,50624
2024-03-10T15:00,47.96,4395,23813,5590,50687
2024-03-10T16:00,55.97,972,24416,5706,53143
2024-03-10T17:00,66.35,20,25438,5562,56310
2024-03-10T18:00,62.32,6,25206,5122,56146
2024-03-10T19:00,57.14,6,24681,5046,53511
2024-03-10T20:00,53.74,3,24052,5317,51757
2024-03-10T21:00,53.08,4,22659,5400,50587
2024-03-10T22:00,52.05,3,22009,4981,47704
2024-03-10T23:00,48.93,4,21091,5548,45664
2024-03-11T00:00,49.33,3,20029,5779,44058
2024-03-11T01:00,50.21,3,18990,5931,43224
2024-03-11T02:00,49.28,3,18296,5897,43861
2024-03-11T03:00,49.99,3,18159,5384,45823
2024-03-11T04:00,56.30,3,17854,5846,49738
2024-03-11T05:00,76.64,66,17633,5642,58049
2024-03-11T06:00,82.60,2516,16988,5659,63390
2024-03-11T07:00,85.59,8186,15948,5932,66436
2024-03-11T08:00,80.45,14564,14911,6313,67118
2024-03-11T09:00,71.20,19780,14192,6496,67331
2024-03-11T10:00,65.03,22254,13741,6491,66900
2024-03-11T11:00,60.79,22287,13993,6270,66729
2024-03-11T12:00,66.25,20267,13249,6214,65926
2024-03-11T13:00,67.00,17375,12578,6139,64358
2024-03-11T14:00,73.47,13186,11330,5848,63418
2024-03-11T15:00,80.19,7604,9808,5574,63245
2024-03-11T16:00,91.39,2248,8482,4977,64644
2024-03-11T17:00,100.70,58,8043,4673,65934
2024-03-11T18:00,108.01,11,7801,3970,65246
2024-03-11T19:00,87.99,6,7589,3378,61381
2024-03-11T20:00,76.71,3,7230,2954,57676
2024-03-11T21:00,75.04,4,6984,2604,54528
2024-03-11T22:00,67.08,4,6908,2186,50717
2024-03-11T23:00,69.19,3,6792,1683,48372
2024-03-12T00:00,65.56,4,6609,1179,46463
2024-03-12T01:00,66.51,3,6515,874,45676
2024-03-12T02:00,65.20,3,6508,688,46120
2024-03-12T03:00,66.58,3,6277,639,47672
2024-03-12T04:00,71.37,3,6075,675,51002
2024-03-12T05:00,87.06,82,5960,582,57544
2024-03-12T06:00,96.55,1833,5793,490,62511
2024-03-12T07:00,100.78,5819,5047,309,65704
2024-03-12T08:00,93.81,9684,4293,292,66134
2024-03-12T09:00,85.42,12311,4122,279,66795
2024-03-12T10:00,80.68,13224,4248,281,67586
2024-03-12T11:00,78.44,12355,4464,298,66950
2024-03-12T12:00,78.26,10565,4864,388,65803
2024-03-12T13:00,79.02,8703,5163,758,64252
2024-03-12T14:00,86.34,6068,5136,901,63295
2024-03-12T15:00,101.61,3206,4748,870,62551
2024-03-12T16:00,113.06,816,4623,632,63918
2024-03-12T17:00,134.92,24,4748,612,65468
2024-03-12T18:00,124.57,10,5254,644,64698
2024-03-12T19:00,97.48,5,5556,963,61085
2024-03-12T20:00,83.63,4,5910,1416,57568
2024-03-12T21:00,78.93,3,6002,1780,54391
2024-03-12T22:00,70.33,3,5967,2077,50955
2024-03-12T23:00,63.93,3,5912,2233,48328
2024-03-13T00:00,62.30,3,5984,2210,46586
2024-03-13T01:00,61.79,3,6260,2146,45896
2024-03-13T02:00,61.37,3,6574,2478,46833
2024-03-13T03:00,64.00,4,6706,2548,48181
2024-03-13T04:00,66.80,3,7104,2655,51259
2024-03-13T05:00,77.32,116,7734,2440,58237
2024-03-13T06:00,88.27,2377,7619,2688,62886
2024-03-13T07:00,89.91,7379,6604,2804,65460
2024-03-13T08:00,77.71,12122,5144,2733,65819
2024-03-13T09:00,68.07,15686,5205,2868,66836
2024-03-13T10:00,64.85,16978,5807,3242,67206
2024-03-13T11:00,64.61,16389,6266,3870,66676
2024-03-13T12:00,64.83,14501,6532,4458,65673
2024-03-13T13:00,63.96,11926,6575,4898,64415
2024-03-13T14:00,67.84,8639,6883,5334,64026
2024-03-13T15:00,73.53,4359,7063,5462,63552
2024-03-13T16:00,89.91,1017,7319,5797,64914
2024-03-13T17:00,97.80,29,8040,6133,66779
2024-03-13T18:00,94.36,6,8984,6242,66066
2024-03-13T19:00,76.98,5,9684,6410,62734
2024-03-13T20:00,66.82,4,10617,6288,58875
2024-03-13T21:00,68.11,4,10716,5954,55322
2024-03-13T22:00,63.88,4,10971,5768,51432
2024-03-13T23:00,63.29,3,11262,5662,48602
2024-03-14T00:00,56.90,3,10722,5786,46668
2024-03-14T01:00,57.52,3,10710,5658,46082
2024-03-14T02:00,57.00,3,10568,5631,46510
2024-03-14T03:00,61.40,3,10232,5440,48010
2024-03-14T04:00,64.07,4,10157,5458,51546
2024-03-14T05:00,75.05,90,10435,5539,58951
2024-03-14T06:00,88.06,1854,10464,4954,63474
2024-03-14T07:00,81.99,6261,9493,4973,65690
2024-03-14T08:00,65.71,12595,8346,4495,65523
2024-03-14T09:00,54.32,19310,8196,4270,65071
2024-03-14T10:00,52.37,24174,8598,4378,65022
2024-03-14T11:00,52.83,26398,8937,4422,63304
2024-03-14T12:00,49.16,26372,9049,4750,61925
2024-03-14T13:00,52.84,23777,8976,4741,60624
2024-03-14T14:00,58.91,18135,8301,5236,60287
2024-03-14T15:00,73.21,10417,7148,5232,60292
2024-03-14T16:00,91.04,2970,6939,5394,62464
2024-03-14T17:00,114.77,99,9370,5690,65246
2024-03-14T18:00,91.04,8,13247,5679,65622
2024-03-14T19:00,74.09,4,16638,5993,62718
2024-03-14T20:00,62.63,4,18482,6248,58654
2024-03-14T21:00,59.62,4,19124,6235,54861
2024-03-14T22:00,51.66,3,19772,6448,51142
2024-03-14T23:00,48.39,3,19586,6884,48084
2024-03-15T00:00,46.58,3,19316,6862,46662
2024-03-15T01:00,45.57,4,19274,6407,45437
2024-03-15T02:00,43.95,3,19062,6557,46428
2024-03-15T03:00,46.96,4,19006,6729,47745
2024-03-15T04:00,49.35,4,19552,6788,51079
2024-03-15T05:00,62.26,215,20529,6829,57584
2024-03-15T06:00,69.53,3640,20262,6804,62562
2024-03-15T07:00,68.75,10156,18311,6778,65648
2024-03-15T08:00,53.80,16834,16189,6606,65129
2024-03-15T09:00,46.56,21480,17142,6236,65387
2024-03-15T10:00,39.27,23500,19640,5941,66127
2024-03-15T11:00,38.34,22786,21524,5823,65219
2024-03-15T12:00,36.87,19420,22809,5959,63530
2024-03-15T13:00,44.93,15896,22920,5861,61862
2024-03-15T14:00,51.55,11040,22160,6282,60347
2024-03-15T15:00,66.70,6118,20198,6388,60403
2024-03-15T16:00,86.92,1937,19274,6252,61772
2024-03-15T17:00,82.03,81,19875,6163,63023
2024-03-15T18:00,87.99,10,20619,5837,62875
2024-03-15T19:00,64.26,6,21780,5950,59596
2024-03-15T20:00,55.36,4,22214,6454,55742
2024-03-15T21:00,56.35,4,21758,6230,51996
2024-03-15T22:00,49.33,3,23068,5835,48465
2024-03-15T23:00,44.12,3,23520,5951,45529
2024-03-16T00:00,42.01,3,24294,5923,43940
2024-03-16T01:00,40.69,3,24403,5698,42915
2024-03-16T02:00,38.88,3,24584,6250,43164
2024-03-16T03:00,38.67,3,24275,6330,43912
2024-03-16T04:00,40.34,4,24090,6112,43847
2024-03-16T05:00,47.26,170,24676,5833,45418
2024-03-16T06:00,51.31,2482,24232,5204,47901
2024-03-16T07:00,52.24,6391,23182,4398,50840
2024-03-16T08:00,47.01,9669,24342,4147,53569
2024-03-16T09:00,44.88,12175,26119,3868,55986
2024-03-16T10:00,41.62,15117,27352,3907,58135
2024-03-16T11:00,36.70,17657,27795,3874,57966
2024-03-16T12:00,21.02,17931,27867,3758,56324
2024-03-16T13:00,10.99,15847,27434,3575,54782
2024-03-16T14:00,31.01,12464,26857,3410,53651
2024-03-16T15:00,46.98,7580,25046,3096,53057
2024-03-16T16:00,72.08,2452,21610,3012,54366
2024-03-16T17:00,81.69,92,18766,2929,56716
2024-03-16T18:00,87.31,4,18056,2794,56498
2024-03-16T19:00,79.46,4,17833,2368,53471
2024-03-16T20:00,72.99,4,16457,1972,50614
2024-03-16T21:00,72.31,4,14526,1721,48700
2024-03-16T22:00,67.10,4,12771,1542,45862
2024-03-16T23:00,64.99,5,11226,1600,43432
2024-03-17T00:00,60.49,4,9813,1380,41411
2024-03-17T01:00,55.97,4,8478,1274,40622
2024-03-17T02:00,58.75,4,7206,1241,40455
2024-03-17T03:00,60.45,4,6267,1248,40828
2024-03-17T04:00,60.49,4,5642,1192,40858
2024-03-17T05:00,62.60,334,5139,1098,40451
2024-03-17T06:00,56.60,4867,4452,1464,41976
2024-03-17T07:00,50.58,13725,3505,2186,45211
2024-03-17T08:00,47.15,22658,2640,2546,48186
2024-03-17T09:00,45.40,27484,2186,2837,49505
2024-03-17T10:00,45.91,29375,2117,3166,50319
2024-03-17T11:00,41.81,29482,1998,3560,49758
2024-03-17T12:00,40.15,26242,2054,3816,47339
2024-03-17T13:00,48.06,21988,2381,3957,45578
2024-03-17T14:00,56.12,16120,2849,4240,44853
2024-03-17T15:00,71.76,8657,3287,4424,45675
2024-03-17T16:00,85.44,2519,4038,4737,48732
2024-03-17T17:00,94.31,111,6066,5229,52243
2024-03-17T18:00,88.29,7,8261,5280,52658
2024-03-17T19:00,77.89,4,9916,4834,50538
2024-03-17T20:00,72.33,4,11388,5027,48986
2024-03-17T21:00,72.10,4,12107,5116,47894
2024-03-17T22:00,65.91,4,12652,5134,45196
2024-03-17T23:00,64.12,4,12763,5410,43414
2024-03-18T00:00,57.14,3,12902,5522,42314
2024-03-18T01:00,58.31,3,12544,5539,41898
2024-03-18T02:00,59.38,3,12092,5503,42398
2024-03-18T03:00,64.38,3,11367,5468,44217
2024-03-18T04:00,70.80,5,10516,5081,48252
2024-03-18T05:00,86.32,345,10037,4702,55745
2024-03-18T06:00,97.87,3754,9597,3908,60825
2024-03-18T07:00,94.45,9190,7699,3522,64218
2024-03-18T08:00,82.80,14516,6574,3126,65303
2024-03-18T09:00,72.84,19068,5932,2669,65820
2024-03-18T10:00,66.64,21462,5220,2299,65787
2024-03-18T11:00,67.70,21361,4816,2119,65492
2024-03-18T12:00,68.30,19426,4559,1924,63896
2024-03-18T13:00,68.94,16761,4356,1632,63000
2024-03-18T14:00,73.40,12636,4192,1600,61861
2024-03-18T15:00,78.98,7248,3979,1493,61112
2024-03-18T16:00,107.65,2427,4308,1470,62207
2024-03-18T17:00,145.71,154,5258,1271,64455
2024-03-18T18:00,126.53,10,6283,1306,64460
2024-03-18T19:00,103.72,4,6698,1282,60867
2024-03-18T20:00,81.20,3,6577,1352,57300
2024-03-18T21:00,78.38,3,6451,1394,53942
2024-03-18T22:00,74.45,3,6405,1290,50512
2024-03-18T23:00,72.00,3,6055,1304,47930
2024-03-19T00:00,71.24,3,5871,1523,46830
2024-03-19T01:00,71.65,3,5755,1772,46212
2024-03-19T02:00,71.55,3,5717,2325,46925
2024-03-19T03:00,71.24,3,6277,2383,48132
2024-03-19T04:00,71.01,4,6648,2470,51280
2024-03-19T05:00,89.50,417,6732,2561,58315
2024-03-19T06:00,110.78,4490,6208,3135,62953
2024-03-19T07:00,95.87,11235,5041,3631,65732
2024-03-19T08:00,72.02,18864,4370,4079,66910
2024-03-19T09:00,65.36,26369,4295,4122,66242
2024-03-19T10:00,58.82,31492,3480,4207,65188
2024-03-19T11:00,54.47,31880,2934,3893,62297
2024-03-19T12:00,56.72,29214,2800,3971,60921
2024-03-19T13:00,60.48,23747,2486,4253,60965
2024-03-19T14:00,70.05,17175,2314,4306,60412
2024-03-19T15:00,73.70,10076,2216,3998,60002
2024-03-19T16:00,103.95,3470,2336,3732,61448
2024-03-19T17:00,131.42,207,3199,3492,64156
2024-03-19T18:00,128.96,11,4372,3008,64161
2024-03-19T19:00,110.00,9,5335,2397,60762
2024-03-19T20:00,89.02,3,5718,1724,57068
2024-03-19T21:00,81.72,3,5418,1226,53500
2024-03-19T22:00,76.10,4,4855,880,49481
2024-03-19T23:00,76.01,4,4274,719,46842
2024-03-20T00:00,73.40,3,3710,609,45972
2024-03-20T01:00,74.90,4,3198,519,45498
2024-03-20T02:00,75.70,5,2634,463,45663
2024-03-20T03:00,76.36,5,2199,397,46842
2024-03-20T04:00,80.90,7,1945,310,50243
2024-03-20T05:00,116.00,567,1781,326,56909
2024-03-20T06:00,116.24,5687,1732,390,61438
2024-03-20T07:00,98.33,13998,1376,400,63791
2024-03-20T08:00,70.63,22318,700,274,63398
2024-03-20T09:00,66.00,28368,349,176,62974
2024-03-20T10:00,65.39,31289,266,116,62480
2024-03-20T11:00,61.43,31757,272,67,61578
2024-03-20T12:00,63.95,29620,379,159,60812
2024-03-20T13:00,64.35,24796,432,202,59818
2024-03-20T14:00,70.78,18024,376,203,58940
2024-03-20T15:00,87.07,10212,278,249,58668
2024-03-20T16:00,119.68,3364,276,473,60262
2024-03-20T17:00,168.54,219,438,704,63056
2024-03-20T18:00,159.05,12,830,1112,63100
2024-03-20T19:00,124.95,4,1358,1504,59663
2024-03-20T20:00,106.52,4,1994,2098,55902
2024-03-20T21:00,96.07,4,2712,2511,52622
2024-03-20T22:00,79.98,4,3580,2771,49118
2024-03-20T23:00,76.18,5,4325,2607,46540
2024-03-21T00:00,73.37,5,4963,3470,44775
2024-03-21T01:00,71.55,4,6628,4518,44045
2024-03-21T02:00,71.32,4,9005,4890,44446
2024-03-21T03:00,71.00,5,10560,4867,46017
2024-03-21T04:00,73.51,6,11897,4210,49874
2024-03-21T05:00,89.26,336,12325,3458,56608
2024-03-21T06:00,98.21,3027,13002,2480,60609
2024-03-21T07:00,102.29,7139,12702,1728,63212
2024-03-21T08:00,80.00,11528,12146,1358,64255
2024-03-21T09:00,72.41,15516,12054,765,64409
2024-03-21T10:00,68.03,18145,11869,686,64081
2024-03-21T11:00,64.64,20097,11413,978,63302
2024-03-21T12:00,59.96,20353,12004,1035,62394
2024-03-21T13:00,66.85,18570,11981,1165,61521
2024-03-21T14:00,66.28,14133,11779,1694,60286
2024-03-21T15:00,75.27,8054,10282,2984,59850
2024-03-21T16:00,100.90,2648,8876,4243,61900
2024-03-21T17:00,127.13,174,8134,4805,64266
2024-03-21T18:00,122.85,10,8132,4890,64170
2024-03-21T19:00,94.04,4,8241,5253,61087
2024-03-21T20:00,79.60,5,8453,5532,57231
2024-03-21T21:00,77.48,4,9528,5648,54002
2024-03-21T22:00,71.23,5,10416,5876,49977
2024-03-21T23:00,56.34,6,11578,5778,47120
2024-03-22T00:00,52.24,4,13323,5740,45855
2024-03-22T01:00,49.69,5,14882,5774,45696
2024-03-22T02:00,51.83,5,16175,5384,46086
2024-03-22T03:00,52.80,6,17018,5007,47330
2024-03-22T04:00,59.89,6,17628,4674,50577
2024-03-22T05:00,74.10,437,18976,4624,56588
2024-03-22T06:00,67.39,3855,19166,4329,61018
2024-03-22T07:00,68.09,9094,19488,4613,63720
2024-03-22T08:00,56.32,14115,18998,4306,63797
2024-03-22T09:00,51.81,18325,19704,4580,64898
2024-03-22T10:00,49.85,20380,19787,4615,65725
2024-03-22T11:00,49.76,20483,19782,4618,64649
2024-03-22T12:00,51.49,18384,19311,4640,63224
2024-03-22T13:00,52.39,15508,18438,4537,61473
2024-03-22T14:00,59.97,11378,17142,4080,60007
2024-03-22T15:00,76.87,6700,16082,4504,59956
2024-03-22T16:00,88.98,2495,14099,4816,61174
2024-03-22T17:00,121.59,227,12143,4583,62773
2024-03-22T18:00,118.71,15,11320,4147,62201
2024-03-22T19:00,95.00,5,10180,3940,58816
2024-03-22T20:00,82.25,4,8714,3652,55320
2024-03-22T21:00,80.15,4,7959,3474,52217
2024-03-22T22:00,77.47,6,7312,3519,48564
2024-03-22T23:00,77.77,10,7001,3645,45678
2024-03-23T00:00,72.47,8,7328,3691,43322
2024-03-23T01:00,65.92,6,8284,3626,41957
2024-03-23T02:00,63.98,6,9215,3339,41683
2024-03-23T03:00,59.84,5,10747,3804,41552
2024-03-23T04:00,61.44,6,12136,4283,41516
2024-03-23T05:00,58.34,374,13877,4554,42648
2024-03-23T06:00,52.82,3002,15003,4866,45609
2024-03-23T07:00,39.12,6940,16220,4848,49076
2024-03-23T08:00,13.20,10672,19440,4644,51877
2024-03-23T09:00,0.02,14614,21993,4667,54283
2024-03-23T10:00,-0.05,17473,23956,4661,55889
2024-03-23T11:00,-1.94,20309,25141,5168,55415
2024-03-23T12:00,-5.71,21445,24768,5083,53486
2024-03-23T13:00,-8.45,20022,25706,5469,52316
2024-03-23T14:00,-1.46,15995,25698,5928,52133
2024-03-23T15:00,0.07,9957,25315,6188,52063
2024-03-23T16:00,47.80,3747,22928,6539,53498
2024-03-23T17:00,70.09,319,20781,6836,55736
2024-03-23T18:00,69.15,10,20964,6890,55806
2024-03-23T19:00,52.94,4,22071,6606,52929
2024-03-23T20:00,45.84,4,24002,6580,50069
2024-03-23T21:00,40.28,4,25607,6552,48648
2024-03-23T22:00,28.39,4,27025,6403,46096
2024-03-23T23:00,32.10,8,27745,5990,43626
2024-03-24T00:00,13.28,5,27771,5656,42276
2024-03-24T01:00,10.13,6,27971,5488,41300
2024-03-24T02:00,17.00,5,27421,5211,40935
2024-03-24T03:00,19.92,5,27514,5093,40821
2024-03-24T04:00,26.82,6,27474,5518,40674
2024-03-24T05:00,14.87,549,27461,5819,40884
2024-03-24T06:00,1.96,3987,26923,5918,43058
2024-03-24T07:00,0.00,8471,26753,5648,46246
2024-03-24T08:00,0.00,12082,28740,5498,49344
2024-03-24T09:00,0.00,14500,29598,5057,51158
2024-03-24T10:00,0.00,14931,29552,4754,53429
2024-03-24T11:00,0.00,15152,30475,4702,52986
2024-03-24T12:00,0.00,15467,27706,4647,51026
2024-03-24T13:00,0.00,14647,26492,4786,49602
2024-03-24T14:00,0.00,12077,26862,5172,48588
2024-03-24T15:00,16.69,7532,27721,5775,48263
2024-03-24T16:00,59.40,2829,28381,5964,50290
2024-03-24T17:00,75.00,277,29264,6058,53252
2024-03-24T18:00,74.90,10,29587,5993,53301
2024-03-24T19:00,66.90,6,30822,5606,51376
2024-03-24T20:00,64.77,5,30317,5161,50098
2024-03-24T21:00,64.27,5,28113,4609,48532
2024-03-24T22:00,62.97,6,26725,4006,45847
2024-03-24T23:00,62.51,6,25112,3621,44259
2024-03-25T00:00,62.29,5,23773,3045,42968
2024-03-25T01:00,62.48,6,22363,2942,42332
2024-03-25T02:00,64.51,5,20429,2818,42354
2024-03-25T03:00,66.96,6,18654,2407,44353
2024-03-25T04:00,77.14,6,16694,2018,48558
2024-03-25T05:00,88.43,564,14482,1634,55256
2024-03-25T06:00,113.87,4638,11982,1302,59515
2024-03-25T07:00,99.68,12004,9475,956,62271
2024-03-25T08:00,77.43,19300,8199,859,62641
2024-03-25T09:00,70.05,23992,7173,672,62320
2024-03-25T10:00,63.66,27262,6378,380,62210
2024-03-25T11:00,61.85,29413,5754,294,61060
2024-03-25T12:00,63.22,30552,5093,226,59688
2024-03-25T13:00,64.52,28866,4314,153,57812
2024-03-25T14:00,73.97,24078,3525,156,57224
2024-03-25T15:00,81.05,15996,2612,170,57237
2024-03-25T16:00,111.88,6069,2242,148,58911
2024-03-25T17:00,174.70,511,2788,137,61678
2024-03-25T18:00,149.75,16,4964,102,62372
2024-03-25T19:00,102.73,5,8114,202,59215
2024-03-25T20:00,82.39,4,10575,337,55859
2024-03-25T21:00,79.56,4,11884,527,53049
2024-03-25T22:00,74.74,6,13004,810,49739
2024-03-25T23:00,79.90,7,14126,1030,46814
2024-03-26T00:00,73.30,6,14856,1238,45628
2024-03-26T01:00,68.91,6,15821,1513,44701
2024-03-26T02:00,67.98,3,16702,1870,45595
2024-03-26T03:00,70.07,5,17667,2252,47270
2024-03-26T04:00,72.28,8,18444,2538,51339
2024-03-26T05:00,80.38,1263,19230,2972,57159
2024-03-26T06:00,79.20,7674,17492,3120,61928
2024-03-26T07:00,72.10,15774,13463,3650,64682
2024-03-26T08:00,62.00,22828,10998,3746,65070
2024-03-26T09:00,49.50,27750,11982,3364,64338
2024-03-26T10:00,37.03,30473,13488,3166,64240
2024-03-26T11:00,11.49,30801,13467,2866,63019
2024-03-26T12:00,27.35,28979,13675,3174,62041
2024-03-26T13:00,37.10,25022,13869,2952,59708
2024-03-26T14:00,51.93,18904,13971,2690,59014
2024-03-26T15:00,68.06,11595,13479,3102,59936
2024-03-26T16:00,81.05,4609,13543,3158,61082
2024-03-26T17:00,100.75,449,15244,3153,63063
2024-03-26T18:00,100.30,10,17983,3388,64298
2024-03-26T19:00,80.00,4,19453,3591,61870
2024-03-26T20:00,77.05,4,18542,3810,58262
2024-03-26T21:00,72.82,3,17069,4088,54572
2024-03-26T22:00,66.92,4,16316,4155,51165
2024-03-26T23:00,58.35,3,15560,3680,48398
2024-03-27T00:00,57.09,3,14833,3282,45971
2024-03-27T01:00,57.28,3,13891,3226,45263
2024-03-27T02:00,57.79,3,12946,3936,45854
2024-03-27T03:00,60.03,3,12302,4117,47235
2024-03-27T04:00,72.38,8,11946,4188,51081
2024-03-27T05:00,81.17,1077,11428,3870,56184
2024-03-27T06:00,82.78,6278,10000,3795,61317
2024-03-27T07:00,80.01,13777,6988,3525,64011
2024-03-27T08:00,68.12,21445,4425,3514,64835
2024-03-27T09:00,63.90,26915,4035,3132,62946
2024-03-27T10:00,57.13,27920,4286,2438,62568
2024-03-27T11:00,57.66,26464,4715,2402,62871
2024-03-27T12:00,60.00,23198,6150,2096,61966
2024-03-27T13:00,67.80,17911,7089,1579,61369
2024-03-27T14:00,78.93,11204,7604,1054,60864
2024-03-27T15:00,84.14,5754,7320,852,60468
2024-03-27T16:00,100.53,2028,7139,793,61322
2024-03-27T17:00,125.93,210,8077,810,62758
2024-03-27T18:00,118.94,13,9013,800,62670
2024-03-27T19:00,99.42,10,9290,1015,59664
2024-03-27T20:00,84.25,5,9207,971,56256
2024-03-27T21:00,83.02,3,9860,764,52953
2024-03-27T22:00,74.47,3,10769,728,49379
2024-03-27T23:00,79.09,4,11418,690,46414
2024-03-28T00:00,72.60,3,11529,732,44870
2024-03-28T01:00,65.24,3,12093,998,44895
2024-03-28T02:00,64.41,3,14095,1406,46566
2024-03-28T03:00,66.69,3,16010,1450,47651
2024-03-28T04:00,71.60,8,17019,1977,50277
2024-03-28T05:00,82.07,1082,17442,2647,55887
2024-03-28T06:00,83.19,5970,16533,2542,60311
2024-03-28T07:00,80.92,12020,15043,2184,62827
2024-03-28T08:00,63.24,16318,16713,1150,63116
2024-03-28T09:00,47.07,17050,19705,754,62662
2024-03-28T10:00,37.00,18350,23314,632,64294
2024-03-28T11:00,6.74,18215,27576,1036,63628
2024-03-28T12:00,0.05,17808,31244,1502,62699
2024-03-28T13:00,0.04,16781,32450,3104,61554
2024-03-28T14:00,9.82,13686,32618,4036,60827
2024-03-28T15:00,33.17,9444,32176,4432,59813
2024-03-28T16:00,52.72,4313,30950,4887,59658
2024-03-28T17:00,73.97,552,28807,4997,60175
2024-03-28T18:00,70.33,12,26976,4832,61176
2024-03-28T19:00,62.54,5,27380,4896,57592
2024-03-28T20:00,51.83,5,27730,4962,54098
2024-03-28T21:00,33.05,4,27805,6360,52032
2024-03-28T22:00,25.00,3,28061,6738,49183
2024-03-28T23:00,20.60,4,28844,6923,45708
2024-03-29T00:00,18.83,3,28628,6738,43664
2024-03-29T01:00,12.43,4,27998,6216,42178
2024-03-29T02:00,10.24,3,27954,6063,41581
2024-03-29T03:00,12.59,3,27969,6091,41887
2024-03-29T04:00,14.32,11,27767,6612,42695
2024-03-29T05:00,22.02,972,27792,6964,43090
2024-03-29T06:00,22.39,4138,26923,6902,45058
2024-03-29T07:00,15.94,8205,24748,6685,47965
2024-03-29T08:00,13.28,11714,22633,6201,50901
2024-03-29T09:00,16.88,13006,21143,6150,51858
2024-03-29T10:00,18.83,15950,19860,5764,54019
2024-03-29T11:00,13.00,17298,20052,4737,53380
2024-03-29T12:00,9.86,18510,18896,3922,50250
2024-03-29T13:00,13.44,19399,16485,3162,47676
2024-03-29T14:00,21.58,15356,15182,3037,46251
2024-03-29T15:00,49.50,8756,12916,2988,46035
2024-03-29T16:00,79.93,3401,10128,2896,48087
2024-03-29T17:00,101.97,420,8826,2720,50778
2024-03-29T18:00,105.45,20,8591,2242,50411
2024-03-29T19:00,87.40,10,9134,1736,47640
2024-03-29T20:00,79.93,4,9558,1704,46012
2024-03-29T21:00,75.89,4,9708,2275,44089
2024-03-29T22:00,70.00,4,9172,2490,40817
2024-03-29T23:00,69.30,5,8249,2634,38728
2024-03-30T00:00,58.16,3,7303,2421,37129
2024-03-30T01:00,58.88,4,7363,1782,35674
2024-03-30T02:00,58.95,3,8358,1965,35763
2024-03-30T03:00,59.23,4,9041,1773,36188
2024-03-30T04:00,65.05,13,10191,1128,37294
2024-03-30T05:00,58.57,1076,11867,858,39088
2024-03-30T06:00,47.79,5577,12356,1076,42549
2024-03-30T07:00,45.23,11804,11099,1449,46687
2024-03-30T08:00,43.38,18943,9136,988,48933
2024-03-30T09:00,34.49,23413,8386,481,49642
2024-03-30T10:00,23.21,24468,8961,588,49946
2024-03-30T11:00,14.76,23180,9698,920,50249
2024-03-30T12:00,6.85,20094,9910,1016,48964
2024-03-30T13:00,15.87,16383,9980,1092,47140
2024-03-30T14:00,34.20,11800,10014,898,46816
2024-03-30T15:00,52.52,6517,9760,1182,46827
2024-03-30T16:00,77.75,2392,9116,4390,50305
2024-03-30T17:00,88.11,284,10649,4890,52547
2024-03-30T18:00,83.53,10,10161,3122,51823
2024-03-30T19:00,74.11,6,9228,1939,48928
2024-03-30T20:00,71.47,4,7718,1765,46342
2024-03-30T21:00,70.83,5,6672,1559,43930
2024-03-30T22:00,65.74,4,5806,1222,40857
2024-03-30T23:00,75.70,4,5461,757,37333
2024-03-31T00:00,66.71,3,5692,498,34967
2024-03-31T01:00,64.98,3,6290,376,35233
2024-03-31T02:00,60.48,4,6200,269,32660
2024-03-31T03:00,58.74,4,5706,76,33095
2024-03-31T04:00,64.46,14,5540,69,33936
2024-03-31T05:00,71.51,1110,5016,74,34424
2024-03-31T06:00,65.03,5439,4552,154,36928
2024-03-31T07:00,50.32,11401,3676,214,41260
2024-03-31T08:00,41.03,18553,2780,224,42728
2024-03-31T09:00,29.52,24780,2330,315,44419
2024-03-31T10:00,19.85,28572,2156,582,43099
2024-03-31T11:00,3.06,29338,2008,758,40176
2024-03-31T12:00,1.03,27752,1982,986,37691
2024-03-31T13:00,15.27,24172,2029,1002,35956
2024-03-31T14:00,41.07,19150,2947,1416,35175
2024-03-31T15:00,66.74,11707,3609,1754,36616
2024-03-31T16:00,89.32,4228,4764,1905,38920
2024-03-31T17:00,117.29,519,5482,2099,38963
2024-03-31T18:00,83.72,8,7034,2188,39884
2024-03-31T19:00,70.00,6,7742,2326,38591
2024-03-31T20:00,64.51,7,8448,2525,37514
2024-03-31T21:00,54.90,4,8918,2618,35148
2024-03-31T22:00,49.95,5,7960,2421,36808
2024-03-31T23:00,48.98,6,7097,2768,35437
2024-04-01T00:00,46.06,4,7324,2696,34585
2024-04-01T01:00,43.58,4,6766,2590,34304
2024-04-01T02:00,49.40,4,6871,2487,34852
2024-04-01T03:00,52.35,4,6670,2126,35658
2024-04-01T04:00,58.71,19,6737,1701,36366
2024-04-01T05:00,64.49,656,6956,1127,37172
2024-04-01T06:00,58.71,2644,7513,748,40323
2024-04-01T07:00,60.89,5351,7512,576,44015
2024-04-01T08:00,54.36,7380,7124,648,46692
2024-04-01T09:00,35.39,9355,7686,839,49336
2024-04-01T10:00,13.04,11184,9360,626,49636
2024-04-01T11:00,0.03,11632,12093,680,48383
2024-04-01T12:00,-0.01,11830,15659,789,47516
2024-04-01T13:00,-0.01,10480,19864,850,47153
2024-04-01T14:00,-0.01,8753,22192,1625,46675
2024-04-01T15:00,5.79,6341,22996,1933,47586
2024-04-01T16:00,41.97,3107,22447,2140,48612
2024-04-01T17:00,48.53,510,22487,2555,50592
2024-04-01T18:00,49.88,9,23604,2798,50140
2024-04-01T19:00,45.69,4,25919,3450,48353
2024-04-01T20:00,25.97,4,27344,3654,46985
2024-04-01T21:00,7.47,4,28769,3292,44312
2024-04-01T22:00,7.97,4,29332,3191,41658
2024-04-01T23:00,1.28,5,29424,3758,40211
2024-04-02T00:00,0.61,5,29232,4586,40148
2024-04-02T01:00,0.87,5,29768,4566,40684
2024-04-02T02:00,1.94,4,30584,4408,42728
2024-04-02T03:00,7.27,4,31420,4084,45982
2024-04-02T04:00,57.22,24,32504,3323,53493
2024-04-02T05:00,74.36,1252,32756,2507,57892
2024-04-02T06:00,68.93,5845,33683,2010,61909
2024-04-02T07:00,46.98,11766,36004,2751,64094
2024-04-02T08:00,2.66,16496,37924,3541,64968
2024-04-02T09:00,-0.06,19642,38012,3893,65546
2024-04-02T10:00,-1.09,21948,37167,3992,65125
2024-04-02T11:00,-0.97,22655,37069,3910,63658
2024-04-02T12:00,-0.07,23238,34782,4008,61327
2024-04-02T13:00,0.00,21654,33667,3896,60008
2024-04-02T14:00,4.31,17573,33336,3791,59373
2024-04-02T15:00,41.46,11762,32100,3302,59483
2024-04-02T16:00,72.70,4973,28424,2401,60470
2024-04-02T17:00,95.39,672,24612,1511,60524
2024-04-02T18:00,94.88,13,23188,1274,58952
2024-04-02T19:00,78.13,8,22416,1237,56337
2024-04-02T20:00,74.86,4,21446,1100,52714
2024-04-02T21:00,70.88,4,21071,1031,49386
2024-04-02T22:00,74.13,4,19861,955,46838
2024-04-02T23:00,71.75,4,18812,962,45177
2024-04-03T00:00,70.05,4,17452,962,44523
2024-04-03T01:00,72.51,4,15507,1092,44818
2024-04-03T02:00,72.34,4,14153,1324,45892
2024-04-03T03:00,78.71,4,12777,1403,48677
2024-04-03T04:00,94.91,40,11673,1624,54612
2024-04-03T05:00,117.93,1458,10276,2151,58935
2024-04-03T06:00,117.93,5078,8988,2660,61946
2024-04-03T07:00,100.98,9200,8521,3266,61738
2024-04-03T08:00,107.35,12756,8277,3480,63366
2024-04-03T09:00,90.81,15479,8239,3485,63591
2024-04-03T10:00,82.03,16316,9052,3300,63603
2024-04-03T11:00,76.88,16073,9509,2927,62673
2024-04-03T12:00,73.04,14501,10194,2833,61375
2024-04-03T13:00,73.07,11648,10765,2577,60361
2024-04-03T14:00,76.70,8526,11186,2420,58925
2024-04-03T15:00,92.44,5125,11571,2731,59160
2024-04-03T16:00,108.14,2134,11886,3107,60267
2024-04-03T17:00,123.30,394,13139,3802,61181
2024-04-03T18:00,101.58,8,15489,4451,59999
2024-04-03T19:00,80.97,6,17976,5286,56857
2024-04-03T20:00,75.51,4,19706,5789,54152
2024-04-03T21:00,63.89,4,20452,6443,50747
2024-04-03T22:00,54.52,4,20741,6527,47743
2024-04-03T23:00,52.01,4,21463,6702,45669
2024-04-04T00:00,50.17,4,22191,6306,44372
2024-04-04T01:00,51.57,4,22983,6616,44805
2024-04-04T02:00,51.94,4,21942,6420,45908
2024-04-04T03:00,55.10,4,21346,6187,48718
2024-04-04T04:00,67.52,40,22474,5731,55380
2024-04-04T05:00,79.16,1815,22208,5995,59726
2024-04-04T06:00,77.18,6584,21460,5071,61820
2024-04-04T07:00,71.94,11939,21468,4132,62150
2024-04-04T08:00,69.45,14672,22147,3134,63455
2024-04-04T09:00,63.06,15160,23690,2615,63666
2024-04-04T10:00,58.08,14169,25870,2652,63324
2024-04-04T11:00,56.22,13597,27444,3026,63135
2024-04-04T12:00,55.49,12743,29087,3104,61591
2024-04-04T13:00,56.17,12699,30852,2696,60342
2024-04-04T14:00,57.08,10923,31943,3611,59984
2024-04-04T15:00,69.08,8150,31402,4183,60039
2024-04-04T16:00,75.36,4155,29964,4450,60777
2024-04-04T17:00,90.66,740,27611,4712,61388
2024-04-04T18:00,80.58,13,26559,5626,59796
2024-04-04T19:00,73.29,6,26014,6177,57492
2024-04-04T20:00,71.47,4,25216,6352,54340
2024-04-04T21:00,61.53,6,24834,5913,50332
2024-04-04T22:00,62.72,6,24496,4844,47446
2024-04-04T23:00,59.08,8,22888,3749,44863
2024-04-05T00:00,55.96,6,21556,2946,43869
2024-04-05T01:00,56.59,6,20508,2398,44512
2024-04-05T02:00,53.90,6,19654,2296,45232
2024-04-05T03:00,62.50,6,18982,2952,48659
2024-04-05T04:00,76.29,55,18898,3120,54194
2024-04-05T05:00,84.24,1785,17804,3477,58717
2024-04-05T06:00,81.00,6631,16144,4042,60638
2024-04-05T07:00,67.59,14011,14738,4943,60472
2024-04-05T08:00,50.50,22150,15256,4952,61618
2024-04-05T09:00,25.97,27593,17583,5274,62232
2024-04-05T10:00,9.16,29669,19646,5951,62359
2024-04-05T11:00,0.00,29055,23308,6000,61722
2024-04-05T12:00,-0.10,23989,27938,5431,60018
2024-04-05T13:00,0.05,17288,32078,5082,59450
2024-04-05T14:00,8.09,10990,34093,4692,58649
2024-04-05T15:00,37.46,6857,34564,4572,58395
2024-04-05T16:00,49.65,3288,34022,3613,58745
2024-04-05T17:00,55.94,624,32662,3265,59738
2024-04-05T18:00,55.64,11,31707,3120,57976
2024-04-05T19:00,54.71,7,30247,3268,54602
2024-04-05T20:00,56.13,17,26952,3439,50794
2024-04-05T21:00,55.07,10,24109,3763,46510
2024-04-05T22:00,43.08,7,21663,4934,44982
2024-04-05T23:00,45.01,6,20449,5806,42880
2024-04-06T00:00,46.89,6,19346,6162,41354
2024-04-06T01:00,47.56,6,17369,5678,40800
2024-04-06T02:00,50.65,7,15884,5567,40954
2024-04-06T03:00,54.88,6,14462,4285,41392
2024-04-06T04:00,58.73,53,13818,4269,42386
2024-04-06T05:00,59.87,2478,13231,4281,44443
2024-04-06T06:00,59.24,10028,12446,3652,48100
2024-04-06T07:00,48.94,20908,8978,3410,50186
2024-04-06T08:00,29.42,29956,6137,4372,51936
2024-04-06T09:00,-0.73,35700,5743,3496,51789
2024-04-06T10:00,-16.40,38234,6222,2122,50208
2024-04-06T11:00,-59.92,37088,6084,1510,48451
2024-04-06T12:00,-57.59,35697,7413,2256,46969
2024-04-06T13:00,-34.61,31812,10214,2500,46827
2024-04-06T14:00,-4.66,25366,14041,3248,46525
2024-04-06T15:00,15.81,15886,15167,5424,47389
2024-04-06T16:00,67.56,6317,16282,5830,48588
2024-04-06T17:00,73.99,1021,18786,5717,50214
2024-04-06T18:00,68.65,14,20750,5614,49994
2024-04-06T19:00,46.46,4,22302,5951,47945
2024-04-06T20:00,45.07,4,22215,6079,45706
2024-04-06T21:00,25.88,4,22376,6880,43216
2024-04-06T22:00,10.97,5,22519,6971,40548
2024-04-06T23:00,0.09,6,22059,6579,38359
2024-04-07T00:00,0.00,6,22403,6627,37182
2024-04-07T01:00,0.00,6,23242,6570,36672
2024-04-07T02:00,0.00,5,24370,6536,37274
2024-04-07T03:00,0.00,6,25976,6298,38093
2024-04-07T04:00,0.00,77,26762,5992,39901
2024-04-07T05:00,0.00,2418,24157,6284,41634
2024-04-07T06:00,0.00,8206,20071,6420,44591
2024-04-07T07:00,-0.01,15338,16221,3970,46147
2024-04-07T08:00,-0.16,22392,11924,3153,47607
2024-04-07T09:00,-3.25,28596,10580,2702,48583
2024-04-07T10:00,-9.94,31151,9555,1739,47686
2024-04-07T11:00,-26.79,32020,8336,1133,44650
2024-04-07T12:00,-20.06,30318,7246,1062,43486
2024-04-07T13:00,-5.04,26567,7469,2230,43202
2024-04-07T14:00,-0.16,20189,9543,3048,43228
2024-04-07T15:00,6.92,12136,8521,5467,45262
2024-04-07T16:00,91.46,4922,6280,4801,47302
2024-04-07T17:00,108.39,802,4962,4395,48702
2024-04-07T18:00,106.40,13,5232,4166,48762
2024-04-07T19:00,89.95,3,6527,3936,46556
2024-04-07T20:00,77.46,3,7798,4078,45106
2024-04-07T21:00,72.06,4,8986,4632,42482
2024-04-07T22:00,70.77,5,8923,4954,40351
2024-04-07T23:00,70.71,5,8636,4654,39480
2024-04-08T00:00,68.12,5,7854,4056,38145
2024-04-08T01:00,70.71,4,6880,3403,38174
2024-04-08T02:00,71.57,5,5828,2844,39070
2024-04-08T03:00,77.44,5,5334,2734,43141
2024-04-08T04:00,101.99,51,5856,2465,51612
2024-04-08T05:00,149.78,1927,5713,2320,56783
2024-04-08T06:00,128.52,7687,5048,2100,60084
2024-04-08T07:00,85.51,16431,3292,2088,61340
2024-04-08T08:00,80.60,25930,1950,1557,61121
2024-04-08T09:00,71.23,31998,1735,725,61202
2024-04-08T10:00,64.70,34290,1618,381,60896
2024-04-08T11:00,60.00,33830,2180,186,59270
2024-04-08T12:00,57.89,31156,3282,90,57604
2024-04-08T13:00,63.40,26762,3551,90,58120
2024-04-08T14:00,70.00,20487,3172,188,56678
2024-04-08T15:00,75.01,12838,3022,595,56915
2024-04-08T16:00,104.90,5734,2978,1162,57777
2024-04-08T17:00,137.30,1096,3594,1656,58469
2024-04-08T18:00,124.80,21,5756,2078,57300
2024-04-08T19:00,84.85,5,8988,2299,54479
2024-04-08T20:00,77.00,4,11224,2226,50741
2024-04-08T21:00,70.19,5,12190,2344,46381
2024-04-08T22:00,78.21,5,12956,2441,43112
2024-04-08T23:00,69.39,5,13551,2721,41668
2024-04-09T00:00,64.73,5,13928,3565,40980
2024-04-09T01:00,59.95,5,13097,4235,42090
2024-04-09T02:00,62.48,6,12913,3806,43157
2024-04-09T03:00,68.34,6,14284,3416,46770
2024-04-09T04:00,86.69,113,16249,3633,54690
2024-04-09T05:00,90.90,2248,17297,3796,59095
2024-04-09T06:00,79.78,6942,16780,4947,62099
2024-04-09T07:00,68.30,12594,15462,5475,62740
2024-04-09T08:00,51.60,17386,15630,4620,63152
2024-04-09T09:00,43.98,19775,17645,3720,63478
2024-04-09T10:00,36.05,20374,20114,3971,63788
2024-04-09T11:00,10.09,19714,22318,3934,62918
2024-04-09T12:00,10.50,17318,24394,4757,62052
2024-04-09T13:00,29.04,13314,26144,4998,61038
2024-04-09T14:00,38.27,9106,27890,4960,60985
2024-04-09T15:00,50.15,5534,28134,5510,60882
2024-04-09T16:00,65.90,2556,26904,6710,62028
2024-04-09T17:00,81.75,654,25775,6608,61788
2024-04-09T18:00,81.74,28,26716,5899,60487
2024-04-09T19:00,67.98,6,27860,4778,57710
2024-04-09T20:00,60.51,5,26767,3886,53368
2024-04-09T21:00,35.49,6,26225,4050,49873
2024-04-09T22:00,22.89,6,25508,4170,46844
2024-04-09T23:00,5.95,6,24416,4488,45679
2024-04-10T00:00,6.19,6,22862,4466,44083
2024-04-10T01:00,8.99,6,21498,4483,44388
2024-04-10T02:00,26.30,7,20138,4313,45269
2024-04-10T03:00,50.03,6,18960,4381,48518
2024-04-10T04:00,75.91,46,18456,5085,56122
2024-04-10T05:00,99.63,1668,16421,4670,60931
2024-04-10T06:00,106.02,6240,14600,3507,63654
2024-04-10T07:00,80.46,12864,14174,2700,64363
2024-04-10T08:00,67.66,19292,13928,2197,64534
2024-04-10T09:00,56.05,24547,13056,2420,65356
2024-04-10T10:00,55.62,26932,12194,2864,64500
2024-04-10T11:00,30.32,27092,11224,3136,63206
2024-04-10T12:00,31.29,26051,10088,3807,61086
2024-04-10T13:00,55.35,23787,9474,3989,60005
2024-04-10T14:00,62.91,19225,8871,4273,58627
2024-04-10T15:00,75.32,13079,7893,4349,58686
2024-04-10T16:00,100.83,6698,5225,4012,59262
2024-04-10T17:00,191.15,1637,3427,4782,59734
2024-04-10T18:00,191.19,37,3338,4592,58672
2024-04-10T19:00,115.59,5,4247,4695,55688
2024-04-10T20:00,86.10,8,6072,5258,51874
2024-04-10T21:00,76.10,6,9090,5114,48212
2024-04-10T22:00,72.58,8,12574,5290,45106
2024-04-10T23:00,67.36,8,15770,4804,43994
2024-04-11T00:00,62.24,7,17703,4108,43994
2024-04-11T01:00,58.81,7,18257,4278,44616
2024-04-11T02:00,59.08,6,18228,4422,46022
2024-04-11T03:00,55.57,7,19340,4098,50337
2024-04-11T04:00,74.63,255,20950,3762,57212
2024-04-11T05:00,68.80,3947,20457,4090,61706
2024-04-11T06:00,52.20,11734,18278,4236,64685
2024-04-11T07:00,30.00,20102,16350,4149,64992
2024-04-11T08:00,10.05,25789,17301,4574,67258
2024-04-11T09:00,0.86,28475,17816,4459,66252
2024-04-11T10:00,0.91,29350,17206,3984,64268
2024-04-11T11:00,1.10,29232,15571,4147,62535
2024-04-11T12:00,0.57,28134,14260,4711,61654
2024-04-11T13:00,29.57,24995,12722,3839,59394
2024-04-11T14:00,59.74,20026,10697,4292,58482
2024-04-11T15:00,76.74,13078,9438,4490,58949
2024-04-11T16:00,100.70,6101,8528,3466,59714
2024-04-11T17:00,134.36,1278,7186,3043,60126
2024-04-11T18:00,137.82,25,6013,3081,59747
2024-04-11T19:00,98.79,9,5998,3296,56790
2024-04-11T20:00,82.42,5,6252,3372,53097
2024-04-11T21:00,76.51,6,6077,4052,48982
2024-04-11T22:00,75.71,6,5764,4902,46372
2024-04-11T23:00,71.74,7,5716,5402,44886
2024-04-12T00:00,68.89,6,5944,5543,43448
2024-04-12T01:00,69.26,6,6241,5437,43807
2024-04-12T02:00,69.52,6,6206,5500,44765
2024-04-12T03:00,77.53,6,7064,5666,48374
2024-04-12T04:00,91.23,184,8025,6125,55234
2024-04-12T05:00,97.00,2927,9204,5943,59697
2024-04-12T06:00,86.83,9360,10298,5706,62547
2024-04-12T07:00,70.98,17366,11658,5724,63592
2024-04-12T08:00,42.86,24590,13465,5698,63996
2024-04-12T09:00,18.86,29445,15264,6144,64634
2024-04-12T10:00,0.00,31837,16161,5527,63318
2024-04-12T11:00,-0.07,32514,16905,5666,61285
2024-04-12T12:00,0.01,31681,17441,5397,59681
2024-04-12T13:00,0.18,28186,17638,5087,58563
2024-04-12T14:00,0.22,22850,17161,4762,57026
2024-04-12T15:00,57.37,15086,15664,3815,56739
2024-04-12T16:00,81.93,6882,12678,3466,57617
2024-04-12T17:00,125.95,1535,11350,3219,57505
2024-04-12T18:00,124.13,27,12121,2866,56730
2024-04-12T19:00,86.60,7,12850,3086,53863
2024-04-12T20:00,77.99,5,13187,3298,49972
2024-04-12T21:00,68.10,8,14042,3388,46540
2024-04-12T22:00,60.22,7,14620,4200,43708
2024-04-12T23:00,49.07,6,15386,4658,41802
2024-04-13T00:00,24.41,7,16004,4068,40283
2024-04-13T01:00,19.41,6,16265,4184,39732
2024-04-13T02:00,19.95,6,16278,4736,40454
2024-04-13T03:00,25.32,6,16351,5010,41540
2024-04-13T04:00,30.18,300,17102,4637,42978
2024-04-13T05:00,35.26,4359,15638,4324,45412
2024-04-13T06:00,22.60,13061,12963,3550,48456
2024-04-13T07:00,8.80,22965,11818,3009,51568
2024-04-13T08:00,-0.02,31141,11713,2372,52183
2024-04-13T09:00,-9.97,35280,11940,1559,51758
2024-04-13T10:00,-25.96,36840,11606,1355,50512
2024-04-13T11:00,-50.00,36335,10135,1357,48285
2024-04-13T12:00,-55.01,33642,9575,1542,46639
2024-04-13T13:00,-49.91,29294,11247,1799,45418
2024-04-13T14:00,-19.16,23476,13784,2634,46080
2024-04-13T15:00,-0.16,15693,13848,3683,47490
2024-04-13T16:00,39.91,7596,12929,4839,48920
2024-04-13T17:00,73.44,1772,12356,4733,49027
2024-04-13T18:00,65.78,32,15794,4282,48350
2024-04-13T19:00,39.35,6,22216,3906,47433
2024-04-13T20:00,21.11,4,25486,3501,45194
2024-04-13T21:00,7.05,4,28331,3533,42446
2024-04-13T22:00,0.43,6,29418,3908,40280
2024-04-13T23:00,0.83,6,29651,3856,38667
2024-04-14T00:00,0.93,6,28300,3928,38572
2024-04-14T01:00,1.13,5,26796,3952,38035
2024-04-14T02:00,2.34,5,25502,3960,37909
2024-04-14T03:00,5.95,6,23986,4122,38683
2024-04-14T04:00,12.86,269,22908,4144,38436
2024-04-14T05:00,13.00,3836,20857,4409,40368
2024-04-14T06:00,7.41,11338,19909,4270,44401
2024-04-14T07:00,0.00,20071,19672,4378,47935
2024-04-14T08:00,-2.37,27113,17573,2796,48190
2024-04-14T09:00,-12.17,32107,16204,2147,48688
2024-04-14T10:00,-42.27,34336,13227,1963,47411
2024-04-14T11:00,-60.05,34487,11069,1489,45406
2024-04-14T12:00,-60.07,33028,10432,1342,43648
2024-04-14T13:00,-40.05,29676,12094,1720,42902
2024-04-14T14:00,-6.25,24029,17316,1769,43145
2024-04-14T15:00,1.57,15912,18582,2718,46260
2024-04-14T16:00,67.23,7252,17034,2763,49242
2024-04-14T17:00,87.80,1651,13047,3269,49748
2024-04-14T18:00,119.91,34,9533,2962,50015
2024-04-14T19:00,112.61,7,7059,2449,48379
2024-04-14T20:00,103.95,4,5334,2083,46722
2024-04-14T21:00,87.24,5,4219,1858,43581
2024-04-14T22:00,81.96,6,3343,2073,40810
2024-04-14T23:00,81.26,5,3167,1918,39395
2024-04-15T00:00,77.54,5,3652,1736,38758
2024-04-15T01:00,78.18,5,4919,1656,39097
2024-04-15T02:00,75.23,5,6331,1642,39945
2024-04-15T03:00,86.74,7,7062,1789,43772
2024-04-15T04:00,115.73,196,7976,2234,52084
2024-04-15T05:00,169.15,2341,7649,2387,57201
2024-04-15T06:00,153.24,6991,6724,2371,60605
2024-04-15T07:00,91.56,12682,7299,2615,61322
2024-04-15T08:00,80.55,17582,10066,2852,61465
2024-04-15T09:00,63.15,21317,13895,3030,62022
2024-04-15T10:00,44.15,23406,17802,3218,60588
2024-04-15T11:00,31.74,23801,20990,2898,59679
2024-04-15T12:00,12.96,22864,23931,3047,59604
2024-04-15T13:00,7.80,19963,24875,3262,58576
2024-04-15T14:00,7.99,14796,25690,2882,58350
2024-04-15T15:00,46.30,9428,25398,3496,59688
2024-04-15T16:00,69.20,4342,24314,3878,59957
2024-04-15T17:00,78.92,1030,25579,4094,60182
2024-04-15T18:00,77.02,32,27811,3913,58795
2024-04-15T19:00,66.31,7,29606,3667,55330
2024-04-15T20:00,53.77,6,30703,3632,52489
2024-04-15T21:00,34.17,4,32810,3436,49192
2024-04-15T22:00,2.02,5,33976,3215,47608
2024-04-15T23:00,0.04,5,33903,3339,46581
2024-04-16T00:00,0.14,5,32648,2963,45318
2024-04-16T01:00,0.73,5,31582,1838,45112
2024-04-16T02:00,17.47,5,30470,1002,45790
2024-04-16T03:00,36.22,5,28897,858,48864
2024-04-16T04:00,63.14,227,28456,990,55660
2024-04-16T05:00,74.26,2675,27569,1527,60308
2024-04-16T06:00,74.26,7342,27540,1942,63498
2024-04-16T07:00,64.81,12362,26150,2325,64377
2024-04-16T08:00,51.03,16920,24275,2320,64514
2024-04-16T09:00,42.64,18973,23239,2724,64407
2024-04-16T10:00,40.00,19200,21969,3307,64195
2024-04-16T11:00,40.22,19819,21164,3791,64637
2024-04-16T12:00,42.08,20463,19702,4140,63347
2024-04-16T13:00,48.53,18642,18348,3996,61548
2024-04-16T14:00,62.84,15846,16049,3961,59932
2024-04-16T15:00,79.67,10984,14894,4258,61266
2024-04-16T16:00,92.92,5357,13400,4234,61576
2024-04-16T17:00,113.99,1319,12165,4363,61650
2024-04-16T18:00,124.52,43,11947,3868,60164
2024-04-16T19:00,104.46,5,11031,3187,56714
2024-04-16T20:00,90.10,3,10156,2607,52550
2024-04-16T21:00,84.10,5,9474,1996,48850
2024-04-16T22:00,83.84,5,9488,1648,46211
2024-04-16T23:00,83.84,5,8940,1467,44800
2024-04-17T00:00,81.35,5,8350,1444,44012
2024-04-17T01:00,82.40,5,7659,1614,44600
2024-04-17T02:00,82.96,6,6725,1609,45862
2024-04-17T03:00,83.73,7,6042,1656,49062
2024-04-17T04:00,109.39,348,5545,1640,55560
2024-04-17T05:00,169.97,3153,4270,1481,60309
2024-04-17T06:00,155.17,8230,2952,1144,63200
2024-04-17T07:00,104.62,13847,2526,929,64141
2024-04-17T08:00,83.90,18832,2482,626,64487
2024-04-17T09:00,79.90,23196,2750,462,64896
2024-04-17T10:00,82.98,25496,3362,302,64081
2024-04-17T11:00,80.82,25650,4221,222,62266
2024-04-17T12:00,77.71,24225,4620,206,60408
2024-04-17T13:00,77.03,21631,5012,197,59327
2024-04-17T14:00,80.00,17158,5350,216,58483
2024-04-17T15:00,86.90,11605,5070,284,59200
2024-04-17T16:00,114.97,5885,4415,360,59623
2024-04-17T17:00,159.92,1666,3724,497,59950
2024-04-17T18:00,169.90,62,3584,598,58758
2024-04-17T19:00,130.06,4,3430,736,56055
2024-04-17T20:00,99.04,4,3323,885,52575
2024-04-17T21:00,87.81,5,3144,806,49201
2024-04-17T22:00,91.83,6,3056,807,46601
2024-04-17T23:00,87.42,6,3046,648,44846
2024-04-18T00:00,88.53,5,3083,558,44262
2024-04-18T01:00,87.76,5,3120,701,44796
2024-04-18T02:00,89.61,5,3007,655,45620
2024-04-18T03:00,93.47,8,3010,874,48838
2024-04-18T04:00,121.88,367,3132,1120,55820
2024-04-18T05:00,155.80,3420,2803,1306,61053
2024-04-18T06:00,131.19,9052,2016,1302,63592
2024-04-18T07:00,101.12,15576,1850,1056,63917
2024-04-18T08:00,90.21,21361,2711,1343,64576
2024-04-18T09:00,83.87,25210,3538,1334,64474
2024-04-18T10:00,80.64,26726,4924,1581,64494
2024-04-18T11:00,77.20,27560,6509,1800,63448
2024-04-18T12:00,73.01,27862,7932,2320,60945
2024-04-18T13:00,70.70,25902,10064,2525,59813
2024-04-18T14:00,70.88,21575,12015,2776,59259
2024-04-18T15:00,81.33,15524,13672,2765,59660
2024-04-18T16:00,94.03,7678,13124,3091,60085
2024-04-18T17:00,125.24,1903,11172,3374,60079
2024-04-18T18:00,128.83,56,10166,3415,59030
2024-04-18T19:00,105.92,9,10242,3588,56323
2024-04-18T20:00,89.89,6,10582,3869,52458
2024-04-18T21:00,79.37,7,11495,4787,48126
2024-04-18T22:00,77.21,10,13220,4924,45399
2024-04-18T23:00,60.83,5,15720,5370,44397
2024-04-19T00:00,50.53,5,18276,5743,43659
2024-04-19T01:00,49.47,6,21371,5645,44388
2024-04-19T02:00,47.97,6,24113,5054,46073
2024-04-19T03:00,49.08,6,26276,4780,49312
2024-04-19T04:00,60.12,238,28776,4898,55945
2024-04-19T05:00,69.04,2064,28594,5045,60929
2024-04-19T06:00,76.00,4961,28995,5620,64058
2024-04-19T07:00,68.30,7649,30522,5721,65638
2024-04-19T08:00,60.20,10233,31246,5614,66600
2024-04-19T09:00,56.08,12288,31028,5507,66748
2024-04-19T10:00,50.91,13231,30244,5424,66192
2024-04-19T11:00,47.00,12976,29116,5422,64380
2024-04-19T12:00,44.94,12626,28625,5143,63075
2024-04-19T13:00,44.56,11432,28503,4848,61154
2024-04-19T14:00,50.91,9937,28211,5114,60786
2024-04-19T15:00,58.77,7121,28264,4671,60614
2024-04-19T16:00,63.49,3885,28792,4851,60712
2024-04-19T17:00,65.32,1152,28374,4876,60104
2024-04-19T18:00,66.28,55,28556,4905,58288
2024-04-19T19:00,66.20,11,27661,5280,55766
2024-04-19T20:00,65.27,8,26343,5221,52804
2024-04-19T21:00,63.15,7,25411,4876,49370
2024-04-19T22:00,60.24,4,24273,4760,46715
2024-04-19T23:00,57.97,4,23665,4658,44648
2024-04-20T00:00,57.33,4,22848,4808,43472
2024-04-20T01:00,57.75,4,22154,4609,43353
2024-04-20T02:00,61.04,4,20585,4473,43159
2024-04-20T03:00,62.83,8,19130,4324,43517
2024-04-20T04:00,63.92,292,17710,3698,44461
2024-04-20T05:00,67.98,2681,15462,2600,46213
2024-04-20T06:00,65.04,7312,13223,1952,49516
2024-04-20T07:00,59.90,12640,12018,1216,51527
2024-04-20T08:00,50.05,18220,10840,649,53123
2024-04-20T09:00,38.43,22789,9408,396,53778
2024-04-20T10:00,28.97,25752,8397,429,52590
2024-04-20T11:00,12.33,26714,7822,514,50770
2024-04-20T12:00,10.55,26580,7007,1039,49172
2024-04-20T13:00,18.33,23790,6728,2118,48842
2024-04-20T14:00,37.41,19026,7574,3448,47975
2024-04-20T15:00,62.83,12793,7161,5089,49329
2024-04-20T16:00,78.90,6631,6706,5422,50383
2024-04-20T17:00,89.61,1824,6736,5796,50799
2024-04-20T18:00,97.04,74,6594,4972,49906
2024-04-20T19:00,90.31,10,6398,4564,47716
2024-04-20T20:00,86.07,9,5630,4020,46070
2024-04-20T21:00,82.90,6,5677,3999,43644
2024-04-20T22:00,81.85,5,5605,2947,40902
2024-04-20T23:00,70.59,6,6056,3179,38872
2024-04-21T00:00,69.53,6,6898,3550,38235
2024-04-21T01:00,64.40,6,7388,3934,38513
2024-04-21T02:00,63.88,6,7744,3642,39016
2024-04-21T03:00,63.62,7,8005,3523,39474
2024-04-21T04:00,64.43,458,8923,2690,39204
2024-04-21T05:00,60.53,3694,8402,1784,40548
2024-04-21T06:00,60.88,9500,6901,1885,44048
2024-04-21T07:00,55.38,15547,7942,2284,48363
2024-04-21T08:00,32.99,20606,9917,1757,50597
2024-04-21T09:00,36.96,23673,12280,1701,51960
2024-04-21T10:00,6.06,24700,13690,1362,51790
2024-04-21T11:00,0.28,24841,13826,1036,49668
2024-04-21T12:00,-0.90,23865,13681,1003,47772
2024-04-21T13:00,0.75,21417,13709,1398,46695
2024-04-21T14:00,6.01,17715,13944,1673,46365
2024-04-21T15:00,58.22,12337,13670,1927,47552
2024-04-21T16:00,74.60,6573,12618,2010,48803
2024-04-21T17:00,89.36,1990,10912,2556,49032
2024-04-21T18:00,95.26,112,10124,2658,49197
2024-04-21T19:00,91.07,10,9792,2750,49198
2024-04-21T20:00,89.41,8,9211,2518,48402
2024-04-21T21:00,88.46,9,8848,2669,45989
2024-04-21T22:00,78.97,6,8505,2726,44174
2024-04-21T23:00,78.05,6,7784,2653,42588
2024-04-22T00:00,78.44,6,7012,2230,42013
2024-04-22T01:00,79.92,6,6184,1915,42474
2024-04-22T02:00,79.79,6,5672,1735,43864
2024-04-22T03:00,87.50,8,5290,1697,47425
2024-04-22T04:00,105.90,628,4904,2063,54883
2024-04-22T05:00,130.79,4780,4076,2386,60001
2024-04-22T06:00,117.46,12374,2578,2685,63121
2024-04-22T07:00,97.05,20821,2638,2689,63853
2024-04-22T08:00,81.86,26005,3589,3020,64254
2024-04-22T09:00,81.24,27358,4529,2433,63874
2024-04-22T10:00,77.05,27832,4905,1745,63315
2024-04-22T11:00,73.67,27580,4822,1339,62027
2024-04-22T12:00,74.17,26947,4660,1166,60316
2024-04-22T13:00,78.48,24589,3851,926,59545
2024-04-22T14:00,81.57,19873,4091,700,58092
2024-04-22T15:00,96.79,14223,3402,664,58692
2024-04-22T16:00,118.20,7801,3353,622,59071
2024-04-22T17:00,164.05,2441,3089,591,59374
2024-04-22T18:00,170.96,139,3132,530,58496
2024-04-22T19:00,130.05,6,3579,338,56385
2024-04-22T20:00,105.77,4,3750,192,52880
2024-04-22T21:00,96.99,6,3907,124,49219
2024-04-22T22:00,88.32,6,3812,98,46935
2024-04-22T23:00,86.69,6,3696,67,45751
2024-04-23T00:00,85.95,6,3650,117,45429
2024-04-23T01:00,85.42,6,3579,194,45953
2024-04-23T02:00,86.35,6,3438,281,47361
2024-04-23T03:00,97.69,10,3452,471,50804
2024-04-23T04:00,121.40,757,3538,726,56940
2024-04-23T05:00,181.26,5749,3291,778,61422
2024-04-23T06:00,136.28,14603,2070,1008,63908
2024-04-23T07:00,98.38,23937,1672,1368,64172
2024-04-23T08:00,82.87,30509,2694,2159,63214
2024-04-23T09:00,77.26,31396,3546,3326,62913
2024-04-23T10:00,77.46,29735,4309,4116,62640
2024-04-23T11:00,79.38,27079,4708,4836,62278
2024-04-23T12:00,78.62,24779,5202,4890,60960
2024-04-23T13:00,80.02,21700,5490,4003,60359
2024-04-23T14:00,83.02,16956,6131,4052,59262
2024-04-23T15:00,89.97,11321,7400,4142,59751
2024-04-23T16:00,102.40,5778,7883,4334,61256
2024-04-23T17:00,123.01,1704,7672,3928,60930
2024-04-23T18:00,125.07,97,7458,4430,59346
2024-04-23T19:00,105.10,6,7532,4541,57256
2024-04-23T20:00,92.73,4,7438,4258,53648
2024-04-23T21:00,81.55,6,7704,3991,50454
2024-04-23T22:00,81.80,6,8184,4204,47482
2024-04-23T23:00,77.97,6,8365,4340,46698
2024-04-24T00:00,77.16,6,8888,4344,45750
2024-04-24T01:00,74.86,6,9057,4703,46325
2024-04-24T02:00,77.37,6,8865,4886,47444
2024-04-24T03:00,81.83,10,8655,4911,50392
2024-04-24T04:00,101.66,545,8772,4763,57038
2024-04-24T05:00,128.17,3660,8246,4250,61384
2024-04-24T06:00,107.07,9161,7196,4507,63918
2024-04-24T07:00,91.81,15122,7229,4091,64964
2024-04-24T08:00,90.74,19122,8118,3974,65459
2024-04-24T09:00,88.35,20723,8262,3875,65672
2024-04-24T10:00,82.60,22359,8676,3472,64145
2024-04-24T11:00,80.09,24086,9375,2963,63078
2024-04-24T12:00,76.53,23874,9820,2914,62152
2024-04-24T13:00,80.71,22129,10104,2972,61574
2024-04-24T14:00,81.12,18860,9937,2618,60474
2024-04-24T15:00,86.60,13614,8872,2606,60304
2024-04-24T16:00,101.54,7388,8646,2480,60515
2024-04-24T17:00,135.20,2364,7781,2450,60235
2024-04-24T18:00,143.44,147,7776,2322,59074
2024-04-24T19:00,121.16,6,8222,2074,57050
2024-04-24T20:00,105.31,3,8296,1775,53528
2024-04-24T21:00,90.21,4,8702,1858,49966
2024-04-24T22:00,83.50,4,8421,1405,46980
2024-04-24T23:00,80.00,3,8038,1290,45542
2024-04-25T00:00,77.37,3,8020,1557,45078
2024-04-25T01:00,76.05,3,7752,1474,45783
2024-04-25T02:00,75.24,3,7630,1394,46740
2024-04-25T03:00,84.02,10,7391,1142,49720
2024-04-25T04:00,102.44,572,6898,800,56234
2024-04-25T05:00,129.05,3428,6313,632,61024
2024-04-25T06:00,112.71,8332,5543,476,63718
2024-04-25T07:00,92.10,13823,5225,502,64187
2024-04-25T08:00,80.01,19293,6039,557,64756
2024-04-25T09:00,78.20,24077,6886,584,65778
2024-04-25T10:00,73.92,25822,7820,582,65034
2024-04-25T11:00,68.67,26014,8524,598,63641
2024-04-25T12:00,66.41,26085,8233,812,61835
2024-04-25T13:00,69.32,24050,7562,896,60122
2024-04-25T14:00,72.81,20051,7364,785,58257
2024-04-25T15:00,79.88,14232,6426,897,58705
2024-04-25T16:00,95.17,7612,5810,1078,59522
2024-04-25T17:00,141.09,2345,4764,1003,59785
2024-04-25T18:00,152.29,160,4848,1352,58190
2024-04-25T19:00,113.71,12,6522,1550,56165
2024-04-25T20:00,91.35,10,8554,2098,53139
2024-04-25T21:00,79.74,8,10556,2104,49471
2024-04-25T22:00,79.87,4,12198,1682,46898
2024-04-25T23:00,74.00,4,13420,1580,45252
2024-04-26T00:00,74.70,4,13849,1490,44733
2024-04-26T01:00,74.07,4,13673,1276,45106
2024-04-26T02:00,77.10,5,13120,736,46456
2024-04-26T03:00,83.69,16,12974,375,49604
2024-04-26T04:00,93.50,966,13000,673,55920
2024-04-26T05:00,104.06,5646,11228,604,60376
2024-04-26T06:00,96.06,13514,7808,466,63314
2024-04-26T07:00,81.08,21431,6444,438,64248
2024-04-26T08:00,77.81,26996,7062,540,63081
2024-04-26T09:00,72.95,28930,8640,468,62530
2024-04-26T10:00,70.35,28125,9113,457,61786
2024-04-26T11:00,68.74,27318,9010,502,60428
2024-04-26T12:00,65.37,26296,8992,630,58718
2024-04-26T13:00,69.92,23296,8516,916,57846
2024-04-26T14:00,71.70,19176,7603,1237,57102
2024-04-26T15:00,80.46,13565,5578,934,56839
2024-04-26T16:00,94.78,7204,3760,348,56905
2024-04-26T17:00,131.90,2275,2730,270,56282
2024-04-26T18:00,141.58,167,2681,270,55094
2024-04-26T19:00,110.00,14,3306,138,52962
2024-04-26T20:00,92.71,5,3491,84,49692
2024-04-26T21:00,88.26,7,3371,98,46305
2024-04-26T22:00,90.29,10,3280,96,43466
2024-04-26T23:00,88.90,10,3196,84,41601
2024-04-27T00:00,86.59,10,3312,79,40510
2024-04-27T01:00,89.03,10,3556,63,40013
2024-04-27T02:00,87.69,10,3981,49,40332
2024-04-27T03:00,85.68,22,4852,41,40826
2024-04-27T04:00,86.08,1159,5980,23,42055
2024-04-27T05:00,79.04,6823,6640,26,44749
2024-04-27T06:00,68.65,16131,5558,112,47836
2024-04-27T07:00,59.07,25469,4046,384,50201
2024-04-27T08:00,36.02,33852,4253,884,50834
2024-04-27T09:00,8.43,38916,6172,1071,50924
2024-04-27T10:00,0.03,40258,8067,1435,50066
2024-04-27T11:00,-0.06,39624,8942,2034,48908
2024-04-27T12:00,0.00,36980,9920,2636,46793
2024-04-27T13:00,0.00,32183,9503,2684,46128
2024-04-27T14:00,19.95,26723,9475,2628,46018
2024-04-27T15:00,62.18,18666,9143,2287,47895
2024-04-27T16:00,86.18,9454,7710,1886,48929
2024-04-27T17:00,119.90,2623,7418,1565,49038
2024-04-27T18:00,112.27,166,9349,1480,48646
2024-04-27T19:00,85.00,11,11824,1644,48265
2024-04-27T20:00,75.90,3,15150,1834,46419
2024-04-27T21:00,65.23,3,17484,2470,43617
2024-04-27T22:00,56.39,3,18709,2498,39756
2024-04-27T23:00,46.14,4,18690,2940,39005
2024-04-28T00:00,39.60,4,18606,3670,37708
2024-04-28T01:00,31.55,10,18379,4835,35990
2024-04-28T02:00,27.60,10,18995,4503,36572
2024-04-28T03:00,26.05,25,20203,2895,37112
2024-04-28T04:00,9.92,1056,20559,3453,37712
2024-04-28T05:00,0.10,5300,18823,4710,40236
2024-04-28T06:00,-0.07,11747,15450,5108,43372
2024-04-28T07:00,-1.02,19415,13170,5398,46601
2024-04-28T08:00,-16.63,26274,12215,4332,47948
2024-04-28T09:00,-36.72,30648,12838,3028,49213
2024-04-28T10:00,-60.05,33420,11456,2066,49457
2024-04-28T11:00,-60.09,32314,11608,1738,46785
2024-04-28T12:00,-65.06,29800,12464,1586,45391
2024-04-28T13:00,-52.43,25746,14620,1822,45413
2024-04-28T14:00,-23.45,20067,18571,2746,44627
2024-04-28T15:00,-0.02,13404,20571,4012,46122
2024-04-28T16:00,25.38,6948,21190,5353,48526
2024-04-28T17:00,69.36,2372,18836,6266,48656
2024-04-28T18:00,77.45,225,17425,6687,48877
2024-04-28T19:00,78.56,11,17392,6198,48584
2024-04-28T20:00,72.21,10,17074,5226,47295
2024-04-28T21:00,66.94,10,15296,4984,44080
2024-04-28T22:00,63.15,3,12530,4680,41436
2024-04-28T23:00,60.05,4,10422,4587,39825
2024-04-29T00:00,58.93,4,9502,4906,39064
2024-04-29T01:00,62.46,3,7709,4857,39568
2024-04-29T02:00,76.82,4,6291,4451,41290
2024-04-29T03:00,85.18,27,5192,4044,45184
2024-04-29T04:00,102.38,1038,4732,3660,52599
2024-04-29T05:00,117.95,5565,3738,3488,57554
2024-04-29T06:00,100.69,13437,2258,3130,60467
2024-04-29T07:00,75.17,22854,1477,2794,60526
2024-04-29T08:00,59.21,31277,1774,2316,59712
2024-04-29T09:00,36.46,37408,2305,1805,58890
2024-04-29T10:00,36.18,39820,2708,1292,57677
2024-04-29T11:00,35.59,39904,2987,789,56758
2024-04-29T12:00,33.63,38460,2896,507,55454
2024-04-29T13:00,35.57,34170,2756,296,55136
2024-04-29T14:00,47.68,27294,2838,212,54524
2024-04-29T15:00,85.75,18398,2894,279,55080
2024-04-29T16:00,104.73,9291,2925,673,55939
2024-04-29T17:00,180.04,2909,3550,1029,56345
2024-04-29T18:00,204.57,252,5477,1412,55487
2024-04-29T19:00,108.55,12,8515,1669,53969
2024-04-29T20:00,87.29,12,11198,2132,50594
2024-04-29T21:00,81.15,6,12608,2384,46693
2024-04-29T22:00,73.76,6,12763,2930,43766
2024-04-29T23:00,66.77,5,12136,3328,42186
2024-04-30T00:00,70.41,5,11366,3464,41586
2024-04-30T01:00,70.00,5,10518,3724,42015
2024-04-30T02:00,70.00,6,9648,4115,43595
2024-04-30T03:00,78.77,31,9115,4480,47200
2024-04-30T04:00,94.95,1410,8693,4567,53838
2024-04-30T05:00,101.95,7192,7258,3743,58434
2024-04-30T06:00,88.46,16827,4906,3734,61281
2024-04-30T07:00,77.00,27146,3257,2754,60314
2024-04-30T08:00,62.06,34456,3046,2222,59056
2024-04-30T09:00,47.10,39345,3534,1902,59162
2024-04-30T10:00,28.05,42024,4794,1685,58341
2024-04-30T11:00,11.30,41985,5719,1804,57438
2024-04-30T12:00,10.00,39774,6304,1496,56048
2024-04-30T13:00,19.14,35568,7202,2159,55282
2024-04-30T14:00,45.84,28973,7263,2548,54705
2024-04-30T15:00,66.95,19884,7273,2741,56094
2024-04-30T16:00,86.20,10134,6620,2332,56126
2024-04-30T17:00,122.01,3111,6672,2595,56117
2024-04-30T18:00,132.41,300,8673,3293,54659
2024-04-30T19:00,88.37,5,11448,3312,53322
2024-04-30T20:00,77.97,3,13378,3275,49584
2024-04-30T21:00,75.69,4,14121,3135,45796
2024-04-30T22:00,66.81,6,13980,2912,39889
2024-04-30T23:00,55.09,3,13592,2536,37328
2024-05-01T00:00,50.31,3,12948,2352,35866
2024-05-01T01:00,43.99,2,12582,2284,35313
2024-05-01T02:00,47.81,3,13167,2206,35052
2024-05-01T03:00,44.69,37,13704,1929,34752
2024-05-01T04:00,42.48,1621,13874,2047,34688
2024-05-01T05:00,28.08,7936,12544,2410,37754
2024-05-01T06:00,8.45,17697,9426,2625,41224
2024-05-01T07:00,0.01,27603,7596,2995,44282
2024-05-01T08:00,-0.97,34942,7318,2386,44409
2024-05-01T09:00,-40.05,38742,7769,1934,44785
2024-05-01T10:00,-91.90,40521,7390,1467,43362
2024-05-01T11:00,-120.00,40493,8046,1298,41513
2024-05-01T12:00,-120.07,38427,8597,1298,40227
2024-05-01T13:00,-79.98,34404,10490,1825,40074
2024-05-01T14:00,-30.01,28400,15832,2697,40876
2024-05-01T15:00,-1.14,19914,19790,3986,42945
2024-05-01T16:00,15.32,10531,21531,6012,44935
2024-05-01T17:00,50.40,3364,20650,6283,44859
2024-05-01T18:00,50.00,338,21999,6396,45130
2024-05-01T19:00,34.01,4,24806,6202,44921
2024-05-01T20:00,29.92,3,24864,5658,43176
2024-05-01T21:00,22.00,3,24394,5825,40290
2024-05-01T22:00,14.56,2,23050,6200,39534
2024-05-01T23:00,10.94,2,21505,6084,38189
2024-05-02T00:00,10.00,2,21132,6234,37472
2024-05-02T01:00,7.80,2,20420,6047,37759
2024-05-02T02:00,10.63,2,20718,5826,39257
2024-05-02T03:00,32.06,45,20929,5566,42901
2024-05-02T04:00,72.72,1564,20470,5145,50603
2024-05-02T05:00,78.28,7348,17224,5189,55738
2024-05-02T06:00,62.90,16555,13623,4581,58928
2024-05-02T07:00,31.45,26419,13206,4122,60174
2024-05-02T08:00,5.10,34156,13972,4270,61204
2024-05-02T09:00,-0.08,37938,14588,4641,60563
2024-05-02T10:00,-1.73,38884,15770,3992,59065
2024-05-02T11:00,-4.19,37391,17153,4088,57840
2024-05-02T12:00,-0.05,34101,19094,3502,57107
2024-05-02T13:00,-1.39,28451,19526,3734,56342
2024-05-02T14:00,4.04,21254,21800,3852,56731
2024-05-02T15:00,55.16,13870,23020,4487,57594
2024-05-02T16:00,81.22,6802,23040,5220,58299
2024-05-02T17:00,87.96,2083,22601,5660,57905
2024-05-02T18:00,85.14,212,22329,5800,55456
2024-05-02T19:00,82.31,7,23016,5838,53743
2024-05-02T20:00,78.21,5,22865,5853,49815
2024-05-02T21:00,71.02,3,22145,5757,46070
2024-05-02T22:00,61.90,3,20081,5532,44695
2024-05-02T23:00,59.14,4,18330,5734,43734
2024-05-03T00:00,57.95,3,17350,5716,42291
2024-05-03T01:00,58.50,2,17049,5781,42376
2024-05-03T02:00,59.14,3,16792,5693,43473
2024-05-03T03:00,69.17,46,16337,5301,46054
2024-05-03T04:00,83.76,1004,15621,5132,52193
2024-05-03T05:00,85.47,4370,14296,5267,57144
2024-05-03T06:00,92.31,9192,13254,4991,60253
2024-05-03T07:00,88.25,14006,13143,4718,61447
2024-05-03T08:00,77.95,17521,13204,4196,62195
2024-05-03T09:00,72.58,19274,13553,3960,62924
2024-05-03T10:00,64.11,19924,13684,3550,62937
2024-05-03T11:00,59.33,19931,13505,2870,61442
2024-05-03T12:00,60.05,19006,13228,2410,59068
2024-05-03T13:00,64.69,16402,12555,2565,58165
2024-05-03T14:00,72.29,12760,11928,3057,57306
2024-05-03T15:00,79.55,8948,11568,3020,57366
2024-05-03T16:00,88.89,5174,10704,3594,57322
2024-05-03T17:00,105.49,2059,8663,3328,56179
2024-05-03T18:00,119.94,290,7264,2945,54002
2024-05-03T19:00,107.95,9,5990,2948,51723
2024-05-03T20:00,93.46,4,5170,2568,48327
2024-05-03T21:00,85.56,6,4694,2293,44939
2024-05-03T22:00,90.80,4,4301,2279,42154
2024-05-03T23:00,87.79,4,4076,2340,40312
2024-05-04T00:00,86.26,5,3771,2098,38650
2024-05-04T01:00,87.72,4,3370,1883,38686
2024-05-04T02:00,90.64,4,3102,1759,39019
2024-05-04T03:00,98.34,40,2595,1610,39653
2024-05-04T04:00,94.19,1212,2354,1305,40834
2024-05-04T05:00,90.02,5476,1841,1202,43704
2024-05-04T06:00,78.48,12648,1104,1178,46825
2024-05-04T07:00,62.38,20498,857,1105,49293
2024-05-04T08:00,41.17,26392,1030,1127,50006
2024-05-04T09:00,31.18,28818,1267,860,50240
2024-05-04T10:00,24.93,30190,1466,580,50263
2024-05-04T11:00,14.53,30121,1604,347,48624
2024-05-04T12:00,13.34,29144,2089,160,46824
2024-05-04T13:00,26.03,27180,2281,147,46535
2024-05-04T14:00,63.62,22565,2600,284,45984
2024-05-04T15:00,79.36,16104,2594,417,46897
2024-05-04T16:00,98.01,8663,2386,585,48660
2024-05-04T17:00,121.92,2790,2153,544,48489
2024-05-04T18:00,135.40,280,3189,215,46968
2024-05-04T19:00,113.56,11,5176,170,45595
2024-05-04T20:00,90.26,4,7495,270,43769
2024-05-04T21:00,83.60,4,8934,513,41422
2024-05-04T22:00,90.58,7,9698,832,38732
2024-05-04T23:00,84.82,7,10458,1059,36377
2024-05-05T00:00,83.52,4,11523,1286,35110
2024-05-05T01:00,80.49,3,12206,1531,34808
2024-05-05T02:00,74.74,4,12477,1538,34929
2024-05-05T03:00,71.13,42,13080,1546,35308
2024-05-05T04:00,62.16,1178,13718,1967,36341
2024-05-05T05:00,55.08,4564,13373,2734,38766
2024-05-05T06:00,41.33,9148,13200,3042,42489
2024-05-05T07:00,26.12,14142,13689,2838,45474
2024-05-05T08:00,8.85,19152,13973,3539,47273
2024-05-05T09:00,0.44,22167,14660,3914,49836
2024-05-05T10:00,0.00,24510,15988,3650,50054
2024-05-05T11:00,-0.04,25852,17069,2900,47332
2024-05-05T12:00,-0.97,26512,16261,2559,44963
2024-05-05T13:00,-0.10,25528,15530,2530,44018
2024-05-05T14:00,0.00,22462,14036,2542,44534
2024-05-05T15:00,32.00,16454,14437,2310,46047
2024-05-05T16:00,86.50,9218,14095,2344,47798
2024-05-05T17:00,96.24,3165,12844,2040,48326
2024-05-05T18:00,111.92,344,11632,1773,47602
2024-05-05T19:00,107.53,4,10231,1506,47080
2024-05-05T20:00,98.74,5,8998,1019,45562
2024-05-05T21:00,88.67,3,8354,867,42772
2024-05-05T22:00,82.86,3,7573,691,40504
2024-05-05T23:00,79.59,3,7195,678,39771
2024-05-06T00:00,80.41,3,6987,666,39311
2024-05-06T01:00,79.95,3,6089,688,39475
2024-05-06T02:00,81.69,3,5230,572,40830
2024-05-06T03:00,88.78,53,5042,474,44374
2024-05-06T04:00,107.09,1309,4529,497,51871
2024-05-06T05:00,130.26,5148,3841,484,57234
2024-05-06T06:00,101.35,10488,3104,541,61031
2024-05-06T07:00,89.00,16439,2521,574,61920
2024-05-06T08:00,81.11,22056,2573,414,61754
2024-05-06T09:00,76.23,26518,2652,357,62677
2024-05-06T10:00,76.26,28708,2725,391,62490
2024-05-06T11:00,74.71,26939,2944,441,61847
2024-05-06T12:00,74.89,24176,3180,424,60968
2024-05-06T13:00,81.11,21113,3681,440,59908
2024-05-06T14:00,81.62,16362,4269,418,58588
2024-05-06T15:00,93.36,10998,4492,414,58318
2024-05-06T16:00,108.37,6052,5000,358,58302
2024-05-06T17:00,136.65,2268,5546,334,57662
2024-05-06T18:00,143.99,325,6467,366,56400
2024-05-06T19:00,107.98,4,7231,705,54797
2024-05-06T20:00,94.58,3,7838,881,51761
2024-05-06T21:00,84.42,3,8070,827,47789
2024-05-06T22:00,81.73,3,8038,1116,44951
2024-05-06T23:00,79.17,3,7826,1272,44111
2024-05-07T00:00,77.23,3,7747,1206,43178
2024-05-07T01:00,79.99,3,7380,972,43012
2024-05-07T02:00,80.08,3,6796,814,43623
2024-05-07T03:00,82.06,49,6556,807,46978
2024-05-07T04:00,98.84,1134,6356,687,54061
2024-05-07T05:00,121.70,4092,5498,618,58999
2024-05-07T06:00,112.66,8178,4477,438,61913
2024-05-07T07:00,91.75,13079,3711,362,62423
2024-05-07T08:00,85.21,17742,3382,375,62802
2024-05-07T09:00,81.08,20320,3561,333,63177
2024-05-07T10:00,74.73,20904,3882,304,62407
2024-05-07T11:00,70.43,20215,4317,273,61805
2024-05-07T12:00,65.53,18764,4808,245,60508
2024-05-07T13:00,74.05,16811,5260,175,59538
2024-05-07T14:00,83.12,13977,5212,154,58802
2024-05-07T15:00,90.82,10357,4961,66,58841
2024-05-07T16:00,105.86,6132,4567,68,58510
2024-05-07T17:00,133.85,2502,4746,122,58016
2024-05-07T18:00,151.05,407,4819,121,56284
2024-05-07T19:00,122.04,8,4959,56,54473
2024-05-07T20:00,101.70,4,5348,58,51148
2024-05-07T21:00,88.22,4,5558,73,47330
2024-05-07T22:00,83.97,3,5360,84,44339
2024-05-07T23:00,80.84,3,5193,83,42770
2024-05-08T00:00,80.88,3,4759,50,42152
2024-05-08T01:00,82.47,3,4343,59,42488
2024-05-08T02:00,82.48,3,4055,107,43288
2024-05-08T03:00,89.59,73,3846,129,46342
2024-05-08T04:00,107.48,1246,3545,155,52941
2024-05-08T05:00,118.96,4835,2453,157,58039
2024-05-08T06:00,110.12,10547,1350,128,61252
2024-05-08T07:00,92.41,17591,1219,129,61725
2024-05-08T08:00,85.40,23733,1664,110,61563
2024-05-08T09:00,79.48,27508,1921,112,61596
2024-05-08T10:00,72.93,28756,1922,88,60905
2024-05-08T11:00,68.79,28208,2004,58,59634
2024-05-08T12:00,66.58,27361,2038,63,58302
2024-05-08T13:00,66.95,24835,2265,125,57227
2024-05-08T14:00,75.72,20704,2546,125,55639
2024-05-08T15:00,91.10,15183,2772,117,56010
2024-05-08T16:00,106.50,8774,2994,136,55768
2024-05-08T17:00,127.54,3339,3048,151,55697
2024-05-08T18:00,134.42,541,3464,193,54066
2024-05-08T19:00,114.65,10,4201,233,52479
2024-05-08T20:00,96.54,3,4756,157,48988
2024-05-08T21:00,87.96,3,4560,96,45533
2024-05-08T22:00,87.60,4,3934,75,42018
2024-05-08T23:00,88.06,3,3076,70,40072
2024-05-09T00:00,82.97,4,2375,73,38726
2024-05-09T01:00,82.95,4,1910,93,38445
2024-05-09T02:00,88.83,4,1556,125,38700
2024-05-09T03:00,90.39,109,1422,195,38443
2024-05-09T04:00,88.13,2081,1320,236,38464
2024-05-09T05:00,80.65,8822,1078,299,40221
2024-05-09T06:00,65.53,19332,518,388,43608
2024-05-09T07:00,23.34,29802,343,448,45838
2024-05-09T08:00,5.07,36896,540,513,46750
2024-05-09T09:00,-0.52,39259,824,639,46407
2024-05-09T10:00,-0.88,40561,996,779,45699
2024-05-09T11:00,-1.35,39896,970,781,43150
2024-05-09T12:00,-2.03,38704,1122,817,41485
2024-05-09T13:00,-0.93,35574,1232,744,41024
2024-05-09T14:00,0.68,29588,1152,799,41433
2024-05-09T15:00,64.48,21605,1248,615,42498
2024-05-09T16:00,89.72,11865,1337,844,44547
2024-05-09T17:00,107.85,4365,1487,738,44892
2024-05-09T18:00,132.79,672,1772,664,44876
2024-05-09T19:00,123.67,12,1924,639,45222
2024-05-09T20:00,99.94,6,2254,673,43474
2024-05-09T21:00,87.75,4,2331,612,40769
2024-05-09T22:00,92.13,3,1925,539,38402
2024-05-09T23:00,84.93,3,1738,654,36892
2024-05-10T00:00,77.07,3,1562,656,36289
2024-05-10T01:00,74.48,3,1382,651,36395
2024-05-10T02:00,74.78,3,1368,782,37579
2024-05-10T03:00,90.45,104,1429,694,40031
2024-05-10T04:00,115.20,2114,1553,620,44165
2024-05-10T05:00,109.47,8334,1347,544,48159
2024-05-10T06:00,95.60,17993,840,454,49729
2024-05-10T07:00,67.39,28438,699,316,50142
2024-05-10T08:00,20.84,36371,802,309,50981
2024-05-10T09:00,2.87,40256,972,342,50904
2024-05-10T10:00,0.52,42000,1226,340,51406
2024-05-10T11:00,0.02,41183,1160,266,50328
2024-05-10T12:00,0.02,38509,1009,130,48700
2024-05-10T13:00,20.42,35037,1128,144,47840
2024-05-10T14:00,65.46,29302,1456,160,47855
2024-05-10T15:00,85.88,21432,1780,204,48868
2024-05-10T16:00,105.91,11932,1950,101,49772
2024-05-10T17:00,136.26,4388,2155,88,49628
2024-05-10T18:00,170.72,644,2714,132,48542
2024-05-10T19:00,136.31,8,3262,196,47840
2024-05-10T20:00,104.87,6,3875,166,45258
2024-05-10T21:00,92.16,4,4125,134,42051
2024-05-10T22:00,96.76,8,4055,137,39450
2024-05-10T23:00,94.18,6,3734,150,37753
2024-05-11T00:00,90.03,4,3212,184,36638
2024-05-11T01:00,89.09,3,2911,183,36236
2024-05-11T02:00,89.91,3,2760,142,36258
2024-05-11T03:00,90.70,116,2818,90,37276
2024-05-11T04:00,86.72,2265,2608,62,38898
2024-05-11T05:00,79.84,8227,1914,132,41450
2024-05-11T06:00,56.47,17103,1110,152,44532
2024-05-11T07:00,6.80,26691,596,126,46917
2024-05-11T08:00,0.00,34643,577,114,47428
2024-05-11T09:00,-10.47,39478,797,42,47351
2024-05-11T10:00,-21.21,41587,989,34,46420
2024-05-11T11:00,-21.99,41240,924,54,44918
2024-05-11T12:00,-24.23,39490,1102,63,43642
2024-05-11T13:00,-11.46,35989,1452,94,43030
2024-05-11T14:00,-0.41,31388,2792,230,43145
2024-05-11T15:00,32.77,23184,3536,694,44012
2024-05-11T16:00,81.83,13390,4848,875,45246
2024-05-11T17:00,101.68,4804,5637,998,45732
2024-05-11T18:00,122.50,743,6899,1238,45253
2024-05-11T19:00,103.48,10,9780,1503,44187
2024-05-11T20:00,86.26,4,11869,1680,42182
2024-05-11T21:00,68.37,3,12755,1900,38935
2024-05-11T22:00,65.49,8,12446,1921,36659
2024-05-11T23:00,54.50,5,11922,1980,35251
2024-05-12T00:00,44.52,4,11787,2197,33866
2024-05-12T01:00,41.22,4,11668,2468,33532
2024-05-12T02:00,46.33,3,10919,2455,33943
2024-05-12T03:00,43.50,149,10396,2570,34151
2024-05-12T04:00,17.61,2586,9628,2578,35022
2024-05-12T05:00,4.79,10068,7124,2765,37538
2024-05-12T06:00,2.35,20684,4414,2928,41128
2024-05-12T07:00,-2.80,30684,3465,1377,43295
2024-05-12T08:00,-25.00,37167,3242,1143,44300
2024-05-12T09:00,-69.64,40443,2863,771,44985
2024-05-12T10:00,-100.06,41448,2654,299,44317
2024-05-12T11:00,-135.45,40958,2641,158,42343
2024-05-12T12:00,-132.85,38678,2698,149,41101
2024-05-12T13:00,-85.08,35236,3409,618,40176
2024-05-12T14:00,-30.00,30759,6492,1573,40550
2024-05-12T15:00,-1.33,23258,9584,2093,42179
2024-05-12T16:00,22.50,13284,12115,4697,44596
2024-05-12T17:00,67.94,4718,13432,5738,45504
2024-05-12T18:00,75.74,780,14117,5628,45321
2024-05-12T19:00,58.26,10,18346,5106,45851
2024-05-12T20:00,44.60,3,20724,4686,45143
2024-05-12T21:00,35.61,3,21225,4667,42378
2024-05-12T22:00,26.84,4,20586,5522,40542
2024-05-12T23:00,25.88,4,19646,6144,39573
2024-05-13T00:00,25.71,3,19010,6074,39293
2024-05-13T01:00,24.70,2,18146,5931,39460
2024-05-13T02:00,27.00,2,17288,5527,40954
2024-05-13T03:00,39.68,169,16767,5795,43616
2024-05-13T04:00,79.97,2392,15316,5564,49532
2024-05-13T05:00,106.60,9148,10890,4298,55552
2024-05-13T06:00,78.47,18798,6240,3889,58875
2024-05-13T07:00,43.51,28221,4825,3504,59066
2024-05-13T08:00,10.38,35259,5703,3591,59431
2024-05-13T09:00,-0.97,39907,7482,3583,59736
2024-05-13T10:00,-2.69,42374,8847,3030,58593
2024-05-13T11:00,-2.27,42228,9671,2536,58273
2024-05-13T12:00,-2.46,39453,9597,2539,57612
2024-05-13T13:00,-0.73,35284,9459,2006,56873
2024-05-13T14:00,0.07,29996,9652,2246,56562
2024-05-13T15:00,55.01,21981,10406,2350,56936
2024-05-13T16:00,83.12,12260,11268,3107,57957
2024-05-13T17:00,146.18,4461,11803,4111,58476
2024-05-13T18:00,139.00,792,13079,4712,56789
2024-05-13T19:00,88.70,12,16857,5180,56102
2024-05-13T20:00,69.55,2,19438,4716,52476
2024-05-13T21:00,52.70,3,20606,4850,47749
2024-05-13T22:00,48.58,3,20838,5253,44976
2024-05-13T23:00,43.43,3,20166,5288,43388
2024-05-14T00:00,35.35,3,19160,5473,42367
2024-05-14T01:00,34.08,2,18374,5592,42279
2024-05-14T02:00,28.89,2,17874,5520,43204
2024-05-14T03:00,52.35,186,18046,5462,45978
2024-05-14T04:00,71.88,2615,17399,5878,52668
2024-05-14T05:00,77.33,10188,13516,5736,57733
2024-05-14T06:00,51.50,21146,9031,5560,60406
2024-05-14T07:00,5.64,31156,8032,5045,60238
2024-05-14T08:00,-2.33,38407,9934,3841,59910
2024-05-14T09:00,-11.12,42375,12668,3456,59817
2024-05-14T10:00,-36.33,44085,13875,2621,59618
2024-05-14T11:00,-42.95,43719,14232,2626,58791
2024-05-14T12:00,-39.66,41493,14966,2510,57459
2024-05-14T13:00,-19.86,37782,16596,3094,57131
2024-05-14T14:00,-2.93,31744,18319,2589,56947
2024-05-14T15:00,-0.04,23366,19303,3037,57063
2024-05-14T16:00,43.74,13026,21621,4012,58458
2024-05-14T17:00,83.90,4575,20286,5012,58844
2024-05-14T18:00,93.47,795,19724,4966,57376
2024-05-14T19:00,76.41,12,23134,4536,56724
2024-05-14T20:00,45.35,3,24240,3960,53289
2024-05-14T21:00,27.71,3,24674,3719,48986
2024-05-14T22:00,30.56,3,23994,3455,45034
2024-05-14T23:00,32.34,3,22988,4127,43478
2024-05-15T00:00,39.38,3,21847,4112,41634
2024-05-15T01:00,41.80,2,20804,3966,41278
2024-05-15T02:00,37.96,2,20138,3832,42218
2024-05-15T03:00,52.87,220,19822,3671,44812
2024-05-15T04:00,85.01,2641,18420,3855,51573
2024-05-15T05:00,88.16,9340,14846,4190,56163
2024-05-15T06:00,84.45,18210,11260,4019,58927
2024-05-15T07:00,48.42,26266,11530,2962,59690
2024-05-15T08:00,7.36,32464,15081,1915,58968
2024-05-15T09:00,-0.08,35733,16405,1668,60922
2024-05-15T10:00,-9.95,36808,16997,1170,59489
2024-05-15T11:00,-11.18,36260,17357,1455,59580
2024-05-15T12:00,-9.91,33704,17816,1732,58143
2024-05-15T13:00,-0.09,29694,17734,1387,58074
2024-05-15T14:00,1.73,24186,17241,1714,57271
2024-05-15T15:00,30.33,16988,18181,2110,58463
2024-05-15T16:00,73.66,9456,18537,2964,59641
2024-05-15T17:00,101.24,3668,18666,3496,59074
2024-05-15T18:00,110.20,724,19196,3743,57164
2024-05-15T19:00,83.80,10,21363,3809,56288
2024-05-15T20:00,63.64,3,21484,3290,51602
2024-05-15T21:00,48.67,3,21166,2996,47560
2024-05-15T22:00,51.14,4,20058,2952,44946
2024-05-15T23:00,47.76,3,19226,3006,44190
2024-05-16T00:00,39.62,2,19359,3088,43032
2024-05-16T01:00,49.49,2,18984,3032,42850
2024-05-16T02:00,44.44,2,18517,2978,43485
2024-05-16T03:00,57.50,208,18500,2970,45837
2024-05-16T04:00,81.35,2366,18274,3160,52584
2024-05-16T05:00,95.81,8106,16784,3103,57348
2024-05-16T06:00,82.98,15966,15022,2602,60174
2024-05-16T07:00,53.10,23896,15178,2090,60298
2024-05-16T08:00,11.50,30127,15977,1592,60968
2024-05-16T09:00,0.08,34056,16246,1985,61674
2024-05-16T10:00,-0.02,34972,15973,2167,61634
2024-05-16T11:00,-0.71,33671,15938,2569,61020
2024-05-16T12:00,-0.16,30572,16282,2097,59338
2024-05-16T13:00,0.01,26214,16476,2132,58357
2024-05-16T14:00,10.00,19938,17632,1776,58667
2024-05-16T15:00,44.95,13919,17842,2446,59466
2024-05-16T16:00,74.96,8108,17938,2983,60504
2024-05-16T17:00,96.06,3303,16882,3250,59553
2024-05-16T18:00,109.91,656,16238,2861,57562
2024-05-16T19:00,87.89,12,16352,2372,55823
2024-05-16T20:00,82.57,6,16098,2465,52110
2024-05-16T21:00,69.18,6,16174,2526,48668
2024-05-16T22:00,69.52,3,15892,1922,44016
2024-05-16T23:00,63.20,3,16170,2180,43055
2024-05-17T00:00,63.22,2,16921,2551,42772
2024-05-17T01:00,62.48,2,18059,2630,42472
2024-05-17T02:00,64.39,3,18670,2664,42944
2024-05-17T03:00,63.24,178,19063,2631,45282
2024-05-17T04:00,83.73,1537,19208,2738,52044
2024-05-17T05:00,99.94,5420,17402,2956,57223
2024-05-17T06:00,94.71,11511,16037,3150,60608
2024-05-17T07:00,73.90,17625,16736,2499,60643
2024-05-17T08:00,64.46,22183,18408,1818,61698
2024-05-17T09:00,57.41,24039,19530,1305,62764
2024-05-17T10:00,38.11,23706,19876,1522,62368
2024-05-17T11:00,28.24,22755,19831,1624,61052
2024-05-17T12:00,31.60,21109,19300,1475,59291
2024-05-17T13:00,37.50,18861,18998,1341,58042
2024-05-17T14:00,52.09,15887,18024,1360,56480
2024-05-17T15:00,70.54,11599,17904,2431,56472
2024-05-17T16:00,69.88,6830,17725,3292,57008
2024-05-17T17:00,94.95,2840,15893,3845,56009
2024-05-17T18:00,107.94,561,13990,3817,53172
2024-05-17T19:00,95.22,12,14010,3786,50966
2024-05-17T20:00,89.39,3,13044,3736,47821
2024-05-17T21:00,80.65,5,12090,3653,44406
2024-05-17T22:00,67.55,7,10743,4165,42708
2024-05-17T23:00,63.61,3,9573,4068,40491
2024-05-18T00:00,63.82,4,9109,3513,38999
2024-05-18T01:00,65.18,2,8600,2959,38849
2024-05-18T02:00,69.01,6,8063,2413,39120
2024-05-18T03:00,72.51,183,7534,1955,39397
2024-05-18T04:00,71.86,1888,6650,1791,40448
2024-05-18T05:00,70.39,6440,4810,1548,43506
2024-05-18T06:00,63.86,13112,3492,1372,46806
2024-05-18T07:00,47.36,20099,3511,1102,49058
2024-05-18T08:00,9.43,25205,4388,871,50496
2024-05-18T09:00,0.71,28640,5169,989,50888
2024-05-18T10:00,-0.02,30208,5725,998,49971
2024-05-18T11:00,-1.30,29548,5815,929,48335
2024-05-18T12:00,-2.79,27407,5706,980,46892
2024-05-18T13:00,-1.92,24464,5609,1119,46642
2024-05-18T14:00,-0.04,20901,5706,1274,46328
2024-05-18T15:00,50.66,15675,5688,1443,47196
2024-05-18T16:00,81.91,9445,5513,1576,47625
2024-05-18T17:00,109.94,3882,4648,1813,47188
2024-05-18T18:00,131.66,770,3844,2213,45456
2024-05-18T19:00,122.78,14,3977,2516,44532
2024-05-18T20:00,96.52,3,3635,2192,42885
2024-05-18T21:00,86.60,6,3462,1688,39945
2024-05-18T22:00,90.69,6,3325,1214,37528
2024-05-18T23:00,89.06,6,3234,1120,35699
2024-05-19T00:00,88.66,4,3328,1186,34671
2024-05-19T01:00,86.91,3,3180,1115,34069
2024-05-19T02:00,86.13,4,3181,1190,33741
2024-05-19T03:00,80.56,191,3418,1108,33563
2024-05-19T04:00,75.57,2165,3290,1141,34319
2024-05-19T05:00,70.24,6924,2507,1156,36590
2024-05-19T06:00,46.96,13779,1874,1044,40141
2024-05-19T07:00,5.60,20502,1916,979,42977
2024-05-19T08:00,-0.03,25004,2384,772,44163
2024-05-19T09:00,-0.18,27627,2488,898,45420
2024-05-19T10:00,-2.06,28862,2576,782,45024
2024-05-19T11:00,-7.41,28948,2753,765,43077
2024-05-19T12:00,-15.13,28032,3544,900,41518
2024-05-19T13:00,-10.00,26010,4656,1230,41528
2024-05-19T14:00,-3.79,22449,5124,2235,42009
2024-05-19T15:00,-0.06,17022,4280,3040,42788
2024-05-19T16:00,64.17,10795,4234,3967,42726
2024-05-19T17:00,89.59,4504,3356,3987,42466
2024-05-19T18:00,113.66,924,2799,3826,41768
2024-05-19T19:00,122.86,22,2389,3886,41496
2024-05-19T20:00,101.93,6,2064,3696,40536
2024-05-19T21:00,86.14,4,1824,3382,38059
2024-05-19T22:00,91.09,3,1643,3054,35478
2024-05-19T23:00,82.64,3,1736,2656,33818
2024-05-20T00:00,86.73,4,1876,2318,32935
2024-05-20T01:00,86.09,4,1688,1957,33119
2024-05-20T02:00,88.21,4,1462,1784,33212
2024-05-20T03:00,91.46,262,1401,1601,33612
2024-05-20T04:00,104.72,2794,1279,1435,34630
2024-05-20T05:00,105.69,9074,713,1289,36684
2024-05-20T06:00,72.24,18086,456,1126,39973
2024-05-20T07:00,32.80,26332,684,976,42756
2024-05-20T08:00,12.41,33591,923,916,44282
2024-05-20T09:00,6.06,37542,1231,958,44914
2024-05-20T10:00,2.41,39082,1425,1081,44443
2024-05-20T11:00,0.00,38723,1660,1033,42946
2024-05-20T12:00,-0.33,36602,2228,1076,42338
2024-05-20T13:00,-0.07,32949,3150,1315,41454
2024-05-20T14:00,0.89,27902,3704,1622,41548
2024-05-20T15:00,64.17,21105,3657,2119,42608
2024-05-20T16:00,85.94,12612,3495,2363,44026
2024-05-20T17:00,113.63,5285,3893,2028,44528
2024-05-20T18:00,135.90,1179,4464,2088,44620
2024-05-20T19:00,120.33,30,6326,2576,44693
2024-05-20T20:00,96.63,6,9511,3000,44099
2024-05-20T21:00,79.86,3,11561,3386,41674
2024-05-20T22:00,81.46,3,12300,4109,39615
2024-05-20T23:00,76.40,3,12482,4504,37704
2024-05-21T00:00,76.21,3,11866,4295,36947
2024-05-21T01:00,77.92,3,11397,4611,37437
2024-05-21T02:00,74.93,4,11593,4834,38570
2024-05-21T03:00,79.58,287,11760,4433,41942
2024-05-21T04:00,112.26,2560,11011,4191,49622
2024-05-21T05:00,122.98,7710,8908,3924,55300
2024-05-21T06:00,97.35,14361,7058,3938,58543
2024-05-21T07:00,81.86,20805,7070,3983,59087
2024-05-21T08:00,66.98,25845,9567,3184,60458
2024-05-21T09:00,54.42,28542,11774,1868,61190
2024-05-21T10:00,28.47,28559,13254,866,60258
2024-05-21T11:00,31.34,25986,13879,776,60152
2024-05-21T12:00,54.09,22404,14880,858,60570
2024-05-21T13:00,69.65,18534,16676,2419,60376
2024-05-21T14:00,79.61,13980,18075,3244,59101
2024-05-21T15:00,87.98,9234,18812,3172,58199
2024-05-21T16:00,103.44,5148,18959,3046,58124
2024-05-21T17:00,126.98,2248,19540,3745,58702
2024-05-21T18:00,99.07,478,19981,3742,56491
2024-05-21T19:00,83.58,10,20381,2995,54389
2024-05-21T20:00,83.05,2,19606,3098,51136
2024-05-21T21:00,65.91,3,19434,2840,47647
2024-05-21T22:00,70.03,2,19488,3720,44714
2024-05-21T23:00,66.40,2,19169,3478,43335
2024-05-22T00:00,64.90,2,19073,3577,42704
2024-05-22T01:00,54.12,2,18861,3566,43377
2024-05-22T02:00,62.66,4,17442,3380,43821
2024-05-22T03:00,70.20,186,16490,4214,46234
2024-05-22T04:00,98.14,1584,16118,4906,52745
2024-05-22T05:00,103.12,4484,14122,4904,57955
2024-05-22T06:00,94.98,8686,12044,5243,61404
2024-05-22T07:00,81.21,13138,10989,6020,62495
2024-05-22T08:00,70.00,17113,10763,6379,63192
2024-05-22T09:00,69.78,19898,10748,4984,63386
2024-05-22T10:00,65.65,21082,10776,3607,62368
2024-05-22T11:00,56.91,22013,10935,2616,62058
2024-05-22T12:00,56.14,21508,11268,2310,61290
2024-05-22T13:00,67.17,20544,11878,2199,59465
2024-05-22T14:00,77.61,18631,11636,2074,57586
2024-05-22T15:00,92.45,15322,10914,2086,57885
2024-05-22T16:00,99.98,9713,9338,1730,57603
2024-05-22T17:00,147.02,4221,7432,1547,57111
2024-05-22T18:00,154.88,920,5441,1436,55368
2024-05-22T19:00,135.99,18,4358,1440,53596
2024-05-22T20:00,107.71,4,4653,1410,50881
2024-05-22T21:00,93.22,3,5812,1099,46600
2024-05-22T22:00,79.27,2,7146,903,43231
2024-05-22T23:00,78.45,2,8477,841,41934
2024-05-23T00:00,74.93,2,9300,854,41010
2024-05-23T01:00,76.68,2,9780,863,41040
2024-05-23T02:00,78.65,3,8892,942,41733
2024-05-23T03:00,84.80,271,8308,930,44165
2024-05-23T04:00,107.98,2730,7382,1116,50733
2024-05-23T05:00,118.00,8812,5528,1262,55448
2024-05-23T06:00,97.84,17362,4639,978,58612
2024-05-23T07:00,75.65,25392,5312,974,59318
2024-05-23T08:00,74.89,30941,5936,1062,59745
2024-05-23T09:00,64.10,33782,6247,1003,60015
2024-05-23T10:00,52.50,34131,6154,1057,58520
2024-05-23T11:00,45.31,33321,5419,1085,57542
2024-05-23T12:00,56.98,31944,4958,1090,56118
2024-05-23T13:00,71.40,28141,4133,1054,55595
2024-05-23T14:00,83.77,23250,3191,1090,55032
2024-05-23T15:00,96.64,17310,2521,973,54571
2024-05-23T16:00,111.49,10305,1840,908,54425
2024-05-23T17:00,156.28,4369,1560,892,54071
2024-05-23T18:00,180.06,1092,1386,797,51920
2024-05-23T19:00,155.98,40,1532,662,49904
2024-05-23T20:00,126.15,4,1791,615,47386
2024-05-23T21:00,105.03,2,2036,576,43827
2024-05-23T22:00,103.17,2,2120,588,41257
2024-05-23T23:00,94.12,2,1841,541,39895
2024-05-24T00:00,89.79,2,1621,398,39219
2024-05-24T01:00,88.22,2,1712,251,39472
2024-05-24T02:00,91.80,4,1891,206,40334
2024-05-24T03:00,103.23,302,2250,288,42621
2024-05-24T04:00,123.84,2264,2640,299,48896
2024-05-24T05:00,122.07,6758,2428,431,54206
2024-05-24T06:00,115.90,13258,1560,474,57412
2024-05-24T07:00,106.10,19909,1472,354,58504
2024-05-24T08:00,96.16,25025,1918,229,58982
2024-05-24T09:00,90.07,27915,2507,128,60075
2024-05-24T10:00,88.98,28566,3185,107,59918
2024-05-24T11:00,87.74,28315,3974,135,58019
2024-05-24T12:00,88.12,26396,5419,215,56023
2024-05-24T13:00,88.18,23206,7346,403,55560
2024-05-24T14:00,84.27,19518,8006,649,55228
2024-05-24T15:00,98.79,14280,8468,946,53983
2024-05-24T16:00,111.77,8552,8200,1120,53699
2024-05-24T17:00,129.99,3704,6829,1298,52895
2024-05-24T18:00,125.00,864,5669,1600,50538
2024-05-24T19:00,115.84,28,4661,1950,48304
2024-05-24T20:00,109.67,4,4176,2128,45653
2024-05-24T21:00,99.84,3,4618,2383,42268
2024-05-24T22:00,94.88,4,4550,2373,38308
2024-05-24T23:00,91.83,7,4286,2395,36739
2024-05-25T00:00,90.43,2,4046,2110,35617
2024-05-25T01:00,89.16,2,4186,1762,35195
2024-05-25T02:00,89.03,4,4057,1742,35270
2024-05-25T03:00,90.26,289,3900,2017,35456
2024-05-25T04:00,90.68,2423,3715,2270,37378
2024-05-25T05:00,86.23,6956,2688,2424,40014
2024-05-25T06:00,78.58,12978,1921,2424,43013
2024-05-25T07:00,74.75,19217,1548,2381,45665
2024-05-25T08:00,54.23,25414,1486,2086,47098
2024-05-25T09:00,9.34,30173,1521,1540,48293
2024-05-25T10:00,3.24,33046,1689,1274,47846
2024-05-25T11:00,0.04,33604,1703,1188,46240
2024-05-25T12:00,0.00,32791,1606,904,44335
2024-05-25T13:00,0.02,30435,1468,909,42997
2024-05-25T14:00,14.23,25768,1613,902,42070
2024-05-25T15:00,76.04,19502,1828,1364,42603
2024-05-25T16:00,96.23,12110,1689,1379,43574
2024-05-25T17:00,115.77,5623,1714,1438,43576
2024-05-25T18:00,131.92,1448,1438,1718,42360
2024-05-25T19:00,136.95,54,1347,1735,41262
2024-05-25T20:00,115.77,5,2026,1359,40245
2024-05-25T21:00,104.54,4,1962,1318,37039
2024-05-25T22:00,107.36,10,1593,1157,36706
2024-05-25T23:00,98.30,6,1170,641,34826
2024-05-26T00:00,90.77,3,982,554,33847
2024-05-26T01:00,90.10,2,959,487,33648
2024-05-26T02:00,91.16,5,933,390,33970
2024-05-26T03:00,88.61,354,1246,212,33520
2024-05-26T04:00,83.49,3224,1420,120,34026
2024-05-26T05:00,71.90,10318,1388,114,36618
2024-05-26T06:00,13.25,20136,818,121,39862
2024-05-26T07:00,0.02,29932,786,199,42206
2024-05-26T08:00,0.00,36398,1089,283,43591
2024-05-26T09:00,-0.09,39028,1495,255,45051
2024-05-26T10:00,-2.12,39018,2256,391,44886
2024-05-26T11:00,-10.66,36747,2960,384,43370
2024-05-26T12:00,-23.88,32962,3622,427,42512
2024-05-26T13:00,-9.91,28922,4925,521,42313
2024-05-26T14:00,-0.60,23813,5791,840,42344
2024-05-26T15:00,57.00,17813,6454,2739,43672
2024-05-26T16:00,93.26,10850,8684,2274,44728
2024-05-26T17:00,118.08,4855,9274,1276,45303
2024-05-26T18:00,118.74,1162,9406,1594,44637
2024-05-26T19:00,121.10,32,9956,1200,44781
2024-05-26T20:00,106.94,4,9818,1617,44412
2024-05-26T21:00,87.50,3,9974,1956,42000
2024-05-26T22:00,78.34,4,8630,1890,39830
2024-05-26T23:00,75.07,4,7902,2083,38558
2024-05-27T00:00,74.44,3,7311,2360,38175
2024-05-27T01:00,74.43,2,6847,2779,38223
2024-05-27T02:00,77.87,4,6403,3393,39293
2024-05-27T03:00,84.04,314,5927,3484,42029
2024-05-27T04:00,112.94,2386,5176,3388,48796
2024-05-27T05:00,128.74,6542,3765,3228,53967
2024-05-27T06:00,124.55,12488,2358,2907,57269
2024-05-27T07:00,107.22,19705,1957,2830,58456
2024-05-27T08:00,88.44,25542,2234,2970,59484
2024-05-27T09:00,86.26,28898,2470,2478,59774
2024-05-27T10:00,77.34,31373,2872,2073,58783
2024-05-27T11:00,74.46,31727,2886,1888,57932
2024-05-27T12:00,72.96,30937,2484,1717,56644
2024-05-27T13:00,77.78,28510,2318,1353,55491
2024-05-27T14:00,84.66,22818,2317,1183,53607
2024-05-27T15:00,111.04,15288,2213,836,53823
2024-05-27T16:00,131.40,8252,2501,531,54204
2024-05-27T17:00,186.68,3383,2592,277,53766
2024-05-27T18:00,221.46,804,3165,292,51655
2024-05-27T19:00,169.86,26,3704,235,49891
2024-05-27T20:00,131.40,5,3576,240,46815
2024-05-27T21:00,113.78,2,3966,162,43394
2024-05-27T22:00,97.78,3,4665,34,40554
2024-05-27T23:00,90.50,3,5634,29,39151
2024-05-28T00:00,87.64,2,6532,203,38923
2024-05-28T01:00,85.22,2,6866,297,38854
2024-05-28T02:00,83.96,3,7435,491,38945
2024-05-28T03:00,88.04,178,8321,495,41927
2024-05-28T04:00,110.34,1857,8399,569,48592
2024-05-28T05:00,120.10,5694,7443,489,53137
2024-05-28T06:00,102.23,11376,7129,485,56184
2024-05-28T07:00,85.43,17740,7337,480,56840
2024-05-28T08:00,72.52,22778,7325,562,58342
2024-05-28T09:00,69.17,25144,7203,716,59342
2024-05-28T10:00,61.10,26810,6763,1170,58919
2024-05-28T11:00,55.25,28664,6051,1364,57982
2024-05-28T12:00,55.27,29868,5915,1238,55782
2024-05-28T13:00,65.66,28920,5778,1141,54928
2024-05-28T14:00,72.52,25810,5628,1086,54640
2024-05-28T15:00,85.80,19970,5040,792,54131
2024-05-28T16:00,102.28,12541,4473,601,53644
2024-05-28T17:00,130.05,5431,4249,533,52989
2024-05-28T18:00,144.31,1250,4384,1190,51589
2024-05-28T19:00,124.00,35,5411,2419,50014
2024-05-28T20:00,100.09,4,7488,3358,48026
2024-05-28T21:00,88.78,4,10308,3958,45338
2024-05-28T22:00,72.22,2,12561,4529,42946
2024-05-28T23:00,57.54,3,13456,4703,41670
2024-05-29T00:00,54.28,3,13600,4681,40930
2024-05-29T01:00,50.59,2,13858,4568,40783
2024-05-29T02:00,49.83,5,14005,4788,42111
2024-05-29T03:00,45.91,409,14507,4313,45141
2024-05-29T04:00,72.15,2794,15721,3671,51170
2024-05-29T05:00,86.45,7205,15640,3705,56229
2024-05-29T06:00,91.52,13368,14232,3995,59380
2024-05-29T07:00,69.11,19486,14238,3959,61141
2024-05-29T08:00,67.85,23641,14945,3186,61676
2024-05-29T09:00,62.12,25418,16018,3266,62394
2024-05-29T10:00,59.07,25711,16115,3254,61812
2024-05-29T11:00,62.25,24576,14887,3317,61550
2024-05-29T12:00,62.18,22706,14482,3946,60696
2024-05-29T13:00,69.49,20291,13544,4655,59653
2024-05-29T14:00,72.67,16578,12258,5120,58479
2024-05-29T15:00,89.23,11983,11276,4604,57987
2024-05-29T16:00,94.66,7846,9743,4198,57988
2024-05-29T17:00,111.44,3854,7870,3996,57568
2024-05-29T18:00,140.50,1049,6565,3560,54203
2024-05-29T19:00,143.26,61,5960,2671,50897
2024-05-29T20:00,120.39,8,5380,1981,48176
2024-05-29T21:00,95.53,2,5168,1702,44948
2024-05-29T22:00,100.43,3,4270,1735,42105
2024-05-29T23:00,96.20,2,3445,1812,40214
2024-05-30T00:00,91.21,3,2795,2119,38988
2024-05-30T01:00,93.63,2,2452,1974,38814
2024-05-30T02:00,94.56,5,2186,1904,38936
2024-05-30T03:00,100.79,302,1981,1725,39406
2024-05-30T04:00,103.37,2085,1805,1767,41616
2024-05-30T05:00,106.67,5912,1588,1738,43724
2024-05-30T06:00,97.71,11661,1462,1513,46084
2024-05-30T07:00,93.90,18168,1633,1304,48374
2024-05-30T08:00,85.00,23543,1828,1160,50212
2024-05-30T09:00,80.00,26598,2101,858,51311
2024-05-30T10:00,70.92,27308,2305,656,51217
2024-05-30T11:00,62.97,26573,2559,500,50741
2024-05-30T12:00,62.97,24860,2982,464,48595
2024-05-30T13:00,67.69,21425,3070,413,48452
2024-05-30T14:00,83.75,17746,3449,481,48283
2024-05-30T15:00,90.13,13784,3777,590,49062
2024-05-30T16:00,110.67,8559,3926,571,49495
2024-05-30T17:00,135.23,4032,4142,470,49236
2024-05-30T18:00,154.73,1130,4310,380,47973
2024-05-30T19:00,143.45,67,4107,699,46906
2024-05-30T20:00,112.11,3,4114,421,45477
2024-05-30T21:00,100.71,3,4347,219,42215
2024-05-30T22:00,96.21,3,4897,467,40454
2024-05-30T23:00,80.71,3,5089,669,38663
2024-05-31T00:00,79.49,3,5006,700,37467
2024-05-31T01:00,73.71,2,4862,891,37399
2024-05-31T02:00,74.53,6,4851,1192,38542
2024-05-31T03:00,90.06,274,4968,942,40824
2024-05-31T04:00,106.27,1678,4910,1107,46205
2024-05-31T05:00,109.11,4482,4434,1507,50450
2024-05-31T06:00,108.72,8124,3953,2016,53803
2024-05-31T07:00,102.36,12042,3539,2373,55435
2024-05-31T08:00,91.97,15770,3362,2441,56261
2024-05-31T09:00,82.02,18994,3456,2374,56400
2024-05-31T10:00,74.91,21028,3627,2815,55986
2024-05-31T11:00,68.50,21826,3931,3650,54522
2024-05-31T12:00,65.30,21552,4406,3730,53240
2024-05-31T13:00,66.94,19659,4525,3996,53018
2024-05-31T14:00,75.07,16771,4776,4220,52402
2024-05-31T15:00,84.10,12485,5148,3977,52517
2024-05-31T16:00,94.46,7578,5588,3187,52882
2024-05-31T17:00,107.94,3532,5458,3416,52303
2024-05-31T18:00,115.00,960,5713,4317,50428
2024-05-31T19:00,107.91,57,5945,4219,48539
2024-05-31T20:00,101.74,3,6416,3785,46482
2024-05-31T21:00,84.18,3,6703,3577,43455
2024-05-31T22:00,88.58,2,6816,3436,40806
2024-05-31T23:00,88.82,3,6752,3500,38784
2024-06-01T00:00,79.66,3,7184,3866,37494
2024-06-01T01:00,72.14,3,7598,3630,36841
2024-06-01T02:00,71.87,6,7691,3434,36769
2024-06-01T03:00,71.83,282,7792,3514,37415
2024-06-01T04:00,75.20,1559,7440,3519,38946
2024-06-01T05:00,74.40,4152,6529,3194,41499
2024-06-01T06:00,72.49,7618,6095,3015,44730
2024-06-01T07:00,61.35,11891,6322,2926,48103
2024-06-01T08:00,47.16,16828,6785,2877,50744
2024-06-01T09:00,41.86,20995,7382,2964,52194
2024-06-01T10:00,21.21,23112,7513,3353,52083
2024-06-01T11:00,7.44,24030,7954,3477,50470
2024-06-01T12:00,2.92,23458,8702,3334,48914
2024-06-01T13:00,5.80,21369,10782,3808,48159
2024-06-01T14:00,13.00,17503,12888,4016,48002
2024-06-01T15:00,52.08,12672,14737,4144,48346
2024-06-01T16:00,67.50,7500,14927,4152,48930
2024-06-01T17:00,81.90,3448,13763,4498,48090
2024-06-01T18:00,85.86,1036,12971,4523,46191
2024-06-01T19:00,81.76,70,13165,4466,44589
2024-06-01T20:00,84.48,4,13431,4306,43527
2024-06-01T21:00,65.39,2,13426,3906,41160
2024-06-01T22:00,35.71,3,13275,4091,38517
2024-06-01T23:00,31.12,3,12986,4355,36855
2024-06-02T00:00,15.85,3,12511,4768,35745
2024-06-02T01:00,7.22,2,12410,4906,35248
2024-06-02T02:00,8.96,6,12855,5087,35583
2024-06-02T03:00,5.13,316,12514,5091,35705
2024-06-02T04:00,4.91,1717,12507,5415,36454
2024-06-02T05:00,4.11,4226,12118,5331,38447
2024-06-02T06:00,0.97,7418,12229,5603,41692
2024-06-02T07:00,0.00,10889,12417,5168,44809
2024-06-02T08:00,1.56,14233,12290,5230,47372
2024-06-02T09:00,0.77,17734,12872,5020,50084
2024-06-02T10:00,-0.10,21031,12922,4018,50496
2024-06-02T11:00,-4.01,22770,12810,3746,49045
2024-06-02T12:00,-15.93,23177,13006,3214,47139
2024-06-02T13:00,-19.58,21703,13929,3092,46116
2024-06-02T14:00,-8.98,18796,15248,3638,45984
2024-06-02T15:00,-1.27,14229,15863,3762,46975
2024-06-02T16:00,13.95,8844,16463,4410,47984
2024-06-02T17:00,67.23,4298,15285,4458,47608
2024-06-02T18:00,94.99,1253,13872,4440,46399
2024-06-02T19:00,106.93,70,12992,4494,45752
2024-06-02T20:00,109.01,3,11578,4156,45299
2024-06-02T21:00,99.16,3,10854,3600,42548
2024-06-02T22:00,98.26,3,9855,3382,40716
2024-06-02T23:00,84.58,3,8853,3560,39210
2024-06-03T00:00,83.67,3,8089,3393,38848
2024-06-03T01:00,83.81,3,7630,3215,38565
2024-06-03T02:00,82.17,6,7576,3410,39638
2024-06-03T03:00,96.17,254,7304,3356,42960
2024-06-03T04:00,133.28,1480,6473,2870,50264
2024-06-03T05:00,193.06,3884,5598,2391,56005
2024-06-03T06:00,164.48,7067,4892,2152,59546
2024-06-03T07:00,128.08,10607,4746,1946,60589
2024-06-03T08:00,99.05,14078,4656,1979,61688
2024-06-03T09:00,95.90,17801,4574,2045,62387
2024-06-03T10:00,81.09,21021,4854,2294,61512
2024-06-03T11:00,74.90,22712,5361,2366,60713
2024-06-03T12:00,67.30,22847,5754,2315,59220
2024-06-03T13:00,72.02,21541,5836,2206,58140
2024-06-03T14:00,78.00,18350,5851,2130,57010
2024-06-03T15:00,105.95,13763,5543,1867,57271
2024-06-03T16:00,127.32,8658,5384,1815,57458
2024-06-03T17:00,182.91,4058,4966,1561,56759
2024-06-03T18:00,215.28,1117,4233,1128,54670
2024-06-03T19:00,198.79,50,3599,902,52286
2024-06-03T20:00,149.29,3,3440,911,49800
2024-06-03T21:00,116.04,3,3350,903,46286
2024-06-03T22:00,106.87,3,2979,821,43462
2024-06-03T23:00,99.98,3,2472,760,42229
2024-06-04T00:00,95.42,3,1913,688,41590
2024-06-04T01:00,92.94,4,1437,617,41448
2024-06-04T02:00,92.25,10,1127,650,42515
2024-06-04T03:00,104.69,382,1102,640,44564
2024-06-04T04:00,162.00,2659,950,631,51185
2024-06-04T05:00,177.66,7488,634,630,55812
2024-06-04T06:00,141.68,14551,515,647,58637
2024-06-04T07:00,112.37,21679,620,924,59178
2024-06-04T08:00,91.60,26318,913,1364,58791
2024-06-04T09:00,81.31,29422,1303,1772,59257
2024-06-04T10:00,67.34,32349,1755,2380,58695
2024-06-04T11:00,55.27,33715,2182,2714,58211
2024-06-04T12:00,43.86,34090,2749,2841,56828
2024-06-04T13:00,47.06,32413,3313,3002,55990
2024-06-04T14:00,64.03,27988,3390,2844,55358
2024-06-04T15:00,84.88,21930,3936,3076,55216
2024-06-04T16:00,116.22,14038,4252,3588,55688
2024-06-04T17:00,176.78,6480,4272,3825,55487
2024-06-04T18:00,235.52,1762,4601,4642,54252
2024-06-04T19:00,140.68,81,6119,4731,52522
2024-06-04T20:00,107.34,4,8503,3704,50180
2024-06-04T21:00,75.81,3,11908,3112,46066
2024-06-04T22:00,56.85,3,14510,3393,43476
2024-06-04T23:00,43.93,3,17784,4385,42132
2024-06-05T00:00,44.55,3,19027,3741,41993
2024-06-05T01:00,50.05,3,20420,3448,41696
2024-06-05T02:00,48.09,8,21132,3513,43095
2024-06-05T03:00,71.19,487,18858,4164,45976
2024-06-05T04:00,103.55,3064,17430,4872,53692
2024-06-05T05:00,142.76,8027,14243,4715,58378
2024-06-05T06:00,112.92,14846,12379,4940,61184
2024-06-05T07:00,84.16,21142,11978,3008,61724
2024-06-05T08:00,69.93,25444,11387,2076,61975
2024-06-05T09:00,62.03,26765,10899,1820,62640
2024-06-05T10:00,48.40,26638,10863,1719,61795
2024-06-05T11:00,30.17,26587,11118,2174,61029
2024-06-05T12:00,26.30,26488,10772,2404,59616
2024-06-05T13:00,30.06,25016,10494,2541,57589
2024-06-05T14:00,62.57,21606,10472,2526,56786
2024-06-05T15:00,80.43,16200,10229,2485,56892
2024-06-05T16:00,105.09,10130,10108,3787,57450
2024-06-05T17:00,126.97,4943,9278,4062,56882
2024-06-05T18:00,155.90,1523,7507,4035,54662
2024-06-05T19:00,158.02,112,6534,4104,52536
2024-06-05T20:00,141.47,4,6095,4468,50492
2024-06-05T21:00,105.99,3,5997,4331,46823
2024-06-05T22:00,93.24,4,5966,3992,43720
2024-06-05T23:00,89.92,3,5140,3891,42070
2024-06-06T00:00,85.86,5,4816,4119,41190
2024-06-06T01:00,85.35,3,4888,4021,41158
2024-06-06T02:00,88.25,11,5322,4300,42247
2024-06-06T03:00,98.97,594,5454,4289,44880
2024-06-06T04:00,123.90,3813,4795,4517,51261
2024-06-06T05:00,127.92,10570,3876,4199,56237
2024-06-06T06:00,96.83,19274,3548,3824,58829
2024-06-06T07:00,71.89,27843,3698,3474,59474
2024-06-06T08:00,57.80,34023,4628,3226,60053
2024-06-06T09:00,30.25,37763,5831,2939,59821
2024-06-06T10:00,24.33,39291,6746,2650,61546
2024-06-06T11:00,19.50,38407,7161,2253,58604
2024-06-06T12:00,24.23,37068,6576,2453,56750
2024-06-06T13:00,37.65,34224,6555,2647,56058
2024-06-06T14:00,62.11,28861,5827,2072,55198
2024-06-06T15:00,80.67,22080,5158,1513,55051
2024-06-06T16:00,89.92,13679,4415,1459,55426
2024-06-06T17:00,115.69,6322,3796,1379,55097
2024-06-06T18:00,163.98,1850,3310,1003,53614
2024-06-06T19:00,167.72,150,3158,763,51401
2024-06-06T20:00,132.45,4,3228,718,49237
2024-06-06T21:00,104.39,3,3283,869,45686
2024-06-06T22:00,101.00,3,2914,932,43132
2024-06-06T23:00,96.13,3,2547,878,41441
2024-06-07T00:00,91.70,3,2196,1001,40661
2024-06-07T01:00,87.53,3,1988,1446,40769
2024-06-07T02:00,84.25,10,1967,1496,41393
2024-06-07T03:00,91.90,540,1770,1388,43952
2024-06-07T04:00,113.95,3520,1623,1626,50402
2024-06-07T05:00,119.05,9710,1382,1705,55510
2024-06-07T06:00,102.76,18300,1153,2000,58527
2024-06-07T07:00,78.56,27671,1891,2375,58721
2024-06-07T08:00,60.66,34340,3551,2435,58423
2024-06-07T09:00,41.39,38269,4387,2717,58656
2024-06-07T10:00,33.91,39372,5512,2751,57502
2024-06-07T11:00,25.36,38576,6580,2796,56252
2024-06-07T12:00,17.41,36508,7088,3142,54922
2024-06-07T13:00,13.08,33164,6962,3618,54644
2024-06-07T14:00,25.57,28387,6477,3709,54608
2024-06-07T15:00,64.56,21985,5500,3804,54221
2024-06-07T16:00,85.21,14267,4340,3384,53658
2024-06-07T17:00,128.58,6663,3469,3102,53249
2024-06-07T18:00,154.75,1908,2711,2722,51636
2024-06-07T19:00,153.85,130,2167,2742,49613
2024-06-07T20:00,126.88,4,2191,2945,47630
2024-06-07T21:00,97.45,3,2594,3613,44174
2024-06-07T22:00,98.36,3,2879,4129,41698
2024-06-07T23:00,90.04,3,3032,3974,39595
2024-06-08T00:00,83.31,3,3652,5286,38232
2024-06-08T01:00,83.53,3,4740,4846,38032
2024-06-08T02:00,79.64,9,5353,4685,37946
2024-06-08T03:00,82.11,612,5431,3780,37574
2024-06-08T04:00,79.38,3940,5892,3684,39152
2024-06-08T05:00,62.82,11458,5848,3430,42672
2024-06-08T06:00,42.20,21690,4322,3541,45537
2024-06-08T07:00,12.24,31317,4792,3794,47010
2024-06-08T08:00,-0.13,37638,6488,2272,47955
2024-06-08T09:00,-2.27,40566,8888,2448,48404
2024-06-08T10:00,-10.26,40285,10486,2306,47962
2024-06-08T11:00,-23.70,38434,11432,2078,46794
2024-06-08T12:00,-30.03,34464,10993,1780,45403
2024-06-08T13:00,-20.62,29149,13118,1817,45221
2024-06-08T14:00,-8.25,22932,15101,1591,45098
2024-06-08T15:00,0.01,16541,15193,2946,45261
2024-06-08T16:00,44.91,10021,14517,2632,45676
2024-06-08T17:00,68.84,4856,14220,3158,46006
2024-06-08T18:00,99.32,1543,14168,3925,45036
2024-06-08T19:00,93.01,134,13567,4354,43532
2024-06-08T20:00,100.00,7,12882,4720,42209
2024-06-08T21:00,78.79,3,12332,4531,39589
2024-06-08T22:00,74.28,3,11175,4974,37770
2024-06-08T23:00,63.59,3,10950,4398,35968
2024-06-09T00:00,42.52,3,10959,4260,35216
2024-06-09T01:00,15.57,3,10468,4029,34976
2024-06-09T02:00,18.19,11,10116,4001,34705
2024-06-09T03:00,11.56,540,9946,3682,34513
2024-06-09T04:00,8.40,3470,9500,3790,35739
2024-06-09T05:00,2.22,10316,7142,4108,38322
2024-06-09T06:00,-0.08,19367,6858,2446,40617
2024-06-09T07:00,-2.01,27288,8145,1928,42560
2024-06-09T08:00,-7.60,32307,8078,1482,43728
2024-06-09T09:00,-15.00,34623,8379,1508,45240
2024-06-09T10:00,-25.00,34856,7582,1351,44608
2024-06-09T11:00,-32.69,34591,7335,1070,43199
2024-06-09T12:00,-37.14,32570,7453,1148,42164
2024-06-09T13:00,-28.68,29776,8922,1309,41720
2024-06-09T14:00,-5.84,25630,11356,1437,41968
2024-06-09T15:00,-0.50,19724,12763,1579,43207
2024-06-09T16:00,42.76,12525,13459,3534,45507
2024-06-09T17:00,96.85,5960,11718,3714,46063
2024-06-09T18:00,115.86,1919,9709,5045,45208
2024-06-09T19:00,111.24,152,9069,5258,44669
2024-06-09T20:00,108.42,3,8448,5902,44616
2024-06-09T21:00,97.21,3,8289,5900,41806
2024-06-09T22:00,73.96,3,8693,5066,39540
2024-06-09T23:00,71.59,3,8920,4522,38854
2024-06-10T00:00,68.73,3,8844,4106,38257
2024-06-10T01:00,68.27,3,8357,3758,38184
2024-06-10T02:00,69.00,11,7818,3457,39511
2024-06-10T03:00,78.32,517,7222,3098,42698
2024-06-10T04:00,117.40,3064,5695,2864,49979
2024-06-10T05:00,185.18,8687,3934,2299,54658
2024-06-10T06:00,146.21,16735,3350,1787,57895
2024-06-10T07:00,107.25,25072,3698,1542,58533
2024-06-10T08:00,89.46,30611,4564,896,58258
2024-06-10T09:00,85.04,32739,5855,1165,60453
2024-06-10T10:00,74.30,32784,6901,671,59142
2024-06-10T11:00,73.59,31881,8034,660,59158
2024-06-10T12:00,67.07,29037,9099,868,58461
2024-06-10T13:00,65.88,25377,10000,729,57302
2024-06-10T14:00,70.00,20974,10689,1094,56362
2024-06-10T15:00,81.20,15224,11826,1719,56549
2024-06-10T16:00,98.53,9219,13694,2307,56816
2024-06-10T17:00,118.59,4129,14264,3242,56304
2024-06-10T18:00,124.45,1095,15128,3656,54214
2024-06-10T19:00,113.32,61,16490,3969,52133
2024-06-10T20:00,98.41,3,16948,4236,49321
2024-06-10T21:00,77.76,4,18419,4326,46188
2024-06-10T22:00,60.07,3,19533,4715,43455
2024-06-10T23:00,56.96,3,20221,4633,42368
2024-06-11T00:00,62.95,3,21142,4428,42183
2024-06-11T01:00,55.82,3,21659,4034,42603
2024-06-11T02:00,60.06,8,21948,3769,43418
2024-06-11T03:00,59.11,358,21858,3208,45820
2024-06-11T04:00,81.83,2417,21291,3415,52023
2024-06-11T05:00,100.26,6622,20790,3797,56924
2024-06-11T06:00,91.50,12308,20700,3307,59778
2024-06-11T07:00,68.27,17601,20911,2205,60588
2024-06-11T08:00,49.92,22198,21075,1446,61293
2024-06-11T09:00,32.13,26094,20730,2288,61974
2024-06-11T10:00,11.12,27960,20223,2997,61567
2024-06-11T11:00,0.76,28972,19750,3344,60373
2024-06-11T12:00,0.00,29344,18662,3425,58750
2024-06-11T13:00,0.03,27860,17636,4004,57844
2024-06-11T14:00,13.89,24005,18013,3152,57253
2024-06-11T15:00,55.27,18318,18304,3334,57906
2024-06-11T16:00,71.65,11760,17433,3743,57720
2024-06-11T17:00,100.00,5782,14507,4254,57261
2024-06-11T18:00,127.64,1962,11506,4930,55607
2024-06-11T19:00,122.37,174,10620,5438,53362
2024-06-11T20:00,106.74,9,10309,5329,50980
2024-06-11T21:00,90.82,3,10924,5260,47674
2024-06-11T22:00,88.85,4,11071,5236,44935
2024-06-11T23:00,85.35,6,11144,4546,43271
2024-06-12T00:00,80.29,5,10846,4814,42596
2024-06-12T01:00,82.11,4,10388,4524,42585
2024-06-12T02:00,86.11,12,10719,4262,43850
2024-06-12T03:00,94.65,563,10022,4172,46581
2024-06-12T04:00,124.74,3612,8397,4181,53259
2024-06-12T05:00,136.40,10373,6439,3918,57763
2024-06-12T06:00,114.62,19461,6251,3902,60584
2024-06-12T07:00,78.65,27320,7210,3868,60902
2024-06-12T08:00,64.19,31248,8389,2929,61536
2024-06-12T09:00,58.00,32499,9742,2920,61809
2024-06-12T10:00,42.09,33115,10428,2682,61065
2024-06-12T11:00,40.72,33249,10374,2358,60386
2024-06-12T12:00,39.68,32876,11514,2421,59399
2024-06-12T13:00,45.34,29832,11530,2552,58546
2024-06-12T14:00,63.00,25162,11708,2786,58118
2024-06-12T15:00,81.20,19136,10224,3434,57745
2024-06-12T16:00,99.95,12066,9330,4061,57938
2024-06-12T17:00,135.70,5709,8222,4352,57388
2024-06-12T18:00,154.34,1808,6726,4271,55575
2024-06-12T19:00,154.66,147,5724,4235,53126
2024-06-12T20:00,130.88,14,5227,3748,50834
2024-06-12T21:00,107.07,10,5509,3535,47389
2024-06-12T22:00,99.00,6,5627,3235,44528
2024-06-12T23:00,93.26,6,5911,2747,42788
2024-06-13T00:00,84.19,4,5902,2504,41759
2024-06-13T01:00,85.21,4,5882,2714,41617
2024-06-13T02:00,83.83,12,5713,2889,42718
2024-06-13T03:00,98.96,552,5219,2786,45396
2024-06-13T04:00,122.41,3390,4482,2508,51900
2024-06-13T05:00,131.09,9176,2797,1774,56800
2024-06-13T06:00,115.02,17604,2371,1218,59620
2024-06-13T07:00,83.80,25942,2630,1066,59808
2024-06-13T08:00,69.01,31538,3347,1234,59671
2024-06-13T09:00,61.71,34235,4248,1377,60026
2024-06-13T10:00,53.36,35154,4669,1376,59358
2024-06-13T11:00,46.96,35234,5085,1402,58872
2024-06-13T12:00,43.35,33745,5198,1493,57718
2024-06-13T13:00,53.74,30888,4820,1468,56682
2024-06-13T14:00,77.42,27139,3810,1300,55362
2024-06-13T15:00,80.08,21270,3226,1200,55710
2024-06-13T16:00,106.91,13931,2328,1247,56461
2024-06-13T17:00,139.66,6598,1796,1280,56056
2024-06-13T18:00,188.35,1924,1894,1281,54414
2024-06-13T19:00,163.84,134,3018,1361,52026
2024-06-13T20:00,108.37,10,4981,1306,49914
2024-06-13T21:00,85.18,4,7802,1190,46196
2024-06-13T22:00,83.13,4,10121,1150,43016
2024-06-13T23:00,71.45,4,11854,1160,41366
2024-06-14T00:00,63.93,3,13344,1056,40969
2024-06-14T01:00,59.53,3,14403,1116,41431
2024-06-14T02:00,55.82,7,14701,1206,41966
2024-06-14T03:00,64.22,381,14974,1468,44378
2024-06-14T04:00,85.01,2428,14466,1441,51834
2024-06-14T05:00,100.95,5496,11765,2010,57070
2024-06-14T06:00,104.99,9324,9646,2212,59469
2024-06-14T07:00,102.54,13530,8661,2433,60172
2024-06-14T08:00,82.18,17333,9248,2566,60594
2024-06-14T09:00,68.10,20211,11802,2467,61296
2024-06-14T10:00,60.88,22764,14058,2518,61977
2024-06-14T11:00,47.46,23131,14813,2623,60749
2024-06-14T12:00,40.74,22004,14561,2798,57921
2024-06-14T13:00,41.00,19817,13800,2979,57243
2024-06-14T14:00,60.31,16982,12610,3244,56612
2024-06-14T15:00,75.00,13484,11420,3243,56487
2024-06-14T16:00,90.98,9293,10243,3128,56394
2024-06-14T17:00,136.00,4750,9242,2966,54454
2024-06-14T18:00,127.31,1498,8496,2713,51835
2024-06-14T19:00,117.12,108,9654,2720,49308
2024-06-14T20:00,83.41,10,11608,2602,47529
2024-06-14T21:00,59.42,6,14202,2349,44745
2024-06-14T22:00,60.68,3,16014,2489,41144
2024-06-14T23:00,41.04,4,16341,2679,39740
2024-06-15T00:00,29.97,3,16922,2538,38302
2024-06-15T01:00,28.86,4,18303,2395,37474
2024-06-15T02:00,22.51,13,18833,2936,37554
2024-06-15T03:00,10.04,433,20428,3017,38076
2024-06-15T04:00,1.54,1985,22614,3541,39752
2024-06-15T05:00,0.09,4426,23612,4336,42684
2024-06-15T06:00,0.00,7915,24624,4088,46150
2024-06-15T07:00,-0.06,13024,24932,2598,48120
2024-06-15T08:00,-10.08,18982,22923,1764,49028
2024-06-15T09:00,-29.04,24714,21098,1731,50688
2024-06-15T10:00,-44.92,29025,17943,1854,49668
2024-06-15T11:00,-65.46,31258,13487,1851,47308
2024-06-15T12:00,-80.01,31521,12282,1761,46044
2024-06-15T13:00,-56.23,30011,14606,2072,44921
2024-06-15T14:00,-29.53,26526,17674,2091,45191
2024-06-15T15:00,-4.84,20758,19672,2388,46499
2024-06-15T16:00,-0.01,13415,19272,3483,46934
2024-06-15T17:00,40.00,6372,15802,5623,46060
2024-06-15T18:00,84.28,2000,12005,5929,44270
2024-06-15T19:00,79.92,152,10317,6062,42902
2024-06-15T20:00,64.30,6,10710,6296,41882
2024-06-15T21:00,40.40,3,11957,6098,39495
2024-06-15T22:00,24.91,4,12758,5844,38256
2024-06-15T23:00,10.36,4,12998,5800,36443
2024-06-16T00:00,4.92,3,13141,5850,35492
2024-06-16T01:00,2.92,3,13273,5664,34690
2024-06-16T02:00,2.19,12,13434,5168,35064
2024-06-16T03:00,2.53,501,13286,5161,35167
2024-06-16T04:00,2.95,3225,12298,5194,36111
2024-06-16T05:00,0.69,9294,10442,5360,38017
2024-06-16T06:00,-0.02,17111,8693,4137,40975
2024-06-16T07:00,-1.28,24426,8574,3577,43381
2024-06-16T08:00,-10.00,30399,9438,2205,44948
2024-06-16T09:00,-13.33,33166,11056,1877,46285
2024-06-16T10:00,-20.01,33384,12246,1825,46819
2024-06-16T11:00,-30.01,32848,12185,1270,45478
2024-06-16T12:00,-35.67,31494,11363,914,43806
2024-06-16T13:00,-29.04,28058,11524,763,42907
2024-06-16T14:00,-10.14,23478,11806,804,43191
2024-06-16T15:00,-2.34,17754,12784,782,45000
2024-06-16T16:00,56.22,11415,11304,2281,46685
2024-06-16T17:00,99.65,5350,8757,2404,45894
2024-06-16T18:00,119.15,1678,6960,2589,45304
2024-06-16T19:00,124.28,160,5893,2230,43957
2024-06-16T20:00,120.34,17,5326,2361,44077
2024-06-16T21:00,94.44,6,6149,2022,41440
2024-06-16T22:00,76.62,3,6720,1676,40161
2024-06-16T23:00,66.73,3,6802,1504,38612
2024-06-17T00:00,68.81,3,6292,1508,37906
2024-06-17T01:00,71.81,3,5738,1697,38243
2024-06-17T02:00,73.56,12,5449,1762,39355
2024-06-17T03:00,90.02,524,5450,1965,42459
2024-06-17T04:00,119.13,2879,5404,1740,49560
2024-06-17T05:00,132.68,7176,4617,1802,55212
2024-06-17T06:00,116.23,13390,3671,1972,58531
2024-06-17T07:00,84.73,20302,4002,1880,60207
2024-06-17T08:00,62.11,26268,5237,2004,60474
2024-06-17T09:00,55.01,30051,6388,2042,60598
2024-06-17T10:00,41.86,31371,7198,2168,59921
2024-06-17T11:00,39.45,31654,7934,1974,59670
2024-06-17T12:00,46.62,30408,8538,1745,58970
2024-06-17T13:00,54.54,27812,8037,1678,58188
2024-06-17T14:00,64.21,23332,7682,1515,57161
2024-06-17T15:00,88.58,17619,6525,1684,57102
2024-06-17T16:00,114.16,11326,4860,1838,56939
2024-06-17T17:00,157.37,5851,3350,1536,56279
2024-06-17T18:00,210.16,1968,2492,1367,54801
2024-06-17T19:00,200.01,193,1900,1228,52264
2024-06-17T20:00,128.15,16,1577,1050,49895
2024-06-17T21:00,101.55,6,1512,834,46191
2024-06-17T22:00,96.92,4,1650,760,43758
2024-06-17T23:00,90.29,4,1675,684,42106
2024-06-18T00:00,87.53,3,1625,659,41016
2024-06-18T01:00,89.29,4,1713,536,41007
2024-06-18T02:00,90.29,17,1922,401,42040
2024-06-18T03:00,95.94,666,2152,298,44722
2024-06-18T04:00,134.49,3844,2104,192,51292
2024-06-18T05:00,130.17,10440,1582,179,56540
2024-06-18T06:00,95.96,19743,1030,154,60064
2024-06-18T07:00,80.90,28690,824,117,60270
2024-06-18T08:00,69.91,34511,805,55,59958
2024-06-18T09:00,54.81,36341,898,21,61045
2024-06-18T10:00,51.16,35936,1086,30,61613
2024-06-18T11:00,51.03,33818,1273,28,60356
2024-06-18T12:00,57.04,30739,1917,31,58026
2024-06-18T13:00,73.12,27243,2749,84,57677
2024-06-18T14:00,76.24,22087,3334,222,57676
2024-06-18T15:00,90.06,15279,3836,366,58449
2024-06-18T16:00,133.25,8965,5038,430,58517
2024-06-18T17:00,158.19,3960,5581,468,57360
2024-06-18T18:00,171.87,1100,5935,616,55752
2024-06-18T19:00,134.47,70,6002,736,53167
2024-06-18T20:00,104.20,12,5610,728,50622
2024-06-18T21:00,91.63,6,5173,701,47364
2024-06-18T22:00,99.95,3,5340,694,44155
2024-06-18T23:00,91.43,3,5394,586,42711
2024-06-19T00:00,86.85,3,5728,519,41892
2024-06-19T01:00,85.78,3,6026,634,41940
2024-06-19T02:00,83.47,8,5461,682,42411
2024-06-19T03:00,86.41,348,5030,935,44764
2024-06-19T04:00,112.55,2330,4527,1238,51564
2024-06-19T05:00,116.83,5944,4098,1334,56746
2024-06-19T06:00,107.33,10920,3992,1654,60166
2024-06-19T07:00,86.31,16294,3954,1607,61731
2024-06-19T08:00,75.10,20897,4163,1500,62520
2024-06-19T09:00,66.23,24204,4030,1599,63287
2024-06-19T10:00,58.03,26378,4386,1454,62450
2024-06-19T11:00,39.84,27599,4849,1348,61521
2024-06-19T12:00,22.41,27024,5806,1640,59991
2024-06-19T13:00,23.56,24886,6576,1736,59241
2024-06-19T14:00,59.90,22252,6920,1784,57558
2024-06-19T15:00,70.00,18356,7104,2318,58270
2024-06-19T16:00,88.44,12521,7044,2598,57664
2024-06-19T17:00,102.90,6453,6531,2575,55932
2024-06-19T18:00,143.66,2094,5761,2598,54903
2024-06-19T19:00,115.08,207,5216,2021,52806
2024-06-19T20:00,108.26,6,5404,1718,51164
2024-06-19T21:00,93.21,3,6166,1500,47747
2024-06-19T22:00,85.89,3,6346,1452,44590
2024-06-19T23:00,78.62,4,6349,1378,42878
2024-06-20T00:00,78.88,4,5967,1242,42383
2024-06-20T01:00,78.82,6,5210,1163,42158
2024-06-20T02:00,78.62,15,4820,1281,43017
2024-06-20T03:00,86.55,523,4694,1044,45507
2024-06-20T04:00,114.11,3117,5072,706,51421
2024-06-20T05:00,112.84,8720,4702,648,55820
2024-06-20T06:00,102.99,16424,3172,435,59615
2024-06-20T07:00,80.69,24075,2196,249,60571
2024-06-20T08:00,69.13,30904,1628,199,60216
2024-06-20T09:00,58.77,35501,1761,202,60222
2024-06-20T10:00,55.46,36106,1854,148,60304
2024-06-20T11:00,53.81,32746,1868,163,60118
2024-06-20T12:00,57.18,28583,1861,211,59585
2024-06-20T13:00,68.58,24570,2018,193,58729
2024-06-20T14:00,80.00,20371,2219,362,57038
2024-06-20T15:00,98.27,15224,2185,196,56845
2024-06-20T16:00,119.31,10198,2190,176,57306
2024-06-20T17:00,155.62,5136,2377,135,57016
2024-06-20T18:00,200.09,1600,2817,75,54836
2024-06-20T19:00,130.06,140,3288,22,52171
2024-06-20T20:00,111.83,12,3882,47,50002
2024-06-20T21:00,95.05,3,4348,52,46395
2024-06-20T22:00,100.81,3,3974,38,43436
2024-06-20T23:00,90.77,3,4093,50,41484
2024-06-21T00:00,89.95,3,4030,49,40541
2024-06-21T01:00,87.83,3,3548,97,40792
2024-06-21T02:00,86.31,10,3527,157,41627
2024-06-21T03:00,86.14,529,3763,323,43968
2024-06-21T04:00,96.92,3014,4244,454,50290
2024-06-21T05:00,122.80,6714,4324,460,55202
2024-06-21T06:00,121.84,10343,3349,354,59151
2024-06-21T07:00,111.67,13743,2800,349,60845
2024-06-21T08:00,100.65,17655,2800,469,62310
2024-06-21T09:00,89.94,20830,3423,659,62181
2024-06-21T10:00,88.54,21290,3859,794,61337
2024-06-21T11:00,82.68,20612,4669,1063,60428
2024-06-21T12:00,78.22,20115,5348,1567,58188
2024-06-21T13:00,82.03,17728,6255,1560,57012
2024-06-21T14:00,88.85,13887,8126,1404,56922
2024-06-21T15:00,100.65,9720,9534,1364,57188
2024-06-21T16:00,110.00,6698,10349,1510,56326
2024-06-21T17:00,116.93,3704,11215,1667,55432
2024-06-21T18:00,114.40,1253,11190,1838,52786
2024-06-21T19:00,105.26,116,12298,1875,50361
2024-06-21T20:00,95.99,12,13084,2038,48170
2024-06-21T21:00,82.14,4,14810,1802,45208
2024-06-21T22:00,80.07,3,16431,1536,42020
2024-06-21T23:00,70.25,4,17181,1581,40342
2024-06-22T00:00,62.43,4,17737,2029,38921
2024-06-22T01:00,50.50,5,17584,1838,38085
2024-06-22T02:00,49.62,7,17712,1237,37956
2024-06-22T03:00,46.47,276,17672,1240,37836
2024-06-22T04:00,60.56,2382,17690,879,40050
2024-06-22T05:00,48.89,7028,16026,908,43094
2024-06-22T06:00,44.92,13903,14128,1113,46743
2024-06-22T07:00,34.65,21220,13806,1310,50349
2024-06-22T08:00,12.54,27952,14148,1166,51669
2024-06-22T09:00,3.59,32325,14336,1141,52163
2024-06-22T10:00,2.62,35072,13671,1127,50876
2024-06-22T11:00,0.03,35025,12795,1236,48717
2024-06-22T12:00,-0.01,32816,12716,1163,47504
2024-06-22T13:00,-0.07,29196,12376,1134,47378
2024-06-22T14:00,4.23,24760,12475,1452,47722
2024-06-22T15:00,42.59,18766,11644,1722,48230
2024-06-22T16:00,80.49,12277,11250,2206,48663
2024-06-22T17:00,112.16,6084,9619,2364,47616
2024-06-22T18:00,122.81,2030,7727,2234,45608
2024-06-22T19:00,124.05,196,6803,2065,44088
2024-06-22T20:00,110.17,7,6170,2182,43422
2024-06-22T21:00,89.77,5,6133,2276,41529
2024-06-22T22:00,90.49,5,5813,2382,39055
2024-06-22T23:00,79.25,4,5642,2437,37201
2024-06-23T00:00,71.24,4,6302,2312,36246
2024-06-23T01:00,70.67,4,6734,2029,35801
2024-06-23T02:00,66.94,11,6662,1796,35732
2024-06-23T03:00,62.09,471,6006,1718,35073
2024-06-23T04:00,57.90,2949,4925,1604,36172
2024-06-23T05:00,46.35,8560,3246,1383,38642
2024-06-23T06:00,19.77,15956,3017,1117,41726
2024-06-23T07:00,4.24,23115,3538,613,43547
2024-06-23T08:00,0.00,28648,3718,439,44668
2024-06-23T09:00,-0.05,31908,3742,220,45742
2024-06-23T10:00,-0.10,34024,4292,226,45539
2024-06-23T11:00,-1.05,34571,4922,254,44010
2024-06-23T12:00,-2.21,33230,4940,217,42968
2024-06-23T13:00,-2.05,30115,5162,238,42105
2024-06-23T14:00,-0.27,25907,5668,390,42608
2024-06-23T15:00,22.61,19945,5293,719,44178
2024-06-23T16:00,71.12,12877,4505,842,45536
2024-06-23T17:00,99.50,6479,3321,623,45378
2024-06-23T18:00,115.14,2091,2344,430,44845
2024-06-23T19:00,115.44,200,2328,281,43662
2024-06-23T20:00,114.33,5,2460,221,44030
2024-06-23T21:00,99.79,4,2740,192,41637
2024-06-23T22:00,106.18,5,2685,173,39301
2024-06-23T23:00,92.19,5,2597,122,38020
2024-06-24T00:00,84.93,5,2664,103,37094
2024-06-24T01:00,84.46,5,2715,125,37165
2024-06-24T02:00,84.96,13,2634,152,38157
2024-06-24T03:00,97.02,584,2548,178,41336
2024-06-24T04:00,136.06,3736,2310,156,48614
2024-06-24T05:00,136.00,11100,1498,69,54159
2024-06-24T06:00,102.99,20859,868,18,57611
2024-06-24T07:00,79.34,30608,785,10,58662
2024-06-24T08:00,53.88,37602,1070,11,58579
2024-06-24T09:00,37.81,40828,1369,15,59112
2024-06-24T10:00,31.19,41762,1384,25,59074
2024-06-24T11:00,29.96,41243,1301,30,58368
2024-06-24T12:00,30.93,40390,1320,26,56638
2024-06-24T13:00,47.85,37630,1366,24,55638
2024-06-24T14:00,66.32,33327,1442,25,55109
2024-06-24T15:00,82.49,26186,1562,10,55004
2024-06-24T16:00,98.39,16802,1720,11,55422
2024-06-24T17:00,153.30,7774,2138,26,55353
2024-06-24T18:00,209.32,2376,2868,50,53730
2024-06-24T19:00,156.00,230,4524,80,51613
2024-06-24T20:00,116.59,6,6304,82,49684
2024-06-24T21:00,91.89,4,8173,91,46176
2024-06-24T22:00,88.80,4,8908,88,43322
2024-06-24T23:00,84.80,3,8849,105,42032
2024-06-25T00:00,84.78,3,8392,117,40753
2024-06-25T01:00,85.22,3,7663,168,40490
2024-06-25T02:00,85.50,12,6698,252,41568
2024-06-25T03:00,94.90,592,6164,227,43862
2024-06-25T04:00,114.80,3743,5350,218,50460
2024-06-25T05:00,122.00,11381,3436,164,55443
2024-06-25T06:00,103.80,21920,1603,112,58366
2024-06-25T07:00,74.64,32186,1556,147,59533
2024-06-25T08:00,48.32,39804,2558,126,59618
2024-06-25T09:00,12.83,44146,3712,129,59663
2024-06-25T10:00,0.00,46458,4493,194,59094
2024-06-25T11:00,-0.05,46815,4809,312,58406
2024-06-25T12:00,-0.04,45264,5178,436,56923
2024-06-25T13:00,11.59,41298,5328,666,55763
2024-06-25T14:00,48.37,35480,5988,860,55452
2024-06-25T15:00,74.00,27176,7158,956,56651
2024-06-25T16:00,95.90,17116,7713,1036,56921
2024-06-25T17:00,128.90,7700,7962,1299,56301
2024-06-25T18:00,136.69,2349,7866,1362,55066
2024-06-25T19:00,122.09,217,9656,1572,53191
2024-06-25T20:00,106.57,6,11502,1788,51298
2024-06-25T21:00,89.95,7,12310,1845,47759
2024-06-25T22:00,107.15,5,11700,1617,44948
2024-06-25T23:00,99.88,4,10307,1508,43162
2024-06-26T00:00,95.32,3,8762,1110,42348
2024-06-26T01:00,95.46,3,7677,677,41790
2024-06-26T02:00,91.68,10,7004,500,42199
2024-06-26T03:00,97.01,564,7286,449,44006
2024-06-26T04:00,107.46,3574,6759,559,50590
2024-06-26T05:00,130.00,10604,3909,629,55924
2024-06-26T06:00,121.10,20272,1504,536,59232
2024-06-26T07:00,101.76,30108,1354,482,60469
2024-06-26T08:00,89.48,37356,2394,412,60512
2024-06-26T09:00,84.10,41446,3318,421,61066
2024-06-26T10:00,78.64,42883,3671,470,60460
2024-06-26T11:00,76.54,42380,3523,558,59789
2024-06-26T12:00,80.00,39866,3342,552,58732
2024-06-26T13:00,90.45,35026,3156,560,57863
2024-06-26T14:00,99.86,28557,3239,634,57491
2024-06-26T15:00,105.80,21010,3919,726,57535
2024-06-26T16:00,105.13,12790,4925,926,58339
2024-06-26T17:00,126.73,5946,4930,1262,57580
2024-06-26T18:00,134.39,2010,4972,1556,54227
2024-06-26T19:00,128.85,254,6083,1783,53350
2024-06-26T20:00,115.55,10,7280,1990,51562
2024-06-26T21:00,110.00,7,7597,2022,47942
2024-06-26T22:00,96.00,3,7362,2276,45082
2024-06-26T23:00,86.90,3,6570,2382,43512
2024-06-27T00:00,80.40,3,5868,2071,42969
2024-06-27T01:00,82.84,3,5288,1495,42821
2024-06-27T02:00,78.79,12,4834,1015,43298
2024-06-27T03:00,84.98,500,4485,860,45518
2024-06-27T04:00,117.51,2983,4117,778,51938
2024-06-27T05:00,125.11,8229,2982,959,57114
2024-06-27T06:00,115.00,16348,1874,896,60678
2024-06-27T07:00,88.87,25080,1124,750,61439
2024-06-27T08:00,66.74,32115,1291,632,61823
2024-06-27T09:00,52.40,36278,1840,864,62476
2024-06-27T10:00,48.82,37222,2821,1000,61651
2024-06-27T11:00,45.31,35701,4315,1285,61775
2024-06-27T12:00,44.56,33142,5835,1601,60698
2024-06-27T13:00,48.39,28876,7532,1752,59644
2024-06-27T14:00,61.92,24395,7208,2713,59894
2024-06-27T15:00,75.59,18530,6903,2904,59947
2024-06-27T16:00,79.53,11701,5736,2425,59446
2024-06-27T17:00,110.08,5754,3200,2205,58642
2024-06-27T18:00,200.04,1934,2926,1649,56302
2024-06-27T19:00,186.18,221,2540,953,53692
2024-06-27T20:00,125.21,16,3020,338,51270
2024-06-27T21:00,101.80,6,4280,652,47748
2024-06-27T22:00,96.85,4,5012,739,44654
2024-06-27T23:00,95.42,3,6289,790,42652
2024-06-28T00:00,86.08,3,7320,714,41922
2024-06-28T01:00,79.97,3,8034,674,41774
2024-06-28T02:00,83.61,10,8791,753,42162
2024-06-28T03:00,91.28,516,9198,1306,44769
2024-06-28T04:00,120.29,3266,9320,1621,51365
2024-06-28T05:00,108.93,9018,9124,1816,56560
2024-06-28T06:00,84.89,16974,9166,2396,60010
2024-06-28T07:00,59.90,25454,9770,2956,60404
2024-06-28T08:00,24.45,32759,11446,3296,61154
2024-06-28T09:00,2.03,36289,13335,4017,61660
2024-06-28T10:00,-1.56,36730,14960,4661,61092
2024-06-28T11:00,-5.09,36662,16178,5390,60291
2024-06-28T12:00,-9.95,36204,15419,5428,58056
2024-06-28T13:00,-9.91,34445,14491,5301,56908
2024-06-28T14:00,-6.48,30104,14655,5368,56557
2024-06-28T15:00,3.62,24577,14762,4716,57326
2024-06-28T16:00,41.98,16043,12372,5111,56640
2024-06-28T17:00,84.32,7580,9166,6284,55747
2024-06-28T18:00,108.93,2369,6421,5722,53184
2024-06-28T19:00,138.06,209,5240,4548,50522
2024-06-28T20:00,126.57,20,4244,3662,48501
2024-06-28T21:00,109.02,3,3463,3189,45398
2024-06-28T22:00,110.40,3,2835,2728,42222
2024-06-28T23:00,109.91,4,2590,2086,39890
2024-06-29T00:00,109.89,3,2368,1642,38233
2024-06-29T01:00,109.56,3,2333,1302,37460
2024-06-29T02:00,108.09,12,2360,1110,37284
2024-06-29T03:00,103.07,577,2823,974,37192
2024-06-29T04:00,96.62,3761,3036,691,39101
2024-06-29T05:00,84.14,10740,2405,448,42282
2024-06-29T06:00,66.91,20310,1578,612,45605
2024-06-29T07:00,29.58,29438,1255,671,48470
2024-06-29T08:00,5.04,36452,1042,512,49488
2024-06-29T09:00,0.04,41076,831,311,49188
2024-06-29T10:00,-0.02,43426,640,139,48362
2024-06-29T11:00,-0.23,43587,608,114,47401
2024-06-29T12:00,-0.08,40978,731,58,46417
2024-06-29T13:00,1.30,35885,953,32,46530
2024-06-29T14:00,11.91,28790,1276,39,46593
2024-06-29T15:00,69.51,20621,1918,81,46904
2024-06-29T16:00,104.30,12094,2726,201,48356
2024-06-29T17:00,126.93,5274,4281,314,48082
2024-06-29T18:00,139.20,1609,7167,444,46167
2024-06-29T19:00,113.30,129,10169,582,44276
2024-06-29T20:00,100.08,7,12275,976,43919
2024-06-29T21:00,93.83,3,14554,1460,41103
2024-06-29T22:00,70.06,4,14318,2106,39655
2024-06-29T23:00,61.69,4,14494,2116,38705
2024-06-30T00:00,66.67,3,14700,2173,37805
2024-06-30T01:00,67.05,3,13348,2332,37610
2024-06-30T02:00,64.36,6,12644,2499,37756
2024-06-30T03:00,51.39,256,11291,2050,36961
2024-06-30T04:00,51.56,1532,8934,2156,37028
2024-06-30T05:00,20.42,3821,7197,3060,38853
2024-06-30T06:00,6.83,7625,7016,2201,40835
2024-06-30T07:00,0.82,11379,8299,2051,43994
2024-06-30T08:00,0.00,14322,9224,2256,47221
2024-06-30T09:00,0.00,17743,10412,2060,49258
2024-06-30T10:00,-0.02,20370,11016,1463,49141
2024-06-30T11:00,-1.51,21500,11504,1061,47257
2024-06-30T12:00,-1.09,19334,12537,1218,46404
2024-06-30T13:00,0.00,17452,12929,1124,46669
2024-06-30T14:00,0.91,13626,13868,1120,46498
2024-06-30T15:00,36.66,9246,14094,1566,47892
2024-06-30T16:00,70.02,6406,13027,1780,49275
2024-06-30T17:00,87.26,3352,11593,1575,48616
2024-06-30T18:00,99.90,1111,10118,1449,47644
2024-06-30T19:00,102.39,107,7869,1446,46226
2024-06-30T20:00,102.16,5,5926,1365,45566
2024-06-30T21:00,93.01,3,4974,1255,43048
2024-06-30T22:00,94.88,3,4502,1359,40472
2024-06-30T23:00,84.32,3,4408,1501,39402
2024-07-01T00:00,78.19,3,4279,1399,38459
2024-07-01T01:00,78.01,3,3976,1175,38234
2024-07-01T02:00,75.63,6,4127,1141,39489
2024-07-01T03:00,80.82,293,4650,1170,42308
2024-07-01T04:00,122.19,1956,4594,1214,49761
2024-07-01T05:00,141.30,5532,4678,1404,55221
2024-07-01T06:00,142.36,10442,4621,1499,58836
2024-07-01T07:00,115.57,15488,4813,1760,59617
2024-07-01T08:00,107.01,20190,5264,2258,60681
2024-07-01T09:00,91.67,23495,6388,2472,61023
2024-07-01T10:00,77.38,24756,8098,2641,60504
2024-07-01T11:00,69.90,25296,9306,2776,59947
2024-07-01T12:00,39.92,24398,11228,2864,58689
2024-07-01T13:00,34.61,21700,12953,2336,58078
2024-07-01T14:00,37.63,19034,13954,2443,57654
2024-07-01T15:00,62.20,15151,14474,2408,58276
2024-07-01T16:00,78.04,9938,13504,2885,57931
2024-07-01T17:00,102.47,5029,11043,3136,56790
2024-07-01T18:00,166.79,1628,9246,3598,55159
2024-07-01T19:00,129.10,131,7970,3151,52175
2024-07-01T20:00,107.51,6,7802,2376,49748
2024-07-01T21:00,87.88,4,8552,1997,46784
2024-07-01T22:00,81.59,3,8774,1926,43656
2024-07-01T23:00,79.93,2,9117,2114,42457
2024-07-02T00:00,82.07,2,9169,2426,41877
2024-07-02T01:00,80.95,2,8864,2430,42180
2024-07-02T02:00,81.99,5,8614,2485,42847
2024-07-02T03:00,81.99,341,8785,2100,45209
2024-07-02T04:00,96.50,2490,8382,2492,51953
2024-07-02T05:00,100.69,6477,7601,3176,57018
2024-07-02T06:00,101.27,11598,7213,3764,59642
2024-07-02T07:00,87.50,16368,8120,4091,61293
2024-07-02T08:00,83.11,17877,9688,4534,62237
2024-07-02T09:00,74.56,17398,10834,4454,62711
2024-07-02T10:00,72.72,18351,11692,4653,63341
2024-07-02T11:00,69.16,18374,12930,5112,62486
2024-07-02T12:00,60.93,16948,14444,5360,61605
2024-07-02T13:00,62.73,14530,15371,5029,60315
2024-07-02T14:00,74.22,11993,15575,4700,58914
2024-07-02T15:00,75.90,8890,15605,4880,59487
2024-07-02T16:00,84.79,5620,14326,5058,59614
2024-07-02T17:00,103.63,3030,13243,4695,58265
2024-07-02T18:00,115.00,954,12086,4619,55866
2024-07-02T19:00,109.96,82,11192,4115,53424
2024-07-02T20:00,109.05,4,9805,4007,51226
2024-07-02T21:00,86.00,9,9598,3564,47641
2024-07-02T22:00,68.19,8,8949,3758,45481
2024-07-02T23:00,65.30,3,8382,4236,44099
2024-07-03T00:00,63.18,2,8108,4109,43215
2024-07-03T01:00,65.58,2,7696,4508,43402
2024-07-03T02:00,71.14,4,7361,4297,44442
2024-07-03T03:00,78.91,259,7374,3712,46778
2024-07-03T04:00,100.25,1988,6442,3298,53377
2024-07-03T05:00,116.51,5966,5102,3105,57581
2024-07-03T06:00,115.00,11722,4715,2777,60408
2024-07-03T07:00,90.59,17428,4940,2510,61025
2024-07-03T08:00,76.63,21095,5924,2964,62006
2024-07-03T09:00,73.10,22351,6985,3493,62598
2024-07-03T10:00,71.76,21976,8360,3670,62065
2024-07-03T11:00,71.14,21090,8785,2942,61116
2024-07-03T12:00,73.12,18434,8622,2465,59403
2024-07-03T13:00,71.98,16398,7961,2513,58325
2024-07-03T14:00,74.01,14068,7106,2512,57746
2024-07-03T15:00,86.97,11048,6524,2048,58136
2024-07-03T16:00,99.60,7796,5718,2254,58246
2024-07-03T17:00,118.79,4259,4834,2392,57669
2024-07-03T18:00,163.89,1417,4226,2412,55219
2024-07-03T19:00,115.88,139,4188,2993,53048
2024-07-03T20:00,95.32,16,5220,3409,49910
2024-07-03T21:00,76.10,11,7742,3932,46406
2024-07-03T22:00,64.24,7,9942,5380,44468
2024-07-03T23:00,51.94,4,12097,5888,43452
2024-07-04T00:00,26.46,4,13998,5884,42130
2024-07-04T01:00,18.01,3,15392,5740,42724
2024-07-04T02:00,10.08,5,16841,5412,43564
2024-07-04T03:00,10.27,253,18773,5863,46709
2024-07-04T04:00,36.43,1808,21071,5734,53708
2024-07-04T05:00,40.00,4944,21197,6049,58863
2024-07-04T06:00,33.56,9358,21379,6445,62496
2024-07-04T07:00,22.65,15019,21528,6614,63937
2024-07-04T08:00,1.90,20239,22790,6651,65565
2024-07-04T09:00,0.00,23379,23578,6194,65836
2024-07-04T10:00,-0.04,24884,24128,5083,63646
2024-07-04T11:00,-5.03,26192,23456,4958,62032
2024-07-04T12:00,-19.09,27565,22167,4220,59241
2024-07-04T13:00,-18.03,27416,21163,4092,57379
2024-07-04T14:00,-8.70,24186,21492,4264,56560
2024-07-04T15:00,-0.03,19270,22439,3693,57649
2024-07-04T16:00,6.77,13372,21391,4664,58953
2024-07-04T17:00,49.85,6714,19265,4557,58205
2024-07-04T18:00,86.91,2188,15931,5090,55787
2024-07-04T19:00,115.30,190,14066,5625,53473
2024-07-04T20:00,86.91,8,13459,5923,51343
2024-07-04T21:00,64.01,3,14966,6063,48149
2024-07-04T22:00,31.41,2,15947,5348,45210
2024-07-04T23:00,20.13,3,17200,4739,43594
2024-07-05T00:00,20.59,4,16677,4141,42302
2024-07-05T01:00,19.79,3,16747,4924,42732
2024-07-05T02:00,8.98,6,16704,4694,43682
2024-07-05T03:00,10.01,389,17257,4944,46066
2024-07-05T04:00,38.19,2886,16790,5108,52334
2024-07-05T05:00,45.75,8474,14290,5076,56871
2024-07-05T06:00,39.43,16764,13040,5526,60018
2024-07-05T07:00,18.56,24960,15706,5221,61398
2024-07-05T08:00,2.95,30458,18578,5145,61710
2024-07-05T09:00,0.41,33235,19540,5266,61665
2024-07-05T10:00,-0.05,33603,20220,5132,60593
2024-07-05T11:00,-0.64,32660,19591,5096,59086
2024-07-05T12:00,-0.78,30574,20700,4620,56973
2024-07-05T13:00,-0.03,27746,21360,4438,56550
2024-07-05T14:00,1.93,23350,21174,3526,56409
2024-07-05T15:00,16.81,17450,19250,3110,56371
2024-07-05T16:00,64.35,11309,16078,2551,54456
2024-07-05T17:00,90.09,5884,13462,2080,52148
2024-07-05T18:00,142.36,1950,10447,1626,49422
2024-07-05T19:00,130.38,145,8554,1128,48613
2024-07-05T20:00,102.22,15,8047,967,47223
2024-07-05T21:00,84.95,7,9249,1011,44202
2024-07-05T22:00,89.10,6,10281,1064,41611
2024-07-05T23:00,70.71,5,11234,1228,39826
2024-07-06T00:00,63.52,4,12160,2104,38040
2024-07-06T01:00,46.46,3,13235,2719,37596
2024-07-06T02:00,38.62,6,14816,3678,37618
2024-07-06T03:00,15.69,416,16689,4993,37778
2024-07-06T04:00,5.73,3240,17484,5745,39818
2024-07-06T05:00,5.37,9925,16924,5836,42331
2024-07-06T06:00,3.39,19276,14562,5299,45727
2024-07-06T07:00,0.00,27819,12016,4742,48691
2024-07-06T08:00,-9.92,32903,14132,2636,49916
2024-07-06T09:00,-28.87,33919,16044,1866,50332
2024-07-06T10:00,-32.69,32385,17820,1812,51636
2024-07-06T11:00,-44.10,29383,18501,1816,50762
2024-07-06T12:00,-48.07,25872,17196,1719,49134
2024-07-06T13:00,-34.84,21755,20115,2118,48283
2024-07-06T14:00,-13.68,16098,24833,2558,48905
2024-07-06T15:00,-0.06,11260,28718,2427,49549
2024-07-06T16:00,1.88,7543,31366,4260,50441
2024-07-06T17:00,0.22,4576,29032,4486,49088
2024-07-06T18:00,6.69,1610,27643,5268,47922
2024-07-06T19:00,9.40,166,27752,4578,45874
2024-07-06T20:00,18.00,5,25727,3723,44154
2024-07-06T21:00,14.02,4,23924,3104,41300
2024-07-06T22:00,-0.03,6,21986,3346,38528
2024-07-06T23:00,-0.10,3,20409,4367,37056
2024-07-07T00:00,-0.80,3,19230,4830,36260
2024-07-07T01:00,-0.48,3,18042,4205,34980
2024-07-07T02:00,-0.06,6,16530,4551,35114
2024-07-07T03:00,-0.01,343,15491,4714,35144
2024-07-07T04:00,-0.01,2640,14544,4572,36071
2024-07-07T05:00,-0.01,8688,12094,4072,38098
2024-07-07T06:00,-0.60,16694,10456,3693,40786
2024-07-07T07:00,-6.49,23956,9284,2894,42910
2024-07-07T08:00,-9.98,28870,9112,2316,43930
2024-07-07T09:00,-12.04,30852,9502,2052,45670
2024-07-07T10:00,-13.49,31654,10048,1895,45551
2024-07-07T11:00,-22.37,32044,9183,1831,43428
2024-07-07T12:00,-20.98,30875,7867,1833,41722
2024-07-07T13:00,-12.20,29434,6844,1692,40888
2024-07-07T14:00,-6.16,26215,5659,1307,41395
2024-07-07T15:00,-0.08,20311,5663,1408,43289
2024-07-07T16:00,63.99,13019,5377,2202,44511
2024-07-07T17:00,90.27,6303,3671,2220,44950
2024-07-07T18:00,125.64,2006,2603,1607,44376
2024-07-07T19:00,133.17,133,2159,1907,43806
2024-07-07T20:00,115.20,8,1901,1935,43508
2024-07-07T21:00,97.13,4,2007,1862,41089
2024-07-07T22:00,81.62,5,2268,2469,38865
2024-07-07T23:00,76.65,3,2759,3368,37544
2024-07-08T00:00,74.08,3,3248,3514,37327
2024-07-08T01:00,77.72,3,4014,3731,37818
2024-07-08T02:00,76.28,8,4617,3467,38787
2024-07-08T03:00,80.44,335,5628,3117,42138
2024-07-08T04:00,112.18,2749,6010,2480,49074
2024-07-08T05:00,125.00,8979,5318,1962,54535
2024-07-08T06:00,100.64,18442,3532,1478,57133
2024-07-08T07:00,77.61,28552,3663,1132,57870
2024-07-08T08:00,53.93,36199,4296,1040,58046
2024-07-08T09:00,38.43,40104,4945,934,57973
2024-07-08T10:00,31.79,41762,5127,629,57912
2024-07-08T11:00,29.45,41761,4633,370,56830
2024-07-08T12:00,29.56,40026,3561,334,55600
2024-07-08T13:00,36.75,36267,2709,318,55552
2024-07-08T14:00,64.00,30298,1872,163,54958
2024-07-08T15:00,80.20,22896,1148,41,55093
2024-07-08T16:00,102.63,14424,712,4,55573
2024-07-08T17:00,136.49,6484,632,0,55017
2024-07-08T18:00,257.35,1894,966,0,53327
2024-07-08T19:00,173.69,142,1614,0,51463
2024-07-08T20:00,113.65,7,2711,2,49080
2024-07-08T21:00,92.02,3,4306,9,45669
2024-07-08T22:00,105.52,4,5524,56,42922
2024-07-08T23:00,95.96,3,6566,100,40796
2024-07-09T00:00,93.08,2,7194,156,39583
2024-07-09T01:00,91.14,2,7574,288,39286
2024-07-09T02:00,87.66,4,7828,520,40755
2024-07-09T03:00,96.83,324,8284,590,43594
2024-07-09T04:00,111.38,2787,7768,874,50678
2024-07-09T05:00,103.76,9226,6079,1069,56009
2024-07-09T06:00,94.00,18878,3825,1238,58824
2024-07-09T07:00,67.26,29007,2944,1639,59220
2024-07-09T08:00,46.63,37258,3106,2128,59861
2024-07-09T09:00,33.71,42756,3726,2844,60822
2024-07-09T10:00,21.95,45684,4766,3461,60151
2024-07-09T11:00,5.04,45888,5624,3932,59534
2024-07-09T12:00,2.71,43938,5662,4029,57897
2024-07-09T13:00,11.08,40178,5688,4145,57404
2024-07-09T14:00,53.73,34463,5530,4378,57022
2024-07-09T15:00,81.69,26172,5900,4371,57103
2024-07-09T16:00,99.27,15890,6709,4780,57789
2024-07-09T17:00,151.50,6841,7780,5025,58394
2024-07-09T18:00,147.64,1945,10146,5035,57156
2024-07-09T19:00,108.12,115,14918,5202,55004
2024-07-09T20:00,86.07,4,17340,5159,54057
2024-07-09T21:00,68.89,4,18186,3782,50418
2024-07-09T22:00,55.00,3,17302,2705,47472
2024-07-09T23:00,54.90,4,16318,2360,45388
2024-07-10T00:00,53.92,3,14592,1722,44791
2024-07-10T01:00,54.98,2,11989,3253,45322
2024-07-10T02:00,59.92,4,9671,4975,46047
2024-07-10T03:00,66.14,340,9472,4359,47490
2024-07-10T04:00,84.46,2411,8942,4761,53678
2024-07-10T05:00,106.46,6820,6880,4141,58513
2024-07-10T06:00,102.01,12360,5232,3614,61645
2024-07-10T07:00,84.93,17552,4545,3442,62589
2024-07-10T08:00,65.00,21791,4911,3509,63256
2024-07-10T09:00,55.77,24464,5362,3245,63327
2024-07-10T10:00,47.13,27173,5596,2580,63541
2024-07-10T11:00,44.58,29243,5997,1987,62288
2024-07-10T12:00,55.00,28752,5671,1780,60589
2024-07-10T13:00,58.43,27190,5382,1560,58737
2024-07-10T14:00,67.48,23140,4720,1462,56520
2024-07-10T15:00,80.14,17241,4134,1794,57393
2024-07-10T16:00,80.73,10436,3202,1948,58196
2024-07-10T17:00,99.72,5022,2776,1888,58014
2024-07-10T18:00,148.61,1627,2426,1736,56167
2024-07-10T19:00,164.08,151,2108,1461,53694
2024-07-10T20:00,113.97,6,1739,1407,50960
2024-07-10T21:00,92.92,4,1731,1349,47542
2024-07-10T22:00,96.02,3,1825,1478,44845
2024-07-10T23:00,79.95,3,1877,1859,43046
2024-07-11T00:00,77.06,2,1688,2228,42224
2024-07-11T01:00,79.60,2,1818,2514,42122
2024-07-11T02:00,80.31,4,2095,2552,42746
2024-07-11T03:00,81.98,195,2556,2364,45158
2024-07-11T04:00,107.71,1828,2905,2002,51373
2024-07-11T05:00,120.00,5556,2521,1604,56556
2024-07-11T06:00,106.53,11585,2271,1221,59748
2024-07-11T07:00,89.11,19532,2488,1078,60787
2024-07-11T08:00,80.69,26792,3553,1052,60472
2024-07-11T09:00,66.60,31897,4716,1004,60998
2024-07-11T10:00,57.44,34848,5457,673,60244
2024-07-11T11:00,47.70,36477,5370,604,59226
2024-07-11T12:00,44.48,35838,5103,719,58376
2024-07-11T13:00,50.10,34035,4437,773,57693
2024-07-11T14:00,60.98,29695,3556,732,56827
2024-07-11T15:00,81.91,22398,3112,634,56735
2024-07-11T16:00,91.58,13976,2294,784,56476
2024-07-11T17:00,120.00,6527,1572,1086,56141
2024-07-11T18:00,184.33,1981,1397,1280,54469
2024-07-11T19:00,166.74,146,1419,1400,52289
2024-07-11T20:00,121.59,10,1385,1586,50347
2024-07-11T21:00,98.12,2,1633,1756,46941
2024-07-11T22:00,102.42,2,1870,1692,44483
2024-07-11T23:00,87.31,3,2236,1444,42618
2024-07-12T00:00,82.87,2,2792,1110,41528
2024-07-12T01:00,83.03,2,3560,913,41301
2024-07-12T02:00,82.21,3,4423,682,42287
2024-07-12T03:00,84.25,262,5369,571,44389
2024-07-12T04:00,107.94,2252,6235,529,50517
2024-07-12T05:00,109.92,6739,5932,459,55382
2024-07-12T06:00,109.60,12123,5295,288,58354
2024-07-12T07:00,102.40,16606,5450,150,59620
2024-07-12T08:00,95.87,19347,7084,112,59075
2024-07-12T09:00,89.83,21089,9153,139,59031
2024-07-12T10:00,83.25,22203,11415,243,58625
2024-07-12T11:00,78.60,22623,12497,464,57938
2024-07-12T12:00,78.04,21378,13776,724,56643
2024-07-12T13:00,78.19,20658,15734,866,56488
2024-07-12T14:00,85.71,17466,17283,1366,56386
2024-07-12T15:00,85.54,13154,18127,2196,57520
2024-07-12T16:00,92.26,8076,18724,3338,58177
2024-07-12T17:00,102.39,3686,19037,4476,57032
2024-07-12T18:00,93.29,1031,18626,4638,54870
2024-07-12T19:00,94.61,78,16953,5088,52022
2024-07-12T20:00,85.66,10,16104,5288,49080
2024-07-12T21:00,79.11,6,15603,5389,45962
2024-07-12T22:00,50.65,4,14445,4797,43488
2024-07-12T23:00,50.52,3,13170,4390,40834
2024-07-13T00:00,36.92,4,12166,4542,39610
2024-07-13T01:00,37.67,2,12301,4138,39192
2024-07-13T02:00,32.72,4,12565,4023,38577
2024-07-13T03:00,31.05,124,12602,3984,39123
2024-07-13T04:00,30.66,1655,12854,3895,40374
2024-07-13T05:00,27.82,5634,12974,3771,42800
2024-07-13T06:00,26.60,11555,13346,3726,46350
2024-07-13T07:00,20.97,17375,14324,3978,48354
2024-07-13T08:00,5.16,22311,15146,4073,49658
2024-07-13T09:00,0.04,26052,15105,4174,50282
2024-07-13T10:00,-0.01,28998,13936,4034,49805
2024-07-13T11:00,-5.00,29942,13371,4096,48270
2024-07-13T12:00,-14.90,29541,13517,3690,46900
2024-07-13T13:00,-11.47,27647,13231,3592,46324
2024-07-13T14:00,-3.48,23972,12900,3032,45946
2024-07-13T15:00,-0.01,18666,11721,2826,46691
2024-07-13T16:00,28.77,11827,10006,3559,46782
2024-07-13T17:00,50.33,5722,8087,3523,46321
2024-07-13T18:00,75.45,1853,6476,3458,44557
2024-07-13T19:00,76.26,118,5372,3678,43600
2024-07-13T20:00,78.84,14,4920,3757,42899
2024-07-13T21:00,63.00,6,5224,4037,40392
2024-07-13T22:00,88.95,10,5303,4232,38034
2024-07-13T23:00,63.19,4,6004,4588,36234
2024-07-14T00:00,55.45,2,6096,4877,35800
2024-07-14T01:00,44.30,4,5466,5003,35201
2024-07-14T02:00,37.93,4,5157,5234,35069
2024-07-14T03:00,36.81,269,5844,5100,34912
2024-07-14T04:00,31.96,2768,6039,5385,35793
2024-07-14T05:00,14.28,9324,5326,5692,37646
2024-07-14T06:00,0.29,18955,4532,5776,40636
2024-07-14T07:00,-3.31,28258,4851,3238,42354
2024-07-14T08:00,-21.13,33923,5215,2675,43444
2024-07-14T09:00,-40.08,37002,5576,2287,44700
2024-07-14T10:00,-59.47,37940,6136,2258,44990
2024-07-14T11:00,-73.96,37652,5316,1904,43502
2024-07-14T12:00,-73.96,35444,5288,1916,42544
2024-07-14T13:00,-51.82,31876,7538,2430,42275
2024-07-14T14:00,-20.03,25972,8597,3230,42549
2024-07-14T15:00,-0.05,18335,7982,3482,44096
2024-07-14T16:00,46.54,11063,8250,6291,45752
2024-07-14T17:00,91.93,5293,6848,5625,46277
2024-07-14T18:00,115.80,1586,4656,5908,45602
2024-07-14T19:00,108.68,96,3742,5936,44849
2024-07-14T20:00,105.84,7,4033,6006,44605
2024-07-14T21:00,87.06,4,4670,6062,42370
2024-07-14T22:00,79.35,6,5128,6139,40202
2024-07-14T23:00,66.24,4,5856,5920,38404
2024-07-15T00:00,58.17,3,5956,5753,37449
2024-07-15T01:00,63.03,4,5938,5376,37337
2024-07-15T02:00,67.82,8,5932,4788,38486
2024-07-15T03:00,80.07,285,5974,4196,41392
2024-07-15T04:00,120.00,2844,5724,3984,48658
2024-07-15T05:00,144.10,9625,4882,3846,53888
2024-07-15T06:00,89.77,19470,3451,3295,57322
2024-07-15T07:00,59.29,29589,3513,2691,57891
2024-07-15T08:00,35.52,37088,4090,2291,57713
2024-07-15T09:00,11.29,42312,4374,1919,58323
2024-07-15T10:00,0.07,44973,4514,1606,57717
2024-07-15T11:00,-0.01,44466,3976,1109,56882
2024-07-15T12:00,-0.07,42838,3163,565,55715
2024-07-15T13:00,3.54,39004,2307,264,54746
2024-07-15T14:00,44.29,32255,1658,102,54402
2024-07-15T15:00,82.00,23999,1354,148,54922
2024-07-15T16:00,114.35,13893,1207,60,56189
2024-07-15T17:00,204.19,5436,1679,154,56222
2024-07-15T18:00,224.96,1424,3115,254,54034
2024-07-15T19:00,143.56,82,5786,422,51696
2024-07-15T20:00,92.48,4,8666,773,49605
2024-07-15T21:00,80.10,4,13244,1098,47443
2024-07-15T22:00,76.59,4,16014,1404,44066
2024-07-15T23:00,63.77,2,16424,1665,42365
2024-07-16T00:00,52.49,3,15964,2028,41495
2024-07-16T01:00,36.82,2,15584,2777,42025
2024-07-16T02:00,38.16,4,14317,3960,42739
2024-07-16T03:00,50.32,118,13981,4246,45792
2024-07-16T04:00,80.35,1437,13247,4611,52678
2024-07-16T05:00,90.95,4771,11761,3809,56698
2024-07-16T06:00,84.31,9946,11424,4108,60302
2024-07-16T07:00,62.77,16446,11962,4135,60180
2024-07-16T08:00,21.49,22833,12339,4870,61014
2024-07-16T09:00,0.06,27854,13326,5180,61090
2024-07-16T10:00,-8.03,30715,14371,5388,60433
2024-07-16T11:00,-11.03,32599,14930,4752,59050
2024-07-16T12:00,-11.48,32617,15490,3774,57428
2024-07-16T13:00,-11.14,29635,16024,3129,57386
2024-07-16T14:00,-2.30,25496,16038,2744,56808
2024-07-16T15:00,22.12,19762,16388,1956,56286
2024-07-16T16:00,63.02,12610,15352,1601,56146
2024-07-16T17:00,81.99,6046,13091,1576,55765
2024-07-16T18:00,121.60,1692,11410,1210,53338
2024-07-16T19:00,114.28,100,11494,1261,51053
2024-07-16T20:00,105.81,10,12266,1290,48566
2024-07-16T21:00,84.31,4,13067,1450,45635
2024-07-16T22:00,87.40,4,13423,1137,43472
2024-07-16T23:00,72.98,3,13766,1134,41640
2024-07-17T00:00,72.82,2,14500,1373,40738
2024-07-17T01:00,70.53,2,14816,2431,41342
2024-07-17T02:00,71.05,4,14650,3964,43065
2024-07-17T03:00,77.44,188,14533,4699,45701
2024-07-17T04:00,90.05,1993,13661,5428,52045
2024-07-17T05:00,99.76,6480,11992,5403,56568
2024-07-17T06:00,105.70,12736,11797,5094,59381
2024-07-17T07:00,77.14,19484,12874,4730,60400
2024-07-17T08:00,58.19,24906,13720,3964,60768
2024-07-17T09:00,41.75,27591,13620,2852,60703
2024-07-17T10:00,32.59,28953,13105,3488,60012
2024-07-17T11:00,21.85,28510,12769,3508,59396
2024-07-17T12:00,10.80,27664,12750,3258,57884
2024-07-17T13:00,13.47,26421,12470,3128,57694
2024-07-17T14:00,38.88,23724,11934,2879,56838
2024-07-17T15:00,61.68,18740,10654,3206,57073
2024-07-17T16:00,82.93,12456,9774,3176,57368
2024-07-17T17:00,106.89,5983,8171,2138,56684
2024-07-17T18:00,187.95,1683,6202,1768,55000
2024-07-17T19:00,143.47,80,4866,1446,52916
2024-07-17T20:00,114.91,10,3974,1265,50753
2024-07-17T21:00,92.81,7,3364,1186,47134
2024-07-17T22:00,89.97,8,3176,1252,44564
2024-07-17T23:00,80.29,6,2938,1142,42476
2024-07-18T00:00,79.05,3,3000,911,41278
2024-07-18T01:00,78.54,2,2872,806,41181
2024-07-18T02:00,79.27,5,2715,1150,42432
2024-07-18T03:00,92.10,228,2800,1276,45104
2024-07-18T04:00,120.88,2657,2504,860,50426
2024-07-18T05:00,107.27,8952,1944,734,55408
2024-07-18T06:00,96.74,18135,1261,858,58987
2024-07-18T07:00,79.22,27699,724,809,59796
2024-07-18T08:00,63.84,35330,562,792,60240
2024-07-18T09:00,47.13,39830,603,841,60212
2024-07-18T10:00,35.01,41953,618,718,59398
2024-07-18T11:00,33.96,42160,624,602,58578
2024-07-18T12:00,37.01,40634,642,702,57821
2024-07-18T13:00,48.78,36880,609,652,56931
2024-07-18T14:00,67.56,31284,625,513,55986
2024-07-18T15:00,85.48,24081,624,436,56324
2024-07-18T16:00,92.00,15248,534,406,56725
2024-07-18T17:00,130.18,7007,491,298,56449
2024-07-18T18:00,227.60,1862,758,176,54427
2024-07-18T19:00,184.46,104,1346,86,52421
2024-07-18T20:00,119.54,8,1946,66,50476
2024-07-18T21:00,101.92,4,2730,67,46910
2024-07-18T22:00,90.11,4,3296,64,43815
2024-07-18T23:00,80.45,3,3608,95,42380
2024-07-19T00:00,79.91,3,3545,122,41624
2024-07-19T01:00,79.29,4,3509,159,41096
2024-07-19T02:00,83.38,7,3342,188,41916
2024-07-19T03:00,91.38,224,3184,220,43960
2024-07-19T04:00,115.60,2656,2752,241,49597
2024-07-19T05:00,110.72,9070,2158,254,54542
2024-07-19T06:00,98.40,18096,1196,267,57506
2024-07-19T07:00,81.43,27650,527,288,58720
2024-07-19T08:00,70.00,35655,421,348,58472
2024-07-19T09:00,58.75,40770,600,392,58836
2024-07-19T10:00,44.34,42886,647,498,58710
2024-07-19T11:00,36.50,42107,534,546,56985
2024-07-19T12:00,36.20,39432,468,604,55462
2024-07-19T13:00,42.54,35419,460,788,54888
2024-07-19T14:00,63.79,29726,544,958,54329
2024-07-19T15:00,77.34,22161,761,1035,54686
2024-07-19T16:00,91.61,13436,1188,1212,54260
2024-07-19T17:00,121.02,6004,1771,1226,53476
2024-07-19T18:00,190.46,1740,2430,1234,51358
2024-07-19T19:00,120.00,104,3558,1282,49716
2024-07-19T20:00,106.86,4,4818,1432,47613
2024-07-19T21:00,91.55,4,5648,1812,44551
2024-07-19T22:00,94.73,3,5770,2304,42399
2024-07-19T23:00,89.41,3,5764,2630,40558
2024-07-20T00:00,88.25,4,5658,2559,39190
2024-07-20T01:00,89.88,4,5487,2125,38800
2024-07-20T02:00,94.24,4,5268,1900,38631
2024-07-20T03:00,93.80,178,5432,1807,38719
2024-07-20T04:00,91.49,2243,5086,1463,40376
2024-07-20T05:00,85.99,8095,4162,1142,42807
2024-07-20T06:00,68.20,17098,2071,986,45970
2024-07-20T07:00,49.80,26754,1245,812,48332
2024-07-20T08:00,5.15,34928,1667,738,49257
2024-07-20T09:00,0.00,40766,2248,904,49409
2024-07-20T10:00,-4.65,42572,2337,1069,48922
2024-07-20T11:00,-4.29,42052,2274,1459,47234
2024-07-20T12:00,-2.88,40372,2376,1580,45985
2024-07-20T13:00,-2.71,36563,2364,1421,45713
2024-07-20T14:00,2.42,30598,2531,2966,45904
2024-07-20T15:00,52.29,22544,3061,3319,46752
2024-07-20T16:00,85.00,13731,3710,3443,47560
2024-07-20T17:00,109.56,6026,4651,3568,47463
2024-07-20T18:00,134.75,1518,5847,3575,45710
2024-07-20T19:00,108.81,61,7942,3327,44831
2024-07-20T20:00,84.10,5,10058,3693,43511
2024-07-20T21:00,74.51,3,11917,4034,41038
2024-07-20T22:00,63.63,3,11762,4366,38839
2024-07-20T23:00,56.30,3,10805,4263,37274
2024-07-21T00:00,55.20,3,9712,3806,35993
2024-07-21T01:00,60.38,4,8554,3162,35258
2024-07-21T02:00,68.61,4,7858,2345,34532
2024-07-21T03:00,75.24,185,7332,1882,35052
2024-07-21T04:00,81.37,2384,6508,1497,35611
2024-07-21T05:00,60.31,8337,4870,1237,37764
2024-07-21T06:00,48.68,17067,2068,1207,41250
2024-07-21T07:00,10.57,25838,1148,989,43695
2024-07-21T08:00,0.07,32554,1115,640,45704
2024-07-21T09:00,0.01,36437,1796,316,46218
2024-07-21T10:00,0.01,37654,2236,280,45114
2024-07-21T11:00,-0.08,35655,3078,546,43603
2024-07-21T12:00,-0.21,31952,3594,812,43880
2024-07-21T13:00,0.04,27853,4526,808,43644
2024-07-21T14:00,0.11,21862,5963,882,44262
2024-07-21T15:00,59.81,16090,6105,994,45702
2024-07-21T16:00,94.27,9655,5584,1189,46398
2024-07-21T17:00,108.27,4258,5818,1215,46896
2024-07-21T18:00,127.68,1120,5116,884,46249
2024-07-21T19:00,128.12,49,4121,935,45560
2024-07-21T20:00,111.85,12,3850,1434,44704
2024-07-21T21:00,93.70,8,4707,1612,42421
2024-07-21T22:00,122.10,4,5126,1532,40292
2024-07-21T23:00,96.63,3,5930,1459,38818
2024-07-22T00:00,86.88,3,6474,1614,38550
2024-07-22T01:00,86.93,4,7106,1885,39005
2024-07-22T02:00,86.14,7,7565,2259,39606
2024-07-22T03:00,82.26,84,8527,2615,43281
2024-07-22T04:00,119.48,1219,10510,2724,49990
2024-07-22T05:00,131.68,4516,11259,2520,55564
2024-07-22T06:00,126.05,9790,11511,2360,59137
2024-07-22T07:00,94.34,15883,12478,2019,60342
2024-07-22T08:00,75.14,21911,13364,1634,60377
2024-07-22T09:00,72.88,27233,13944,1305,61436
2024-07-22T10:00,66.22,31023,14072,1072,60355
2024-07-22T11:00,43.25,32966,13981,936,59162
2024-07-22T12:00,19.41,32569,14048,916,57798
2024-07-22T13:00,20.38,30487,13437,588,57046
2024-07-22T14:00,48.46,26884,11844,1152,56418
2024-07-22T15:00,63.69,20935,10719,1603,57264
2024-07-22T16:00,81.15,13544,8709,1556,57173
2024-07-22T17:00,99.04,6022,5634,1610,56165
2024-07-22T18:00,186.24,1510,3249,1465,53878
2024-07-22T19:00,172.04,70,2490,1414,51838
2024-07-22T20:00,111.04,13,2701,1739,49592
2024-07-22T21:00,98.00,3,3434,2454,46329
2024-07-22T22:00,83.39,4,4102,3306,43450
2024-07-22T23:00,75.80,3,5192,3326,42166
2024-07-23T00:00,76.70,3,6059,3167,40677
2024-07-23T01:00,70.50,3,6414,2743,40572
2024-07-23T02:00,73.83,6,6593,2237,41338
2024-07-23T03:00,76.61,132,6988,2110,43547
2024-07-23T04:00,106.73,1892,7300,1835,49414
2024-07-23T05:00,120.51,6474,6467,1742,54238
2024-07-23T06:00,115.21,12770,4965,1784,57300
2024-07-23T07:00,87.29,20291,5091,1774,58725
2024-07-23T08:00,68.87,26420,6641,1713,60476
2024-07-23T09:00,61.37,29080,8277,1474,60902
2024-07-23T10:00,43.42,29901,8898,1314,60165
2024-07-23T11:00,38.29,30908,9185,1178,59267
2024-07-23T12:00,36.01,30155,9892,698,58103
2024-07-23T13:00,41.96,26326,10710,558,57232
2024-07-23T14:00,64.86,21552,10524,975,55954
2024-07-23T15:00,79.53,15754,9940,1240,56098
2024-07-23T16:00,79.92,9314,9975,1070,56368
2024-07-23T17:00,96.03,4274,9960,1188,55725
2024-07-23T18:00,118.52,1125,8482,1578,53192
2024-07-23T19:00,102.01,59,7084,1783,51425
2024-07-23T20:00,99.23,7,6804,1926,48495
2024-07-23T21:00,91.58,3,6868,2727,45252
2024-07-23T22:00,83.55,4,7304,3174,43091
2024-07-23T23:00,78.33,5,7288,3406,41508
2024-07-24T00:00,72.56,5,7520,3610,40881
2024-07-24T01:00,74.85,4,7788,3492,40813
2024-07-24T02:00,74.99,5,7509,3322,41439
2024-07-24T03:00,75.77,109,7598,3206,43940
2024-07-24T04:00,103.07,1658,7485,2936,49548
2024-07-24T05:00,128.90,5236,6640,2615,54207
2024-07-24T06:00,99.19,10398,6864,2372,57744
2024-07-24T07:00,72.91,17137,7546,1801,58973
2024-07-24T08:00,54.90,23830,7610,1224,59772
2024-07-24T09:00,21.19,29255,7795,1050,60542
2024-07-24T10:00,1.58,32706,9269,1423,59663
2024-07-24T11:00,-0.15,33920,9899,2057,57761
2024-07-24T12:00,-2.06,33827,11191,2022,56167
2024-07-24T13:00,-1.96,32477,12114,1837,55424
2024-07-24T14:00,2.21,28530,12125,1694,54912
2024-07-24T15:00,39.27,22360,11750,1690,55166
2024-07-24T16:00,69.34,14076,10020,1518,54756
2024-07-24T17:00,95.90,6238,7756,1392,54574
2024-07-24T18:00,109.93,1481,5232,1234,53042
2024-07-24T19:00,121.82,49,4396,980,51080
2024-07-24T20:00,109.58,7,4146,956,48999
2024-07-24T21:00,95.03,3,4130,936,45783
2024-07-24T22:00,92.55,5,3678,916,43334
2024-07-24T23:00,87.20,3,2844,846,41600
2024-07-25T00:00,84.90,2,2418,725,40437
2024-07-25T01:00,79.92,2,2081,720,40311
2024-07-25T02:00,76.40,4,1776,911,40918
2024-07-25T03:00,92.53,130,1940,1090,43374
2024-07-25T04:00,106.16,2231,1850,1340,48968
2024-07-25T05:00,116.86,8516,1529,1788,53719
2024-07-25T06:00,90.98,17904,1042,2268,56796
2024-07-25T07:00,71.98,27640,1116,2485,57087
2024-07-25T08:00,55.08,34899,1374,2408,57013
2024-07-25T09:00,36.95,38811,1658,2528,57704
2024-07-25T10:00,24.31,41192,1652,2459,57395
2024-07-25T11:00,17.36,42056,1509,2568,56078
2024-07-25T12:00,13.27,40126,1317,2600,55278
2024-07-25T13:00,26.20,35936,1171,2720,54678
2024-07-25T14:00,53.80,29309,1157,2874,53848
2024-07-25T15:00,80.00,20565,1101,2932,54999
2024-07-25T16:00,97.00,11896,1084,2557,55210
2024-07-25T17:00,126.93,5260,1318,2710,54615
2024-07-25T18:00,155.72,1242,1745,3172,53022
2024-07-25T19:00,131.61,24,2101,3249,51656
2024-07-25T20:00,100.00,15,2595,3112,48748
2024-07-25T21:00,84.95,4,3509,2770,45392
2024-07-25T22:00,83.32,5,4694,3280,42950
2024-07-25T23:00,73.90,3,5965,3240,41238
2024-07-26T00:00,79.10,4,6614,2413,40546
2024-07-26T01:00,81.61,2,7027,1912,40504
2024-07-26T02:00,81.17,4,7452,1949,41128
2024-07-26T03:00,83.21,83,8020,2210,43776
2024-07-26T04:00,99.52,1639,8366,2612,49399
2024-07-26T05:00,116.56,5676,7374,2378,54580
2024-07-26T06:00,104.10,11040,6174,2095,57814
2024-07-26T07:00,96.83,15971,5912,1942,59386
2024-07-26T08:00,90.53,19490,5985,1692,60465
2024-07-26T09:00,81.35,21499,6182,1452,60293
2024-07-26T10:00,70.00,23286,6512,1394,59099
2024-07-26T11:00,63.12,23970,7177,1872,57834
2024-07-26T12:00,60.19,24573,7422,1820,56623
2024-07-26T13:00,68.14,24882,7424,1924,55822
2024-07-26T14:00,72.84,22780,6912,1116,53992
2024-07-26T15:00,88.52,17640,6070,1020,54014
2024-07-26T16:00,94.34,10800,4760,1131,54296
2024-07-26T17:00,107.79,4586,3748,834,52888
2024-07-26T18:00,143.25,992,2372,786,50523
2024-07-26T19:00,139.00,40,2002,660,48852
2024-07-26T20:00,106.39,10,1792,633,46494
2024-07-26T21:00,97.91,9,1552,598,43593
2024-07-26T22:00,103.96,5,1504,465,40208
2024-07-26T23:00,103.41,5,1632,356,38627
2024-07-27T00:00,97.39,3,1500,302,37388
2024-07-27T01:00,95.25,2,1047,177,36828
2024-07-27T02:00,92.46,2,824,129,36882
2024-07-27T03:00,90.51,50,857,99,37617
2024-07-27T04:00,87.40,1225,771,96,39096
2024-07-27T05:00,82.75,4697,699,114,41597
2024-07-27T06:00,84.69,9768,483,82,44914
2024-07-27T07:00,67.67,15818,295,73,47649
2024-07-27T08:00,60.78,22304,274,70,49616
2024-07-27T09:00,39.90,26711,350,58,50458
2024-07-27T10:00,28.00,28452,414,48,49160
2024-07-27T11:00,17.80,28515,520,32,47940
2024-07-27T12:00,17.92,26143,675,29,46949
2024-07-27T13:00,35.02,21491,967,4,46808
2024-07-27T14:00,67.72,15890,1260,12,46126
2024-07-27T15:00,94.73,10748,1562,16,46899
2024-07-27T16:00,104.97,5823,1868,13,47518
2024-07-27T17:00,116.69,2328,2380,14,46322
2024-07-27T18:00,123.10,480,2660,19,44531
2024-07-27T19:00,121.82,32,2999,36,43388
2024-07-27T20:00,108.10,4,3660,24,41634
2024-07-27T21:00,97.94,4,4674,25,39478
2024-07-27T22:00,109.99,6,5572,49,36643
2024-07-27T23:00,95.11,9,6244,64,35452
2024-07-28T00:00,88.21,3,7288,196,34356
2024-07-28T01:00,81.53,3,8466,266,34150
2024-07-28T02:00,78.54,4,9328,474,34471
2024-07-28T03:00,79.26,40,10118,782,34524
2024-07-28T04:00,75.53,816,10852,1003,35079
2024-07-28T05:00,72.61,3904,9718,1254,37100
2024-07-28T06:00,25.49,9461,7532,1286,39922
2024-07-28T07:00,4.92,17233,6874,1210,42585
2024-07-28T08:00,0.00,25910,7226,1258,44412
2024-07-28T09:00,-2.43,32871,6701,860,45352
2024-07-28T10:00,-16.63,36886,6688,836,44536
2024-07-28T11:00,-39.91,38130,5075,803,43006
2024-07-28T12:00,-48.69,36670,4892,647,41268
2024-07-28T13:00,-33.53,34830,6766,910,40929
2024-07-28T14:00,-13.77,30562,8848,1063,41110
2024-07-28T15:00,-1.99,23710,9386,1214,42409
2024-07-28T16:00,40.87,15060,10301,2124,45245
2024-07-28T17:00,92.48,6178,9164,1796,45736
2024-07-28T18:00,111.85,1320,6785,1711,45124
2024-07-28T19:00,115.66,30,6596,1640,45324
2024-07-28T20:00,104.95,5,7063,1582,44684
2024-07-28T21:00,84.46,3,7669,1581,42073
2024-07-28T22:00,79.59,3,7359,1588,37835
2024-07-28T23:00,76.03,3,6644,1589,36392
2024-07-29T00:00,72.25,4,6097,1504,35550
2024-07-29T01:00,76.29,3,5735,1475,35516
2024-07-29T02:00,80.00,4,5580,1424,36819
2024-07-29T03:00,101.30,97,5659,1379,39562
2024-07-29T04:00,135.00,1949,5356,1329,45270
2024-07-29T05:00,121.66,8496,4008,1357,51005
2024-07-29T06:00,98.46,18639,2676,1081,54008
2024-07-29T07:00,63.66,29322,2221,704,54014
2024-07-29T08:00,10.58,37874,2636,225,54019
2024-07-29T09:00,-0.16,42635,2940,74,53858
2024-07-29T10:00,-0.19,46192,2988,49,53454
2024-07-29T11:00,-1.70,46898,2798,180,53088
2024-07-29T12:00,-0.98,45695,2505,172,51724
2024-07-29T13:00,-0.07,41870,2136,215,51065
2024-07-29T14:00,13.74,35850,1896,216,50858
2024-07-29T15:00,64.48,26938,1515,249,51437
2024-07-29T16:00,96.91,15819,1282,272,51880
2024-07-29T17:00,123.24,6126,1382,402,52032
2024-07-29T18:00,178.07,1276,1860,505,50869
2024-07-29T19:00,132.72,38,2619,441,49282
2024-07-29T20:00,107.80,12,3677,444,46278
2024-07-29T21:00,90.20,5,4764,382,42501
2024-07-29T22:00,78.01,5,5070,358,40138
2024-07-29T23:00,75.77,4,5089,479,38728
2024-07-30T00:00,79.27,4,4696,470,37977
2024-07-30T01:00,83.73,6,4081,330,37554
2024-07-30T02:00,88.59,6,3763,259,38138
2024-07-30T03:00,101.85,83,3723,217,40840
2024-07-30T04:00,115.64,1879,3971,208,46326
2024-07-30T05:00,113.48,8264,3487,142,51562
2024-07-30T06:00,99.65,18151,1947,79,54690
2024-07-30T07:00,67.78,28698,735,28,55608
2024-07-30T08:00,37.52,37194,538,12,55832
2024-07-30T09:00,7.84,43270,534,7,56366
2024-07-30T10:00,1.09,46116,486,22,55440
2024-07-30T11:00,-0.04,46204,468,37,54468
2024-07-30T12:00,-0.06,44284,437,24,53432
2024-07-30T13:00,13.25,40283,415,12,52945
2024-07-30T14:00,40.68,33705,473,8,52338
2024-07-30T15:00,78.10,24763,580,9,53119
2024-07-30T16:00,103.40,14316,743,8,53571
2024-07-30T17:00,129.44,5590,1041,7,53348
2024-07-30T18:00,177.13,1180,1344,10,51896
2024-07-30T19:00,147.67,34,1803,14,50224
2024-07-30T20:00,114.98,10,2326,18,47750
2024-07-30T21:00,99.04,3,2829,83,44432
2024-07-30T22:00,98.85,4,2747,158,41327
2024-07-30T23:00,87.29,2,2590,223,39645
2024-07-31T00:00,85.19,2,2197,272,38690
2024-07-31T01:00,82.90,3,1528,367,38138
2024-07-31T02:00,90.60,5,1196,195,38810
2024-07-31T03:00,102.39,80,1019,97,42232
2024-07-31T04:00,112.51,1870,1128,282,47882
2024-07-31T05:00,110.14,7706,1124,309,53184
2024-07-31T06:00,95.26,16552,896,442,56131
2024-07-31T07:00,79.02,26380,454,659,57161
2024-07-31T08:00,55.89,33625,415,583,57940
2024-07-31T09:00,33.46,37271,566,710,59430
2024-07-31T10:00,21.75,39016,804,643,59286
2024-07-31T11:00,11.36,38526,851,676,57751
2024-07-31T12:00,17.53,36330,1153,596,56234
2024-07-31T13:00,31.74,31756,1556,544,55396
2024-07-31T14:00,46.09,24937,1892,675,54747
2024-07-31T15:00,75.85,17846,2542,821,55018
2024-07-31T16:00,99.16,10322,3287,1092,54912
2024-07-31T17:00,115.39,4292,3626,1228,54706
2024-07-31T18:00,136.15,928,3774,1478,52855
2024-07-31T19:00,116.19,24,4028,1424,51067
2024-07-31T20:00,104.51,6,3944,1091,48091
2024-07-31T21:00,96.49,3,4420,936,44816
2024-07-31T22:00,96.45,3,4526,960,44248
2024-07-31T23:00,92.40,2,4114,1042,42450
2024-08-01T00:00,86.85,2,3524,1011,41239
2024-08-01T01:00,84.11,2,3164,903,41060
2024-08-01T02:00,93.08,2,2843,752,41754
2024-08-01T03:00,112.71,57,2978,632,44452
2024-08-01T04:00,134.39,1624,3117,476,50009
2024-08-01T05:00,109.52,7026,2356,477,55335
2024-08-01T06:00,105.95,15093,1082,573,58746
2024-08-01T07:00,90.10,23351,851,465,60659
2024-08-01T08:00,76.95,29669,992,418,61800
2024-08-01T09:00,67.64,32202,1340,505,63135
2024-08-01T10:00,64.03,31518,1313,434,62351
2024-08-01T11:00,60.38,29213,1338,447,61580
2024-08-01T12:00,62.39,27076,1942,383,59936
2024-08-01T13:00,71.22,23638,2400,502,59070
2024-08-01T14:00,77.39,19078,2682,664,57876
2024-08-01T15:00,95.16,13296,3430,920,57956
2024-08-01T16:00,102.83,8105,4167,1266,58007
2024-08-01T17:00,112.50,3537,5261,1588,56626
2024-08-01T18:00,138.07,670,5621,1536,54268
2024-08-01T19:00,124.03,9,5845,1462,52602
2024-08-01T20:00,112.94,4,5664,1461,49704
2024-08-01T21:00,105.70,3,5503,1190,46290
2024-08-01T22:00,93.93,10,4944,756,43758
2024-08-01T23:00,89.17,4,4824,551,42127
2024-08-02T00:00,88.11,2,4548,527,41673
2024-08-02T01:00,82.97,5,4257,491,41282
2024-08-02T02:00,86.95,2,4216,418,41739
2024-08-02T03:00,96.61,19,4710,380,44474
2024-08-02T04:00,110.75,711,5344,357,49863
2024-08-02T05:00,121.38,3393,5158,266,54381
2024-08-02T06:00,113.19,7771,4408,139,57552
2024-08-02T07:00,104.42,12822,3818,90,58241
2024-08-02T08:00,91.68,18138,3331,65,59063
2024-08-02T09:00,77.69,23358,3124,45,59645
2024-08-02T10:00,73.58,26646,2694,29,59030
2024-08-02T11:00,61.94,28803,2157,32,56457
2024-08-02T12:00,53.44,29470,1838,25,54608
2024-08-02T13:00,50.58,28326,1656,14,54243
2024-08-02T14:00,65.42,24950,1501,28,53482
2024-08-02T15:00,77.69,19699,1416,47,53521
2024-08-02T16:00,102.22,12252,1293,46,53867
2024-08-02T17:00,128.49,4793,1187,70,52747
2024-08-02T18:00,146.19,887,1095,186,50875
2024-08-02T19:00,121.66,19,1194,316,49210
2024-08-02T20:00,114.42,8,1137,376,46752
2024-08-02T21:00,99.01,3,1114,432,43758
2024-08-02T22:00,102.65,8,1139,515,41178
2024-08-02T23:00,99.14,2,1121,598,39589
2024-08-03T00:00,93.30,2,1078,747,38628
2024-08-03T01:00,89.10,4,1141,983,37980
2024-08-03T02:00,86.31,3,1183,1100,38032
2024-08-03T03:00,94.88,43,1291,1188,38332
2024-08-03T04:00,103.74,1419,1372,1146,39312
2024-08-03T05:00,95.51,6370,1150,1025,41081
2024-08-03T06:00,84.50,13998,819,946,44155
2024-08-03T07:00,66.06,22748,606,967,47202
2024-08-03T08:00,32.44,30043,588,948,48673
2024-08-03T09:00,20.36,34123,988,1045,48819
2024-08-03T10:00,14.66,35901,1574,1057,47737
2024-08-03T11:00,6.41,35200,2040,1038,46341
2024-08-03T12:00,4.10,33668,2640,914,45800
2024-08-03T13:00,12.38,30249,3149,835,45369
2024-08-03T14:00,32.44,25184,3628,706,44741
2024-08-03T15:00,73.61,18149,4022,790,45452
2024-08-03T16:00,103.55,10183,3651,826,46250
2024-08-03T17:00,110.02,3802,3800,784,46109
2024-08-03T18:00,124.64,624,3662,526,44688
2024-08-03T19:00,136.64,16,3124,400,44025
2024-08-03T20:00,119.20,7,3624,402,42418
2024-08-03T21:00,101.30,8,4140,364,39914
2024-08-03T22:00,110.21,6,4437,414,38265
2024-08-03T23:00,101.34,8,4424,860,36656
2024-08-04T00:00,96.90,5,4736,1902,36123
2024-08-04T01:00,92.68,3,5171,2587,35586
2024-08-04T02:00,90.21,6,5517,2924,35417
2024-08-04T03:00,83.00,18,6042,3404,35421
2024-08-04T04:00,77.70,740,6972,3277,35845
2024-08-04T05:00,73.20,3986,6740,3494,37664
2024-08-04T06:00,63.93,9665,6814,2915,40606
2024-08-04T07:00,28.11,16403,7771,2912,43842
2024-08-04T08:00,8.05,22256,7988,3068,45526
2024-08-04T09:00,2.05,26716,8944,2526,46942
2024-08-04T10:00,0.06,29230,9626,2270,46274
2024-08-04T11:00,-0.04,29762,11189,1879,44589
2024-08-04T12:00,-2.16,28351,12636,1692,44452
2024-08-04T13:00,-0.01,25393,13923,1652,44259
2024-08-04T14:00,1.00,20884,13868,1413,43709
2024-08-04T15:00,22.46,14745,13426,1252,44609
2024-08-04T16:00,73.17,8840,11404,1238,45161
2024-08-04T17:00,105.66,3766,8822,1357,45458
2024-08-04T18:00,119.92,659,6685,1333,45414
2024-08-04T19:00,124.99,11,5464,1430,45462
2024-08-04T20:00,112.94,4,5351,1440,43933
2024-08-04T21:00,104.83,3,5228,1547,41980
2024-08-04T22:00,103.08,4,4838,1563,40036
2024-08-04T23:00,85.32,3,4333,1616,39056
2024-08-05T00:00,82.30,3,4192,1408,38154
2024-08-05T01:00,85.35,2,3887,1627,38637
2024-08-05T02:00,83.59,3,3359,1764,39884
2024-08-05T03:00,97.24,30,3092,1516,43288
2024-08-05T04:00,118.98,921,2930,1170,49066
2024-08-05T05:00,136.75,4622,2186,836,53749
2024-08-05T06:00,113.97,10632,1408,664,57075
2024-08-05T07:00,102.83,18236,1184,661,58326
2024-08-05T08:00,74.50,25759,1339,742,58386
2024-08-05T09:00,64.30,31768,1547,778,58619
2024-08-05T10:00,57.12,35883,1570,730,57800
2024-08-05T11:00,42.05,38154,1434,634,56208
2024-08-05T12:00,36.35,38458,1270,512,54351
2024-08-05T13:00,51.43,36164,1066,416,53412
2024-08-05T14:00,70.10,30743,873,442,53062
2024-08-05T15:00,85.40,22789,642,435,53801
2024-08-05T16:00,108.97,13213,444,465,54583
2024-08-05T17:00,152.76,5105,294,596,54297
2024-08-05T18:00,250.01,831,395,744,52892
2024-08-05T19:00,170.93,20,708,893,51550
2024-08-05T20:00,120.30,10,1288,1094,48640
2024-08-05T21:00,102.92,5,2027,1135,45336
2024-08-05T22:00,103.09,4,2661,1122,42983
2024-08-05T23:00,95.57,6,3331,1045,41336
2024-08-06T00:00,89.24,3,3484,953,40488
2024-08-06T01:00,85.24,5,3373,928,40502
2024-08-06T02:00,85.76,4,3027,999,41158
2024-08-06T03:00,95.77,34,2968,896,43926
2024-08-06T04:00,123.86,1364,3101,680,49654
2024-08-06T05:00,126.04,7356,2737,542,54320
2024-08-06T06:00,85.29,17402,1509,428,56914
2024-08-06T07:00,74.51,28212,657,319,57636
2024-08-06T08:00,36.04,36703,959,307,58028
2024-08-06T09:00,21.43,42313,1212,254,57686
2024-08-06T10:00,15.86,45270,1330,218,57052
2024-08-06T11:00,2.95,45374,1293,208,56049
2024-08-06T12:00,4.79,43345,1240,198,55330
2024-08-06T13:00,19.44,39027,1134,246,54584
2024-08-06T14:00,39.71,32288,1047,282,53968
2024-08-06T15:00,82.19,23580,1020,380,54619
2024-08-06T16:00,106.29,13276,1150,418,55246
2024-08-06T17:00,174.58,4756,1431,544,55604
2024-08-06T18:00,230.85,762,2290,884,54402
2024-08-06T19:00,170.45,21,3727,1203,53007
2024-08-06T20:00,118.54,14,5313,1350,49965
2024-08-06T21:00,100.03,8,6067,1078,46493
2024-08-06T22:00,91.39,4,6424,911,44056
2024-08-06T23:00,83.24,4,6492,997,42717
2024-08-07T00:00,79.29,3,5978,1057,41977
2024-08-07T01:00,83.24,3,5403,947,41768
2024-08-07T02:00,86.43,3,4871,956,42722
2024-08-07T03:00,104.36,30,4470,802,45140
2024-08-07T04:00,126.07,1316,4346,925,50036
2024-08-07T05:00,127.98,6881,3692,838,54675
2024-08-07T06:00,109.06,15308,1846,621,57986
2024-08-07T07:00,88.91,23618,876,352,58405
2024-08-07T08:00,73.56,29542,923,515,59220
2024-08-07T09:00,62.49,31688,1717,490,60381
2024-08-07T10:00,42.14,32101,2860,518,60352
2024-08-07T11:00,35.05,30769,3814,589,59448
2024-08-07T12:00,51.19,27538,4734,608,57292
2024-08-07T13:00,69.28,23652,5488,894,56443
2024-08-07T14:00,85.74,19908,5857,1234,56093
2024-08-07T15:00,105.20,14482,5885,1647,57154
2024-08-07T16:00,106.41,8354,6046,1756,57540
2024-08-07T17:00,119.75,3382,5719,1861,56690
2024-08-07T18:00,149.28,572,4008,1820,55010
2024-08-07T19:00,134.25,13,3605,1816,53750
2024-08-07T20:00,112.74,9,3755,1689,50346
2024-08-07T21:00,102.78,6,3869,1568,46538
2024-08-07T22:00,96.43,2,3633,1378,43854
2024-08-07T23:00,88.06,2,3525,1302,42268
2024-08-08T00:00,87.36,2,3318,1546,41528
2024-08-08T01:00,88.06,2,2940,1728,41055
2024-08-08T02:00,88.27,3,2947,1756,42305
2024-08-08T03:00,96.11,17,3318,1925,45443
2024-08-08T04:00,110.93,884,4324,1923,50758
2024-08-08T05:00,124.93,3885,4229,1548,55292
2024-08-08T06:00,114.41,7838,3940,1295,58430
2024-08-08T07:00,106.84,13344,3291,1270,59543
2024-08-08T08:00,86.10,19168,3332,1157,58936
2024-08-08T09:00,71.60,25012,3982,1262,59691
2024-08-08T10:00,57.09,28955,4726,1410,59938
2024-08-08T11:00,40.49,31059,4784,1593,58765
2024-08-08T12:00,32.18,32265,5034,1766,56714
2024-08-08T13:00,40.24,30731,4846,1846,55342
2024-08-08T14:00,57.81,25955,4593,1881,54321
2024-08-08T15:00,80.52,19594,3524,1557,54470
2024-08-08T16:00,101.92,11668,2518,1438,55321
2024-08-08T17:00,138.49,4364,1479,1422,54979
2024-08-08T18:00,197.31,614,1072,1444,53469
2024-08-08T19:00,135.00,17,1098,1345,52242
2024-08-08T20:00,102.00,6,2091,1337,49033
2024-08-08T21:00,93.56,4,4230,1928,45372
2024-08-08T22:00,103.71,9,6760,2574,43203
2024-08-08T23:00,83.92,12,8853,3531,41770
2024-08-09T00:00,67.34,10,10662,3284,40725
2024-08-09T01:00,64.30,9,11884,3616,40621
2024-08-09T02:00,53.31,9,13381,3755,41354
2024-08-09T03:00,64.36,21,15297,3803,44170
2024-08-09T04:00,80.00,1057,18617,3760,49870
2024-08-09T05:00,88.41,5553,19479,3865,54314
2024-08-09T06:00,59.40,12392,18446,4292,57460
2024-08-09T07:00,31.31,19823,18020,4385,58930
2024-08-09T08:00,8.98,25406,18572,4347,60320
2024-08-09T09:00,0.60,28457,20850,4304,60861
2024-08-09T10:00,-0.03,28968,22099,4215,60576
2024-08-09T11:00,-0.16,27981,21736,4340,59342
2024-08-09T12:00,-0.80,26078,22283,4680,58047
2024-08-09T13:00,-0.11,23502,22262,5098,57372
2024-08-09T14:00,-0.01,20350,21958,4974,56511
2024-08-09T15:00,2.55,15879,22816,4576,56634
2024-08-09T16:00,41.78,9737,21682,4022,56824
2024-08-09T17:00,81.04,3838,18888,3884,55324
2024-08-09T18:00,124.97,549,15729,4244,52874
2024-08-09T19:00,118.05,27,13472,4406,50714
2024-08-09T20:00,113.46,14,12362,4250,47760
2024-08-09T21:00,93.23,10,11057,4155,44663
2024-08-09T22:00,85.09,9,10046,5020,42172
2024-08-09T23:00,92.13,6,8780,5415,40528
2024-08-10T00:00,87.28,6,8227,5148,39091
2024-08-10T01:00,84.67,4,7848,4862,38615
2024-08-10T02:00,82.93,6,8091,4856,38199
2024-08-10T03:00,85.52,18,8628,4961,38750
2024-08-10T04:00,88.68,1046,9704,4557,39870
2024-08-10T05:00,76.01,6362,8937,4348,42442
2024-08-10T06:00,31.86,15268,7083,4061,46165
2024-08-10T07:00,0.20,25131,6876,3911,48520
2024-08-10T08:00,-3.00,32046,7325,2504,48777
2024-08-10T09:00,-12.20,36264,7877,2190,48464
2024-08-10T10:00,-22.49,38204,8532,1855,47821
2024-08-10T11:00,-40.77,38408,6872,1909,46187
2024-08-10T12:00,-40.09,37470,6198,1959,44584
2024-08-10T13:00,-29.67,34941,7006,2284,44260
2024-08-10T14:00,-8.20,30253,8875,2807,44927
2024-08-10T15:00,0.07,22740,10406,4540,47029
2024-08-10T16:00,48.84,12634,11230,4894,47685
2024-08-10T17:00,106.55,4201,9164,4602,47532
2024-08-10T18:00,125.43,513,7443,4414,46436
2024-08-10T19:00,133.00,30,6602,3868,46015
2024-08-10T20:00,117.85,8,5783,3551,44239
2024-08-10T21:00,106.64,6,5216,3547,41802
2024-08-10T22:00,106.71,6,5013,3326,39497
2024-08-10T23:00,104.17,8,4465,3186,37834
2024-08-11T00:00,99.96,6,4275,3036,37005
2024-08-11T01:00,95.14,6,4333,3016,36517
2024-08-11T02:00,96.49,5,4445,2546,36431
2024-08-11T03:00,114.97,18,4393,2118,36662
2024-08-11T04:00,106.44,975,4126,2150,37097
2024-08-11T05:00,71.02,6040,3434,1964,38486
2024-08-11T06:00,27.80,15133,2698,1786,41254
2024-08-11T07:00,0.00,25519,2854,1717,43583
2024-08-11T08:00,-5.01,33202,2688,1023,44103
2024-08-11T09:00,-14.99,38703,2717,741,44802
2024-08-11T10:00,-32.04,41704,3070,610,44237
2024-08-11T11:00,-59.96,41170,2240,568,42263
2024-08-11T12:00,-50.09,39679,2392,525,41044
2024-08-11T13:00,-31.42,36826,2932,470,40931
2024-08-11T14:00,-4.97,31928,3523,569,41529
2024-08-11T15:00,1.46,24055,3170,792,43025
2024-08-11T16:00,88.14,13264,3012,719,44452
2024-08-11T17:00,128.80,4348,2834,645,45386
2024-08-11T18:00,137.18,523,3309,576,45562
2024-08-11T19:00,126.15,12,4498,387,45423
2024-08-11T20:00,109.99,8,5934,387,44010
2024-08-11T21:00,97.28,6,6642,398,41559
2024-08-11T22:00,104.98,6,6576,275,39670
2024-08-11T23:00,94.62,7,6409,267,38394
2024-08-12T00:00,85.30,6,6230,283,37644
2024-08-12T01:00,86.60,8,6054,366,37802
2024-08-12T02:00,88.85,7,5895,584,39030
2024-08-12T03:00,114.54,20,5825,676,41920
2024-08-12T04:00,153.82,1057,6192,779,48262
2024-08-12T05:00,153.82,6595,5213,909,53674
2024-08-12T06:00,115.25,16135,3143,1293,57542
2024-08-12T07:00,69.90,26686,1697,1610,57938
2024-08-12T08:00,40.12,35282,1350,1788,58964
2024-08-12T09:00,16.04,40677,1487,1035,59450
2024-08-12T10:00,10.06,43876,1722,1074,58527
2024-08-12T11:00,6.98,44332,1815,949,57308
2024-08-12T12:00,13.80,42478,1855,937,56201
2024-08-12T13:00,27.87,37756,1803,1622,55630
2024-08-12T14:00,48.65,30543,2028,2097,55271
2024-08-12T15:00,89.29,21510,2578,2770,55784
2024-08-12T16:00,122.78,11630,3129,3222,56672
2024-08-12T17:00,206.02,4056,3570,3376,57264
2024-08-12T18:00,224.84,535,5203,3081,55766
2024-08-12T19:00,128.34,25,8838,2705,54906
2024-08-12T20:00,106.88,12,11659,2505,51811
2024-08-12T21:00,100.05,6,12887,2592,48656
2024-08-12T22:00,99.64,6,13278,2906,46117
2024-08-12T23:00,87.91,6,13214,2951,44442
2024-08-13T00:00,86.60,8,13005,3231,43054
2024-08-13T01:00,84.79,7,12308,3132,42650
2024-08-13T02:00,84.76,6,11452,3528,42890
2024-08-13T03:00,101.37,18,11160,3293,45770
2024-08-13T04:00,125.66,923,11279,2679,51228
2024-08-13T05:00,133.71,6162,9403,2094,55908
2024-08-13T06:00,117.89,15280,6140,1913,59742
2024-08-13T07:00,87.81,25554,3914,1689,60741
2024-08-13T08:00,66.67,34169,3535,1190,61193
2024-08-13T09:00,55.94,39911,4028,1488,61037
2024-08-13T10:00,43.01,42768,4358,1400,60500
2024-08-13T11:00,40.37,42956,4296,1270,59464
2024-08-13T12:00,47.96,40356,4807,917,58462
2024-08-13T13:00,64.15,34608,4762,1342,58609
2024-08-13T14:00,86.00,27473,5846,962,58312
2024-08-13T15:00,105.00,18248,7144,1040,58856
2024-08-13T16:00,121.04,8946,8533,1404,58907
2024-08-13T17:00,202.72,2799,11113,1931,57980
2024-08-13T18:00,205.35,302,13464,2242,57015
2024-08-13T19:00,128.90,13,16542,1878,56492
2024-08-13T20:00,111.48,7,16296,1746,52191
2024-08-13T21:00,104.99,10,15095,3068,48836
2024-08-13T22:00,87.73,4,13687,2431,46453
2024-08-13T23:00,90.79,6,10049,2204,44426
2024-08-14T00:00,87.73,4,9370,2220,43507
2024-08-14T01:00,93.40,2,9244,1316,42988
2024-08-14T02:00,93.60,4,8700,1198,43467
2024-08-14T03:00,107.10,14,7756,832,45436
2024-08-14T04:00,129.74,860,7782,621,50992
2024-08-14T05:00,136.62,5298,6389,644,56121
2024-08-14T06:00,120.96,12806,4417,700,59889
2024-08-14T07:00,108.79,21436,2796,704,61176
2024-08-14T08:00,83.08,28172,2528,245,61804
2024-08-14T09:00,77.24,32748,2351,422,62102
2024-08-14T10:00,72.85,34739,2990,556,61271
2024-08-14T11:00,75.38,34726,2968,1117,59851
2024-08-14T12:00,74.71,33099,2166,1400,58529
2024-08-14T13:00,81.74,29162,1970,1352,58280
2024-08-14T14:00,94.36,23148,2818,1014,58322
2024-08-14T15:00,105.59,15431,3705,1027,58848
2024-08-14T16:00,111.48,7518,3842,1125,58467
2024-08-14T17:00,161.41,2427,3460,970,57356
2024-08-14T18:00,218.92,275,3006,837,55190
2024-08-14T19:00,148.70,18,2770,826,53754
2024-08-14T20:00,120.43,9,2757,948,50160
2024-08-14T21:00,109.95,5,2324,1107,47142
2024-08-14T22:00,110.33,4,2479,1151,45335
2024-08-14T23:00,109.66,4,2459,1214,43382
2024-08-15T00:00,105.30,4,2549,1122,42235
2024-08-15T01:00,94.74,4,2554,948,42003
2024-08-15T02:00,96.02,4,2777,572,42328
2024-08-15T03:00,108.91,9,2877,551,44817
2024-08-15T04:00,119.75,699,2990,372,49710
2024-08-15T05:00,120.71,4583,2592,212,53980
2024-08-15T06:00,114.97,11293,1907,175,56920
2024-08-15T07:00,91.12,19411,1757,246,57606
2024-08-15T08:00,59.10,27436,2138,305,58191
2024-08-15T09:00,19.94,33940,2394,554,58597
2024-08-15T10:00,9.86,37583,2524,1001,57652
2024-08-15T11:00,0.01,38782,2766,1471,56150
2024-08-15T12:00,-0.04,37076,3067,1781,54630
2024-08-15T13:00,4.25,33738,4018,2096,54080
2024-08-15T14:00,33.41,27951,5098,2711,53962
2024-08-15T15:00,77.26,20331,5826,3388,54821
2024-08-15T16:00,119.93,11004,5292,3783,56087
2024-08-15T17:00,142.51,3505,4218,4004,56133
2024-08-15T18:00,160.30,317,4147,4054,54594
2024-08-15T19:00,140.84,14,4255,4023,52676
2024-08-15T20:00,118.87,7,5248,4100,49563
2024-08-15T21:00,94.94,7,5958,3552,46308
2024-08-15T22:00,108.97,7,6668,3530,43561
2024-08-15T23:00,86.78,8,6502,2848,42315
2024-08-16T00:00,85.58,5,6716,2559,41876
2024-08-16T01:00,85.83,4,6628,2452,41847
2024-08-16T02:00,87.76,6,6228,1982,42004
2024-08-16T03:00,92.05,10,6402,1904,44559
2024-08-16T04:00,128.42,737,7532,1923,49824
2024-08-16T05:00,134.91,5363,7570,1804,54230
2024-08-16T06:00,124.83,13794,6868,2150,57459
2024-08-16T07:00,100.95,23097,6961,1954,58839
2024-08-16T08:00,76.15,30424,8980,1457,58752
2024-08-16T09:00,59.83,34133,11079,1203,59643
2024-08-16T10:00,50.68,34749,11442,1009,58367
2024-08-16T11:00,49.93,34141,10808,982,56974
2024-08-16T12:00,47.57,32284,10008,830,55620
2024-08-16T13:00,55.16,29084,8470,589,54706
2024-08-16T14:00,82.67,24178,6836,383,54205
2024-08-16T15:00,103.76,17033,5494,370,54501
2024-08-16T16:00,134.92,9139,4431,340,54526
2024-08-16T17:00,230.52,2887,3362,211,53638
2024-08-16T18:00,243.12,248,2374,255,51950
2024-08-16T19:00,171.83,16,1478,315,50323
2024-08-16T20:00,134.54,6,1298,285,46990
2024-08-16T21:00,116.17,4,1248,336,44021
2024-08-16T22:00,107.11,6,1505,298,41470
2024-08-16T23:00,109.26,5,1516,275,39546
2024-08-17T00:00,103.13,3,1529,253,38472
2024-08-17T01:00,101.82,4,1499,223,37908
2024-08-17T02:00,110.59,5,1357,187,38013
2024-08-17T03:00,110.84,7,1743,174,38731
2024-08-17T04:00,106.70,458,2225,128,40052
2024-08-17T05:00,103.97,3058,2519,118,42381
2024-08-17T06:00,103.43,7986,2194,100,45240
2024-08-17T07:00,84.00,14578,1629,189,47538
2024-08-17T08:00,69.49,21638,1396,219,49227
2024-08-17T09:00,54.28,26742,1549,199,49966
2024-08-17T10:00,46.93,29846,1991,194,49452
2024-08-17T11:00,40.71,30563,2125,156,47805
2024-08-17T12:00,39.43,29919,2048,181,46207
2024-08-17T13:00,39.56,27542,1977,170,45501
2024-08-17T14:00,59.09,22863,1961,381,45833
2024-08-17T15:00,88.40,16178,2060,404,46793
2024-08-17T16:00,119.68,8277,2461,425,47429
2024-08-17T17:00,140.56,2509,2422,357,46946
2024-08-17T18:00,149.18,190,2164,283,45839
2024-08-17T19:00,126.98,10,1703,224,45052
2024-08-17T20:00,116.70,6,1544,255,43016
2024-08-17T21:00,105.82,5,1283,291,40422
2024-08-17T22:00,111.82,4,1276,317,38771
2024-08-17T23:00,112.80,4,1213,354,37114
2024-08-18T00:00,106.17,5,1081,577,35943
2024-08-18T01:00,106.22,5,1002,662,35246
2024-08-18T02:00,104.75,4,967,666,34950
2024-08-18T03:00,104.97,6,1141,505,35500
2024-08-18T04:00,99.53,327,1340,362,35817
2024-08-18T05:00,95.20,2021,1265,296,37116
2024-08-18T06:00,88.20,4623,985,276,39808
2024-08-18T07:00,82.32,8164,870,258,42244
2024-08-18T08:00,72.12,11988,923,260,44554
2024-08-18T09:00,72.52,15347,1114,245,46840
2024-08-18T10:00,66.03,18514,1434,218,46954
2024-08-18T11:00,33.64,19787,1952,325,45707
2024-08-18T12:00,17.72,18636,3226,488,44461
2024-08-18T13:00,51.28,16206,4525,702,43886
2024-08-18T14:00,69.86,12702,5715,985,43821
2024-08-18T15:00,82.39,8552,6620,1329,44964
2024-08-18T16:00,93.85,4746,6937,1688,45826
2024-08-18T17:00,109.93,1729,7113,2007,45849
2024-08-18T18:00,115.68,183,7058,2090,45452
2024-08-18T19:00,109.83,6,7154,2105,44952
2024-08-18T20:00,111.40,4,7272,2200,43431
2024-08-18T21:00,99.45,3,7079,2296,41044
2024-08-18T22:00,97.39,4,7154,2284,38839
2024-08-18T23:00,90.10,3,7246,2328,38068
2024-08-19T00:00,88.70,2,6977,2165,37698
2024-08-19T01:00,84.86,4,6847,1994,37834
2024-08-19T02:00,84.50,6,6554,1584,39109
2024-08-19T03:00,87.97,7,6014,1055,42263
2024-08-19T04:00,129.00,350,5465,602,48561
2024-08-19T05:00,152.33,3115,4422,402,53209
2024-08-19T06:00,129.60,9034,2766,265,56646
2024-08-19T07:00,112.58,16971,1846,173,57847
2024-08-19T08:00,96.90,24072,1649,139,58156
2024-08-19T09:00,89.74,28097,1457,176,58849
2024-08-19T10:00,84.38,29327,1299,214,57264
2024-08-19T11:00,78.87,29012,1121,208,56432
2024-08-19T12:00,80.21,27911,1060,212,53562
2024-08-19T13:00,79.90,25841,899,223,51872
2024-08-19T14:00,84.05,21713,732,298,53762
2024-08-19T15:00,100.70,15648,561,564,54141
2024-08-19T16:00,113.97,8341,406,886,55288
2024-08-19T17:00,200.00,2540,477,1107,54886
2024-08-19T18:00,203.83,186,880,1485,53337
2024-08-19T19:00,140.11,17,1309,2102,51566
2024-08-19T20:00,100.82,11,2330,2363,47839
2024-08-19T21:00,86.20,6,3862,2698,44444
2024-08-19T22:00,93.60,7,5514,2948,41394
2024-08-19T23:00,89.55,10,6843,3039,40480
2024-08-20T00:00,88.50,8,7758,3211,39864
2024-08-20T01:00,89.31,12,8274,3156,39748
2024-08-20T02:00,86.19,12,8704,2956,40607
2024-08-20T03:00,89.97,16,8743,2959,43904
2024-08-20T04:00,123.06,535,9005,3023,50047
2024-08-20T05:00,133.23,4290,8537,3354,54406
2024-08-20T06:00,122.97,11072,6414,3974,57086
2024-08-20T07:00,103.09,19143,3634,3594,58158
2024-08-20T08:00,75.01,25886,2898,3332,59096
2024-08-20T09:00,50.13,30576,3313,3268,59501
2024-08-20T10:00,37.69,32882,3999,3297,59518
2024-08-20T11:00,18.22,33069,4896,3301,58750
2024-08-20T12:00,20.36,31384,5537,2906,57314
2024-08-20T13:00,48.90,27819,5660,2893,56778
2024-08-20T14:00,82.15,22212,5612,3250,56121
2024-08-20T15:00,104.50,14999,5880,3644,56894
2024-08-20T16:00,118.07,7673,4907,3955,58044
2024-08-20T17:00,158.81,2213,3881,3959,57670
2024-08-20T18:00,154.71,120,4099,3967,56512
2024-08-20T19:00,120.89,11,5707,3624,53762
2024-08-20T20:00,103.82,7,7241,3624,49874
2024-08-20T21:00,97.96,8,9109,3719,46015
2024-08-20T22:00,87.36,9,11606,3023,43875
2024-08-20T23:00,82.00,13,13875,3024,42616
2024-08-21T00:00,65.93,6,14654,3342,41460
2024-08-21T01:00,56.09,4,15262,4929,41903
2024-08-21T02:00,60.42,10,16201,4340,42612
2024-08-21T03:00,59.95,11,17600,3658,45491
2024-08-21T04:00,81.30,372,19572,3996,51711
2024-08-21T05:00,85.92,3396,18869,4445,56252
2024-08-21T06:00,87.38,9882,19304,3652,59131
2024-08-21T07:00,53.16,17992,20338,2238,59968
2024-08-21T08:00,0.16,24564,22964,2310,61636
2024-08-21T09:00,-4.95,29420,23181,1891,61064
2024-08-21T10:00,-13.01,32443,22912,2447,59807
2024-08-21T11:00,-20.32,33530,21868,2474,59268
2024-08-21T12:00,-21.28,32746,20018,2485,57178
2024-08-21T13:00,-16.05,30521,21184,2366,55872
2024-08-21T14:00,-12.64,26074,20750,2564,55299
2024-08-21T15:00,2.01,18600,22269,2953,57829
2024-08-21T16:00,67.26,9560,20785,4187,58262
2024-08-21T17:00,101.89,2749,15814,4451,57228
2024-08-21T18:00,140.35,194,12780,5105,55801
2024-08-21T19:00,130.96,30,11167,5598,53726
2024-08-21T20:00,103.42,14,10585,5987,50086
2024-08-21T21:00,85.65,13,10303,5724,46800
2024-08-21T22:00,78.94,12,9686,5765,43414
2024-08-21T23:00,73.04,8,9409,5744,41384
2024-08-22T00:00,80.46,8,9084,5686,40307
2024-08-22T01:00,80.17,10,9423,5168,40298
2024-08-22T02:00,70.23,9,9728,4695,41218
2024-08-22T03:00,85.42,13,10354,4786,44167
2024-08-22T04:00,99.95,403,11607,4982,50056
2024-08-22T05:00,129.46,3720,12234,4710,54756
2024-08-22T06:00,113.05,10500,10943,4994,57606
2024-08-22T07:00,73.10,19624,9886,5176,58278
2024-08-22T08:00,14.80,28652,11449,4952,58607
2024-08-22T09:00,0.00,34593,12162,4985,58494
2024-08-22T10:00,-0.38,38186,11792,5026,57746
2024-08-22T11:00,-2.56,39202,11262,4907,57106
2024-08-22T12:00,-1.51,37694,11814,4789,55608
2024-08-22T13:00,-4.35,34100,12760,4614,55324
2024-08-22T14:00,-0.09,27603,13926,4974,55664
2024-08-22T15:00,24.89,18833,14758,5392,56884
2024-08-22T16:00,89.46,8904,13345,5471,56800
2024-08-22T17:00,112.74,2249,12318,5391,57150
2024-08-22T18:00,111.50,104,13894,5248,55602
2024-08-22T19:00,109.99,28,15154,5260,53224
2024-08-22T20:00,95.48,16,16118,5350,49714
2024-08-22T21:00,79.22,13,17565,5545,46592
2024-08-22T22:00,51.90,12,18492,5268,43798
2024-08-22T23:00,45.87,12,19206,5581,42638
2024-08-23T00:00,38.51,12,19163,5192,42052
2024-08-23T01:00,26.36,14,19500,5263,41952
2024-08-23T02:00,26.48,12,20347,5544,43218
2024-08-23T03:00,30.59,16,21234,5551,46104
2024-08-23T04:00,64.22,429,23236,5590,51797
2024-08-23T05:00,60.63,4154,23982,4990,57174
2024-08-23T06:00,43.64,11924,24020,5434,59937
2024-08-23T07:00,4.06,21665,22875,4430,59860
2024-08-23T08:00,-0.01,29960,22496,2847,60352
2024-08-23T09:00,-3.97,35445,23153,2906,60164
2024-08-23T10:00,-9.54,37987,25320,2999,60387
2024-08-23T11:00,-15.32,36868,26315,2640,59052
2024-08-23T12:00,-16.55,34118,27359,2399,58120
2024-08-23T13:00,-10.15,29783,28498,2559,56678
2024-08-23T14:00,-9.18,23744,28514,2455,56315
2024-08-23T15:00,-0.03,16301,29096,2546,57470
2024-08-23T16:00,50.20,8091,26059,3918,57349
2024-08-23T17:00,99.53,2108,20642,4808,55864
2024-08-23T18:00,118.57,106,17861,5260,54451
2024-08-23T19:00,123.15,17,14424,4312,51831
2024-08-23T20:00,119.54,15,10846,3166,47919
2024-08-23T21:00,100.50,14,8809,2106,44224
2024-08-23T22:00,110.45,11,6528,1624,42231
2024-08-23T23:00,103.78,10,5910,1330,40180
2024-08-24T00:00,100.42,9,5668,1404,38949
2024-08-24T01:00,100.28,6,6092,2212,38324
2024-08-24T02:00,100.90,6,7323,2916,38213
2024-08-24T03:00,105.40,11,8345,3166,39162
2024-08-24T04:00,101.02,417,10444,3209,40654
2024-08-24T05:00,102.23,4637,12048,3310,42687
2024-08-24T06:00,76.22,13380,11025,3092,45776
2024-08-24T07:00,15.00,23630,10190,3412,48898
2024-08-24T08:00,-0.03,31924,10226,1468,50506
2024-08-24T09:00,-6.85,37896,12078,1618,51106
2024-08-24T10:00,-18.68,40928,11367,809,49681
2024-08-24T11:00,-40.09,40944,10796,602,47412
2024-08-24T12:00,-44.18,39154,11172,615,45905
2024-08-24T13:00,-27.64,35905,14878,1014,46223
2024-08-24T14:00,-8.15,29266,18616,1745,47059
2024-08-24T15:00,-0.99,19551,19206,3389,48706
2024-08-24T16:00,71.68,9237,18249,4796,49748
2024-08-24T17:00,91.52,2061,17649,3900,49032
2024-08-24T18:00,80.08,76,23328,2328,48230
2024-08-24T19:00,68.91,24,27006,1590,48449
2024-08-24T20:00,64.14,14,23650,2611,46023
2024-08-24T21:00,50.00,7,21879,2664,42834
2024-08-24T22:00,0.37,8,22472,2860,40207
2024-08-24T23:00,-0.02,10,23540,1833,37630
2024-08-25T00:00,-0.34,10,22381,1938,36474
2024-08-25T01:00,-1.00,14,21310,3143,35674
2024-08-25T02:00,-0.89,16,20586,3881,35098
2024-08-25T03:00,-0.42,20,21977,4310,36196
2024-08-25T04:00,-0.05,212,23258,4280,36953
2024-08-25T05:00,-0.01,2020,21852,4396,38625
2024-08-25T06:00,-0.01,5934,21001,4413,41580
2024-08-25T07:00,-1.39,11941,20732,4200,43894
2024-08-25T08:00,-6.07,18448,18151,2830,45474
2024-08-25T09:00,-10.10,23450,16015,2684,46421
2024-08-25T10:00,-15.50,27009,14520,2208,46146
2024-08-25T11:00,-20.01,28465,11923,2131,43684
2024-08-25T12:00,-19.83,28226,10286,1994,42208
2024-08-25T13:00,-10.15,25972,9436,2573,41716
2024-08-25T14:00,-5.01,21737,8800,2707,42198
2024-08-25T15:00,1.00,15804,7501,4825,44614
2024-08-25T16:00,87.04,8348,5499,5660,46443
2024-08-25T17:00,110.00,2340,3213,5843,46683
2024-08-25T18:00,119.45,83,2852,5840,46504
2024-08-25T19:00,105.49,8,3314,5920,45822
2024-08-25T20:00,99.70,10,4190,5735,43696
2024-08-25T21:00,92.48,14,5005,5404,40866
2024-08-25T22:00,92.75,16,6232,5286,38596
2024-08-25T23:00,85.65,13,7013,5218,37676
2024-08-26T00:00,80.94,12,7324,5177,37632
2024-08-26T01:00,83.36,10,7647,5150,38045
2024-08-26T02:00,82.43,13,7724,5460,39408
2024-08-26T03:00,83.48,16,7534,5744,43619
2024-08-26T04:00,113.11,321,7603,5485,50836
2024-08-26T05:00,153.69,3868,6986,4561,55194
2024-08-26T06:00,130.97,11584,5837,4699,58390
2024-08-26T07:00,98.93,20584,4515,4346,58946
2024-08-26T08:00,77.00,28624,5242,3620,59230
2024-08-26T09:00,65.31,33734,6949,1964,59192
2024-08-26T10:00,23.07,35024,7742,1876,58770
2024-08-26T11:00,17.55,34320,7332,1838,57720
2024-08-26T12:00,42.88,32394,6786,1689,55800
2024-08-26T13:00,71.05,28669,6015,2418,55142
2024-08-26T14:00,88.00,23020,5068,2282,54662
2024-08-26T15:00,99.47,15577,4287,2194,55661
2024-08-26T16:00,116.82,7536,2868,1617,56208
2024-08-26T17:00,190.31,1891,1731,1594,55787
2024-08-26T18:00,231.06,72,1333,1649,54256
2024-08-26T19:00,143.82,14,1206,1175,51908
2024-08-26T20:00,110.86,8,1555,820,48374
2024-08-26T21:00,107.54,4,1736,1033,45232
2024-08-26T22:00,98.41,5,1892,1187,42735
2024-08-26T23:00,89.91,5,2040,1079,41592
2024-08-27T00:00,86.45,4,2125,1262,40904
2024-08-27T01:00,87.30,4,2174,1406,40906
2024-08-27T02:00,89.10,3,2329,1430,41944
2024-08-27T03:00,100.16,4,2696,1460,44788
2024-08-27T04:00,125.76,322,3681,1794,50978
2024-08-27T05:00,137.99,4432,4591,1914,55498
2024-08-27T06:00,116.01,13712,4499,1964,59008
2024-08-27T07:00,89.94,24355,2541,2420,59634
2024-08-27T08:00,73.72,33186,2100,2733,59519
2024-08-27T09:00,29.13,39012,2947,2755,58989
2024-08-27T10:00,5.07,41758,3346,2652,57960
2024-08-27T11:00,1.18,42264,3422,2452,56427
2024-08-27T12:00,2.33,40578,3322,2088,55037
2024-08-27T13:00,23.45,36334,3032,1541,54517
2024-08-27T14:00,52.50,29862,3023,1061,54414
2024-08-27T15:00,88.71,20271,3019,676,55318
2024-08-27T16:00,116.06,9271,3234,361,56424
2024-08-27T17:00,232.25,2063,3881,283,56208
2024-08-27T18:00,217.92,74,6135,411,55809
2024-08-27T19:00,120.52,19,9655,711,53316
2024-08-27T20:00,105.21,15,12462,1168,49783
2024-08-27T21:00,92.47,11,14043,1570,46042
2024-08-27T22:00,90.47,11,13636,1768,44379
2024-08-27T23:00,91.31,14,11899,1864,43030
2024-08-28T00:00,87.48,12,10898,1718,42257
2024-08-28T01:00,89.20,12,10543,1207,42480
2024-08-28T02:00,91.74,13,9792,894,43310
2024-08-28T03:00,92.35,13,9732,831,46168
2024-08-28T04:00,114.99,322,10448,832,52116
2024-08-28T05:00,128.57,4370,10160,981,56197
2024-08-28T06:00,121.00,13640,7052,1012,58721
2024-08-28T07:00,105.40,24605,3330,1142,59154
2024-08-28T08:00,87.56,33903,2219,1268,59876
2024-08-28T09:00,68.78,40231,2769,1206,60083
2024-08-28T10:00,35.14,43444,3992,840,59076
2024-08-28T11:00,10.40,43769,4943,959,58343
2024-08-28T12:00,8.17,41804,5015,1349,57203
2024-08-28T13:00,54.84,36997,4753,1754,57222
2024-08-28T14:00,78.56,29476,4668,2562,57504
2024-08-28T15:00,92.37,19613,5018,2937,58602
2024-08-28T16:00,111.57,8869,4896,3027,59328
2024-08-28T17:00,201.91,1876,5029,3005,59234
2024-08-28T18:00,204.03,60,7333,3160,58484
2024-08-28T19:00,124.84,16,10114,3309,56526
2024-08-28T20:00,111.76,12,12219,3556,52799
2024-08-28T21:00,99.70,14,13022,3777,49216
2024-08-28T22:00,93.53,13,12957,4013,46652
2024-08-28T23:00,93.98,11,12434,3548,45109
2024-08-29T00:00,89.81,8,11504,3054,44503
2024-08-29T01:00,88.68,8,10210,2674,43753
2024-08-29T02:00,89.37,12,9154,2182,44332
2024-08-29T03:00,101.23,11,8158,1729,47103
2024-08-29T04:00,125.46,289,7514,1534,53199
2024-08-29T05:00,134.47,4178,6392,1172,57583
2024-08-29T06:00,126.24,13233,4534,836,60745
2024-08-29T07:00,108.71,23830,2033,723,61560
2024-08-29T08:00,92.19,32514,994,606,61776
2024-08-29T09:00,84.40,38480,1107,594,61881
2024-08-29T10:00,65.78,41844,2164,596,61734
2024-08-29T11:00,45.25,42190,3523,549,60647
2024-08-29T12:00,51.32,39370,4348,709,58968
2024-08-29T13:00,79.45,33854,5110,1207,58821
2024-08-29T14:00,90.15,26195,5512,1288,58781
2024-08-29T15:00,105.38,17002,5542,1002,58752
2024-08-29T16:00,123.51,7502,5185,1019,58951
2024-08-29T17:00,227.49,1555,4228,835,58658
2024-08-29T18:00,289.27,52,3155,638,57758
2024-08-29T19:00,169.09,20,2780,425,54954
2024-08-29T20:00,125.00,10,2970,266,50766
2024-08-29T21:00,110.10,3,3270,168,47428
2024-08-29T22:00,109.88,5,3202,138,45070
2024-08-29T23:00,100.30,5,3209,159,43534
2024-08-30T00:00,93.53,4,3262,242,42651
2024-08-30T01:00,93.28,5,3156,335,42830
2024-08-30T02:00,97.62,5,3098,448,43350
2024-08-30T03:00,107.37,6,3452,458,46574
2024-08-30T04:00,136.83,250,4495,536,52583
2024-08-30T05:00,151.06,3432,5542,537,57099
2024-08-30T06:00,133.55,10104,5403,709,60619
2024-08-30T07:00,113.70,18260,4012,711,62056
2024-08-30T08:00,98.24,25246,3664,524,62991
2024-08-30T09:00,89.95,29790,3143,744,63410
2024-08-30T10:00,86.13,32231,2902,486,61630
2024-08-30T11:00,80.20,32534,2850,524,59633
2024-08-30T12:00,79.08,31089,3224,670,57776
2024-08-30T13:00,81.98,27479,4196,740,56742
2024-08-30T14:00,86.35,21706,5480,810,56424
2024-08-30T15:00,101.96,13826,6618,768,56562
2024-08-30T16:00,119.99,6100,7840,698,56020
2024-08-30T17:00,156.11,1281,8047,767,55420
2024-08-30T18:00,137.29,28,8341,902,54150
2024-08-30T19:00,112.71,10,8644,796,51260
2024-08-30T20:00,96.83,10,8832,656,47806
2024-08-30T21:00,95.36,11,8523,574,44570
2024-08-30T22:00,107.67,14,8382,505,42024
2024-08-30T23:00,105.44,14,8790,516,39841
2024-08-31T00:00,102.06,8,9038,705,38337
2024-08-31T01:00,99.04,9,9231,824,38126
2024-08-31T02:00,96.65,9,9470,827,38103
2024-08-31T03:00,98.07,11,9590,845,38646
2024-08-31T04:00,109.97,211,9833,744,40058
2024-08-31T05:00,110.75,3245,9792,712,42027
2024-08-31T06:00,109.97,10213,7948,632,45293
2024-08-31T07:00,84.92,19311,5980,564,48190
2024-08-31T08:00,60.13,28284,5964,489,49459
2024-08-31T09:00,18.34,35172,5666,522,49780
2024-08-31T10:00,0.47,39352,5104,482,48453
2024-08-31T11:00,-0.59,40224,4779,537,46850
2024-08-31T12:00,-0.80,38542,4808,308,45633
2024-08-31T13:00,2.55,34767,5825,426,45130
2024-08-31T14:00,23.71,27476,6234,821,45713
2024-08-31T15:00,80.02,17818,7066,1736,46916
2024-08-31T16:00,117.30,7731,7747,2294,47386
2024-08-31T17:00,148.29,1457,8759,2548,47306
2024-08-31T18:00,126.78,46,12114,2668,46614
2024-08-31T19:00,107.29,22,14925,2930,45083
2024-08-31T20:00,99.85,14,15623,3197,43252
2024-08-31T21:00,89.23,16,15606,3070,40609
2024-08-31T22:00,93.76,12,15217,2666,38313
2024-08-31T23:00,85.98,12,14536,2910,36660
2024-09-01T00:00,80.37,13,14440,2565,35583
2024-09-01T01:00,80.14,14,14344,3317,35385
2024-09-01T02:00,81.20,13,14043,3742,35210
2024-09-01T03:00,80.16,15,13815,3838,35558
2024-09-01T04:00,79.49,212,14018,3763,36111
2024-09-01T05:00,73.10,3577,12465,3746,38046
2024-09-01T06:00,60.63,12098,9553,3780,41316
2024-09-01T07:00,41.27,23088,6115,4020,44185
2024-09-01T08:00,12.73,32840,5507,4152,46011
2024-09-01T09:00,-0.79,38677,6119,3564,47050
2024-09-01T10:00,-9.17,40916,5670,2748,46135
2024-09-01T11:00,-24.00,40710,4553,2558,44271
2024-09-01T12:00,-19.94,38243,4938,2282,42876
2024-09-01T13:00,-4.99,33576,6578,2513,42918
2024-09-01T14:00,25.56,26733,7550,3413,43348
2024-09-01T15:00,78.28,16839,7780,3903,44987
2024-09-01T16:00,109.11,7128,8112,4020,47021
2024-09-01T17:00,131.60,1322,8890,4598,47750
2024-09-01T18:00,123.91,26,12054,4466,47991
2024-09-01T19:00,107.63,10,14654,4108,46710
2024-09-01T20:00,102.02,10,14585,4185,45116
2024-09-01T21:00,91.50,12,13996,4210,42897
2024-09-01T22:00,91.24,12,12880,4444,41217
2024-09-01T23:00,94.77,11,11383,4598,39945
2024-09-02T00:00,92.39,8,10269,4136,39001
2024-09-02T01:00,92.51,11,9286,3660,39023
2024-09-02T02:00,91.59,12,8620,3616,39688
2024-09-02T03:00,101.52,12,8061,4050,43510
2024-09-02T04:00,114.73,191,8024,4021,50992
2024-09-02T05:00,134.95,3030,7372,3398,55516
2024-09-02T06:00,131.94,9647,5436,3303,58953
2024-09-02T07:00,122.64,17517,3240,3208,59877
2024-09-02T08:00,102.83,24816,3006,3032,61024
2024-09-02T09:00,90.82,29682,4368,2712,61676
2024-09-02T10:00,85.05,32898,5026,2583,61494
2024-09-02T11:00,81.19,34845,4366,2030,60456
2024-09-02T12:00,83.63,34731,4252,2120,58662
2024-09-02T13:00,88.24,31523,3920,2834,58486
2024-09-02T14:00,93.63,24291,4007,2624,57049
2024-09-02T15:00,112.88,14616,4440,2345,57992
2024-09-02T16:00,137.78,5833,4679,2281,58841
2024-09-02T17:00,255.40,986,5798,2390,58854
2024-09-02T18:00,212.06,24,7928,2403,58692
2024-09-02T19:00,131.90,10,9760,2382,55741
2024-09-02T20:00,114.24,4,9347,2447,51314
2024-09-02T21:00,103.84,3,8432,3498,48202
2024-09-02T22:00,99.60,2,7600,2726,46133
2024-09-02T23:00,93.10,4,6608,1158,44378
2024-09-03T00:00,91.56,3,5954,766,43789
2024-09-03T01:00,93.27,2,5110,828,43543
2024-09-03T02:00,96.24,2,4590,1401,44577
2024-09-03T03:00,102.68,3,3850,1386,47499
2024-09-03T04:00,137.21,151,3027,920,53602
2024-09-03T05:00,151.06,3041,2835,807,58010
2024-09-03T06:00,133.95,10228,2015,824,60653
2024-09-03T07:00,115.98,19412,945,698,62092
2024-09-03T08:00,98.88,28403,548,726,62647
2024-09-03T09:00,90.02,34560,707,751,62438
2024-09-03T10:00,84.80,37096,1128,791,62441
2024-09-03T11:00,82.69,36657,1348,762,61413
2024-09-03T12:00,84.13,34045,1511,800,60064
2024-09-03T13:00,86.67,29534,1592,970,59291
2024-09-03T14:00,91.21,22687,1582,1084,59638
2024-09-03T15:00,123.93,14324,1632,1080,59852
2024-09-03T16:00,300.01,5822,1599,1107,59926
2024-09-03T17:00,656.37,907,1377,1108,59422
2024-09-03T18:00,520.32,23,1303,1145,58617
2024-09-03T19:00,216.97,6,1328,1022,55690
2024-09-03T20:00,133.20,3,1572,1176,51858
2024-09-03T21:00,117.56,3,1852,1319,48806
2024-09-03T22:00,108.17,4,2080,1198,46681
2024-09-03T23:00,101.02,2,2151,1052,45285
2024-09-04T00:00,99.03,3,2191,1180,44501
2024-09-04T01:00,99.98,2,2200,1165,44956
2024-09-04T02:00,99.06,2,1972,1040,45372
2024-09-04T03:00,109.37,4,1886,899,47936
2024-09-04T04:00,144.02,138,2072,878,54764
2024-09-04T05:00,181.16,2925,2677,821,59314
2024-09-04T06:00,155.89,8845,2505,644,62457
2024-09-04T07:00,125.29,15773,1708,441,63130
2024-09-04T08:00,107.21,22366,1516,119,63600
2024-09-04T09:00,96.06,27200,1921,176,64389
2024-09-04T10:00,92.00,29872,2681,322,64130
2024-09-04T11:00,90.49,30256,3314,350,62974
2024-09-04T12:00,89.20,28234,3668,1102,62703
2024-09-04T13:00,92.72,23848,4044,1280,61278
2024-09-04T14:00,101.85,17744,4947,1407,60527
2024-09-04T15:00,123.97,10926,6391,1581,61232
2024-09-04T16:00,155.70,4467,7504,1783,61338
2024-09-04T17:00,320.07,776,8388,1980,61018
2024-09-04T18:00,189.23,26,9104,2021,60328
2024-09-04T19:00,130.42,12,9413,1960,57107
2024-09-04T20:00,108.59,12,8785,2029,52997
2024-09-04T21:00,99.58,6,8332,2110,49040
2024-09-04T22:00,101.27,7,8758,1651,45977
2024-09-04T23:00,94.60,7,9627,1157,43851
2024-09-05T00:00,90.00,2,10496,1103,43082
2024-09-05T01:00,87.11,3,11128,1206,43073
2024-09-05T02:00,80.92,8,12544,1450,43943
2024-09-05T03:00,84.70,10,14380,1532,47450
2024-09-05T04:00,109.05,136,16703,1648,54064
2024-09-05T05:00,113.60,2952,17820,2348,58880
2024-09-05T06:00,119.04,10460,16258,2532,61798
2024-09-05T07:00,97.68,20358,13892,3268,63164
2024-09-05T08:00,71.04,29345,13784,669,62588
2024-09-05T09:00,0.11,35747,15098,539,62937
2024-09-05T10:00,-3.05,38393,16501,613,62097
2024-09-05T11:00,-11.70,38310,17829,374,61870
2024-09-05T12:00,-19.68,35519,18766,855,60600
2024-09-05T13:00,-7.02,30466,22476,482,60420
2024-09-05T14:00,-0.01,23189,25383,904,60669
2024-09-05T15:00,36.13,13952,24768,1298,60836
2024-09-05T16:00,84.95,5171,24181,2202,60944
2024-09-05T17:00,99.74,748,25773,2861,60817
2024-09-05T18:00,92.93,25,28346,2832,59986
2024-09-05T19:00,80.10,24,29356,2712,56489
2024-09-05T20:00,80.03,16,28031,3081,52089
2024-09-05T21:00,64.61,18,26671,2145,48361
2024-09-05T22:00,64.79,16,25050,3328,46218
2024-09-05T23:00,61.00,14,23457,2748,44686
2024-09-06T00:00,51.22,14,22849,2568,43588
2024-09-06T01:00,48.58,14,21224,2673,43627
2024-09-06T02:00,57.75,14,20479,2512,44334
2024-09-06T03:00,69.86,14,20116,3748,47893
2024-09-06T04:00,93.29,112,20280,4362,54667
2024-09-06T05:00,119.48,2224,18650,3862,58645
2024-09-06T06:00,120.37,7802,15921,3868,61467
2024-09-06T07:00,100.09,15582,12728,3581,62234
2024-09-06T08:00,80.00,23096,11834,3334,63476
2024-09-06T09:00,59.51,28930,11902,1972,63153
2024-09-06T10:00,31.54,32058,12135,1716,62054
2024-09-06T11:00,12.48,32156,11996,1354,60522
2024-09-06T12:00,14.53,30402,11694,1415,58247
2024-09-06T13:00,30.06,26736,10578,2188,57267
2024-09-06T14:00,71.18,20828,9565,2854,56152
2024-09-06T15:00,87.56,13147,9132,5000,57482
2024-09-06T16:00,100.27,5192,9726,5420,58691
2024-09-06T17:00,129.00,712,10793,6086,58616
2024-09-06T18:00,136.49,25,11976,6380,58270
2024-09-06T19:00,99.76,10,12487,6246,55069
2024-09-06T20:00,95.36,8,11671,5906,50390
2024-09-06T21:00,92.88,8,10752,4772,46539
2024-09-06T22:00,102.47,12,9161,3885,43482
2024-09-06T23:00,96.90,7,7731,3494,41656
2024-09-07T00:00,96.30,6,6659,3221,40446
2024-09-07T01:00,95.31,5,5882,3395,40261
2024-09-07T02:00,98.29,6,5230,3469,40058
2024-09-07T03:00,101.02,6,4562,3697,40595
2024-09-07T04:00,103.88,98,4549,3422,41914
2024-09-07T05:00,104.71,3085,4743,3206,43768
2024-09-07T06:00,95.44,11294,3873,2679,46862
2024-09-07T07:00,84.19,21644,2003,2138,49503
2024-09-07T08:00,51.52,30852,1198,1377,51108
2024-09-07T09:00,14.17,37458,1396,1020,51293
2024-09-07T10:00,5.48,41001,2080,694,50436
2024-09-07T11:00,1.02,41224,2481,518,48414
2024-09-07T12:00,0.44,38659,2932,531,47442
2024-09-07T13:00,8.41,33449,3322,497,46936
2024-09-07T14:00,49.62,25739,3463,522,46836
2024-09-07T15:00,101.40,15852,3358,570,47893
2024-09-07T16:00,128.57,5997,3420,597,49203
2024-09-07T17:00,150.40,714,4215,616,49430
2024-09-07T18:00,133.00,19,6506,665,48804
2024-09-07T19:00,101.90,9,9950,694,46486
2024-09-07T20:00,92.32,5,11602,739,44315
2024-09-07T21:00,89.24,7,11304,794,41959
2024-09-07T22:00,93.91,7,10478,802,40076
2024-09-07T23:00,86.46,4,10012,856,37960
2024-09-08T00:00,83.68,3,9888,824,36123
2024-09-08T01:00,82.00,3,9226,692,35876
2024-09-08T02:00,82.39,2,8657,688,35804
2024-09-08T03:00,85.10,2,8374,800,35985
2024-09-08T04:00,83.36,100,7991,1093,36846
2024-09-08T05:00,82.07,2779,7816,1256,38935
2024-09-08T06:00,76.73,9610,6953,1198,42002
2024-09-08T07:00,40.58,17864,4820,1009,45051
2024-09-08T08:00,8.29,24924,3578,834,47213
2024-09-08T09:00,0.44,28865,3520,1504,48823
2024-09-08T10:00,0.04,30049,3847,1600,48205
2024-09-08T11:00,0.01,29010,4384,1040,46533
2024-09-08T12:00,1.16,25146,4836,1367,45840
2024-09-08T13:00,3.17,19362,5392,2134,45524
2024-09-08T14:00,58.62,13226,5004,2010,44968
2024-09-08T15:00,95.99,6869,4790,1354,46230
2024-09-08T16:00,119.55,2479,4980,1089,48089
2024-09-08T17:00,124.15,373,4928,1189,49142
2024-09-08T18:00,128.12,9,5210,1106,49016
2024-09-08T19:00,117.20,4,6445,1046,47568
2024-09-08T20:00,105.80,3,7339,1070,45684
2024-09-08T21:00,97.13,3,7488,1052,43204
2024-09-08T22:00,86.41,3,7310,1046,42036
2024-09-08T23:00,85.76,3,7482,1050,41375
2024-09-09T00:00,84.10,2,7824,1144,40922
2024-09-09T01:00,82.03,4,7069,1264,40995
2024-09-09T02:00,85.11,3,6729,1068,41545
2024-09-09T03:00,85.79,2,6801,855,44519
2024-09-09T04:00,118.47,17,7276,539,51836
2024-09-09T05:00,140.62,652,7723,379,56681
2024-09-09T06:00,159.57,3012,7460,356,59497
2024-09-09T07:00,129.68,6369,7354,513,61207
2024-09-09T08:00,110.87,9752,7445,660,62218
2024-09-09T09:00,100.74,14675,7855,623,62444
2024-09-09T10:00,94.98,17778,8512,722,62081
2024-09-09T11:00,89.17,19644,9839,1471,61822
2024-09-09T12:00,82.06,18293,10888,1828,60058
2024-09-09T13:00,83.98,15704,11794,2304,59031
2024-09-09T14:00,78.68,12359,11918,3285,58061
2024-09-09T15:00,92.80,8014,12123,4142,58699
2024-09-09T16:00,113.15,3226,11610,5457,59746
2024-09-09T17:00,114.56,380,11594,6871,60091
2024-09-09T18:00,111.53,13,12482,7193,58652
2024-09-09T19:00,96.02,12,14458,7130,55423
2024-09-09T20:00,87.94,10,15475,5866,50951
2024-09-09T21:00,79.52,15,16365,5290,46938
2024-09-09T22:00,67.34,14,17503,5785,45265
2024-09-09T23:00,59.79,11,17472,5696,43953
2024-09-10T00:00,61.47,12,17378,5466,42888
2024-09-10T01:00,61.36,11,16349,5205,43269
2024-09-10T02:00,67.30,13,15632,5266,43943
2024-09-10T03:00,80.92,13,15052,5126,47849
2024-09-10T04:00,103.12,48,14270,5226,55534
2024-09-10T05:00,129.90,1386,14102,5713,59904
2024-09-10T06:00,114.94,5469,13244,6294,62555
2024-09-10T07:00,100.00,12055,13121,6335,63031
2024-09-10T08:00,59.92,18578,15356,5767,64682
2024-09-10T09:00,9.52,23596,17946,3944,64048
2024-09-10T10:00,0.04,25120,19800,3590,63201
2024-09-10T11:00,-0.07,23489,20761,5367,61850
2024-09-10T12:00,-0.16,21596,23298,5508,60678
2024-09-10T13:00,-0.04,18170,25001,5531,59635
2024-09-10T14:00,0.22,14184,26086,4293,59135
2024-09-10T15:00,21.77,8506,27809,4506,59662
2024-09-10T16:00,80.40,3169,27117,5312,59996
2024-09-10T17:00,92.91,294,26422,6046,59959
2024-09-10T18:00,83.25,31,26016,5518,58340
2024-09-10T19:00,82.02,18,25968,5124,54932
2024-09-10T20:00,76.63,10,24887,4960,50716
2024-09-10T21:00,64.38,7,23895,4480,47194
2024-09-10T22:00,40.00,8,23454,3544,45297
2024-09-10T23:00,39.91,6,22850,3684,44296
2024-09-11T00:00,32.99,6,22882,2958,43174
2024-09-11T01:00,33.73,5,23220,3070,43446
2024-09-11T02:00,38.93,5,22654,2933,44530
2024-09-11T03:00,61.56,5,22478,2887,47750
2024-09-11T04:00,86.79,32,23084,3320,54792
2024-09-11T05:00,97.55,1297,23008,3180,59426
2024-09-11T06:00,110.72,5208,21926,3059,61549
2024-09-11T07:00,97.60,9850,20916,3344,62938
2024-09-11T08:00,76.81,13636,18869,3073,63574
2024-09-11T09:00,67.51,15960,17512,2207,63247
2024-09-11T10:00,62.45,17287,16863,1619,62702
2024-09-11T11:00,63.85,17605,14776,1517,61289
2024-09-11T12:00,69.00,17152,13764,1643,60096
2024-09-11T13:00,69.05,14974,13227,1347,58066
2024-09-11T14:00,76.75,11441,11840,1475,57815
2024-09-11T15:00,101.39,6925,10074,1770,58890
2024-09-11T16:00,115.14,2622,9392,2906,59451
2024-09-11T17:00,142.86,340,9014,3015,58962
2024-09-11T18:00,138.36,29,9452,3196,57942
2024-09-11T19:00,115.14,17,10594,2630,54254
2024-09-11T20:00,102.97,8,10861,3472,50741
2024-09-11T21:00,101.49,10,10687,3227,47082
2024-09-11T22:00,90.06,8,11076,3658,44975
2024-09-11T23:00,84.10,4,10464,3459,43394
2024-09-12T00:00,83.93,4,10053,4326,42988
2024-09-12T01:00,83.45,8,9655,3724,43342
2024-09-12T02:00,85.02,8,9203,3484,43666
2024-09-12T03:00,86.92,11,9128,2735,46606
2024-09-12T04:00,107.96,36,9255,2100,53968
2024-09-12T05:00,134.94,1448,7921,2168,58515
2024-09-12T06:00,135.94,6625,5490,1212,60496
2024-09-12T07:00,103.36,13901,3452,970,61487
2024-09-12T08:00,85.00,20963,3169,812,61322
2024-09-12T09:00,80.41,25700,3779,616,61304
2024-09-12T10:00,78.62,27714,3886,846,60824
2024-09-12T11:00,78.23,27210,3864,810,59140
2024-09-12T12:00,80.11,25072,3542,710,57213
2024-09-12T13:00,84.93,21202,2895,663,55946
2024-09-12T14:00,91.67,15682,2532,643,55496
2024-09-12T15:00,109.74,9385,1937,753,56604
2024-09-12T16:00,145.19,3663,1484,767,57088
2024-09-12T17:00,300.01,382,1194,1022,57141
2024-09-12T18:00,250.02,23,1047,1142,55918
2024-09-12T19:00,125.00,13,1089,1202,52721
2024-09-12T20:00,99.47,5,1165,1326,49020
2024-09-12T21:00,92.04,4,1394,1528,45235
2024-09-12T22:00,99.97,4,1773,1888,42489
2024-09-12T23:00,91.52,3,2322,2638,41676
2024-09-13T00:00,87.31,3,2748,3012,41104
2024-09-13T01:00,86.76,3,3536,3524,41204
2024-09-13T02:00,84.63,3,4527,3489,42104
2024-09-13T03:00,87.92,4,5600,3423,45307
2024-09-13T04:00,100.49,19,6401,3506,53160
2024-09-13T05:00,119.96,1107,6740,3141,57504
2024-09-13T06:00,132.24,5513,6176,2597,59642
2024-09-13T07:00,116.24,11604,4978,2624,60790
2024-09-13T08:00,102.54,16933,4525,2723,60722
2024-09-13T09:00,94.99,19961,6361,2639,60552
2024-09-13T10:00,88.55,20250,9138,2580,60056
2024-09-13T11:00,77.50,19217,12002,2688,59980
2024-09-13T12:00,66.96,17664,15120,2952,58954
2024-09-13T13:00,72.20,15213,17726,3512,57760
2024-09-13T14:00,74.30,11446,19730,3804,57030
2024-09-13T15:00,79.85,6947,20322,4272,57904
2024-09-13T16:00,96.47,2768,19588,4143,58348
2024-09-13T17:00,100.00,339,19000,4708,58010
2024-09-13T18:00,94.25,24,20187,3990,56283
2024-09-13T19:00,84.57,14,21425,4145,53268
2024-09-13T20:00,79.30,13,21048,3985,49088
2024-09-13T21:00,60.99,16,21568,2793,44390
2024-09-13T22:00,55.61,10,21893,2239,41517
2024-09-13T23:00,50.01,8,21744,2092,39890
2024-09-14T00:00,43.33,7,21042,1937,39388
2024-09-14T01:00,45.18,6,20140,2099,39132
2024-09-14T02:00,46.70,4,19750,2027,39460
2024-09-14T03:00,44.27,4,19604,1643,39576
2024-09-14T04:00,55.35,18,19014,1510,41412
2024-09-14T05:00,65.00,894,17819,1444,43728
2024-09-14T06:00,75.54,4976,16164,1220,47036
2024-09-14T07:00,66.60,11543,14998,1017,49282
2024-09-14T08:00,41.02,18050,15548,1022,50834
2024-09-14T09:00,8.08,21684,16529,1018,51650
2024-09-14T10:00,0.86,22844,16880,967,51420
2024-09-14T11:00,-0.06,23240,16961,1042,49419
2024-09-14T12:00,-0.46,22898,16700,866,47608
2024-09-14T13:00,-0.07,20859,16380,710,47308
2024-09-14T14:00,9.54,16586,16799,602,47129
2024-09-14T15:00,65.09,10572,17880,579,48106
2024-09-14T16:00,94.39,3998,16398,1012,49624
2024-09-14T17:00,126.58,337,14208,955,49734
2024-09-14T18:00,117.85,26,13434,656,48595
2024-09-14T19:00,103.09,9,13268,774,45834
2024-09-14T20:00,93.75,10,12764,794,43188
2024-09-14T21:00,84.76,10,12080,828,40540
2024-09-14T22:00,78.11,8,11427,1206,38322
2024-09-14T23:00,70.07,7,10733,954,36627
2024-09-15T00:00,66.60,3,10339,719,35624
2024-09-15T01:00,67.15,3,10111,609,35295
2024-09-15T02:00,63.66,3,10180,489,35543
2024-09-15T03:00,65.61,2,10542,398,36333
2024-09-15T04:00,69.18,22,11097,414,37552
2024-09-15T05:00,85.42,1571,10917,354,38924
2024-09-15T06:00,76.96,7592,9636,410,41713
2024-09-15T07:00,54.07,15835,8552,478,44824
2024-09-15T08:00,10.92,23300,8989,453,47043
2024-09-15T09:00,0.07,28328,9774,537,47607
2024-09-15T10:00,0.00,30744,9111,614,47150
2024-09-15T11:00,-0.01,31320,9055,718,44743
2024-09-15T12:00,-0.41,29027,8841,886,42619
2024-09-15T13:00,-0.27,23753,8528,1194,42457
2024-09-15T14:00,19.70,17000,9802,1944,44153
2024-09-15T15:00,82.25,9602,10542,2100,46466
2024-09-15T16:00,112.80,3108,9648,2052,48232
2024-09-15T17:00,133.16,227,8580,1712,48888
2024-09-15T18:00,123.60,15,8049,1768,48410
2024-09-15T19:00,112.68,4,8109,1974,46412
2024-09-15T20:00,107.11,4,8048,1466,44740
2024-09-15T21:00,92.60,4,7371,786,42006
2024-09-15T22:00,92.99,6,6725,481,39748
2024-09-15T23:00,88.14,4,6253,514,38926
2024-09-16T00:00,87.26,4,6266,537,38348
2024-09-16T01:00,84.93,3,7044,714,38894
2024-09-16T02:00,84.34,5,7817,613,40252
2024-09-16T03:00,88.31,4,8467,579,43955
2024-09-16T04:00,110.97,9,9285,590,52036
2024-09-16T05:00,130.00,390,10128,1169,57380
2024-09-16T06:00,146.06,2263,10714,1357,61157
2024-09-16T07:00,126.40,5226,10277,1954,62290
2024-09-16T08:00,112.63,8315,9741,2118,62613
2024-09-16T09:00,105.02,10830,9660,2136,62930
2024-09-16T10:00,96.02,12243,9959,1823,62586
2024-09-16T11:00,86.89,12410,10568,1524,61549
2024-09-16T12:00,80.86,11302,11254,1500,60726
2024-09-16T13:00,75.37,9719,11856,1803,60522
2024-09-16T14:00,76.30,7231,12348,2094,59554
2024-09-16T15:00,86.98,4103,12653,2338,59688
2024-09-16T16:00,107.87,1381,12694,2863,59799
2024-09-16T17:00,112.57,116,13045,3485,60047
2024-09-16T18:00,109.01,14,13949,4275,58041
2024-09-16T19:00,90.10,14,14150,4044,53788
2024-09-16T20:00,78.81,10,13918,3843,50152
2024-09-16T21:00,81.53,3,13468,3539,46562
2024-09-16T22:00,85.54,6,12632,3372,43686
2024-09-16T23:00,82.30,4,12283,3040,42380
2024-09-17T00:00,80.51,4,11978,2766,41263
2024-09-17T01:00,79.84,5,11634,2833,41489
2024-09-17T02:00,80.04,4,11664,2682,42565
2024-09-17T03:00,91.52,4,12023,2548,45953
2024-09-17T04:00,108.32,15,12644,2380,53686
2024-09-17T05:00,133.94,761,13028,2629,58644
2024-09-17T06:00,137.52,3702,11988,2494,61462
2024-09-17T07:00,108.91,8494,10950,2365,62595
2024-09-17T08:00,96.52,13110,10408,2010,63549
2024-09-17T09:00,82.39,17735,9975,1832,64267
2024-09-17T10:00,59.81,23490,9534,1840,63828
2024-09-17T11:00,41.77,27826,9296,1770,61172
2024-09-17T12:00,25.64,28972,9523,1801,58682
2024-09-17T13:00,44.44,26502,10208,1685,57038
2024-09-17T14:00,74.29,20052,11184,2475,56743
2024-09-17T15:00,93.50,11409,11815,2532,57400
2024-09-17T16:00,112.99,3402,11726,2737,58814
2024-09-17T17:00,132.53,178,13484,2929,59397
2024-09-17T18:00,111.24,7,15800,2968,58187
2024-09-17T19:00,96.12,6,16009,2936,54520
2024-09-17T20:00,89.94,8,15052,2833,50250
2024-09-17T21:00,83.84,7,13856,2336,46002
2024-09-17T22:00,85.16,6,12994,2084,43079
2024-09-17T23:00,80.94,7,12440,1682,41658
2024-09-18T00:00,83.71,7,11908,1397,41190
2024-09-18T01:00,83.67,6,11401,1178,41115
2024-09-18T02:00,82.51,8,10706,1157,41938
2024-09-18T03:00,89.92,8,10162,1258,45595
2024-09-18T04:00,105.09,15,10146,1482,53550
2024-09-18T05:00,141.92,1236,10240,1608,58372
2024-09-18T06:00,133.07,6146,9652,1496,60925
2024-09-18T07:00,102.44,13273,8516,1342,61476
2024-09-18T08:00,79.00,21600,7940,1337,61695
2024-09-18T09:00,55.32,29927,8039,1286,60698
2024-09-18T10:00,5.49,36142,7949,1274,58618
2024-09-18T11:00,0.00,37372,8184,1138,56906
2024-09-18T12:00,-0.09,35522,9919,900,55395
2024-09-18T13:00,1.04,30629,12243,726,55180
2024-09-18T14:00,40.05,22567,14054,1065,55149
2024-09-18T15:00,87.52,12486,14863,1191,56587
2024-09-18T16:00,113.91,3608,14790,1667,58344
2024-09-18T17:00,129.92,194,17676,1493,58885
2024-09-18T18:00,108.20,18,20786,1645,57393
2024-09-18T19:00,93.25,14,21594,2008,53903
2024-09-18T20:00,89.92,15,20117,2029,49984
2024-09-18T21:00,79.49,10,18556,1684,45828
2024-09-18T22:00,76.40,7,16919,1411,43037
2024-09-18T23:00,77.53,6,15258,1196,41640
2024-09-19T00:00,78.03,4,13912,1102,40892
2024-09-19T01:00,77.35,2,12900,1202,40570
2024-09-19T02:00,79.26,2,12442,1458,41934
2024-09-19T03:00,89.99,3,12029,1548,45933
2024-09-19T04:00,113.47,15,12362,1644,53850
2024-09-19T05:00,143.24,1366,12586,1650,58508
2024-09-19T06:00,124.12,7225,11865,1768,61447
2024-09-19T07:00,97.64,15498,10290,1761,61840
2024-09-19T08:00,74.81,24016,9146,1700,61266
2024-09-19T09:00,50.41,31187,9434,1490,60413
2024-09-19T10:00,4.97,35728,10537,1241,58483
2024-09-19T11:00,-0.06,36404,11736,1238,57110
2024-09-19T12:00,-0.09,33542,13376,1600,56074
2024-09-19T13:00,10.91,28683,15546,1831,55750
2024-09-19T14:00,58.55,21078,16397,2148,55520
2024-09-19T15:00,91.05,11604,16826,2658,57459
2024-09-19T16:00,114.53,3199,16688,2891,58944
2024-09-19T17:00,134.30,152,18242,3066,59528
2024-09-19T18:00,113.50,27,20762,3438,57658
2024-09-19T19:00,91.10,17,21079,3539,53774
2024-09-19T20:00,88.97,13,19586,3284,49631
2024-09-19T21:00,78.87,12,18837,2848,45770
2024-09-19T22:00,72.61,10,17600,2732,42368
2024-09-19T23:00,74.04,8,17361,2735,40980
2024-09-20T00:00,73.42,8,17172,2601,40386
2024-09-20T01:00,73.17,7,16826,2720,40164
2024-09-20T02:00,74.52,8,16415,2716,41143
2024-09-20T03:00,89.09,8,16070,2448,44144
2024-09-20T04:00,108.06,26,16374,2550,51277
2024-09-20T05:00,141.45,1724,16468,2754,55698
2024-09-20T06:00,108.60,9368,13926,2685,58043
2024-09-20T07:00,88.92,20341,9840,2698,58122
2024-09-20T08:00,62.05,30455,7786,2611,58000
2024-09-20T09:00,24.69,37240,7925,2534,57350
2024-09-20T10:00,8.24,40284,10326,2618,56501
2024-09-20T11:00,-0.01,39475,11192,2416,54703
2024-09-20T12:00,0.07,37257,12886,2395,53206
2024-09-20T13:00,7.56,31878,14081,2809,52568
2024-09-20T14:00,43.68,23714,14440,3319,52228
2024-09-20T15:00,84.12,13002,14037,3700,52473
2024-09-20T16:00,106.01,3404,12286,4206,53463
2024-09-20T17:00,145.72,142,15044,4766,54792
2024-09-20T18:00,108.84,22,18812,4766,53140
2024-09-20T19:00,91.07,16,20502,4819,49568
2024-09-20T20:00,87.80,14,19753,4408,45979
2024-09-20T21:00,87.08,13,18013,3896,42571
2024-09-20T22:00,88.29,13,15962,3085,39755
2024-09-20T23:00,85.30,11,13903,2540,37885
2024-09-21T00:00,82.00,12,11932,2102,36646
2024-09-21T01:00,82.19,17,10324,1948,35993
2024-09-21T02:00,86.38,9,9412,1926,36067
2024-09-21T03:00,89.48,10,8975,2020,36933
2024-09-21T04:00,99.69,18,8952,2250,39064
2024-09-21T05:00,97.76,1669,9184,2167,41720
2024-09-21T06:00,85.30,9665,8016,2076,45131
2024-09-21T07:00,60.99,21031,4870,1894,48087
2024-09-21T08:00,22.00,31040,2369,1603,49113
2024-09-21T09:00,3.15,37665,2512,1307,48766
2024-09-21T10:00,0.00,40688,3424,1126,47699
2024-09-21T11:00,-3.36,40492,4321,1010,46069
2024-09-21T12:00,-3.95,37554,4232,996,44313
2024-09-21T13:00,1.09,32713,4335,1146,43953
2024-09-21T14:00,47.26,24268,4177,1140,43653
2024-09-21T15:00,97.19,12956,4016,1105,44605
2024-09-21T16:00,127.50,3226,4190,1292,46144
2024-09-21T17:00,141.99,116,6342,1730,47450
2024-09-21T18:00,112.50,24,9113,1966,46250
2024-09-21T19:00,95.93,18,10259,2030,43426
2024-09-21T20:00,93.60,13,9607,2076,41226
2024-09-21T21:00,88.30,8,8600,1900,38753
2024-09-21T22:00,97.73,11,7116,1542,36016
2024-09-21T23:00,90.05,9,5830,1239,33936
2024-09-22T00:00,89.99,8,4794,960,32770
2024-09-22T01:00,89.50,7,4106,720,32413
2024-09-22T02:00,90.75,6,3598,585,32501
2024-09-22T03:00,90.65,8,3417,552,32972
2024-09-22T04:00,94.88,15,3430,484,34332
2024-09-22T05:00,97.31,1600,3412,448,35893
2024-09-22T06:00,86.48,9092,3133,424,39328
2024-09-22T07:00,62.79,19202,1839,342,41981
2024-09-22T08:00,26.17,28493,704,376,43536
2024-09-22T09:00,11.13,34581,650,362,43925
2024-09-22T10:00,7.69,37314,995,332,43066
2024-09-22T11:00,-0.08,36040,1128,297,41274
2024-09-22T12:00,0.01,32494,982,282,39786
2024-09-22T13:00,9.66,26452,838,307,39540
2024-09-22T14:00,61.60,18427,808,297,40404
2024-09-22T15:00,106.27,9219,829,284,42443
2024-09-22T16:00,132.23,2190,968,327,45034
2024-09-22T17:00,157.18,62,1656,340,46169
2024-09-22T18:00,126.11,18,2400,411,45476
2024-09-22T19:00,109.54,6,2916,565,43069
2024-09-22T20:00,98.72,6,3067,637,41259
2024-09-22T21:00,92.00,7,2892,570,38612
2024-09-22T22:00,90.80,6,2476,479,36880
2024-09-22T23:00,84.08,6,2028,360,35792
2024-09-23T00:00,85.20,6,1843,231,35232
2024-09-23T01:00,87.15,5,1922,156,35196
2024-09-23T02:00,86.93,5,2013,106,36348
2024-09-23T03:00,97.30,6,2028,57,40261
2024-09-23T04:00,133.40,16,2092,43,48796
2024-09-23T05:00,203.73,1020,2401,37,54084
2024-09-23T06:00,151.33,6098,2610,28,57762
2024-09-23T07:00,109.99,13488,2338,46,59029
2024-09-23T08:00,94.66,20666,1788,134,60283
2024-09-23T09:00,80.16,25600,1418,183,60624
2024-09-23T10:00,78.94,27834,1519,214,59854
2024-09-23T11:00,76.55,27214,1723,241,58428
2024-09-23T12:00,76.77,23951,1871,287,55927
2024-09-23T13:00,80.98,18947,1933,467,55316
2024-09-23T14:00,102.25,12560,1958,348,54360
2024-09-23T15:00,136.01,5884,1962,491,55224
2024-09-23T16:00,240.26,1496,2090,494,55900
2024-09-23T17:00,328.39,95,2363,386,56397
2024-09-23T18:00,178.64,24,3226,474,54311
2024-09-23T19:00,116.71,18,4132,453,50576
2024-09-23T20:00,100.93,17,4739,628,46706
2024-09-23T21:00,91.54,11,5394,865,43007
2024-09-23T22:00,88.20,10,5870,922,41164
2024-09-23T23:00,82.51,8,5703,863,39422
2024-09-24T00:00,83.69,6,5348,848,38561
2024-09-24T01:00,85.02,5,5060,902,39076
2024-09-24T02:00,83.26,6,4819,1113,40162
2024-09-24T03:00,88.29,6,5016,1155,43478
2024-09-24T04:00,110.75,12,5567,1304,51423
2024-09-24T05:00,141.96,393,6468,1233,56108
2024-09-24T06:00,127.40,3172,6919,1500,59212
2024-09-24T07:00,106.02,8228,6142,1716,60256
2024-09-24T08:00,92.61,14366,5592,1600,61084
2024-09-24T09:00,83.87,18087,6656,1682,61757
2024-09-24T10:00,75.75,19101,8388,1887,60551
2024-09-24T11:00,68.99,19048,10261,2514,59354
2024-09-24T12:00,61.59,18864,11313,3120,57688
2024-09-24T13:00,74.94,17176,12340,3716,56816
2024-09-24T14:00,83.27,12805,12995,3932,55558
2024-09-24T15:00,104.04,6578,13575,4618,56491
2024-09-24T16:00,119.05,1442,13977,5361,57094
2024-09-24T17:00,124.13,29,16196,6697,58636
2024-09-24T18:00,101.70,15,18872,6928,57261
2024-09-24T19:00,80.44,18,21009,7140,53665
2024-09-24T20:00,74.48,15,22297,7028,50045
2024-09-24T21:00,60.58,15,22905,6112,45976
2024-09-24T22:00,51.48,16,22496,5983,43796
2024-09-24T23:00,42.18,16,22264,5685,42473
2024-09-25T00:00,39.20,17,21684,5733,41709
2024-09-25T01:00,39.45,18,20858,6058,42113
2024-09-25T02:00,54.77,21,19733,6230,43081
2024-09-25T03:00,63.95,24,19031,6325,46396
2024-09-25T04:00,78.34,24,19398,6307,53876
2024-09-25T05:00,83.77,829,18528,6379,58065
2024-09-25T06:00,88.15,5262,17773,6657,60896
2024-09-25T07:00,70.32,11615,16344,6355,61551
2024-09-25T08:00,49.46,16557,16593,6090,62725
2024-09-25T09:00,25.24,19827,17264,5562,63790
2024-09-25T10:00,19.10,21145,16968,5830,63365
2024-09-25T11:00,18.78,20000,16427,5608,61694
2024-09-25T12:00,55.53,17504,15207,4932,59456
2024-09-25T13:00,72.23,13586,14230,4160,57966
2024-09-25T14:00,89.69,9020,12853,3096,56876
2024-09-25T15:00,107.85,4448,12095,1867,57281
2024-09-25T16:00,156.20,959,12286,1424,57900
2024-09-25T17:00,195.42,39,12434,658,57860
2024-09-25T18:00,131.84,25,13556,812,55864
2024-09-25T19:00,96.61,14,14483,973,52548
2024-09-25T20:00,91.64,12,14164,1306,48218
2024-09-25T21:00,82.22,7,15095,2057,44150
2024-09-25T22:00,66.02,8,16044,2526,42014
2024-09-25T23:00,58.78,9,17602,3293,40387
2024-09-26T00:00,52.34,10,19159,2595,39667
2024-09-26T01:00,49.87,9,20496,2485,40726
2024-09-26T02:00,45.53,7,21924,2705,42286
2024-09-26T03:00,49.71,5,23299,2973,45753
2024-09-26T04:00,72.03,12,25830,3420,53728
2024-09-26T05:00,85.20,140,27509,3692,58738
2024-09-26T06:00,83.40,1367,29285,4284,61906
2024-09-26T07:00,67.33,3619,29863,3608,62456
2024-09-26T08:00,49.23,6004,30188,2704,63876
2024-09-26T09:00,31.62,8140,31044,2980,65057
2024-09-26T10:00,17.00,9276,32414,2947,64978
2024-09-26T11:00,12.08,9453,33716,3028,64910
2024-09-26T12:00,12.68,9048,33415,3091,63168
2024-09-26T13:00,37.90,8218,31272,3144,61043
2024-09-26T14:00,54.91,6290,28489,3281,59456
2024-09-26T15:00,73.65,2808,25487,3400,60134
2024-09-26T16:00,80.00,506,23956,3086,60503
2024-09-26T17:00,89.00,28,26118,4109,61162
2024-09-26T18:00,78.93,10,28572,4264,58464
2024-09-26T19:00,62.84,9,29116,3908,54260
2024-09-26T20:00,53.72,7,29365,3700,50152
2024-09-26T21:00,36.30,6,30370,4194,46540
2024-09-26T22:00,-0.06,6,31024,4574,45801
2024-09-26T23:00,0.04,7,33909,4615,44729
2024-09-27T00:00,-0.01,6,34744,4448,43723
2024-09-27T01:00,-0.59,6,33006,5242,44089
2024-09-27T02:00,-0.20,7,32653,5638,45250
2024-09-27T03:00,-0.03,6,33696,5067,48932
2024-09-27T04:00,0.00,14,36879,5168,57454
2024-09-27T05:00,25.92,956,36966,4584,61299
2024-09-27T06:00,39.92,6918,35616,5248,63786
2024-09-27T07:00,5.53,15254,35651,5470,63613
2024-09-27T08:00,-0.09,21054,32969,4877,65005
2024-09-27T09:00,-3.75,23171,32304,3888,64489
2024-09-27T10:00,-5.56,22009,34718,3157,62793
2024-09-27T11:00,-6.32,19385,36523,3729,60827
2024-09-27T12:00,-5.05,16963,36593,3564,59015
2024-09-27T13:00,-0.11,12905,37368,3390,58958
2024-09-27T14:00,0.00,8980,36591,4712,58558
2024-09-27T15:00,37.83,4890,35426,4628,58597
2024-09-27T16:00,62.55,1033,34896,4641,59250
2024-09-27T17:00,60.47,26,34564,5006,59442
2024-09-27T18:00,59.57,10,33848,5664,57300
2024-09-27T19:00,33.09,10,33469,5422,54839
2024-09-27T20:00,26.03,12,33826,4937,51536
2024-09-27T21:00,25.00,16,33304,5361,48174
2024-09-27T22:00,1.77,17,31080,6257,45033
2024-09-27T23:00,3.03,18,29727,6305,43537
2024-09-28T00:00,3.29,20,26686,6191,42320
2024-09-28T01:00,3.16,18,24678,6303,41607
2024-09-28T02:00,3.27,17,22345,6538,41318
2024-09-28T03:00,4.15,14,20595,6836,42374
2024-09-28T04:00,11.96,18,19783,7012,44246
2024-09-28T05:00,22.28,513,18269,7092,46407
2024-09-28T06:00,26.21,4316,16252,7215,49878
2024-09-28T07:00,18.91,10988,14920,7144,52364
2024-09-28T08:00,9.75,17840,15316,7229,53044
2024-09-28T09:00,3.78,22061,16115,6841,53220
2024-09-28T10:00,0.65,24489,16602,6620,53084
2024-09-28T11:00,0.00,25534,14952,6384,50998
2024-09-28T12:00,0.00,24705,13011,6408,49303
2024-09-28T13:00,0.06,20887,14294,6316,48752
2024-09-28T14:00,9.82,14653,17178,6114,48676
2024-09-28T15:00,63.23,7543,15589,5887,50282
2024-09-28T16:00,80.28,1491,13474,6560,51276
2024-09-28T17:00,100.08,37,12875,6770,52410
2024-09-28T18:00,96.31,18,12898,6376,50542
2024-09-28T19:00,80.70,8,13028,5799,47409
2024-09-28T20:00,80.28,9,12993,5561,45340
2024-09-28T21:00,74.73,8,12834,4751,42950
2024-09-28T22:00,60.66,6,12372,4602,40418
2024-09-28T23:00,45.50,4,11792,3799,38904
2024-09-29T00:00,44.16,6,11385,4091,38030
2024-09-29T01:00,43.35,4,10996,3458,37543
2024-09-29T02:00,57.74,6,9532,2864,37202
2024-09-29T03:00,73.63,5,8252,2501,37770
2024-09-29T04:00,77.00,10,7173,1909,38843
2024-09-29T05:00,98.00,890,5922,1640,40180
2024-09-29T06:00,96.88,7624,4391,1080,43244
2024-09-29T07:00,54.43,18512,2384,637,45543
2024-09-29T08:00,1.33,28529,1211,841,47593
2024-09-29T09:00,0.00,34593,1183,1053,48166
2024-09-29T10:00,-0.01,34702,1623,1243,47608
2024-09-29T11:00,-0.50,31948,1884,1596,45878
2024-09-29T12:00,-0.45,27866,2241,2006,44596
2024-09-29T13:00,0.00,22100,2778,1801,44220
2024-09-29T14:00,43.24,14435,2856,1382,43370
2024-09-29T15:00,94.01,6642,3319,1337,45782
2024-09-29T16:00,152.59,1241,4488,1341,48067
2024-09-29T17:00,167.32,35,6950,1716,49205
2024-09-29T18:00,109.61,22,10609,2539,47214
2024-09-29T19:00,80.13,12,13677,3610,44916
2024-09-29T20:00,64.30,11,16206,4434,43425
2024-09-29T21:00,37.39,15,17818,5245,41649
2024-09-29T22:00,19.00,10,17798,5694,40173
2024-09-29T23:00,11.45,16,18338,6058,39491
2024-09-30T00:00,8.40,14,19070,5900,39076
2024-09-30T01:00,5.53,6,19374,5643,39412
2024-09-30T02:00,5.61,6,20371,5582,41428
2024-09-30T03:00,16.98,16,22070,5494,45292
2024-09-30T04:00,45.64,23,23574,5632,54287
2024-09-30T05:00,90.42,491,23799,5540,59708
2024-09-30T06:00,93.55,4262,22692,4290,62626
2024-09-30T07:00,68.46,10144,20646,3141,62694
2024-09-30T08:00,44.41,16029,19485,2442,63550
2024-09-30T09:00,20.91,21184,20479,1482,63818
2024-09-30T10:00,9.28,23874,21178,1060,62801
2024-09-30T11:00,2.06,23325,22632,1683,62090
2024-09-30T12:00,7.63,21042,22493,1016,61023
2024-09-30T13:00,21.96,16482,23302,822,60401
2024-09-30T14:00,35.13,10666,24169,746,59942
2024-09-30T15:00,64.60,4294,25292,1296,60531
2024-09-30T16:00,70.36,614,25988,2852,62390
2024-09-30T17:00,64.24,44,27750,2603,63684
2024-09-30T18:00,42.35,34,30158,2613,60795
2024-09-30T19:00,21.93,34,30244,1518,56577
2024-09-30T20:00,20.01,29,28965,2401,53865
2024-09-30T21:00,9.84,26,28451,2741,50904
2024-09-30T22:00,3.21,22,27554,3900,46034
2024-09-30T23:00,0.07,18,26335,5436,44657
2024-10-01T00:00,0.05,11,24930,5666,44193
2024-10-01T01:00,0.02,15,23819,5547,44182
2024-10-01T02:00,0.09,19,23854,5320,45040
2024-10-01T03:00,6.80,18,22659,5404,48204
2024-10-01T04:00,63.96,24,22136,5076,55353
2024-10-01T05:00,103.35,314,21255,4299,59897
2024-10-01T06:00,114.98,2936,20111,3601,62264
2024-10-01T07:00,100.41,7426,18630,3598,62751
2024-10-01T08:00,76.48,12104,17173,3592,63718
2024-10-01T09:00,68.21,15064,16246,3676,64185
2024-10-01T10:00,58.60,15420,15818,3864,63576
2024-10-01T11:00,55.66,15405,15072,4716,63073
2024-10-01T12:00,56.51,14150,14119,5688,61558
2024-10-01T13:00,62.18,11606,13856,5990,60215
2024-10-01T14:00,98.94,7660,12754,6105,59178
2024-10-01T15:00,109.58,3362,11655,5329,59263
2024-10-01T16:00,133.90,565,10383,5590,60098
2024-10-01T17:00,136.51,40,9936,5953,60948
2024-10-01T18:00,118.54,33,9398,6067,58265
2024-10-01T19:00,92.30,28,8597,6061,54801
2024-10-01T20:00,91.45,19,7500,5604,50858
2024-10-01T21:00,76.24,16,7543,5164,47354
2024-10-01T22:00,85.44,17,7624,5830,44760
2024-10-01T23:00,80.88,15,7322,6174,43370
2024-10-02T00:00,77.09,18,7444,6280,42997
2024-10-02T01:00,74.93,21,7614,6370,43516
2024-10-02T02:00,77.14,20,7860,6086,44323
2024-10-02T03:00,81.10,16,7993,6027,47082
2024-10-02T04:00,96.53,14,8845,6507,54908
2024-10-02T05:00,118.83,160,9386,6310,59691
2024-10-02T06:00,135.70,1794,9593,6118,62068
2024-10-02T07:00,117.59,4933,9640,6452,62808
2024-10-02T08:00,103.21,8553,9753,6580,63556
2024-10-02T09:00,96.52,11954,10178,6522,63932
2024-10-02T10:00,90.45,13816,10355,6014,63962
2024-10-02T11:00,86.44,14336,10196,5634,63031
2024-10-02T12:00,78.87,13961,10245,4895,61060
2024-10-02T13:00,82.07,12134,10039,4471,59390
2024-10-02T14:00,81.51,8712,9869,4406,57737
2024-10-02T15:00,100.10,4144,9178,4212,57764
2024-10-02T16:00,117.01,676,8672,4132,58733
2024-10-02T17:00,130.07,38,9512,4546,59726
2024-10-02T18:00,114.37,22,10420,4752,56792
2024-10-02T19:00,96.54,17,11250,5218,53219
2024-10-02T20:00,93.30,18,11217,4944,49138
2024-10-02T21:00,85.00,14,11362,4428,45386
2024-10-02T22:00,67.33,14,11278,3936,42843
2024-10-02T23:00,65.86,13,11057,3709,40830
2024-10-03T00:00,65.14,10,10867,3728,39857
2024-10-03T01:00,64.18,9,11029,3750,39684
2024-10-03T02:00,63.98,10,11572,3976,39731
2024-10-03T03:00,64.40,11,12389,4187,39662
2024-10-03T04:00,65.43,14,13035,4258,40032
2024-10-03T05:00,73.37,194,13424,4306,41982
2024-10-03T06:00,76.67,2294,12748,4319,45013
2024-10-03T07:00,72.90,6650,10792,4296,47588
2024-10-03T08:00,69.28,11400,9602,4167,49670
2024-10-03T09:00,63.04,14494,10568,4013,52143
2024-10-03T10:00,47.09,15777,11472,4049,52000
2024-10-03T11:00,33.98,14804,11643,3823,49999
2024-10-03T12:00,39.14,12921,11507,3840,48724
2024-10-03T13:00,51.36,10437,11322,3592,48549
2024-10-03T14:00,66.04,6809,11116,3213,47856
2024-10-03T15:00,89.70,3122,10185,2948,47979
2024-10-03T16:00,110.07,482,9836,2740,49732
2024-10-03T17:00,115.32,31,10292,2590,50779
2024-10-03T18:00,108.28,24,10816,2476,48773
2024-10-03T19:00,98.76,17,10980,2217,46498
2024-10-03T20:00,90.96,11,10571,1917,44398
2024-10-03T21:00,81.46,10,10344,1406,41349
2024-10-03T22:00,73.90,9,10122,1028,39111
2024-10-03T23:00,72.52,7,9787,779,38360
2024-10-04T00:00,72.10,6,9430,621,37954
2024-10-04T01:00,72.00,6,9281,645,38660
2024-10-04T02:00,72.33,7,9150,654,39834
2024-10-04T03:00,77.10,8,8835,664,41770
2024-10-04T04:00,103.00,8,8443,707,46376
2024-10-04T05:00,126.54,188,8346,640,50070
2024-10-04T06:00,141.42,2474,8011,570,52835
2024-10-04T07:00,116.27,7207,7091,458,53954
2024-10-04T08:00,100.09,12644,6063,481,54781
2024-10-04T09:00,85.00,16506,6204,424,55354
2024-10-04T10:00,75.07,18272,6466,350,55632
2024-10-04T11:00,73.49,17643,6194,340,54445
2024-10-04T12:00,75.82,15703,5601,282,52317
2024-10-04T13:00,79.07,12899,5662,175,51059
2024-10-04T14:00,89.80,8968,5620,119,50686
2024-10-04T15:00,107.10,4062,5539,75,51205
2024-10-04T16:00,131.97,587,5740,50,52440
2024-10-04T17:00,149.02,38,6297,20,53461
2024-10-04T18:00,123.70,16,6864,14,50784
2024-10-04T19:00,99.90,6,6881,22,48114
2024-10-04T20:00,99.90,6,6458,9,45478
2024-10-04T21:00,90.00,6,6007,1,42260
2024-10-04T22:00,93.10,5,5342,0,39813
2024-10-04T23:00,84.64,6,4765,3,38128
2024-10-05T00:00,81.40,5,4240,12,37343
2024-10-05T01:00,75.54,6,3684,26,37281
2024-10-05T02:00,75.72,5,3240,45,37423
2024-10-05T03:00,79.82,6,2894,69,38506
2024-10-05T04:00,86.20,6,2786,64,40330
2024-10-05T05:00,100.40,166,2702,66,42637
2024-10-05T06:00,110.62,2705,2613,92,45592
2024-10-05T07:00,103.00,8308,2196,131,47923
2024-10-05T08:00,82.42,14746,1454,202,49326
2024-10-05T09:00,68.27,19664,1071,331,50842
2024-10-05T10:00,51.44,21970,1104,470,50253
2024-10-05T11:00,38.88,21585,1157,429,48846
2024-10-05T12:00,43.49,19240,1218,296,47746
2024-10-05T13:00,62.92,14996,1243,218,46486
2024-10-05T14:00,77.12,10051,1318,288,46194
2024-10-05T15:00,99.48,4476,1500,495,47227
2024-10-05T16:00,148.65,620,2003,761,48983
2024-10-05T17:00,143.28,30,2695,1254,49822
2024-10-05T18:00,107.23,16,4402,1724,47430
2024-10-05T19:00,96.56,10,5979,1940,44868
2024-10-05T20:00,85.23,10,6641,2205,43027
2024-10-05T21:00,67.00,10,7084,2720,40242
2024-10-05T22:00,67.04,9,6998,3212,37661
2024-10-05T23:00,63.97,9,7019,3158,36258
2024-10-06T00:00,62.83,9,7031,3206,35568
2024-10-06T01:00,63.35,10,6782,3285,35024
2024-10-06T02:00,62.71,10,6398,3230,35317
2024-10-06T03:00,63.97,8,6224,3417,35686
2024-10-06T04:00,63.41,10,6474,3510,36398
2024-10-06T05:00,72.81,245,7182,3642,38229
2024-10-06T06:00,77.20,3832,7498,3835,40746
2024-10-06T07:00,66.06,10422,6563,3926,43735
2024-10-06T08:00,35.28,17100,4630,3853,46355
2024-10-06T09:00,16.68,22735,4794,3563,48212
2024-10-06T10:00,5.25,26527,6048,3568,48136
2024-10-06T11:00,-0.01,26444,7032,3804,46706
2024-10-06T12:00,-0.01,23586,7622,4247,44890
2024-10-06T13:00,0.20,18806,7946,4874,44372
2024-10-06T14:00,59.60,11910,8547,5272,43790
2024-10-06T15:00,90.94,4975,9037,4954,44920
2024-10-06T16:00,106.30,608,10882,4824,47494
2024-10-06T17:00,97.22,21,14330,5654,49068
2024-10-06T18:00,72.98,16,16640,5716,47520
2024-10-06T19:00,59.37,14,17751,5848,45545
2024-10-06T20:00,58.69,14,17828,5885,44298
2024-10-06T21:00,51.71,14,17616,6022,41670
2024-10-06T22:00,34.58,17,17492,5924,40414
2024-10-06T23:00,35.34,17,16775,5660,39022
2024-10-07T00:00,33.25,16,16737,5425,38442
2024-10-07T01:00,30.15,15,16639,5612,39111
2024-10-07T02:00,36.09,16,17016,5456,41196
2024-10-07T03:00,46.73,16,17396,5730,45100
2024-10-07T04:00,67.59,18,17636,5913,52924
2024-10-07T05:00,100.92,286,16780,5742,58188
2024-10-07T06:00,108.32,3171,15055,5862,61222
2024-10-07T07:00,91.86,7876,12579,5780,62398
2024-10-07T08:00,66.09,13680,10390,5271,63178
2024-10-07T09:00,60.22,16706,9222,5122,63680
2024-10-07T10:00,54.11,18811,8689,5050,63584
2024-10-07T11:00,43.29,19960,8320,5084,62871
2024-10-07T12:00,55.00,18551,7606,5205,60832
2024-10-07T13:00,67.01,14892,5832,5259,58666
2024-10-07T14:00,97.90,9117,4383,4338,57028
2024-10-07T15:00,120.71,3196,4020,3680,57312
2024-10-07T16:00,237.65,277,4670,2912,58636
2024-10-07T17:00,229.53,26,5813,2321,59514
2024-10-07T18:00,121.98,19,6994,2276,56382
2024-10-07T19:00,99.93,11,8218,2004,52840
2024-10-07T20:00,91.91,10,8350,1228,49365
2024-10-07T21:00,79.12,7,8954,898,45725
2024-10-07T22:00,72.33,7,10420,820,42876
2024-10-07T23:00,67.07,8,12324,841,41580
2024-10-08T00:00,63.99,11,12958,1302,41518
2024-10-08T01:00,59.67,13,13490,2092,41611
2024-10-08T02:00,59.69,13,14366,3021,42905
2024-10-08T03:00,67.43,13,15498,3988,45812
2024-10-08T04:00,85.97,20,16920,4775,53942
2024-10-08T05:00,110.37,208,17064,5511,59126
2024-10-08T06:00,106.24,2825,16192,5268,61219
2024-10-08T07:00,85.00,7816,14997,5019,62196
2024-10-08T08:00,80.33,13793,12604,4854,63324
2024-10-08T09:00,80.50,17923,10599,4658,64534
2024-10-08T10:00,76.00,19366,9600,4399,63502
2024-10-08T11:00,82.53,17106,8368,4665,62224
2024-10-08T12:00,88.39,12821,7524,4655,60170
2024-10-08T13:00,90.08,8286,7102,4858,59496
2024-10-08T14:00,101.19,4316,6600,4462,58040
2024-10-08T15:00,126.34,1556,6464,4236,58630
2024-10-08T16:00,156.77,184,6834,4243,59878
2024-10-08T17:00,168.20,26,7958,3836,60330
2024-10-08T18:00,114.41,13,9166,3517,57080
2024-10-08T19:00,94.90,10,10050,3402,53418
2024-10-08T20:00,86.60,16,10377,3578,49333
2024-10-08T21:00,67.60,14,11132,3367,45728
2024-10-08T22:00,61.93,10,12028,2880,43713
2024-10-08T23:00,60.00,10,13014,2150,42561
2024-10-09T00:00,57.48,10,13799,1786,41769
2024-10-09T01:00,54.32,12,14131,1940,42240
2024-10-09T02:00,57.32,14,14231,2356,43044
2024-10-09T03:00,63.87,12,14724,2980,46668
2024-10-09T04:00,86.70,12,16017,3476,53442
2024-10-09T05:00,111.19,270,16337,4095,58730
2024-10-09T06:00,110.98,4080,16389,4796,60940
2024-10-09T07:00,87.00,11406,15162,4480,61298
2024-10-09T08:00,72.09,19080,13810,4662,62013
2024-10-09T09:00,59.90,22809,13645,4530,63064
2024-10-09T10:00,59.80,23085,14781,4345,63258
2024-10-09T11:00,59.85,20357,16274,3605,62012
2024-10-09T12:00,67.63,15985,16724,3577,60148
2024-10-09T13:00,77.17,11276,16719,3581,59238
2024-10-09T14:00,95.00,6092,16931,3446,58658
2024-10-09T15:00,117.45,2057,17800,3174,59552
2024-10-09T16:00,122.53,167,18628,2876,60686
2024-10-09T17:00,127.12,31,20067,2509,60843
2024-10-09T18:00,111.05,17,21077,2126,57629
2024-10-09T19:00,95.80,10,20917,2085,54546
2024-10-09T20:00,95.10,6,20037,1094,50066
2024-10-09T21:00,82.34,5,19454,378,45320
2024-10-09T22:00,61.19,8,20368,763,44003
2024-10-09T23:00,46.89,7,21927,1048,42936
2024-10-10T00:00,37.75,9,23390,607,42467
2024-10-10T01:00,32.00,8,24744,1138,43022
2024-10-10T02:00,29.64,11,26392,2247,44396
2024-10-10T03:00,39.60,10,28861,3584,48895
2024-10-10T04:00,62.10,13,30708,4780,55728
2024-10-10T05:00,84.90,113,30976,5242,60644
2024-10-10T06:00,80.46,1372,31206,5789,63549
2024-10-10T07:00,67.50,4065,31301,5859,64153
2024-10-10T08:00,52.01,6812,32250,3743,64060
2024-10-10T09:00,38.93,9418,33493,2964,65148
2024-10-10T10:00,21.89,12688,33727,3032,65492
2024-10-10T11:00,15.94,14116,32663,3312,64326
2024-10-10T12:00,20.01,13796,30428,3020,62589
2024-10-10T13:00,38.37,11812,27310,2782,60705
2024-10-10T14:00,58.50,7380,25900,2994,59274
2024-10-10T15:00,85.82,2832,23381,4130,60195
2024-10-10T16:00,96.07,253,21846,4538,61501
2024-10-10T17:00,119.32,45,20268,4554,62270
2024-10-10T18:00,101.19,34,18490,5174,58883
2024-10-10T19:00,90.41,27,16936,5462,55325
2024-10-10T20:00,83.16,16,14498,6091,51446
2024-10-10T21:00,69.93,17,13441,6179,47670
2024-10-10T22:00,79.96,12,12410,6010,45569
2024-10-10T23:00,73.21,10,12222,6422,45041
2024-10-11T00:00,71.70,10,11812,6786,44236
2024-10-11T01:00,67.91,8,12312,6744,44659
2024-10-11T02:00,69.56,9,12160,6394,45405
2024-10-11T03:00,73.39,11,12466,6578,48311
2024-10-11T04:00,99.95,16,12218,6506,54976
2024-10-11T05:00,140.41,148,11948,5982,60073
2024-10-11T06:00,155.49,2846,9815,6047,62525
2024-10-11T07:00,110.01,8952,7215,5378,62722
2024-10-11T08:00,90.00,16328,5593,5066,63052
2024-10-11T09:00,72.35,22126,5995,5150,63604
2024-10-11T10:00,61.65,24826,7514,5668,63338
2024-10-11T11:00,57.17,24355,8887,5451,61776
2024-10-11T12:00,59.56,22534,9832,5758,59304
2024-10-11T13:00,66.96,18436,8689,6087,58139
2024-10-11T14:00,73.35,12236,7337,5170,55908
2024-10-11T15:00,112.78,4808,6428,5590,56759
2024-10-11T16:00,167.86,386,6490,5526,58482
2024-10-11T17:00,174.24,44,6914,5266,59148
2024-10-11T18:00,121.31,34,7238,5139,56012
2024-10-11T19:00,99.79,26,7578,4958,52521
2024-10-11T20:00,98.41,17,7270,4287,49071
2024-10-11T21:00,87.83,16,6977,4443,45709
2024-10-11T22:00,90.09,17,7352,4554,43188
2024-10-11T23:00,79.42,18,7580,4120,41108
2024-10-12T00:00,75.58,17,7253,4243,39606
2024-10-12T01:00,75.02,12,7233,4258,39339
2024-10-12T02:00,71.92,12,7682,4276,39475
2024-10-12T03:00,67.90,9,8802,5192,40384
2024-10-12T04:00,71.63,14,11263,5144,42032
2024-10-12T05:00,68.73,245,13025,5033,44730
2024-10-12T06:00,68.91,4750,13952,4958,47893
2024-10-12T07:00,41.82,12832,13662,4748,50684
2024-10-12T08:00,35.30,20656,10393,4675,52645
2024-10-12T09:00,34.28,25358,8973,4418,53961
2024-10-12T10:00,24.79,26419,10588,3904,53208
2024-10-12T11:00,14.33,24491,12054,3866,50900
2024-10-12T12:00,23.34,19126,13170,4080,49828
2024-10-12T13:00,46.35,13046,13752,4625,48608
2024-10-12T14:00,63.18,7472,13797,5505,48350
2024-10-12T15:00,76.02,2424,15214,6226,50031
2024-10-12T16:00,80.86,161,17842,6452,52954
2024-10-12T17:00,77.62,29,20321,6850,53500
2024-10-12T18:00,60.19,26,22848,6453,50713
2024-10-12T19:00,45.42,24,24071,6827,48256
2024-10-12T20:00,34.87,18,24457,6789,46459
2024-10-12T21:00,25.37,16,25529,5934,43718
2024-10-12T22:00,0.00,17,26436,4697,41259
2024-10-12T23:00,-0.01,16,27035,3775,38605
2024-10-13T00:00,-0.07,8,27544,3777,37968
2024-10-13T01:00,-0.37,8,27362,4092,37550
2024-10-13T02:00,-0.51,8,28178,4587,37636
2024-10-13T03:00,-0.09,10,31471,4664,38464
2024-10-13T04:00,-0.30,21,34238,4424,38676
2024-10-13T05:00,-0.04,90,36974,5159,40598
2024-10-13T06:00,-0.07,1989,36463,4650,43263
2024-10-13T07:00,-0.86,6513,36372,4320,46248
2024-10-13T08:00,-0.64,12728,36037,3920,49538
2024-10-13T09:00,-1.97,16898,35234,3096,51494
2024-10-13T10:00,-7.49,18732,35044,2927,51362
2024-10-13T11:00,-15.16,19369,33337,2902,49420
2024-10-13T12:00,-15.69,17938,32308,2406,47685
2024-10-13T13:00,-5.01,14117,32958,2848,46998
2024-10-13T14:00,-1.99,9029,34443,2708,46954
2024-10-13T15:00,0.06,3297,33586,4296,49037
2024-10-13T16:00,35.83,223,31902,3712,50934
2024-10-13T17:00,54.05,41,30086,3050,51643
2024-10-13T18:00,39.51,40,28714,3043,49506
2024-10-13T19:00,38.43,39,27450,2957,47521
2024-10-13T20:00,40.13,24,24868,3547,46106
2024-10-13T21:00,36.81,26,23786,3577,43971
2024-10-13T22:00,37.10,22,22067,4301,43046
2024-10-13T23:00,35.25,22,19670,4216,41880
2024-10-14T00:00,35.17,21,17601,3449,40872
2024-10-14T01:00,34.36,20,15921,2552,40528
2024-10-14T02:00,39.33,18,14773,2395,41832
2024-10-14T03:00,62.20,17,14342,2446,45874
2024-10-14T04:00,98.74,22,13276,2365,53823
2024-10-14T05:00,132.89,148,11866,1820,59281
2024-10-14T06:00,153.61,2612,10517,1666,62113
2024-10-14T07:00,117.94,7526,8316,1507,62668
2024-10-14T08:00,100.95,12344,5789,1282,63298
2024-10-14T09:00,95.53,15043,3929,1016,63824
2024-10-14T10:00,88.36,15304,3138,1123,63334
2024-10-14T11:00,82.60,14307,2702,960,62676
2024-10-14T12:00,74.16,12496,2289,972,61208
2024-10-14T13:00,87.08,9386,1914,1008,59466
2024-10-14T14:00,105.79,5547,1807,1049,58130
2024-10-14T15:00,159.59,2141,1736,974,58673
2024-10-14T16:00,257.10,147,2079,872,60190
2024-10-14T17:00,269.74,22,2501,795,60425
2024-10-14T18:00,158.00,15,2681,653,57310
2024-10-14T19:00,114.12,4,2824,634,53804
2024-10-14T20:00,99.66,4,2650,474,50375
2024-10-14T21:00,94.80,4,2618,511,46976
2024-10-14T22:00,91.23,4,2659,581,44318
2024-10-14T23:00,86.49,4,2686,657,43175
2024-10-15T00:00,88.35,4,2850,817,43299
2024-10-15T01:00,84.04,5,3099,679,43237
2024-10-15T02:00,80.80,4,3226,757,45034
2024-10-15T03:00,89.51,4,3141,704,47222
2024-10-15T04:00,114.53,10,3494,530,54037
2024-10-15T05:00,185.39,98,3964,372,59240
2024-10-15T06:00,176.61,2639,4372,377,61511
2024-10-15T07:00,110.54,9314,4256,533,61793
2024-10-15T08:00,92.75,16008,3486,727,61748
2024-10-15T09:00,83.05,21017,2945,993,62334
2024-10-15T10:00,78.47,22884,3768,1234,62670
2024-10-15T11:00,71.75,22227,4490,1580,61970
2024-10-15T12:00,75.90,19652,4894,2077,59905
2024-10-15T13:00,83.36,15188,5682,2807,57911
2024-10-15T14:00,89.03,8854,6428,3712,57162
2024-10-15T15:00,120.69,2626,7726,4618,58064
2024-10-15T16:00,136.79,114,11598,5141,60112
2024-10-15T17:00,97.31,30,16578,5497,60854
2024-10-15T18:00,76.26,27,20000,5191,57379
2024-10-15T19:00,66.65,25,22426,5382,54202
2024-10-15T20:00,59.65,22,23024,4869,50857
2024-10-15T21:00,40.78,20,24838,4544,47338
2024-10-15T22:00,23.35,19,25742,4318,45370
2024-10-15T23:00,12.80,16,26112,4673,44133
2024-10-16T00:00,5.30,16,26028,4736,43384
2024-10-16T01:00,3.61,16,26597,4862,43552
2024-10-16T02:00,3.16,13,26627,4792,45362
2024-10-16T03:00,8.20,12,26207,4737,49500
2024-10-16T04:00,42.59,32,28458,4654,56424
2024-10-16T05:00,67.29,152,28832,4246,61461
2024-10-16T06:00,66.52,3644,27110,3844,63564
2024-10-16T07:00,54.29,11437,24560,2828,64321
2024-10-16T08:00,26.68,19741,22295,2868,64945
2024-10-16T09:00,14.16,25329,19508,2168,64096
2024-10-16T10:00,4.09,27568,19240,2423,62986
2024-10-16T11:00,2.04,26184,19287,2996,61966
2024-10-16T12:00,4.00,22669,19636,3325,61234
2024-10-16T13:00,14.18,16918,20149,3422,60560
2024-10-16T14:00,54.92,9588,21140,2580,58740
2024-10-16T15:00,72.95,2853,23613,3011,59976
2024-10-16T16:00,84.47,160,28155,2981,62591
2024-10-16T17:00,88.38,40,31179,2354,62336
2024-10-16T18:00,65.31,40,31567,1663,59174
2024-10-16T19:00,61.86,39,30573,1872,55674
2024-10-16T20:00,35.14,27,27786,2640,51710
2024-10-16T21:00,26.54,26,26422,3569,49234
2024-10-16T22:00,17.04,23,25213,3647,47382
2024-10-16T23:00,12.15,21,24406,4293,46078
2024-10-17T00:00,10.48,14,23732,4529,45374
2024-10-17T01:00,5.61,12,23660,4963,45389
2024-10-17T02:00,10.01,18,23338,4899,46596
2024-10-17T03:00,29.80,16,23121,5285,49136
2024-10-17T04:00,70.51,23,23632,5881,55936
2024-10-17T05:00,101.39,126,22792,5661,61564
2024-10-17T06:00,92.53,3383,20496,5103,63313
2024-10-17T07:00,73.76,10401,17389,4598,63494
2024-10-17T08:00,62.22,17705,14348,3432,63349
2024-10-17T09:00,52.02,23088,11982,3179,63656
2024-10-17T10:00,46.54,25336,9933,3244,63022
2024-10-17T11:00,47.52,24108,8107,3176,61272
2024-10-17T12:00,60.04,20356,7005,2929,58979
2024-10-17T13:00,63.55,14979,6441,3377,58672
2024-10-17T14:00,92.68,8534,6339,2866,57871
2024-10-17T15:00,123.60,2511,6914,2669,59146
2024-10-17T16:00,186.21,103,8273,3243,61392
2024-10-17T17:00,172.19,30,9268,3054,61605
2024-10-17T18:00,117.50,19,9444,2524,58298
2024-10-17T19:00,97.81,12,9320,2075,54413
2024-10-17T20:00,89.05,6,8441,1718,50803
2024-10-17T21:00,82.21,6,7460,1244,47197
2024-10-17T22:00,80.95,5,6503,776,44383
2024-10-17T23:00,81.16,5,5615,579,42955
2024-10-18T00:00,82.73,6,5024,521,41902
2024-10-18T01:00,78.84,6,4803,415,42222
2024-10-18T02:00,81.19,5,4810,445,43376
2024-10-18T03:00,84.34,5,5092,573,46413
2024-10-18T04:00,98.89,8,5338,600,53102
2024-10-18T05:00,149.78,96,5364,454,58404
2024-10-18T06:00,156.24,2453,5638,328,60859
2024-10-18T07:00,111.00,7585,4713,225,61562
2024-10-18T08:00,95.76,13346,3249,184,61958
2024-10-18T09:00,85.30,17622,2211,150,62246
2024-10-18T10:00,82.96,19619,1689,181,61701
2024-10-18T11:00,80.20,18802,1431,500,60445
2024-10-18T12:00,81.19,15520,1445,734,58246
2024-10-18T13:00,84.34,10857,1726,901,56652
2024-10-18T14:00,103.29,5684,1889,842,55608
2024-10-18T15:00,133.67,1623,2478,1066,56492
2024-10-18T16:00,181.28,74,3968,1156,58264
2024-10-18T17:00,142.58,20,5407,1245,57931
2024-10-18T18:00,103.25,14,6386,1618,54772
2024-10-18T19:00,96.83,15,6895,1700,51824
2024-10-18T20:00,93.26,13,6816,1692,48438
2024-10-18T21:00,85.54,11,6310,1704,44988
2024-10-18T22:00,87.06,10,5894,1562,42110
2024-10-18T23:00,83.03,10,6061,1295,40422
2024-10-19T00:00,79.91,9,6647,846,39100
2024-10-19T01:00,75.26,10,7162,654,38929
2024-10-19T02:00,75.87,10,7532,689,39333
2024-10-19T03:00,76.77,11,8250,794,40337
2024-10-19T04:00,80.00,10,9012,789,42257
2024-10-19T05:00,91.91,39,9343,881,45247
2024-10-19T06:00,89.66,1694,9648,812,48321
2024-10-19T07:00,84.60,5810,8978,788,50782
2024-10-19T08:00,78.80,10270,7448,826,52197
2024-10-19T09:00,73.32,13781,6653,612,53625
2024-10-19T10:00,66.16,15538,6293,663,53674
2024-10-19T11:00,60.96,14880,6736,1296,52355
2024-10-19T12:00,63.89,12108,7364,1448,51227
2024-10-19T13:00,79.07,8676,7073,1414,49432
2024-10-19T14:00,98.09,5038,6762,1570,48857
2024-10-19T15:00,109.14,1577,7248,1664,50475
2024-10-19T16:00,135.82,80,8232,2314,52816
2024-10-19T17:00,118.93,10,9304,3224,52588
2024-10-19T18:00,96.80,8,9964,3924,49614
2024-10-19T19:00,90.18,11,10198,4388,46854
2024-10-19T20:00,83.83,12,10081,4981,44682
2024-10-19T21:00,73.33,13,10110,5292,41669
2024-10-19T22:00,55.57,14,9486,4587,39136
2024-10-19T23:00,54.90,14,9236,5248,37109
2024-10-20T00:00,57.23,14,9044,5109,35910
2024-10-20T01:00,59.82,13,8810,4516,35339
2024-10-20T02:00,62.92,14,8853,3561,35434
2024-10-20T03:00,66.91,12,9325,2790,35902
2024-10-20T04:00,64.23,14,9852,2045,36742
2024-10-20T05:00,75.32,35,10146,1700,38607
2024-10-20T06:00,68.28,1772,9978,1845,41554
2024-10-20T07:00,45.75,6616,9280,2654,44623
2024-10-20T08:00,6.37,12216,8155,3594,47606
2024-10-20T09:00,0.08,16962,7742,4092,50208
2024-10-20T10:00,0.00,19204,8697,4708,49719
2024-10-20T11:00,-0.98,19227,9820,4757,48383
2024-10-20T12:00,-2.01,16628,10770,4188,46326
2024-10-20T13:00,0.00,11988,12554,4342,45704
2024-10-20T14:00,5.10,6483,14364,3781,45690
2024-10-20T15:00,57.69,1612,17622,3464,47829
2024-10-20T16:00,60.70,47,21645,3589,51440
2024-10-20T17:00,45.08,24,24532,3227,51210
2024-10-20T18:00,34.35,23,26412,3518,49636
2024-10-20T19:00,20.95,23,27433,3250,47576
2024-10-20T20:00,12.15,19,26434,3534,46773
2024-10-20T21:00,1.93,18,26648,2640,43400
2024-10-20T22:00,-0.10,18,25368,4160,42425
2024-10-20T23:00,-0.10,18,23730,4913,41070
2024-10-21T00:00,-0.14,18,23172,4851,40590
2024-10-21T01:00,-0.08,19,22596,4552,40630
2024-10-21T02:00,-0.04,17,20921,4264,41996
2024-10-21T03:00,3.45,18,21236,4789,46331
2024-10-21T04:00,66.60,18,21859,4202,53765
2024-10-21T05:00,104.98,36,20248,4178,60143
2024-10-21T06:00,120.39,1494,18290,4265,62728
2024-10-21T07:00,103.90,5696,16590,4856,62839
2024-10-21T08:00,89.04,10582,14569,4896,63337
2024-10-21T09:00,81.03,14844,12721,4898,64071
2024-10-21T10:00,73.19,17404,11306,5221,63486
2024-10-21T11:00,81.36,17663,9338,5058,62155
2024-10-21T12:00,81.65,16252,7149,4963,60033
2024-10-21T13:00,98.59,13280,5378,4845,58519
2024-10-21T14:00,123.50,7840,4708,4607,56912
2024-10-21T15:00,131.54,2150,4448,4560,58058
2024-10-21T16:00,222.11,62,4635,3778,59931
2024-10-21T17:00,190.87,30,5050,2882,59688
2024-10-21T18:00,128.44,18,5734,2129,56248
2024-10-21T19:00,102.00,13,6753,1584,52850
2024-10-21T20:00,97.80,11,7185,1219,48984
2024-10-21T21:00,92.97,8,7819,960,45317
2024-10-21T22:00,91.67,7,8621,355,42805
2024-10-21T23:00,89.43,7,9807,622,41959
2024-10-22T00:00,85.69,6,11064,928,41171
2024-10-22T01:00,83.60,5,12438,1124,42064
2024-10-22T02:00,83.19,6,14031,819,43253
2024-10-22T03:00,89.95,10,15071,759,46297
2024-10-22T04:00,100.58,8,15007,1653,53573
2024-10-22T05:00,156.09,20,13919,2661,59257
2024-10-22T06:00,170.12,1177,13884,3150,61862
2024-10-22T07:00,113.44,5028,13910,3988,62276
2024-10-22T08:00,99.22,9846,13369,4068,63314
2024-10-22T09:00,87.75,14111,13344,4919,65363
2024-10-22T10:00,77.11,16350,14138,4406,64994
2024-10-22T11:00,70.88,16946,14084,4074,63617
2024-10-22T12:00,73.53,16258,13656,4227,61817
2024-10-22T13:00,87.08,12562,13175,4596,59802
2024-10-22T14:00,107.45,7026,10704,4116,58695
2024-10-22T15:00,109.97,1804,7924,4451,59553
2024-10-22T16:00,140.36,70,8233,4572,61927
2024-10-22T17:00,157.75,41,10504,4805,62021
2024-10-22T18:00,114.02,22,12103,4744,59196
2024-10-22T19:00,99.40,28,12487,3823,55794
2024-10-22T20:00,95.72,22,11973,4055,52215
2024-10-22T21:00,88.35,19,11372,3500,48878
2024-10-22T22:00,80.83,18,10380,3512,46333
2024-10-22T23:00,83.23,15,9475,2977,44876
2024-10-23T00:00,82.02,12,8462,2617,43452
2024-10-23T01:00,83.21,12,7225,2283,43406
2024-10-23T02:00,85.80,12,6362,2012,44189
2024-10-23T03:00,93.60,10,5428,1550,47179
2024-10-23T04:00,108.19,8,4577,1570,54483
2024-10-23T05:00,172.79,29,3868,1722,60302
2024-10-23T06:00,183.13,1170,3139,2004,62628
2024-10-23T07:00,128.42,5825,2510,2204,62679
2024-10-23T08:00,104.10,12044,1684,2256,63056
2024-10-23T09:00,93.86,17493,1108,2384,63609
2024-10-23T10:00,85.62,20482,1158,2521,63494
2024-10-23T11:00,80.99,21225,1608,2380,62546
2024-10-23T12:00,78.97,19152,1883,2264,60424
2024-10-23T13:00,88.62,14757,1855,2293,58388
2024-10-23T14:00,101.90,8305,1722,2144,57626
2024-10-23T15:00,147.15,2058,1846,1994,58742
2024-10-23T16:00,218.18,60,2672,2312,61038
2024-10-23T17:00,177.60,18,3723,2686,60914
2024-10-23T18:00,111.71,10,4636,2977,57599
2024-10-23T19:00,101.51,10,5424,2820,54068
2024-10-23T20:00,103.33,6,5562,2685,50659
2024-10-23T21:00,93.16,6,5550,2400,46821
2024-10-23T22:00,91.75,6,5498,2148,44040
2024-10-23T23:00,82.42,6,5816,1893,42894
2024-10-24T00:00,80.67,6,6149,1631,42252
2024-10-24T01:00,80.29,5,6850,1540,42597
2024-10-24T02:00,80.45,5,7274,1521,44425
2024-10-24T03:00,83.82,5,7578,1421,46897
2024-10-24T04:00,103.21,6,8411,1257,53703
2024-10-24T05:00,148.29,16,9434,1135,59611
2024-10-24T06:00,171.27,951,10227,1352,62216
2024-10-24T07:00,117.30,5178,9787,1793,62288
2024-10-24T08:00,101.91,10991,7355,2064,62640
2024-10-24T09:00,93.05,16357,5164,2438,63120
2024-10-24T10:00,83.96,19535,4474,2278,62528
2024-10-24T11:00,79.15,19468,4688,1869,61350
2024-10-24T12:00,81.51,16932,5452,1676,59613
2024-10-24T13:00,95.70,12819,6487,1875,58642
2024-10-24T14:00,116.17,6677,7106,2372,57662
2024-10-24T15:00,129.90,1360,8345,2360,59011
2024-10-24T16:00,141.53,49,11660,3378,61356
2024-10-24T17:00,114.19,26,14688,3332,61188
2024-10-24T18:00,96.61,18,15854,4408,58348
2024-10-24T19:00,93.64,18,15376,4413,55066
2024-10-24T20:00,89.90,18,14076,3726,51330
2024-10-24T21:00,83.61,18,13156,3222,47587
2024-10-24T22:00,82.50,16,12237,2415,45264
2024-10-24T23:00,82.07,13,11604,1675,43885
2024-10-25T00:00,79.69,11,10633,1580,42912
2024-10-25T01:00,82.60,10,10421,1518,42912
2024-10-25T02:00,84.47,10,10194,1276,44138
2024-10-25T03:00,94.59,10,10104,1116,46707
2024-10-25T04:00,108.94,10,10236,1410,53671
2024-10-25T05:00,123.75,24,9868,1877,59152
2024-10-25T06:00,150.59,1321,9495,1723,61660
2024-10-25T07:00,122.43,6098,8719,1240,61931
2024-10-25T08:00,108.15,12980,6100,973,62002
2024-10-25T09:00,93.90,19223,3715,759,61941
2024-10-25T10:00,81.08,23332,2981,573,61177
2024-10-25T11:00,78.18,24494,2563,384,59657
2024-10-25T12:00,82.47,22414,2202,316,57177
2024-10-25T13:00,99.33,17052,2124,248,54985
2024-10-25T14:00,118.03,9142,2299,175,54462
2024-10-25T15:00,158.73,1937,2864,166,55966
2024-10-25T16:00,227.32,42,3890,174,58498
2024-10-25T17:00,184.85,31,4590,121,57616
2024-10-25T18:00,123.86,14,5130,123,54251
2024-10-25T19:00,116.29,5,5206,109,51050
2024-10-25T20:00,113.96,6,4963,83,47737
2024-10-25T21:00,107.40,5,4451,93,44013
2024-10-25T22:00,115.29,5,3738,102,40976
2024-10-25T23:00,109.64,6,3119,98,39076
2024-10-26T00:00,106.95,5,2536,91,37801
2024-10-26T01:00,107.79,6,2129,84,37603
2024-10-26T02:00,105.70,6,1910,156,37789
2024-10-26T03:00,106.82,5,2062,313,38685
2024-10-26T04:00,113.93,6,2509,501,40553
2024-10-26T05:00,125.71,13,2945,638,43386
2024-10-26T06:00,126.00,1008,3614,880,46575
2024-10-26T07:00,117.57,5289,4008,1139,49094
2024-10-26T08:00,101.39,10943,3726,1162,50594
2024-10-26T09:00,81.48,16473,2937,1128,51453
2024-10-26T10:00,68.35,20954,2188,1199,51844
2024-10-26T11:00,63.30,22916,1955,1158,50345
2024-10-26T12:00,64.55,21571,1992,1126,48336
2024-10-26T13:00,81.44,16354,2332,1062,46706
2024-10-26T14:00,100.60,8367,2873,1230,46099
2024-10-26T15:00,125.73,1704,4359,1284,48274
2024-10-26T16:00,150.90,42,6968,1599,51134
2024-10-26T17:00,118.74,22,9978,2110,50838
2024-10-26T18:00,96.48,19,12281,2588,48047
2024-10-26T19:00,88.76,20,13640,3156,45421
2024-10-26T20:00,87.50,18,13692,3702,44175
2024-10-26T21:00,76.63,18,13393,4366,41284
2024-10-26T22:00,92.22,23,13222,4543,38781
2024-10-26T23:00,84.00,22,12996,4009,37121
2024-10-27T00:00,82.23,18,12987,2898,35966
2024-10-27T01:00,80.43,18,11867,2135,35613
2024-10-27T02:00,79.41,14,10686,2447,35759
2024-10-27T03:00,78.79,14,10099,2375,35909
2024-10-27T04:00,85.14,12,10036,2191,36494
2024-10-27T05:00,89.21,15,10996,2099,38218
2024-10-27T06:00,88.05,934,11169,2251,40610
2024-10-27T07:00,84.34,3993,10241,3216,44427
2024-10-27T08:00,66.48,7550,8228,3540,47246
2024-10-27T09:00,54.72,11000,7019,3758,49383
2024-10-27T10:00,42.50,13826,7605,3714,50993
2024-10-27T11:00,39.99,15280,9058,3056,50761
2024-10-27T12:00,40.00,13966,9246,3026,49008
2024-10-27T13:00,64.33,10476,8806,2489,46968
2024-10-27T14:00,111.53,5727,7188,2213,45316
2024-10-27T15:00,123.67,1328,5521,1983,46240
2024-10-27T16:00,148.30,53,4922,1798,49832
2024-10-27T17:00,145.71,32,4582,1797,51382
2024-10-27T18:00,130.47,15,4072,1498,49928
2024-10-27T19:00,118.15,7,3466,1469,47662
2024-10-27T20:00,112.01,6,3218,1975,45590
2024-10-27T21:00,113.68,7,3307,2708,44399
2024-10-27T22:00,102.99,11,3750,3007,42446
2024-10-27T23:00,95.60,12,4280,3631,40440
2024-10-28T00:00,94.37,15,5247,3979,39627
2024-10-28T01:00,88.74,14,6310,4474,39548
2024-10-28T02:00,84.09,13,7474,4345,39890
2024-10-28T03:00,86.26,15,8482,4498,41431
2024-10-28T04:00,99.93,12,9408,5394,45157
2024-10-28T05:00,109.92,17,10390,5556,52896
2024-10-28T06:00,130.01,783,11250,5927,58274
2024-10-28T07:00,127.38,4399,11523,6184,61131
2024-10-28T08:00,116.18,8886,11210,6161,62046
2024-10-28T09:00,97.61,12606,11386,5893,62417
2024-10-28T10:00,98.31,14957,12600,5790,63326
2024-10-28T11:00,94.93,15339,13950,5932,62959
2024-10-28T12:00,101.33,13856,14305,5905,61506
2024-10-28T13:00,113.93,10718,13748,5672,59840
2024-10-28T14:00,121.36,5793,13292,5243,58966
2024-10-28T15:00,124.20,1216,13180,5098,59221
2024-10-28T16:00,141.11,44,13402,4540,61879
2024-10-28T17:00,148.80,42,13704,3898,61946
2024-10-28T18:00,146.12,27,14141,3249,60343
2024-10-28T19:00,124.19,24,14164,2686,57097
2024-10-28T20:00,115.59,19,13584,2191,53498
2024-10-28T21:00,109.96,15,12180,1902,49906
2024-10-28T22:00,102.41,16,10826,1525,46742
2024-10-28T23:00,101.34,14,9896,1341,43504
2024-10-29T00:00,100.04,12,8613,1132,42116
2024-10-29T01:00,98.83,10,7940,939,41320
2024-10-29T02:00,98.17,9,7232,824,41699
2024-10-29T03:00,100.02,10,6773,699,42889
2024-10-29T04:00,113.10,10,6457,652,46492
2024-10-29T05:00,127.38,18,6622,707,53700
2024-10-29T06:00,157.73,760,6808,857,58549
2024-10-29T07:00,151.32,4104,6413,912,60886
2024-10-29T08:00,129.69,8188,5748,1247,61594
2024-10-29T09:00,120.70,11738,5174,1527,61755
2024-10-29T10:00,112.97,14205,4939,1671,62469
2024-10-29T11:00,105.45,15083,4938,1606,61618
2024-10-29T12:00,117.73,14020,4794,1641,60555
2024-10-29T13:00,135.94,10768,4624,1491,59018
2024-10-29T14:00,172.26,5728,4514,1495,58730
2024-10-29T15:00,212.72,1151,4603,1436,59106
2024-10-29T16:00,285.80,52,4716,1333,61692
2024-10-29T17:00,257.44,38,4976,1479,62030
2024-10-29T18:00,203.82,22,5200,1440,60521
2024-10-29T19:00,140.60,17,5434,1470,57300
2024-10-29T20:00,124.05,13,5094,1496,53756
2024-10-29T21:00,118.08,11,5028,1714,50688
2024-10-29T22:00,103.09,14,5099,1936,47627
2024-10-29T23:00,100.71,14,5140,2159,45156
2024-10-30T00:00,100.52,12,4944,1876,43661
2024-10-30T01:00,98.16,10,4512,1899,42698
2024-10-30T02:00,98.05,11,4542,2357,43359
2024-10-30T03:00,100.56,9,4560,2811,44979
2024-10-30T04:00,106.32,9,4531,2554,48238
2024-10-30T05:00,123.54,11,4462,2717,55238
2024-10-30T06:00,139.68,482,4544,2328,60400
2024-10-30T07:00,138.91,2926,4143,2320,62696
2024-10-30T08:00,124.34,6402,4019,2284,63380
2024-10-30T09:00,115.00,9247,4321,2181,63895
2024-10-30T10:00,109.68,11316,4991,2257,64224
2024-10-30T11:00,102.53,11380,5781,1863,64232
2024-10-30T12:00,106.95,9795,6002,1763,62880
2024-10-30T13:00,111.31,7126,5410,1832,60964
2024-10-30T14:00,126.16,3737,5145,2061,60511
2024-10-30T15:00,160.00,744,5048,2048,60618
2024-10-30T16:00,193.88,50,4931,1790,62816
2024-10-30T17:00,192.89,32,4854,1624,62779
2024-10-30T18:00,159.44,21,4794,1558,61098
2024-10-30T19:00,133.56,12,4698,1523,57981
2024-10-30T20:00,122.67,10,4518,1469,54414
2024-10-30T21:00,115.34,9,4464,1608,50666
2024-10-30T22:00,112.37,11,4600,1893,46719
2024-10-30T23:00,105.16,14,5022,2568,43719
2024-10-31T00:00,98.51,16,5442,2792,42007
2024-10-31T01:00,96.58,15,5535,3000,41257
2024-10-31T02:00,94.81,16,5733,3942,41768
2024-10-31T03:00,98.03,18,6017,3899,43052
2024-10-31T04:00,102.34,16,6310,3593,44834
2024-10-31T05:00,121.15,26,6380,3317,50344
2024-10-31T06:00,135.53,354,6177,3450,54830
2024-10-31T07:00,133.47,2197,6732,3956,57885
2024-10-31T08:00,123.28,4612,7123,4444,59444
2024-10-31T09:00,105.14,6889,8172,4524,60293
2024-10-31T10:00,98.05,8512,10085,4607,61457
2024-10-31T11:00,88.91,8331,11776,4216,60960
2024-10-31T12:00,92.55,6879,13323,3616,59332
2024-10-31T13:00,99.38,4772,13838,3540,57584
2024-10-31T14:00,111.50,2382,13972,3478,57023
2024-10-31T15:00,123.17,460,13727,3817,56982
2024-10-31T16:00,129.00,62,14177,3984,59155
2024-10-31T17:00,128.41,54,14550,3904,59025
2024-10-31T18:00,117.84,43,15311,3545,57186
2024-10-31T19:00,105.80,36,16543,3221,54241
2024-10-31T20:00,85.34,38,17444,3235,51553
2024-10-31T21:00,80.44,26,17114,3068,48714
2024-10-31T22:00,64.56,23,17790,2970,45485
2024-10-31T23:00,63.34,26,18326,3812,43529
2024-11-01T00:00,62.95,24,18324,3468,42162
2024-11-01T01:00,57.10,24,18508,3530,42334
2024-11-01T02:00,54.54,23,18396,2679,41952
2024-11-01T03:00,56.99,23,18176,2972,42716
2024-11-01T04:00,63.21,23,18167,3393,44414
2024-11-01T05:00,69.68,34,18880,4013,47361
2024-11-01T06:00,70.35,416,18757,4013,49815
2024-11-01T07:00,64.18,2492,18297,4350,52264
2024-11-01T08:00,61.20,5505,18238,4184,54014
2024-11-01T09:00,55.01,8431,17942,4528,56137
2024-11-01T10:00,32.04,10550,17394,4601,57656
2024-11-01T11:00,29.49,11542,16836,4610,57754
2024-11-01T12:00,34.90,10934,16534,4483,55991
2024-11-01T13:00,63.83,8418,15948,4794,54202
2024-11-01T14:00,89.33,4247,15424,4893,53287
2024-11-01T15:00,115.98,713,15046,4918,54380
2024-11-01T16:00,119.87,52,14914,4157,57094
2024-11-01T17:00,117.97,39,14508,4196,57674
2024-11-01T18:00,117.59,29,14138,4380,55977
2024-11-01T19:00,113.20,21,14549,5020,53612
2024-11-01T20:00,104.64,16,14243,5473,50862
2024-11-01T21:00,98.41,15,13943,5587,48291
2024-11-01T22:00,85.64,12,13455,4607,45588
2024-11-01T23:00,95.75,13,12081,4050,43181
2024-11-02T00:00,91.31,13,10596,3459,41090
2024-11-02T01:00,88.76,14,9452,3217,40090
2024-11-02T02:00,86.00,14,9101,3309,40041
2024-11-02T03:00,86.85,10,8725,3347,40958
2024-11-02T04:00,92.13,10,8178,3046,41098
2024-11-02T05:00,96.97,11,7334,2435,42429
2024-11-02T06:00,100.11,409,6438,1611,44228
2024-11-02T07:00,101.16,3146,4869,864,47668
2024-11-02T08:00,109.64,7590,2829,460,50037
2024-11-02T09:00,91.19,11606,1819,182,51362
2024-11-02T10:00,94.44,13526,1401,84,53187
2024-11-02T11:00,88.68,12855,1343,90,53147
2024-11-02T12:00,91.51,10742,1456,133,51698
2024-11-02T13:00,103.42,7514,1543,186,50948
2024-11-02T14:00,122.30,3533,1601,143,50223
2024-11-02T15:00,137.61,482,1984,123,51131
2024-11-02T16:00,158.56,38,2561,106,54112
2024-11-02T17:00,149.92,21,3011,94,54814
2024-11-02T18:00,134.96,12,3244,136,52948
2024-11-02T19:00,122.79,8,3441,204,49611
2024-11-02T20:00,111.26,7,3560,343,47552
2024-11-02T21:00,106.28,7,3706,625,45846
2024-11-02T22:00,100.61,6,3663,938,43879
2024-11-02T23:00,101.19,8,3710,1128,41314
2024-11-03T00:00,96.63,6,3690,1196,39506
2024-11-03T01:00,89.05,6,3859,1231,38689
2024-11-03T02:00,85.09,6,3901,1351,38567
2024-11-03T03:00,87.43,6,3910,1453,38867
2024-11-03T04:00,88.50,6,4120,1385,39304
2024-11-03T05:00,95.56,10,4285,1650,40316
2024-11-03T06:00,98.11,700,4610,1894,42537
2024-11-03T07:00,88.47,5498,4185,2118,45519
2024-11-03T08:00,83.97,12735,3609,2252,49264
2024-11-03T09:00,70.71,18958,2749,2385,51760
2024-11-03T10:00,60.78,22864,2535,2402,52808
2024-11-03T11:00,52.63,23779,2964,2290,52450
2024-11-03T12:00,61.08,21519,3573,2298,50138
2024-11-03T13:00,84.37,15412,3665,2319,48064
2024-11-03T14:00,100.95,7256,3896,2334,47944
2024-11-03T15:00,115.16,1077,4785,2246,50110
2024-11-03T16:00,127.91,42,5740,2171,54699
2024-11-03T17:00,126.09,21,6451,2157,55599
2024-11-03T18:00,120.72,22,7032,2120,54284
2024-11-03T19:00,110.80,25,7726,2109,52126
2024-11-03T20:00,102.00,18,7336,1762,49749
2024-11-03T21:00,100.69,13,6220,1398,48060
2024-11-03T22:00,94.53,11,5410,1164,44869
2024-11-03T23:00,92.04,12,4879,819,41732
2024-11-04T00:00,89.96,12,4316,631,40586
2024-11-04T01:00,90.07,9,3895,443,40344
2024-11-04T02:00,89.86,9,3642,276,40758
2024-11-04T03:00,90.80,8,3476,162,42584
2024-11-04T04:00,98.52,8,3360,86,46397
2024-11-04T05:00,124.89,14,3420,50,54701
2024-11-04T06:00,144.91,320,3400,84,60334
2024-11-04T07:00,139.18,2823,3195,80,63043
2024-11-04T08:00,120.63,6978,2606,123,63873
2024-11-04T09:00,100.00,11204,2027,113,64036
2024-11-04T10:00,97.12,14698,1745,158,63971
2024-11-04T11:00,95.16,16319,1547,138,63368
2024-11-04T12:00,98.47,15552,1594,96,62382
2024-11-04T13:00,103.17,11729,1732,85,60407
2024-11-04T14:00,130.40,5577,2098,82,60480
2024-11-04T15:00,181.47,799,3151,118,61328
2024-11-04T16:00,290.21,32,4832,180,64181
2024-11-04T17:00,241.04,26,6294,314,63799
2024-11-04T18:00,162.09,17,7262,665,62314
2024-11-04T19:00,123.00,14,7573,1154,58912
2024-11-04T20:00,112.27,8,7694,1481,55770
2024-11-04T21:00,107.98,10,7710,1688,52102
2024-11-04T22:00,97.60,9,8020,1759,48526
2024-11-04T23:00,101.77,11,7972,1653,46228
2024-11-05T00:00,94.00,11,7787,1562,44809
2024-11-05T01:00,91.20,11,7608,1429,44087
2024-11-05T02:00,93.00,10,7555,1092,44727
2024-11-05T03:00,95.39,9,7168,813,46274
2024-11-05T04:00,104.88,11,6662,653,49275
2024-11-05T05:00,127.95,13,6154,586,56571
2024-11-05T06:00,149.32,410,5808,673,61692
2024-11-05T07:00,139.15,3053,5126,870,64793
2024-11-05T08:00,118.23,7100,4058,988,64944
2024-11-05T09:00,105.87,10748,3265,913,65608
2024-11-05T10:00,95.28,13415,2538,786,66398
2024-11-05T11:00,94.92,14226,1853,524,65988
2024-11-05T12:00,99.25,12656,1475,310,64442
2024-11-05T13:00,110.35,8735,1475,242,62870
2024-11-05T14:00,155.99,4108,1511,224,62081
2024-11-05T15:00,331.83,642,1836,318,62202
2024-11-05T16:00,505.31,34,2090,397,65152
2024-11-05T17:00,468.74,28,2056,358,65058
2024-11-05T18:00,341.70,22,1946,285,63178
2024-11-05T19:00,172.14,10,1771,242,59777
2024-11-05T20:00,130.77,7,1570,190,56391
2024-11-05T21:00,117.77,6,1367,165,53024
2024-11-05T22:00,110.03,7,1170,102,49816
2024-11-05T23:00,106.39,7,1066,56,47092
2024-11-06T00:00,99.05,6,978,13,45606
2024-11-06T01:00,95.47,7,905,1,45208
2024-11-06T02:00,97.04,6,752,0,45420
2024-11-06T03:00,100.51,6,556,0,46805
2024-11-06T04:00,110.25,7,442,0,49851
2024-11-06T05:00,163.40,10,392,0,57449
2024-11-06T06:00,299.99,223,324,2,62611
2024-11-06T07:00,240.54,1756,232,6,65644
2024-11-06T08:00,144.94,3988,124,9,66477
2024-11-06T09:00,133.46,5675,80,12,67078
2024-11-06T10:00,123.20,6568,58,6,68087
2024-11-06T11:00,123.20,6652,55,4,67769
2024-11-06T12:00,125.55,5668,52,0,66900
2024-11-06T13:00,141.76,3900,46,0,65950
2024-11-06T14:00,270.09,1700,49,0,64936
2024-11-06T15:00,524.25,212,92,1,64778
2024-11-06T16:00,820.11,40,112,1,66423
2024-11-06T17:00,805.08,34,104,0,65986
2024-11-06T18:00,450.00,17,128,6,63919
2024-11-06T19:00,207.35,11,123,5,60553
2024-11-06T20:00,133.48,6,112,11,56872
2024-11-06T21:00,119.35,6,214,19,53402
2024-11-06T22:00,111.73,6,215,28,49965
2024-11-06T23:00,109.54,6,300,44,47531
2024-11-07T00:00,102.98,6,399,75,45914
2024-11-07T01:00,99.74,6,455,100,45229
2024-11-07T02:00,99.85,6,432,102,45565
2024-11-07T03:00,102.73,8,384,130,46944
2024-11-07T04:00,116.89,6,347,216,50366
2024-11-07T05:00,157.41,7,389,210,57635
2024-11-07T06:00,219.56,67,470,286,63036
2024-11-07T07:00,191.99,802,615,312,65989
2024-11-07T08:00,152.92,2165,728,230,66641
2024-11-07T09:00,148.90,3354,788,266,67386
2024-11-07T10:00,134.81,4116,820,464,68012
2024-11-07T11:00,135.06,4298,815,578,67585
2024-11-07T12:00,132.91,3813,859,476,66881
2024-11-07T13:00,139.94,2538,886,380,65625
2024-11-07T14:00,189.42,1036,980,329,65180
2024-11-07T15:00,261.16,120,1229,376,65032
2024-11-07T16:00,408.26,36,1590,565,66800
2024-11-07T17:00,296.78,22,2066,827,66493
2024-11-07T18:00,175.11,18,2610,1030,64597
2024-11-07T19:00,129.41,11,2868,1348,60816
2024-11-07T20:00,113.92,7,3126,1795,57371
2024-11-07T21:00,111.77,7,3282,2283,54046
2024-11-07T22:00,99.87,8,3622,2404,50458
2024-11-07T23:00,99.57,10,3836,2594,47414
2024-11-08T00:00,99.73,12,3646,2446,45931
2024-11-08T01:00,97.97,11,3576,2223,45382
2024-11-08T02:00,97.69,8,3833,2062,45532
2024-11-08T03:00,97.45,8,4312,2462,47200
2024-11-08T04:00,98.21,8,5013,2645,50318
2024-11-08T05:00,107.19,9,5381,3090,57348
2024-11-08T06:00,127.55,51,5968,3676,62758
2024-11-08T07:00,132.91,716,6781,4286,65738
2024-11-08T08:00,126.52,2045,7370,5104,66522
2024-11-08T09:00,117.34,3268,8243,5136,67082
2024-11-08T10:00,110.94,4080,8742,4808,67483
2024-11-08T11:00,105.59,4322,9061,4194,66893
2024-11-08T12:00,106.81,3782,8840,4210,65978
2024-11-08T13:00,112.25,2502,8676,4275,64486
2024-11-08T14:00,123.59,1000,8698,4476,64066
2024-11-08T15:00,129.10,104,9432,5013,64737
2024-11-08T16:00,128.56,28,10506,5089,66341
2024-11-08T17:00,132.90,28,10789,4892,65282
2024-11-08T18:00,127.19,26,10826,5122,62986
2024-11-08T19:00,115.74,19,9980,4812,59249
2024-11-08T20:00,109.48,10,9049,4176,55586
2024-11-08T21:00,113.00,12,8451,3351,52678
2024-11-08T22:00,104.06,12,7942,2718,49858
2024-11-08T23:00,105.10,11,7213,2503,46671
2024-11-09T00:00,99.96,10,6616,2510,43828
2024-11-09T01:00,98.00,10,6232,2286,43012
2024-11-09T02:00,96.68,11,5633,2465,42646
2024-11-09T03:00,98.41,13,5156,2618,42501
2024-11-09T04:00,100.69,12,4989,2511,43393
2024-11-09T05:00,104.31,14,4774,2074,45297
2024-11-09T06:00,109.87,151,4348,1732,47763
2024-11-09T07:00,114.10,1559,3883,1406,50938
2024-11-09T08:00,114.60,3956,3236,1264,53372
2024-11-09T09:00,109.97,6468,2521,1144,54766
2024-11-09T10:00,106.40,8604,2021,1056,55653
2024-11-09T11:00,106.88,9632,1656,1033,55388
2024-11-09T12:00,108.00,9027,1402,964,54851
2024-11-09T13:00,110.18,6396,1237,968,53038
2024-11-09T14:00,121.46,2560,1340,935,52877
2024-11-09T15:00,137.23,244,1660,992,54050
2024-11-09T16:00,146.93,27,2012,1122,56850
2024-11-09T17:00,147.80,25,2087,1219,56682
2024-11-09T18:00,139.90,16,2008,1205,54655
2024-11-09T19:00,128.32,9,1849,1105,51573
2024-11-09T20:00,117.96,6,1598,1048,49098
2024-11-09T21:00,114.53,6,1326,996,47407
2024-11-09T22:00,110.10,6,1048,880,44705
2024-11-09T23:00,104.99,7,804,802,42128
2024-11-10T00:00,102.28,6,676,774,40342
2024-11-10T01:00,102.01,6,642,891,39500
2024-11-10T02:00,100.86,6,629,1076,39624
2024-11-10T03:00,100.88,6,626,1186,40056
2024-11-10T04:00,101.98,6,677,1296,40017
2024-11-10T05:00,100.32,7,690,1342,40546
2024-11-10T06:00,102.45,104,686,1581,42469
2024-11-10T07:00,105.38,1312,666,1830,45276
2024-11-10T08:00,110.99,3342,650,1827,48269
2024-11-10T09:00,112.62,5085,663,1620,50747
2024-11-10T10:00,110.13,6191,726,1402,52874
2024-11-10T11:00,110.92,6334,736,1377,52456
2024-11-10T12:00,108.60,5538,780,1682,51591
2024-11-10T13:00,112.36,3692,797,1432,50639
2024-11-10T14:00,126.22,1466,894,1145,50928
2024-11-10T15:00,134.02,134,1214,1152,52519
2024-11-10T16:00,148.72,18,1613,1238,55490
2024-11-10T17:00,146.01,18,2037,1208,55845
2024-11-10T18:00,138.61,10,2255,1587,54566
2024-11-10T19:00,125.31,12,2308,1768,51884
2024-11-10T20:00,115.28,10,2367,1417,49969
2024-11-10T21:00,111.10,10,2498,1381,48195
2024-11-10T22:00,108.02,11,2479,1781,45593
2024-11-10T23:00,109.65,10,2640,2460,43258
2024-11-11T00:00,103.68,11,2843,3314,42283
2024-11-11T01:00,100.00,10,2859,3868,42424
2024-11-11T02:00,97.86,10,3127,3874,43256
2024-11-11T03:00,97.50,11,3822,3994,45537
2024-11-11T04:00,103.89,10,4800,4657,49894
2024-11-11T05:00,115.69,10,5796,5131,58728
2024-11-11T06:00,128.35,64,6652,4802,64442
2024-11-11T07:00,135.06,907,7082,5522,67373
2024-11-11T08:00,132.94,2474,7081,5293,68059
2024-11-11T09:00,128.50,3974,6577,4684,68846
2024-11-11T10:00,124.21,5222,6358,4325,68844
2024-11-11T11:00,119.84,5463,6530,4904,68683
2024-11-11T12:00,129.02,4748,6796,4682,68228
2024-11-11T13:00,130.44,3299,6891,4961,66780
2024-11-11T14:00,139.05,1318,6924,5236,66499
2024-11-11T15:00,140.94,162,7568,5580,66573
2024-11-11T16:00,153.18,25,7935,5838,67847
2024-11-11T17:00,147.09,25,8074,5836,67771
2024-11-11T18:00,133.70,17,7846,5732,66172
2024-11-11T19:00,121.94,15,7672,5602,62872
2024-11-11T20:00,112.88,16,7098,5314,59080
2024-11-11T21:00,111.56,14,6620,4896,55588
2024-11-11T22:00,105.40,8,6072,4547,51723
2024-11-11T23:00,110.31,9,5819,4288,48880
2024-11-12T00:00,104.64,8,5438,3854,47894
2024-11-12T01:00,102.69,7,5012,3210,46820
2024-11-12T02:00,103.99,8,4586,2925,47434
2024-11-12T03:00,107.50,7,4495,2102,48605
2024-11-12T04:00,118.01,7,4627,1598,51577
2024-11-12T05:00,147.67,6,4769,1296,58580
2024-11-12T06:00,185.52,66,4920,1100,63557
2024-11-12T07:00,201.64,1080,4910,941,65673
2024-11-12T08:00,223.33,3051,4299,790,66160
2024-11-12T09:00,190.24,4843,3759,515,66860
2024-11-12T10:00,171.08,5969,3830,558,67814
2024-11-12T11:00,161.59,5996,4106,724,68025
2024-11-12T12:00,156.47,5058,4255,467,67429
2024-11-12T13:00,174.37,3194,4493,418,65988
2024-11-12T14:00,218.78,1218,4740,424,65565
2024-11-12T15:00,272.73,114,5326,486,65898
2024-11-12T16:00,317.89,30,5730,416,67663
2024-11-12T17:00,225.33,18,5960,269,67238
2024-11-12T18:00,171.35,9,5851,212,65490
2024-11-12T19:00,149.12,6,5317,285,61840
2024-11-12T20:00,131.90,7,4646,371,58234
2024-11-12T21:00,125.21,6,4250,385,55023
2024-11-12T22:00,115.59,7,3726,426,51671
2024-11-12T23:00,117.15,8,3221,662,48548
2024-11-13T00:00,111.71,8,2902,760,47197
2024-11-13T01:00,107.85,7,2802,981,46243
2024-11-13T02:00,107.45,7,2572,1192,46770
2024-11-13T03:00,110.63,7,2550,1215,48236
2024-11-13T04:00,119.00,8,2588,1638,51837
2024-11-13T05:00,131.10,9,2747,2634,59317
2024-11-13T06:00,164.78,53,3136,3221,64612
2024-11-13T07:00,225.45,839,3246,2640,66710
2024-11-13T08:00,227.43,2326,3232,2592,67271
2024-11-13T09:00,200.80,3368,2975,2773,68202
2024-11-13T10:00,177.70,4095,2744,3180,69191
2024-11-13T11:00,160.99,4119,2908,3340,69507
2024-11-13T12:00,162.07,3484,2766,4110,69176
2024-11-13T13:00,159.90,2233,2766,3869,68527
2024-11-13T14:00,165.60,826,3284,3892,68290
2024-11-13T15:00,178.28,73,4119,3551,68368
2024-11-13T16:00,178.43,42,4592,3346,70306
2024-11-13T17:00,173.90,25,5008,3745,69900
2024-11-13T18:00,161.79,24,5702,3962,68136
2024-11-13T19:00,125.22,15,6253,4710,64806
2024-11-13T20:00,114.86,15,7134,5610,61574
2024-11-13T21:00,113.51,17,7761,6016,58192
2024-11-13T22:00,106.62,17,8910,5824,54529
2024-11-13T23:00,101.70,16,9714,6314,51278
2024-11-14T00:00,99.83,18,10968,6291,49887
2024-11-14T01:00,96.01,17,11888,6096,49281
2024-11-14T02:00,92.25,18,12400,5850,49290
2024-11-14T03:00,91.41,19,13063,5863,50136
2024-11-14T04:00,92.24,19,13329,5501,53775
2024-11-14T05:00,103.44,18,13568,5620,60864
2024-11-14T06:00,115.61,66,13271,6418,66677
2024-11-14T07:00,127.14,903,12690,6322,69535
2024-11-14T08:00,123.92,2629,12061,6490,69846
2024-11-14T09:00,125.65,4474,12008,5918,70762
2024-11-14T10:00,124.84,5968,11823,5267,71052
2024-11-14T11:00,121.68,6592,11582,5165,69825
2024-11-14T12:00,127.40,5778,11430,5205,68522
2024-11-14T13:00,134.01,3576,11596,5419,67173
2024-11-14T14:00,142.18,1274,11160,5457,66646
2024-11-14T15:00,147.41,111,10682,4710,66924
2024-11-14T16:00,155.91,35,10181,4782,68665
2024-11-14T17:00,154.09,27,9768,5048,68051
2024-11-14T18:00,148.29,18,9856,4893,66270
2024-11-14T19:00,138.58,14,9460,4884,62894
2024-11-14T20:00,129.44,15,8794,4445,58720
2024-11-14T21:00,122.89,15,7828,3902,55170
2024-11-14T22:00,112.48,14,7306,3583,51730
2024-11-14T23:00,110.44,14,7028,3162,48183
2024-11-15T00:00,106.71,12,6418,2824,46140
2024-11-15T01:00,107.01,12,6156,2268,45456
2024-11-15T02:00,103.62,16,6415,2161,45894
2024-11-15T03:00,104.42,16,6614,2195,47678
2024-11-15T04:00,108.60,15,6838,2368,51151
2024-11-15T05:00,129.26,19,7185,2648,58531
2024-11-15T06:00,144.16,88,7604,2931,64466
2024-11-15T07:00,157.77,1368,7591,2742,66814
2024-11-15T08:00,150.86,3690,6930,2897,67118
2024-11-15T09:00,138.84,5834,6525,3041,67391
2024-11-15T10:00,135.08,7024,7191,3026,67755
2024-11-15T11:00,121.74,6698,8144,2893,66899
2024-11-15T12:00,121.80,5296,8161,3094,65552
2024-11-15T13:00,131.89,3402,7582,3636,64578
2024-11-15T14:00,141.75,1336,7489,3874,64297
2024-11-15T15:00,133.95,112,7935,4266,65446
2024-11-15T16:00,136.26,36,8402,5064,67414
2024-11-15T17:00,134.77,31,9258,5246,67107
2024-11-15T18:00,128.39,33,10315,5790,65292
2024-11-15T19:00,115.73,28,11860,5627,62252
2024-11-15T20:00,110.74,26,13130,5026,59428
2024-11-15T21:00,108.19,22,13402,4123,56382
2024-11-15T22:00,98.10,22,14045,3407,52915
2024-11-15T23:00,101.92,23,14498,3847,49913
2024-11-16T00:00,95.43,24,15260,4608,48293
2024-11-16T01:00,89.87,23,16044,4372,47486
2024-11-16T02:00,86.57,20,16840,4708,47140
2024-11-16T03:00,88.81,21,17337,4716,47819
2024-11-16T04:00,86.95,20,17688,4474,48820
2024-11-16T05:00,73.82,28,18831,4720,50098
2024-11-16T06:00,90.10,143,18652,4164,51942
2024-11-16T07:00,104.75,1867,18734,4638,54540
2024-11-16T08:00,109.77,5052,18978,4605,57140
2024-11-16T09:00,107.60,7800,19719,4952,59776
2024-11-16T10:00,99.03,9172,20580,4987,60414
2024-11-16T11:00,96.98,9132,20997,4975,59856
2024-11-16T12:00,96.97,7782,21166,4344,58780
2024-11-16T13:00,93.72,5249,20876,4335,57200
2024-11-16T14:00,100.22,2030,20820,4180,56909
2024-11-16T15:00,108.99,184,21643,4514,58372
2024-11-16T16:00,118.93,44,21900,4195,61125
2024-11-16T17:00,114.95,37,22260,4885,60414
2024-11-16T18:00,104.18,36,22782,5647,58583
2024-11-16T19:00,82.67,37,23522,5520,56312
2024-11-16T20:00,72.82,37,24080,5708,53660
2024-11-16T21:00,73.83,28,23554,5770,51617
2024-11-16T22:00,65.67,22,23715,5184,48406
2024-11-16T23:00,80.10,19,24017,5732,45232
2024-11-17T00:00,69.28,19,23866,5036,43270
2024-11-17T01:00,72.48,15,24212,5260,42342
2024-11-17T02:00,58.72,16,25087,4986,42484
2024-11-17T03:00,42.00,14,25014,5951,42999
2024-11-17T04:00,34.81,13,25277,6030,43096
2024-11-17T05:00,42.36,13,26780,5796,43955
2024-11-17T06:00,60.69,94,27817,5660,46218
2024-11-17T07:00,64.80,1294,28572,5386,49295
2024-11-17T08:00,65.40,3785,29647,4796,52605
2024-11-17T09:00,68.30,6511,30602,4463,55478
2024-11-17T10:00,64.79,8158,31836,3045,57744
2024-11-17T11:00,54.90,8458,31708,2821,57528
2024-11-17T12:00,46.86,7030,30927,2506,57020
2024-11-17T13:00,61.25,4320,30663,3218,56119
2024-11-17T14:00,64.80,1431,29904,4664,56420
2024-11-17T15:00,70.10,88,29063,4884,57862
2024-11-17T16:00,102.84,26,30520,5214,60487
2024-11-17T17:00,80.70,38,31896,4547,60085
2024-11-17T18:00,65.40,32,31944,4387,58146
2024-11-17T19:00,57.41,20,31267,4130,55560
2024-11-17T20:00,64.79,16,30186,4447,53738
2024-11-17T21:00,68.76,12,28840,4252,52160
2024-11-17T22:00,62.02,18,29086,4251,49410
2024-11-17T23:00,65.42,22,28614,5320,47848
2024-11-18T00:00,64.39,16,27768,5586,46481
2024-11-18T01:00,59.86,17,28090,5984,46336
2024-11-18T02:00,42.39,14,27857,6224,45896
2024-11-18T03:00,58.17,16,28348,6073,48576
2024-11-18T04:00,74.23,21,28162,6277,52310
2024-11-18T05:00,95.55,27,27684,5976,60585
2024-11-18T06:00,121.66,120,26791,6205,66687
2024-11-18T07:00,121.91,1912,25894,6034,69552
2024-11-18T08:00,119.56,5040,25314,5856,70624
2024-11-18T09:00,111.51,8272,24779,5781,71264
2024-11-18T10:00,92.98,10852,23096,4804,71346
2024-11-18T11:00,79.50,11240,23408,4448,71471
2024-11-18T12:00,94.13,8700,24224,4691,70643
2024-11-18T13:00,109.52,5177,23095,5573,70610
2024-11-18T14:00,119.98,1614,21123,5919,70143
2024-11-18T15:00,132.48,102,20499,5846,70742
2024-11-18T16:00,159.90,48,20323,6470,72945
2024-11-18T17:00,161.82,49,20376,6213,71458
2024-11-18T18:00,152.96,41,19402,5905,69632
2024-11-18T19:00,128.94,19,18572,5030,66550
2024-11-18T20:00,117.62,12,17758,3580,62623
2024-11-18T21:00,116.99,15,16940,2962,58530
2024-11-18T22:00,108.70,14,15552,2404,54319
2024-11-18T23:00,107.06,13,15062,2234,51617
2024-11-19T00:00,101.40,13,14799,3099,49907
2024-11-19T01:00,95.58,7,14962,2277,48841
2024-11-19T02:00,91.73,7,15721,1744,48678
2024-11-19T03:00,95.28,8,16952,1066,49503
2024-11-19T04:00,98.73,7,18654,730,52258
2024-11-19T05:00,116.27,8,20148,654,60205
2024-11-19T06:00,131.59,24,21787,624,65530
2024-11-19T07:00,155.06,532,24223,906,68223
2024-11-19T08:00,157.57,1785,25148,802,68439
2024-11-19T09:00,156.26,3243,25972,1031,69174
2024-11-19T10:00,152.81,4368,26205,1337,71128
2024-11-19T11:00,148.19,4743,26151,1847,70768
2024-11-19T12:00,144.14,4164,26070,2105,69608
2024-11-19T13:00,140.15,2408,25170,3056,68143
2024-11-19T14:00,128.78,880,23658,2869,68079
2024-11-19T15:00,132.89,59,22799,3609,68907
2024-11-19T16:00,140.19,34,22338,3394,70294
2024-11-19T17:00,134.65,19,21985,2860,69531
2024-11-19T18:00,125.93,10,20845,3006,67955
2024-11-19T19:00,117.10,11,19658,3352,64886
2024-11-19T20:00,109.37,9,19118,2146,61062
2024-11-19T21:00,105.25,8,17708,2154,57388
2024-11-19T22:00,89.84,8,16510,2760,53414
2024-11-19T23:00,100.14,9,16171,2306,51374
2024-11-20T00:00,92.00,10,16623,1888,49635
2024-11-20T01:00,86.60,10,17223,2470,49644
2024-11-20T02:00,81.52,12,18014,2190,50336
2024-11-20T03:00,81.96,10,18578,2242,51572
2024-11-20T04:00,93.29,10,19442,2842,54554
2024-11-20T05:00,107.55,7,20698,2222,60314
2024-11-20T06:00,135.62,44,20537,1781,65154
2024-11-20T07:00,142.87,1293,20224,1761,67952
2024-11-20T08:00,140.09,4187,20172,2282,68177
2024-11-20T09:00,120.35,7232,21526,1911,68117
2024-11-20T10:00,107.77,9131,22044,3106,69876
2024-11-20T11:00,97.26,9606,22519,3280,69872
2024-11-20T12:00,97.36,8607,23294,2770,69130
2024-11-20T13:00,106.64,5893,23035,2330,67163
2024-11-20T14:00,130.84,2242,22168,3774,68426
2024-11-20T15:00,135.09,136,22593,4490,69228
2024-11-20T16:00,142.00,14,23851,4118,70928
2024-11-20T17:00,142.58,12,25042,3686,71067
2024-11-20T18:00,140.26,11,25208,2928,68768
2024-11-20T19:00,135.98,11,24424,1660,64608
2024-11-20T20:00,123.05,10,23725,1508,61597
2024-11-20T21:00,116.42,8,22768,1145,58245
2024-11-20T22:00,103.50,8,21932,1674,54530
2024-11-20T23:00,93.96,8,21394,2047,52648
2024-11-21T00:00,90.40,10,20704,3346,51827
2024-11-21T01:00,86.80,17,20769,3722,51098
2024-11-21T02:00,84.15,18,20946,4444,51356
2024-11-21T03:00,84.23,11,20438,5266,52918
2024-11-21T04:00,92.48,9,20025,6246,56110
2024-11-21T05:00,107.17,10,20538,5295,62845
2024-11-21T06:00,121.44,55,21538,5088,68924
2024-11-21T07:00,132.99,1350,23208,4336,71332
2024-11-21T08:00,134.98,4155,23776,4773,71493
2024-11-21T09:00,127.33,7285,25063,5199,72246
2024-11-21T10:00,115.47,9292,25082,4830,72938
2024-11-21T11:00,113.57,8964,23888,5798,72941
2024-11-21T12:00,120.83,6992,21445,4969,70404
2024-11-21T13:00,141.62,4238,17662,5044,69232
2024-11-21T14:00,154.85,1306,14480,4166,68445
2024-11-21T15:00,174.97,76,13319,3722,69329
2024-11-21T16:00,182.26,36,12726,3292,71244
2024-11-21T17:00,161.34,16,12231,2713,70592
2024-11-21T18:00,154.05,12,12033,1664,68284
2024-11-21T19:00,131.33,10,11343,844,64763
2024-11-21T20:00,123.05,10,10472,247,60974
2024-11-21T21:00,122.90,7,10044,227,57516
2024-11-21T22:00,107.46,8,10178,751,53804
2024-11-21T23:00,116.12,7,11294,1402,51010
2024-11-22T00:00,106.21,6,12846,2261,49350
2024-11-22T01:00,97.85,8,14472,3912,48636
2024-11-22T02:00,91.37,10,16216,3907,49120
2024-11-22T03:00,88.65,16,17989,4396,50857
2024-11-22T04:00,92.16,17,19594,4040,53469
2024-11-22T05:00,117.06,16,21927,4239,60483
2024-11-22T06:00,135.30,36,22999,4333,66606
2024-11-22T07:00,144.08,1287,24490,4790,69345
2024-11-22T08:00,141.58,4132,24490,4556,69609
2024-11-22T09:00,135.75,7739,25400,3647,69426
2024-11-22T10:00,116.84,9239,27766,3886,70185
2024-11-22T11:00,105.14,7534,30612,5002,70338
2024-11-22T12:00,95.23,4800,32347,5346,69768
2024-11-22T13:00,96.18,2646,33604,7048,69874
2024-11-22T14:00,106.24,874,33759,7397,69918
2024-11-22T15:00,111.21,56,33710,7332,70772
2024-11-22T16:00,128.44,22,35004,7349,72190
2024-11-22T17:00,134.28,16,35365,6530,71263
2024-11-22T18:00,128.80,18,33956,6156,68367
2024-11-22T19:00,106.21,14,31361,6137,64516
2024-11-22T20:00,106.35,8,28902,5686,60484
2024-11-22T21:00,93.25,13,28013,5697,57896
2024-11-22T22:00,77.00,17,27672,4992,54462
2024-11-22T23:00,80.00,8,26346,4506,51352
2024-11-23T00:00,76.87,10,25978,3806,49551
2024-11-23T01:00,77.88,11,25757,3963,48616
2024-11-23T02:00,79.04,8,24702,3684,48554
2024-11-23T03:00,79.35,12,24708,3356,48788
2024-11-23T04:00,82.54,12,24673,3110,49324
2024-11-23T05:00,82.05,12,25129,2988,50432
2024-11-23T06:00,89.27,38,24450,2725,52732
2024-11-23T07:00,97.48,1692,23908,2856,55822
2024-11-23T08:00,85.62,5104,23384,4464,58388
2024-11-23T09:00,78.54,8993,22060,5526,59814
2024-11-23T10:00,73.50,11504,21665,5576,60572
2024-11-23T11:00,71.20,11793,20335,5892,59923
2024-11-23T12:00,75.85,9973,19658,5676,58527
2024-11-23T13:00,85.68,5691,20721,5603,57330
2024-11-23T14:00,104.55,1539,23328,5220,57581
2024-11-23T15:00,87.31,57,27131,4689,59658
2024-11-23T16:00,95.56,30,31476,3797,62382
2024-11-23T17:00,86.08,22,35254,3869,62796
2024-11-23T18:00,71.00,31,37196,3832,60862
2024-11-23T19:00,59.55,19,38101,3696,58029
2024-11-23T20:00,48.03,10,38006,3974,55518
2024-11-23T21:00,39.10,20,37016,3626,53818
2024-11-23T22:00,18.46,7,35659,3517,51277
2024-11-23T23:00,1.01,12,36148,4450,48175
2024-11-24T00:00,0.00,11,35676,5338,46082
2024-11-24T01:00,0.00,10,35114,6180,44968
2024-11-24T02:00,-0.01,7,33629,5823,44038
2024-11-24T03:00,-0.02,7,33028,5550,44367
2024-11-24T04:00,-0.03,8,32642,5578,44597
2024-11-24T05:00,-0.05,8,32836,5464,44640
2024-11-24T06:00,-0.03,18,33800,5482,46084
2024-11-24T07:00,1.37,892,36889,5956,49358
2024-11-24T08:00,3.75,3501,36674,6372,52545
2024-11-24T09:00,2.07,6915,36456,6313,55014
2024-11-24T10:00,2.53,10046,36086,6177,56619
2024-11-24T11:00,1.01,11569,35076,6146,56566
2024-11-24T12:00,1.01,10896,33902,5984,55028
2024-11-24T13:00,3.11,6773,34224,5832,53665
2024-11-24T14:00,6.61,2116,36079,5220,53464
2024-11-24T15:00,13.99,92,38431,4634,55828
2024-11-24T16:00,15.52,26,39246,3617,59095
2024-11-24T17:00,16.18,32,40300,3613,59762
2024-11-24T18:00,12.02,32,39990,3844,57996
2024-11-24T19:00,7.40,22,38633,4060,55580
2024-11-24T20:00,4.50,15,36965,4006,53109
2024-11-24T21:00,3.27,14,35832,3877,52065
2024-11-24T22:00,0.01,11,34663,4380,49780
2024-11-24T23:00,-1.25,10,33268,2158,46044
2024-11-25T00:00,-1.59,10,33095,2431,44777
2024-11-25T01:00,-1.42,7,32457,2483,43617
2024-11-25T02:00,-1.86,14,31931,2526,43774
2024-11-25T03:00,-1.42,16,32364,2623,45804
2024-11-25T04:00,-0.28,7,34099,2035,49916
2024-11-25T05:00,0.09,25,37636,2826,60296
2024-11-25T06:00,54.38,83,38470,1144,65594
2024-11-25T07:00,77.01,2400,37352,996,68541
2024-11-25T08:00,66.57,7088,35521,698,68174
2024-11-25T09:00,42.55,11028,34812,450,68647
2024-11-25T10:00,41.37,12660,32672,620,67673
2024-11-25T11:00,40.00,12248,32410,786,66802
2024-11-25T12:00,57.16,9992,32586,1794,67295
2024-11-25T13:00,67.97,5359,32242,2754,67191
2024-11-25T14:00,94.99,1453,30602,3550,67390
2024-11-25T15:00,92.58,57,31122,4408,69023
2024-11-25T16:00,116.08,27,31222,4944,71650
2024-11-25T17:00,128.00,21,30683,5556,71108
2024-11-25T18:00,118.00,27,30349,5145,68879
2024-11-25T19:00,94.73,30,28881,5090,65428
2024-11-25T20:00,81.26,32,26096,4900,61177
2024-11-25T21:00,86.26,25,23388,4806,57117
2024-11-25T22:00,69.17,23,21599,4726,53668
2024-11-25T23:00,89.53,22,20178,4950,49927
2024-11-26T00:00,77.99,22,19265,5777,48431
2024-11-26T01:00,77.66,20,18749,5581,47958
2024-11-26T02:00,70.55,17,18762,5457,48732
2024-11-26T03:00,72.72,20,19218,5258,50633
2024-11-26T04:00,82.26,20,19095,5158,53643
2024-11-26T05:00,101.45,33,19722,4332,61396
2024-11-26T06:00,130.90,42,19571,3725,67578
2024-11-26T07:00,137.84,1028,18956,3778,70010
2024-11-26T08:00,127.09,4374,17626,4016,69974
2024-11-26T09:00,112.09,8998,16985,4356,70145
2024-11-26T10:00,100.00,12244,16882,4092,70484
2024-11-26T11:00,90.90,12251,16507,4360,68910
2024-11-26T12:00,102.07,9776,15569,4170,68328
2024-11-26T13:00,116.10,5864,14761,4368,67212
2024-11-26T14:00,123.95,1845,14185,4801,67479
2024-11-26T15:00,143.10,88,16062,4814,68447
2024-11-26T16:00,155.52,35,18088,4874,70708
2024-11-26T17:00,160.91,32,18561,5299,69075
2024-11-26T18:00,153.28,26,18814,5192,67693
2024-11-26T19:00,126.38,19,18901,5087,64576
2024-11-26T20:00,118.23,14,18224,5038,61047
2024-11-26T21:00,122.13,18,17199,5060,56737
2024-11-26T22:00,113.34,17,16255,4739,53311
2024-11-26T23:00,104.74,18,15252,4651,50744
2024-11-27T00:00,106.28,17,14728,4283,49338
2024-11-27T01:00,110.00,16,13295,3431,48227
2024-11-27T02:00,111.46,18,11665,2375,48207
2024-11-27T03:00,114.66,18,10033,2005,49080
2024-11-27T04:00,123.92,14,8955,1856,52539
2024-11-27T05:00,140.50,11,8728,1518,59838
2024-11-27T06:00,160.00,30,9021,1300,65284
2024-11-27T07:00,184.84,1336,9739,1323,67731
2024-11-27T08:00,164.45,4907,10789,1497,68301
2024-11-27T09:00,153.10,9215,11698,1796,68656
2024-11-27T10:00,150.00,12269,12710,2794,69011
2024-11-27T11:00,145.66,12913,14935,4100,68375
2024-11-27T12:00,140.49,11303,17852,4536,67191
2024-11-27T13:00,130.09,6772,21370,4908,65974
2024-11-27T14:00,131.70,2084,26319,5090,66654
2024-11-27T15:00,117.56,89,32720,4938,68396
2024-11-27T16:00,110.24,44,38680,5063,70649
2024-11-27T17:00,112.29,39,42890,5157,70728
2024-11-27T18:00,101.84,33,44392,3892,68904
2024-11-27T19:00,78.14,26,44292,3391,65576
2024-11-27T20:00,71.86,26,43733,4264,62318
2024-11-27T21:00,67.05,18,40607,4988,58948
2024-11-27T22:00,48.78,11,39165,5136,55062
2024-11-27T23:00,49.21,7,38069,4176,51702
2024-11-28T00:00,41.21,10,38726,4890,49881
2024-11-28T01:00,32.95,11,39086,5412,49366
2024-11-28T02:00,32.08,20,39381,5466,48990
2024-11-28T03:00,31.69,20,39318,4164,50186
2024-11-28T04:00,52.29,26,38033,2408,52437
2024-11-28T05:00,64.98,38,38508,1870,59721
2024-11-28T06:00,88.13,45,37571,2752,65101
2024-11-28T07:00,107.41,541,35851,3014,68344
2024-11-28T08:00,107.41,2769,34061,3614,69332
2024-11-28T09:00,92.10,5164,33594,3923,69754
2024-11-28T10:00,98.70,6878,33445,4202,71146
2024-11-28T11:00,96.16,7118,32641,4927,70520
2024-11-28T12:00,96.68,6118,31450,5282,70379
2024-11-28T13:00,97.86,4026,29843,5494,69284
2024-11-28T14:00,111.59,1477,28888,4675,69256
2024-11-28T15:00,132.62,91,27786,3933,70160
2024-11-28T16:00,149.33,21,26190,3321,71002
2024-11-28T17:00,158.23,21,25034,3097,70351
2024-11-28T18:00,153.91,16,22552,2781,68672
2024-11-28T19:00,143.97,12,20405,2225,65117
2024-11-28T20:00,132.49,11,17736,1498,61300
2024-11-28T21:00,122.16,8,14632,1062,57482
2024-11-28T22:00,112.60,8,12584,865,53481
2024-11-28T23:00,110.30,8,10811,703,49990
2024-11-29T00:00,107.01,6,9254,500,48336
2024-11-29T01:00,103.47,7,7738,266,47229
2024-11-29T02:00,102.80,6,6668,252,47674
2024-11-29T03:00,105.30,6,5706,398,49173
2024-11-29T04:00,115.28,7,5146,511,52142
2024-11-29T05:00,145.10,12,4486,753,59364
2024-11-29T06:00,169.28,35,3525,1194,64747
2024-11-29T07:00,181.35,1355,2824,1450,66968
2024-11-29T08:00,162.49,5643,2359,1750,66963
2024-11-29T09:00,143.01,10184,2262,2483,67009
2024-11-29T10:00,136.40,12517,1948,3102,67108
2024-11-29T11:00,126.59,12289,1677,3604,65768
2024-11-29T12:00,119.50,10520,1585,3763,63908
2024-11-29T13:00,129.58,6910,1690,3846,62482
2024-11-29T14:00,141.02,2379,2367,3870,62805
2024-11-29T15:00,152.01,112,4141,3843,64166
2024-11-29T16:00,150.44,34,6784,4147,65543
2024-11-29T17:00,142.03,26,9265,4556,65193
2024-11-29T18:00,130.81,22,10608,4952,63636
2024-11-29T19:00,119.90,20,11705,5197,60985
2024-11-29T20:00,115.10,20,13613,5342,58188
2024-11-29T21:00,113.73,18,14379,5468,55756
2024-11-29T22:00,103.45,21,14609,5470,52806
2024-11-29T23:00,98.83,22,15128,5170,49018
2024-11-30T00:00,92.00,21,15732,5101,47735
2024-11-30T01:00,89.69,20,16567,4970,46966
2024-11-30T02:00,86.90,20,17267,4685,47296
2024-11-30T03:00,88.18,19,17734,4311,47805
2024-11-30T04:00,90.18,19,17799,4537,48572
2024-11-30T05:00,88.90,25,18723,4759,50118
2024-11-30T06:00,103.06,43,19412,5226,52483
2024-11-30T07:00,107.39,2410,19829,5514,55826
2024-11-30T08:00,91.17,9700,17604,5810,58132
2024-11-30T09:00,85.20,17607,14738,6063,59570
2024-11-30T10:00,86.12,22326,11843,5755,59523
2024-11-30T11:00,87.70,22638,9508,5034,57775
2024-11-30T12:00,90.03,18828,7724,4108,55273
2024-11-30T13:00,93.35,11583,7060,3508,53647
2024-11-30T14:00,124.34,3488,8238,3712,54839
2024-11-30T15:00,132.89,135,11686,3865,57769
2024-11-30T16:00,136.94,39,15390,3762,60240
2024-11-30T17:00,135.90,30,17003,3591,60465
2024-11-30T18:00,131.96,19,16833,3412,59386
2024-11-30T19:00,124.51,16,15513,3245,56690
2024-11-30T20:00,115.08,18,14206,3116,54237
2024-11-30T21:00,114.78,23,12759,2898,52356
2024-11-30T22:00,106.67,15,12291,2429,49302
2024-11-30T23:00,99.66,12,11682,2216,46605
2024-12-01T00:00,90.01,7,11222,1854,44657
2024-12-01T01:00,88.14,8,10713,1870,43508
2024-12-01T02:00,85.70,8,10283,1862,43268
2024-12-01T03:00,84.80,7,9800,1858,43712
2024-12-01T04:00,85.31,7,9377,1732,43953
2024-12-01T05:00,84.43,9,9577,1866,44320
2024-12-01T06:00,89.97,19,10086,1664,45914
2024-12-01T07:00,99.64,1550,10989,1838,48939
2024-12-01T08:00,94.60,6285,10469,2227,51846
2024-12-01T09:00,89.30,11821,9046,2600,54347
2024-12-01T10:00,82.38,15481,6930,2489,56560
2024-12-01T11:00,85.25,15988,5779,2580,55850
2024-12-01T12:00,83.08,13147,5742,2601,54136
2024-12-01T13:00,90.61,7902,6531,2952,52857
2024-12-01T14:00,108.62,2266,9634,3584,53578
2024-12-01T15:00,121.53,64,15082,4591,56450
2024-12-01T16:00,117.77,13,18845,5029,59541
2024-12-01T17:00,121.51,10,20952,5538,60258
2024-12-01T18:00,110.23,8,22441,5416,59445
2024-12-01T19:00,91.35,8,23458,5774,57521
2024-12-01T20:00,84.36,7,23837,5750,56084
2024-12-01T21:00,96.98,6,22912,5511,54804
2024-12-01T22:00,85.00,6,22699,5228,52317
2024-12-01T23:00,74.77,7,22238,6013,49567
2024-12-02T00:00,65.78,6,21720,5906,48187
2024-12-02T01:00,61.17,7,21031,5717,47860
2024-12-02T02:00,46.44,6,20206,5704,48031
2024-12-02T03:00,50.21,7,20186,5636,49697
2024-12-02T04:00,69.53,6,19966,5600,53392
2024-12-02T05:00,92.08,8,20344,5755,60206
2024-12-02T06:00,125.25,16,20133,5900,66588
2024-12-02T07:00,125.20,640,20314,5972,69483
2024-12-02T08:00,123.63,2385,19875,5707,69866
2024-12-02T09:00,121.27,4404,19296,5536,70129
2024-12-02T10:00,115.80,5954,18622,5274,70699
2024-12-02T11:00,115.09,6214,17872,4898,70461
2024-12-02T12:00,127.60,5212,16844,4566,69669
2024-12-02T13:00,136.74,3272,16097,4185,68300
2024-12-02T14:00,144.04,1049,15909,3768,67981
2024-12-02T15:00,144.75,46,16640,3368,69040
2024-12-02T16:00,147.68,18,17330,2672,70632
2024-12-02T17:00,147.90,20,17730,2622,69723
2024-12-02T18:00,138.00,13,17167,2680,67922
2024-12-02T19:00,120.01,6,17129,2362,64067
2024-12-02T20:00,112.68,6,17075,2205,60599
2024-12-02T21:00,111.72,7,16278,2503,56692
2024-12-02T22:00,102.21,6,16111,3154,52890
2024-12-02T23:00,110.73,7,16235,3498,50089
2024-12-03T00:00,103.05,6,16312,5110,49124
2024-12-03T01:00,96.28,6,16148,5641,48393
2024-12-03T02:00,93.22,8,15748,5410,48350
2024-12-03T03:00,100.48,7,15613,4993,50145
2024-12-03T04:00,108.09,6,15794,4592,53700
2024-12-03T05:00,121.76,6,16479,4933,61556
2024-12-03T06:00,142.39,9,16765,4662,66876
2024-12-03T07:00,154.62,666,16228,4888,69781
2024-12-03T08:00,150.09,3314,15025,5170,69816
2024-12-03T09:00,141.37,6434,13234,5131,70273
2024-12-03T10:00,139.23,8172,12184,4671,69790
2024-12-03T11:00,135.62,8070,11504,4472,69345
2024-12-03T12:00,142.41,5968,11087,4102,68991
2024-12-03T13:00,150.02,3237,10133,4201,68074
2024-12-03T14:00,168.94,920,10155,4492,67458
2024-12-03T15:00,205.18,44,10530,3872,68135
2024-12-03T16:00,210.00,13,10659,3499,69734
2024-12-03T17:00,197.88,10,10533,3231,68883
2024-12-03T18:00,189.83,8,10071,2846,67067
2024-12-03T19:00,170.04,7,9196,2448,63934
2024-12-03T20:00,153.61,8,8578,2406,60512
2024-12-03T21:00,142.08,6,8030,2812,57968
2024-12-03T22:00,130.81,6,7516,2710,54621
2024-12-03T23:00,120.99,6,6996,2540,51831
2024-12-04T00:00,116.66,6,6412,2136,50368
2024-12-04T01:00,112.79,6,6224,1775,49860
2024-12-04T02:00,110.19,7,6106,1652,50048
2024-12-04T03:00,112.26,6,6292,1758,51510
2024-12-04T04:00,120.91,6,6712,1844,54875
2024-12-04T05:00,145.20,6,6690,1786,61970
2024-12-04T06:00,209.76,15,6371,1720,67667
2024-12-04T07:00,276.66,643,6050,1636,70328
2024-12-04T08:00,250.76,2954,5523,1633,70498
2024-12-04T09:00,212.21,5755,4981,1548,70596
2024-12-04T10:00,198.95,7841,4717,1461,70708
2024-12-04T11:00,192.25,8166,4381,1338,70002
2024-12-04T12:00,199.82,6279,4242,1349,68777
2024-12-04T13:00,218.44,3378,4144,1257,68135
2024-12-04T14:00,242.87,952,4230,1237,68375
2024-12-04T15:00,267.35,62,4714,1220,69602
2024-12-04T16:00,287.76,32,5256,1231,71010
2024-12-04T17:00,230.22,14,5623,1292,70326
2024-12-04T18:00,197.59,10,5653,1615,68479
2024-12-04T19:00,165.68,7,5744,1876,65010
2024-12-04T20:00,148.34,8,5770,2059,61231
2024-12-04T21:00,128.33,6,6084,2138,58219
2024-12-04T22:00,113.27,7,6382,2477,54214
2024-12-04T23:00,114.77,6,6945,2596,50676
2024-12-05T00:00,105.74,7,7510,2782,49061
2024-12-05T01:00,103.27,7,8388,3003,49400
2024-12-05T02:00,104.50,7,9190,3378,49937
2024-12-05T03:00,103.27,6,9922,3726,51012
2024-12-05T04:00,104.12,6,10848,3458,53730
2024-12-05T05:00,135.88,7,12411,3794,61282
2024-12-05T06:00,143.54,24,13971,3804,67377
2024-12-05T07:00,141.29,1327,16228,3717,69921
2024-12-05T08:00,131.78,5962,17908,4219,69914
2024-12-05T09:00,124.92,10668,19318,4168,70371
2024-12-05T10:00,107.31,13566,21266,3940,70789
2024-12-05T11:00,102.67,12898,23004,3969,70701
2024-12-05T12:00,102.93,9648,25639,3792,70316
2024-12-05T13:00,102.89,4925,27642,3811,70000
2024-12-05T14:00,100.87,1136,30367,3524,70935
2024-12-05T15:00,101.50,27,33126,4049,73052
2024-12-05T16:00,118.31,15,35596,4587,74516
2024-12-05T17:00,112.16,8,36098,4968,73926
2024-12-05T18:00,105.36,8,34957,5308,71135
2024-12-05T19:00,87.13,6,34215,4711,67898
2024-12-05T20:00,77.30,6,34550,4643,64489
2024-12-05T21:00,74.17,6,33947,5333,61277
2024-12-05T22:00,43.14,6,35307,4520,58070
2024-12-05T23:00,10.64,7,36099,5337,54851
2024-12-06T00:00,4.60,7,36399,5768,53147
2024-12-06T01:00,3.87,7,36858,5790,52201
2024-12-06T02:00,2.31,7,36520,5520,51906
2024-12-06T03:00,2.99,8,36106,5109,52554
2024-12-06T04:00,10.35,7,34974,4204,55547
2024-12-06T05:00,63.49,6,34884,3184,62657
2024-12-06T06:00,92.71,9,33626,2481,67670
2024-12-06T07:00,110.17,381,31680,3428,70252
2024-12-06T08:00,110.16,2161,29822,3528,70240
2024-12-06T09:00,104.08,4111,28178,4690,70579
2024-12-06T10:00,98.37,5120,27651,5010,70715
2024-12-06T11:00,91.90,5340,27595,4953,69947
2024-12-06T12:00,100.70,4517,27416,4854,68336
2024-12-06T13:00,109.00,2741,27502,5048,66424
2024-12-06T14:00,116.92,904,27922,4274,66060
2024-12-06T15:00,131.55,46,27232,3996,67106
2024-12-06T16:00,142.99,26,25641,2977,67370
2024-12-06T17:00,151.07,24,23555,1954,65828
2024-12-06T18:00,142.48,17,21469,1556,63825
2024-12-06T19:00,130.00,12,20238,1428,60362
2024-12-06T20:00,119.42,7,19557,1360,57072
2024-12-06T21:00,121.08,8,18154,1079,53799
2024-12-06T22:00,102.14,6,17528,1319,50537
2024-12-06T23:00,86.65,8,17082,1704,47533
2024-12-07T00:00,74.32,8,16689,2672,45221
2024-12-07T01:00,68.00,7,16823,3145,44136
2024-12-07T02:00,63.87,7,17824,3976,44221
2024-12-07T03:00,58.09,6,18979,3866,45233
2024-12-07T04:00,50.16,7,20195,4635,46464
2024-12-07T05:00,39.46,7,22835,5077,47930
2024-12-07T06:00,43.28,22,25569,4874,51205
2024-12-07T07:00,58.06,659,28141,5034,55294
2024-12-07T08:00,62.86,2395,28924,4968,57991
2024-12-07T09:00,64.92,3665,28316,5265,59527
2024-12-07T10:00,64.92,3843,27752,5318,60494
2024-12-07T11:00,68.00,3306,26339,5509,60449
2024-12-07T12:00,72.84,2462,25337,5878,59114
2024-12-07T13:00,74.24,1590,24978,6084,58240
2024-12-07T14:00,82.50,621,25684,6086,58541
2024-12-07T15:00,96.45,44,26942,6198,59700
2024-12-07T16:00,96.00,12,27136,6136,61683
2024-12-07T17:00,87.92,12,25289,5866,61504
2024-12-07T18:00,82.41,10,22698,5431,59158
2024-12-07T19:00,78.92,9,20826,4901,55156
2024-12-07T20:00,85.03,9,19514,4282,52840
2024-12-07T21:00,82.50,8,17816,3900,51262
2024-12-07T22:00,74.80,7,16374,2756,48242
2024-12-07T23:00,93.91,6,14929,2604,46266
2024-12-08T00:00,86.83,6,13650,2357,44385
2024-12-08T01:00,86.73,7,12504,2160,43384
2024-12-08T02:00,83.95,7,11404,2298,43005
2024-12-08T03:00,84.44,7,10142,2400,43513
2024-12-08T04:00,91.13,7,9476,2691,43842
2024-12-08T05:00,91.25,6,9011,3150,44317
2024-12-08T06:00,91.29,9,8512,3734,45989
2024-12-08T07:00,100.84,534,7821,4068,49097
2024-12-08T08:00,109.40,3024,7119,3770,52047
2024-12-08T09:00,110.84,6000,6890,4265,53873
2024-12-08T10:00,117.39,7665,6697,4824,55899
2024-12-08T11:00,118.36,7081,7424,5488,56276
2024-12-08T12:00,116.74,5262,8654,5736,54636
2024-12-08T13:00,111.91,2920,10775,6023,53812
2024-12-08T14:00,121.38,858,12352,6359,54344
2024-12-08T15:00,105.94,40,14560,6645,56574
2024-12-08T16:00,113.61,12,16848,6660,59004
2024-12-08T17:00,98.55,9,18730,6804,59829
2024-12-08T18:00,97.69,7,20227,6845,58662
2024-12-08T19:00,91.29,8,20374,6968,55944
2024-12-08T20:00,90.56,8,20843,6387,54012
2024-12-08T21:00,88.60,6,19972,6400,52782
2024-12-08T22:00,75.01,7,20054,6182,50462
2024-12-08T23:00,71.36,7,20020,6362,48102
2024-12-09T00:00,55.83,8,20352,6296,46478
2024-12-09T01:00,35.13,7,21395,6393,46523
2024-12-09T02:00,34.40,7,22123,6440,47012
2024-12-09T03:00,40.01,7,23259,6412,49206
2024-12-09T04:00,72.24,6,23920,5894,53650
2024-12-09T05:00,79.40,7,25680,5668,61599
2024-12-09T06:00,113.34,9,25474,4948,67908
2024-12-09T07:00,122.54,144,25892,5433,71278
2024-12-09T08:00,123.12,866,25371,5286,72433
2024-12-09T09:00,129.81,1862,24978,5242,72642
2024-12-09T10:00,128.70,2628,25071,5065,72824
2024-12-09T11:00,128.32,2696,25126,5112,72796
2024-12-09T12:00,124.51,2247,25528,5561,73146
2024-12-09T13:00,121.35,1311,25751,5663,72571
2024-12-09T14:00,116.83,392,26380,5836,72108
2024-12-09T15:00,116.08,28,26762,6433,72611
2024-12-09T16:00,120.57,12,26964,6392,73768
2024-12-09T17:00,123.69,13,27873,6053,73255
2024-12-09T18:00,125.76,16,27503,6110,72030
2024-12-09T19:00,114.97,11,27366,5967,68134
2024-12-09T20:00,100.98,6,26920,6042,64188
2024-12-09T21:00,98.48,7,25259,6011,60447
2024-12-09T22:00,92.77,6,25015,5151,56241
2024-12-09T23:00,92.85,6,24294,5034,53195
2024-12-10T00:00,89.33,7,23761,4830,51542
2024-12-10T01:00,86.50,6,23439,4512,50594
2024-12-10T02:00,83.70,7,22625,4241,50516
2024-12-10T03:00,87.21,7,22085,3955,51761
2024-12-10T04:00,89.07,6,21276,3719,54972
2024-12-10T05:00,112.06,7,20635,4522,62555
2024-12-10T06:00,135.18,8,19556,4197,68517
2024-12-10T07:00,169.76,221,18366,4029,70602
2024-12-10T08:00,182.14,1239,16955,3696,70758
2024-12-10T09:00,184.75,2399,15512,2920,70888
2024-12-10T10:00,186.50,2902,14099,2288,70975
2024-12-10T11:00,180.62,2663,13238,1923,71191
2024-12-10T12:00,190.78,2014,12368,2136,70759
2024-12-10T13:00,189.41,1092,12070,2264,69739
2024-12-10T14:00,197.64,267,11813,2302,68992
2024-12-10T15:00,200.18,20,11275,2200,69652
2024-12-10T16:00,202.38,21,10520,1674,70428
2024-12-10T17:00,181.00,13,9485,1312,69505
2024-12-10T18:00,180.17,8,8178,1102,67502
2024-12-10T19:00,166.60,6,6860,797,63776
2024-12-10T20:00,151.15,6,5692,583,60045
2024-12-10T21:00,137.94,6,4561,319,56578
2024-12-10T22:00,121.37,6,3706,237,52856
2024-12-10T23:00,115.94,7,3118,200,50164
2024-12-11T00:00,108.22,6,2698,319,48708
2024-12-11T01:00,107.31,6,2433,428,48044
2024-12-11T02:00,106.17,6,2254,537,48730
2024-12-11T03:00,108.69,7,2083,516,50170
2024-12-11T04:00,125.31,6,1854,528,53702
2024-12-11T05:00,163.42,7,1741,489,60614
2024-12-11T06:00,295.50,13,1682,592,66294
2024-12-11T07:00,368.97,184,1610,568,69104
2024-12-11T08:00,377.12,1002,1308,448,69714
2024-12-11T09:00,348.64,2021,1151,508,70088
2024-12-11T10:00,379.99,2730,997,536,70444
2024-12-11T11:00,385.87,2814,1002,776,70264
2024-12-11T12:00,404.91,2347,1272,932,69664
2024-12-11T13:00,371.96,1358,1302,1024,68751
2024-12-11T14:00,380.94,363,1383,1179,68638
2024-12-11T15:00,437.87,28,1434,1179,69292
2024-12-11T16:00,445.08,20,1473,1207,69951
2024-12-11T17:00,359.92,18,1444,1084,69261
2024-12-11T18:00,341.25,16,1361,1069,67377
2024-12-11T19:00,206.82,9,1288,1158,64242
2024-12-11T20:00,171.20,6,1271,1246,60744
2024-12-11T21:00,150.00,6,1264,1404,57952
2024-12-11T22:00,135.96,6,1244,1738,54486
2024-12-11T23:00,122.24,6,1152,1755,50888
2024-12-12T00:00,115.30,6,1036,1722,48785
2024-12-12T01:00,109.96,6,839,1580,48148
2024-12-12T02:00,107.35,7,751,1312,48244
2024-12-12T03:00,112.51,6,646,1293,49436
2024-12-12T04:00,123.67,6,531,1093,52571
2024-12-12T05:00,176.18,6,434,888,58925
2024-12-12T06:00,599.99,7,338,696,64586
2024-12-12T07:00,655.60,164,242,634,67610
2024-12-12T08:00,646.76,1081,192,507,67704
2024-12-12T09:00,543.83,2292,129,426,68270
2024-12-12T10:00,465.36,3114,115,299,68612
2024-12-12T11:00,404.99,3398,150,262,68250
2024-12-12T12:00,415.30,2928,148,402,67906
2024-12-12T13:00,490.34,1776,178,466,67047
2024-12-12T14:00,668.49,505,282,617,66739
2024-12-12T15:00,818.98,40,435,694,67272
2024-12-12T16:00,936.28,28,520,823,68038
2024-12-12T17:00,674.18,18,619,849,67189
2024-12-12T18:00,551.01,12,754,762,65437
2024-12-12T19:00,295.66,6,952,701,62306
2024-12-12T20:00,169.40,6,1256,598,58940
2024-12-12T21:00,150.00,6,1474,661,56126
2024-12-12T22:00,134.75,6,1880,744,52826
2024-12-12T23:00,130.07,6,2185,744,50266
2024-12-13T00:00,122.90,7,2528,742,49088
2024-12-13T01:00,118.97,6,2948,886,48011
2024-12-13T02:00,114.95,7,3644,1110,48624
2024-12-13T03:00,115.64,7,4232,1157,49808
2024-12-13T04:00,125.83,6,5126,1125,52616
2024-12-13T05:00,156.53,7,6005,1005,58988
2024-12-13T06:00,187.71,8,6560,1075,64793
2024-12-13T07:00,253.00,200,7106,1154,67932
2024-12-13T08:00,245.74,1548,7112,1050,68582
2024-12-13T09:00,208.42,3672,6451,1031,68855
2024-12-13T10:00,174.40,5526,5648,974,68907
2024-12-13T11:00,166.06,6220,5269,782,68308
2024-12-13T12:00,165.00,5229,4687,700,66745
2024-12-13T13:00,184.50,3138,4258,583,65372
2024-12-13T14:00,220.77,842,4188,496,64998
2024-12-13T15:00,250.06,46,4278,535,66115
2024-12-13T16:00,284.21,24,4482,810,66968
2024-12-13T17:00,260.00,18,4796,1134,65979
2024-12-13T18:00,225.60,12,5159,1386,64158
2024-12-13T19:00,175.00,8,5472,1861,61428
2024-12-13T20:00,146.22,8,5784,1873,58214
2024-12-13T21:00,135.09,8,6055,1842,55969
2024-12-13T22:00,116.52,7,6438,1864,52947
2024-12-13T23:00,116.94,8,7066,1934,49558
2024-12-14T00:00,111.36,6,7798,2096,47840
2024-12-14T01:00,108.04,6,8328,2493,46526
2024-12-14T02:00,99.02,6,8866,3070,45952
2024-12-14T03:00,93.44,6,9300,3785,46360
2024-12-14T04:00,91.55,6,10019,4301,46874
2024-12-14T05:00,92.35,8,11173,4514,48539
2024-12-14T06:00,101.67,10,12341,4840,51590
2024-12-14T07:00,113.75,262,13345,5403,55349
2024-12-14T08:00,124.98,1650,14520,4754,58071
2024-12-14T09:00,120.93,3464,15414,4394,59909
2024-12-14T10:00,107.48,4354,16925,4265,60780
2024-12-14T11:00,104.71,4276,18682,4244,61531
2024-12-14T12:00,102.96,3384,19960,3689,60618
2024-12-14T13:00,96.63,1986,20482,3816,59690
2024-12-14T14:00,98.24,565,21141,5114,60255
2024-12-14T15:00,105.67,24,21906,5504,61322
2024-12-14T16:00,121.12,13,22994,5693,62403
2024-12-14T17:00,93.15,9,24089,5824,62165
2024-12-14T18:00,95.60,10,24620,5667,60534
2024-12-14T19:00,86.01,8,25274,6193,58146
2024-12-14T20:00,82.78,7,25779,6374,55870
2024-12-14T21:00,87.25,8,25294,6289,53789
2024-12-14T22:00,73.81,7,24953,5654,51181
2024-12-14T23:00,73.58,7,25018,5397,48105
2024-12-15T00:00,68.48,7,25577,5632,46468
2024-12-15T01:00,67.61,7,26189,4724,45098
2024-12-15T02:00,59.39,7,26769,4096,44140
2024-12-15T03:00,55.33,7,26754,4280,44449
2024-12-15T04:00,52.74,7,26976,4240,44863
2024-12-15T05:00,45.62,7,27735,4426,45680
2024-12-15T06:00,53.92,8,27897,4656,47668
2024-12-15T07:00,65.30,332,28532,4814,50397
2024-12-15T08:00,70.65,2108,29995,4366,53639
2024-12-15T09:00,65.26,4176,31244,3788,55795
2024-12-15T10:00,60.90,5722,33268,3410,58125
2024-12-15T11:00,61.50,5275,35187,2818,58084
2024-12-15T12:00,47.51,3847,36919,2979,57341
2024-12-15T13:00,49.47,2008,37930,2666,55374
2024-12-15T14:00,47.92,536,39259,2260,55918
2024-12-15T15:00,38.00,32,41035,1736,57497
2024-12-15T16:00,43.42,15,42441,1091,59836
2024-12-15T17:00,28.33,8,42910,1176,59995
2024-12-15T18:00,24.55,8,43297,1060,58928
2024-12-15T19:00,18.55,9,43624,1470,56317
2024-12-15T20:00,13.96,8,43919,1543,53967
2024-12-15T21:00,10.08,8,41821,1832,52634
2024-12-15T22:00,2.29,7,42167,1865,50006
2024-12-15T23:00,0.09,6,41200,3102,47201
2024-12-16T00:00,0.10,6,41541,3266,45908
2024-12-16T01:00,0.05,6,41468,2830,45160
2024-12-16T02:00,0.07,6,40953,2709,45040
2024-12-16T03:00,-0.01,6,40422,2616,46761
2024-12-16T04:00,1.75,6,41571,2774,50448
2024-12-16T05:00,7.73,6,43858,2436,58044
2024-12-16T06:00,59.30,8,43459,2288,64040
2024-12-16T07:00,71.79,173,42192,2639,67584
2024-12-16T08:00,75.91,1238,41229,2460,67577
2024-12-16T09:00,75.46,3162,41273,2439,68017
2024-12-16T10:00,80.13,4949,40926,2596,67938
2024-12-16T11:00,85.22,5808,40864,2716,67948
2024-12-16T12:00,81.70,5279,40555,2699,67666
2024-12-16T13:00,81.70,3413,40296,2593,66636
2024-12-16T14:00,81.70,1102,40116,2860,66492
2024-12-16T15:00,74.00,46,40364,2414,67002
2024-12-16T16:00,81.56,11,40511,1990,68316
2024-12-16T17:00,72.01,9,40645,1512,67487
2024-12-16T18:00,70.94,7,40575,2156,66023
2024-12-16T19:00,61.50,7,40274,1860,62386
2024-12-16T20:00,44.41,9,39903,2094,59150
2024-12-16T21:00,44.40,12,36889,2059,56097
2024-12-16T22:00,16.59,10,35853,1441,52950
2024-12-16T23:00,37.45,6,34781,2124,48966
2024-12-17T00:00,21.57,7,33170,2842,46986
2024-12-17T01:00,20.94,6,31874,3308,46104
2024-12-17T02:00,25.01,7,30650,3548,46551
2024-12-17T03:00,28.98,6,29475,3879,47593
2024-12-17T04:00,57.27,6,28412,3841,50908
2024-12-17T05:00,67.77,12,28054,3922,57796
2024-12-17T06:00,104.94,14,26366,4542,64768
2024-12-17T07:00,115.92,346,25021,5043,67578
2024-12-17T08:00,114.04,2263,24718,4903,67994
2024-12-17T09:00,108.40,4539,24464,4797,68939
2024-12-17T10:00,102.38,5824,23498,4648,68860
2024-12-17T11:00,102.72,5825,22118,4309,68140
2024-12-17T12:00,106.20,4686,19670,4113,67218
2024-12-17T13:00,109.63,2711,17220,4133,65956
2024-12-17T14:00,116.42,799,15371,3726,65056
2024-12-17T15:00,117.10,34,14907,3877,65579
2024-12-17T16:00,127.33,22,15760,4732,67438
2024-12-17T17:00,121.60,13,15782,5035,66609
2024-12-17T18:00,108.10,7,15350,5285,64304
2024-12-17T19:00,98.51,7,15222,5835,61035
2024-12-17T20:00,95.84,7,15238,5851,57621
2024-12-17T21:00,92.44,6,14892,5918,54354
2024-12-17T22:00,70.66,6,15597,5853,50038
2024-12-17T23:00,69.18,7,16623,6302,46494
2024-12-18T00:00,52.31,6,18231,6210,44857
2024-12-18T01:00,48.41,6,20164,6047,44785
2024-12-18T02:00,45.00,6,22342,5198,45161
2024-12-18T03:00,30.25,6,24837,5180,47050
2024-12-18T04:00,38.00,6,26335,5232,50150
2024-12-18T05:00,49.91,6,28770,4992,56285
2024-12-18T06:00,57.90,8,31626,5338,62276
2024-12-18T07:00,77.58,436,33952,5570,65398
2024-12-18T08:00,72.82,2581,35454,5292,65757
2024-12-18T09:00,65.99,4916,36465,4867,65774
2024-12-18T10:00,63.08,6349,37150,3925,65990
2024-12-18T11:00,63.07,6886,38363,4109,66144
2024-12-18T12:00,63.08,6134,39789,3641,65204
2024-12-18T13:00,63.08,4014,41185,3186,64004
2024-12-18T14:00,55.63,1314,42338,2592,63800
2024-12-18T15:00,46.81,50,43394,2622,64653
2024-12-18T16:00,57.90,13,43997,3209,66097
2024-12-18T17:00,63.08,11,43997,2484,65732
2024-12-18T18:00,63.08,11,42638,3032,63806
2024-12-18T19:00,57.90,8,41230,3450,60672
2024-12-18T20:00,50.69,8,39440,4850,57708
2024-12-18T21:00,43.14,8,36029,4955,53903
2024-12-18T22:00,21.44,7,34859,4393,49954
2024-12-18T23:00,11.28,7,34668,3755,47377
2024-12-19T00:00,13.23,7,32984,3367,45482
2024-12-19T01:00,5.45,7,34248,3312,45159
2024-12-19T02:00,1.25,7,35082,3144,45443
2024-12-19T03:00,0.31,7,35663,4258,47424
2024-12-19T04:00,2.00,7,37884,3950,50719
2024-12-19T05:00,8.57,6,42486,3942,57357
2024-12-19T06:00,53.95,8,44452,3845,61978
2024-12-19T07:00,67.44,255,44828,3948,64749
2024-12-19T08:00,68.42,1190,43430,4236,64997
2024-12-19T09:00,65.84,2552,41971,4622,64928
2024-12-19T10:00,67.70,3840,39796,5197,65034
2024-12-19T11:00,69.72,4448,38699,5333,64588
2024-12-19T12:00,70.40,3967,37042,5800,63678
2024-12-19T13:00,69.72,2573,36064,5841,62304
2024-12-19T14:00,70.47,812,35839,6082,61956
2024-12-19T15:00,71.46,44,34652,6162,63038
2024-12-19T16:00,81.52,11,33864,5808,64237
2024-12-19T17:00,92.58,9,34772,5384,63883
2024-12-19T18:00,87.36,8,35353,5572,62215
2024-12-19T19:00,75.37,8,36891,5483,59232
2024-12-19T20:00,70.00,7,37268,4947,55500
2024-12-19T21:00,69.72,8,36201,4924,52429
2024-12-19T22:00,55.01,8,36427,3820,49048
2024-12-19T23:00,47.72,8,36395,3529,47700
2024-12-20T00:00,31.48,7,35899,3802,46458
2024-12-20T01:00,16.31,7,35353,3417,45844
2024-12-20T02:00,17.43,7,34971,3488,46002
2024-12-20T03:00,22.82,7,34712,3768,47390
2024-12-20T04:00,48.49,8,34264,3906,50561
2024-12-20T05:00,66.15,8,35160,4402,57006
2024-12-20T06:00,102.40,9,33480,4878,61505
2024-12-20T07:00,109.72,333,32039,4526,63993
2024-12-20T08:00,106.65,2758,29901,4405,63996
2024-12-20T09:00,103.14,6022,29221,4626,64560
2024-12-20T10:00,97.44,8582,28133,4949,64138
2024-12-20T11:00,87.56,8891,27863,5337,63528
2024-12-20T12:00,83.84,7366,27377,5937,63150
2024-12-20T13:00,88.03,4370,25846,6385,61982
2024-12-20T14:00,98.67,1339,24826,6359,61772
2024-12-20T15:00,105.24,61,25388,6573,63140
2024-12-20T16:00,109.89,17,27106,6612,64339
2024-12-20T17:00,101.18,11,28462,6672,63696
2024-12-20T18:00,98.65,8,29303,6658,62030
2024-12-20T19:00,89.73,11,30148,6314,58374
2024-12-20T20:00,71.82,8,30639,6264,55635
2024-12-20T21:00,70.34,13,29365,6019,53334
2024-12-20T22:00,58.26,10,29642,5958,50687
2024-12-20T23:00,27.75,8,30306,5438,47980
2024-12-21T00:00,22.75,7,30938,5494,45728
2024-12-21T01:00,21.56,7,31934,5049,44550
2024-12-21T02:00,19.41,7,32756,4886,44532
2024-12-21T03:00,18.11,7,33303,4457,44886
2024-12-21T04:00,20.04,8,33446,4834,45606
2024-12-21T05:00,20.00,7,34464,4856,46795
2024-12-21T06:00,21.21,8,33999,5232,49328
2024-12-21T07:00,22.87,429,34514,5494,52783
2024-12-21T08:00,29.33,2635,34609,5990,55803
2024-12-21T09:00,31.43,5287,33857,5580,57236
2024-12-21T10:00,31.01,6967,34992,5932,58237
2024-12-21T11:00,31.23,6805,36308,5826,58129
2024-12-21T12:00,29.90,4818,36518,5504,57520
2024-12-21T13:00,25.92,2421,36625,5666,56724
2024-12-21T14:00,27.28,712,37875,5931,57129
2024-12-21T15:00,29.31,37,39563,5672,58919
2024-12-21T16:00,29.27,10,41272,4733,60146
2024-12-21T17:00,27.95,8,42768,3994,60145
2024-12-21T18:00,20.73,7,44020,3950,58502
2024-12-21T19:00,15.30,6,44674,4289,55653
2024-12-21T20:00,4.90,6,44327,5055,53421
2024-12-21T21:00,3.00,7,41932,5264,51512
2024-12-21T22:00,1.00,6,40490,4953,48639
2024-12-21T23:00,0.00,6,38498,5208,45194
2024-12-22T00:00,-0.03,6,36791,3624,42391
2024-12-22T01:00,-0.46,6,36193,4000,41246
2024-12-22T02:00,-1.04,6,34298,4186,40580
2024-12-22T03:00,-2.06,6,32930,4757,41142
2024-12-22T04:00,-0.47,7,31934,4815,41287
2024-12-22T05:00,-0.68,7,31445,4900,41537
2024-12-22T06:00,-0.12,8,29804,4664,43657
2024-12-22T07:00,3.46,134,29086,5693,46852
2024-12-22T08:00,20.60,1219,27614,5958,50632
2024-12-22T09:00,20.17,3053,26950,5875,52906
2024-12-22T10:00,23.00,4377,26657,6093,55377
2024-12-22T11:00,21.19,4729,27710,5925,55715
2024-12-22T12:00,21.39,4214,26607,4999,54104
2024-12-22T13:00,28.02,2733,26151,5176,53433
2024-12-22T14:00,41.77,936,25408,5137,53938
2024-12-22T15:00,46.93,48,23950,5433,55392
2024-12-22T16:00,65.47,10,23182,6267,57363
2024-12-22T17:00,60.79,8,24772,6034,57492
2024-12-22T18:00,58.21,7,25907,5290,56100
2024-12-22T19:00,46.93,9,25713,5196,53290
2024-12-22T20:00,36.66,8,25672,4974,51632
2024-12-22T21:00,36.20,8,24712,4736,49764
2024-12-22T22:00,24.50,8,25048,4342,47028
2024-12-22T23:00,29.19,6,25798,4534,45473
2024-12-23T00:00,20.13,7,25636,4940,43530
2024-12-23T01:00,14.31,6,24301,6104,43439
2024-12-23T02:00,9.12,6,23676,6184,43690
2024-12-23T03:00,9.78,6,23590,6075,44084
2024-12-23T04:00,14.80,6,24129,4828,46096
2024-12-23T05:00,17.39,6,25935,3720,48969
2024-12-23T06:00,52.01,7,27816,3787,52172
2024-12-23T07:00,59.34,270,29450,4072,55551
2024-12-23T08:00,59.62,2149,30289,4130,58148
2024-12-23T09:00,52.73,4929,29953,4395,59101
2024-12-23T10:00,52.00,7158,30352,4498,59730
2024-12-23T11:00,54.17,7369,30892,4450,59238
2024-12-23T12:00,54.81,5394,30717,4557,58105
2024-12-23T13:00,61.56,3127,29809,4538,57012
2024-12-23T14:00,73.69,981,29541,4502,57186
2024-12-23T15:00,82.56,45,30195,4607,59006
2024-12-23T16:00,98.25,9,30210,4684,60958
2024-12-23T17:00,101.75,8,29082,4971,60716
2024-12-23T18:00,97.47,8,27591,4792,59172
2024-12-23T19:00,92.59,6,25731,4449,56188
2024-12-23T20:00,108.29,6,23632,4599,52627
2024-12-23T21:00,105.82,6,21710,3976,49509
2024-12-23T22:00,96.99,6,20658,2865,46523
2024-12-23T23:00,86.03,6,19344,2046,42614
2024-12-24T00:00,82.84,6,17214,1231,40306
2024-12-24T01:00,81.89,6,15386,758,39922
2024-12-24T02:00,78.00,6,13768,552,39868
2024-12-24T03:00,78.78,7,12264,424,40048
2024-12-24T04:00,80.60,6,10612,508,41099
2024-12-24T05:00,85.07,7,9266,875,42331
2024-12-24T06:00,100.83,7,8505,1389,44534
2024-12-24T07:00,115.09,310,8176,2094,48004
2024-12-24T08:00,120.95,2468,7731,3606,51186
2024-12-24T09:00,120.00,5235,6782,4724,52694
2024-12-24T10:00,118.16,7089,5758,5010,53194
2024-12-24T11:00,117.49,7333,5326,4912,53009
2024-12-24T12:00,115.38,6188,5354,5001,51986
2024-12-24T13:00,117.98,3832,5841,4623,50384
2024-12-24T14:00,119.50,1187,6677,4188,50444
2024-12-24T15:00,120.21,45,7853,4125,51985
2024-12-24T16:00,118.00,10,9438,3800,53989
2024-12-24T17:00,110.98,12,9895,2882,52293
2024-12-24T18:00,105.66,9,10441,2630,49623
2024-12-24T19:00,102.56,7,11331,2626,47302
2024-12-24T20:00,94.63,7,11450,2522,45742
2024-12-24T21:00,99.04,8,11217,2326,45125
2024-12-24T22:00,90.00,7,10921,2056,43262
2024-12-24T23:00,91.37,6,10500,2324,41605
2024-12-25T00:00,86.44,6,9842,2429,40254
2024-12-25T01:00,85.07,6,9458,2327,39471
2024-12-25T02:00,80.81,6,9316,2366,39227
2024-12-25T03:00,75.99,6,9197,2233,39651
2024-12-25T04:00,80.81,6,9131,1956,39883
2024-12-25T05:00,83.01,6,8832,1810,39943
2024-12-25T06:00,84.94,8,8406,1749,41064
2024-12-25T07:00,90.21,557,8033,1813,43584
2024-12-25T08:00,99.24,3507,7466,1833,47275
2024-12-25T09:00,93.56,7116,6403,1912,49366
2024-12-25T10:00,92.55,9834,5330,1860,51071
2024-12-25T11:00,94.41,10557,4294,1993,50523
2024-12-25T12:00,91.03,9173,3544,2108,47890
2024-12-25T13:00,99.17,5979,3198,2335,46654
2024-12-25T14:00,112.69,2056,3571,2788,46819
2024-12-25T15:00,118.01,87,4284,3005,48368
2024-12-25T16:00,120.53,13,4628,3326,50466
2024-12-25T17:00,119.11,11,4754,3364,50713
2024-12-25T18:00,118.01,7,4536,3715,49906
2024-12-25T19:00,118.33,6,4374,3572,48295
2024-12-25T20:00,113.01,7,4284,3338,47084
2024-12-25T21:00,114.07,9,3871,2992,45584
2024-12-25T22:00,104.63,11,3774,2563,43222
2024-12-25T23:00,102.17,7,3690,2240,40398
2024-12-26T00:00,95.06,6,3524,2311,39104
2024-12-26T01:00,94.61,6,3472,2188,38712
2024-12-26T02:00,89.64,6,3607,2019,38208
2024-12-26T03:00,90.87,6,3777,1643,38253
2024-12-26T04:00,95.10,7,3541,1506,38605
2024-12-26T05:00,99.00,6,3400,1662,38910
2024-12-26T06:00,112.61,8,3396,1642,40632
2024-12-26T07:00,119.10,413,3367,1482,43476
2024-12-26T08:00,118.23,3185,3166,1435,46690
2024-12-26T09:00,113.25,7080,3005,1283,48538
2024-12-26T10:00,106.01,10210,2603,986,49972
2024-12-26T11:00,107.71,11456,2228,988,49417
2024-12-26T12:00,103.90,10267,2057,1011,46860
2024-12-26T13:00,109.64,6879,1931,847,45671
2024-12-26T14:00,120.75,2492,2028,665,46253
2024-12-26T15:00,129.64,137,2475,578,48181
2024-12-26T16:00,137.90,22,3191,417,50472
2024-12-26T17:00,138.05,11,3564,331,50812
2024-12-26T18:00,135.71,13,3691,282,49720
2024-12-26T19:00,129.13,9,3662,341,48212
2024-12-26T20:00,120.85,6,3651,300,46857
2024-12-26T21:00,123.50,7,3613,317,45603
2024-12-26T22:00,116.98,7,3819,346,43277
2024-12-26T23:00,106.79,6,4011,308,40242
2024-12-27T00:00,101.52,6,4069,307,38876
2024-12-27T01:00,101.03,6,4020,270,37660
2024-12-27T02:00,99.74,6,3824,218,38012
2024-12-27T03:00,99.58,6,3590,114,39438
2024-12-27T04:00,106.20,6,3351,113,40661
2024-12-27T05:00,115.70,6,3149,105,43059
2024-12-27T06:00,124.29,7,2894,84,46318
2024-12-27T07:00,131.85,538,2732,49,49256
2024-12-27T08:00,130.15,4166,2566,54,51424
2024-12-27T09:00,120.10,8929,2292,111,52388
2024-12-27T10:00,107.94,12431,1732,194,53079
2024-12-27T11:00,107.81,13308,1104,191,53220
2024-12-27T12:00,107.94,11553,712,189,52204
2024-12-27T13:00,121.65,7366,545,148,51427
2024-12-27T14:00,136.46,2586,567,95,51833
2024-12-27T15:00,146.25,159,701,60,53890
2024-12-27T16:00,151.80,29,750,24,56437
2024-12-27T17:00,158.40,36,706,22,56330
2024-12-27T18:00,146.43,20,654,32,54940
2024-12-27T19:00,133.14,13,649,46,51964
2024-12-27T20:00,125.42,8,644,48,49345
2024-12-27T21:00,126.76,6,624,70,47862
2024-12-27T22:00,114.00,6,536,89,45288
2024-12-27T23:00,126.40,6,503,126,42925
2024-12-28T00:00,116.63,6,468,144,41263
2024-12-28T01:00,110.15,6,495,160,40629
2024-12-28T02:00,105.92,6,506,177,40236
2024-12-28T03:00,102.93,6,560,163,40757
2024-12-28T04:00,105.58,6,597,148,40789
2024-12-28T05:00,109.71,6,632,154,41834
2024-12-28T06:00,124.24,9,737,166,44038
2024-12-28T07:00,128.00,454,865,173,47003
2024-12-28T08:00,128.30,3772,971,183,49584
2024-12-28T09:00,122.83,8679,1008,280,51340
2024-12-28T10:00,113.40,12426,1013,451,52862
2024-12-28T11:00,108.97,13620,859,758,52836
2024-12-28T12:00,110.01,11844,764,925,51301
2024-12-28T13:00,117.83,7509,662,946,50191
2024-12-28T14:00,137.84,2505,685,998,50827
2024-12-28T15:00,143.25,122,962,1199,52913
2024-12-28T16:00,152.00,24,1296,1459,55232
2024-12-28T17:00,147.51,28,1738,1730,55399
2024-12-28T18:00,140.48,18,2267,2028,53899
2024-12-28T19:00,129.26,10,2824,2144,51364
2024-12-28T20:00,125.90,7,3251,2542,49310
2024-12-28T21:00,121.25,9,3606,2683,48109
2024-12-28T22:00,114.93,7,4175,2611,46020
2024-12-28T23:00,127.39,8,4993,2786,43203
2024-12-29T00:00,114.09,6,5664,3319,41773
2024-12-29T01:00,107.71,6,6200,3394,40905
2024-12-29T02:00,101.70,6,6728,2994,40591
2024-12-29T03:00,97.73,6,7413,2962,40920
2024-12-29T04:00,98.61,6,8053,2964,41371
2024-12-29T05:00,98.16,7,8060,2838,41467
2024-12-29T06:00,102.09,9,7974,2802,43039
2024-12-29T07:00,110.71,517,8312,3377,45934
2024-12-29T08:00,114.65,3263,8319,3800,49120
2024-12-29T09:00,104.07,6430,8283,4367,52088
2024-12-29T10:00,100.19,8389,8378,5100,54618
2024-12-29T11:00,100.72,8475,8732,5316,54559
2024-12-29T12:00,99.73,6938,9559,5730,53667
2024-12-29T13:00,98.44,4204,10206,6303,52674
2024-12-29T14:00,104.01,1326,11226,6394,52940
2024-12-29T15:00,121.73,59,12601,6260,54788
2024-12-29T16:00,122.00,15,13774,5583,56774
2024-12-29T17:00,126.11,12,14926,4360,57104
2024-12-29T18:00,121.34,10,16075,3644,56080
2024-12-29T19:00,109.92,7,16991,3844,53780
2024-12-29T20:00,90.21,6,18183,3343,52414
2024-12-29T21:00,83.79,6,17836,3042,51015
2024-12-29T22:00,71.63,6,18909,2776,48336
2024-12-29T23:00,71.73,6,19727,2968,44796
2024-12-30T00:00,68.60,6,20113,3609,44068
2024-12-30T01:00,68.60,6,20232,3571,43469
2024-12-30T02:00,64.65,6,20415,2988,43041
2024-12-30T03:00,66.89,6,20514,3071,43768
2024-12-30T04:00,69.17,6,20389,3892,45797
2024-12-30T05:00,71.14,6,21262,3330,47946
2024-12-30T06:00,80.20,7,21483,3368,51328
2024-12-30T07:00,86.30,192,21944,2516,54344
2024-12-30T08:00,87.06,1414,22307,2672,56167
2024-12-30T09:00,83.71,3104,22572,2508,57692
2024-12-30T10:00,78.88,4542,22614,2164,57953
2024-12-30T11:00,82.86,5026,22908,1942,58464
2024-12-30T12:00,80.50,4498,22617,2338,58243
2024-12-30T13:00,83.70,2956,22698,2221,57893
2024-12-30T14:00,92.42,1036,23039,1930,58138
2024-12-30T15:00,96.97,53,23454,1647,59576
2024-12-30T16:00,109.97,13,24056,1644,61402
2024-12-30T17:00,100.00,9,24565,2194,61476
2024-12-30T18:00,86.62,8,24928,2581,60058
2024-12-30T19:00,74.83,6,24861,2703,56909
2024-12-30T20:00,68.02,6,24352,2039,54316
2024-12-30T21:00,67.26,6,22076,1860,52293
2024-12-30T22:00,35.66,6,21223,1430,49146
2024-12-30T23:00,50.49,7,19804,1914,45436
2024-12-31T00:00,45.90,6,18734,2129,43434
2024-12-31T01:00,56.43,6,17901,2295,42529
2024-12-31T02:00,57.06,6,17381,2392,42690
2024-12-31T03:00,63.92,6,17368,2923,43293
2024-12-31T04:00,63.72,6,17165,3101,43674
2024-12-31T05:00,63.70,6,17838,3743,45300
2024-12-31T06:00,71.63,8,17473,4206,46890
2024-12-31T07:00,78.43,447,17403,3949,49322
2024-12-31T08:00,83.46,2978,17430,3884,51973
2024-12-31T09:00,82.47,6595,17674,3954,53934
2024-12-31T10:00,81.03,9720,18110,3912,55481
2024-12-31T11:00,81.17,10758,18434,3815,55742
2024-12-31T12:00,78.93,9610,18913,3856,54490
2024-12-31T13:00,76.84,6411,20225,3507,53533
2024-12-31T14:00,82.07,2326,22614,3640,53380
2024-12-31T15:00,83.67,122,25418,3214,55651
2024-12-31T16:00,83.25,14,26537,2692,57983
2024-12-31T17:00,77.68,14,27750,2114,56909
2024-12-31T18:00,67.77,12,29222,1625,54383
2024-12-31T19:00,35.56,7,30934,1425,51189
2024-12-31T20:00,15.70,6,31876,1207,49336
2024-12-31T21:00,9.06,7,30866,1531,48491
2024-12-31T22:00,0.52,6,31954,2308,49235
2024-12-31T23:00,2.16,10,32876,2502,47742
2025-01-01T00:00,1.60,10,33520,2396,46867
2025-01-01T01:00,0.00,9,33767,2614,45798
2025-01-01T02:00,-0.01,9,32876,1684,44624
2025-01-01T03:00,-0.01,9,33114,1328,43626
2025-01-01T04:00,-0.06,9,33571,1163,43838
2025-01-01T05:00,-0.09,10,35440,1037,43176
2025-01-01T06:00,-0.01,12,36090,1310,43525
2025-01-01T07:00,-0.01,724,35662,2419,45659
2025-01-01T08:00,-0.04,4052,34597,2094,47680
2025-01-01T09:00,-0.03,7913,36147,2116,50088
2025-01-01T10:00,-0.10,11147,35918,1851,52090
2025-01-01T11:00,-0.05,12110,36641,2145,53128
2025-01-01T12:00,-0.10,10659,37617,2690,51859
2025-01-01T13:00,-1.01,7043,38592,3464,50763
2025-01-01T14:00,-0.01,2773,41262,4613,51838
2025-01-01T15:00,-0.01,193,41900,4720,53930
2025-01-01T16:00,0.07,19,43762,4810,55772
2025-01-01T17:00,1.01,14,44200,3803,55924
2025-01-01T18:00,1.48,12,43338,3497,54756
2025-01-01T19:00,1.00,12,42674,3979,52526
2025-01-01T20:00,0.07,11,41421,3980,50686
2025-01-01T21:00,10.05,10,39663,3854,48596
2025-01-01T22:00,7.01,10,39612,4115,46002
2025-01-01T23:00,2.55,8,37738,4033,44102
2025-01-02T00:00,1.56,6,36231,4754,42052
2025-01-02T01:00,3.45,6,34086,5265,41234
2025-01-02T02:00,7.02,6,32544,5594,41548
2025-01-02T03:00,12.75,6,30886,4934,42063
2025-01-02T04:00,30.07,6,29820,4568,44062
2025-01-02T05:00,67.13,6,28246,5589,49523
2025-01-02T06:00,98.83,8,25102,5867,53622
2025-01-02T07:00,121.53,192,22036,5753,57052
2025-01-02T08:00,127.23,1609,18456,5976,59258
2025-01-02T09:00,126.35,4078,15182,5101,59896
2025-01-02T10:00,119.97,6173,12916,5170,60934
2025-01-02T11:00,115.95,6705,11792,5390,61627
2025-01-02T12:00,113.90,5859,11864,5468,61146
2025-01-02T13:00,122.21,3569,11328,5120,59870
2025-01-02T14:00,130.11,1084,11582,5181,59600
2025-01-02T15:00,138.59,53,12834,5316,60662
2025-01-02T16:00,152.87,22,14678,6059,62804
2025-01-02T17:00,152.94,26,15958,5556,62897
2025-01-02T18:00,139.15,18,17922,5843,61916
2025-01-02T19:00,130.00,8,18922,5894,58895
2025-01-02T20:00,119.78,6,18812,5907,56334
2025-01-02T21:00,113.42,8,18384,6627,54131
2025-01-02T22:00,82.47,8,18798,6322,50780
2025-01-02T23:00,99.56,7,19066,5972,47628
2025-01-03T00:00,87.53,8,19264,5960,45932
2025-01-03T01:00,85.01,6,20140,6202,45574
2025-01-03T02:00,83.79,8,20814,5839,45858
2025-01-03T03:00,77.50,9,23144,5212,47151
2025-01-03T04:00,79.88,9,25406,4293,49194
2025-01-03T05:00,83.56,14,29083,2882,52652
2025-01-03T06:00,78.43,19,31334,1656,56063
2025-01-03T07:00,82.57,175,33359,1604,59124
2025-01-03T08:00,80.76,1603,33739,1980,60690
2025-01-03T09:00,77.64,4113,34718,1435,61872
2025-01-03T10:00,70.48,6249,36050,1114,62822
2025-01-03T11:00,69.94,6560,35860,921,63411
2025-01-03T12:00,77.80,5877,34970,1404,62372
2025-01-03T13:00,78.81,3944,33329,3350,62047
2025-01-03T14:00,85.29,1574,32052,4004,62152
2025-01-03T15:00,105.51,115,30778,4768,63092
2025-01-03T16:00,116.66,11,29470,5222,65362
2025-01-03T17:00,115.06,13,27872,5097,64411
2025-01-03T18:00,114.91,9,27043,5996,62883
2025-01-03T19:00,113.30,7,26291,6374,60086
2025-01-03T20:00,107.80,7,26423,5915,58168
2025-01-03T21:00,98.22,8,24820,5335,55472
2025-01-03T22:00,88.57,8,23695,4315,52748
2025-01-03T23:00,90.43,8,22633,3566,50248
2025-01-04T00:00,90.29,7,20824,3423,48370
2025-01-04T01:00,90.20,7,18149,2838,46208
2025-01-04T02:00,91.52,7,15726,2052,45090
2025-01-04T03:00,95.95,7,13778,1518,44312
2025-01-04T04:00,102.11,6,11252,1173,44038
2025-01-04T05:00,110.66,8,9974,1246,45085
2025-01-04T06:00,119.96,8,9179,1109,47136
2025-01-04T07:00,128.39,295,8432,1637,50506
2025-01-04T08:00,130.75,1954,7564,2570,53599
2025-01-04T09:00,130.34,4070,7336,2444,55556
2025-01-04T10:00,128.29,5438,7405,3158,57750
2025-01-04T11:00,130.03,5847,7203,2454,58111
2025-01-04T12:00,129.85,5117,7335,2827,57128
2025-01-04T13:00,136.40,3418,7530,2546,56241
2025-01-04T14:00,138.72,1193,7402,2782,56504
2025-01-04T15:00,142.00,74,8303,2775,58277
2025-01-04T16:00,151.24,15,8972,2643,60530
2025-01-04T17:00,143.85,12,9754,2476,60560
2025-01-04T18:00,137.96,8,10619,2208,58881
2025-01-04T19:00,129.49,8,10604,1916,55581
2025-01-04T20:00,122.83,7,10372,2223,53296
2025-01-04T21:00,118.29,6,9870,2491,52316
2025-01-04T22:00,109.49,6,9450,2316,49240
2025-01-04T23:00,113.84,9,8493,2088,46652
2025-01-05T00:00,100.33,6,8517,1852,43846
2025-01-05T01:00,93.61,7,8366,1599,42538
2025-01-05T02:00,93.87,6,7942,1120,41942
2025-01-05T03:00,89.38,6,8349,1047,41673
2025-01-05T04:00,83.55,6,9676,1406,42088
2025-01-05T05:00,83.92,6,11022,2219,43356
2025-01-05T06:00,82.53,7,12790,3594,44689
2025-01-05T07:00,84.05,46,15638,4838,47732
2025-01-05T08:00,89.15,349,18044,5492,51815
2025-01-05T09:00,82.95,934,20623,6030,54402
2025-01-05T10:00,88.82,1564,22406,6161,57258
2025-01-05T11:00,81.66,2030,23376,6148,57775
2025-01-05T12:00,78.39,2018,24316,6305,56015
2025-01-05T13:00,68.00,1394,26216,5842,55069
2025-01-05T14:00,50.64,576,28309,5151,55472
2025-01-05T15:00,49.91,69,30474,5575,57815
2025-01-05T16:00,66.30,14,31382,6156,59953
2025-01-05T17:00,65.05,12,31586,6088,60078
2025-01-05T18:00,51.28,8,30922,6376,58186
2025-01-05T19:00,36.85,7,30412,5949,55508
2025-01-05T20:00,36.80,6,29983,5460,52916
2025-01-05T21:00,34.68,6,28090,5576,50717
2025-01-05T22:00,28.14,6,28064,5401,48078
2025-01-05T23:00,27.52,6,28206,6408,45746
2025-01-06T00:00,19.26,6,28650,6574,43954
2025-01-06T01:00,11.35,5,30252,6318,42915
2025-01-06T02:00,9.20,8,31866,6546,43934
2025-01-06T03:00,10.00,8,33167,6611,44925
2025-01-06T04:00,14.81,8,34758,6584,47876
2025-01-06T05:00,23.82,10,36855,5973,52381
2025-01-06T06:00,31.72,12,38704,5460,56024
2025-01-06T07:00,41.37,330,39578,4725,59058
2025-01-06T08:00,36.36,2377,40052,4914,61080
2025-01-06T09:00,34.69,4945,40468,5657,62749
2025-01-06T10:00,32.83,6916,40686,6488,63634
2025-01-06T11:00,31.28,8462,40884,6412,63780
2025-01-06T12:00,28.60,8434,40890,6290,63184
2025-01-06T13:00,25.61,6052,41072,5895,61384
2025-01-06T14:00,26.32,2460,41234,5676,60783
2025-01-06T15:00,26.87,173,43473,4650,61636
2025-01-06T16:00,31.66,19,45252,2673,64030
2025-01-06T17:00,31.58,15,44979,826,63561
2025-01-06T18:00,28.74,12,45334,816,62612
2025-01-06T19:00,26.59,11,44924,643,59907
2025-01-06T20:00,13.82,11,44149,442,56590
2025-01-06T21:00,26.94,9,40646,1410,53834
2025-01-06T22:00,12.99,8,39541,2010,51009
2025-01-06T23:00,19.07,10,39008,2935,48570
2025-01-07T00:00,8.71,9,38086,3427,47569
2025-01-07T01:00,8.90,9,38063,3459,46712
2025-01-07T02:00,5.01,8,37995,3488,46944
2025-01-07T03:00,5.13,8,37664,3592,48385
2025-01-07T04:00,5.80,8,37455,3226,51118
2025-01-07T05:00,48.86,11,39360,2559,58740
2025-01-07T06:00,76.83,19,38608,3113,64761
2025-01-07T07:00,85.08,410,37744,4083,68201
2025-01-07T08:00,84.24,3083,35772,4332,68662
2025-01-07T09:00,75.25,6778,35110,3874,68408
2025-01-07T10:00,62.80,9273,35712,3710,68895
2025-01-07T11:00,62.44,10066,35636,3946,69011
2025-01-07T12:00,63.90,8707,34988,4585,68628
2025-01-07T13:00,72.56,5886,34129,4845,67788
2025-01-07T14:00,78.11,2546,32872,4953,67148
2025-01-07T15:00,79.98,202,33436,4888,68664
2025-01-07T16:00,96.03,16,35102,4836,70906
2025-01-07T17:00,101.11,14,35624,4666,70521
2025-01-07T18:00,86.21,16,35287,4104,68342
2025-01-07T19:00,78.01,12,36147,3870,65254
2025-01-07T20:00,72.45,10,36648,3281,62171
2025-01-07T21:00,72.45,8,34632,3758,58967
2025-01-07T22:00,50.04,8,34052,3252,54866
2025-01-07T23:00,71.05,8,32930,4111,52616
2025-01-08T00:00,68.01,8,31818,4081,50618
2025-01-08T01:00,63.34,8,30318,3728,49736
2025-01-08T02:00,57.01,8,29600,3809,50203
2025-01-08T03:00,66.29,7,29621,3650,51363
2025-01-08T04:00,72.07,7,29646,3811,55071
2025-01-08T05:00,82.70,10,30749,3973,62868
2025-01-08T06:00,100.73,12,30376,4833,68514
2025-01-08T07:00,128.22,276,29341,5154,71627
2025-01-08T08:00,108.18,2124,27065,4614,71940
2025-01-08T09:00,94.65,4940,25504,4029,72025
2025-01-08T10:00,100.01,7100,24520,2774,71006
2025-01-08T11:00,89.99,7258,23312,2470,70893
2025-01-08T12:00,97.20,5963,21776,2847,71366
2025-01-08T13:00,110.19,3677,19343,4230,70151
2025-01-08T14:00,127.80,1212,17373,5493,69644
2025-01-08T15:00,135.82,78,19082,5203,71169
2025-01-08T16:00,155.46,24,19586,4956,73129
2025-01-08T17:00,149.23,18,19418,4429,72277
2025-01-08T18:00,146.48,17,18842,3902,70094
2025-01-08T19:00,136.86,12,17329,3116,66488
2025-01-08T20:00,127.86,7,15564,2706,62208
2025-01-08T21:00,115.92,7,14406,2346,59056
2025-01-08T22:00,103.59,6,14026,2017,54704
2025-01-08T23:00,101.44,6,13612,1707,51341
2025-01-09T00:00,100.00,6,13399,1361,49526
2025-01-09T01:00,98.77,5,12514,1117,48386
2025-01-09T02:00,95.22,5,12423,1125,48202
2025-01-09T03:00,98.28,5,12916,1028,48949
2025-01-09T04:00,102.65,5,12666,1042,51999
2025-01-09T05:00,133.54,5,12216,1110,58810
2025-01-09T06:00,148.80,14,11412,1099,64749
2025-01-09T07:00,164.88,452,11003,957,67588
2025-01-09T08:00,156.15,2938,10804,968,68350
2025-01-09T09:00,147.64,5481,10704,771,68941
2025-01-09T10:00,140.21,6880,10112,1523,70064
2025-01-09T11:00,128.18,6214,10438,1292,70005
2025-01-09T12:00,121.15,4406,11306,2014,69943
2025-01-09T13:00,123.95,2528,12892,2005,68666
2025-01-09T14:00,127.53,968,15408,1981,68123
2025-01-09T15:00,123.75,100,18391,2824,68956
2025-01-09T16:00,130.91,12,20572,3137,71044
2025-01-09T17:00,134.75,9,22227,3608,70797
2025-01-09T18:00,125.44,8,23631,3907,69022
2025-01-09T19:00,119.23,7,24630,3902,65786
2025-01-09T20:00,104.99,7,25454,3680,62298
2025-01-09T21:00,101.10,7,25434,3668,59570
2025-01-09T22:00,88.19,8,26105,3664,56260
2025-01-09T23:00,84.79,14,26933,4199,55138
2025-01-10T00:00,80.23,7,27186,5083,53434
2025-01-10T01:00,71.29,7,27142,5523,52668
2025-01-10T02:00,69.05,6,26763,5364,52675
2025-01-10T03:00,69.89,6,25887,5295,53536
2025-01-10T04:00,83.90,6,25314,5014,56020
2025-01-10T05:00,99.09,7,25554,5173,62722
2025-01-10T06:00,123.92,8,24416,4978,68317
2025-01-10T07:00,139.47,342,23165,5140,70742
2025-01-10T08:00,136.92,2382,22270,4586,71302
2025-01-10T09:00,123.57,5140,21584,4388,71942
2025-01-10T10:00,113.59,7394,21304,3096,71368
2025-01-10T11:00,107.43,8688,20808,2534,71173
2025-01-10T12:00,105.01,8008,20712,2792,69824
2025-01-10T13:00,110.01,5583,20047,3142,68171
2025-01-10T14:00,128.69,2398,19063,3152,68041
2025-01-10T15:00,134.87,248,18757,3422,68645
2025-01-10T16:00,142.56,14,18832,3316,70626
2025-01-10T17:00,144.12,14,18862,3717,70088
2025-01-10T18:00,141.05,9,18388,3433,68348
2025-01-10T19:00,134.82,8,17659,3301,64872
2025-01-10T20:00,122.51,9,17486,3019,61800
2025-01-10T21:00,119.77,8,16748,2623,58759
2025-01-10T22:00,111.71,8,16398,2245,55585
2025-01-10T23:00,106.64,8,16114,1796,52634
2025-01-11T00:00,98.99,8,16241,1950,50172
2025-01-11T01:00,95.71,7,16987,1968,48816
2025-01-11T02:00,89.45,8,17302,2242,48908
2025-01-11T03:00,88.35,7,17818,2312,49297
2025-01-11T04:00,88.40,7,18343,1792,49130
2025-01-11T05:00,88.13,7,19298,1964,50249
2025-01-11T06:00,94.68,8,19972,2157,52542
2025-01-11T07:00,107.65,499,20882,2192,55946
2025-01-11T08:00,103.14,3500,20807,1622,57342
2025-01-11T09:00,101.13,7585,20554,1216,58716
2025-01-11T10:00,99.56,10431,20858,1056,59784
2025-01-11T11:00,96.74,10649,21159,884,59532
2025-01-11T12:00,93.15,9328,21804,1118,58830
2025-01-11T13:00,94.90,6512,22701,2119,58313
2025-01-11T14:00,104.89,2913,24036,3013,59321
2025-01-11T15:00,112.12,330,25788,3763,60938
2025-01-11T16:00,119.80,13,26837,3853,64393
2025-01-11T17:00,122.34,13,26592,3666,64192
2025-01-11T18:00,114.85,9,25439,4091,62786
2025-01-11T19:00,111.19,8,23982,4142,59518
2025-01-11T20:00,104.80,7,22925,3580,56842
2025-01-11T21:00,103.07,8,21070,2716,54588
2025-01-11T22:00,105.69,8,19500,2033,51576
2025-01-11T23:00,83.58,6,19459,2064,49568
2025-01-12T00:00,83.79,7,18368,1981,48110
2025-01-12T01:00,86.75,7,17561,1981,47573
2025-01-12T02:00,84.20,7,17384,2550,47289
2025-01-12T03:00,85.00,6,17466,2686,47065
2025-01-12T04:00,83.75,6,17618,2245,47241
2025-01-12T05:00,85.90,7,16602,1791,47022
2025-01-12T06:00,101.75,8,14558,1586,48476
2025-01-12T07:00,114.67,361,12850,1491,51547
2025-01-12T08:00,120.07,3113,11286,1298,53799
2025-01-12T09:00,117.77,7402,10089,985,55929
2025-01-12T10:00,105.61,11467,8759,838,57980
2025-01-12T11:00,102.99,13612,8184,494,57379
2025-01-12T12:00,99.61,13405,8193,478,54996
2025-01-12T13:00,104.74,10288,7922,392,53568
2025-01-12T14:00,118.70,4715,7272,249,53008
2025-01-12T15:00,132.92,500,6927,204,55138
2025-01-12T16:00,141.00,14,6766,164,59192
2025-01-12T17:00,146.66,10,6356,102,60136
2025-01-12T18:00,143.66,8,6188,137,58900
2025-01-12T19:00,134.86,7,5459,90,56130
2025-01-12T20:00,127.49,7,4288,120,54361
2025-01-12T21:00,121.20,7,3211,178,53362
2025-01-12T22:00,114.90,7,2356,148,50864
2025-01-12T23:00,112.39,8,2070,217,48753
2025-01-13T00:00,105.07,6,1994,308,47781
2025-01-13T01:00,104.46,6,2085,552,47590
2025-01-13T02:00,100.37,6,2486,1104,47787
2025-01-13T03:00,100.00,6,3354,1857,49214
2025-01-13T04:00,110.11,7,3917,2293,53424
2025-01-13T05:00,140.28,12,3636,2569,61496
2025-01-13T06:00,181.92,20,3588,3136,68092
2025-01-13T07:00,223.09,648,3939,3836,71048
2025-01-13T08:00,174.09,4619,4614,4567,71218
2025-01-13T09:00,141.69,10300,5442,5184,71638
2025-01-13T10:00,115.73,14657,6243,5764,71511
2025-01-13T11:00,104.10,16874,6416,5805,72130
2025-01-13T12:00,103.04,16620,7094,5930,71079
2025-01-13T13:00,104.67,12980,7339,6204,69373
2025-01-13T14:00,138.20,6073,7353,6410,69400
2025-01-13T15:00,142.62,724,8766,6612,70862
2025-01-13T16:00,149.00,20,10184,6341,73665
2025-01-13T17:00,149.00,13,12138,6238,74034
2025-01-13T18:00,139.73,9,13981,6003,73320
2025-01-13T19:00,123.18,10,13915,6066,70024
2025-01-13T20:00,120.22,15,15333,5898,66930
2025-01-13T21:00,115.57,8,16444,6142,63298
2025-01-13T22:00,102.31,7,17573,6512,59732
2025-01-13T23:00,106.38,8,17689,6200,57074
2025-01-14T00:00,103.70,8,17893,6302,55839
2025-01-14T01:00,99.08,8,17839,6254,55497
2025-01-14T02:00,97.99,8,17803,6426,55779
2025-01-14T03:00,101.88,6,17387,6194,55972
2025-01-14T04:00,107.64,6,17022,6135,59524
2025-01-14T05:00,123.40,13,17524,6359,67236
2025-01-14T06:00,156.62,20,17594,6132,72920
2025-01-14T07:00,184.03,1066,17983,6378,75361
2025-01-14T08:00,151.86,5471,17917,6542,75318
2025-01-14T09:00,117.62,9879,17937,6533,75097
2025-01-14T10:00,109.31,11796,18247,6377,74421
2025-01-14T11:00,103.11,13311,18281,6575,74442
2025-01-14T12:00,108.11,12376,18730,6346,73476
2025-01-14T13:00,115.35,9356,18752,6271,72160
2025-01-14T14:00,125.35,4895,18911,6267,71056
2025-01-14T15:00,141.97,684,19743,5648,72210
2025-01-14T16:00,165.86,14,20415,5360,74400
2025-01-14T17:00,170.07,11,20011,5352,73791
2025-01-14T18:00,158.38,8,18992,5785,71607
2025-01-14T19:00,135.46,7,18184,5335,68714
2025-01-14T20:00,117.69,7,17643,4569,65536
2025-01-14T21:00,121.00,7,17600,3688,61820
2025-01-14T22:00,121.76,7,17110,3228,58227
2025-01-14T23:00,108.28,9,17066,3233,54866
2025-01-15T00:00,107.72,9,16794,3159,53291
2025-01-15T01:00,108.41,8,15781,2972,52589
2025-01-15T02:00,108.04,9,14380,2729,52568
2025-01-15T03:00,108.75,8,13253,2404,53132
2025-01-15T04:00,114.92,8,12218,2006,56004
2025-01-15T05:00,134.49,8,10029,1502,62413
2025-01-15T06:00,191.79,14,8042,1038,67398
2025-01-15T07:00,307.24,186,6905,566,70234
2025-01-15T08:00,315.02,1322,6029,214,70336
2025-01-15T09:00,311.03,3010,5006,106,70735
2025-01-15T10:00,304.80,4462,3946,52,70812
2025-01-15T11:00,311.02,4951,3302,85,70105
2025-01-15T12:00,309.34,4323,2848,200,69386
2025-01-15T13:00,285.83,2920,2392,376,68635
2025-01-15T14:00,301.74,1286,2129,416,68244
2025-01-15T15:00,333.52,173,2035,444,68452
2025-01-15T16:00,377.99,25,1930,523,70368
2025-01-15T17:00,324.74,34,1714,601,69878
2025-01-15T18:00,270.09,21,1500,592,68104
2025-01-15T19:00,181.66,10,1462,710,64636
2025-01-15T20:00,150.87,7,1436,936,61226
2025-01-15T21:00,141.16,7,1508,1351,57845
2025-01-15T22:00,123.90,7,1600,1757,54558
2025-01-15T23:00,126.33,6,1652,1958,52214
2025-01-16T00:00,119.12,6,1948,2182,51586
2025-01-16T01:00,117.62,5,2386,2301,50584
2025-01-16T02:00,115.03,5,2780,2500,50776
2025-01-16T03:00,115.75,5,3192,2864,52440
2025-01-16T04:00,123.27,6,3678,2810,55920
2025-01-16T05:00,138.70,7,4450,3120,62634
2025-01-16T06:00,173.04,12,5081,3742,68334
2025-01-16T07:00,199.65,334,5945,4318,71455
2025-01-16T08:00,175.00,2463,6137,4648,71790
2025-01-16T09:00,151.90,5666,6016,4982,72244
2025-01-16T10:00,140.64,8359,6040,4879,72221
2025-01-16T11:00,131.13,9308,6080,5108,71799
2025-01-16T12:00,130.58,8724,5675,4925,71152
2025-01-16T13:00,138.42,6808,5035,4485,69368
2025-01-16T14:00,163.04,3379,4767,4000,69041
2025-01-16T15:00,179.20,488,5037,3974,70141
2025-01-16T16:00,191.56,14,5428,4114,72065
2025-01-16T17:00,184.32,19,5782,4380,71571
2025-01-16T18:00,179.97,12,5773,4745,70022
2025-01-16T19:00,159.60,6,5996,4732,66682
2025-01-16T20:00,141.60,6,5697,4750,63325
2025-01-16T21:00,135.29,6,5382,4502,60630
2025-01-16T22:00,123.75,5,5178,4337,57110
2025-01-16T23:00,118.87,5,5048,4408,55017
2025-01-17T00:00,118.39,6,4620,4598,53663
2025-01-17T01:00,115.71,6,4222,4552,52520
2025-01-17T02:00,114.72,6,3876,4426,52736
2025-01-17T03:00,115.48,6,3438,3700,53834
2025-01-17T04:00,122.16,6,2926,3503,56218
2025-01-17T05:00,140.80,7,2637,3558,62776
2025-01-17T06:00,175.01,13,2421,3676,68718
2025-01-17T07:00,208.13,300,2274,3782,71649
2025-01-17T08:00,175.34,1916,2062,3776,72301
2025-01-17T09:00,158.00,4271,1933,4157,72762
2025-01-17T10:00,140.73,6226,2019,4418,72752
2025-01-17T11:00,126.44,7304,1932,4292,72316
2025-01-17T12:00,124.03,6809,1743,4496,70636
2025-01-17T13:00,132.99,4806,1743,4471,69339
2025-01-17T14:00,151.98,2037,1816,4176,68483
2025-01-17T15:00,170.21,215,2308,4018,69045
2025-01-17T16:00,178.79,13,2321,3885,71124
2025-01-17T17:00,179.92,12,2202,3425,70350
2025-01-17T18:00,174.22,8,1939,2752,68110
2025-01-17T19:00,157.91,8,1816,2488,64494
2025-01-17T20:00,145.00,8,2030,2396,61249
2025-01-17T21:00,139.97,7,2326,2732,58302
2025-01-17T22:00,126.84,6,2525,2888,55756
2025-01-17T23:00,125.29,6,2634,2396,52653
2025-01-18T00:00,121.05,6,3096,2057,50452
2025-01-18T01:00,120.98,5,3126,1816,49596
2025-01-18T02:00,118.85,5,2810,1588,49072
2025-01-18T03:00,116.46,5,2649,1125,48822
2025-01-18T04:00,119.77,5,2480,1088,48796
2025-01-18T05:00,119.75,6,2352,1072,49926
2025-01-18T06:00,133.39,8,2417,1182,52578
2025-01-18T07:00,145.63,532,2308,900,55984
2025-01-18T08:00,144.10,3589,2059,609,58468
2025-01-18T09:00,131.21,7985,2005,397,60088
2025-01-18T10:00,121.56,12272,1919,265,60884
2025-01-18T11:00,118.87,14746,1677,170,60351
2025-01-18T12:00,115.01,14374,1550,179,58812
2025-01-18T13:00,119.32,11064,1471,164,56723
2025-01-18T14:00,133.32,5330,1158,229,56248
2025-01-18T15:00,149.71,766,1466,447,57702
2025-01-18T16:00,164.59,23,2201,674,60886
2025-01-18T17:00,167.57,19,2924,815,61916
2025-01-18T18:00,167.85,16,3575,829,59917
2025-01-18T19:00,156.12,6,3923,686,56650
2025-01-18T20:00,143.42,6,3953,680,54446
2025-01-18T21:00,136.40,6,3829,579,53054
2025-01-18T22:00,129.36,6,3936,560,50938
2025-01-18T23:00,129.73,7,3934,556,48546
2025-01-19T00:00,124.20,7,4048,464,46733
2025-01-19T01:00,123.05,7,4068,383,45528
2025-01-19T02:00,121.24,7,3957,233,45278
2025-01-19T03:00,120.18,7,4120,222,44906
2025-01-19T04:00,120.00,6,4144,341,44708
2025-01-19T05:00,121.57,7,4184,341,45053
2025-01-19T06:00,123.33,10,4574,350,47065
2025-01-19T07:00,123.60,1054,5006,352,50256
2025-01-19T08:00,125.16,6815,5301,430,53374
2025-01-19T09:00,125.19,14647,5581,340,56371
2025-01-19T10:00,121.56,20315,5054,206,58289
2025-01-19T11:00,112.25,22078,4313,94,57774
2025-01-19T12:00,107.51,20117,3458,64,55552
2025-01-19T13:00,116.81,14600,3203,72,53045
2025-01-19T14:00,126.29,6743,3842,72,52469
2025-01-19T15:00,140.15,858,5787,57,54950
2025-01-19T16:00,149.67,13,7729,54,58848
2025-01-19T17:00,159.04,10,8651,44,60169
2025-01-19T18:00,156.60,8,8699,51,58682
2025-01-19T19:00,149.06,9,8462,50,56183
2025-01-19T20:00,139.26,8,7779,52,54218
2025-01-19T21:00,130.99,7,7428,74,53453
2025-01-19T22:00,122.94,7,7442,109,51492
2025-01-19T23:00,122.27,9,7140,125,49558
2025-01-20T00:00,119.44,8,6738,154,48230
2025-01-20T01:00,116.56,8,6184,175,48347
2025-01-20T02:00,114.41,8,5772,256,49360
2025-01-20T03:00,115.45,8,5510,283,50116
2025-01-20T04:00,127.54,7,5491,278,53413
2025-01-20T05:00,161.71,10,5507,344,61818
2025-01-20T06:00,276.48,23,5236,408,67791
2025-01-20T07:00,431.99,1188,5034,446,70904
2025-01-20T08:00,291.70,5662,4091,474,71357
2025-01-20T09:00,236.29,11262,2825,477,72016
2025-01-20T10:00,187.48,15208,1936,423,72081
2025-01-20T11:00,176.00,15829,1500,419,71434
2025-01-20T12:00,171.39,13418,1375,416,70481
2025-01-20T13:00,191.85,8938,1461,555,68928
2025-01-20T14:00,277.17,4036,1794,881,68282
2025-01-20T15:00,402.12,591,2322,1242,68536
2025-01-20T16:00,583.40,39,2763,1800,70642
2025-01-20T17:00,473.28,26,2890,1624,70406
2025-01-20T18:00,295.57,23,3229,1802,69367
2025-01-20T19:00,220.00,11,3655,2638,66116
2025-01-20T20:00,170.00,7,3770,3143,62747
2025-01-20T21:00,152.51,7,3658,3811,59856
2025-01-20T22:00,137.98,6,3512,4354,56860
2025-01-20T23:00,127.52,6,3488,3798,53558
2025-01-21T00:00,121.65,5,3262,4259,52381
2025-01-21T01:00,116.67,6,2904,4485,51882
2025-01-21T02:00,113.86,6,2777,4564,52211
2025-01-21T03:00,113.54,6,2649,4615,53167
2025-01-21T04:00,122.34,5,2486,4922,56710
2025-01-21T05:00,142.20,5,2642,4885,63082
2025-01-21T06:00,190.06,10,2690,5433,69067
2025-01-21T07:00,248.32,726,2618,5456,71656
2025-01-21T08:00,211.68,4259,2574,5414,71390
2025-01-21T09:00,198.05,9096,2495,5157,71641
2025-01-21T10:00,161.50,13046,2290,5072,71081
2025-01-21T11:00,147.44,14764,2096,4646,70113
2025-01-21T12:00,142.83,13816,2018,4469,69167
2025-01-21T13:00,150.05,10372,1994,4058,67431
2025-01-21T14:00,173.43,5139,1858,3432,67247
2025-01-21T15:00,212.13,862,1989,3230,67880
2025-01-21T16:00,301.15,40,2323,3638,70264
2025-01-21T17:00,251.93,20,2642,3480,70638
2025-01-21T18:00,202.68,17,2952,3623,69138
2025-01-21T19:00,174.84,10,3411,3952,65321
2025-01-21T20:00,155.19,6,3895,3732,61923
2025-01-21T21:00,138.60,6,4080,3037,58922
2025-01-21T22:00,125.29,6,4323,2377,55789
2025-01-21T23:00,128.00,6,4775,1676,52824
2025-01-22T00:00,125.06,6,5058,1130,50956
2025-01-22T01:00,122.22,6,5303,873,50276
2025-01-22T02:00,121.66,6,5680,758,50528
2025-01-22T03:00,123.16,6,6286,655,51299
2025-01-22T04:00,128.32,6,6997,606,54506
2025-01-22T05:00,156.92,10,7945,792,61508
2025-01-22T06:00,208.25,20,8654,870,66901
2025-01-22T07:00,238.60,897,9685,1138,69386
2025-01-22T08:00,199.41,4776,10754,1414,69586
2025-01-22T09:00,179.06,9646,10748,1367,69225
2025-01-22T10:00,172.94,13201,10238,1493,69535
2025-01-22T11:00,165.00,13655,9836,1606,69538
2025-01-22T12:00,170.00,11582,9714,1768,67886
2025-01-22T13:00,179.92,7637,10661,1844,66804
2025-01-22T14:00,195.67,3542,12941,1530,66384
2025-01-22T15:00,199.04,521,15827,1438,67409
2025-01-22T16:00,208.99,22,18445,1492,70518
2025-01-22T17:00,180.43,15,19932,1830,71098
2025-01-22T18:00,167.08,11,20098,1904,69012
2025-01-22T19:00,134.49,10,20020,1897,65808
2025-01-22T20:00,127.78,8,20016,2030,62469
2025-01-22T21:00,128.09,7,19220,2055,59505
2025-01-22T22:00,114.68,8,19028,2108,55956
2025-01-22T23:00,113.70,8,18980,2004,52061
2025-01-23T00:00,108.88,7,19334,1992,49712
2025-01-23T01:00,105.58,7,20372,2090,49150
2025-01-23T02:00,100.01,7,20589,2358,48911
2025-01-23T03:00,97.59,6,20492,2818,50120
2025-01-23T04:00,100.01,6,21962,3510,53400
2025-01-23T05:00,106.41,6,23723,4361,60814
2025-01-23T06:00,136.60,8,25268,5643,66628
2025-01-23T07:00,159.03,314,26677,6198,69238
2025-01-23T08:00,155.42,1508,27997,6097,70372
2025-01-23T09:00,130.94,3009,28785,6225,71204
2025-01-23T10:00,116.10,4922,29242,5640,71892
2025-01-23T11:00,94.93,6337,30952,5274,72298
2025-01-23T12:00,88.56,6949,31765,4524,71384
2025-01-23T13:00,85.86,6210,31072,3971,70580
2025-01-23T14:00,89.80,3458,29313,4244,69416
2025-01-23T15:00,89.87,679,28511,4589,69780
2025-01-23T16:00,106.75,14,28487,4926,71926
2025-01-23T17:00,112.00,15,28599,4950,71398
2025-01-23T18:00,101.87,10,29141,4957,69673
2025-01-23T19:00,86.36,11,30155,4737,66519
2025-01-23T20:00,74.28,10,31058,4131,63139
2025-01-23T21:00,75.68,9,29642,4390,60280
2025-01-23T22:00,58.23,8,29902,3840,56258
2025-01-23T23:00,69.03,9,29820,3474,53394
2025-01-24T00:00,58.16,9,29464,4440,51363
2025-01-24T01:00,45.05,10,29350,5111,50714
2025-01-24T02:00,40.60,9,28547,5266,50736
2025-01-24T03:00,50.17,9,27667,5375,51808
2025-01-24T04:00,73.20,9,27146,5520,54461
2025-01-24T05:00,85.44,10,28162,6310,61518
2025-01-24T06:00,109.16,12,28716,6424,67174
2025-01-24T07:00,116.23,916,29806,6740,69555
2025-01-24T08:00,96.34,4589,31032,6025,69630
2025-01-24T09:00,88.90,9178,31522,5834,70043
2025-01-24T10:00,78.44,12005,32717,4834,69489
2025-01-24T11:00,76.48,12510,33352,4711,69244
2025-01-24T12:00,74.69,11249,34049,4536,67487
2025-01-24T13:00,74.51,7634,37053,4797,66135
2025-01-24T14:00,74.51,3593,38815,4421,65666
2025-01-24T15:00,75.25,671,39924,4469,66088
2025-01-24T16:00,83.02,18,40279,4382,68304
2025-01-24T17:00,88.59,15,39509,4454,67765
2025-01-24T18:00,91.78,13,37845,4888,66307
2025-01-24T19:00,84.99,11,35562,4921,62992
2025-01-24T20:00,80.79,10,32660,5111,59310
2025-01-24T21:00,91.97,9,29438,5983,55611
2025-01-24T22:00,86.29,8,27043,6690,52136
2025-01-24T23:00,59.04,8,25480,6347,51257
2025-01-25T00:00,64.96,12,23644,6650,48478
2025-01-25T01:00,63.55,12,22314,6384,47124
2025-01-25T02:00,67.17,10,21551,5700,46488
2025-01-25T03:00,76.77,7,21615,5553,47091
2025-01-25T04:00,76.89,6,22739,5147,47444
2025-01-25T05:00,79.32,7,24542,4943,48253
2025-01-25T06:00,76.89,15,26051,4750,50563
2025-01-25T07:00,88.99,632,27102,5311,54288
2025-01-25T08:00,87.31,2561,27292,5220,57621
2025-01-25T09:00,86.32,6055,27088,5550,59270
2025-01-25T10:00,88.15,9294,26912,5532,60463
2025-01-25T11:00,82.55,11045,26439,5231,60174
2025-01-25T12:00,81.98,10695,24875,4586,58281
2025-01-25T13:00,89.00,8633,22433,4573,57610
2025-01-25T14:00,111.07,4104,18396,4092,56356
2025-01-25T15:00,132.97,783,14704,3881,56834
2025-01-25T16:00,145.85,19,12457,3686,60199
2025-01-25T17:00,151.00,15,10225,2994,60700
2025-01-25T18:00,147.53,18,7663,3102,58082
2025-01-25T19:00,137.60,17,6627,2740,55204
2025-01-25T20:00,134.61,10,6722,2664,52839
2025-01-25T21:00,132.26,9,6554,1986,50764
2025-01-25T22:00,122.03,8,7040,1089,47049
2025-01-25T23:00,126.21,9,7576,481,43528
2025-01-26T00:00,115.79,8,8934,281,41716
2025-01-26T01:00,111.30,6,10481,194,41105
2025-01-26T02:00,106.85,6,11292,28,40636
2025-01-26T03:00,105.43,6,12131,4,40828
2025-01-26T04:00,107.86,6,13260,96,41047
2025-01-26T05:00,110.60,6,15014,342,41587
2025-01-26T06:00,117.62,10,16198,625,43513
2025-01-26T07:00,124.17,445,15654,763,47685
2025-01-26T08:00,121.97,2428,14423,1022,51377
2025-01-26T09:00,105.51,5964,13612,1791,53717
2025-01-26T10:00,102.57,9175,13628,2280,55449
2025-01-26T11:00,96.73,10395,13170,3056,55734
2025-01-26T12:00,90.02,10414,13038,3391,54562
2025-01-26T13:00,92.52,8894,12376,3013,53316
2025-01-26T14:00,111.63,5072,11506,2612,52980
2025-01-26T15:00,125.92,1081,11487,2409,54102
2025-01-26T16:00,132.77,31,12413,2826,57194
2025-01-26T17:00,118.94,16,14936,4324,58724
2025-01-26T18:00,90.32,10,17777,5505,57231
2025-01-26T19:00,78.93,10,20890,5442,54389
2025-01-26T20:00,68.26,9,23604,5408,52618
2025-01-26T21:00,49.25,8,24752,5224,51820
2025-01-26T22:00,23.89,8,26624,4930,49006
2025-01-26T23:00,40.14,9,27841,5472,47235
2025-01-27T00:00,35.26,9,28839,5372,46090
2025-01-27T01:00,26.38,8,30560,4797,45738
2025-01-27T02:00,14.07,8,31932,4830,46606
2025-01-27T03:00,10.10,7,33949,4954,48806
2025-01-27T04:00,21.52,7,36830,4752,53214
2025-01-27T05:00,34.10,9,40598,5867,61548
2025-01-27T06:00,56.99,15,41756,5022,68258
2025-01-27T07:00,71.76,495,41500,4562,70414
2025-01-27T08:00,62.96,2431,40399,3228,70295
2025-01-27T09:00,45.57,5527,38924,3889,70927
2025-01-27T10:00,40.11,8145,37211,4270,71230
2025-01-27T11:00,35.66,9350,35504,3753,69193
2025-01-27T12:00,38.37,9430,33220,4612,68869
2025-01-27T13:00,53.95,6806,30821,4692,67505
2025-01-27T14:00,86.79,3057,28902,6581,67571
2025-01-27T15:00,102.46,600,26775,7044,66831
2025-01-27T16:00,118.56,20,27158,6926,69210
2025-01-27T17:00,118.67,13,27973,6627,69422
2025-01-27T18:00,100.05,9,29062,6849,67773
2025-01-27T19:00,94.07,9,29506,6747,64376
2025-01-27T20:00,85.08,9,29417,6529,60482
2025-01-27T21:00,82.26,8,28800,6602,58195
2025-01-27T22:00,69.28,8,28412,5673,54524
2025-01-27T23:00,76.92,7,26832,5547,51668
2025-01-28T00:00,71.53,7,26060,5583,50064
2025-01-28T01:00,57.33,7,24372,5718,50066
2025-01-28T02:00,69.28,7,22853,5804,49900
2025-01-28T03:00,76.92,7,22297,5660,50887
2025-01-28T04:00,77.59,8,22752,5545,53999
2025-01-28T05:00,98.22,9,24187,6337,61447
2025-01-28T06:00,125.45,14,23252,6422,68356
2025-01-28T07:00,147.50,630,21706,6042,69824
2025-01-28T08:00,135.30,2865,18633,5745,69916
2025-01-28T09:00,120.53,5953,16558,5362,68722
2025-01-28T10:00,116.34,8206,15147,4818,67858
2025-01-28T11:00,114.75,8624,14110,4409,67678
2025-01-28T12:00,117.39,7724,13370,4001,67245
2025-01-28T13:00,121.33,6032,13084,4170,66196
2025-01-28T14:00,139.91,3444,13627,4443,65605
2025-01-28T15:00,147.00,920,14585,4488,65614
2025-01-28T16:00,149.60,44,16287,4659,68307
2025-01-28T17:00,134.94,26,18890,5030,68645
2025-01-28T18:00,128.90,14,21367,5355,67453
2025-01-28T19:00,94.76,10,22878,5554,63921
2025-01-28T20:00,87.26,8,23948,5691,59918
2025-01-28T21:00,79.80,8,23654,5583,56994
2025-01-28T22:00,64.43,7,24264,4866,53486
2025-01-28T23:00,87.72,7,24591,4990,50349
2025-01-29T00:00,83.39,7,24724,4472,49121
2025-01-29T01:00,78.16,7,24903,3848,48492
2025-01-29T02:00,75.64,6,25595,3516,48948
2025-01-29T03:00,79.01,6,26581,2938,50257
2025-01-29T04:00,86.98,6,27420,2238,53321
2025-01-29T05:00,93.14,7,29279,1519,59798
2025-01-29T06:00,141.42,18,29749,1084,65663
2025-01-29T07:00,142.54,752,29832,1177,68231
2025-01-29T08:00,130.45,3580,29690,2592,68988
2025-01-29T09:00,105.05,7420,30085,4103,68996
2025-01-29T10:00,89.25,10541,31115,4594,69354
2025-01-29T11:00,85.00,12412,32568,5050,69012
2025-01-29T12:00,85.53,12671,33624,5071,68661
2025-01-29T13:00,87.67,10802,33088,5302,67504
2025-01-29T14:00,102.75,6345,31477,5262,67330
2025-01-29T15:00,132.66,1483,28125,4615,67221
2025-01-29T16:00,149.57,30,24841,5154,69406
2025-01-29T17:00,150.09,15,23566,5549,70142
2025-01-29T18:00,146.30,11,23216,5294,68956
2025-01-29T19:00,131.95,9,23117,5482,65732
2025-01-29T20:00,119.65,10,22088,5644,62026
2025-01-29T21:00,111.99,9,20165,5360,58877
2025-01-29T22:00,99.33,10,19414,5216,55219
2025-01-29T23:00,92.41,9,18940,5634,52383
2025-01-30T00:00,92.43,9,18267,5435,51158
2025-01-30T01:00,93.33,8,17716,4958,50308
2025-01-30T02:00,92.95,9,16895,4624,50897
2025-01-30T03:00,92.43,9,15570,4320,51720
2025-01-30T04:00,108.65,9,14196,3813,54313
2025-01-30T05:00,139.83,10,13044,3823,61417
2025-01-30T06:00,152.64,28,12026,4275,67306
2025-01-30T07:00,160.30,1386,10914,3834,69245
2025-01-30T08:00,151.51,4956,9089,4161,69628
2025-01-30T09:00,135.09,8888,7244,4063,69544
2025-01-30T10:00,123.25,12774,5766,3834,69874
2025-01-30T11:00,115.89,13689,5004,3858,69156
2025-01-30T12:00,113.30,12261,4569,3856,67389
2025-01-30T13:00,129.41,9119,4516,4384,66133
2025-01-30T14:00,153.22,5063,5368,4130,64990
2025-01-30T15:00,160.87,1308,6204,3579,65148
2025-01-30T16:00,180.36,39,7349,3343,67588
2025-01-30T17:00,176.58,16,8729,3890,68256
2025-01-30T18:00,161.28,12,11187,4036,66819
2025-01-30T19:00,150.20,9,12833,4561,63554
2025-01-30T20:00,134.17,8,14048,4148,59786
2025-01-30T21:00,126.46,8,14728,4835,56793
2025-01-30T22:00,120.20,8,14490,4721,53150
2025-01-30T23:00,120.00,7,14146,4964,50642
2025-01-31T00:00,117.08,7,14803,4968,49482
2025-01-31T01:00,113.89,7,15637,5241,49418
2025-01-31T02:00,113.12,7,15824,5400,49790
2025-01-31T03:00,115.98,6,16252,5079,51106
2025-01-31T04:00,120.74,6,16744,4611,54184
2025-01-31T05:00,131.87,9,18056,4398,61054
2025-01-31T06:00,157.97,22,17811,4222,66515
2025-01-31T07:00,163.70,1410,17192,3615,68751
2025-01-31T08:00,154.82,6154,16289,2996,69282
2025-01-31T09:00,130.10,11757,14768,2582,69303
2025-01-31T10:00,126.20,15888,13940,1929,68582
2025-01-31T11:00,120.06,16992,13804,1889,66998
2025-01-31T12:00,121.19,15542,13715,1280,65316
2025-01-31T13:00,119.76,11988,12179,930,63490
2025-01-31T14:00,149.87,7066,10243,828,62904
2025-01-31T15:00,168.26,1961,8814,895,63284
2025-01-31T16:00,185.26,62,8471,740,66033
2025-01-31T17:00,184.48,28,8186,742,66792
2025-01-31T18:00,178.99,33,8289,783,64956
2025-01-31T19:00,162.66,22,8161,852,61970
2025-01-31T20:00,152.70,17,7731,884,58950
2025-01-31T21:00,144.31,22,7048,963,56042
2025-01-31T22:00,131.41,14,6703,893,53001
2025-01-31T23:00,136.93,8,6778,907,50418
2025-02-01T00:00,129.42,9,6549,898,48626
2025-02-01T01:00,124.24,8,6097,816,47543
2025-02-01T02:00,119.12,7,5714,748,46587
2025-02-01T03:00,118.86,7,5602,664,46640
2025-02-01T04:00,120.54,8,5354,461,46790
2025-02-01T05:00,127.10,21,5029,393,47675
2025-02-01T06:00,144.74,51,4913,335,50269
2025-02-01T07:00,153.46,2157,4784,311,53301
2025-02-01T08:00,142.44,8842,4462,259,55971
2025-02-01T09:00,128.40,16326,3198,248,57512
2025-02-01T10:00,120.08,21469,2404,252,58308
2025-02-01T11:00,110.29,23258,2307,184,57068
2025-02-01T12:00,103.40,21815,2188,70,55221
2025-02-01T13:00,113.70,17336,1958,62,53662
2025-02-01T14:00,129.49,9930,1978,66,52217
2025-02-01T15:00,154.43,2662,2163,84,53184
2025-02-01T16:00,168.27,72,2988,60,56541
2025-02-01T17:00,167.51,22,3868,58,58013
2025-02-01T18:00,162.98,14,4282,97,56741
2025-02-01T19:00,156.60,15,4585,158,54046
2025-02-01T20:00,145.24,9,4584,212,52656
2025-02-01T21:00,141.73,8,4496,263,50860
2025-02-01T22:00,131.74,7,4563,322,48656
2025-02-01T23:00,133.26,8,4527,349,46481
2025-02-02T00:00,126.91,9,4014,357,44999
2025-02-02T01:00,122.99,7,3796,367,44298
2025-02-02T02:00,120.66,7,3546,409,44512
2025-02-02T03:00,122.34,7,3244,402,44263
2025-02-02T04:00,123.41,7,2766,381,44211
2025-02-02T05:00,128.09,7,2492,461,44382
2025-02-02T06:00,135.90,35,2444,599,45850
2025-02-02T07:00,137.30,2190,2452,725,49056
2025-02-02T08:00,137.70,8903,2202,861,52115
2025-02-02T09:00,130.04,16335,1646,863,54942
2025-02-02T10:00,129.33,21585,1087,971,56486
2025-02-02T11:00,122.24,23280,774,1098,55294
2025-02-02T12:00,111.88,22091,576,978,52999
2025-02-02T13:00,116.42,18044,433,696,51133
2025-02-02T14:00,127.97,10776,396,434,50549
2025-02-02T15:00,151.21,2951,529,445,51650
2025-02-02T16:00,164.03,85,963,654,55884
2025-02-02T17:00,172.49,12,1450,939,58428
2025-02-02T18:00,173.95,10,1628,1186,57046
2025-02-02T19:00,165.50,9,1655,1048,54832
2025-02-02T20:00,155.77,10,1593,1065,53313
2025-02-02T21:00,148.44,9,1445,878,52644
2025-02-02T22:00,133.24,7,1209,961,50477
2025-02-02T23:00,129.54,8,1145,1355,49114
2025-02-03T00:00,126.63,7,1202,1382,47651
2025-02-03T01:00,124.72,8,1478,1090,47204
2025-02-03T02:00,120.04,7,1809,782,47660
2025-02-03T03:00,123.24,7,1920,802,49168
2025-02-03T04:00,127.77,8,1739,716,52445
2025-02-03T05:00,159.18,13,1554,604,59756
2025-02-03T06:00,207.88,57,1124,577,66155
2025-02-03T07:00,243.23,2017,1066,677,68946
2025-02-03T08:00,178.04,7548,1362,708,69567
2025-02-03T09:00,149.95,13929,1590,792,69699
2025-02-03T10:00,126.05,18268,1244,1149,69644
2025-02-03T11:00,117.27,19906,1057,1496,68790
2025-02-03T12:00,115.29,19109,1129,1603,67920
2025-02-03T13:00,124.18,15814,1054,1462,66585
2025-02-03T14:00,145.86,9379,860,1535,65237
2025-02-03T15:00,170.71,2635,959,1736,65156
2025-02-03T16:00,216.00,106,1666,1958,68155
2025-02-03T17:00,200.73,25,2625,2074,69224
2025-02-03T18:00,201.10,31,3738,2500,67978
2025-02-03T19:00,167.74,13,4575,2589,64680
2025-02-03T20:00,153.00,7,5163,2745,61882
2025-02-03T21:00,144.23,7,5254,2990,59211
2025-02-03T22:00,135.81,6,5106,3272,55833
2025-02-03T23:00,132.40,6,4939,3342,53494
2025-02-04T00:00,125.54,7,4921,3346,51489
2025-02-04T01:00,123.18,7,5023,3518,51253
2025-02-04T02:00,123.99,6,4876,3528,51320
2025-02-04T03:00,123.25,6,4885,3604,52443
2025-02-04T04:00,127.63,7,5026,3544,55010
2025-02-04T05:00,155.42,8,5628,3974,62611
2025-02-04T06:00,192.24,49,6246,4398,68407
2025-02-04T07:00,211.99,1850,6788,4406,71134
2025-02-04T08:00,163.31,5958,6658,4608,71816
2025-02-04T09:00,136.53,11030,5657,4999,72606
2025-02-04T10:00,126.57,14984,4711,5402,72484
2025-02-04T11:00,116.89,17051,4520,5499,71146
2025-02-04T12:00,113.17,17070,4667,5408,69200
2025-02-04T13:00,120.09,14542,4758,5478,67999
2025-02-04T14:00,127.47,9234,5019,5516,66823
2025-02-04T15:00,164.81,2755,5506,5814,67038
2025-02-04T16:00,168.99,91,7135,5917,69882
2025-02-04T17:00,175.00,31,9011,6178,71568
2025-02-04T18:00,162.04,28,10320,6064,70396
2025-02-04T19:00,145.01,14,11264,5699,67183
2025-02-04T20:00,132.43,8,12506,5432,63498
2025-02-04T21:00,129.42,7,12940,5072,60605
2025-02-04T22:00,120.62,7,14001,4830,57537
2025-02-04T23:00,113.34,6,14312,5566,54845
2025-02-05T00:00,109.67,6,14400,5737,53553
2025-02-05T01:00,109.40,6,15120,5708,53013
2025-02-05T02:00,108.18,7,15420,6007,53204
2025-02-05T03:00,115.17,6,15202,5844,54391
2025-02-05T04:00,122.42,6,14710,5318,57886
2025-02-05T05:00,139.81,7,14793,5056,65163
2025-02-05T06:00,165.32,34,13806,4902,70308
2025-02-05T07:00,180.81,1583,12298,4115,72118
2025-02-05T08:00,159.33,4956,10743,3583,72714
2025-02-05T09:00,132.19,8201,8816,3284,72977
2025-02-05T10:00,119.96,10997,7436,3505,72759
2025-02-05T11:00,115.46,12817,7110,3573,72280
2025-02-05T12:00,118.80,12842,7130,3483,71294
2025-02-05T13:00,128.85,10818,6676,3234,70036
2025-02-05T14:00,144.12,6651,6235,2949,68754
2025-02-05T15:00,160.58,2044,6003,2424,68472
2025-02-05T16:00,177.19,84,6189,1846,70261
2025-02-05T17:00,189.90,20,6094,1491,70964
2025-02-05T18:00,189.63,26,5888,1352,68938
2025-02-05T19:00,170.00,15,5503,1404,65383
2025-02-05T20:00,155.42,6,5152,1367,61725
2025-02-05T21:00,143.70,6,4939,1431,58874
2025-02-05T22:00,133.21,6,4664,1372,55887
2025-02-05T23:00,133.67,6,4132,1267,52980
2025-02-06T00:00,129.57,6,3796,1128,51228
2025-02-06T01:00,125.87,5,3180,928,49969
2025-02-06T02:00,125.00,5,2596,1062,50135
2025-02-06T03:00,125.01,4,2347,1094,50902
2025-02-06T04:00,135.28,5,2376,1332,54095
2025-02-06T05:00,156.12,5,2646,1302,60941
2025-02-06T06:00,180.09,24,2921,1360,66424
2025-02-06T07:00,219.42,674,3237,1322,68853
2025-02-06T08:00,178.99,2579,3350,1191,69518
2025-02-06T09:00,160.14,5019,3004,1062,70107
2025-02-06T10:00,152.56,6806,2815,1038,70145
2025-02-06T11:00,147.89,7570,3205,1178,69927
2025-02-06T12:00,145.48,7230,3939,1300,69502
2025-02-06T13:00,137.79,5838,5066,1620,68213
2025-02-06T14:00,150.80,3564,5845,1716,67593
2025-02-06T15:00,164.89,1120,7137,1959,67121
2025-02-06T16:00,171.59,53,9632,3063,69968
2025-02-06T17:00,170.48,21,11943,3994,70971
2025-02-06T18:00,162.95,22,13522,4447,69758
2025-02-06T19:00,141.33,13,14545,4638,66127
2025-02-06T20:00,131.26,8,15968,4375,62977
2025-02-06T21:00,134.00,8,17432,3992,59513
2025-02-06T22:00,121.95,7,19399,4008,55833
2025-02-06T23:00,126.05,7,21001,4305,52654
2025-02-07T00:00,112.70,7,22273,5493,51349
2025-02-07T01:00,108.82,8,23102,6157,51232
2025-02-07T02:00,105.00,8,24865,6427,52188
2025-02-07T03:00,104.81,8,26475,6690,53823
2025-02-07T04:00,105.07,7,27849,6660,56224
2025-02-07T05:00,112.39,8,30114,6519,62831
2025-02-07T06:00,141.66,44,30737,6109,68096
2025-02-07T07:00,164.21,1277,30650,6538,70749
2025-02-07T08:00,150.36,4494,30420,6610,71696
2025-02-07T09:00,133.88,8481,30447,5847,72083
2025-02-07T10:00,115.14,11795,30216,6028,72367
2025-02-07T11:00,111.49,13694,29122,6176,72181
2025-02-07T12:00,106.77,13421,27864,6008,70186
2025-02-07T13:00,109.59,10590,27021,6164,67686
2025-02-07T14:00,111.68,6474,26539,6268,66495
2025-02-07T15:00,126.61,2215,25860,6560,67063
2025-02-07T16:00,142.85,95,27063,6639,69346
2025-02-07T17:00,149.05,18,28352,6793,70392
2025-02-07T18:00,144.32,16,27976,6481,68138
2025-02-07T19:00,126.93,12,27367,6680,64917
2025-02-07T20:00,100.00,7,26287,6427,61749
2025-02-07T21:00,98.72,6,24651,6683,59145
2025-02-07T22:00,100.14,6,23585,6245,55712
2025-02-07T23:00,81.34,6,23124,6042,52828
2025-02-08T00:00,84.85,6,22454,6368,51587
2025-02-08T01:00,85.80,6,22008,6270,50128
2025-02-08T02:00,87.08,7,21898,6401,49874
2025-02-08T03:00,89.69,7,21437,6467,49856
2025-02-08T04:00,90.99,6,21144,6760,50354
2025-02-08T05:00,90.80,7,21046,6904,51583
2025-02-08T06:00,95.31,122,20323,6973,53477
2025-02-08T07:00,111.11,3851,19357,6788,56764
2025-02-08T08:00,92.68,12212,16869,6360,58889
2025-02-08T09:00,79.42,20705,14952,5592,60508
2025-02-08T10:00,68.75,26554,12966,4771,60245
2025-02-08T11:00,67.71,28123,10966,4209,58977
2025-02-08T12:00,79.85,25734,9870,5046,56812
2025-02-08T13:00,89.85,20264,9333,6165,55313
2025-02-08T14:00,118.00,12486,9718,5936,54818
2025-02-08T15:00,140.87,3949,10889,5364,55642
2025-02-08T16:00,150.00,142,13845,4971,58730
2025-02-08T17:00,160.49,17,17131,4299,61277
2025-02-08T18:00,161.10,21,17490,3480,59341
2025-02-08T19:00,156.42,17,15666,2730,56653
2025-02-08T20:00,149.00,12,13511,2546,54208
2025-02-08T21:00,144.00,12,11793,1960,52470
2025-02-08T22:00,136.31,8,10310,1592,49318
2025-02-08T23:00,135.00,6,8908,1432,47156
2025-02-09T00:00,134.51,8,7983,1368,45294
2025-02-09T01:00,130.18,6,7450,1912,44208
2025-02-09T02:00,119.30,5,7368,2283,43835
2025-02-09T03:00,116.79,5,7514,2373,43756
2025-02-09T04:00,117.00,5,7834,2377,44127
2025-02-09T05:00,117.00,10,8495,2294,44355
2025-02-09T06:00,133.43,136,8580,2074,46011
2025-02-09T07:00,136.77,3531,8142,3288,50186
2025-02-09T08:00,123.97,10929,6486,3432,53080
2025-02-09T09:00,114.79,17767,4951,3696,55132
2025-02-09T10:00,105.65,21568,4577,3807,56362
2025-02-09T11:00,98.71,22256,4898,3762,56019
2025-02-09T12:00,95.53,20048,5322,4287,54725
2025-02-09T13:00,109.90,14807,6060,4732,53179
2025-02-09T14:00,120.40,8241,7340,5250,52515
2025-02-09T15:00,141.96,2675,8789,6628,54798
2025-02-09T16:00,148.58,138,10880,6850,58410
2025-02-09T17:00,161.93,12,12752,7788,61425
2025-02-09T18:00,156.13,12,13693,7778,60113
2025-02-09T19:00,150.65,12,13036,7162,57485
2025-02-09T20:00,142.92,9,12472,6696,55423
2025-02-09T21:00,143.00,10,11688,6874,54878
2025-02-09T22:00,127.97,10,11706,7058,52540
2025-02-09T23:00,118.58,7,11822,7187,49838
2025-02-10T00:00,111.82,7,11882,7232,48601
2025-02-10T01:00,109.22,8,12470,7166,48352
2025-02-10T02:00,106.29,8,13011,7164,48729
2025-02-10T03:00,105.85,8,13215,7198,50300
2025-02-10T04:00,112.00,8,13969,6998,53849
2025-02-10T05:00,145.38,16,15518,6934,62263
2025-02-10T06:00,162.02,108,15830,6705,67721
2025-02-10T07:00,181.36,1863,15992,7012,70354
2025-02-10T08:00,163.18,5443,16296,6397,71037
2025-02-10T09:00,135.90,9680,16365,6277,71588
2025-02-10T10:00,115.28,13374,16354,5785,71863
2025-02-10T11:00,109.36,15484,16628,5263,71531
2025-02-10T12:00,109.74,15516,17431,4830,71449
2025-02-10T13:00,123.07,12938,18957,4770,70237
2025-02-10T14:00,128.54,7988,20029,5154,69291
2025-02-10T15:00,133.58,2504,22288,5508,69169
2025-02-10T16:00,133.82,104,26018,5126,72121
2025-02-10T17:00,142.11,14,28887,5458,73880
2025-02-10T18:00,114.85,13,30783,4665,72829
2025-02-10T19:00,94.37,9,31524,4119,68780
2025-02-10T20:00,91.48,10,31837,4363,64822
2025-02-10T21:00,88.87,8,30348,4518,61901
2025-02-10T22:00,87.38,8,30591,4191,59160
2025-02-10T23:00,77.45,8,30203,4262,55502
2025-02-11T00:00,71.10,32,29568,3882,54448
2025-02-11T01:00,71.62,58,29106,3845,53802
2025-02-11T02:00,74.89,68,28419,3538,53653
2025-02-11T03:00,77.45,58,27741,3716,54355
2025-02-11T04:00,87.44,32,26642,4010,57737
2025-02-11T05:00,100.46,16,26975,3091,64694
2025-02-11T06:00,134.93,159,26149,3796,71025
2025-02-11T07:00,155.53,2331,23370,3309,72724
2025-02-11T08:00,141.42,5970,21061,1826,71818
2025-02-11T09:00,96.65,9532,19271,1827,72796
2025-02-11T10:00,92.78,12198,17566,2230,73053
2025-02-11T11:00,97.68,12970,16953,2647,72148
2025-02-11T12:00,111.11,11954,16381,3196,70994
2025-02-11T13:00,123.46,8986,15900,4511,70808
2025-02-11T14:00,143.69,5032,16802,5776,70400
2025-02-11T15:00,144.47,1563,18248,6206,70230
2025-02-11T16:00,159.97,82,20776,6198,72741
2025-02-11T17:00,168.19,20,21710,5772,73808
2025-02-11T18:00,167.45,18,21214,5919,72129
2025-02-11T19:00,162.63,16,20135,5918,68510
2025-02-11T20:00,148.75,8,18496,6003,64788
2025-02-11T21:00,142.95,9,16428,6122,60951
2025-02-11T22:00,128.24,7,16130,6034,57126
2025-02-11T23:00,129.13,7,15854,6778,55131
2025-02-12T00:00,127.77,10,15676,7022,53264
2025-02-12T01:00,126.82,11,15487,7079,52993
2025-02-12T02:00,126.59,12,15415,7167,52788
2025-02-12T03:00,128.74,12,15164,6934,53442
2025-02-12T04:00,131.24,13,14968,6519,56719
2025-02-12T05:00,151.13,16,15589,6253,64796
2025-02-12T06:00,163.64,110,15120,6411,69871
2025-02-12T07:00,180.00,1780,14299,6332,72239
2025-02-12T08:00,174.92,4830,13038,6311,72658
2025-02-12T09:00,162.05,8472,11606,6464,73311
2025-02-12T10:00,144.01,11498,10644,6446,73154
2025-02-12T11:00,137.28,12172,9856,6444,72256
2025-02-12T12:00,142.03,10281,9114,6504,71850
2025-02-12T13:00,149.40,7305,8890,6240,70232
2025-02-12T14:00,159.67,4174,9062,6192,69745
2025-02-12T15:00,173.21,1379,8917,5791,69430
2025-02-12T16:00,184.59,94,8877,5540,71091
2025-02-12T17:00,197.13,33,8492,5244,71868
2025-02-12T18:00,192.57,38,7889,4957,69961
2025-02-12T19:00,173.90,27,7144,4770,66904
2025-02-12T20:00,155.78,18,6334,4120,62356
2025-02-12T21:00,150.38,12,5482,3357,58891
2025-02-12T22:00,141.81,11,4831,2952,55502
2025-02-12T23:00,140.33,10,4203,2750,52870
2025-02-13T00:00,137.75,8,3576,2739,51286
2025-02-13T01:00,140.79,7,3087,2876,50901
2025-02-13T02:00,136.59,6,2901,2855,51133
2025-02-13T03:00,140.00,6,3155,2974,52263
2025-02-13T04:00,142.00,6,3449,3239,55727
2025-02-13T05:00,159.99,11,3489,3422,62980
2025-02-13T06:00,190.33,57,3504,3198,68611
2025-02-13T07:00,222.36,680,3657,3288,71533
2025-02-13T08:00,220.05,1927,3522,3775,72428
2025-02-13T09:00,203.89,3315,3326,4075,73134
2025-02-13T10:00,184.68,4680,3399,4112,73547
2025-02-13T11:00,174.52,5086,3593,3890,73017
2025-02-13T12:00,170.10,4860,3865,3720,72444
2025-02-13T13:00,166.70,3999,4499,3472,71762
2025-02-13T14:00,170.10,2583,5622,3384,71414
2025-02-13T15:00,182.00,1051,7006,3511,70755
2025-02-13T16:00,213.05,118,8252,3588,72211
2025-02-13T17:00,207.17,9,9507,3191,73408
2025-02-13T18:00,196.52,8,10275,3066,71743
2025-02-13T19:00,177.03,8,9970,2778,67971
2025-02-13T20:00,162.92,5,9733,2638,64359
2025-02-13T21:00,153.12,5,9321,2124,61233
2025-02-13T22:00,138.97,5,9048,1573,57789
2025-02-13T23:00,139.21,5,8611,1772,56105
2025-02-14T00:00,132.80,5,7858,2099,54612
2025-02-14T01:00,128.50,5,7319,2016,53407
2025-02-14T02:00,127.65,5,6864,1848,53235
2025-02-14T03:00,129.58,5,6430,1710,54372
2025-02-14T04:00,139.59,5,6211,1586,57269
2025-02-14T05:00,162.89,5,6016,1468,63112
2025-02-14T06:00,227.08,39,5443,1263,67903
2025-02-14T07:00,265.64,581,4705,1240,70804
2025-02-14T08:00,215.11,2048,3805,1197,71497
2025-02-14T09:00,181.03,3864,2847,934,71878
2025-02-14T10:00,163.01,5064,2116,813,71827
2025-02-14T11:00,149.86,5120,1726,592,70984
2025-02-14T12:00,148.61,4486,1506,392,69903
2025-02-14T13:00,155.80,3448,1253,242,68221
2025-02-14T14:00,175.06,2032,1143,106,67362
2025-02-14T15:00,200.00,729,1139,45,67036
2025-02-14T16:00,298.91,122,1115,56,68030
2025-02-14T17:00,293.06,29,1047,64,68369
2025-02-14T18:00,225.70,19,940,81,66139
2025-02-14T19:00,183.55,22,917,162,62547
2025-02-14T20:00,163.79,11,848,246,59324
2025-02-14T21:00,153.00,6,677,286,56764
2025-02-14T22:00,140.03,6,720,312,53879
2025-02-14T23:00,135.29,6,692,344,51092
2025-02-15T00:00,130.34,5,748,528,48827
2025-02-15T01:00,120.00,6,830,729,47504
2025-02-15T02:00,118.24,5,1011,734,47363
2025-02-15T03:00,118.45,6,1044,675,47559
2025-02-15T04:00,120.37,5,1022,804,47794
2025-02-15T05:00,133.74,6,1022,1050,49113
2025-02-15T06:00,148.58,74,1099,1152,51565
2025-02-15T07:00,150.67,1252,1163,846,54772
2025-02-15T08:00,137.01,3856,1190,702,57972
2025-02-15T09:00,124.59,7067,1166,771,59938
2025-02-15T10:00,118.36,9896,1091,908,60777
2025-02-15T11:00,112.39,11189,1022,698,60240
2025-02-15T12:00,110.01,10560,961,506,58683
2025-02-15T13:00,116.15,8502,811,422,57311
2025-02-15T14:00,128.83,5508,751,398,56324
2025-02-15T15:00,145.89,2053,711,463,56522
2025-02-15T16:00,164.54,168,836,424,58836
2025-02-15T17:00,174.70,29,1117,283,60688
2025-02-15T18:00,164.76,11,1342,338,59103
2025-02-15T19:00,149.65,8,1850,629,56081
2025-02-15T20:00,128.31,6,2516,1174,54112
2025-02-15T21:00,132.37,6,3112,1738,53630
2025-02-15T22:00,124.54,6,3904,2262,51572
2025-02-15T23:00,134.11,6,4865,2710,49155
2025-02-16T00:00,128.90,6,5775,2792,47339
2025-02-16T01:00,123.57,7,6674,2716,46182
2025-02-16T02:00,119.90,7,7348,3240,45805
2025-02-16T03:00,119.57,6,7935,3887,45514
2025-02-16T04:00,120.18,6,8529,5070,45774
2025-02-16T05:00,119.92,7,8991,5178,46000
2025-02-16T06:00,127.51,153,9284,4863,47806
2025-02-16T07:00,129.60,2172,8759,3838,50275
2025-02-16T08:00,130.49,6253,8126,3232,53679
2025-02-16T09:00,127.70,11526,7935,2740,56385
2025-02-16T10:00,124.03,16163,7610,2243,57451
2025-02-16T11:00,124.67,17938,6745,1802,56774
2025-02-16T12:00,118.77,16714,6599,1220,54767
2025-02-16T13:00,121.02,13624,6665,1032,53535
2025-02-16T14:00,129.55,8703,7054,958,52721
2025-02-16T15:00,137.68,3544,7103,1047,53623
2025-02-16T16:00,153.98,320,7546,1068,56680
2025-02-16T17:00,169.98,12,8208,1213,60154
2025-02-16T18:00,160.29,10,8468,1398,59359
2025-02-16T19:00,153.72,7,8656,1723,57110
2025-02-16T20:00,139.34,6,8642,1528,55206
2025-02-16T21:00,137.62,6,8190,1228,53761
2025-02-16T22:00,131.51,5,7696,1075,51858
2025-02-16T23:00,128.05,7,7119,882,50250
2025-02-17T00:00,121.06,7,6808,614,49174
2025-02-17T01:00,120.34,7,6182,459,48546
2025-02-17T02:00,125.52,7,5861,320,48551
2025-02-17T03:00,128.94,8,5645,366,49887
2025-02-17T04:00,131.54,7,5590,503,53634
2025-02-17T05:00,153.16,14,5706,642,62263
2025-02-17T06:00,204.74,453,5466,692,68339
2025-02-17T07:00,209.79,5284,4694,763,70385
2025-02-17T08:00,171.30,14518,2846,798,70533
2025-02-17T09:00,139.67,23978,1617,830,69929
2025-02-17T10:00,117.19,29928,1359,710,69143
2025-02-17T11:00,109.47,31481,1176,641,67716
2025-02-17T12:00,106.78,29796,1095,718,66466
2025-02-17T13:00,111.89,25258,1223,818,65489
2025-02-17T14:00,132.27,17447,1561,836,64712
2025-02-17T15:00,158.96,7238,1936,948,65021
2025-02-17T16:00,222.92,652,2858,1001,67453
2025-02-17T17:00,271.00,38,4262,1144,69859
2025-02-17T18:00,215.36,32,5087,1124,69027
2025-02-17T19:00,177.86,22,5242,1018,65983
2025-02-17T20:00,155.19,20,5154,967,62980
2025-02-17T21:00,139.39,8,4840,936,60453
2025-02-17T22:00,129.57,8,4630,1051,57748
2025-02-17T23:00,132.95,6,5080,1125,54982
2025-02-18T00:00,125.00,5,5483,1016,53680
2025-02-18T01:00,123.56,6,5856,986,53133
2025-02-18T02:00,117.11,5,6072,1044,53590
2025-02-18T03:00,115.66,5,6598,1111,54469
2025-02-18T04:00,121.93,9,7262,1264,57627
2025-02-18T05:00,143.61,16,8061,1351,64403
2025-02-18T06:00,190.34,530,8877,1408,69713
2025-02-18T07:00,193.80,6466,8790,1527,71771
2025-02-18T08:00,143.53,17156,6762,1424,71539
2025-02-18T09:00,124.24,26596,4748,1503,70604
2025-02-18T10:00,109.71,32739,4738,1713,69348
2025-02-18T11:00,96.41,35446,4574,1716,67283
2025-02-18T12:00,88.53,34204,4763,1794,65935
2025-02-18T13:00,98.35,29190,5743,1850,64590
2025-02-18T14:00,110.00,19953,6807,2037,63895
2025-02-18T15:00,128.16,8197,7465,2222,64820
2025-02-18T16:00,177.61,799,9167,2687,67407
2025-02-18T17:00,174.32,30,12815,3248,70264
2025-02-18T18:00,155.91,16,15419,4183,70169
2025-02-18T19:00,142.42,7,16127,4640,67215
2025-02-18T20:00,129.41,5,16636,4618,63492
2025-02-18T21:00,121.90,6,16668,5645,60566
2025-02-18T22:00,114.45,5,16832,5841,57179
2025-02-18T23:00,104.54,6,17277,5452,54425
2025-02-19T00:00,99.29,6,17723,5108,53141
2025-02-19T01:00,99.60,6,18032,4758,52587
2025-02-19T02:00,97.29,7,18415,4658,52842
2025-02-19T03:00,94.50,7,19075,4593,54370
2025-02-19T04:00,97.48,6,19601,4771,57381
2025-02-19T05:00,115.00,8,20896,4677,64380
2025-02-19T06:00,149.50,797,21537,4842,69327
2025-02-19T07:00,166.37,7992,19597,5101,71049
2025-02-19T08:00,128.76,18945,16644,5662,71633
2025-02-19T09:00,107.91,27961,13823,6006,70730
2025-02-19T10:00,89.28,33414,13260,6128,69609
2025-02-19T11:00,81.52,34980,13770,6020,68502
2025-02-19T12:00,82.74,33217,14024,6047,66967
2025-02-19T13:00,85.20,27733,15125,6053,66009
2025-02-19T14:00,90.63,18855,16459,6288,65545
2025-02-19T15:00,110.03,7469,17133,5970,65306
2025-02-19T16:00,131.28,601,20576,5723,68017
2025-02-19T17:00,142.98,23,25318,5759,71446
2025-02-19T18:00,144.42,20,28012,6143,70902
2025-02-19T19:00,120.90,12,27263,5992,67365
2025-02-19T20:00,113.75,14,26228,5941,63732
2025-02-19T21:00,107.13,10,23655,5230,60797
2025-02-19T22:00,99.81,8,22983,5309,57148
2025-02-19T23:00,86.17,7,22795,5224,54504
2025-02-20T00:00,85.20,7,22614,5286,53278
2025-02-20T01:00,84.56,10,21519,5083,52462
2025-02-20T02:00,83.64,8,20868,5070,53239
2025-02-20T03:00,82.18,7,20639,5419,54656
2025-02-20T04:00,83.84,10,20012,5480,57428
2025-02-20T05:00,86.31,11,20490,5268,64594
2025-02-20T06:00,110.41,647,19828,5605,69452
2025-02-20T07:00,127.98,5382,17524,6096,71633
2025-02-20T08:00,105.87,11779,14348,5870,71468
2025-02-20T09:00,93.72,17375,11857,5340,71572
2025-02-20T10:00,87.23,21140,10187,5132,71436
2025-02-20T11:00,86.87,22206,9456,5224,70282
2025-02-20T12:00,84.51,20646,9621,5440,69160
2025-02-20T13:00,84.78,16912,10329,5770,68418
2025-02-20T14:00,90.05,10482,11248,6282,67473
2025-02-20T15:00,98.34,3894,12620,7051,66811
2025-02-20T16:00,110.13,390,15579,7625,68991
2025-02-20T17:00,112.38,22,18822,7902,71387
2025-02-20T18:00,122.45,21,20278,7859,70079
2025-02-20T19:00,105.91,16,20514,7701,66714
2025-02-20T20:00,92.41,7,20171,6989,62887
2025-02-20T21:00,90.84,6,18740,7244,59434
2025-02-20T22:00,83.00,6,18964,7087,56263
2025-02-20T23:00,75.51,6,18609,6153,52950
2025-02-21T00:00,74.99,7,17283,6610,51462
2025-02-21T01:00,79.80,7,15773,6194,49962
2025-02-21T02:00,83.40,7,14939,6299,50164
2025-02-21T03:00,82.40,7,14321,6142,51017
2025-02-21T04:00,82.03,6,14098,5976,54011
2025-02-21T05:00,106.47,7,13873,5718,60442
2025-02-21T06:00,152.50,476,13657,5688,64945
2025-02-21T07:00,145.21,4138,13407,5831,67135
2025-02-21T08:00,120.98,10545,11979,5768,67824
2025-02-21T09:00,98.68,17881,9730,5530,67269
2025-02-21T10:00,83.40,23878,7996,5865,66816
2025-02-21T11:00,78.00,27084,7254,5892,64575
2025-02-21T12:00,76.41,27344,7580,5834,61779
2025-02-21T13:00,79.52,24036,8769,5838,60366
2025-02-21T14:00,82.94,16348,10501,5882,60142
2025-02-21T15:00,103.47,6769,13094,6254,60905
2025-02-21T16:00,103.45,758,18636,6615,64095
2025-02-21T17:00,101.98,20,25079,6893,67134
2025-02-21T18:00,81.95,12,28541,6446,65788
2025-02-21T19:00,80.25,13,29316,5757,62353
2025-02-21T20:00,70.85,14,28588,6091,58816
2025-02-21T21:00,70.64,14,26315,5819,54876
2025-02-21T22:00,64.33,7,25848,5222,52046
2025-02-21T23:00,50.99,7,26067,5487,49446
2025-02-22T00:00,48.62,6,25292,5656,48136
2025-02-22T01:00,47.96,6,24465,5665,47092
2025-02-22T02:00,42.62,6,24164,5504,46659
2025-02-22T03:00,41.20,6,24295,5043,46988
2025-02-22T04:00,49.15,7,23578,5299,47575
2025-02-22T05:00,49.11,8,23858,6060,49119
2025-02-22T06:00,61.22,1059,23432,6542,51233
2025-02-22T07:00,68.25,6759,21891,6776,54677
2025-02-22T08:00,67.74,13652,19161,6960,57361
2025-02-22T09:00,53.21,19630,15970,7036,58271
2025-02-22T10:00,47.13,23351,13728,7036,58738
2025-02-22T11:00,40.40,24076,12709,6785,58758
2025-02-22T12:00,52.69,21850,12526,6494,56606
2025-02-22T13:00,68.00,16680,12467,5992,53753
2025-02-22T14:00,85.60,9875,12932,5100,52846
2025-02-22T15:00,100.95,3692,13924,5190,53655
2025-02-22T16:00,108.38,421,16379,4953,56675
2025-02-22T17:00,106.98,30,18723,4555,59298
2025-02-22T18:00,115.18,27,19893,3936,57504
2025-02-22T19:00,103.00,17,20727,3158,54215
2025-02-22T20:00,101.58,11,20154,2768,51538
2025-02-22T21:00,94.27,9,18814,3214,49826
2025-02-22T22:00,83.51,7,18612,2977,46861
2025-02-22T23:00,91.10,11,17861,2518,43627
2025-02-23T00:00,84.99,6,16504,2138,41380
2025-02-23T01:00,86.21,6,15258,1874,40287
2025-02-23T02:00,83.63,6,14121,2102,40299
2025-02-23T03:00,85.77,6,13579,2315,40409
2025-02-23T04:00,87.33,6,13075,1797,40687
2025-02-23T05:00,87.70,7,12390,1812,41655
2025-02-23T06:00,108.00,345,11162,2080,43776
2025-02-23T07:00,112.24,3317,9803,2477,46527
2025-02-23T08:00,99.35,8828,8194,3075,49092
2025-02-23T09:00,83.00,14930,7962,4616,51714
2025-02-23T10:00,81.50,19662,8156,5480,53721
2025-02-23T11:00,71.12,22287,8024,6076,52845
2025-02-23T12:00,69.20,22846,7205,5936,50300
2025-02-23T13:00,64.75,20819,6266,5855,48840
2025-02-23T14:00,69.11,15574,5468,5376,47482
2025-02-23T15:00,84.70,7640,4271,5502,48066
2025-02-23T16:00,150.45,1140,4427,5794,51245
2025-02-23T17:00,154.69,38,6626,5740,54843
2025-02-23T18:00,117.02,25,10285,5848,54238
2025-02-23T19:00,96.03,9,13920,6020,52473
2025-02-23T20:00,77.32,8,16718,5569,50776
2025-02-23T21:00,73.81,9,17726,5063,49619
2025-02-23T22:00,65.99,8,19333,4597,47197
2025-02-23T23:00,70.83,7,20252,5294,45627
2025-02-24T00:00,67.99,7,20275,5338,44339
2025-02-24T01:00,40.98,8,20394,5419,44469
2025-02-24T02:00,37.10,7,21126,5524,45430
2025-02-24T03:00,65.34,7,22084,5577,47207
2025-02-24T04:00,70.03,6,23305,5810,51096
2025-02-24T05:00,81.00,10,25368,6379,59465
2025-02-24T06:00,84.80,904,25882,6372,65091
2025-02-24T07:00,106.68,5456,25904,6621,68072
2025-02-24T08:00,93.26,11539,24816,6768,69038
2025-02-24T09:00,79.04,17056,22795,6432,69010
2025-02-24T10:00,83.44,20537,22082,6343,68813
2025-02-24T11:00,81.63,20486,22680,6302,68154
2025-02-24T12:00,83.00,17301,23706,6865,67183
2025-02-24T13:00,86.40,12398,24392,7000,65159
2025-02-24T14:00,92.55,7167,24767,7168,64538
2025-02-24T15:00,100.70,2814,25863,6901,64381
2025-02-24T16:00,112.94,366,26492,6472,66392
2025-02-24T17:00,137.81,14,27771,6342,68280
2025-02-24T18:00,148.71,12,28450,5314,67286
2025-02-24T19:00,129.27,11,27490,5032,63565
2025-02-24T20:00,112.29,9,24404,5482,60134
2025-02-24T21:00,112.90,7,20693,5668,55962
2025-02-24T22:00,106.48,7,18700,5443,52316
2025-02-24T23:00,90.60,6,16693,4829,49051
2025-02-25T00:00,89.91,6,15382,3984,47164
2025-02-25T01:00,93.39,6,13753,3394,46324
2025-02-25T02:00,93.86,6,11830,3122,46543
2025-02-25T03:00,97.43,7,9925,2882,47432
2025-02-25T04:00,105.78,6,8566,2535,51149
2025-02-25T05:00,144.87,21,7509,2191,58661
2025-02-25T06:00,167.16,494,6299,2214,63336
2025-02-25T07:00,173.34,3846,4953,2075,64844
2025-02-25T08:00,153.73,10150,3556,3210,65226
2025-02-25T09:00,140.36,16496,3084,3729,65996
2025-02-25T10:00,126.75,19897,3090,3676,65828
2025-02-25T11:00,124.63,19637,2816,3195,64898
2025-02-25T12:00,125.81,17046,2489,2306,64585
2025-02-25T13:00,134.38,12889,2368,1892,63334
2025-02-25T14:00,148.34,7940,2058,1079,61904
2025-02-25T15:00,170.68,3402,1640,603,61565
2025-02-25T16:00,207.97,628,1569,313,63031
2025-02-25T17:00,233.05,48,2047,218,65240
2025-02-25T18:00,188.09,27,2692,132,64236
2025-02-25T19:00,156.96,10,3094,80,61049
2025-02-25T20:00,142.47,6,3594,65,57942
2025-02-25T21:00,129.46,6,3956,62,54441
2025-02-25T22:00,115.13,6,4214,85,50705
2025-02-25T23:00,122.99,6,4411,79,48577
2025-02-26T00:00,119.82,5,4267,68,47284
2025-02-26T01:00,116.94,5,4730,89,46331
2025-02-26T02:00,115.98,6,5318,119,46808
2025-02-26T03:00,116.56,5,6194,124,48132
2025-02-26T04:00,117.27,5,6770,153,51616
2025-02-26T05:00,132.65,9,7419,263,58614
2025-02-26T06:00,159.93,381,7307,339,63918
2025-02-26T07:00,175.19,2559,6942,436,66245
2025-02-26T08:00,160.22,5603,6365,453,67008
2025-02-26T09:00,141.37,8164,6209,500,67640
2025-02-26T10:00,129.95,9845,6470,508,67612
2025-02-26T11:00,120.53,10010,6504,716,67463
2025-02-26T12:00,119.89,9606,6544,682,66370
2025-02-26T13:00,125.12,8578,6838,678,65013
2025-02-26T14:00,132.90,6721,6702,673,64099
2025-02-26T15:00,149.75,3636,6394,618,63388
2025-02-26T16:00,165.01,658,6407,442,64667
2025-02-26T17:00,172.57,18,7232,366,66302
2025-02-26T18:00,162.82,13,9090,670,65559
2025-02-26T19:00,147.38,9,11266,1412,62455
2025-02-26T20:00,118.44,6,12672,2451,59379
2025-02-26T21:00,120.94,6,13352,3231,56327
2025-02-26T22:00,112.46,6,13760,3431,53416
2025-02-26T23:00,101.48,6,14260,3011,50502
2025-02-27T00:00,103.81,7,14503,3086,48818
2025-02-27T01:00,101.24,8,14434,3229,48664
2025-02-27T02:00,99.60,8,14180,3010,49289
2025-02-27T03:00,100.43,7,13568,2743,50359
2025-02-27T04:00,105.87,7,12896,2053,53142
2025-02-27T05:00,115.18,13,12272,1759,59871
2025-02-27T06:00,152.32,884,11715,1576,64443
2025-02-27T07:00,159.05,4984,10189,1405,66637
2025-02-27T08:00,142.58,9946,7811,1324,67060
2025-02-27T09:00,129.94,14084,6518,1140,67251
2025-02-27T10:00,110.00,16504,6320,1002,67623
2025-02-27T11:00,101.10,17197,6082,789,65916
2025-02-27T12:00,109.25,16178,6103,835,64955
2025-02-27T13:00,110.00,13983,5916,760,63591
2025-02-27T14:00,123.00,10457,5088,620,62526
2025-02-27T15:00,142.62,5606,4236,636,62605
2025-02-27T16:00,158.69,1100,4310,697,64083
2025-02-27T17:00,174.71,22,4654,989,66322
2025-02-27T18:00,163.17,18,4848,1492,65661
2025-02-27T19:00,144.61,13,5219,1361,62241
2025-02-27T20:00,136.54,11,5233,1213,58740
2025-02-27T21:00,124.69,6,5310,1404,55601
2025-02-27T22:00,114.89,6,5161,1772,52364
2025-02-27T23:00,115.47,6,5358,1655,49509
2025-02-28T00:00,110.54,6,5408,1557,48409
2025-02-28T01:00,109.38,6,5329,1514,48451
2025-02-28T02:00,106.93,6,5183,1634,48702
2025-02-28T03:00,112.03,6,5195,1879,49331
2025-02-28T04:00,112.63,6,5092,1808,52070
2025-02-28T05:00,135.99,10,5098,1703,58400
2025-02-28T06:00,150.00,652,5121,1682,63211
2025-02-28T07:00,161.82,3568,4892,1482,66085
2025-02-28T08:00,145.50,7122,4638,1491,66859
2025-02-28T09:00,127.70,9994,4383,1202,67464
2025-02-28T10:00,115.97,11850,4321,1013,67408
2025-02-28T11:00,109.51,13420,4318,1352,67129
2025-02-28T12:00,108.57,13656,4643,1471,65409
2025-02-28T13:00,111.58,12265,5198,1370,63546
2025-02-28T14:00,125.57,8971,5680,1308,62442
2025-02-28T15:00,135.05,4512,5756,1208,62515
2025-02-28T16:00,152.85,874,5922,1486,63632
2025-02-28T17:00,161.24,33,6094,1309,65066
2025-02-28T18:00,158.86,40,6273,1147,63600
2025-02-28T19:00,143.96,17,6370,1186,60446
2025-02-28T20:00,132.94,8,6054,1184,57244
2025-02-28T21:00,127.43,12,5771,1005,54541
2025-02-28T22:00,119.03,10,5086,700,50765
2025-02-28T23:00,128.19,10,4522,514,47888
2025-03-01T00:00,120.38,9,4252,598,46107
2025-03-01T01:00,117.09,7,4156,643,45237
2025-03-01T02:00,112.15,7,4109,673,44973
2025-03-01T03:00,109.75,7,3923,596,45247
2025-03-01T04:00,114.38,7,3718,625,45660
2025-03-01T05:00,118.86,13,3770,598,46873
2025-03-01T06:00,135.79,756,3535,570,49073
2025-03-01T07:00,138.79,3946,3076,555,52204
2025-03-01T08:00,137.74,8145,2758,686,55125
2025-03-01T09:00,125.08,12421,2797,681,57261
2025-03-01T10:00,112.11,16092,3236,594,58839
2025-03-01T11:00,102.21,18087,3570,583,57498
2025-03-01T12:00,97.27,17925,3896,734,55340
2025-03-01T13:00,99.39,16240,4182,892,54158
2025-03-01T14:00,109.23,12131,4301,1090,53634
2025-03-01T15:00,125.41,6250,4300,1137,53396
2025-03-01T16:00,145.00,1277,4336,1288,55636
2025-03-01T17:00,158.55,57,5345,1289,57923
2025-03-01T18:00,150.78,37,6404,1270,56783
2025-03-01T19:00,137.29,12,7210,1722,54041
2025-03-01T20:00,128.60,11,7435,2165,52086
2025-03-01T21:00,123.57,7,7232,2362,50764
2025-03-01T22:00,119.92,7,7148,2492,48540
2025-03-01T23:00,123.94,12,7613,2540,45612
2025-03-02T00:00,107.54,8,7599,2816,44037
2025-03-02T01:00,99.32,10,7796,2831,43038
2025-03-02T02:00,93.01,7,8202,2810,43112
2025-03-02T03:00,94.23,8,8400,2826,43775
2025-03-02T04:00,93.98,8,8689,2659,43601
2025-03-02T05:00,95.89,15,8934,2959,44125
2025-03-02T06:00,102.60,1798,8309,3094,45526
2025-03-02T07:00,103.11,9484,7376,3278,48366
2025-03-02T08:00,89.00,19390,6532,3492,51778
2025-03-02T09:00,68.30,27553,5639,3727,53222
2025-03-02T10:00,49.00,34135,5165,3700,54346
2025-03-02T11:00,27.50,37037,4626,3660,53190
2025-03-02T12:00,3.13,35702,4202,3722,50472
2025-03-02T13:00,2.84,30666,4718,3656,48557
2025-03-02T14:00,50.73,23069,6293,3706,48315
2025-03-02T15:00,80.43,12354,6554,3633,49095
2025-03-02T16:00,126.55,2414,6325,3830,52769
2025-03-02T17:00,143.09,51,6840,3965,55785
2025-03-02T18:00,146.10,14,7986,4498,55974
2025-03-02T19:00,132.98,14,8784,4874,53745
2025-03-02T20:00,120.00,15,9576,5307,52547
2025-03-02T21:00,120.79,15,9748,5582,51882
2025-03-02T22:00,112.78,11,10049,5519,49876
2025-03-02T23:00,108.01,7,10226,5975,47885
2025-03-03T00:00,103.69,6,10228,6076,46779
2025-03-03T01:00,102.79,7,10230,6307,46363
2025-03-03T02:00,99.70,7,10452,6323,46967
2025-03-03T03:00,103.37,8,10411,5786,48855
2025-03-03T04:00,116.70,7,10974,5548,52020
2025-03-03T05:00,137.51,25,12734,5487,59016
2025-03-03T06:00,163.00,2966,13316,5063,63237
2025-03-03T07:00,147.52,13882,11871,5366,65620
2025-03-03T08:00,106.74,26300,9118,5267,66519
2025-03-03T09:00,72.39,34782,7940,5865,66160
2025-03-03T10:00,6.40,39656,7449,5724,65434
2025-03-03T11:00,0.33,40766,6972,5513,63517
2025-03-03T12:00,0.01,38238,7378,5393,61625
2025-03-03T13:00,61.40,33411,8318,4964,60464
2025-03-03T14:00,84.10,24985,8590,4240,60066
2025-03-03T15:00,106.36,13123,8395,3908,60074
2025-03-03T16:00,148.79,2869,7599,4242,62667
2025-03-03T17:00,183.95,63,7602,4634,65711
2025-03-03T18:00,175.93,43,7958,4553,65251
2025-03-03T19:00,150.49,29,8792,4601,62219
2025-03-03T20:00,128.21,15,9139,4340,59288
2025-03-03T21:00,124.93,16,8894,4220,56509
2025-03-03T22:00,122.46,16,8705,4298,53483
2025-03-03T23:00,121.00,6,8558,4362,51308
2025-03-04T00:00,109.44,7,8361,4249,49708
2025-03-04T01:00,103.79,6,7995,3975,49343
2025-03-04T02:00,104.82,6,7578,3931,49574
2025-03-04T03:00,100.28,7,7504,3759,51453
2025-03-04T04:00,111.51,6,7944,3978,55266
2025-03-04T05:00,141.86,34,8820,4314,61930
2025-03-04T06:00,169.61,2854,9376,3606,65638
2025-03-04T07:00,141.95,11987,8982,3202,68102
2025-03-04T08:00,110.98,23495,7478,3269,67948
2025-03-04T09:00,80.02,32387,5998,4513,68085
2025-03-04T10:00,48.58,37442,5959,5048,66982
2025-03-04T11:00,20.53,39318,6479,5222,64818
2025-03-04T12:00,14.34,38114,6886,4972,62733
2025-03-04T13:00,52.31,33508,7368,5238,60991
2025-03-04T14:00,81.29,25427,7496,5646,59914
2025-03-04T15:00,111.15,13659,7018,5942,60309
2025-03-04T16:00,148.61,2920,6836,5415,64075
2025-03-04T17:00,180.92,62,8936,5338,67245
2025-03-04T18:00,163.67,37,11076,5510,66925
2025-03-04T19:00,134.13,19,12273,6276,63511
2025-03-04T20:00,114.38,14,12739,6778,60356
2025-03-04T21:00,114.41,6,13616,7115,57650
2025-03-04T22:00,106.81,6,14676,6552,54039
2025-03-04T23:00,90.05,6,15381,7195,51335
2025-03-05T00:00,83.07,6,15628,6616,50068
2025-03-05T01:00,83.01,6,16116,6446,49608
2025-03-05T02:00,79.71,7,16395,6157,49856
2025-03-05T03:00,81.63,6,17558,5940,51459
2025-03-05T04:00,91.94,6,18165,5792,55046
2025-03-05T05:00,115.57,46,19889,5516,62367
2025-03-05T06:00,140.16,3798,19683,5705,66469
2025-03-05T07:00,85.64,15114,18656,5590,68768
2025-03-05T08:00,41.63,27297,15682,5852,68264
2025-03-05T09:00,0.02,35579,12705,6029,66155
2025-03-05T10:00,-0.07,39510,11555,5536,63956
2025-03-05T11:00,-4.28,39629,10001,5153,61335
2025-03-05T12:00,-3.70,37841,9592,4945,60188
2025-03-05T13:00,0.05,34122,10958,5819,61053
2025-03-05T14:00,48.50,25774,11360,5693,60686
2025-03-05T15:00,89.89,13896,10924,5748,61048
2025-03-05T16:00,133.13,3006,10804,5812,64619
2025-03-05T17:00,146.23,49,13117,5969,68170
2025-03-05T18:00,145.89,21,14851,5799,68634
2025-03-05T19:00,123.00,9,14995,5695,64743
2025-03-05T20:00,108.12,11,15588,5676,61270
2025-03-05T21:00,109.12,12,15342,5758,58165
2025-03-05T22:00,96.98,7,15272,5770,54106
2025-03-05T23:00,83.90,7,14884,6117,51483
2025-03-06T00:00,84.84,7,14553,5906,50049
2025-03-06T01:00,87.00,7,14323,5727,48942
2025-03-06T02:00,88.12,7,13962,5773,48757
2025-03-06T03:00,94.56,7,13368,5948,50060
2025-03-06T04:00,95.91,9,13167,5490,53491
2025-03-06T05:00,139.28,64,13395,4959,60449
2025-03-06T06:00,151.32,3972,12898,4061,64341
2025-03-06T07:00,108.50,15244,11553,3564,66384
2025-03-06T08:00,78.70,27496,8031,3723,66576
2025-03-06T09:00,50.47,36040,4136,3813,65365
2025-03-06T10:00,4.02,40705,3228,3718,63794
2025-03-06T11:00,0.08,41755,3786,3462,61295
2025-03-06T12:00,0.02,39230,4697,3202,59739
2025-03-06T13:00,13.16,34125,6036,2885,59082
2025-03-06T14:00,71.00,25538,6009,2416,58258
2025-03-06T15:00,116.52,13572,4953,2239,58507
2025-03-06T16:00,148.95,3034,4280,2116,61895
2025-03-06T17:00,165.36,92,5454,2063,64308
2025-03-06T18:00,149.10,24,7506,2142,63825
2025-03-06T19:00,125.64,16,9798,2218,60140
2025-03-06T20:00,106.63,12,11707,2645,56926
2025-03-06T21:00,101.47,8,12329,2900,53676
2025-03-06T22:00,91.11,7,12364,3049,50706
2025-03-06T23:00,90.27,6,12012,2174,47525
2025-03-07T00:00,90.27,6,11543,1608,46026
2025-03-07T01:00,91.38,7,11152,1497,45028
2025-03-07T02:00,91.69,7,10364,1875,45515
2025-03-07T03:00,99.00,7,9592,2289,47571
2025-03-07T04:00,115.17,7,9176,2529,51268
2025-03-07T05:00,135.67,67,8861,2792,57800
2025-03-07T06:00,147.70,3925,8176,2792,61923
2025-03-07T07:00,122.23,14583,7178,2525,63937
2025-03-07T08:00,83.00,26534,4834,2444,64515
2025-03-07T09:00,65.30,34960,2052,2740,63350
2025-03-07T10:00,31.81,40172,1317,2419,61414
2025-03-07T11:00,12.79,41440,1442,2022,59520
2025-03-07T12:00,8.08,39381,1669,1878,57042
2025-03-07T13:00,37.06,33842,1751,1805,55370
2025-03-07T14:00,90.15,25245,1530,1465,55368
2025-03-07T15:00,126.99,13434,1002,936,56124
2025-03-07T16:00,149.91,3125,910,573,58827
2025-03-07T17:00,216.64,102,1436,328,61235
2025-03-07T18:00,178.68,37,2132,126,60726
2025-03-07T19:00,148.70,23,2677,42,57014
2025-03-07T20:00,132.40,17,3106,24,53731
2025-03-07T21:00,119.11,16,3276,55,50836
2025-03-07T22:00,111.83,8,3574,232,47658
2025-03-07T23:00,124.97,10,3632,336,45361
2025-03-08T00:00,113.94,8,3329,456,43773
2025-03-08T01:00,117.22,9,3085,637,42701
2025-03-08T02:00,116.76,7,2762,637,42544
2025-03-08T03:00,118.42,8,2428,550,43226
2025-03-08T04:00,121.30,7,2274,458,43750
2025-03-08T05:00,127.82,87,2554,362,45064
2025-03-08T06:00,120.59,4157,3164,310,47644
2025-03-08T07:00,98.04,15272,3917,408,50694
2025-03-08T08:00,72.54,27149,3843,528,52795
2025-03-08T09:00,18.05,35357,2327,597,52634
2025-03-08T10:00,2.07,40093,1744,738,51588
2025-03-08T11:00,-0.34,39852,2032,704,49746
2025-03-08T12:00,-0.10,37744,2406,618,47606
2025-03-08T13:00,0.07,33940,3424,732,45950
2025-03-08T14:00,56.20,25427,4482,854,45707
2025-03-08T15:00,100.86,13813,5626,1018,46670
2025-03-08T16:00,145.58,3269,7458,1566,50397
2025-03-08T17:00,174.05,94,12393,2104,54038
2025-03-08T18:00,140.03,12,17416,3282,53923
2025-03-08T19:00,111.21,8,20317,4598,51422
2025-03-08T20:00,100.00,7,20987,5235,48822
2025-03-08T21:00,99.24,7,19080,5452,46838
2025-03-08T22:00,97.94,7,17235,5078,44083
2025-03-08T23:00,95.19,7,14949,4405,41545
2025-03-09T00:00,94.81,8,12660,3623,40011
2025-03-09T01:00,94.44,7,10957,3260,39308
2025-03-09T02:00,96.51,8,9722,2887,39085
2025-03-09T03:00,98.67,10,8905,2775,39597
2025-03-09T04:00,101.51,8,8600,2844,39798
2025-03-09T05:00,100.00,110,8881,3013,40564
2025-03-09T06:00,93.01,4538,8719,2920,42615
2025-03-09T07:00,65.40,15304,7572,2775,46084
2025-03-09T08:00,29.27,26777,4482,2560,48906
2025-03-09T09:00,10.10,35145,1993,2482,50136
2025-03-09T10:00,0.03,39678,1276,2054,49396
2025-03-09T11:00,-2.26,39741,1254,1673,47791
2025-03-09T12:00,-2.04,37585,1146,1669,45758
2025-03-09T13:00,0.09,33806,1616,2244,45028
2025-03-09T14:00,17.39,25045,1857,2412,44537
2025-03-09T15:00,90.56,13305,2055,2591,45747
2025-03-09T16:00,125.74,2999,2367,2876,50410
2025-03-09T17:00,135.37,60,3645,2941,54014
2025-03-09T18:00,136.70,13,4656,3009,53834
2025-03-09T19:00,130.20,9,5309,3172,51622
2025-03-09T20:00,122.70,7,5125,2599,49544
2025-03-09T21:00,112.80,6,4376,2345,48651
2025-03-09T22:00,106.83,7,3375,2048,45836
2025-03-09T23:00,96.83,6,2453,1754,43730
2025-03-10T00:00,94.92,7,1973,1234,42017
2025-03-10T01:00,96.70,6,1800,878,41544
2025-03-10T02:00,96.87,7,1792,646,42199
2025-03-10T03:00,94.65,6,1967,514,44282
2025-03-10T04:00,106.37,6,2084,429,48292
2025-03-10T05:00,148.49,120,2158,414,55999
2025-03-10T06:00,159.75,3747,2180,532,61027
2025-03-10T07:00,133.96,11650,1944,532,63465
2025-03-10T08:00,98.88,20195,1552,676,64217
2025-03-10T09:00,84.38,25962,1020,965,63562
2025-03-10T10:00,77.88,29003,1122,1077,63043
2025-03-10T11:00,76.02,29372,1600,1447,62452
2025-03-10T12:00,77.32,27135,2388,1366,60945
2025-03-10T13:00,83.91,22398,3418,948,60214
2025-03-10T14:00,97.47,15774,4212,763,59657
2025-03-10T15:00,127.47,8205,4490,781,59583
2025-03-10T16:00,147.97,2132,4388,1034,61667
2025-03-10T17:00,174.92,76,5318,1309,63810
2025-03-10T18:00,160.24,25,6324,1508,63233
2025-03-10T19:00,142.14,16,6696,1476,59893
2025-03-10T20:00,126.59,8,6102,1546,56452
2025-03-10T21:00,106.88,6,5183,1588,53066
2025-03-10T22:00,97.97,6,4489,1654,49675
2025-03-10T23:00,104.39,6,3820,1861,47421
2025-03-11T00:00,101.80,6,3288,1530,46502
2025-03-11T01:00,99.73,5,3046,1600,45972
2025-03-11T02:00,100.50,6,2796,1602,46412
2025-03-11T03:00,102.53,6,2716,1720,47996
2025-03-11T04:00,110.86,7,2688,1625,51027
2025-03-11T05:00,148.04,80,2531,1460,57932
2025-03-11T06:00,152.98,2605,2481,1284,62132
2025-03-11T07:00,146.49,8314,2055,947,64593
2025-03-11T08:00,128.53,14664,1533,692,65117
2025-03-11T09:00,102.00,19839,1224,702,65579
2025-03-11T10:00,97.48,23011,1142,729,65498
2025-03-11T11:00,96.44,23720,1338,746,64270
2025-03-11T12:00,98.38,22208,1939,786,63640
2025-03-11T13:00,102.35,18682,2644,874,62509
2025-03-11T14:00,112.84,13743,3186,1004,61202
2025-03-11T15:00,132.86,7403,3548,1276,61115
2025-03-11T16:00,171.95,1865,3498,2004,62871
2025-03-11T17:00,205.02,69,4034,2642,64905
2025-03-11T18:00,180.95,25,4929,3043,64114
2025-03-11T19:00,149.43,20,5695,3151,60253
2025-03-11T20:00,133.00,9,5766,2738,56824
2025-03-11T21:00,121.25,7,5662,2512,53194
2025-03-11T22:00,107.34,6,5304,1878,49929
2025-03-11T23:00,101.73,6,4990,1792,47733
2025-03-12T00:00,100.09,6,4936,1549,46762
2025-03-12T01:00,97.79,6,4840,1322,46210
2025-03-12T02:00,97.38,6,4940,997,46578
2025-03-12T03:00,101.80,6,4723,682,47731
2025-03-12T04:00,110.31,6,4464,531,51037
2025-03-12T05:00,144.54,75,4250,598,58330
2025-03-12T06:00,161.64,1695,4090,738,62637
2025-03-12T07:00,148.41,5623,3201,605,65167
2025-03-12T08:00,125.00,9430,2787,650,66099
2025-03-12T09:00,102.62,11289,3097,665,66605
2025-03-12T10:00,99.69,12080,3196,738,66921
2025-03-12T11:00,98.07,13318,2862,800,66948
2025-03-12T12:00,99.91,13518,2667,903,66442
2025-03-12T13:00,101.65,10944,2559,961,64092
2025-03-12T14:00,117.74,7372,2422,932,63244
2025-03-12T15:00,142.10,4063,2227,1016,63075
2025-03-12T16:00,157.03,1315,1938,819,64644
2025-03-12T17:00,199.75,88,2127,850,66057
2025-03-12T18:00,179.49,22,2200,986,65403
2025-03-12T19:00,148.05,21,2204,1364,61668
2025-03-12T20:00,132.20,14,2196,1379,58175
2025-03-12T21:00,120.00,6,1958,1758,55129
2025-03-12T22:00,109.91,5,1962,2006,51472
2025-03-12T23:00,108.52,5,2096,1782,48843
2025-03-13T00:00,102.25,5,2371,1350,47388
2025-03-13T01:00,98.98,5,2699,1473,46872
2025-03-13T02:00,96.71,6,3082,1580,47629
2025-03-13T03:00,98.35,5,3222,1972,49269
2025-03-13T04:00,105.88,5,3213,2287,52502
2025-03-13T05:00,132.99,65,3283,2218,59118
2025-03-13T06:00,159.87,2046,3223,2236,63143
2025-03-13T07:00,158.03,7394,2664,2304,65352
2025-03-13T08:00,148.13,13683,2032,2720,66176
2025-03-13T09:00,123.77,17422,2158,2652,66976
2025-03-13T10:00,110.70,17247,2594,2744,66929
2025-03-13T11:00,110.01,15611,2961,2719,66895
2025-03-13T12:00,108.22,13502,3174,2818,65953
2025-03-13T13:00,107.54,11159,3202,2813,65223
2025-03-13T14:00,109.99,8638,3077,2549,63805
2025-03-13T15:00,121.47,5419,2957,2578,63270
2025-03-13T16:00,142.65,1824,2776,2591,64562
2025-03-13T17:00,166.05,118,2837,2622,66061
2025-03-13T18:00,173.47,36,3174,2491,65838
2025-03-13T19:00,149.00,21,3409,2604,62312
2025-03-13T20:00,135.69,6,3366,2263,59011
2025-03-13T21:00,123.48,6,3012,2353,55954
2025-03-13T22:00,111.63,6,2674,2031,52372
2025-03-13T23:00,109.09,6,2458,1855,49709
2025-03-14T00:00,106.00,6,2322,1926,47892
2025-03-14T01:00,105.90,6,2354,2035,47930
2025-03-14T02:00,103.83,6,2342,2154,47873
2025-03-14T03:00,105.30,6,2122,2134,49384
2025-03-14T04:00,113.99,6,2161,2006,52571
2025-03-14T05:00,143.02,84,2344,1824,58940
2025-03-14T06:00,155.11,1772,2268,1682,63491
2025-03-14T07:00,155.00,6334,1899,1810,65839
2025-03-14T08:00,132.09,12260,1458,1748,66749
2025-03-14T09:00,112.00,16557,1604,1626,66875
2025-03-14T10:00,106.35,18123,1904,1574,66575
2025-03-14T11:00,104.50,17970,2277,1807,66181
2025-03-14T12:00,104.59,16059,2546,1870,64894
2025-03-14T13:00,105.38,12617,3092,1975,63695
2025-03-14T14:00,109.39,8878,3793,2077,62446
2025-03-14T15:00,124.84,5116,4696,2529,62301
2025-03-14T16:00,146.44,1667,5078,2879,63565
2025-03-14T17:00,155.33,121,5890,2898,64684
2025-03-14T18:00,150.91,26,7012,2771,63613
2025-03-14T19:00,130.01,13,8040,2534,60218
2025-03-14T20:00,111.39,8,8650,2410,56695
2025-03-14T21:00,114.00,6,9049,2119,53746
2025-03-14T22:00,105.17,6,9474,1840,50832
2025-03-14T23:00,112.15,8,9826,1607,47733
2025-03-15T00:00,103.14,6,10143,1669,45874
2025-03-15T01:00,96.00,6,10553,1813,44009
2025-03-15T02:00,89.90,6,10807,1962,43716
2025-03-15T03:00,86.90,6,11025,1881,43742
2025-03-15T04:00,90.55,6,11380,1602,44160
2025-03-15T05:00,97.01,113,11748,1404,45209
2025-03-15T06:00,99.42,2425,11210,1154,47653
2025-03-15T07:00,98.77,7825,9780,950,50754
2025-03-15T08:00,86.40,14430,9104,629,53553
2025-03-15T09:00,72.39,19198,9646,428,55193
2025-03-15T10:00,67.16,21862,10314,258,56051
2025-03-15T11:00,57.32,23587,10976,147,55220
2025-03-15T12:00,48.00,23309,11440,167,53366
2025-03-15T13:00,54.51,19956,12252,325,51523
2025-03-15T14:00,70.80,14687,13183,493,50924
2025-03-15T15:00,84.24,8379,13380,756,51489
2025-03-15T16:00,121.91,2518,12820,982,53997
2025-03-15T17:00,130.30,158,13121,587,56076
2025-03-15T18:00,132.96,38,14579,355,55581
2025-03-15T19:00,121.46,21,15603,276,52448
2025-03-15T20:00,108.50,15,15428,316,49889
2025-03-15T21:00,105.02,10,14082,368,48217
2025-03-15T22:00,95.25,8,12954,505,46104
2025-03-15T23:00,90.01,11,11910,663,43487
2025-03-16T00:00,85.79,6,10920,737,41871
2025-03-16T01:00,79.62,6,9721,870,41012
2025-03-16T02:00,78.18,6,8710,1068,41029
2025-03-16T03:00,78.60,6,8270,1343,41463
2025-03-16T04:00,80.51,7,8208,1349,41494
2025-03-16T05:00,85.14,290,8277,1435,41839
2025-03-16T06:00,82.07,4803,7658,1797,43839
2025-03-16T07:00,77.95,14330,6245,1974,47750
2025-03-16T08:00,56.90,24081,4868,2067,50608
2025-03-16T09:00,24.09,30519,4843,2134,51675
2025-03-16T10:00,2.90,33415,5782,2419,51893
2025-03-16T11:00,1.01,32738,7143,2757,51362
2025-03-16T12:00,0.19,30247,8286,2964,50089
2025-03-16T13:00,2.53,26137,8677,3369,48729
2025-03-16T14:00,31.00,20003,9454,3554,48267
2025-03-16T15:00,71.11,11977,10769,3974,49030
2025-03-16T16:00,116.81,3644,10153,4719,51997
2025-03-16T17:00,130.84,172,9894,4983,55730
2025-03-16T18:00,140.00,20,11554,4564,55787
2025-03-16T19:00,125.28,22,13400,3934,53168
2025-03-16T20:00,107.73,12,14445,3840,51733
2025-03-16T21:00,100.80,12,14224,3635,50798
2025-03-16T22:00,79.71,8,14687,4867,48437
2025-03-16T23:00,78.10,6,15754,6855,47642
2025-03-17T00:00,79.01,6,15996,6592,46572
2025-03-17T01:00,78.79,7,16151,6646,47058
2025-03-17T02:00,80.91,7,16702,6540,47306
2025-03-17T03:00,85.85,6,16504,6010,48416
2025-03-17T04:00,103.30,6,16536,5690,52496
2025-03-17T05:00,135.18,399,16361,4942,59886
2025-03-17T06:00,152.87,5486,14348,4040,63831
2025-03-17T07:00,135.24,14792,11706,2947,65976
2025-03-17T08:00,100.73,24453,12256,1844,65847
2025-03-17T09:00,68.21,32111,11733,1114,65051
2025-03-17T10:00,50.56,35275,11567,546,64489
2025-03-17T11:00,31.17,36876,10026,369,63420
2025-03-17T12:00,27.95,36184,9683,377,62427
2025-03-17T13:00,50.14,33126,8801,334,60467
2025-03-17T14:00,70.01,27029,8514,440,59273
2025-03-17T15:00,98.55,16717,8289,985,59466
2025-03-17T16:00,143.05,5426,8256,1068,61807
2025-03-17T17:00,177.33,300,8921,1163,65122
2025-03-17T18:00,170.00,40,11139,1146,65673
2025-03-17T19:00,141.50,28,12260,797,62079
2025-03-17T20:00,118.85,13,12332,694,58516
2025-03-17T21:00,107.86,9,11469,792,55984
2025-03-17T22:00,93.50,6,10941,953,52771
2025-03-17T23:00,92.20,6,10451,1027,50047
2025-03-18T00:00,89.99,6,10185,806,48089
2025-03-18T01:00,92.37,6,9955,758,47516
2025-03-18T02:00,89.20,7,10048,851,48475
2025-03-18T03:00,95.25,6,10293,1076,50643
2025-03-18T04:00,110.74,7,10926,1133,54665
2025-03-18T05:00,138.90,644,11576,1191,61646
2025-03-18T06:00,136.68,8424,11241,1188,66083
2025-03-18T07:00,106.52,21792,9238,1147,67653
2025-03-18T08:00,71.53,33702,7005,964,65927
2025-03-18T09:00,25.27,41513,6020,518,62699
2025-03-18T10:00,0.68,46157,5204,342,60872
2025-03-18T11:00,-1.46,46142,4314,458,59341
2025-03-18T12:00,-0.30,44025,3601,406,59491
2025-03-18T13:00,5.72,39958,4079,557,59380
2025-03-18T14:00,50.28,31628,4715,714,59157
2025-03-18T15:00,95.94,19123,5000,1074,59058
2025-03-18T16:00,140.90,6167,4921,1183,62644
2025-03-18T17:00,170.91,340,6320,1326,65238
2025-03-18T18:00,167.46,34,9191,1234,65257
2025-03-18T19:00,142.39,28,10978,1295,61735
2025-03-18T20:00,123.04,21,11414,1526,58457
2025-03-18T21:00,115.97,11,10952,1439,55799
2025-03-18T22:00,103.29,7,10493,1129,52417
2025-03-18T23:00,107.29,6,9948,1048,50049
2025-03-19T00:00,102.40,6,9172,1030,48303
2025-03-19T01:00,101.19,9,8128,850,48020
2025-03-19T02:00,102.00,8,7369,714,48248
2025-03-19T03:00,106.59,8,6806,738,49756
2025-03-19T04:00,122.52,14,6234,791,53236
2025-03-19T05:00,158.05,761,5784,879,59780
2025-03-19T06:00,147.74,8739,5146,1032,64281
2025-03-19T07:00,108.23,22065,3968,1190,66079
2025-03-19T08:00,79.50,33729,1961,1056,64598
2025-03-19T09:00,26.52,41520,1179,540,62389
2025-03-19T10:00,-0.04,45002,1130,318,60661
2025-03-19T11:00,-0.56,44616,930,192,58989
2025-03-19T12:00,-0.25,42261,932,104,57654
2025-03-19T13:00,0.99,38933,912,362,57064
2025-03-19T14:00,66.73,31188,847,355,56981
2025-03-19T15:00,109.85,18786,888,471,57205
2025-03-19T16:00,147.56,6054,1066,504,59986
2025-03-19T17:00,248.18,381,1855,516,63255
2025-03-19T18:00,220.30,52,3230,393,63941
2025-03-19T19:00,176.68,27,4920,251,60765
2025-03-19T20:00,138.24,22,5940,229,57225
2025-03-19T21:00,124.45,12,6559,252,53946
2025-03-19T22:00,111.14,6,7333,294,50582
2025-03-19T23:00,117.17,6,7842,452,47608
2025-03-20T00:00,102.86,5,7936,882,45882
2025-03-20T01:00,99.56,6,8018,1198,45392
2025-03-20T02:00,100.08,6,7704,1280,45754
2025-03-20T03:00,102.83,9,7376,1350,47164
2025-03-20T04:00,119.70,8,7500,1822,51224
2025-03-20T05:00,144.84,787,8046,1863,57896
2025-03-20T06:00,141.21,7761,8038,1598,62698
2025-03-20T07:00,99.87,19143,6716,1222,64629
2025-03-20T08:00,79.45,29842,3424,880,64035
2025-03-20T09:00,37.51,37925,1818,499,62145
2025-03-20T10:00,3.42,42896,1828,332,60982
2025-03-20T11:00,0.43,44077,2244,245,59150
2025-03-20T12:00,0.65,42127,2464,213,57884
2025-03-20T13:00,16.60,37002,2756,217,57170
2025-03-20T14:00,79.42,28548,2308,232,56339
2025-03-20T15:00,120.76,16669,1627,219,56455
2025-03-20T16:00,155.14,5343,1136,162,59550
2025-03-20T17:00,280.07,349,1170,167,62575
2025-03-20T18:00,253.85,53,1594,237,63007
2025-03-20T19:00,164.00,30,2080,311,59790
2025-03-20T20:00,136.82,13,2735,424,56531
2025-03-20T21:00,125.03,8,3324,543,53451
2025-03-20T22:00,117.91,6,3435,411,49361
2025-03-20T23:00,125.07,6,3334,314,46824
2025-03-21T00:00,116.41,6,3395,338,44858
2025-03-21T01:00,112.74,6,3295,700,44465
2025-03-21T02:00,105.81,6,3246,950,45580
2025-03-21T03:00,109.10,6,3412,998,47102
2025-03-21T04:00,127.49,9,4090,1070,50596
2025-03-21T05:00,156.00,911,5255,1190,56723
2025-03-21T06:00,148.27,8293,6381,1362,61023
2025-03-21T07:00,110.73,19998,6759,1698,63406
2025-03-21T08:00,73.31,30349,4820,2192,62923
2025-03-21T09:00,43.25,37635,3962,2606,61998
2025-03-21T10:00,7.35,40943,5030,3094,61152
2025-03-21T11:00,0.81,41274,7402,3894,59894
2025-03-21T12:00,0.00,38413,9060,4718,59051
2025-03-21T13:00,2.49,33236,12061,5410,58806
2025-03-21T14:00,12.36,25325,17662,5382,58036
2025-03-21T15:00,46.22,14514,21224,5715,59219
2025-03-21T16:00,100.24,4452,22418,5462,60342
2025-03-21T17:00,120.65,304,27060,5350,62346
2025-03-21T18:00,83.50,17,32878,5197,63461
2025-03-21T19:00,70.00,11,34944,5154,60303
2025-03-21T20:00,47.19,7,35579,5021,56424
2025-03-21T21:00,27.13,6,33250,4426,53000
2025-03-21T22:00,18.45,6,32614,4830,49916
2025-03-21T23:00,26.93,6,32048,5028,46861
2025-03-22T00:00,12.57,7,31251,5410,45076
2025-03-22T01:00,9.07,6,29988,5828,44484
2025-03-22T02:00,6.88,6,29234,6036,44431
2025-03-22T03:00,10.12,6,28669,5823,44728
2025-03-22T04:00,12.95,9,28410,5638,45457
2025-03-22T05:00,13.01,784,29188,4577,46511
2025-03-22T06:00,13.04,6342,27832,2932,49337
2025-03-22T07:00,3.11,15414,24795,1934,51926
2025-03-22T08:00,0.00,24993,19713,1842,53917
2025-03-22T09:00,-1.86,32138,16687,682,52416
2025-03-22T10:00,-6.31,36228,14118,502,51904
2025-03-22T11:00,-15.18,37296,13238,537,50271
2025-03-22T12:00,-15.04,35318,14282,933,48889
2025-03-22T13:00,-6.79,30193,16926,1263,48576
2025-03-22T14:00,-1.51,23070,21841,1398,49232
2025-03-22T15:00,1.01,13869,26129,2738,50964
2025-03-22T16:00,34.99,4456,28699,2560,53196
2025-03-22T17:00,60.03,317,30381,2482,55700
2025-03-22T18:00,50.95,21,31299,1916,55384
2025-03-22T19:00,42.15,10,32152,2122,52511
2025-03-22T20:00,36.12,7,31350,3006,49809
2025-03-22T21:00,37.14,13,29021,3726,48197
2025-03-22T22:00,35.69,6,27362,3513,45760
2025-03-22T23:00,13.69,8,26012,4135,43082
2025-03-23T00:00,19.01,6,24322,5066,41130
2025-03-23T01:00,23.65,6,22495,5824,39794
2025-03-23T02:00,23.49,5,21233,5609,39523
2025-03-23T03:00,24.82,6,19878,5614,40050
2025-03-23T04:00,25.01,11,19334,5753,40457
2025-03-23T05:00,24.84,512,19115,5858,40569
2025-03-23T06:00,24.26,4017,17040,5504,42666
2025-03-23T07:00,18.99,10155,14306,5859,46721
2025-03-23T08:00,23.09,17145,11412,6050,50004
2025-03-23T09:00,13.78,23203,8610,5603,51294
2025-03-23T10:00,9.60,26622,7408,5516,52428
2025-03-23T11:00,13.49,27094,7230,4870,51759
2025-03-23T12:00,5.01,25412,6821,4315,49666
2025-03-23T13:00,11.46,21551,6702,4127,47802
2025-03-23T14:00,42.50,15400,7472,4352,47088
2025-03-23T15:00,84.42,8956,7056,4145,47421
2025-03-23T16:00,124.23,3232,6188,3998,50686
2025-03-23T17:00,140.00,291,5381,3753,53748
2025-03-23T18:00,142.51,26,4805,3564,54156
2025-03-23T19:00,140.58,13,4264,3641,52055
2025-03-23T20:00,130.00,6,3911,3286,50300
2025-03-23T21:00,126.47,6,3306,2463,48356
2025-03-23T22:00,114.24,5,2691,1841,45269
2025-03-23T23:00,110.45,5,2204,1346,42597
2025-03-24T00:00,107.29,5,1803,838,41044
2025-03-24T01:00,101.91,5,1778,531,40437
2025-03-24T02:00,98.94,5,1551,416,40987
2025-03-24T03:00,101.99,5,1444,336,42630
2025-03-24T04:00,119.82,7,1492,255,46361
2025-03-24T05:00,141.50,408,1614,230,53833
2025-03-24T06:00,164.28,3318,1392,282,59049
2025-03-24T07:00,161.86,8689,1025,274,61648
2025-03-24T08:00,135.38,14786,540,201,61979
2025-03-24T09:00,111.16,19742,352,85,61990
2025-03-24T10:00,107.36,23723,396,88,63106
2025-03-24T11:00,100.75,26047,626,133,62999
2025-03-24T12:00,100.87,25848,1108,230,61994
2025-03-24T13:00,106.57,23085,1865,293,60161
2025-03-24T14:00,115.85,17709,2671,287,59152
2025-03-24T15:00,130.95,10511,3077,346,58368
2025-03-24T16:00,154.15,3668,3296,448,59788
2025-03-24T17:00,211.99,352,3312,527,62231
2025-03-24T18:00,193.00,34,3570,673,62474
2025-03-24T19:00,161.84,19,3670,701,59043
2025-03-24T20:00,138.55,12,3774,786,55514
2025-03-24T21:00,125.58,6,3767,831,52358
2025-03-24T22:00,115.16,6,3790,844,48924
2025-03-24T23:00,102.07,6,4098,1128,46147
2025-03-25T00:00,101.76,6,4430,1399,45023
2025-03-25T01:00,100.20,6,4611,1627,44393
2025-03-25T02:00,102.67,6,5094,1934,45393
2025-03-25T03:00,101.96,5,5425,2206,46958
2025-03-25T04:00,107.39,8,5672,2518,50386
2025-03-25T05:00,136.05,596,5815,2917,57340
2025-03-25T06:00,142.13,4147,5363,3444,62404
2025-03-25T07:00,133.36,9733,4998,3883,65144
2025-03-25T08:00,106.41,16066,5066,4137,66057
2025-03-25T09:00,92.03,21920,5369,4328,65741
2025-03-25T10:00,78.80,26470,5994,4209,64806
2025-03-25T11:00,68.45,28825,6207,3910,63997
2025-03-25T12:00,69.23,28325,7212,3503,62603
2025-03-25T13:00,81.70,25396,8673,3523,61541
2025-03-25T14:00,95.52,19624,9236,3269,61012
2025-03-25T15:00,108.84,11825,9159,3560,61489
2025-03-25T16:00,138.81,4179,8343,3768,62956
2025-03-25T17:00,161.14,373,8252,4289,65135
2025-03-25T18:00,166.36,34,8861,4924,65111
2025-03-25T19:00,148.60,19,9385,4888,61385
2025-03-25T20:00,122.36,6,9768,5138,58249
2025-03-25T21:00,114.83,6,9826,5072,54578
2025-03-25T22:00,102.05,6,10072,4999,50678
2025-03-25T23:00,101.02,6,10116,4454,47271
2025-03-26T00:00,97.96,6,9577,4486,45275
2025-03-26T01:00,97.36,6,9622,4510,44501
2025-03-26T02:00,97.39,6,9856,4478,44743
2025-03-26T03:00,95.72,6,9868,4949,46347
2025-03-26T04:00,98.85,6,10108,4720,49905
2025-03-26T05:00,128.76,462,10977,4308,57163
2025-03-26T06:00,141.95,2788,10718,3659,61283
2025-03-26T07:00,137.09,6123,10444,2978,64259
2025-03-26T08:00,111.86,9527,10470,2353,65137
2025-03-26T09:00,100.00,12205,10332,1672,65758
2025-03-26T10:00,96.39,13943,9927,1832,66521
2025-03-26T11:00,94.81,15028,9722,1806,66268
2025-03-26T12:00,84.50,15268,9554,1577,66426
2025-03-26T13:00,90.79,14112,8728,1478,64912
2025-03-26T14:00,94.36,11164,7859,1464,63673
2025-03-26T15:00,101.45,7036,7409,1600,62824
2025-03-26T16:00,135.16,2742,6916,1110,63401
2025-03-26T17:00,162.00,292,6878,981,64890
2025-03-26T18:00,169.54,21,7019,813,64513
2025-03-26T19:00,153.27,13,6872,1138,61772
2025-03-26T20:00,129.40,6,6333,1448,58056
2025-03-26T21:00,120.27,6,5838,1702,54174
2025-03-26T22:00,108.91,6,5350,2060,50104
2025-03-26T23:00,104.93,6,5145,2607,47413
2025-03-27T00:00,98.98,6,5134,2859,45770
2025-03-27T01:00,97.80,6,5081,3331,44883
2025-03-27T02:00,98.85,6,5082,4050,45464
2025-03-27T03:00,97.07,6,5212,4585,46665
2025-03-27T04:00,104.90,9,5095,5122,50773
2025-03-27T05:00,129.83,795,5013,4769,57085
2025-03-27T06:00,140.00,5475,4294,4821,61148
2025-03-27T07:00,123.50,12931,3322,4712,63670
2025-03-27T08:00,89.92,20997,2986,4590,63050
2025-03-27T09:00,77.61,26988,3692,4334,62668
2025-03-27T10:00,45.48,32247,4027,3854,62527
2025-03-27T11:00,24.81,35081,4082,4097,61663
2025-03-27T12:00,6.67,35059,3842,4225,60518
2025-03-27T13:00,30.34,32333,3554,4056,59084
2025-03-27T14:00,74.93,26317,3105,3846,58768
2025-03-27T15:00,93.74,17050,2626,4037,58383
2025-03-27T16:00,127.25,6598,2188,4572,60940
2025-03-27T17:00,157.90,703,2476,4664,63440
2025-03-27T18:00,170.70,54,3772,4476,64219
2025-03-27T19:00,141.61,32,4794,4402,61232
2025-03-27T20:00,124.42,13,5570,4286,57727
2025-03-27T21:00,113.10,7,5955,4443,53848
2025-03-27T22:00,100.91,7,6476,4403,49934
2025-03-27T23:00,90.00,6,7058,4245,47358
2025-03-28T00:00,79.38,6,7459,4688,45639
2025-03-28T01:00,79.02,7,7726,4980,45605
2025-03-28T02:00,79.38,7,8372,5144,46493
2025-03-28T03:00,79.84,7,8908,5040,47869
2025-03-28T04:00,103.51,12,9921,5128,51331
2025-03-28T05:00,128.52,1679,10091,4861,57230
2025-03-28T06:00,122.20,9914,9080,4741,61328
2025-03-28T07:00,102.08,21987,6260,4310,63148
2025-03-28T08:00,75.57,33028,3628,3994,63201
2025-03-28T09:00,25.77,40386,3348,3446,60790
2025-03-28T10:00,1.68,44795,3556,3372,58999
2025-03-28T11:00,-0.01,45366,3352,2855,57016
2025-03-28T12:00,-0.03,42688,2578,2647,55057
2025-03-28T13:00,14.48,37852,2314,2789,54243
2025-03-28T14:00,70.10,29950,2763,2802,54243
2025-03-28T15:00,104.19,18070,3556,2274,54552
2025-03-28T16:00,132.00,6542,4432,1777,56985
2025-03-28T17:00,165.99,766,5158,1828,59364
2025-03-28T18:00,165.90,43,6787,1784,60167
2025-03-28T19:00,148.03,28,8012,1270,56678
2025-03-28T20:00,124.56,13,8154,1254,53618
2025-03-28T21:00,117.94,8,7680,1279,50188
2025-03-28T22:00,110.12,16,7158,1433,46589
2025-03-28T23:00,113.62,14,6785,1289,43636
2025-03-29T00:00,103.91,17,6729,1274,40995
2025-03-29T01:00,96.54,8,7590,1176,39647
2025-03-29T02:00,96.22,7,8648,1114,39670
2025-03-29T03:00,96.50,6,9910,1144,40290
2025-03-29T04:00,92.74,12,11217,1052,40733
2025-03-29T05:00,96.73,689,11628,916,42414
2025-03-29T06:00,98.44,4157,11207,944,45380
2025-03-29T07:00,91.86,9969,10606,926,48263
2025-03-29T08:00,76.14,16435,11439,992,50469
2025-03-29T09:00,65.67,21933,11346,1060,52171
2025-03-29T10:00,65.34,24959,11445,1050,52543
2025-03-29T11:00,65.33,25709,11359,1095,51701
2025-03-29T12:00,2.06,28615,9434,1123,50052
2025-03-29T13:00,3.94,26158,9786,1259,48957
2025-03-29T14:00,25.27,20982,11886,1444,48816
2025-03-29T15:00,66.26,13430,14066,1412,49421
2025-03-29T16:00,100.10,5408,12472,1470,50626
2025-03-29T17:00,146.91,704,9679,1532,52427
2025-03-29T18:00,152.22,49,8739,1816,52325
2025-03-29T19:00,121.07,28,8366,2618,49758
2025-03-29T20:00,100.42,12,8136,3456,47470
2025-03-29T21:00,82.75,6,8470,4218,45894
2025-03-29T22:00,68.27,8,9781,5083,43013
2025-03-29T23:00,46.31,14,12703,4529,40780
2025-03-30T00:00,15.89,8,16445,3738,39485
2025-03-30T01:00,5.10,46,20417,3726,39289
2025-03-30T02:00,1.20,68,23560,3523,39881
2025-03-30T03:00,0.09,55,26100,3412,40345
2025-03-30T04:00,0.03,50,29817,3948,40854
2025-03-30T05:00,0.00,1518,30708,4502,42777
2025-03-30T06:00,-0.01,6933,31229,2508,45278
2025-03-30T07:00,-0.04,13291,30959,2367,48260
2025-03-30T08:00,-3.47,17887,29916,1658,50892
2025-03-30T09:00,-11.34,19594,29993,1146,52106
2025-03-30T10:00,-18.50,19444,28735,1651,52420
2025-03-30T11:00,-25.76,18233,24046,1616,50781
2025-03-30T12:00,-26.07,17220,23528,1519,48677
2025-03-30T13:00,-12.96,15659,26011,1877,48019
2025-03-30T14:00,-4.01,12426,30410,2337,48023
2025-03-30T15:00,-0.01,7977,35168,2867,49678
2025-03-30T16:00,14.41,3402,37064,3854,51076
2025-03-30T17:00,60.83,463,35783,4363,52313
2025-03-30T18:00,58.86,14,34960,4299,52218
2025-03-30T19:00,50.01,10,32828,4530,50238
2025-03-30T20:00,61.71,7,29908,4147,48854
2025-03-30T21:00,56.44,6,28639,3988,46235
2025-03-30T22:00,65.57,6,27437,5054,43829
2025-03-30T23:00,63.25,6,25963,4889,41727
2025-03-31T00:00,64.41,7,24467,4687,41538
2025-03-31T01:00,67.22,7,22852,4753,41901
2025-03-31T02:00,68.97,6,21846,4746,43797
2025-03-31T03:00,88.00,6,20672,4543,48627
2025-03-31T04:00,109.27,14,19772,3742,57019
2025-03-31T05:00,143.54,665,17818,3295,61216
2025-03-31T06:00,174.23,3537,15355,3022,63876
2025-03-31T07:00,133.17,7762,14585,2662,64928
2025-03-31T08:00,110.27,12266,14393,2141,65098
2025-03-31T09:00,99.04,16666,13486,1999,64573
2025-03-31T10:00,83.54,20090,12974,1996,63854
2025-03-31T11:00,74.10,21916,12852,1785,62721
2025-03-31T12:00,73.58,22071,13235,1595,60807
2025-03-31T13:00,69.55,19755,13492,1338,59016
2025-03-31T14:00,76.24,15453,13340,1133,58073
2025-03-31T15:00,100.83,10083,12196,954,58843
2025-03-31T16:00,131.57,4424,10330,1020,60518
2025-03-31T17:00,183.96,713,8581,1027,61000
2025-03-31T18:00,172.73,58,8316,770,59566
2025-03-31T19:00,135.03,21,8226,749,56482
2025-03-31T20:00,115.25,7,7766,714,53104
2025-03-31T21:00,102.34,6,7096,851,49758
2025-03-31T22:00,101.56,6,6676,819,46680
2025-03-31T23:00,95.02,6,6316,794,44634
2025-04-01T00:00,92.91,6,6133,735,43877
2025-04-01T01:00,93.50,6,6243,705,44110
2025-04-01T02:00,91.43,6,6811,746,45956
2025-04-01T03:00,100.71,7,7631,810,50106
2025-04-01T04:00,129.46,29,8482,809,57448
2025-04-01T05:00,179.96,1690,9062,732,62028
2025-04-01T06:00,159.37,8304,8373,665,64316
2025-04-01T07:00,108.47,18194,6339,600,64568
2025-04-01T08:00,86.17,27222,7507,536,63056
2025-04-01T09:00,70.26,32759,9756,406,63483
2025-04-01T10:00,53.15,34498,11536,241,62052
2025-04-01T11:00,11.57,34270,12862,232,61118
2025-04-01T12:00,10.89,33251,13310,242,59345
2025-04-01T13:00,26.70,30025,13859,353,57612
2025-04-01T14:00,65.23,24840,14562,523,56542
2025-04-01T15:00,82.80,16678,15792,809,57236
2025-04-01T16:00,122.39,7098,15349,1110,59619
2025-04-01T17:00,155.72,1023,15550,1424,60108
2025-04-01T18:00,138.00,28,18223,1582,59790
2025-04-01T19:00,110.90,7,21564,1850,57216
2025-04-01T20:00,95.64,8,22518,2217,53174
2025-04-01T21:00,79.45,7,23019,2214,48826
2025-04-01T22:00,68.06,6,22474,2012,45719
2025-04-01T23:00,66.93,6,21344,1661,43933
2025-04-02T00:00,66.80,7,20319,1630,43296
2025-04-02T01:00,67.97,6,19887,1618,43676
2025-04-02T02:00,68.90,6,19364,1720,44898
2025-04-02T03:00,82.18,8,18853,1951,48993
2025-04-02T04:00,113.84,43,18967,2222,56321
2025-04-02T05:00,150.31,2256,17766,2635,60838
2025-04-02T06:00,124.70,10542,14372,2960,63138
2025-04-02T07:00,84.74,22287,11067,2920,63273
2025-04-02T08:00,48.38,32837,10253,2786,61522
2025-04-02T09:00,0.00,40243,9821,1973,60809
2025-04-02T10:00,-4.92,42310,8030,1562,59658
2025-04-02T11:00,-20.06,42146,7728,1662,58486
2025-04-02T12:00,-21.02,39627,11519,1940,56693
2025-04-02T13:00,-10.00,35061,16050,2216,56362
2025-04-02T14:00,-1.73,27805,20153,2441,56163
2025-04-02T15:00,15.37,18580,23828,2865,57423
2025-04-02T16:00,88.84,7825,24518,4364,58823
2025-04-02T17:00,125.35,1174,24454,4948,59305
2025-04-02T18:00,114.00,21,26167,5117,59239
2025-04-02T19:00,96.07,10,27603,5210,56511
2025-04-02T20:00,82.63,9,26581,5146,52725
2025-04-02T21:00,71.43,6,25760,4979,49259
2025-04-02T22:00,67.00,6,23940,4805,45615
2025-04-02T23:00,67.00,6,22063,4502,44310
2025-04-03T00:00,67.00,6,20223,4043,43065
2025-04-03T01:00,68.95,6,18984,3348,42802
2025-04-03T02:00,71.00,7,18203,3038,44545
2025-04-03T03:00,86.22,7,17634,2826,48441
2025-04-03T04:00,129.71,74,17073,2507,55123
2025-04-03T05:00,162.77,2999,15198,2265,59429
2025-04-03T06:00,133.30,13026,11569,1771,62297
2025-04-03T07:00,79.11,26026,6574,1437,62676
2025-04-03T08:00,40.47,37021,4634,1070,61779
2025-04-03T09:00,-0.16,44073,4437,700,60814
2025-04-03T10:00,-1.19,47290,5270,626,58651
2025-04-03T11:00,-8.40,46819,5307,554,56992
2025-04-03T12:00,-5.85,44947,5862,560,55535
2025-04-03T13:00,-0.27,41051,6260,817,54795
2025-04-03T14:00,16.09,33548,6042,1113,54549
2025-04-03T15:00,75.00,21759,6300,979,55222
2025-04-03T16:00,138.00,8851,6038,1169,57911
2025-04-03T17:00,163.48,1272,6393,1313,59364
2025-04-03T18:00,155.88,53,8754,1623,58951
2025-04-03T19:00,137.03,17,10688,1934,55777
2025-04-03T20:00,113.21,6,11217,1724,51894
2025-04-03T21:00,104.63,6,10633,1525,47907
2025-04-03T22:00,108.34,6,9347,1194,44844
2025-04-03T23:00,103.04,7,7703,826,43132
2025-04-04T00:00,102.89,6,6199,578,42304
2025-04-04T01:00,103.61,6,5018,540,42581
2025-04-04T02:00,105.95,6,4140,578,44244
2025-04-04T03:00,112.55,7,3574,612,48136
2025-04-04T04:00,152.67,83,3408,790,55264
2025-04-04T05:00,180.17,3230,3322,780,59444
2025-04-04T06:00,139.40,13616,2819,587,62402
2025-04-04T07:00,95.68,26538,1611,485,61635
2025-04-04T08:00,65.00,36869,809,452,60312
2025-04-04T09:00,7.82,44362,1044,851,59499
2025-04-04T10:00,0.00,47803,1470,973,57594
2025-04-04T11:00,-1.31,47543,1380,964,56108
2025-04-04T12:00,-1.21,44902,1593,801,53719
2025-04-04T13:00,-0.13,40646,2057,884,52745
2025-04-04T14:00,29.70,32964,2664,1230,52837
2025-04-04T15:00,79.87,21659,3922,1646,53594
2025-04-04T16:00,126.35,9044,5278,2497,56223
2025-04-04T17:00,167.64,1423,6205,2844,56917
2025-04-04T18:00,155.99,59,8457,2302,56327
2025-04-04T19:00,120.67,21,10441,2213,52495
2025-04-04T20:00,106.15,12,10608,3128,49053
2025-04-04T21:00,96.97,8,11076,3220,45675
2025-04-04T22:00,109.23,10,10615,2803,43140
2025-04-04T23:00,102.76,8,9858,2425,40693
2025-04-05T00:00,99.39,6,9824,2168,40013
2025-04-05T01:00,99.40,6,10238,2478,39907
2025-04-05T02:00,98.31,6,11110,2898,40591
2025-04-05T03:00,97.50,14,11330,3389,42485
2025-04-05T04:00,102.98,71,11463,3932,44033
2025-04-05T05:00,105.90,3010,10809,4234,47049
2025-04-05T06:00,98.30,12706,8562,4150,50060
2025-04-05T07:00,57.16,24982,7262,3800,52721
2025-04-05T08:00,0.66,35100,7588,2662,52265
2025-04-05T09:00,-0.94,40950,7384,1279,50492
2025-04-05T10:00,-24.09,43065,5639,906,48502
2025-04-05T11:00,-47.73,41858,4682,704,46025
2025-04-05T12:00,-49.10,38414,5076,599,44289
2025-04-05T13:00,-29.91,33153,8195,718,44373
2025-04-05T14:00,-4.30,25878,13478,1078,45145
2025-04-05T15:00,0.00,17602,18798,2369,47324
2025-04-05T16:00,70.00,7940,23388,3613,49364
2025-04-05T17:00,99.40,1360,24376,3391,49684
2025-04-05T18:00,98.90,52,25083,3048,49049
2025-04-05T19:00,84.25,34,25773,3342,47445
2025-04-05T20:00,78.99,26,24262,3243,45361
2025-04-05T21:00,68.75,10,22672,3504,42782
2025-04-05T22:00,70.45,7,20858,4119,39865
2025-04-05T23:00,61.00,6,19087,3556,38255
2025-04-06T00:00,62.72,10,17092,3176,37367
2025-04-06T01:00,68.28,10,15641,2459,37739
2025-04-06T02:00,69.95,12,14475,1746,38093
2025-04-06T03:00,77.43,8,13823,1472,38418
2025-04-06T04:00,76.54,111,13767,1494,39090
2025-04-06T05:00,78.11,3767,12403,1348,41351
2025-04-06T06:00,41.79,14855,10480,645,44169
2025-04-06T07:00,0.10,27772,9762,386,47227
2025-04-06T08:00,-2.00,36093,9496,152,47712
2025-04-06T09:00,-27.56,40807,7574,91,47928
2025-04-06T10:00,-60.01,43274,4136,56,46926
2025-04-06T11:00,-106.31,42991,2148,33,44489
2025-04-06T12:00,-114.57,40593,1802,3,42720
2025-04-06T13:00,-70.00,37065,2082,70,41804
2025-04-06T14:00,-18.95,32222,4192,402,42729
2025-04-06T15:00,1.76,23400,6207,1159,46099
2025-04-06T16:00,112.41,10345,7350,1367,48352
2025-04-06T17:00,131.56,1674,7551,1370,49783
2025-04-06T18:00,132.90,36,9084,1819,50472
2025-04-06T19:00,121.38,18,10786,2194,49368
2025-04-06T20:00,111.84,16,10884,2013,47939
2025-04-06T21:00,100.03,6,10267,1744,45290
2025-04-06T22:00,86.71,6,9178,1558,42905
2025-04-06T23:00,85.00,6,8677,1409,41779
2025-04-07T00:00,81.73,6,8424,1202,41612
2025-04-07T01:00,83.53,6,8037,1030,42380
2025-04-07T02:00,85.45,7,7946,872,43756
2025-04-07T03:00,98.74,6,8214,860,48441
2025-04-07T04:00,131.10,118,8742,813,56368
2025-04-07T05:00,175.97,3537,8377,710,60409
2025-04-07T06:00,144.61,13284,6138,760,62912
2025-04-07T07:00,107.10,25512,4070,868,62935
2025-04-07T08:00,83.37,35628,4786,989,61784
2025-04-07T09:00,65.00,42765,5166,1220,61278
2025-04-07T10:00,11.80,46228,5459,1103,59148
2025-04-07T11:00,2.19,45780,5326,597,57163
2025-04-07T12:00,3.94,42802,5408,534,55439
2025-04-07T13:00,60.98,38316,5746,704,54837
2025-04-07T14:00,72.00,30592,6621,675,54380
2025-04-07T15:00,102.43,20348,6419,733,55388
2025-04-07T16:00,127.60,9209,5666,762,57839
2025-04-07T17:00,168.45,1689,5082,708,58878
2025-04-07T18:00,165.05,54,5627,598,58199
2025-04-07T19:00,138.20,23,6722,622,55448
2025-04-07T20:00,121.02,21,7079,560,51951
2025-04-07T21:00,105.21,10,6809,342,48432
2025-04-07T22:00,94.93,6,5944,149,45581
2025-04-07T23:00,87.83,6,5080,80,43957
2025-04-08T00:00,89.06,6,4192,45,43269
2025-04-08T01:00,89.90,6,3611,19,43766
2025-04-08T02:00,91.62,6,3028,16,45532
2025-04-08T03:00,105.73,6,2772,29,49203
2025-04-08T04:00,142.97,157,2565,19,56541
2025-04-08T05:00,180.55,3570,2379,11,60711
2025-04-08T06:00,136.77,12931,1659,10,62982
2025-04-08T07:00,91.30,24690,860,7,63138
2025-04-08T08:00,76.47,35641,1036,4,62001
2025-04-08T09:00,61.09,43358,1304,1,60212
2025-04-08T10:00,19.57,45902,1380,0,58270
2025-04-08T11:00,16.83,44828,1213,0,56605
2025-04-08T12:00,28.59,41488,1178,0,55376
2025-04-08T13:00,57.47,36416,1237,1,54933
2025-04-08T14:00,73.33,29236,1334,8,54194
2025-04-08T15:00,90.34,19564,1545,38,55539
2025-04-08T16:00,118.26,8784,1619,104,57397
2025-04-08T17:00,180.40,1662,1968,206,58503
2025-04-08T18:00,171.31,57,2939,301,58129
2025-04-08T19:00,140.00,18,4060,316,55266
2025-04-08T20:00,120.47,6,4621,302,51699
2025-04-08T21:00,105.12,6,4600,346,48272
2025-04-08T22:00,104.99,6,4502,460,44928
2025-04-08T23:00,95.99,6,4087,570,43559
2025-04-09T00:00,94.67,5,3471,805,43056
2025-04-09T01:00,94.45,6,3007,1168,43528
2025-04-09T02:00,95.79,6,2885,1663,45198
2025-04-09T03:00,109.45,10,2768,1768,48882
2025-04-09T04:00,152.68,142,2660,1706,55876
2025-04-09T05:00,175.56,3015,2506,1584,60033
2025-04-09T06:00,131.56,10134,2290,1550,62332
2025-04-09T07:00,99.51,19775,2119,1534,62842
2025-04-09T08:00,82.71,29199,2262,1718,62598
2025-04-09T09:00,59.69,35737,3088,1979,61271
2025-04-09T10:00,13.61,37848,4264,2039,59135
2025-04-09T11:00,6.72,36873,5466,2635,58475
2025-04-09T12:00,13.27,34986,6766,2796,57144
2025-04-09T13:00,34.87,31335,8322,3022,56696
2025-04-09T14:00,62.98,25256,10059,3624,56753
2025-04-09T15:00,83.50,16862,11920,4422,57989
2025-04-09T16:00,103.48,7892,12879,4818,60530
2025-04-09T17:00,131.57,1618,12790,4589,61373
2025-04-09T18:00,138.73,42,13480,5300,60975
2025-04-09T19:00,111.23,7,14924,5712,58722
2025-04-09T20:00,101.94,6,14808,5103,54685
2025-04-09T21:00,98.51,6,13994,4373,50397
2025-04-09T22:00,92.90,6,12895,4197,47484
2025-04-09T23:00,89.55,6,11495,3442,45138
2025-04-10T00:00,88.90,6,10207,2849,43997
2025-04-10T01:00,87.92,6,8742,2584,43899
2025-04-10T02:00,90.00,6,7174,2353,44643
2025-04-10T03:00,97.54,6,5969,1797,48148
2025-04-10T04:00,132.44,149,4965,1523,55290
2025-04-10T05:00,170.59,2370,3880,1174,60026
2025-04-10T06:00,135.44,7525,2912,972,62758
2025-04-10T07:00,102.40,14578,2340,968,62730
2025-04-10T08:00,85.71,22857,2238,837,62841
2025-04-10T09:00,66.34,30000,2832,1092,63838
2025-04-10T10:00,34.95,35433,3442,1201,61890
2025-04-10T11:00,2.18,38577,4487,1296,59858
2025-04-10T12:00,0.08,39650,5685,1538,58331
2025-04-10T13:00,1.18,37508,6285,1996,56928
2025-04-10T14:00,54.44,31571,7848,2638,56955
2025-04-10T15:00,70.00,21508,10974,3230,58407
2025-04-10T16:00,101.68,9694,13180,3521,60675
2025-04-10T17:00,140.42,1946,14331,4087,62320
2025-04-10T18:00,137.17,45,16946,3723,61790
2025-04-10T19:00,97.56,14,21034,3467,59441
2025-04-10T20:00,92.05,8,22426,4040,55373
2025-04-10T21:00,81.11,6,23235,4192,51224
2025-04-10T22:00,65.32,7,24045,4698,49121
2025-04-10T23:00,60.75,5,24096,4480,47348
2025-04-11T00:00,58.44,6,23644,3848,46687
2025-04-11T01:00,58.43,6,23486,3275,46866
2025-04-11T02:00,61.93,6,23221,2970,47920
2025-04-11T03:00,71.99,10,22630,2659,50666
2025-04-11T04:00,94.20,198,22018,2343,57152
2025-04-11T05:00,111.40,3508,20317,2128,61496
2025-04-11T06:00,85.90,11727,18936,1598,63705
2025-04-11T07:00,58.89,22157,18200,1633,63486
2025-04-11T08:00,11.31,32231,17153,1863,63025
2025-04-11T09:00,0.00,39106,16444,2351,62108
2025-04-11T10:00,-3.00,41949,15599,1238,59328
2025-04-11T11:00,-4.99,41748,16258,1387,57455
2025-04-11T12:00,-3.61,38840,17234,1201,55054
2025-04-11T13:00,-0.10,34625,17493,1088,54580
2025-04-11T14:00,0.00,27814,17129,1500,54222
2025-04-11T15:00,70.15,17920,14947,1369,55501
2025-04-11T16:00,110.69,8227,12214,1720,56764
2025-04-11T17:00,133.40,1770,9443,1489,57096
2025-04-11T18:00,155.00,73,8075,1394,56342
2025-04-11T19:00,130.46,32,7720,1729,54078
2025-04-11T20:00,119.10,19,7200,1932,50757
2025-04-11T21:00,105.49,12,6149,1948,47133
2025-04-11T22:00,107.84,14,5388,1680,44100
2025-04-11T23:00,104.41,7,4808,1163,41750
2025-04-12T00:00,100.93,8,4385,951,40553
2025-04-12T01:00,98.15,6,4192,924,40363
2025-04-12T02:00,98.99,6,4040,802,41239
2025-04-12T03:00,99.08,6,3989,641,41693
2025-04-12T04:00,104.42,262,4216,539,42879
2025-04-12T05:00,99.74,4136,4336,451,45562
2025-04-12T06:00,95.49,13414,3930,402,49022
2025-04-12T07:00,67.26,25003,2662,385,50663
2025-04-12T08:00,20.19,35691,2169,96,50575
2025-04-12T09:00,0.00,43253,2259,223,49410
2025-04-12T10:00,-9.23,45377,1697,153,47861
2025-04-12T11:00,-40.04,46642,1524,186,46111
2025-04-12T12:00,-42.01,44882,1746,336,44308
2025-04-12T13:00,-18.68,40495,3014,587,43388
2025-04-12T14:00,-0.08,33185,3744,1185,43764
2025-04-12T15:00,59.47,22385,4966,2159,44975
2025-04-12T16:00,111.31,9850,5696,3026,47076
2025-04-12T17:00,150.06,1973,6729,4340,47891
2025-04-12T18:00,120.89,69,10876,4886,47873
2025-04-12T19:00,91.00,24,15596,4888,46831
2025-04-12T20:00,86.27,18,17937,4990,44544
2025-04-12T21:00,64.27,10,20344,4867,42079
2025-04-12T22:00,63.99,19,21620,4804,39435
2025-04-12T23:00,56.00,9,21720,5230,38221
2025-04-13T00:00,42.36,7,21164,5294,37723
2025-04-13T01:00,29.50,10,21122,5173,37002
2025-04-13T02:00,32.06,7,21564,5373,37121
2025-04-13T03:00,34.48,6,21874,5203,37753
2025-04-13T04:00,29.41,268,22633,5107,38412
2025-04-13T05:00,27.75,3394,22157,4708,40205
2025-04-13T06:00,12.87,9356,20150,4216,43977
2025-04-13T07:00,8.43,15442,17696,4336,47525
2025-04-13T08:00,0.00,20981,18203,4623,50374
2025-04-13T09:00,-0.02,24026,19692,2939,51685
2025-04-13T10:00,-3.02,25299,21341,3086,51845
2025-04-13T11:00,-18.84,24357,22387,3458,50067
2025-04-13T12:00,-25.38,22900,22271,3650,47469
2025-04-13T13:00,-9.93,20142,21756,4106,46688
2025-04-13T14:00,-0.01,16087,21991,3380,46923
2025-04-13T15:00,17.56,11371,19000,4733,47610
2025-04-13T16:00,98.63,6163,14980,3392,47938
2025-04-13T17:00,120.65,1547,10492,2888,48417
2025-04-13T18:00,118.01,38,8322,2429,48709
2025-04-13T19:00,108.06,7,7339,2076,47351
2025-04-13T20:00,103.35,8,6192,2117,46125
2025-04-13T21:00,94.98,8,5490,2148,43973
2025-04-13T22:00,87.56,10,4639,1798,42026
2025-04-13T23:00,82.69,7,3798,1333,40504
2025-04-14T00:00,82.11,5,3505,1293,39650
2025-04-14T01:00,82.29,5,3748,1700,39594
2025-04-14T02:00,84.52,5,4131,2456,41201
2025-04-14T03:00,97.10,6,4308,2432,46176
2025-04-14T04:00,124.34,260,4594,1945,52757
2025-04-14T05:00,152.03,3095,4830,1402,57755
2025-04-14T06:00,143.70,9545,4378,746,60902
2025-04-14T07:00,104.70,18700,3690,579,62253
2025-04-14T08:00,91.02,28088,4306,406,61849
2025-04-14T09:00,77.07,35384,4977,268,60768
2025-04-14T10:00,62.35,38168,4566,216,59480
2025-04-14T11:00,61.64,38448,3926,133,57603
2025-04-14T12:00,64.36,37468,2900,75,55384
2025-04-14T13:00,75.29,34331,1948,104,54137
2025-04-14T14:00,84.60,28769,1302,152,53446
2025-04-14T15:00,97.02,19610,1118,415,55003
2025-04-14T16:00,119.35,9361,1582,1194,57006
2025-04-14T17:00,180.00,2160,3110,1930,57865
2025-04-14T18:00,140.61,74,6684,2736,57542
2025-04-14T19:00,102.83,26,12578,3400,55170
2025-04-14T20:00,82.59,8,16862,3782,52031
2025-04-14T21:00,76.00,8,19705,4001,48109
2025-04-14T22:00,72.93,6,21157,4234,45054
2025-04-14T23:00,73.20,7,21413,4714,44003
2025-04-15T00:00,67.38,6,21026,4682,43087
2025-04-15T01:00,64.29,6,20800,4686,43256
2025-04-15T02:00,66.30,6,20997,4777,45092
2025-04-15T03:00,70.42,8,20572,4886,49219
2025-04-15T04:00,83.03,368,20860,4896,56065
2025-04-15T05:00,96.99,4412,18509,5251,60418
2025-04-15T06:00,98.56,13285,14837,5534,62584
2025-04-15T07:00,65.00,23318,12770,5286,63435
2025-04-15T08:00,48.93,30738,13152,5022,62237
2025-04-15T09:00,2.92,34071,14604,4520,62139
2025-04-15T10:00,0.08,33186,16384,3960,61721
2025-04-15T11:00,0.00,31332,18118,3899,61427
2025-04-15T12:00,0.10,28162,18419,3058,59759
2025-04-15T13:00,29.27,23223,17944,2900,58234
2025-04-15T14:00,68.08,17540,18120,2806,57168
2025-04-15T15:00,86.57,12289,18776,2718,58708
2025-04-15T16:00,105.28,6626,18603,3159,60182
2025-04-15T17:00,133.58,1716,16802,3639,60844
2025-04-15T18:00,141.54,41,14810,4552,59567
2025-04-15T19:00,110.58,20,12465,3656,56635
2025-04-15T20:00,102.21,16,10864,3241,52801
2025-04-15T21:00,93.76,5,10083,2450,48807
2025-04-15T22:00,88.01,4,9370,1971,45476
2025-04-15T23:00,82.04,4,9167,2356,44030
2025-04-16T00:00,82.20,5,8930,2424,43275
2025-04-16T01:00,81.40,5,7689,2518,43397
2025-04-16T02:00,82.99,5,6339,2325,43941
2025-04-16T03:00,99.40,9,5568,1684,47701
2025-04-16T04:00,121.00,510,4966,1474,53454
2025-04-16T05:00,135.14,4877,4241,1897,57554
2025-04-16T06:00,109.94,13568,3138,1953,60818
2025-04-16T07:00,94.82,22676,1920,1421,60309
2025-04-16T08:00,79.75,30114,1271,1846,60536
2025-04-16T09:00,64.08,35372,1470,1442,59608
2025-04-16T10:00,35.30,36874,2110,982,58912
2025-04-16T11:00,22.40,34420,3132,1259,58090
2025-04-16T12:00,24.94,30513,4535,988,57204
2025-04-16T13:00,55.00,25336,5964,799,57571
2025-04-16T14:00,68.00,19050,8508,758,57574
2025-04-16T15:00,93.16,11799,10315,726,58301
2025-04-16T16:00,118.00,5171,11723,692,59614
2025-04-16T17:00,146.52,1210,12256,849,58935
2025-04-16T18:00,136.48,43,14414,728,58430
2025-04-16T19:00,121.00,11,17257,752,56649
2025-04-16T20:00,109.69,6,18410,888,53073
2025-04-16T21:00,98.59,5,18360,946,49790
2025-04-16T22:00,88.99,5,17314,922,46581
2025-04-16T23:00,83.99,6,16963,1036,45162
2025-04-17T00:00,81.67,5,17214,1276,44331
2025-04-17T01:00,80.07,5,16972,1426,44324
2025-04-17T02:00,81.28,4,15939,1628,45376
2025-04-17T03:00,87.43,7,14781,1743,48795
2025-04-17T04:00,108.02,320,13846,1704,54629
2025-04-17T05:00,122.80,2554,12319,1851,59026
2025-04-17T06:00,130.00,6863,10894,1768,61944
2025-04-17T07:00,121.00,11260,9916,1778,63187
2025-04-17T08:00,110.00,15839,9658,1946,64266
2025-04-17T09:00,95.03,19640,10199,2089,64820
2025-04-17T10:00,80.84,22078,10770,2180,63575
2025-04-17T11:00,81.04,21968,11320,2159,62326
2025-04-17T12:00,77.75,19954,11953,2524,60848
2025-04-17T13:00,77.65,17082,13942,2407,60280
2025-04-17T14:00,83.87,13252,15798,2276,59554
2025-04-17T15:00,97.63,7950,16265,1875,58771
2025-04-17T16:00,112.65,3320,16276,1830,58401
2025-04-17T17:00,129.00,795,16868,1301,57312
2025-04-17T18:00,122.79,32,16928,986,55808
2025-04-17T19:00,114.76,16,16639,827,52798
2025-04-17T20:00,98.90,6,15791,875,49689
2025-04-17T21:00,96.52,7,13149,1485,46550
2025-04-17T22:00,91.00,6,11100,1632,42875
2025-04-17T23:00,81.30,8,10561,1862,40534
2025-04-18T00:00,79.12,6,10245,2044,38940
2025-04-18T01:00,77.94,5,10524,2298,38354
2025-04-18T02:00,76.34,5,10972,2253,38599
2025-04-18T03:00,76.35,6,12040,1946,39170
2025-04-18T04:00,79.39,135,13159,1590,39376
2025-04-18T05:00,87.98,1204,12900,1409,41052
2025-04-18T06:00,91.25,3198,11756,982,44327
2025-04-18T07:00,90.14,5782,10985,896,47152
2025-04-18T08:00,88.30,8237,10543,911,49198
2025-04-18T09:00,83.28,9842,9814,1268,51121
2025-04-18T10:00,75.03,10948,8600,1152,50793
2025-04-18T11:00,63.75,11564,7764,1292,49570
2025-04-18T12:00,62.64,11166,7009,1228,48219
2025-04-18T13:00,65.36,9873,6409,1186,47671
2025-04-18T14:00,76.61,8169,5626,1197,47016
2025-04-18T15:00,88.64,6083,4791,963,47340
2025-04-18T16:00,103.50,3366,4682,1030,48272
2025-04-18T17:00,123.12,995,4837,1178,48207
2025-04-18T18:00,126.52,70,4890,1283,47747
2025-04-18T19:00,116.52,19,5305,1564,46839
2025-04-18T20:00,106.35,11,5211,1791,44798
2025-04-18T21:00,99.12,5,5008,1925,41937
2025-04-18T22:00,89.32,6,4274,2035,39625
2025-04-18T23:00,80.01,7,3915,1875,37670
2025-04-19T00:00,84.45,6,3766,1955,37173
2025-04-19T01:00,82.39,5,3516,2111,36701
2025-04-19T02:00,84.98,5,3268,2064,37259
2025-04-19T03:00,90.62,6,3150,1731,38716
2025-04-19T04:00,95.20,317,3141,1413,39571
2025-04-19T05:00,91.67,3435,3046,1488,41793
2025-04-19T06:00,83.89,10017,2665,1792,44810
2025-04-19T07:00,76.43,18530,2215,2337,47459
2025-04-19T08:00,29.99,25777,2175,2631,48676
2025-04-19T09:00,4.54,30384,2368,2481,48157
2025-04-19T10:00,0.00,33558,2334,2080,47505
2025-04-19T11:00,-3.01,34253,2264,1499,45972
2025-04-19T12:00,-7.26,32715,2200,1051,44375
2025-04-19T13:00,-0.86,30122,2324,1179,43341
2025-04-19T14:00,0.20,25152,2157,1385,43444
2025-04-19T15:00,64.01,17928,2030,1413,44056
2025-04-19T16:00,102.77,9055,2020,1269,46029
2025-04-19T17:00,126.84,2399,2027,1189,47195
2025-04-19T18:00,142.71,153,2583,1151,46608
2025-04-19T19:00,127.36,36,3560,1162,45802
2025-04-19T20:00,109.55,18,4661,1106,43776
2025-04-19T21:00,98.27,8,5362,1018,40928
2025-04-19T22:00,100.41,10,5476,1107,38286
2025-04-19T23:00,94.90,5,5483,1305,36083
2025-04-20T00:00,98.98,5,4992,1602,35317
2025-04-20T01:00,97.41,5,4330,1808,35245
2025-04-20T02:00,98.83,5,4157,1824,35189
2025-04-20T03:00,108.64,8,4293,1764,35428
2025-04-20T04:00,109.38,683,4110,1518,35430
2025-04-20T05:00,94.32,5908,3705,1412,37696
2025-04-20T06:00,68.60,16095,2876,1282,41470
2025-04-20T07:00,18.63,26220,2342,1023,43263
2025-04-20T08:00,0.00,35118,2479,896,43432
2025-04-20T09:00,-5.72,39127,3007,893,43230
2025-04-20T10:00,-34.99,40212,3121,882,41774
2025-04-20T11:00,-52.42,39088,2746,752,39486
2025-04-20T12:00,-40.05,35586,2693,630,38857
2025-04-20T13:00,-4.76,30162,5012,650,38137
2025-04-20T14:00,0.00,22824,6365,652,38649
2025-04-20T15:00,72.42,14491,6606,542,39900
2025-04-20T16:00,106.81,7293,6186,336,42458
2025-04-20T17:00,119.94,2218,5418,250,43463
2025-04-20T18:00,144.95,118,4440,230,43675
2025-04-20T19:00,137.56,38,3506,125,42978
2025-04-20T20:00,121.82,36,4000,58,41674
2025-04-20T21:00,110.68,16,3746,73,39090
2025-04-20T22:00,108.58,17,3234,87,37229
2025-04-20T23:00,97.59,6,2610,60,35124
2025-04-21T00:00,96.47,10,2439,63,34107
2025-04-21T01:00,96.84,6,2581,71,33629
2025-04-21T02:00,97.98,5,2808,52,34241
2025-04-21T03:00,98.54,10,2851,58,34904
2025-04-21T04:00,97.07,419,3012,59,35482
2025-04-21T05:00,91.31,3504,2891,75,37249
2025-04-21T06:00,88.50,9570,2264,85,40187
2025-04-21T07:00,87.99,16698,1809,126,42936
2025-04-21T08:00,65.24,23470,1786,134,44352
2025-04-21T09:00,33.88,27727,1662,172,45772
2025-04-21T10:00,17.19,30432,1773,284,45302
2025-04-21T11:00,8.91,30653,1809,319,43731
2025-04-21T12:00,8.43,28556,2178,352,42815
2025-04-21T13:00,10.01,24854,2566,278,42388
2025-04-21T14:00,50.05,19892,2853,125,41770
2025-04-21T15:00,88.77,14167,2938,60,43164
2025-04-21T16:00,101.95,7402,3442,64,45386
2025-04-21T17:00,121.95,2187,3212,46,45806
2025-04-21T18:00,139.14,114,3732,39,46244
2025-04-21T19:00,132.10,14,4018,48,45390
2025-04-21T20:00,122.77,10,4462,41,43865
2025-04-21T21:00,106.54,6,4911,52,41186
2025-04-21T22:00,96.21,6,5343,82,38864
2025-04-21T23:00,88.80,5,5499,113,37516
2025-04-22T00:00,87.40,6,5247,121,36813
2025-04-22T01:00,85.01,5,4891,164,37120
2025-04-22T02:00,84.58,5,4611,219,38857
2025-04-22T03:00,97.39,7,4550,310,43221
2025-04-22T04:00,120.76,613,4743,247,50333
2025-04-22T05:00,151.54,4680,4214,242,55586
2025-04-22T06:00,147.00,12403,2943,281,59051
2025-04-22T07:00,111.88,20516,2598,225,59844
2025-04-22T08:00,95.20,25778,2501,195,59881
2025-04-22T09:00,89.97,29088,2333,205,59933
2025-04-22T10:00,79.92,29988,2532,140,59073
2025-04-22T11:00,67.66,29408,2924,129,57802
2025-04-22T12:00,71.47,27930,3136,116,56195
2025-04-22T13:00,78.45,25686,3328,162,55020
2025-04-22T14:00,83.07,21538,3208,184,54322
2025-04-22T15:00,100.04,15694,2672,164,54409
2025-04-22T16:00,122.38,8474,1871,132,55756
2025-04-22T17:00,192.32,2539,1021,103,55715
2025-04-22T18:00,263.20,202,659,140,54531
2025-04-22T19:00,157.28,22,740,94,53208
2025-04-22T20:00,122.28,15,583,68,49700
2025-04-22T21:00,109.60,6,445,96,46029
2025-04-22T22:00,106.72,4,454,127,43876
2025-04-22T23:00,99.40,4,576,116,42819
2025-04-23T00:00,96.84,4,745,173,42134
2025-04-23T01:00,96.70,4,874,151,42240
2025-04-23T02:00,101.20,4,1027,125,42919
2025-04-23T03:00,108.23,8,1059,106,46257
2025-04-23T04:00,137.09,865,1452,122,52053
2025-04-23T05:00,152.00,5663,1722,173,56896
2025-04-23T06:00,128.84,13993,1600,228,60006
2025-04-23T07:00,100.00,22416,1183,349,61023
2025-04-23T08:00,92.00,29080,902,626,60792
2025-04-23T09:00,94.39,32921,960,819,60770
2025-04-23T10:00,81.04,33838,1217,1006,59717
2025-04-23T11:00,80.29,32580,1446,1003,58961
2025-04-23T12:00,88.00,29772,1733,1405,57376
2025-04-23T13:00,92.35,25686,2314,1615,57005
2025-04-23T14:00,99.05,20565,3198,1351,56467
2025-04-23T15:00,108.28,13987,4571,1606,57550
2025-04-23T16:00,128.90,6592,5827,1820,57742
2025-04-23T17:00,155.97,1821,7323,1910,57744
2025-04-23T18:00,148.67,122,9364,2175,56835
2025-04-23T19:00,126.11,13,10948,2538,54728
2025-04-23T20:00,108.20,8,10843,3076,51344
2025-04-23T21:00,97.15,8,10356,3056,47546
2025-04-23T22:00,94.17,5,9879,3055,45073
2025-04-23T23:00,88.30,6,9502,2674,43336
2025-04-24T00:00,86.70,5,9416,2360,42240
2025-04-24T01:00,85.65,4,9709,2066,42307
2025-04-24T02:00,84.35,4,9383,1942,43432
2025-04-24T03:00,90.93,12,9796,1898,46954
2025-04-24T04:00,110.34,538,9939,1800,53709
2025-04-24T05:00,118.51,3110,8572,2076,58118
2025-04-24T06:00,117.65,7084,6413,1965,61274
2025-04-24T07:00,108.91,11484,5258,1793,62420
2025-04-24T08:00,96.67,15854,5244,1709,63798
2025-04-24T09:00,93.55,18865,5435,1895,64760
2025-04-24T10:00,81.56,20350,5263,2269,63676
2025-04-24T11:00,78.95,20523,5199,2269,62917
2025-04-24T12:00,78.04,18924,5569,2159,62044
2025-04-24T13:00,78.72,16823,6128,1752,60286
2025-04-24T14:00,83.37,14007,6676,1729,59447
2025-04-24T15:00,95.36,10070,6960,1960,59886
2025-04-24T16:00,101.02,5421,7098,2234,60424
2025-04-24T17:00,114.64,1706,6980,2138,59551
2025-04-24T18:00,121.61,133,7782,1931,58358
2025-04-24T19:00,114.48,8,8331,1992,56093
2025-04-24T20:00,106.53,8,8144,1838,52127
2025-04-24T21:00,93.10,5,7621,1500,48173
2025-04-24T22:00,91.03,7,7116,1252,45078
2025-04-24T23:00,82.92,5,6655,946,43192
2025-04-25T00:00,82.23,5,6364,979,42410
2025-04-25T01:00,83.40,5,5926,786,42639
2025-04-25T02:00,84.95,10,5792,584,44035
2025-04-25T03:00,94.64,16,5528,512,47668
2025-04-25T04:00,104.41,412,5344,379,53593
2025-04-25T05:00,113.39,2494,4900,280,58303
2025-04-25T06:00,111.00,5739,4328,203,61484
2025-04-25T07:00,99.41,10034,3878,132,62695
2025-04-25T08:00,88.17,15199,3664,55,63669
2025-04-25T09:00,75.45,19824,3464,47,63294
2025-04-25T10:00,66.61,24124,3603,59,63014
2025-04-25T11:00,48.03,26859,3844,49,59904
2025-04-25T12:00,40.99,26743,4034,28,57215
2025-04-25T13:00,59.47,24494,4138,17,56187
2025-04-25T14:00,73.04,20682,4360,14,55568
2025-04-25T15:00,84.19,14754,4432,38,55974
2025-04-25T16:00,99.43,8006,4214,83,56645
2025-04-25T17:00,115.99,2634,4482,115,56817
2025-04-25T18:00,123.78,240,5870,143,55448
2025-04-25T19:00,109.63,26,7727,148,53651
2025-04-25T20:00,100.37,14,8728,97,49977
2025-04-25T21:00,92.09,14,9354,109,46372
2025-04-25T22:00,100.00,14,9192,121,43739
2025-04-25T23:00,92.19,15,8661,145,41156
2025-04-26T00:00,91.02,14,8528,129,39785
2025-04-26T01:00,89.66,11,8684,158,39541
2025-04-26T02:00,89.01,6,9065,163,40062
2025-04-26T03:00,90.86,16,9371,216,40580
2025-04-26T04:00,93.01,968,9566,330,41855
2025-04-26T05:00,86.33,6207,8198,306,44283
2025-04-26T06:00,72.19,15932,4806,333,47558
2025-04-26T07:00,34.45,26679,3492,244,49981
2025-04-26T08:00,2.55,36286,3640,151,49973
2025-04-26T09:00,-0.01,40544,5178,136,48829
2025-04-26T10:00,-7.63,41841,6296,146,47965
2025-04-26T11:00,-14.85,40659,6660,117,46631
2025-04-26T12:00,-10.77,38586,7386,168,45111
2025-04-26T13:00,-2.19,34502,7496,386,44451
2025-04-26T14:00,-0.02,29209,8222,446,44241
2025-04-26T15:00,30.99,21453,9224,548,45109
2025-04-26T16:00,79.00,11183,10802,578,46921
2025-04-26T17:00,99.81,3480,11201,596,47749
2025-04-26T18:00,107.40,304,13668,782,47284
2025-04-26T19:00,96.85,10,17865,1111,46687
2025-04-26T20:00,85.26,9,20153,1838,44440
2025-04-26T21:00,72.31,8,21105,2390,41546
2025-04-26T22:00,67.71,6,21143,2880,38893
2025-04-26T23:00,62.91,7,20601,3188,37307
2025-04-27T00:00,57.96,7,19475,3319,36097
2025-04-27T01:00,59.12,6,18101,3760,35969
2025-04-27T02:00,61.94,5,16403,4209,36479
2025-04-27T03:00,69.05,22,15017,4036,36748
2025-04-27T04:00,69.14,1404,13980,3326,36782
2025-04-27T05:00,63.72,8448,10380,2588,39050
2025-04-27T06:00,34.95,20644,4766,1660,42132
2025-04-27T07:00,0.04,31613,2646,1161,44528
2025-04-27T08:00,-3.00,39059,2639,317,45083
2025-04-27T09:00,-33.88,42491,2530,192,44939
2025-04-27T10:00,-101.04,43364,1548,101,43806
2025-04-27T11:00,-129.81,42530,1288,190,42177
2025-04-27T12:00,-116.61,40607,1098,105,40611
2025-04-27T13:00,-50.00,37202,1174,153,40028
2025-04-27T14:00,-5.17,32685,1858,279,40207
2025-04-27T15:00,18.35,24752,2001,420,42426
2025-04-27T16:00,91.98,13191,2348,384,44921
2025-04-27T17:00,110.83,3958,2496,300,46763
2025-04-27T18:00,124.23,360,3464,251,47178
2025-04-27T19:00,109.24,18,4818,251,46903
2025-04-27T20:00,99.00,14,5690,230,45515
2025-04-27T21:00,93.77,7,5644,265,42844
2025-04-27T22:00,92.24,6,4972,349,40888
2025-04-27T23:00,86.49,6,3977,209,39569
2025-04-28T00:00,83.10,6,2828,138,38845
2025-04-28T01:00,85.41,5,2232,94,39184
2025-04-28T02:00,91.19,5,1918,109,40922
2025-04-28T03:00,99.49,24,1650,184,45021
2025-04-28T04:00,140.00,1465,1379,248,52286
2025-04-28T05:00,131.09,8487,1118,294,57262
2025-04-28T06:00,96.85,20606,528,316,60214
2025-04-28T07:00,67.37,32070,201,318,58333
2025-04-28T08:00,10.03,41330,198,382,57782
2025-04-28T09:00,-0.01,46615,311,422,56195
2025-04-28T10:00,-4.02,48352,496,632,55321
2025-04-28T11:00,-5.90,47661,628,850,54609
2025-04-28T12:00,-6.18,45282,816,934,53225
2025-04-28T13:00,-1.54,42243,1096,945,52550
2025-04-28T14:00,2.01,36010,1404,1056,52583
2025-04-28T15:00,71.83,25334,1786,982,53401
2025-04-28T16:00,101.92,12824,2094,878,55667
2025-04-28T17:00,149.90,3811,2352,1066,57296
2025-04-28T18:00,194.81,394,3103,1002,56465
2025-04-28T19:00,128.83,26,4073,1138,54561
2025-04-28T20:00,106.24,9,4345,1380,51451
2025-04-28T21:00,96.83,6,4274,1744,48028
2025-04-28T22:00,90.64,6,4078,1794,45296
2025-04-28T23:00,86.86,5,4029,1752,43709
2025-04-29T00:00,81.76,6,4002,1452,42285
2025-04-29T01:00,79.17,6,4042,1422,42123
2025-04-29T02:00,80.03,6,4107,1547,43808
2025-04-29T03:00,90.57,27,4555,1432,48410
2025-04-29T04:00,107.00,1466,4934,1465,55274
2025-04-29T05:00,113.13,8230,4692,1448,60109
2025-04-29T06:00,99.98,19796,2993,1216,62076
2025-04-29T07:00,78.00,31018,1616,916,60529
2025-04-29T08:00,9.31,39335,1392,314,57828
2025-04-29T09:00,0.00,44516,1530,353,56983
2025-04-29T10:00,-0.76,46420,1630,545,56053
2025-04-29T11:00,-1.90,46634,1648,500,55375
2025-04-29T12:00,-1.67,45485,2135,458,53921
2025-04-29T13:00,-0.01,41854,2816,383,53132
2025-04-29T14:00,14.82,34904,2830,452,52167
2025-04-29T15:00,77.60,24946,3565,514,54225
2025-04-29T16:00,102.00,12944,3543,491,55889
2025-04-29T17:00,139.83,3980,3615,422,57049
2025-04-29T18:00,174.75,413,4384,313,55852
2025-04-29T19:00,129.11,31,5606,352,54247
2025-04-29T20:00,108.83,20,6519,382,50327
2025-04-29T21:00,97.82,5,6740,442,46831
2025-04-29T22:00,95.00,11,6296,356,43441
2025-04-29T23:00,90.00,11,5394,182,41668
2025-04-30T00:00,87.59,11,4402,193,40489
2025-04-30T01:00,88.25,11,3577,424,40893
2025-04-30T02:00,91.40,11,2899,575,42444
2025-04-30T03:00,95.83,36,2436,565,46393
2025-04-30T04:00,115.27,1560,2296,744,53066
2025-04-30T05:00,120.30,8321,1910,858,57674
2025-04-30T06:00,99.90,19746,1145,661,59756
2025-04-30T07:00,76.70,30488,435,760,58984
2025-04-30T08:00,7.08,39153,408,164,57672
2025-04-30T09:00,0.00,44836,628,439,56354
2025-04-30T10:00,-1.00,47266,924,310,55226
2025-04-30T11:00,-6.21,47208,1087,782,54862
2025-04-30T12:00,-3.00,45002,1123,869,53875
2025-04-30T13:00,-0.02,41502,1244,834,52849
2025-04-30T14:00,19.91,35375,1309,892,52682
2025-04-30T15:00,78.39,25338,1458,860,53221
2025-04-30T16:00,101.80,13107,1388,712,54331
2025-04-30T17:00,130.37,4062,1452,590,55391
2025-04-30T18:00,176.43,425,2114,506,54202
2025-04-30T19:00,128.00,32,3172,578,52416
2025-04-30T20:00,108.33,24,4122,701,48793
2025-04-30T21:00,98.68,11,4608,568,44637
2025-04-30T22:00,97.51,6,4511,429,41178
2025-04-30T23:00,91.78,10,4382,391,39333
2025-05-01T00:00,90.46,13,3982,424,38007
2025-05-01T01:00,90.63,6,3570,317,37196
2025-05-01T02:00,90.50,6,3317,242,36937
2025-05-01T03:00,84.16,42,3309,197,36532
2025-05-01T04:00,83.94,1739,3578,255,36604
2025-05-01T05:00,78.04,8910,3526,374,38504
2025-05-01T06:00,62.10,20431,2470,478,41936
2025-05-01T07:00,0.00,31854,957,549,44196
2025-05-01T08:00,-3.00,39482,724,277,44209
2025-05-01T09:00,-40.10,43445,728,229,43790
2025-05-01T10:00,-85.01,45128,768,85,42359
2025-05-01T11:00,-129.99,44333,689,49,41075
2025-05-01T12:00,-118.11,41662,719,30,39361
2025-05-01T13:00,-49.99,39816,910,58,38764
2025-05-01T14:00,-5.17,34412,1166,87,39056
2025-05-01T15:00,40.77,25758,1204,256,40851
2025-05-01T16:00,96.14,13430,1296,355,43090
2025-05-01T17:00,129.87,4128,1562,527,44837
2025-05-01T18:00,164.38,443,2472,679,44992
2025-05-01T19:00,122.45,21,4416,755,45335
2025-05-01T20:00,100.73,12,6857,876,43705
2025-05-01T21:00,87.10,8,8170,1293,41154
2025-05-01T22:00,89.92,8,8915,1881,39183
2025-05-01T23:00,77.12,7,9651,2444,37545
2025-05-02T00:00,66.90,5,10296,2863,37141
2025-05-02T01:00,63.91,6,11154,2985,36945
2025-05-02T02:00,66.00,6,11120,3048,37993
2025-05-02T03:00,74.01,42,11082,3450,40755
2025-05-02T04:00,86.83,1752,10952,4082,45682
2025-05-02T05:00,88.55,8382,10163,3176,49479
2025-05-02T06:00,84.90,19166,8475,2030,52182
2025-05-02T07:00,55.00,29174,5022,928,51538
2025-05-02T08:00,0.85,37126,3542,747,51298
2025-05-02T09:00,-0.01,42265,3661,908,51353
2025-05-02T10:00,-0.80,43114,5667,1161,51864
2025-05-02T11:00,-3.00,41200,8898,1136,50345
2025-05-02T12:00,-4.00,37130,11315,1142,48768
2025-05-02T13:00,-0.08,32906,11548,1248,48656
2025-05-02T14:00,0.30,28237,11343,1364,48706
2025-05-02T15:00,67.50,20271,11142,1298,50141
2025-05-02T16:00,99.90,10578,10310,1122,51016
2025-05-02T17:00,118.39,3604,8752,930,51308
2025-05-02T18:00,150.40,456,7550,894,49719
2025-05-02T19:00,121.24,40,6165,1149,48495
2025-05-02T20:00,106.72,13,5643,1429,46064
2025-05-02T21:00,96.44,10,5698,1658,42820
2025-05-02T22:00,97.81,11,6169,1824,40986
2025-05-02T23:00,93.34,6,6157,1785,39009
2025-05-03T00:00,92.20,6,6187,1570,37543
2025-05-03T01:00,92.00,5,6194,1396,36945
2025-05-03T02:00,91.23,6,6626,1207,36612
2025-05-03T03:00,91.84,49,7491,1146,37758
2025-05-03T04:00,92.86,1669,7914,1275,39273
2025-05-03T05:00,87.73,6710,7279,1362,41237
2025-05-03T06:00,79.90,13628,6280,1333,44869
2025-05-03T07:00,13.53,19050,5808,1647,48302
2025-05-03T08:00,0.01,22861,5406,2032,49790
2025-05-03T09:00,-0.01,25867,5011,2113,50033
2025-05-03T10:00,-1.16,27997,4578,2063,49062
2025-05-03T11:00,-3.04,28446,4715,2100,47110
2025-05-03T12:00,-2.69,27900,5708,2472,45539
2025-05-03T13:00,-0.03,24815,7544,2453,44598
2025-05-03T14:00,0.00,20052,9702,2924,44845
2025-05-03T15:00,28.87,14206,11489,3366,45789
2025-05-03T16:00,68.11,7760,12568,3954,47273
2025-05-03T17:00,77.54,2528,12510,5269,47532
2025-05-03T18:00,90.27,285,13525,5700,46179
2025-05-03T19:00,87.02,26,14856,5733,45117
2025-05-03T20:00,78.63,21,15736,5778,42972
2025-05-03T21:00,65.91,15,18026,5438,40844
2025-05-03T22:00,60.30,18,19772,6040,38902
2025-05-03T23:00,44.90,12,20262,6188,37248
2025-05-04T00:00,31.47,12,21284,6375,36674
2025-05-04T01:00,20.39,10,22012,6170,36157
2025-05-04T02:00,20.02,10,21805,6293,36785
2025-05-04T03:00,15.58,52,21784,5868,37031
2025-05-04T04:00,13.62,1232,20923,5276,36902
2025-05-04T05:00,7.83,5442,18716,5201,39006
2025-05-04T06:00,2.93,11107,17904,5190,42822
2025-05-04T07:00,0.00,15648,17942,5953,45833
2025-05-04T08:00,-0.01,18354,17139,5166,48492
2025-05-04T09:00,-0.01,21249,16153,4715,49805
2025-05-04T10:00,-0.02,23732,14981,4204,49277
2025-05-04T11:00,-2.00,24969,12669,3040,47439
2025-05-04T12:00,-5.01,24311,11440,2380,45423
2025-05-04T13:00,-1.59,22138,11246,2424,44394
2025-05-04T14:00,-0.01,19274,10208,2538,44256
2025-05-04T15:00,10.07,14599,9428,3115,45677
2025-05-04T16:00,80.08,8157,8074,2486,46459
2025-05-04T17:00,95.95,3069,7090,1880,46922
2025-05-04T18:00,109.00,401,6406,1449,46348
2025-05-04T19:00,112.38,20,7131,1450,45709
2025-05-04T20:00,101.79,10,8196,2195,44378
2025-05-04T21:00,87.35,11,8383,3113,41293
2025-05-04T22:00,75.18,6,8920,4008,38952
2025-05-04T23:00,70.51,6,9338,4760,38076
2025-05-05T00:00,72.25,5,9796,4576,37881
2025-05-05T01:00,75.15,6,10433,4294,38232
2025-05-05T02:00,74.98,6,11297,3797,39669
2025-05-05T03:00,89.49,59,11662,3411,43742
2025-05-05T04:00,110.92,1419,11470,3033,51558
2025-05-05T05:00,122.57,6127,10009,3226,56348
2025-05-05T06:00,106.69,13324,8757,3288,59726
2025-05-05T07:00,90.82,20973,9629,3048,59793
2025-05-05T08:00,80.00,27041,10448,2584,59994
2025-05-05T09:00,61.65,29617,10602,1910,60030
2025-05-05T10:00,53.83,31058,10288,1261,59935
2025-05-05T11:00,49.66,30496,9904,1115,59308
2025-05-05T12:00,59.30,28225,9418,1150,57572
2025-05-05T13:00,70.42,24694,8922,1228,56498
2025-05-05T14:00,78.88,20026,8778,1128,56266
2025-05-05T15:00,89.22,14412,8889,1846,56966
2025-05-05T16:00,100.10,8423,8997,1914,58178
2025-05-05T17:00,128.92,3365,8786,1790,58007
2025-05-05T18:00,128.00,520,8830,1946,56413
2025-05-05T19:00,113.17,23,10222,2297,54699
2025-05-05T20:00,101.52,8,10900,2710,51114
2025-05-05T21:00,94.46,6,10997,2717,47372
2025-05-05T22:00,87.22,6,10654,2889,44275
2025-05-05T23:00,81.68,6,9947,2780,42819
2025-05-06T00:00,81.29,6,9319,2799,42247
2025-05-06T01:00,79.96,6,8776,3048,42338
2025-05-06T02:00,82.39,6,8325,3591,43714
2025-05-06T03:00,97.08,80,8442,3670,47662
2025-05-06T04:00,114.57,1902,8276,4008,54235
2025-05-06T05:00,121.86,8266,7342,4472,59169
2025-05-06T06:00,108.37,18194,6051,4252,61018
2025-05-06T07:00,83.08,27982,6614,4071,60801
2025-05-06T08:00,72.27,33904,8031,3871,60743
2025-05-06T09:00,59.89,36837,9117,3366,60608
2025-05-06T10:00,42.81,39421,8508,3004,59094
2025-05-06T11:00,38.17,40383,7760,2705,57139
2025-05-06T12:00,45.44,39120,7888,2940,55529
2025-05-06T13:00,65.00,34804,8416,3402,55163
2025-05-06T14:00,73.73,28444,9483,3632,54463
2025-05-06T15:00,89.99,20400,10184,3910,55303
2025-05-06T16:00,106.89,11218,10008,3674,56131
2025-05-06T17:00,134.09,4088,9154,3539,56207
2025-05-06T18:00,161.18,621,7952,3337,55008
2025-05-06T19:00,136.60,29,7905,3190,54031
2025-05-06T20:00,118.28,10,8083,2882,50368
2025-05-06T21:00,101.27,7,8092,2501,46686
2025-05-06T22:00,92.67,7,7682,2134,43834
2025-05-06T23:00,87.05,6,7020,1960,42399
2025-05-07T00:00,85.63,6,6325,1752,41930
2025-05-07T01:00,88.60,6,6169,1526,41955
2025-05-07T02:00,95.16,6,6595,1473,42966
2025-05-07T03:00,108.57,92,6634,1458,46706
2025-05-07T04:00,131.68,2149,6343,1446,53208
2025-05-07T05:00,143.95,8377,4910,1270,57791
2025-05-07T06:00,125.00,18101,2666,1146,60405
2025-05-07T07:00,96.43,28428,2448,811,61169
2025-05-07T08:00,82.41,35087,3078,648,59918
2025-05-07T09:00,73.30,37920,4321,609,59892
2025-05-07T10:00,64.43,38313,5462,507,58683
2025-05-07T11:00,63.92,36884,6282,381,57813
2025-05-07T12:00,68.04,34278,6900,355,56752
2025-05-07T13:00,75.00,30462,7407,441,56093
2025-05-07T14:00,81.80,24340,8150,477,55555
2025-05-07T15:00,95.85,17080,9008,480,56514
2025-05-07T16:00,108.49,9773,9430,636,57602
2025-05-07T17:00,128.93,3836,9283,935,57592
2025-05-07T18:00,147.15,626,8894,1560,55882
2025-05-07T19:00,125.18,30,10038,1766,54640
2025-05-07T20:00,108.49,8,11192,1478,50688
2025-05-07T21:00,96.59,6,11708,1230,47011
2025-05-07T22:00,95.86,6,11450,1003,44087
2025-05-07T23:00,91.66,6,10734,762,42416
2025-05-08T00:00,91.51,6,9792,696,41600
2025-05-08T01:00,93.18,8,9014,638,41735
2025-05-08T02:00,96.09,6,8429,690,42690
2025-05-08T03:00,109.25,96,7550,593,46061
2025-05-08T04:00,124.27,1821,6852,484,52642
2025-05-08T05:00,138.73,7147,5406,294,57292
2025-05-08T06:00,124.11,16159,3110,294,60160
2025-05-08T07:00,101.13,26672,3122,306,60624
2025-05-08T08:00,87.81,35395,5338,323,59351
2025-05-08T09:00,75.34,39074,6604,450,58280
2025-05-08T10:00,64.25,37912,6628,520,57120
2025-05-08T11:00,63.75,34838,6685,559,56276
2025-05-08T12:00,70.05,31179,6870,552,55744
2025-05-08T13:00,78.77,26813,7264,522,55159
2025-05-08T14:00,85.30,21833,7744,488,55434
2025-05-08T15:00,91.63,16027,7939,510,56116
2025-05-08T16:00,109.09,9765,7840,648,57076
2025-05-08T17:00,134.96,3955,7238,777,56724
2025-05-08T18:00,185.08,654,6642,861,55862
2025-05-08T19:00,143.18,38,7328,891,54083
2025-05-08T20:00,114.77,10,7932,868,50422
2025-05-08T21:00,106.48,7,7864,746,46765
2025-05-08T22:00,102.27,6,7353,550,44011
2025-05-08T23:00,96.55,6,6648,542,42275
2025-05-09T00:00,93.76,6,6054,454,41669
2025-05-09T01:00,95.09,6,5560,370,42078
2025-05-09T02:00,100.28,8,5136,294,43359
2025-05-09T03:00,112.40,132,4710,283,46987
2025-05-09T04:00,141.00,2538,4483,267,53352
2025-05-09T05:00,136.03,10277,3706,285,57674
2025-05-09T06:00,100.61,22300,2134,380,60372
2025-05-09T07:00,82.00,33488,2272,406,59367
2025-05-09T08:00,51.60,42177,3862,371,57807
2025-05-09T09:00,0.10,47020,4245,410,57090
2025-05-09T10:00,-0.74,48107,4260,586,56440
2025-05-09T11:00,-0.04,46440,4204,834,55197
2025-05-09T12:00,-0.01,43308,4925,936,53664
2025-05-09T13:00,0.09,40256,5633,1288,53300
2025-05-09T14:00,52.66,34070,6335,1157,52888
2025-05-09T15:00,79.06,24961,7156,910,52948
2025-05-09T16:00,98.90,14378,7207,403,53531
2025-05-09T17:00,120.00,5255,6632,268,54120
2025-05-09T18:00,149.13,826,5862,407,53339
2025-05-09T19:00,130.35,54,6650,568,51664
2025-05-09T20:00,107.32,18,7772,627,49041
2025-05-09T21:00,98.32,7,8540,427,45543
2025-05-09T22:00,105.22,8,8896,283,42152
2025-05-09T23:00,102.91,8,8379,306,40324
2025-05-10T00:00,98.78,7,7478,309,39057
2025-05-10T01:00,96.28,7,6687,182,38662
2025-05-10T02:00,100.90,11,5976,143,39025
2025-05-10T03:00,100.47,135,5302,111,39399
2025-05-10T04:00,97.73,2596,4364,121,40978
2025-05-10T05:00,93.91,10186,3077,89,43255
2025-05-10T06:00,73.72,21828,1489,217,46859
2025-05-10T07:00,9.02,32901,1051,290,47995
2025-05-10T08:00,-0.07,39958,1406,194,47751
2025-05-10T09:00,-22.88,43742,1660,180,47498
2025-05-10T10:00,-58.48,44585,1524,155,46628
2025-05-10T11:00,-114.53,43269,1046,114,44857
2025-05-10T12:00,-110.51,40320,1011,85,43227
2025-05-10T13:00,-49.52,38074,1626,74,42514
2025-05-10T14:00,-5.94,34316,3173,130,42722
2025-05-10T15:00,23.99,26660,4296,168,43918
2025-05-10T16:00,95.27,15248,4520,224,45460
2025-05-10T17:00,124.04,5437,4788,284,46648
2025-05-10T18:00,163.20,843,5552,453,46179
2025-05-10T19:00,129.49,36,7854,699,45247
2025-05-10T20:00,107.72,22,10060,856,43441
2025-05-10T21:00,94.49,8,11458,1084,40722
2025-05-10T22:00,97.80,10,11674,1319,38016
2025-05-10T23:00,95.10,6,11503,1449,36225
2025-05-11T00:00,94.51,8,10899,1458,34776
2025-05-11T01:00,95.42,7,10357,1405,34266
2025-05-11T02:00,95.39,8,10363,1280,34348
2025-05-11T03:00,95.45,152,10568,1210,34612
2025-05-11T04:00,87.61,2733,9989,1172,35436
2025-05-11T05:00,65.76,10718,7384,1288,37644
2025-05-11T06:00,4.96,22916,3953,1329,41535
2025-05-11T07:00,-0.10,33771,2490,805,43029
2025-05-11T08:00,-12.02,40696,2621,549,43159
2025-05-11T09:00,-51.95,44607,2526,400,43719
2025-05-11T10:00,-212.82,44887,1844,280,42490
2025-05-11T11:00,-250.32,44042,1793,154,40144
2025-05-11T12:00,-230.98,41823,1899,234,38924
2025-05-11T13:00,-110.06,39091,2729,324,38716
2025-05-11T14:00,-18.52,33773,3896,647,38998
2025-05-11T15:00,-0.08,25879,6175,1893,40664
2025-05-11T16:00,85.96,15388,8692,3277,43390
2025-05-11T17:00,117.11,5525,10619,3754,44961
2025-05-11T18:00,124.86,911,12723,4344,45686
2025-05-11T19:00,109.55,28,17918,4823,45953
2025-05-11T20:00,98.45,7,20922,4679,45022
2025-05-11T21:00,84.68,8,21058,4789,41911
2025-05-11T22:00,86.00,6,20020,5066,39953
2025-05-11T23:00,81.28,6,18517,5090,38508
2025-05-12T00:00,80.95,6,17362,5245,37839
2025-05-12T01:00,81.48,7,16009,5256,38228
2025-05-12T02:00,84.65,8,14868,5232,39451
2025-05-12T03:00,97.71,175,14129,5250,43559
2025-05-12T04:00,137.05,2728,12889,5268,50388
2025-05-12T05:00,141.15,11033,9312,5044,55631
2025-05-12T06:00,108.49,23446,6772,4548,58688
2025-05-12T07:00,69.74,35304,6410,4104,57850
2025-05-12T08:00,0.49,43832,7289,3725,57578
2025-05-12T09:00,-3.91,48265,6742,2604,57019
2025-05-12T10:00,-25.00,49296,6692,1491,56009
2025-05-12T11:00,-35.00,48791,6322,1290,54687
2025-05-12T12:00,-29.90,46440,6802,1109,53639
2025-05-12T13:00,-8.59,42866,8086,1609,53077
2025-05-12T14:00,-0.01,36716,9532,2712,52347
2025-05-12T15:00,72.58,27290,10872,3336,53524
2025-05-12T16:00,107.12,15252,11642,3410,55366
2025-05-12T17:00,141.41,5435,11510,3680,56075
2025-05-12T18:00,172.70,981,11513,4156,55468
2025-05-12T19:00,117.25,31,14686,4291,54031
2025-05-12T20:00,100.11,8,17190,4494,50610
2025-05-12T21:00,92.97,6,17431,4337,46161
2025-05-12T22:00,89.87,6,16003,4254,42744
2025-05-12T23:00,88.55,5,14013,3846,41381
2025-05-13T00:00,89.20,6,11956,3355,40305
2025-05-13T01:00,93.94,7,10349,2669,40292
2025-05-13T02:00,96.71,7,9028,2262,41799
2025-05-13T03:00,104.00,202,8086,1810,45175
2025-05-13T04:00,136.77,2835,7072,1294,51925
2025-05-13T05:00,128.33,11065,4940,991,56895
2025-05-13T06:00,100.42,23252,2262,880,59680
2025-05-13T07:00,79.36,35048,1947,688,58498
2025-05-13T08:00,16.09,43718,3029,730,57820
2025-05-13T09:00,-0.75,47430,2812,826,57535
2025-05-13T10:00,-6.00,49116,2416,1156,56534
2025-05-13T11:00,-16.00,49320,2132,1297,55657
2025-05-13T12:00,-6.55,46664,1895,1279,54482
2025-05-13T13:00,-3.83,42789,2044,1340,53583
2025-05-13T14:00,0.55,37246,2466,1570,53360
2025-05-13T15:00,74.00,27846,3262,1898,54471
2025-05-13T16:00,105.23,15418,3860,2199,56563
2025-05-13T17:00,151.07,5492,4325,2747,57556
2025-05-13T18:00,223.58,1052,4599,2835,56885
2025-05-13T19:00,148.96,52,5778,2312,55045
2025-05-13T20:00,111.97,18,6461,1603,51049
2025-05-13T21:00,102.63,6,6772,1456,47342
2025-05-13T22:00,102.78,6,6634,1587,44757
2025-05-13T23:00,97.30,6,6184,1548,43436
2025-05-14T00:00,95.41,6,5493,1582,42829
2025-05-14T01:00,96.96,7,5074,1666,42741
2025-05-14T02:00,98.56,8,5278,1736,43922
2025-05-14T03:00,103.94,220,5768,2306,47365
2025-05-14T04:00,128.58,3001,5938,2578,53979
2025-05-14T05:00,122.51,10688,5440,2501,58126
2025-05-14T06:00,99.56,22129,4981,2853,60416
2025-05-14T07:00,70.92,33460,5508,3009,59106
2025-05-14T08:00,0.20,41552,6688,2929,58478
2025-05-14T09:00,-1.67,45639,7969,1523,57823
2025-05-14T10:00,-18.16,46630,7488,1166,56622
2025-05-14T11:00,-29.91,45854,7173,945,55309
2025-05-14T12:00,-31.82,43694,7479,1050,54418
2025-05-14T13:00,-12.79,40072,9816,1516,53914
2025-05-14T14:00,-1.33,33925,12614,2120,54011
2025-05-14T15:00,30.94,25245,15794,2907,54826
2025-05-14T16:00,91.60,14339,16910,3036,55883
2025-05-14T17:00,114.00,5532,15809,3326,56974
2025-05-14T18:00,158.45,1000,14790,3421,55598
2025-05-14T19:00,132.59,28,15660,3885,54270
2025-05-14T20:00,109.08,12,16172,4358,50949
2025-05-14T21:00,99.86,8,16526,4015,46855
2025-05-14T22:00,98.06,8,16736,3471,44504
2025-05-14T23:00,89.88,8,16247,2920,42418
2025-05-15T00:00,87.80,13,14585,2372,41450
2025-05-15T01:00,87.63,10,13962,2715,41752
2025-05-15T02:00,90.28,8,13330,3704,44056
2025-05-15T03:00,98.94,229,13027,4048,47665
2025-05-15T04:00,119.90,2814,12377,3972,54174
2025-05-15T05:00,119.91,9526,10055,3574,58593
2025-05-15T06:00,102.06,19506,9584,3406,61383
2025-05-15T07:00,75.65,30066,11081,3029,59750
2025-05-15T08:00,4.58,37499,11847,2696,58882
2025-05-15T09:00,-0.08,40556,11857,1602,58286
2025-05-15T10:00,-4.97,40532,12534,1511,57170
2025-05-15T11:00,-14.76,39530,14232,1213,55713
2025-05-15T12:00,-14.25,37409,15939,1159,54915
2025-05-15T13:00,-6.62,34506,17136,1197,54321
2025-05-15T14:00,-0.60,30173,18636,1751,54627
2025-05-15T15:00,3.83,23570,19113,3369,56028
2025-05-15T16:00,76.11,14171,18440,3437,55785
2025-05-15T17:00,108.97,5699,15386,3256,56078
2025-05-15T18:00,130.74,1086,12121,3425,55092
2025-05-15T19:00,125.13,50,11207,3431,53121
2025-05-15T20:00,110.49,8,11193,3597,50262
2025-05-15T21:00,101.00,6,11593,3584,46852
2025-05-15T22:00,94.50,6,10667,3704,44919
2025-05-15T23:00,88.47,6,10136,3938,43316
2025-05-16T00:00,84.91,6,9746,4077,42737
2025-05-16T01:00,85.00,6,10053,3643,42848
2025-05-16T02:00,88.76,8,10771,3032,43864
2025-05-16T03:00,98.26,234,11158,2654,46946
2025-05-16T04:00,113.18,2850,10452,2718,53295
2025-05-16T05:00,117.60,9677,8203,2787,57717
2025-05-16T06:00,106.66,19850,6992,2771,59766
2025-05-16T07:00,78.99,29994,7468,2418,59140
2025-05-16T08:00,11.11,36595,8944,2042,58337
2025-05-16T09:00,-0.01,37820,10646,1717,57557
2025-05-16T10:00,-3.15,38089,11893,1445,57044
2025-05-16T11:00,-1.97,37462,12819,1343,55609
2025-05-16T12:00,-1.55,34576,13924,1627,53957
2025-05-16T13:00,-0.01,31140,14774,1826,53915
2025-05-16T14:00,2.98,26168,15218,2103,53994
2025-05-16T15:00,69.79,19047,15280,2943,54377
2025-05-16T16:00,100.05,11116,14278,3245,54651
2025-05-16T17:00,111.81,4600,11987,3474,54467
2025-05-16T18:00,154.91,982,9235,3736,52502
2025-05-16T19:00,143.23,62,8090,3920,51187
2025-05-16T20:00,116.08,28,7736,4077,48754
2025-05-16T21:00,102.08,11,8420,3869,46234
2025-05-16T22:00,93.00,10,9314,3503,43544
2025-05-16T23:00,93.48,7,9978,3274,41804
2025-05-17T00:00,88.93,8,10266,3030,40713
2025-05-17T01:00,88.90,9,11122,2570,40369
2025-05-17T02:00,89.89,10,11750,2390,40752
2025-05-17T03:00,93.46,245,12492,2692,41067
2025-05-17T04:00,91.56,2820,12758,2565,42477
2025-05-17T05:00,89.85,9294,10246,2303,44375
2025-05-17T06:00,59.11,18932,8209,2176,47593
2025-05-17T07:00,0.86,28817,8970,2510,49853
2025-05-17T08:00,-0.06,33900,10645,1949,49793
2025-05-17T09:00,-4.49,34511,12458,1279,50254
2025-05-17T10:00,-4.96,33089,14231,1182,49342
2025-05-17T11:00,-10.02,30538,14114,1000,47290
2025-05-17T12:00,-11.27,27542,14510,781,46210
2025-05-17T13:00,-5.80,24502,14747,807,45466
2025-05-17T14:00,-0.80,21369,15089,1046,45098
2025-05-17T15:00,5.01,16613,15262,2278,46114
2025-05-17T16:00,78.77,10254,14023,2291,46736
2025-05-17T17:00,99.64,4511,11986,2004,47347
2025-05-17T18:00,121.38,934,10007,2265,45963
2025-05-17T19:00,130.21,51,9223,2168,44067
2025-05-17T20:00,129.90,41,8496,1838,42507
2025-05-17T21:00,111.60,9,8492,1698,40186
2025-05-17T22:00,106.73,13,8544,1540,37719
2025-05-17T23:00,101.49,10,8391,1421,36006
2025-05-18T00:00,98.57,9,8108,1304,35069
2025-05-18T01:00,97.40,10,8278,1449,34771
2025-05-18T02:00,98.41,8,8578,1381,35167
2025-05-18T03:00,97.98,222,8790,1362,35361
2025-05-18T04:00,91.30,2330,8451,1148,36176
2025-05-18T05:00,87.16,7886,7008,1095,38059
2025-05-18T06:00,67.86,16315,6157,1038,41649
2025-05-18T07:00,10.10,24719,7018,864,44673
2025-05-18T08:00,0.00,30421,8721,752,46506
2025-05-18T09:00,-0.20,31856,10014,761,47647
2025-05-18T10:00,-2.00,32289,10765,1057,47729
2025-05-18T11:00,-7.37,32142,11098,1202,45876
2025-05-18T12:00,-15.00,30047,10364,1264,44116
2025-05-18T13:00,-8.97,26959,10741,1152,43065
2025-05-18T14:00,-0.20,23867,12079,1339,42854
2025-05-18T15:00,9.67,18912,13266,1760,44474
2025-05-18T16:00,91.38,11706,12765,1364,45650
2025-05-18T17:00,108.40,4975,10562,1301,46747
2025-05-18T18:00,125.17,1071,8464,1251,46622
2025-05-18T19:00,130.47,49,7524,1566,46448
2025-05-18T20:00,118.41,22,7247,1764,45416
2025-05-18T21:00,103.62,7,7188,2036,42813
2025-05-18T22:00,110.48,6,6612,1916,40644
2025-05-18T23:00,102.62,6,6409,1021,38092
2025-05-19T00:00,96.10,6,6277,915,37798
2025-05-19T01:00,92.95,7,6097,1019,38547
2025-05-19T02:00,98.03,8,6251,817,39764
2025-05-19T03:00,109.39,200,6644,1073,43517
2025-05-19T04:00,131.22,2703,6164,1143,50841
2025-05-19T05:00,137.22,9232,5201,1001,55844
2025-05-19T06:00,113.41,18812,4064,910,58316
2025-05-19T07:00,93.69,28286,4243,838,58175
2025-05-19T08:00,69.59,35110,5001,662,57339
2025-05-19T09:00,28.56,38487,5062,614,57760
2025-05-19T10:00,12.77,38868,4605,716,57136
2025-05-19T11:00,5.00,38177,4235,569,55811
2025-05-19T12:00,8.00,36632,3974,430,54528
2025-05-19T13:00,28.15,33609,3864,448,54013
2025-05-19T14:00,72.98,29102,3678,409,53201
2025-05-19T15:00,97.09,22420,3448,366,54250
2025-05-19T16:00,114.49,13925,3020,355,55249
2025-05-19T17:00,148.45,5726,2562,344,55145
2025-05-19T18:00,229.11,1217,2506,512,54223
2025-05-19T19:00,154.86,54,3395,700,52299
2025-05-19T20:00,126.81,20,4467,933,49188
2025-05-19T21:00,111.88,16,4850,905,45339
2025-05-19T22:00,114.95,16,4434,752,42586
2025-05-19T23:00,106.03,15,3936,754,41334
2025-05-20T00:00,102.50,8,3531,879,40630
2025-05-20T01:00,104.04,12,3383,608,40907
2025-05-20T02:00,109.14,9,3226,647,42332
2025-05-20T03:00,118.96,387,2885,556,45073
2025-05-20T04:00,143.21,3457,2576,687,52031
2025-05-20T05:00,130.81,11055,1890,785,56735
2025-05-20T06:00,100.00,21960,866,748,59205
2025-05-20T07:00,85.20,32351,671,957,59127
2025-05-20T08:00,61.58,39709,1187,1051,58207
2025-05-20T09:00,15.95,42670,1582,1392,58734
2025-05-20T10:00,0.17,42957,2277,1543,58465
2025-05-20T11:00,0.01,42080,2797,1761,57864
2025-05-20T12:00,0.09,39868,3038,2061,56261
2025-05-20T13:00,7.61,36350,3656,2540,56114
2025-05-20T14:00,67.87,31295,4664,3329,55728
2025-05-20T15:00,97.15,23596,5059,3947,56849
2025-05-20T16:00,111.79,13958,5730,4610,58012
2025-05-20T17:00,141.23,5522,6513,4815,58051
2025-05-20T18:00,192.25,1242,6552,4692,56478
2025-05-20T19:00,148.97,66,7130,4497,54515
2025-05-20T20:00,120.00,16,7824,4524,51536
2025-05-20T21:00,107.93,9,8669,4660,47791
2025-05-20T22:00,107.93,8,8556,4711,43699
2025-05-20T23:00,102.33,7,8943,5201,42368
2025-05-21T00:00,97.90,8,9286,5581,41793
2025-05-21T01:00,94.90,9,9816,6078,42142
2025-05-21T02:00,93.70,12,10332,6057,43558
2025-05-21T03:00,102.49,331,10914,5955,46734
2025-05-21T04:00,112.48,2977,11204,6218,54117
2025-05-21T05:00,116.54,8843,10864,5760,58927
2025-05-21T06:00,107.82,17365,11121,5466,61962
2025-05-21T07:00,84.82,26647,12345,4101,60678
2025-05-21T08:00,42.22,33901,13622,2402,60009
2025-05-21T09:00,0.15,37292,14642,1210,59278
2025-05-21T10:00,-0.10,37716,15552,2107,58931
2025-05-21T11:00,-2.20,36592,17319,2323,57952
2025-05-21T12:00,-1.53,34783,18257,1612,56515
2025-05-21T13:00,-0.01,31064,19307,2099,57307
2025-05-21T14:00,2.06,25083,22056,1726,57854
2025-05-21T15:00,49.08,17604,21653,3014,58787
2025-05-21T16:00,86.32,9985,21395,3918,59388
2025-05-21T17:00,100.10,4394,20300,5288,59793
2025-05-21T18:00,114.35,1122,18018,6393,57679
2025-05-21T19:00,110.27,66,17204,6808,55664
2025-05-21T20:00,100.72,23,15814,6844,52154
2025-05-21T21:00,90.00,15,16449,6792,48606
2025-05-21T22:00,98.54,12,16866,5163,45115
2025-05-21T23:00,88.28,11,17038,5674,43563
2025-05-22T00:00,83.65,12,16726,5975,42514
2025-05-22T01:00,81.50,12,16778,6136,42126
2025-05-22T02:00,83.34,13,17294,5954,43559
2025-05-22T03:00,90.00,291,17380,5730,46885
2025-05-22T04:00,107.67,2242,17284,4960,53432
2025-05-22T05:00,106.01,6199,17249,4592,58647
2025-05-22T06:00,98.16,11424,19227,3739,60853
2025-05-22T07:00,54.54,17750,18954,2617,60411
2025-05-22T08:00,1.66,22996,18924,2494,60723
2025-05-22T09:00,0.01,26400,20338,2350,61172
2025-05-22T10:00,-1.91,28104,22703,2321,61816
2025-05-22T11:00,-12.77,28909,23214,2650,61003
2025-05-22T12:00,-15.40,27990,24500,2812,59602
2025-05-22T13:00,-10.90,26453,25714,2947,59061
2025-05-22T14:00,-2.99,23575,25396,3094,57626
2025-05-22T15:00,-0.01,19111,26506,3319,58707
2025-05-22T16:00,50.00,12812,25996,4643,59121
2025-05-22T17:00,106.84,5840,22388,6298,58748
2025-05-22T18:00,115.00,1455,17989,6136,56582
2025-05-22T19:00,127.25,62,15728,6054,54965
2025-05-22T20:00,117.48,15,13711,6028,51730
2025-05-22T21:00,103.23,13,13451,5844,48087
2025-05-22T22:00,101.10,10,13530,5165,44847
2025-05-22T23:00,93.16,10,14156,4924,43486
2025-05-23T00:00,87.12,12,15123,4200,42675
2025-05-23T01:00,86.56,11,15002,4715,43363
2025-05-23T02:00,93.08,13,14074,4695,44377
2025-05-23T03:00,106.82,427,13271,4315,46833
2025-05-23T04:00,128.49,3514,11801,4133,53119
2025-05-23T05:00,132.80,10365,9368,3759,57559
2025-05-23T06:00,114.67,19619,9523,3237,60701
2025-05-23T07:00,85.90,27658,11235,3190,61025
2025-05-23T08:00,70.00,31816,12264,2946,60949
2025-05-23T09:00,54.05,33774,13074,3358,60896
2025-05-23T10:00,13.44,35118,13934,3452,59618
2025-05-23T11:00,0.62,35983,15230,3669,58375
2025-05-23T12:00,0.00,34180,15387,3812,56469
2025-05-23T13:00,0.00,31422,16602,4268,55762
2025-05-23T14:00,25.33,26758,16540,4580,55324
2025-05-23T15:00,71.91,20831,17024,4835,55146
2025-05-23T16:00,97.60,13178,16546,4762,54567
2025-05-23T17:00,114.36,5846,13874,4224,53819
2025-05-23T18:00,130.47,1461,11756,3958,52122
2025-05-23T19:00,139.29,76,11435,4138,50317
2025-05-23T20:00,126.93,32,12266,3807,47796
2025-05-23T21:00,108.00,24,12886,3568,44843
2025-05-23T22:00,98.99,16,13448,3373,42605
2025-05-23T23:00,94.76,14,13571,4047,40924
2025-05-24T00:00,88.74,18,13456,4380,40126
2025-05-24T01:00,84.22,12,13716,3943,39689
2025-05-24T02:00,82.93,14,13647,2990,39341
2025-05-24T03:00,80.71,458,13028,2116,39451
2025-05-24T04:00,82.07,3968,11724,1637,40866
2025-05-24T05:00,76.90,11898,9246,1692,43039
2025-05-24T06:00,62.09,23018,7626,1617,45778
2025-05-24T07:00,12.26,32215,8093,1834,48086
2025-05-24T08:00,-0.01,35052,8620,1446,48543
2025-05-24T09:00,-0.11,35431,9273,1700,48946
2025-05-24T10:00,-0.15,35958,10028,1562,48503
2025-05-24T11:00,-0.19,35874,10610,1368,46795
2025-05-24T12:00,-0.39,33583,9865,1167,45771
2025-05-24T13:00,-1.77,29435,10474,1222,45593
2025-05-24T14:00,-0.39,23492,12886,1889,45242
2025-05-24T15:00,48.67,17700,16020,4587,46413
2025-05-24T16:00,85.34,10155,17278,5188,47204
2025-05-24T17:00,109.08,3998,17070,5642,47365
2025-05-24T18:00,111.00,844,17850,5218,46539
2025-05-24T19:00,107.92,39,19427,4497,45355
2025-05-24T20:00,92.06,20,19967,4270,44259
2025-05-24T21:00,79.67,11,20462,4837,42305
2025-05-24T22:00,23.82,12,20205,5851,40254
2025-05-24T23:00,22.90,17,19923,5646,38219
2025-05-25T00:00,14.39,12,19436,5747,36933
2025-05-25T01:00,8.38,12,19317,6050,36012
2025-05-25T02:00,3.90,14,19223,5948,36101
2025-05-25T03:00,2.11,174,19665,5812,36357
2025-05-25T04:00,1.17,1358,20108,5920,37445
2025-05-25T05:00,1.21,3552,19786,6056,39934
2025-05-25T06:00,0.03,6441,19968,5616,42757
2025-05-25T07:00,0.00,9402,19079,5620,46286
2025-05-25T08:00,-0.61,11814,18884,3296,47869
2025-05-25T09:00,-0.60,13952,19171,3655,50080
2025-05-25T10:00,-0.25,15768,20026,3617,50278
2025-05-25T11:00,-3.19,17446,19192,3365,47689
2025-05-25T12:00,-5.05,18236,18320,2618,46393
2025-05-25T13:00,-4.95,18062,19130,2909,45751
2025-05-25T14:00,-1.37,17314,18252,3308,45521
2025-05-25T15:00,0.00,14498,20442,5363,47887
2025-05-25T16:00,11.72,9925,20198,5657,48720
2025-05-25T17:00,92.95,4602,17658,5228,48060
2025-05-25T18:00,100.00,1096,15442,4775,47148
2025-05-25T19:00,107.41,57,13587,4344,46613
2025-05-25T20:00,102.23,30,12556,4237,45633
2025-05-25T21:00,92.92,13,12728,3878,42533
2025-05-25T22:00,88.13,11,12454,4092,40412
2025-05-25T23:00,79.12,12,12469,4060,38961
2025-05-26T00:00,73.21,11,12640,3817,38277
2025-05-26T01:00,71.83,11,13154,4302,38521
2025-05-26T02:00,76.70,13,13241,4000,40019
2025-05-26T03:00,85.48,368,12751,4677,43509
2025-05-26T04:00,116.20,2842,11967,3990,50561
2025-05-26T05:00,143.17,8191,9250,3486,55579
2025-05-26T06:00,129.91,16092,8193,3406,59051
2025-05-26T07:00,91.41,24902,8781,3430,59397
2025-05-26T08:00,16.17,32628,9463,3000,59167
2025-05-26T09:00,0.05,36511,10686,3059,59834
2025-05-26T10:00,-0.42,37018,12590,2702,58966
2025-05-26T11:00,-1.45,36782,14277,2758,58197
2025-05-26T12:00,-1.18,34818,15859,2924,57039
2025-05-26T13:00,-0.82,30582,17468,3388,56452
2025-05-26T14:00,0.00,26216,17870,3486,55661
2025-05-26T15:00,17.65,19690,16446,3518,55373
2025-05-26T16:00,95.76,12024,14727,4162,56297
2025-05-26T17:00,119.33,5524,11003,4270,56241
2025-05-26T18:00,169.87,1521,7271,4442,54829
2025-05-26T19:00,161.57,93,5906,5237,52994
2025-05-26T20:00,119.38,38,5389,5776,49651
2025-05-26T21:00,98.86,26,7216,6412,46209
2025-05-26T22:00,88.51,22,9427,5997,43469
2025-05-26T23:00,73.92,18,12120,5877,41764
2025-05-27T00:00,62.02,12,13487,5099,41198
2025-05-27T01:00,61.98,14,14574,4925,41606
2025-05-27T02:00,67.70,14,16102,4586,42703
2025-05-27T03:00,62.20,477,17504,4273,45244
2025-05-27T04:00,67.70,3352,19659,4650,52904
2025-05-27T05:00,73.90,8815,20374,3889,57546
2025-05-27T06:00,68.63,16169,19883,2885,59637
2025-05-27T07:00,50.17,23849,20266,3451,60809
2025-05-27T08:00,4.26,28461,20266,3360,60567
2025-05-27T09:00,3.19,28531,22056,3804,60728
2025-05-27T10:00,0.03,26706,23938,4345,60482
2025-05-27T11:00,0.02,25018,26235,3596,59890
2025-05-27T12:00,0.09,23656,26109,3003,58554
2025-05-27T13:00,3.14,22044,24862,2890,58521
2025-05-27T14:00,55.17,19292,23202,2714,57287
2025-05-27T15:00,84.55,13833,21704,2186,57319
2025-05-27T16:00,103.00,8194,19260,1435,57461
2025-05-27T17:00,122.64,3598,16862,818,55698
2025-05-27T18:00,137.60,812,17230,984,54067
2025-05-27T19:00,111.16,35,19519,1285,52306
2025-05-27T20:00,100.34,19,22024,1010,49544
2025-05-27T21:00,82.41,11,24759,646,46188
2025-05-27T22:00,76.43,10,25804,525,42991
2025-05-27T23:00,69.01,10,26437,596,41789
2025-05-28T00:00,67.39,12,26974,791,41731
2025-05-28T01:00,61.01,10,26964,738,42182
2025-05-28T02:00,65.19,11,26652,1236,43402
2025-05-28T03:00,72.52,143,26002,1832,47126
2025-05-28T04:00,92.85,1186,25730,1894,53144
2025-05-28T05:00,100.09,3242,24664,1843,57786
2025-05-28T06:00,95.00,6470,23188,1762,60755
2025-05-28T07:00,90.00,10169,22184,1528,62059
2025-05-28T08:00,76.48,14364,22596,1074,62660
2025-05-28T09:00,71.46,18042,23202,652,63699
2025-05-28T10:00,65.67,20970,23678,486,62175
2025-05-28T11:00,58.03,22130,23470,401,59749
2025-05-28T12:00,53.21,21818,23309,443,58641
2025-05-28T13:00,42.10,20044,21372,567,57104
2025-05-28T14:00,67.28,17620,20730,987,55938
2025-05-28T15:00,83.70,14385,20244,1304,55718
2025-05-28T16:00,94.99,9567,20851,1711,55950
2025-05-28T17:00,114.83,4822,20040,2118,55481
2025-05-28T18:00,134.83,1410,18158,2285,53509
2025-05-28T19:00,139.91,121,16638,2444,50878
2025-05-28T20:00,124.29,40,14998,2576,48774
2025-05-28T21:00,104.27,14,14090,2276,45651
2025-05-28T22:00,99.13,15,13936,2131,42722
2025-05-28T23:00,94.80,14,13606,1986,40788
2025-05-29T00:00,92.06,10,13259,1471,39694
2025-05-29T01:00,91.55,12,11754,1300,39216
2025-05-29T02:00,91.54,16,10449,1262,39114
2025-05-29T03:00,91.36,524,8918,1054,37926
2025-05-29T04:00,89.46,3512,6939,850,38002
2025-05-29T05:00,86.49,9476,5198,879,40077
2025-05-29T06:00,82.95,17442,4045,1048,42954
2025-05-29T07:00,62.83,25722,3871,1321,45744
2025-05-29T08:00,19.93,31652,4449,1650,46978
2025-05-29T09:00,1.71,35475,5076,2518,47601
2025-05-29T10:00,0.03,36440,5944,2918,46956
2025-05-29T11:00,-1.68,33799,7318,3470,45195
2025-05-29T12:00,-1.99,30060,8708,4455,44654
2025-05-29T13:00,-1.98,25304,9448,4652,44224
2025-05-29T14:00,-1.09,19828,10128,4700,43628
2025-05-29T15:00,23.13,14640,10885,5644,44560
2025-05-29T16:00,65.50,8624,12176,6154,45081
2025-05-29T17:00,80.20,3766,12688,6123,45386
2025-05-29T18:00,77.17,956,13418,5771,44470
2025-05-29T19:00,73.73,78,14468,5568,43747
2025-05-29T20:00,76.66,36,16023,5551,43031
2025-05-29T21:00,57.50,11,19399,5262,41150
2025-05-29T22:00,45.42,11,21300,5816,38411
2025-05-29T23:00,25.67,10,21511,5566,37378
2025-05-30T00:00,32.99,13,21486,5498,36706
2025-05-30T01:00,33.95,11,21147,5475,36849
2025-05-30T02:00,37.39,13,20016,5593,38118
2025-05-30T03:00,55.08,314,18914,5738,40168
2025-05-30T04:00,69.73,2673,18116,5366,44217
2025-05-30T05:00,68.38,8301,16426,5185,47942
2025-05-30T06:00,53.01,17139,14777,5876,51500
2025-05-30T07:00,29.13,26947,13425,6246,52944
2025-05-30T08:00,1.83,33957,12024,6057,53703
2025-05-30T09:00,-0.02,36644,12506,3162,52760
2025-05-30T10:00,-1.01,38330,14436,3225,52489
2025-05-30T11:00,-3.10,38496,14903,3535,50724
2025-05-30T12:00,-3.00,38116,13934,3271,49001
2025-05-30T13:00,-1.34,36092,13360,3272,48761
2025-05-30T14:00,-0.04,31791,13806,3540,49236
2025-05-30T15:00,5.88,25720,13643,5707,51217
2025-05-30T16:00,73.52,16069,13308,5720,51209
2025-05-30T17:00,111.84,6868,10201,5344,51634
2025-05-30T18:00,136.95,1800,7238,4603,50022
2025-05-30T19:00,145.89,129,5555,4172,48524
2025-05-30T20:00,130.19,40,4744,3733,46607
2025-05-30T21:00,108.15,23,4225,3081,43125
2025-05-30T22:00,107.00,22,3606,2554,40256
2025-05-30T23:00,99.94,12,3024,2116,38360
2025-05-31T00:00,98.75,10,2705,1428,36855
2025-05-31T01:00,99.07,10,2538,1148,36386
2025-05-31T02:00,99.91,19,2447,844,36568
2025-05-31T03:00,98.29,603,2051,531,36586
2025-05-31T04:00,94.79,4112,1599,492,38272
2025-05-31T05:00,84.61,11809,1170,526,40995
2025-05-31T06:00,55.00,22300,803,232,43889
2025-05-31T07:00,1.00,31709,610,170,45777
2025-05-31T08:00,-0.02,38392,728,227,45999
2025-05-31T09:00,-1.00,41209,920,392,46490
2025-05-31T10:00,-3.07,42647,1372,511,46161
2025-05-31T11:00,-13.17,42098,1622,530,45348
2025-05-31T12:00,-7.75,38944,1754,529,45004
2025-05-31T13:00,-3.00,33815,1918,516,45079
2025-05-31T14:00,-0.05,27771,2435,403,44982
2025-05-31T15:00,41.40,20558,2154,352,45777
2025-05-31T16:00,88.85,11469,2888,134,46182
2025-05-31T17:00,131.41,4886,4106,120,46030
2025-05-31T18:00,192.35,1410,4814,122,44695
2025-05-31T19:00,192.37,127,4967,195,42881
2025-05-31T20:00,133.49,33,6087,425,41724
2025-05-31T21:00,102.06,20,7388,600,39464
2025-05-31T22:00,92.53,16,8344,803,37022
2025-05-31T23:00,85.22,11,9850,1176,35135
2025-06-01T00:00,77.13,8,11014,1437,33650
2025-06-01T01:00,74.09,6,12427,1402,33573
2025-06-01T02:00,72.66,13,11735,1730,34155
2025-06-01T03:00,66.11,408,11778,2142,34373
2025-06-01T04:00,35.84,2631,11792,2298,35459
2025-06-01T05:00,13.00,7112,10723,2590,37603
2025-06-01T06:00,2.40,13232,8093,2294,40901
2025-06-01T07:00,-0.01,19949,6510,1105,43663
2025-06-01T08:00,-0.60,25762,6124,1024,45570
2025-06-01T09:00,-2.11,30070,6041,815,46126
2025-06-01T10:00,-5.48,32423,6847,1142,45708
2025-06-01T11:00,-12.93,33274,8417,1195,44059
2025-06-01T12:00,-20.41,31842,9964,1121,42084
2025-06-01T13:00,-15.61,28367,12209,1316,41573
2025-06-01T14:00,-6.00,22417,14633,1566,42206
2025-06-01T15:00,-0.99,16862,17226,2058,45171
2025-06-01T16:00,19.23,10820,17090,3810,46386
2025-06-01T17:00,78.85,5547,15317,3831,46785
2025-06-01T18:00,93.66,1677,12443,3314,45798
2025-06-01T19:00,106.86,107,10496,3350,45990
2025-06-01T20:00,105.93,18,9008,3690,45513
2025-06-01T21:00,90.49,9,8072,4429,43018
2025-06-01T22:00,81.76,15,6966,4510,40423
2025-06-01T23:00,75.31,9,6443,4984,39031
2025-06-02T00:00,75.00,7,6068,5265,38424
2025-06-02T01:00,77.75,6,6142,5349,38445
2025-06-02T02:00,83.05,15,6790,4775,39421
2025-06-02T03:00,91.93,484,7920,4140,42803
2025-06-02T04:00,108.15,3193,7802,3201,50344
2025-06-02T05:00,117.90,8336,6170,2618,55858
2025-06-02T06:00,102.36,14887,4840,2026,58794
2025-06-02T07:00,85.60,21155,4926,1987,59861
2025-06-02T08:00,57.47,26520,5928,2186,60741
2025-06-02T09:00,33.21,29617,7246,2294,61164
2025-06-02T10:00,20.00,29683,8394,2500,60890
2025-06-02T11:00,12.78,29039,9880,2371,60134
2025-06-02T12:00,11.00,28004,10528,2100,59319
2025-06-02T13:00,19.75,25038,10564,2193,58570
2025-06-02T14:00,55.84,21163,10336,2034,57652
2025-06-02T15:00,82.80,15981,8823,1877,57912
2025-06-02T16:00,94.95,10471,6892,1517,57580
2025-06-02T17:00,109.32,5268,5211,1394,57534
2025-06-02T18:00,195.91,1803,3990,1138,55267
2025-06-02T19:00,245.37,172,3375,1194,52601
2025-06-02T20:00,141.66,12,3070,1113,50114
2025-06-02T21:00,110.04,6,2901,852,46462
2025-06-02T22:00,111.49,13,2413,776,43439
2025-06-02T23:00,109.91,8,1996,846,41312
2025-06-03T00:00,102.02,7,1600,1014,40198
2025-06-03T01:00,99.23,7,1487,1396,40087
2025-06-03T02:00,94.89,13,1797,2015,41325
2025-06-03T03:00,107.60,525,2732,2490,44467
2025-06-03T04:00,130.76,3398,3756,3056,51168
2025-06-03T05:00,116.85,9996,4046,3921,56426
2025-06-03T06:00,85.98,19355,3253,4241,59098
2025-06-03T07:00,59.46,29371,4106,4786,59441
2025-06-03T08:00,2.00,36850,6430,4419,59773
2025-06-03T09:00,-0.05,39251,8158,3822,59424
2025-06-03T10:00,-1.01,40256,9133,3760,58474
2025-06-03T11:00,-3.00,39887,9371,3610,57317
2025-06-03T12:00,-4.32,38300,8568,3581,55856
2025-06-03T13:00,-1.33,34677,9582,3791,55790
2025-06-03T14:00,0.00,29438,12510,4162,56572
2025-06-03T15:00,66.00,22084,12947,5000,56980
2025-06-03T16:00,87.79,13278,10537,4533,58084
2025-06-03T17:00,109.41,5979,7692,4648,57993
2025-06-03T18:00,132.90,1796,7387,4631,55587
2025-06-03T19:00,112.29,105,9097,5016,53882
2025-06-03T20:00,106.12,8,11477,5654,51664
2025-06-03T21:00,95.49,6,13370,6135,47859
2025-06-03T22:00,74.95,6,14094,7036,45561
2025-06-03T23:00,67.25,6,13284,7607,43879
2025-06-04T00:00,64.78,6,12763,7562,43040
2025-06-04T01:00,65.00,7,12842,6434,42904
2025-06-04T02:00,68.32,18,13283,4994,43136
2025-06-04T03:00,80.32,500,13932,4323,45335
2025-06-04T04:00,99.77,3345,14096,3993,52431
2025-06-04T05:00,113.74,8940,12171,4005,58178
2025-06-04T06:00,112.40,14934,9030,3652,61701
2025-06-04T07:00,79.08,19998,9226,3308,61122
2025-06-04T08:00,72.40,24116,11147,2922,61341
2025-06-04T09:00,48.36,26220,13946,2600,61935
2025-06-04T10:00,20.12,26318,15807,2558,62339
2025-06-04T11:00,9.69,25371,16109,3052,61329
2025-06-04T12:00,18.26,25614,15472,3414,59691
2025-06-04T13:00,43.35,24606,13790,3006,58343
2025-06-04T14:00,72.40,20616,13698,3282,57743
2025-06-04T15:00,91.45,14473,12221,3731,59074
2025-06-04T16:00,108.91,9025,10786,3705,60397
2025-06-04T17:00,145.98,4450,9826,3042,59446
2025-06-04T18:00,192.85,1340,8719,2426,57289
2025-06-04T19:00,138.82,98,8478,1914,54519
2025-06-04T20:00,112.43,11,8210,1593,51290
2025-06-04T21:00,94.08,14,7827,1564,47239
2025-06-04T22:00,97.67,20,6979,1388,43489
2025-06-04T23:00,92.70,9,6798,1796,41728
2025-06-05T00:00,86.84,8,6534,2458,40875
2025-06-05T01:00,86.10,6,6729,2828,40995
2025-06-05T02:00,87.01,16,7600,3082,42199
2025-06-05T03:00,88.09,479,9144,3750,44773
2025-06-05T04:00,113.78,3048,9998,3686,51502
2025-06-05T05:00,129.03,7814,8759,4200,56483
2025-06-05T06:00,116.60,14028,8291,4394,59456
2025-06-05T07:00,83.03,20236,10606,4419,60568
2025-06-05T08:00,66.00,24202,13669,4276,61225
2025-06-05T09:00,46.18,26649,16494,4427,60782
2025-06-05T10:00,20.00,28169,18221,4120,60307
2025-06-05T11:00,11.03,27884,19407,3791,59151
2025-06-05T12:00,7.07,25687,20020,3126,58418
2025-06-05T13:00,19.87,22734,19942,2077,57993
2025-06-05T14:00,57.50,19734,20512,1655,56736
2025-06-05T15:00,81.08,15552,19235,1729,56984
2025-06-05T16:00,100.94,10022,17999,1786,56902
2025-06-05T17:00,112.19,4946,15796,2220,56335
2025-06-05T18:00,136.40,1463,13935,3251,55067
2025-06-05T19:00,106.95,95,14983,2928,52887
2025-06-05T20:00,96.37,17,16714,3306,50314
2025-06-05T21:00,81.36,13,19028,3868,47212
2025-06-05T22:00,76.29,17,20672,3438,43989
2025-06-05T23:00,66.12,9,22942,3769,42879
2025-06-06T00:00,60.86,6,25212,4571,42201
2025-06-06T01:00,55.27,6,26910,5216,42435
2025-06-06T02:00,52.78,8,29073,5147,43531
2025-06-06T03:00,63.70,238,31656,5254,46473
2025-06-06T04:00,67.02,1870,34405,5993,53335
2025-06-06T05:00,74.43,5845,34555,6027,58418
2025-06-06T06:00,59.61,12498,34570,5892,61955
2025-06-06T07:00,3.94,20450,33848,5543,63082
2025-06-06T08:00,-0.01,25275,30326,3378,61701
2025-06-06T09:00,-0.27,28574,29766,2448,60664
2025-06-06T10:00,-2.07,30342,28414,2608,59745
2025-06-06T11:00,-4.93,30544,27622,1608,58166
2025-06-06T12:00,-5.06,29860,26830,1946,57033
2025-06-06T13:00,-4.96,27301,25707,2331,55911
2025-06-06T14:00,-1.00,24402,25028,2380,55198
2025-06-06T15:00,0.00,19504,25238,4405,56661
2025-06-06T16:00,50.47,11820,21888,4900,56147
2025-06-06T17:00,84.19,5621,16703,4459,55432
2025-06-06T18:00,112.57,1792,14082,4182,54146
2025-06-06T19:00,129.29,133,14025,3159,51375
2025-06-06T20:00,125.72,35,13336,2596,47992
2025-06-06T21:00,103.24,22,13776,2072,44472
2025-06-06T22:00,87.61,16,13934,1707,41473
2025-06-06T23:00,83.50,12,13341,1760,40095
2025-06-07T00:00,78.02,8,12282,1414,38878
2025-06-07T01:00,81.89,7,11624,1428,38223
2025-06-07T02:00,82.27,14,10872,1114,38261
2025-06-07T03:00,81.99,502,10808,803,37973
2025-06-07T04:00,85.47,2920,10578,618,39545
2025-06-07T05:00,86.74,6943,8902,411,42053
2025-06-07T06:00,79.86,11742,8572,462,44957
2025-06-07T07:00,65.30,16324,10338,642,47046
2025-06-07T08:00,30.53,20141,13093,535,48745
2025-06-07T09:00,9.44,23044,15407,782,49296
2025-06-07T10:00,1.19,24980,15679,1098,49081
2025-06-07T11:00,-0.01,24227,16763,642,47045
2025-06-07T12:00,-0.02,23524,17691,515,46251
2025-06-07T13:00,-0.02,20801,18298,711,45859
2025-06-07T14:00,-0.87,17541,17772,750,45360
2025-06-07T15:00,26.91,14653,16297,627,45368
2025-06-07T16:00,70.10,10061,14726,680,46191
2025-06-07T17:00,85.01,5368,13402,715,45878
2025-06-07T18:00,109.90,1713,12681,760,44539
2025-06-07T19:00,110.26,121,12480,608,43265
2025-06-07T20:00,98.01,44,13157,449,41895
2025-06-07T21:00,80.09,17,15165,634,39983
2025-06-07T22:00,93.84,14,15730,826,37905
2025-06-07T23:00,83.00,14,16747,905,36106
2025-06-08T00:00,76.86,13,18036,601,34741
2025-06-08T01:00,69.74,8,18809,362,33823
2025-06-08T02:00,67.02,17,19644,288,33534
2025-06-08T03:00,55.66,372,20464,475,33476
2025-06-08T04:00,39.02,2236,22033,565,33936
2025-06-08T05:00,3.71,5689,23476,842,36110
2025-06-08T06:00,0.00,10357,24320,927,39291
2025-06-08T07:00,-0.50,14966,22411,437,42503
2025-06-08T08:00,-2.00,19027,23263,256,44601
2025-06-08T09:00,-8.21,23322,22502,146,45874
2025-06-08T10:00,-19.92,26880,20989,93,45163
2025-06-08T11:00,-39.98,27955,17176,99,43271
2025-06-08T12:00,-52.56,26962,15604,66,41717
2025-06-08T13:00,-53.06,25567,16546,250,41556
2025-06-08T14:00,-38.89,21764,19859,684,41752
2025-06-08T15:00,-16.71,17128,26292,902,42746
2025-06-08T16:00,-0.01,11310,28236,1486,43490
2025-06-08T17:00,39.65,5948,30179,5095,44736
2025-06-08T18:00,60.88,1910,28120,5799,44801
2025-06-08T19:00,69.55,133,26828,5298,43829
2025-06-08T20:00,65.07,18,25540,5031,42911
2025-06-08T21:00,51.13,11,24723,5220,40272
2025-06-08T22:00,4.80,6,24289,5061,38288
2025-06-08T23:00,4.15,6,23648,5129,36628
2025-06-09T00:00,4.19,7,22718,5054,35704
2025-06-09T01:00,4.27,7,21522,4866,35432
2025-06-09T02:00,13.42,16,20239,4206,35602
2025-06-09T03:00,32.20,567,18813,3419,35733
2025-06-09T04:00,44.97,3906,16624,2798,36669
2025-06-09T05:00,40.04,10806,13620,2458,38602
2025-06-09T06:00,2.97,20403,11176,2276,41905
2025-06-09T07:00,-0.62,28390,9678,1274,42820
2025-06-09T08:00,-1.14,34736,9108,1098,43131
2025-06-09T09:00,-4.14,37597,8974,916,43506
2025-06-09T10:00,-10.00,37626,8812,902,44034
2025-06-09T11:00,-19.33,37485,8708,967,42581
2025-06-09T12:00,-15.76,36599,8640,1010,41126
2025-06-09T13:00,-4.50,34069,8577,1386,40419
2025-06-09T14:00,-1.00,29501,7755,1501,41076
2025-06-09T15:00,0.09,23518,6923,3062,43668
2025-06-09T16:00,69.54,15198,6257,2758,44674
2025-06-09T17:00,117.79,7227,4358,2184,44598
2025-06-09T18:00,141.40,2293,2908,1780,44137
2025-06-09T19:00,148.42,182,2333,1944,43607
2025-06-09T20:00,126.52,28,2536,1903,42868
2025-06-09T21:00,101.19,9,3912,1890,40367
2025-06-09T22:00,86.65,13,5724,2570,37790
2025-06-09T23:00,78.07,9,8063,3095,36550
2025-06-10T00:00,69.66,8,10352,3986,36030
2025-06-10T01:00,59.95,7,11996,4794,36115
2025-06-10T02:00,54.16,13,13099,5354,37615
2025-06-10T03:00,62.18,572,14186,5309,40668
2025-06-10T04:00,74.62,3749,15399,5720,48242
2025-06-10T05:00,82.79,9137,14951,5883,53286
2025-06-10T06:00,83.17,15770,13521,6300,56371
2025-06-10T07:00,69.00,22052,13939,6308,57627
2025-06-10T08:00,22.21,26215,15958,5777,58663
2025-06-10T09:00,0.10,28956,18678,5592,59328
2025-06-10T10:00,-0.19,29290,20362,4934,58613
2025-06-10T11:00,-2.33,28710,23428,4894,57070
2025-06-10T12:00,-4.26,26182,24668,5376,56566
2025-06-10T13:00,-1.04,22880,25536,5615,56341
2025-06-10T14:00,0.03,19805,26499,6079,56237
2025-06-10T15:00,53.99,15330,26851,6586,56286
2025-06-10T16:00,69.60,10248,27282,6208,55948
2025-06-10T17:00,82.08,5230,27251,5595,55833
2025-06-10T18:00,83.97,1676,27350,5813,54741
2025-06-10T19:00,91.28,134,26297,5181,52535
2025-06-10T20:00,97.94,28,23645,5308,50441
2025-06-10T21:00,85.31,14,23364,4846,47402
2025-06-10T22:00,73.01,8,23073,4391,44485
2025-06-10T23:00,71.38,7,22219,3655,42815
2025-06-11T00:00,70.58,8,20790,3548,42209
2025-06-11T01:00,69.86,7,19410,3376,42572
2025-06-11T02:00,73.59,54,17864,3216,43571
2025-06-11T03:00,83.60,640,15784,2496,45780
2025-06-11T04:00,101.26,3771,13178,2424,52396
2025-06-11T05:00,107.80,10296,10882,2300,56872
2025-06-11T06:00,85.09,19061,10528,2185,59160
2025-06-11T07:00,66.70,27741,9928,1360,58238
2025-06-11T08:00,22.98,35322,8564,1809,58415
2025-06-11T09:00,1.30,41094,7292,1480,58182
2025-06-11T10:00,-0.36,44310,6960,1132,56279
2025-06-11T11:00,-0.97,45559,6400,904,55112
2025-06-11T12:00,-3.40,44590,5767,856,53852
2025-06-11T13:00,-2.40,42082,5240,850,53334
2025-06-11T14:00,-0.01,37394,4936,772,52900
2025-06-11T15:00,66.47,30325,5364,946,54172
2025-06-11T16:00,89.34,18949,5146,758,55081
2025-06-11T17:00,132.28,8395,4425,736,55814
2025-06-11T18:00,217.00,2592,4116,699,54711
2025-06-11T19:00,180.00,290,5499,812,52717
2025-06-11T20:00,119.34,57,7376,955,50656
2025-06-11T21:00,94.07,54,9167,862,47011
2025-06-11T22:00,92.91,56,9828,786,43545
2025-06-11T23:00,87.70,56,10112,867,41790
2025-06-12T00:00,85.43,54,10874,955,40762
2025-06-12T01:00,84.85,54,11174,949,40493
2025-06-12T02:00,89.06,72,11127,1002,41453
2025-06-12T03:00,92.00,781,11580,1158,44546
2025-06-12T04:00,114.85,4604,11042,1590,51006
2025-06-12T05:00,104.30,13304,8390,1772,56115
2025-06-12T06:00,78.86,25061,5127,1634,57593
2025-06-12T07:00,36.09,36212,4483,1587,57176
2025-06-12T08:00,0.00,44162,4722,1574,56871
2025-06-12T09:00,-2.00,48071,4970,671,56283
2025-06-12T10:00,-15.91,48950,5840,150,54997
2025-06-12T11:00,-27.90,47988,6446,184,54127
2025-06-12T12:00,-25.47,45989,6628,489,53829
2025-06-12T13:00,-11.57,42830,8195,640,53585
2025-06-12T14:00,-2.78,37807,10212,1472,53333
2025-06-12T15:00,14.90,30294,12474,4597,54787
2025-06-12T16:00,79.96,18616,13637,5337,55321
2025-06-12T17:00,112.55,8120,14067,5780,56026
2025-06-12T18:00,132.00,2548,14772,5512,54966
2025-06-12T19:00,111.00,286,19545,5457,53337
2025-06-12T20:00,105.00,59,23163,5228,51388
2025-06-12T21:00,86.90,57,24643,4802,48007
2025-06-12T22:00,70.29,56,24586,4404,45086
2025-06-12T23:00,55.25,56,23470,4741,42933
2025-06-13T00:00,58.61,59,22679,4834,42106
2025-06-13T01:00,63.42,54,21717,4738,42086
2025-06-13T02:00,63.84,72,20485,4790,42554
2025-06-13T03:00,70.71,802,19472,4774,45269
2025-06-13T04:00,83.68,4496,17910,4857,51491
2025-06-13T05:00,87.26,12859,14568,5065,55409
2025-06-13T06:00,77.39,24163,10943,4699,57451
2025-06-13T07:00,40.03,35048,9486,2991,57528
2025-06-13T08:00,4.10,43339,9316,2797,57973
2025-06-13T09:00,-0.03,48183,9032,1380,57745
2025-06-13T10:00,-2.05,50012,8968,1244,56927
2025-06-13T11:00,-6.09,49584,9019,1095,55045
2025-06-13T12:00,-6.01,47405,9051,1188,54024
2025-06-13T13:00,-2.38,44420,9863,1422,53546
2025-06-13T14:00,-0.01,38938,10381,2002,53359
2025-06-13T15:00,35.90,29966,11058,3010,53419
2025-06-13T16:00,80.04,18348,11737,3211,53467
2025-06-13T17:00,108.90,8158,12803,3693,53243
2025-06-13T18:00,111.19,2604,14618,4334,52451
2025-06-13T19:00,94.90,280,19690,5218,50784
2025-06-13T20:00,90.00,58,23258,5005,49024
2025-06-13T21:00,71.30,55,24271,4907,46258
2025-06-13T22:00,73.99,60,23350,4961,43743
2025-06-13T23:00,71.20,56,22553,5138,41481
2025-06-14T00:00,66.15,54,21603,5307,39968
2025-06-14T01:00,66.88,55,20574,5188,39524
2025-06-14T02:00,68.06,68,19062,5131,39400
2025-06-14T03:00,64.52,870,18714,5334,39655
2025-06-14T04:00,54.68,4674,17465,5714,41452
2025-06-14T05:00,20.30,12816,14350,5534,44247
2025-06-14T06:00,7.74,23813,11731,5248,47214
2025-06-14T07:00,0.00,34320,10940,4846,48649
2025-06-14T08:00,-2.02,40646,9480,2391,48293
2025-06-14T09:00,-9.08,43921,8364,1368,48189
2025-06-14T10:00,-35.72,45192,6798,1123,47440
2025-06-14T11:00,-38.00,45032,5391,1046,46219
2025-06-14T12:00,-25.75,42858,6498,996,45328
2025-06-14T13:00,-6.70,39297,7344,890,45626
2025-06-14T14:00,-0.37,33733,6902,994,46233
2025-06-14T15:00,8.86,26289,6961,1800,47416
2025-06-14T16:00,83.38,15998,6332,1735,48196
2025-06-14T17:00,121.55,7161,6199,1795,48625
2025-06-14T18:00,127.27,2368,6436,1693,47798
2025-06-14T19:00,117.68,265,7280,1690,46455
2025-06-14T20:00,121.39,62,8450,1999,45598
2025-06-14T21:00,109.00,54,9646,2370,43116
2025-06-14T22:00,91.93,64,9910,2588,40399
2025-06-14T23:00,88.87,55,9536,2525,38577
2025-06-15T00:00,87.23,53,8676,1957,37317
2025-06-15T01:00,90.94,56,7106,1654,36226
2025-06-15T02:00,91.99,66,6824,1775,35204
2025-06-15T03:00,92.15,849,6586,1952,35004
2025-06-15T04:00,84.99,4056,5680,2115,36266
2025-06-15T05:00,66.21,9932,4703,1845,38167
2025-06-15T06:00,53.86,16266,4234,1207,40821
2025-06-15T07:00,5.55,22762,3324,1590,43613
2025-06-15T08:00,0.00,27568,3270,1244,45081
2025-06-15T09:00,-0.02,29834,3921,986,46521
2025-06-15T10:00,-1.22,29438,4927,648,46665
2025-06-15T11:00,-5.61,27647,4396,370,45421
2025-06-15T12:00,-5.00,27753,5079,580,44532
2025-06-15T13:00,-2.00,24360,6993,613,43362
2025-06-15T14:00,-0.01,20129,9904,1296,43784
2025-06-15T15:00,54.79,14978,12338,1924,45612
2025-06-15T16:00,96.43,8963,13675,2002,46701
2025-06-15T17:00,109.00,4392,13978,2087,46370
2025-06-15T18:00,114.59,1516,13343,2318,45934
2025-06-15T19:00,135.43,234,11994,2333,45051
2025-06-15T20:00,127.63,72,11128,2384,44843
2025-06-15T21:00,106.54,58,12350,2921,43068
2025-06-15T22:00,105.72,56,12951,2972,41128
2025-06-15T23:00,91.64,53,13038,3438,39945
2025-06-16T00:00,86.94,53,13499,3429,39616
2025-06-16T01:00,84.00,54,13528,3027,39251
2025-06-16T02:00,83.28,62,13310,2282,40004
2025-06-16T03:00,88.39,480,13047,1828,43114
2025-06-16T04:00,112.43,2881,11625,1868,50278
2025-06-16T05:00,123.49,8009,10081,1989,55705
2025-06-16T06:00,108.92,15972,9019,1711,58997
2025-06-16T07:00,84.49,24819,8360,1691,59140
2025-06-16T08:00,60.28,31787,8541,1662,58800
2025-06-16T09:00,14.02,35324,9113,2470,59251
2025-06-16T10:00,1.62,35521,10174,2773,59235
2025-06-16T11:00,0.07,34773,10826,2648,59185
2025-06-16T12:00,0.00,33882,10758,2646,58350
2025-06-16T13:00,0.00,31973,10662,2812,57620
2025-06-16T14:00,13.61,28742,10417,2817,57025
2025-06-16T15:00,70.00,23269,9380,2397,56757
2025-06-16T16:00,89.24,15659,8381,2704,56787
2025-06-16T17:00,116.00,7942,7132,2488,57088
2025-06-16T18:00,186.10,2716,5806,2164,55664
2025-06-16T19:00,190.00,298,5395,1896,53691
2025-06-16T20:00,129.18,84,5353,1802,51306
2025-06-16T21:00,106.90,60,5924,1736,48075
2025-06-16T22:00,103.98,56,5700,1911,45405
2025-06-16T23:00,98.26,53,5031,1808,43506
2025-06-17T00:00,94.95,54,4243,1647,41981
2025-06-17T01:00,94.19,53,3614,1627,41782
2025-06-17T02:00,95.24,63,2932,1793,42632
2025-06-17T03:00,102.51,790,2497,2077,45481
2025-06-17T04:00,118.76,4501,2006,2152,51906
2025-06-17T05:00,107.01,12512,1435,2288,56571
2025-06-17T06:00,98.59,23325,1038,2592,58126
2025-06-17T07:00,70.74,34030,1273,2950,58020
2025-06-17T08:00,4.34,41470,1840,3111,57946
2025-06-17T09:00,-0.61,43378,1703,3256,57946
2025-06-17T10:00,-0.86,46738,2289,3358,56906
2025-06-17T11:00,-4.91,47346,2302,2401,55417
2025-06-17T12:00,-6.20,45406,2237,2228,54252
2025-06-17T13:00,-2.56,41762,2688,3027,54620
2025-06-17T14:00,8.65,37507,3408,3227,54943
2025-06-17T15:00,79.23,28995,3604,3470,55649
2025-06-17T16:00,103.36,17950,2874,3111,56184
2025-06-17T17:00,129.08,8202,2362,2601,56887
2025-06-17T18:00,241.80,2750,2336,2371,56179
2025-06-17T19:00,241.38,348,2400,1943,53591
2025-06-17T20:00,138.19,89,2607,1693,51033
2025-06-17T21:00,116.36,56,3091,1578,48354
2025-06-17T22:00,113.00,55,3195,1586,45138
2025-06-17T23:00,106.80,56,3488,1851,43059
2025-06-18T00:00,101.50,54,3797,1745,42000
2025-06-18T01:00,95.84,54,4058,1816,41873
2025-06-18T02:00,97.01,66,4288,1762,42784
2025-06-18T03:00,103.57,824,4447,1534,45049
2025-06-18T04:00,112.35,4536,4336,1212,51240
2025-06-18T05:00,114.90,12130,3264,1027,55944
2025-06-18T06:00,111.39,22666,2429,890,58652
2025-06-18T07:00,78.97,32968,2850,361,57841
2025-06-18T08:00,21.77,40444,3364,388,56943
2025-06-18T09:00,1.17,44507,4116,616,56826
2025-06-18T10:00,-0.23,45868,4953,660,56478
2025-06-18T11:00,-1.04,45295,5867,776,56076
2025-06-18T12:00,-2.30,42742,6624,1283,55929
2025-06-18T13:00,-2.17,39388,8142,1484,55256
2025-06-18T14:00,0.99,34928,9320,1724,55575
2025-06-18T15:00,74.00,26502,9422,2296,56424
2025-06-18T16:00,107.15,17071,8669,2335,56845
2025-06-18T17:00,116.40,8142,7780,2357,56763
2025-06-18T18:00,140.99,2699,6498,2378,55550
2025-06-18T19:00,175.32,336,6373,2246,53411
2025-06-18T20:00,133.06,79,6138,2186,51158
2025-06-18T21:00,115.35,57,6767,2217,47847
2025-06-18T22:00,112.20,56,7206,2610,44944
2025-06-18T23:00,106.40,54,8090,2963,42932
2025-06-19T00:00,105.29,53,9048,3272,41384
2025-06-19T01:00,99.51,54,9538,3713,40914
2025-06-19T02:00,100.94,66,9742,3686,40932
2025-06-19T03:00,95.68,748,10240,3929,41608
2025-06-19T04:00,101.51,4356,9908,3946,44088
2025-06-19T05:00,89.25,12330,9816,3488,47293
2025-06-19T06:00,71.25,23246,10770,2952,50016
2025-06-19T07:00,0.86,33478,11158,2156,50247
2025-06-19T08:00,-1.33,39267,10244,843,49677
2025-06-19T09:00,-29.98,42244,9692,546,49743
2025-06-19T10:00,-52.21,44008,8894,315,49131
2025-06-19T11:00,-65.44,44115,8079,283,47954
2025-06-19T12:00,-64.95,42694,7538,282,46977
2025-06-19T13:00,-39.79,40136,9724,349,46553
2025-06-19T14:00,-4.95,35138,12025,438,46745
2025-06-19T15:00,2.30,29388,14144,1438,49035
2025-06-19T16:00,80.33,19028,13325,1561,49693
2025-06-19T17:00,118.47,8732,11885,1364,49222
2025-06-19T18:00,138.85,2719,10090,1336,49331
2025-06-19T19:00,141.80,356,9344,1305,47784
2025-06-19T20:00,129.66,62,10312,1290,46589
2025-06-19T21:00,108.89,56,11522,1331,44023
2025-06-19T22:00,109.49,54,11211,1352,41764
2025-06-19T23:00,104.57,54,10453,1284,40254
2025-06-20T00:00,103.24,53,9079,1150,38635
2025-06-20T01:00,105.01,54,8016,1008,38426
2025-06-20T02:00,104.27,67,7128,834,39019
2025-06-20T03:00,109.04,780,6444,619,40974
2025-06-20T04:00,120.90,4579,5532,420,45717
2025-06-20T05:00,118.66,13192,3294,372,49764
2025-06-20T06:00,110.98,24969,1891,375,52473
2025-06-20T07:00,81.69,35363,1712,45,52203
2025-06-20T08:00,15.83,43610,1720,7,51893
2025-06-20T09:00,4.03,49288,1569,10,51675
2025-06-20T10:00,0.00,52132,1528,24,51197
2025-06-20T11:00,-1.00,52037,1399,9,49960
2025-06-20T12:00,-0.17,50762,1704,128,48857
2025-06-20T13:00,0.91,47252,1792,255,48747
2025-06-20T14:00,28.99,40634,1870,246,48962
2025-06-20T15:00,87.35,31312,1960,221,49512
2025-06-20T16:00,111.01,19640,2037,182,50550
2025-06-20T17:00,136.13,8664,2189,145,50846
2025-06-20T18:00,201.29,2714,2760,241,49980
2025-06-20T19:00,178.63,324,4129,373,47726
2025-06-20T20:00,137.05,68,4979,411,46071
2025-06-20T21:00,121.38,77,5408,349,42998
2025-06-20T22:00,118.52,67,5398,326,40463
2025-06-20T23:00,110.48,55,5430,365,38593
2025-06-21T00:00,108.15,57,5172,405,37619
2025-06-21T01:00,106.76,54,4936,425,37190
2025-06-21T02:00,109.10,69,4751,475,36760
2025-06-21T03:00,104.45,830,5064,634,36731
2025-06-21T04:00,100.71,4698,5051,652,38722
2025-06-21T05:00,90.74,13220,4347,658,41900
2025-06-21T06:00,75.93,24826,2465,682,44617
2025-06-21T07:00,23.40,34812,1252,316,46264
2025-06-21T08:00,0.19,41524,860,338,46260
2025-06-21T09:00,-2.01,43783,648,475,46332
2025-06-21T10:00,-13.96,44346,672,302,45187
2025-06-21T11:00,-29.98,45069,664,503,43974
2025-06-21T12:00,-26.31,44976,688,564,43365
2025-06-21T13:00,-4.42,42800,799,642,43156
2025-06-21T14:00,0.09,39010,928,1076,44252
2025-06-21T15:00,59.99,30772,999,1192,44973
2025-06-21T16:00,100.95,19436,1031,1168,45901
2025-06-21T17:00,127.90,8720,947,1015,46552
2025-06-21T18:00,156.74,2784,1196,798,46073
2025-06-21T19:00,165.30,338,1901,776,44442
2025-06-21T20:00,140.78,77,2464,905,43525
2025-06-21T21:00,119.20,56,3634,1328,41296
2025-06-21T22:00,108.15,60,4985,1889,38472
2025-06-21T23:00,101.07,56,6375,2304,36383
2025-06-22T00:00,97.46,56,7991,2495,35100
2025-06-22T01:00,92.12,54,9262,2520,34514
2025-06-22T02:00,89.69,67,9624,2598,34201
2025-06-22T03:00,87.95,776,9818,2572,33770
2025-06-22T04:00,71.98,4519,9889,2075,34727
2025-06-22T05:00,26.44,13090,8671,1905,36927
2025-06-22T06:00,0.00,24299,5149,1984,39910
2025-06-22T07:00,-0.09,32695,2344,820,41762
2025-06-22T08:00,-11.11,38384,2167,739,42637
2025-06-22T09:00,-38.56,42260,2640,436,43541
2025-06-22T10:00,-67.41,44267,2998,822,43145
2025-06-22T11:00,-99.01,43762,3122,747,42627
2025-06-22T12:00,-81.00,41708,3337,869,41795
2025-06-22T13:00,-40.09,37327,4344,1211,41952
2025-06-22T14:00,-7.68,31264,5677,1840,42420
2025-06-22T15:00,-0.01,23732,7260,3200,44301
2025-06-22T16:00,69.75,15328,8907,6008,47570
2025-06-22T17:00,109.33,7248,9547,4776,48074
2025-06-22T18:00,123.90,2413,10509,3782,47180
2025-06-22T19:00,134.33,244,11016,3873,46492
2025-06-22T20:00,126.32,78,11860,3586,46282
2025-06-22T21:00,101.63,66,14553,4254,44257
2025-06-22T22:00,70.30,57,15374,4749,42171
2025-06-22T23:00,63.80,55,15668,4727,39571
2025-06-23T00:00,63.79,54,16272,5472,39691
2025-06-23T01:00,64.51,53,16940,5432,39947
2025-06-23T02:00,72.50,63,17824,4497,40729
2025-06-23T03:00,84.92,642,18446,4522,43593
2025-06-23T04:00,89.12,3303,19264,4178,50812
2025-06-23T05:00,92.24,8595,18413,5073,56686
2025-06-23T06:00,78.96,16649,20634,5061,60017
2025-06-23T07:00,18.64,24683,24840,4340,61435
2025-06-23T08:00,-0.01,29194,26494,1802,61598
2025-06-23T09:00,-6.11,31023,27892,1912,62779
2025-06-23T10:00,-12.76,30658,29446,2278,61933
2025-06-23T11:00,-26.45,30486,29357,1628,60870
2025-06-23T12:00,-32.75,29128,28900,940,59644
2025-06-23T13:00,-32.69,27243,31006,685,58952
2025-06-23T14:00,-25.00,24826,32709,631,57722
2025-06-23T15:00,-13.11,19950,34149,948,58075
2025-06-23T16:00,-1.01,14040,36854,822,57539
2025-06-23T17:00,20.00,7593,35578,2144,58898
2025-06-23T18:00,83.50,2664,30658,3149,58401
2025-06-23T19:00,90.00,304,25761,3403,56177
2025-06-23T20:00,97.78,81,21423,4134,53741
2025-06-23T21:00,89.53,69,21328,3946,50415
2025-06-23T22:00,77.08,55,21009,4546,46661
2025-06-23T23:00,66.79,53,20916,5391,44756
2025-06-24T00:00,63.79,52,21154,5296,43845
2025-06-24T01:00,58.12,52,21560,5507,43543
2025-06-24T02:00,66.52,63,22487,5713,44202
2025-06-24T03:00,69.75,671,22944,5560,47118
2025-06-24T04:00,88.15,3896,22984,4957,54093
2025-06-24T05:00,88.02,10839,21704,3773,58238
2025-06-24T06:00,41.27,19929,21714,2845,58398
2025-06-24T07:00,-0.01,27835,23911,2829,57947
2025-06-24T08:00,-4.01,33041,23232,2024,57015
2025-06-24T09:00,-12.41,35653,22412,2381,57195
2025-06-24T10:00,-20.09,36572,23466,2399,56865
2025-06-24T11:00,-22.75,36290,23728,2377,56661
2025-06-24T12:00,-19.27,34010,24234,2237,56181
2025-06-24T13:00,-7.56,30427,26740,2843,56426
2025-06-24T14:00,-3.06,25848,26874,3647,56256
2025-06-24T15:00,2.09,20193,29259,5222,58162
2025-06-24T16:00,61.77,12629,28146,5729,59257
2025-06-24T17:00,97.25,6204,25140,5385,59440
2025-06-24T18:00,123.90,1936,23604,4826,58660
2025-06-24T19:00,122.49,216,23701,4347,56572
2025-06-24T20:00,97.41,70,23597,4513,53675
2025-06-24T21:00,98.02,67,24947,4132,50360
2025-06-24T22:00,78.85,61,24706,3862,47316
2025-06-24T23:00,67.63,55,23800,3538,45100
2025-06-25T00:00,70.02,53,22321,3540,43721
2025-06-25T01:00,69.07,53,21518,3318,43130
2025-06-25T02:00,70.01,62,21853,3766,44190
2025-06-25T03:00,82.77,557,21590,4003,46716
2025-06-25T04:00,105.72,3499,21058,4136,54064
2025-06-25T05:00,112.36,10165,18726,4059,59052
2025-06-25T06:00,97.87,19892,17628,2750,60249
2025-06-25T07:00,70.02,28978,17286,1976,59456
2025-06-25T08:00,10.07,35827,17431,1071,58664
2025-06-25T09:00,0.07,40687,18448,1288,59229
2025-06-25T10:00,-0.02,41978,18886,907,58489
2025-06-25T11:00,-0.14,41610,18976,690,57824
2025-06-25T12:00,-0.51,40537,17922,589,58034
2025-06-25T13:00,0.00,37323,16662,535,57999
2025-06-25T14:00,17.84,32404,14490,322,57323
2025-06-25T15:00,84.47,25464,12048,628,57792
2025-06-25T16:00,105.80,16718,9580,590,58244
2025-06-25T17:00,134.19,8060,6492,438,58298
2025-06-25T18:00,200.00,2535,3776,353,57326
2025-06-25T19:00,247.02,358,2456,272,54321
2025-06-25T20:00,173.62,63,2272,234,52155
2025-06-25T21:00,126.84,57,2456,285,48464
2025-06-25T22:00,119.95,58,2640,337,45633
2025-06-25T23:00,107.63,53,3288,425,43759
2025-06-26T00:00,102.83,53,4485,700,42430
2025-06-26T01:00,98.62,53,7177,726,41119
2025-06-26T02:00,98.79,66,7737,798,42896
2025-06-26T03:00,102.91,741,8508,861,46544
2025-06-26T04:00,119.90,3531,8736,1080,53097
2025-06-26T05:00,120.91,8844,7434,1420,57851
2025-06-26T06:00,106.79,15880,6540,1960,60830
2025-06-26T07:00,96.45,22879,7327,1616,61510
2025-06-26T08:00,88.95,27465,8644,940,61704
2025-06-26T09:00,77.88,31226,9952,687,62469
2025-06-26T10:00,70.25,34298,10664,467,61790
2025-06-26T11:00,59.25,34438,11660,522,60840
2025-06-26T12:00,51.12,32179,14448,801,59138
2025-06-26T13:00,48.99,27758,18240,1437,58835
2025-06-26T14:00,63.04,21702,21367,1647,59003
2025-06-26T15:00,70.30,16422,23417,2874,58566
2025-06-26T16:00,89.23,10215,26094,4110,59833
2025-06-26T17:00,93.95,5628,25768,4450,58595
2025-06-26T18:00,99.14,2050,24781,4924,57030
2025-06-26T19:00,100.00,219,23437,5506,54302
2025-06-26T20:00,108.64,79,22992,5682,52145
2025-06-26T21:00,97.23,57,22720,5699,49423
2025-06-26T22:00,84.50,60,22188,6388,46884
2025-06-26T23:00,78.83,53,22194,5976,45448
2025-06-27T00:00,75.67,52,22082,5533,45321
2025-06-27T01:00,80.41,53,21217,5247,45355
2025-06-27T02:00,82.39,64,20407,5335,45551
2025-06-27T03:00,88.90,564,19998,5022,47849
2025-06-27T04:00,105.58,3216,19819,4527,53623
2025-06-27T05:00,113.20,7796,20166,3498,58539
2025-06-27T06:00,107.70,13026,20498,2666,60678
2025-06-27T07:00,90.94,17634,20287,3242,60547
2025-06-27T08:00,79.12,20702,19695,2696,61528
2025-06-27T09:00,67.45,22114,19102,3014,63766
2025-06-27T10:00,54.53,22343,18714,2690,61900
2025-06-27T11:00,28.30,24156,16920,2640,60220
2025-06-27T12:00,7.87,25330,14500,2780,57701
2025-06-27T13:00,9.88,24856,14575,3402,57932
2025-06-27T14:00,29.92,22427,14263,3472,56656
2025-06-27T15:00,70.68,17494,13878,3619,56100
2025-06-27T16:00,91.73,11865,12424,3807,56238
2025-06-27T17:00,107.15,6330,9728,3830,55970
2025-06-27T18:00,124.86,2229,6875,4291,53836
2025-06-27T19:00,134.94,308,5251,4196,51383
2025-06-27T20:00,126.24,88,5692,4410,49368
2025-06-27T21:00,107.70,60,8512,4863,46884
2025-06-27T22:00,94.70,63,10483,5625,44231
2025-06-27T23:00,89.61,68,11374,6221,41843
2025-06-28T00:00,82.02,58,12316,6598,40571
2025-06-28T01:00,76.59,52,13422,6390,39658
2025-06-28T02:00,70.27,57,14127,5772,39112
2025-06-28T03:00,75.40,619,14478,5338,38826
2025-06-28T04:00,74.00,3934,13688,5364,40976
2025-06-28T05:00,58.84,11238,11712,5416,44249
2025-06-28T06:00,27.80,21341,10736,5260,47557
2025-06-28T07:00,2.34,30848,11390,4777,49745
2025-06-28T08:00,0.01,37601,11528,4268,50961
2025-06-28T09:00,-0.04,39651,11199,2172,49738
2025-06-28T10:00,-1.00,40534,11856,2018,48592
2025-06-28T11:00,-2.01,39603,11945,1750,47415
2025-06-28T12:00,-3.09,37660,11924,1926,46761
2025-06-28T13:00,-1.01,34588,12664,1929,46353
2025-06-28T14:00,-1.00,29385,13452,2210,46298
2025-06-28T15:00,2.97,24228,14908,5386,48051
2025-06-28T16:00,62.73,15568,15694,6627,49141
2025-06-28T17:00,95.03,7257,14439,6576,49263
2025-06-28T18:00,108.99,2126,12248,6291,48106
2025-06-28T19:00,123.86,234,10934,5969,46528
2025-06-28T20:00,119.84,90,9836,6126,45722
2025-06-28T21:00,103.50,56,10333,5990,43534
2025-06-28T22:00,95.07,59,10654,6550,41716
2025-06-28T23:00,89.42,55,11258,5918,39698
2025-06-29T00:00,89.66,53,11748,6116,38172
2025-06-29T01:00,86.82,52,12022,5300,37499
2025-06-29T02:00,85.31,62,11808,4634,37034
2025-06-29T03:00,85.30,555,11266,4259,36675
2025-06-29T04:00,86.39,3727,9497,3493,37941
2025-06-29T05:00,74.92,11019,6920,2722,40035
2025-06-29T06:00,47.52,21104,6724,2362,43146
2025-06-29T07:00,1.99,30393,7227,1110,43752
2025-06-29T08:00,0.00,37140,6993,1180,45403
2025-06-29T09:00,-0.26,39831,7947,86,44668
2025-06-29T10:00,-5.40,40864,8994,389,44838
2025-06-29T11:00,-20.10,40836,10087,363,44261
2025-06-29T12:00,-24.01,40000,11170,376,43102
2025-06-29T13:00,-15.45,37328,12057,985,43559
2025-06-29T14:00,-2.69,32804,12335,1034,43771
2025-06-29T15:00,0.01,27969,13942,2230,47101
2025-06-29T16:00,77.44,18573,16684,2096,48867
2025-06-29T17:00,102.14,8704,15782,1968,49139
2025-06-29T18:00,111.98,2637,13266,1887,48984
2025-06-29T19:00,118.07,338,12290,1806,47907
2025-06-29T20:00,113.73,70,12238,1858,47807
2025-06-29T21:00,101.00,56,12049,1808,45285
2025-06-29T22:00,98.73,60,10995,1805,42816
2025-06-29T23:00,89.03,52,9852,1795,41172
2025-06-30T00:00,85.03,54,8736,1698,40420
2025-06-30T01:00,84.13,53,8163,1497,39851
2025-06-30T02:00,86.51,62,7978,1389,40610
2025-06-30T03:00,97.41,666,7384,1344,43622
2025-06-30T04:00,114.90,4134,6135,1298,50957
2025-06-30T05:00,111.70,12174,3828,1165,56295
2025-06-30T06:00,108.52,23499,2504,1073,59880
2025-06-30T07:00,91.77,34450,1782,859,59814
2025-06-30T08:00,74.65,41476,1512,433,58911
2025-06-30T09:00,43.73,46534,1460,166,58343
2025-06-30T10:00,19.05,49352,1476,176,57592
2025-06-30T11:00,9.96,49788,1528,64,57085
2025-06-30T12:00,19.65,47982,1567,104,56085
2025-06-30T13:00,60.00,44182,1583,547,56392
2025-06-30T14:00,80.50,38450,1584,414,55298
2025-06-30T15:00,91.98,30011,1543,752,56198
2025-06-30T16:00,110.01,18956,1630,850,57028
2025-06-30T17:00,178.94,8712,2073,974,56943
2025-06-30T18:00,288.97,2586,3041,1114,56151
2025-06-30T19:00,233.35,314,5068,1344,53985
2025-06-30T20:00,157.00,57,7169,1633,51716
2025-06-30T21:00,122.65,56,9603,2014,47882
2025-06-30T22:00,111.28,57,11107,2337,45529
2025-06-30T23:00,95.29,53,11471,2546,44302
2025-07-01T00:00,89.10,53,11525,2782,43104
2025-07-01T01:00,88.08,53,11114,3182,43522
2025-07-01T02:00,90.01,58,10823,3381,44568
2025-07-01T03:00,96.50,622,10242,3040,46883
2025-07-01T04:00,114.97,3963,8851,2791,53307
2025-07-01T05:00,120.11,11862,5710,1915,58056
2025-07-01T06:00,114.72,23253,2146,1399,60735
2025-07-01T07:00,91.19,33664,918,991,60845
2025-07-01T08:00,84.31,40800,686,577,59696
2025-07-01T09:00,69.56,45634,709,236,60168
2025-07-01T10:00,44.54,47876,609,115,59405
2025-07-01T11:00,42.47,47488,563,61,58718
2025-07-01T12:00,57.65,45076,519,120,58322
2025-07-01T13:00,78.14,40895,530,100,57775
2025-07-01T14:00,90.80,35915,602,230,58570
2025-07-01T15:00,102.02,28158,861,491,59258
2025-07-01T16:00,152.08,18117,841,614,58854
2025-07-01T17:00,307.27,8258,1087,981,58661
2025-07-01T18:00,476.19,2505,1529,1218,57554
2025-07-01T19:00,406.81,325,2745,1607,55244
2025-07-01T20:00,250.01,63,4421,2203,53707
2025-07-01T21:00,147.65,53,6534,3313,50219
2025-07-01T22:00,119.29,58,8410,3887,47340
2025-07-01T23:00,102.70,55,9847,3751,45847
2025-07-02T00:00,92.54,52,10508,3230,45030
2025-07-02T01:00,92.08,53,10653,2733,44785
2025-07-02T02:00,91.71,59,10352,2569,45092
2025-07-02T03:00,100.55,609,10296,2667,48003
2025-07-02T04:00,116.43,3914,9739,2130,54795
2025-07-02T05:00,110.42,11545,7832,1322,59837
2025-07-02T06:00,104.52,22397,4010,708,61982
2025-07-02T07:00,92.62,31394,2028,711,61253
2025-07-02T08:00,81.06,39220,1778,1018,61711
2025-07-02T09:00,69.93,44058,1503,1174,60639
2025-07-02T10:00,36.12,46079,1725,488,59965
2025-07-02T11:00,32.59,46341,1717,479,59803
2025-07-02T12:00,46.61,44472,1423,298,58435
2025-07-02T13:00,71.49,39905,1541,488,58723
2025-07-02T14:00,79.60,33365,2695,1133,59095
2025-07-02T15:00,89.27,24447,5565,1721,60067
2025-07-02T16:00,113.99,14737,9181,1320,59354
2025-07-02T17:00,186.01,6296,11975,1827,58827
2025-07-02T18:00,240.07,1762,14912,1781,58949
2025-07-02T19:00,180.21,155,13989,2525,57917
2025-07-02T20:00,134.93,85,14449,3122,55287
2025-07-02T21:00,108.50,55,15982,4260,52037
2025-07-02T22:00,83.49,56,17200,5196,48937
2025-07-02T23:00,81.15,53,18000,5083,47097
2025-07-03T00:00,79.00,56,15873,3845,44984
2025-07-03T01:00,78.93,53,15408,3563,43869
2025-07-03T02:00,80.88,57,15850,3149,44901
2025-07-03T03:00,86.45,368,17596,3988,48820
2025-07-03T04:00,104.92,2540,17751,4187,56071
2025-07-03T05:00,108.03,7020,16721,3888,59821
2025-07-03T06:00,104.90,13413,16509,3711,62759
2025-07-03T07:00,90.45,20016,16046,3600,63595
2025-07-03T08:00,75.06,25202,15486,2482,63981
2025-07-03T09:00,57.35,29377,14400,1775,64026
2025-07-03T10:00,42.16,32184,13589,1189,61948
2025-07-03T11:00,33.91,34827,12994,475,60822
2025-07-03T12:00,24.72,35229,13145,431,59666
2025-07-03T13:00,37.86,34382,12648,370,58139
2025-07-03T14:00,58.57,31875,12051,1172,56942
2025-07-03T15:00,81.00,25558,11762,2206,58355
2025-07-03T16:00,95.19,16979,11503,2594,59767
2025-07-03T17:00,107.20,8296,10155,2322,59463
2025-07-03T18:00,146.96,2562,7877,1994,57515
2025-07-03T19:00,166.67,291,6641,1657,54805
2025-07-03T20:00,133.30,80,6409,1389,52204
2025-07-03T21:00,117.03,54,6700,1305,49001
2025-07-03T22:00,111.01,53,6297,1460,46794
2025-07-03T23:00,105.45,52,5537,1551,44576
2025-07-04T00:00,101.31,52,4738,1579,43410
2025-07-04T01:00,98.44,52,4197,1928,43293
2025-07-04T02:00,103.20,56,3768,2036,43928
2025-07-04T03:00,106.63,551,3472,2175,46823
2025-07-04T04:00,122.38,3434,3241,2087,52675
2025-07-04T05:00,116.46,9485,2483,2308,57280
2025-07-04T06:00,100.00,19035,1846,2792,60130
2025-07-04T07:00,91.15,29483,2605,3301,59433
2025-07-04T08:00,70.01,38003,3470,3472,59125
2025-07-04T09:00,6.69,42989,4642,3138,58948
2025-07-04T10:00,-0.05,44689,5762,3037,58050
2025-07-04T11:00,-1.56,44242,5953,2386,56493
2025-07-04T12:00,-1.37,43116,6722,2723,55682
2025-07-04T13:00,-0.61,40739,7331,3511,55227
2025-07-04T14:00,2.39,36042,6972,3714,54901
2025-07-04T15:00,62.04,28162,6050,3995,54893
2025-07-04T16:00,88.68,18056,5068,4276,55082
2025-07-04T17:00,110.00,8576,3756,4437,55015
2025-07-04T18:00,130.74,2695,2665,4756,53861
2025-07-04T19:00,150.10,320,2671,4854,51505
2025-07-04T20:00,129.68,82,3082,5725,49699
2025-07-04T21:00,107.99,58,4149,5822,47212
2025-07-04T22:00,104.20,62,6003,4688,44111
2025-07-04T23:00,94.98,56,8318,3778,41551
2025-07-05T00:00,96.50,58,10408,2736,39794
2025-07-05T01:00,93.40,54,12366,2789,39438
2025-07-05T02:00,94.50,57,13970,2884,39561
2025-07-05T03:00,83.49,595,14598,3278,39521
2025-07-05T04:00,84.47,4018,14590,4234,42231
2025-07-05T05:00,43.77,11257,12379,4515,44606
2025-07-05T06:00,17.86,20935,9851,5135,47268
2025-07-05T07:00,3.34,29320,9273,5415,49260
2025-07-05T08:00,0.00,34572,10864,4408,50176
2025-07-05T09:00,-0.08,36611,12541,3352,50261
2025-07-05T10:00,-1.01,38320,13069,2778,48500
2025-07-05T11:00,-2.05,38726,13364,2087,46951
2025-07-05T12:00,-2.11,36843,15236,2284,46115
2025-07-05T13:00,-2.01,32452,16298,2570,45859
2025-07-05T14:00,-2.26,27262,16692,3179,46119
2025-07-05T15:00,0.00,22582,17471,4682,47431
2025-07-05T16:00,41.25,14908,17237,5161,48492
2025-07-05T17:00,85.00,7114,16216,5471,48870
2025-07-05T18:00,111.01,2076,13210,5537,47280
2025-07-05T19:00,122.96,196,10932,5527,45302
2025-07-05T20:00,117.14,86,9514,5627,44303
2025-07-05T21:00,108.21,67,9435,5213,42138
2025-07-05T22:00,95.15,83,8801,5187,40424
2025-07-05T23:00,89.50,70,8715,5733,38558
2025-07-06T00:00,85.94,60,8419,5533,37259
2025-07-06T01:00,83.95,57,8937,4366,36435
2025-07-06T02:00,82.60,57,10051,3463,35857
2025-07-06T03:00,82.00,374,11210,2656,35561
2025-07-06T04:00,78.46,2945,11771,2448,36581
2025-07-06T05:00,77.57,8318,11136,2029,38257
2025-07-06T06:00,70.57,15732,10058,1930,40957
2025-07-06T07:00,38.81,23762,10222,1416,43760
2025-07-06T08:00,19.21,29004,11185,1268,46080
2025-07-06T09:00,13.19,30569,11997,624,47532
2025-07-06T10:00,10.26,29448,14443,480,47207
2025-07-06T11:00,5.85,26883,14605,603,46483
2025-07-06T12:00,11.20,22855,15159,777,45199
2025-07-06T13:00,50.57,18927,14663,754,45397
2025-07-06T14:00,70.77,14786,14682,463,45708
2025-07-06T15:00,100.29,9921,13223,236,45884
2025-07-06T16:00,107.37,5855,11529,207,47331
2025-07-06T17:00,112.16,2904,10458,242,47456
2025-07-06T18:00,120.32,860,9563,170,46427
2025-07-06T19:00,125.04,106,8759,222,45784
2025-07-06T20:00,122.21,61,7826,534,45879
2025-07-06T21:00,110.78,58,7415,413,43438
2025-07-06T22:00,118.84,58,6620,623,41508
2025-07-06T23:00,107.42,54,6226,530,39820
2025-07-07T00:00,101.92,53,6362,567,39617
2025-07-07T01:00,99.12,53,5947,1019,40133
2025-07-07T02:00,101.00,55,5496,1422,41428
2025-07-07T03:00,108.22,242,5398,1179,43948
2025-07-07T04:00,134.20,1736,4813,1460,51065
2025-07-07T05:00,143.67,4668,4209,1766,56108
2025-07-07T06:00,152.29,9394,4039,2241,59408
2025-07-07T07:00,131.99,15480,3989,2471,60795
2025-07-07T08:00,108.64,21575,4274,2856,61006
2025-07-07T09:00,108.98,26451,4659,3225,61324
2025-07-07T10:00,90.24,29217,5489,3775,61267
2025-07-07T11:00,71.00,29145,7148,4206,60086
2025-07-07T12:00,53.02,27401,8815,4234,58225
2025-07-07T13:00,50.67,24302,10873,4442,57373
2025-07-07T14:00,52.51,20280,11677,5039,57149
2025-07-07T15:00,72.30,15782,12617,5541,58579
2025-07-07T16:00,87.95,10225,13211,5800,58721
2025-07-07T17:00,92.27,5133,13367,5685,57471
2025-07-07T18:00,97.28,1646,13578,5623,55519
2025-07-07T19:00,109.92,181,13278,5062,53613
2025-07-07T20:00,110.09,81,12940,4415,50620
2025-07-07T21:00,95.82,60,13084,4114,47243
2025-07-07T22:00,103.83,54,12438,4162,44774
2025-07-07T23:00,92.90,53,11854,4268,43160
2025-07-08T00:00,86.13,53,11654,4390,42181
2025-07-08T01:00,84.78,63,11812,4482,42114
2025-07-08T02:00,85.37,55,11890,4549,43164
2025-07-08T03:00,91.14,293,12094,4819,46234
2025-07-08T04:00,107.99,2264,11827,4248,52241
2025-07-08T05:00,118.65,6691,10356,4150,56836
2025-07-08T06:00,117.76,12996,9676,3799,59216
2025-07-08T07:00,94.06,19206,9975,3841,59987
2025-07-08T08:00,81.78,23867,10505,3634,60474
2025-07-08T09:00,78.44,26555,11410,3383,60637
2025-07-08T10:00,60.15,27833,11688,3360,59811
2025-07-08T11:00,54.72,28630,12571,3149,59105
2025-07-08T12:00,53.04,28913,13679,2541,57681
2025-07-08T13:00,54.65,27903,13136,2271,56429
2025-07-08T14:00,65.20,25078,14638,2731,55679
2025-07-08T15:00,79.98,19765,16167,3586,56658
2025-07-08T16:00,83.92,13289,15815,3865,57115
2025-07-08T17:00,102.10,6685,14959,3869,56553
2025-07-08T18:00,122.77,2067,13339,3801,54594
2025-07-08T19:00,123.34,211,12300,3604,51908
2025-07-08T20:00,116.65,63,11723,3195,49747
2025-07-08T21:00,100.95,61,11994,2761,46314
2025-07-08T22:00,97.15,55,11965,2403,43913
2025-07-08T23:00,86.85,52,11980,1914,42202
2025-07-09T00:00,83.86,52,11794,1449,40645
2025-07-09T01:00,84.65,53,11760,1084,40623
2025-07-09T02:00,85.10,55,11878,993,41719
2025-07-09T03:00,96.15,299,12095,901,44998
2025-07-09T04:00,113.66,2503,11280,1050,51226
2025-07-09T05:00,116.46,7291,10002,1060,56078
2025-07-09T06:00,113.59,14235,10367,1085,58764
2025-07-09T07:00,95.66,21010,11102,1077,59454
2025-07-09T08:00,84.68,24993,11612,1048,59734
2025-07-09T09:00,77.77,26910,11850,995,59860
2025-07-09T10:00,65.67,28223,12190,914,59910
2025-07-09T11:00,46.69,28897,12314,927,58438
2025-07-09T12:00,37.78,29389,12404,955,56981
2025-07-09T13:00,48.32,27707,12253,899,56447
2025-07-09T14:00,71.13,24364,11968,788,55116
2025-07-09T15:00,84.73,19887,11651,818,55411
2025-07-09T16:00,99.01,13550,10986,850,56328
2025-07-09T17:00,115.98,6883,9328,659,55538
2025-07-09T18:00,135.34,2172,7331,536,54284
2025-07-09T19:00,138.24,258,5959,570,52297
2025-07-09T20:00,119.79,68,5503,490,49972
2025-07-09T21:00,104.90,55,5819,449,46443
2025-07-09T22:00,100.91,56,5449,392,43323
2025-07-09T23:00,95.73,53,4907,514,41742
2025-07-10T00:00,89.10,53,4300,612,40793
2025-07-10T01:00,86.45,53,3707,693,40822
2025-07-10T02:00,87.97,54,3366,850,41725
2025-07-10T03:00,98.62,368,3187,988,44515
2025-07-10T04:00,107.61,3033,2837,1065,51077
2025-07-10T05:00,107.23,9212,1876,1007,55577
2025-07-10T06:00,105.35,18404,1430,895,57963
2025-07-10T07:00,88.90,28012,1706,733,57678
2025-07-10T08:00,82.00,34975,2222,695,58051
2025-07-10T09:00,65.33,38204,2793,522,57702
2025-07-10T10:00,45.22,39398,3494,565,56795
2025-07-10T11:00,39.51,38697,4676,545,55842
2025-07-10T12:00,39.55,36972,5908,581,55122
2025-07-10T13:00,56.71,33757,7222,672,54739
2025-07-10T14:00,76.80,28697,7856,825,54995
2025-07-10T15:00,86.40,22222,8118,862,55439
2025-07-10T16:00,100.20,14515,8116,735,55689
2025-07-10T17:00,114.39,7205,7331,690,55154
2025-07-10T18:00,134.67,2215,5903,1018,54059
2025-07-10T19:00,132.70,244,4840,1253,52220
2025-07-10T20:00,120.88,66,4402,1487,50428
2025-07-10T21:00,107.69,60,5199,1475,46949
2025-07-10T22:00,104.75,54,5697,1316,44704
2025-07-10T23:00,99.57,54,5646,1220,42904
2025-07-11T00:00,95.00,54,5430,1279,41634
2025-07-11T01:00,90.69,55,5549,1452,41896
2025-07-11T02:00,91.53,58,5568,1558,42726
2025-07-11T03:00,99.40,356,5949,1539,45285
2025-07-11T04:00,107.41,2741,5801,1672,51822
2025-07-11T05:00,105.92,7883,4356,1806,56962
2025-07-11T06:00,105.18,15373,3849,1806,60274
2025-07-11T07:00,93.30,22889,4920,1654,60586
2025-07-11T08:00,82.90,27895,6459,970,59637
2025-07-11T09:00,73.15,32458,7497,1003,59844
2025-07-11T10:00,63.82,35604,8640,996,58755
2025-07-11T11:00,42.16,36824,9741,970,56762
2025-07-11T12:00,32.04,35783,10639,1342,55540
2025-07-11T13:00,38.10,32318,12155,2127,55362
2025-07-11T14:00,59.55,27576,13641,2478,55472
2025-07-11T15:00,83.15,21251,14616,2691,55916
2025-07-11T16:00,86.44,13678,14942,2700,55794
2025-07-11T17:00,101.93,6743,13351,2749,54447
2025-07-11T18:00,117.50,2090,11082,2738,52775
2025-07-11T19:00,118.08,262,9672,2834,50419
2025-07-11T20:00,113.80,88,8542,2839,47981
2025-07-11T21:00,103.82,63,8146,2913,44552
2025-07-11T22:00,112.23,67,7403,2592,42499
2025-07-11T23:00,104.57,58,6797,2022,40303
2025-07-12T00:00,103.68,55,6538,1714,39321
2025-07-12T01:00,97.40,55,6655,1895,38977
2025-07-12T02:00,93.33,55,7387,1874,38455
2025-07-12T03:00,89.94,202,8590,2093,38468
2025-07-12T04:00,85.27,2134,8938,2524,40221
2025-07-12T05:00,87.98,6345,8288,3298,43152
2025-07-12T06:00,83.80,12460,8160,3897,46900
2025-07-12T07:00,59.86,19045,8778,4133,49203
2025-07-12T08:00,18.19,24929,9645,3902,50487
2025-07-12T09:00,3.00,27923,9612,3581,50186
2025-07-12T10:00,0.22,28671,8720,3138,48570
2025-07-12T11:00,0.00,27599,7974,2722,47164
2025-07-12T12:00,0.00,26066,7819,2840,46700
2025-07-12T13:00,0.22,22965,8672,3519,46266
2025-07-12T14:00,19.73,19119,8458,3360,46735
2025-07-12T15:00,73.89,14419,7813,2888,47125
2025-07-12T16:00,106.20,9502,7180,2345,48334
2025-07-12T17:00,109.20,4871,6729,2439,48204
2025-07-12T18:00,120.00,1562,6114,2606,47211
2025-07-12T19:00,125.02,170,5793,2459,45529
2025-07-12T20:00,125.00,94,5204,2726,44285
2025-07-12T21:00,115.42,64,4954,2717,41872
2025-07-12T22:00,115.35,67,4605,2365,39278
2025-07-12T23:00,109.14,59,4365,2108,37549
2025-07-13T00:00,108.42,54,3931,2072,36514
2025-07-13T01:00,107.35,56,3839,1682,35809
2025-07-13T02:00,104.64,55,3818,1548,35639
2025-07-13T03:00,100.85,202,4271,1529,35669
2025-07-13T04:00,95.80,2102,4128,1991,36296
2025-07-13T05:00,92.18,6543,3364,1907,37945
2025-07-13T06:00,87.94,12579,2652,1748,40975
2025-07-13T07:00,57.62,19237,2417,1551,43340
2025-07-13T08:00,4.28,26770,2515,1446,45315
2025-07-13T09:00,0.05,32198,2740,1620,46424
2025-07-13T10:00,0.00,34681,3412,1507,45874
2025-07-13T11:00,0.00,35457,3536,1432,44216
2025-07-13T12:00,0.00,35056,3464,1360,42849
2025-07-13T13:00,0.00,33628,3810,1146,41820
2025-07-13T14:00,2.36,29999,3591,886,42204
2025-07-13T15:00,73.40,24269,3579,953,42957
2025-07-13T16:00,100.61,15731,2940,948,44795
2025-07-13T17:00,113.74,7275,2036,1111,45875
2025-07-13T18:00,120.00,2131,1567,996,45448
2025-07-13T19:00,127.70,204,1487,1071,45011
2025-07-13T20:00,126.94,78,1274,1130,44829
2025-07-13T21:00,115.41,59,1239,948,42146
2025-07-13T22:00,114.02,64,1199,854,39924
2025-07-13T23:00,104.01,65,1309,940,38147
2025-07-14T00:00,98.17,54,1617,851,37423
2025-07-14T01:00,94.94,53,2170,499,37267
2025-07-14T02:00,99.32,54,3239,244,38162
2025-07-14T03:00,108.93,346,4296,187,40931
2025-07-14T04:00,117.87,3061,4765,227,48000
2025-07-14T05:00,121.62,8734,4432,239,53605
2025-07-14T06:00,112.06,16228,3333,149,57337
2025-07-14T07:00,92.43,23507,3305,99,58510
2025-07-14T08:00,84.58,27703,3863,52,59304
2025-07-14T09:00,79.67,28317,4713,43,59356
2025-07-14T10:00,70.98,28439,5925,45,59273
2025-07-14T11:00,64.17,29046,6790,10,58528
2025-07-14T12:00,57.15,28690,7853,15,57333
2025-07-14T13:00,55.82,27222,8558,45,56150
2025-07-14T14:00,71.10,23250,8972,24,55247
2025-07-14T15:00,84.58,17838,8973,59,55612
2025-07-14T16:00,98.94,11701,7887,28,55960
2025-07-14T17:00,110.11,6073,6687,4,55668
2025-07-14T18:00,139.99,1915,5321,1,53923
2025-07-14T19:00,141.57,132,4736,5,51637
2025-07-14T20:00,126.14,42,4041,42,49243
2025-07-14T21:00,115.15,11,4148,193,45979
2025-07-14T22:00,106.10,8,4255,633,43705
2025-07-14T23:00,103.06,7,4474,1229,41351
2025-07-15T00:00,93.86,6,4954,1588,39865
2025-07-15T01:00,88.28,6,5555,2348,39975
2025-07-15T02:00,87.12,7,6504,3021,40935
2025-07-15T03:00,93.00,247,7492,3138,43229
2025-07-15T04:00,110.33,2412,9216,2341,49057
2025-07-15T05:00,113.41,7234,8388,2194,54196
2025-07-15T06:00,106.86,14085,7291,2089,56892
2025-07-15T07:00,90.82,20614,7628,2052,57568
2025-07-15T08:00,77.67,25061,8650,1814,58664
2025-07-15T09:00,65.00,28250,9302,1868,59178
2025-07-15T10:00,59.19,29633,11153,2018,57042
2025-07-15T11:00,47.26,28157,12672,1929,56258
2025-07-15T12:00,40.20,26799,13385,1689,54528
2025-07-15T13:00,42.57,26380,13888,1385,55821
2025-07-15T14:00,65.00,23755,13012,1103,54360
2025-07-15T15:00,84.87,18843,12426,1283,54982
2025-07-15T16:00,101.54,12309,11184,1011,55391
2025-07-15T17:00,108.15,6135,8908,1246,55998
2025-07-15T18:00,119.78,1783,6396,1415,54065
2025-07-15T19:00,141.99,115,5187,1193,51918
2025-07-15T20:00,121.28,19,5332,1130,49210
2025-07-15T21:00,112.45,6,6161,1164,45966
2025-07-15T22:00,97.63,8,6539,1146,43536
2025-07-15T23:00,93.99,5,6763,1526,42341
2025-07-16T00:00,86.67,5,7687,1869,41278
2025-07-16T01:00,83.43,6,8538,1847,40999
2025-07-16T02:00,84.26,7,9323,1885,41588
2025-07-16T03:00,90.41,274,9851,1859,44872
2025-07-16T04:00,105.74,2459,10076,1742,51614
2025-07-16T05:00,112.63,6779,9130,1602,56540
2025-07-16T06:00,111.92,12342,7268,1303,59503
2025-07-16T07:00,104.21,17578,6896,922,60530
2025-07-16T08:00,89.80,22813,6937,870,61184
2025-07-16T09:00,85.65,25940,7985,762,60883
2025-07-16T10:00,81.96,27893,8946,677,59692
2025-07-16T11:00,78.62,29072,9780,611,58560
2025-07-16T12:00,68.06,28646,10261,561,57408
2025-07-16T13:00,69.20,26452,10473,577,56233
2025-07-16T14:00,80.86,22642,10765,646,55710
2025-07-16T15:00,89.09,17317,10908,581,56193
2025-07-16T16:00,95.49,10908,10514,713,56336
2025-07-16T17:00,108.37,5419,9440,725,54888
2025-07-16T18:00,119.72,1665,8158,844,52805
2025-07-16T19:00,129.04,136,7654,1213,50877
2025-07-16T20:00,120.71,37,7864,1715,48538
2025-07-16T21:00,110.55,20,8604,2226,45474
2025-07-16T22:00,103.76,13,9163,2497,43067
2025-07-16T23:00,98.33,7,9476,2586,41430
2025-07-17T00:00,89.96,6,9173,2521,40760
2025-07-17T01:00,84.81,8,9226,2226,41015
2025-07-17T02:00,85.76,7,9676,2493,42003
2025-07-17T03:00,89.00,163,10795,3045,45004
2025-07-17T04:00,104.05,2101,11222,3489,51088
2025-07-17T05:00,110.33,6644,9825,3608,55618
2025-07-17T06:00,105.92,12714,9867,3367,58760
2025-07-17T07:00,93.10,18540,11312,3152,59174
2025-07-17T08:00,85.00,23289,12536,3107,59527
2025-07-17T09:00,77.07,26359,13017,3114,60043
2025-07-17T10:00,70.17,27544,13421,3349,59149
2025-07-17T11:00,55.26,28364,14139,3155,58150
2025-07-17T12:00,49.78,28105,13843,2956,56301
2025-07-17T13:00,66.18,25925,14267,3447,55489
2025-07-17T14:00,74.79,21963,14250,3463,54406
2025-07-17T15:00,82.71,16920,13759,3185,54863
2025-07-17T16:00,94.98,10935,13099,2543,55372
2025-07-17T17:00,109.73,5310,11296,2124,54894
2025-07-17T18:00,120.75,1481,9467,1521,53205
2025-07-17T19:00,132.00,123,8096,1199,51148
2025-07-17T20:00,125.07,20,6961,989,48627
2025-07-17T21:00,114.18,10,6191,888,45160
2025-07-17T22:00,106.80,9,5211,805,42667
2025-07-17T23:00,99.15,5,4223,710,40911
2025-07-18T00:00,95.36,6,3315,548,39835
2025-07-18T01:00,96.37,6,2824,357,39642
2025-07-18T02:00,98.66,6,2307,230,40482
2025-07-18T03:00,108.23,105,1815,176,43397
2025-07-18T04:00,115.92,1992,1383,111,49206
2025-07-18T05:00,116.17,6862,926,101,53894
2025-07-18T06:00,109.39,14565,546,81,56694
2025-07-18T07:00,98.13,22254,375,31,57092
2025-07-18T08:00,84.98,28572,396,13,57189
2025-07-18T09:00,82.02,32736,480,5,56988
2025-07-18T10:00,80.00,35452,587,2,56044
2025-07-18T11:00,73.02,36906,634,3,54817
2025-07-18T12:00,71.20,37015,721,7,52957
2025-07-18T13:00,72.68,34061,1044,12,52131
2025-07-18T14:00,79.99,29683,1534,6,51992
2025-07-18T15:00,84.07,23979,1294,18,52143
2025-07-18T16:00,99.92,16010,950,17,51966
2025-07-18T17:00,120.00,7598,884,12,51723
2025-07-18T18:00,146.55,2093,931,8,50325
2025-07-18T19:00,144.44,132,975,7,48459
2025-07-18T20:00,125.88,23,1033,31,46166
2025-07-18T21:00,113.48,20,1304,70,43219
2025-07-18T22:00,107.60,17,1508,61,41054
2025-07-18T23:00,105.35,10,1759,84,39153
2025-07-19T00:00,103.19,9,2069,214,37820
2025-07-19T01:00,101.63,5,2312,190,37267
2025-07-19T02:00,98.38,6,2561,153,37140
2025-07-19T03:00,93.69,214,3235,145,37294
2025-07-19T04:00,98.39,2947,3656,165,38793
2025-07-19T05:00,86.89,10143,3518,219,41215
2025-07-19T06:00,78.89,21134,2175,261,44546
2025-07-19T07:00,52.98,32192,1615,342,46514
2025-07-19T08:00,10.00,40404,1990,362,47182
2025-07-19T09:00,0.65,45072,2435,418,47328
2025-07-19T10:00,0.00,46733,2931,371,46449
2025-07-19T11:00,-0.01,45874,3566,405,45629
2025-07-19T12:00,0.00,43008,4344,889,45374
2025-07-19T13:00,2.08,37458,5478,1414,45067
2025-07-19T14:00,29.33,29651,6844,1867,44900
2025-07-19T15:00,76.85,21114,7048,1781,45973
2025-07-19T16:00,98.40,12596,6737,1739,46490
2025-07-19T17:00,114.47,5661,6657,2160,46572
2025-07-19T18:00,112.87,1582,7431,2625,45480
2025-07-19T19:00,108.08,91,9856,3289,44127
2025-07-19T20:00,105.63,15,11933,4255,43556
2025-07-19T21:00,98.07,9,12503,4689,41154
2025-07-19T22:00,91.29,15,12282,5366,38476
2025-07-19T23:00,88.94,5,11037,5344,36430
2025-07-20T00:00,89.27,6,9642,5222,35595
2025-07-20T01:00,100.41,7,8322,4625,34849
2025-07-20T02:00,101.70,7,7287,3563,34611
2025-07-20T03:00,98.27,231,7094,2719,34477
2025-07-20T04:00,97.20,2749,6590,1762,34993
2025-07-20T05:00,80.59,9327,4597,1379,37004
2025-07-20T06:00,77.86,19435,2469,1169,40026
2025-07-20T07:00,44.58,28308,1695,1352,42695
2025-07-20T08:00,9.04,34504,1719,852,43636
2025-07-20T09:00,2.07,38341,2102,555,44500
2025-07-20T10:00,0.00,40117,2740,379,43707
2025-07-20T11:00,-0.01,39564,3405,312,42217
2025-07-20T12:00,0.00,37819,3517,450,41904
2025-07-20T13:00,9.09,32631,3769,904,42315
2025-07-20T14:00,69.33,26440,4828,1188,42268
2025-07-20T15:00,92.74,19545,5080,1657,43688
2025-07-20T16:00,100.26,11286,5097,1808,45999
2025-07-20T17:00,112.00,4787,6186,2052,46871
2025-07-20T18:00,116.00,1294,7491,1944,46510
2025-07-20T19:00,115.01,78,9603,1617,46407
2025-07-20T20:00,114.85,11,10649,1545,45381
2025-07-20T21:00,105.05,7,12336,1432,42288
2025-07-20T22:00,87.08,7,11296,1475,40482
2025-07-20T23:00,79.73,10,10527,1335,39642
2025-07-21T00:00,83.48,9,9645,1042,38723
2025-07-21T01:00,83.30,6,8540,978,38585
2025-07-21T02:00,83.49,6,7975,1052,39600
2025-07-21T03:00,96.22,77,6995,951,42633
2025-07-21T04:00,113.96,1083,6424,859,49667
2025-07-21T05:00,126.56,3350,5105,710,54875
2025-07-21T06:00,123.91,6204,4009,806,58210
2025-07-21T07:00,109.64,8759,3004,998,60083
2025-07-21T08:00,105.99,11240,2709,1190,60723
2025-07-21T09:00,98.88,12948,3259,1260,61079
2025-07-21T10:00,84.90,14727,3590,931,60992
2025-07-21T11:00,81.73,17193,3880,634,60187
2025-07-21T12:00,85.79,19160,5175,716,58821
2025-07-21T13:00,87.96,19215,6706,1127,57583
2025-07-21T14:00,90.95,16948,8924,1602,56348
2025-07-21T15:00,104.30,15010,10288,1823,56871
2025-07-21T16:00,105.82,10405,10408,1870,56837
2025-07-21T17:00,119.69,5080,9780,2066,55615
2025-07-21T18:00,123.25,1351,8353,1667,53953
2025-07-21T19:00,120.09,111,7394,904,51626
2025-07-21T20:00,108.76,17,8080,588,48793
2025-07-21T21:00,100.04,8,9282,502,44983
2025-07-21T22:00,92.79,8,10040,369,42189
2025-07-21T23:00,87.20,7,11106,267,40566
2025-07-22T00:00,85.48,6,11715,367,39827
2025-07-22T01:00,82.00,6,12081,500,40248
2025-07-22T02:00,81.00,8,12288,504,40965
2025-07-22T03:00,89.28,89,12449,494,44050
2025-07-22T04:00,108.80,1699,12739,424,49937
2025-07-22T05:00,109.28,5722,11900,305,54870
2025-07-22T06:00,102.49,11175,11353,217,58082
2025-07-22T07:00,91.29,15410,11916,117,58591
2025-07-22T08:00,81.73,20505,12506,114,58844
2025-07-22T09:00,68.41,26019,13888,288,59642
2025-07-22T10:00,39.63,29502,15712,952,58894
2025-07-22T11:00,10.00,30433,16656,1395,57453
2025-07-22T12:00,0.17,29871,16754,2015,56953
2025-07-22T13:00,4.16,27764,17454,2218,56761
2025-07-22T14:00,36.90,23065,18406,2188,57073
2025-07-22T15:00,75.79,17526,18137,2047,56906
2025-07-22T16:00,88.98,11153,16764,1982,56604
2025-07-22T17:00,108.57,5063,16010,1976,56128
2025-07-22T18:00,112.56,1242,15941,2033,54252
2025-07-22T19:00,113.22,64,16891,2551,52132
2025-07-22T20:00,108.48,28,18825,3042,48985
2025-07-22T21:00,102.93,7,21586,3549,46454
2025-07-22T22:00,87.65,12,22896,3391,43655
2025-07-22T23:00,79.47,9,24091,3297,42443
2025-07-23T00:00,78.50,6,24197,3136,41221
2025-07-23T01:00,76.04,6,23796,3117,41170
2025-07-23T02:00,77.69,7,23688,2934,42078
2025-07-23T03:00,80.64,70,23288,2956,44761
2025-07-23T04:00,91.35,1640,23117,3878,50864
2025-07-23T05:00,99.87,6060,22415,4596,55573
2025-07-23T06:00,96.50,13139,21947,5098,58518
2025-07-23T07:00,81.69,21193,21624,4840,59098
2025-07-23T08:00,67.30,27254,21107,4798,59837
2025-07-23T09:00,53.50,30548,21120,4479,59449
2025-07-23T10:00,33.72,31515,21315,4350,58903
2025-07-23T11:00,23.73,31624,20704,4288,58289
2025-07-23T12:00,26.82,31019,20231,4277,56593
2025-07-23T13:00,40.30,29373,19330,4410,55604
2025-07-23T14:00,67.81,25104,18234,3860,55313
2025-07-23T15:00,78.05,19112,17273,3346,55562
2025-07-23T16:00,86.07,11916,15392,3036,56346
2025-07-23T17:00,105.00,5603,12456,2653,56380
2025-07-23T18:00,112.98,1405,9713,2504,54300
2025-07-23T19:00,119.74,88,8040,2164,52480
2025-07-23T20:00,110.54,12,6987,2095,49591
2025-07-23T21:00,103.06,13,6374,1996,46413
2025-07-23T22:00,97.82,7,5886,1640,43464
2025-07-23T23:00,94.08,7,5170,1326,41807
2025-07-24T00:00,89.29,5,4403,1132,40646
2025-07-24T01:00,89.29,8,3942,888,40458
2025-07-24T02:00,93.45,6,3735,953,41050
2025-07-24T03:00,102.65,116,3747,830,43942
2025-07-24T04:00,112.05,1543,3795,634,49490
2025-07-24T05:00,117.22,4934,2852,580,54453
2025-07-24T06:00,110.40,9873,1936,590,57711
2025-07-24T07:00,96.22,15955,1485,753,58834
2025-07-24T08:00,89.17,21566,1511,676,59659
2025-07-24T09:00,84.39,24971,1738,530,59984
2025-07-24T10:00,82.17,27204,2089,457,58719
2025-07-24T11:00,80.43,27818,2369,492,57774
2025-07-24T12:00,82.05,27089,2692,396,56722
2025-07-24T13:00,84.77,24226,2996,552,55661
2025-07-24T14:00,93.34,21200,3621,771,55076
2025-07-24T15:00,100.60,16719,3752,984,55654
2025-07-24T16:00,109.20,10689,3402,1097,55985
2025-07-24T17:00,130.00,5255,2843,1170,55221
2025-07-24T18:00,154.16,1357,2246,1394,54069
2025-07-24T19:00,140.64,81,2035,1633,52418
2025-07-24T20:00,118.38,20,2081,2130,49740
2025-07-24T21:00,109.39,8,2149,2031,46019
2025-07-24T22:00,111.27,9,2043,1770,43051
2025-07-24T23:00,103.67,10,2102,1432,41420
2025-07-25T00:00,97.05,8,2099,1397,40572
2025-07-25T01:00,92.94,6,2196,1961,40569
2025-07-25T02:00,96.97,6,2570,2263,41689
2025-07-25T03:00,98.20,69,3206,1804,44224
2025-07-25T04:00,108.87,1489,3353,1556,49545
2025-07-25T05:00,112.95,5532,2861,1560,54370
2025-07-25T06:00,110.85,11686,2554,1446,57531
2025-07-25T07:00,98.20,18851,2608,1301,58468
2025-07-25T08:00,94.08,24251,2922,1397,58998
2025-07-25T09:00,85.15,26400,3344,1113,59172
2025-07-25T10:00,83.09,27264,3615,916,58456
2025-07-25T11:00,78.70,29262,4174,810,56592
2025-07-25T12:00,76.31,29333,5330,936,55004
2025-07-25T13:00,79.27,26910,6551,1155,54018
2025-07-25T14:00,81.09,22959,6871,1338,52648
2025-07-25T15:00,84.02,16059,7280,1611,53467
2025-07-25T16:00,90.45,9638,7083,1594,53552
2025-07-25T17:00,101.81,4496,6259,1504,53191
2025-07-25T18:00,109.28,1157,4977,1460,51613
2025-07-25T19:00,121.21,68,3958,1226,49723
2025-07-25T20:00,112.60,22,3520,1142,47231
2025-07-25T21:00,110.25,9,3356,927,44035
2025-07-25T22:00,106.76,12,3174,1049,41521
2025-07-25T23:00,100.70,9,2967,1224,39580
2025-07-26T00:00,97.73,8,2785,1373,38234
2025-07-26T01:00,96.65,6,2336,1318,37652
2025-07-26T02:00,96.45,6,2208,1427,37668
2025-07-26T03:00,94.89,51,2374,1504,38172
2025-07-26T04:00,97.13,1434,2524,1069,39493
2025-07-26T05:00,96.10,5204,2333,723,41423
2025-07-26T06:00,87.96,10592,2068,463,43887
2025-07-26T07:00,85.85,16076,1903,317,46540
2025-07-26T08:00,79.59,21050,1711,270,47706
2025-07-26T09:00,75.20,24678,1505,250,48424
2025-07-26T10:00,66.42,27360,1488,246,47596
2025-07-26T11:00,49.87,28781,1820,312,46610
2025-07-26T12:00,50.09,28905,2278,471,45163
2025-07-26T13:00,68.07,26498,2593,617,44914
2025-07-26T14:00,74.81,22089,2802,754,44682
2025-07-26T15:00,84.20,16314,2720,778,45696
2025-07-26T16:00,98.20,9730,2369,677,46724
2025-07-26T17:00,106.60,4372,1525,622,46933
2025-07-26T18:00,121.95,1098,975,692,45498
2025-07-26T19:00,127.07,59,749,744,44266
2025-07-26T20:00,116.72,19,663,1063,42920
2025-07-26T21:00,108.80,7,758,1111,40331
2025-07-26T22:00,104.64,21,1066,1171,37986
2025-07-26T23:00,99.47,5,1412,1241,36152
2025-07-27T00:00,95.01,6,1801,1448,34821
2025-07-27T01:00,92.07,6,1919,1707,34169
2025-07-27T02:00,91.99,16,1918,1971,34009
2025-07-27T03:00,89.88,72,2031,1977,34102
2025-07-27T04:00,88.79,1257,2456,1866,34595
2025-07-27T05:00,86.58,4573,2578,1493,36334
2025-07-27T06:00,83.76,9740,2264,1263,39479
2025-07-27T07:00,81.71,16485,1939,886,42757
2025-07-27T08:00,75.91,22964,1857,572,44783
2025-07-27T09:00,70.52,27300,1869,461,45646
2025-07-27T10:00,45.93,29533,2299,434,45111
2025-07-27T11:00,15.04,29050,3082,417,43693
2025-07-27T12:00,8.85,26905,4439,536,42607
2025-07-27T13:00,17.30,24280,5798,720,41972
2025-07-27T14:00,45.74,20660,6279,729,41958
2025-07-27T15:00,82.36,15399,7285,934,43202
2025-07-27T16:00,95.66,9483,7155,934,44940
2025-07-27T17:00,102.47,3980,6555,833,44850
2025-07-27T18:00,107.95,920,5555,823,43980
2025-07-27T19:00,114.71,44,4723,871,43516
2025-07-27T20:00,107.33,21,4588,886,42286
2025-07-27T21:00,102.69,7,5076,874,39457
2025-07-27T22:00,100.00,5,5509,1172,37897
2025-07-27T23:00,88.77,8,6188,1353,36981
2025-07-28T00:00,83.50,5,6788,1383,36110
2025-07-28T01:00,79.67,6,7097,1629,36358
2025-07-28T02:00,79.51,6,7404,1876,37715
2025-07-28T03:00,89.52,36,7951,1844,40899
2025-07-28T04:00,108.88,1071,8728,1498,47494
2025-07-28T05:00,121.97,4103,8306,1420,52911
2025-07-28T06:00,118.37,8791,7392,1471,56280
2025-07-28T07:00,105.45,14532,8199,1027,57045
2025-07-28T08:00,97.25,20083,9509,905,58139
2025-07-28T09:00,90.96,24056,11188,1085,59106
2025-07-28T10:00,81.79,25453,12517,1241,58920
2025-07-28T11:00,77.52,26278,13844,1326,57877
2025-07-28T12:00,68.33,26196,14993,1430,56405
2025-07-28T13:00,73.97,24712,16085,1489,55290
2025-07-28T14:00,77.28,22258,16466,1936,55013
2025-07-28T15:00,88.12,17357,17017,2410,55581
2025-07-28T16:00,97.20,11103,16535,2682,55901
2025-07-28T17:00,103.59,4993,14890,3017,55307
2025-07-28T18:00,114.14,1174,13175,3266,53250
2025-07-28T19:00,114.34,51,13274,3486,52104
2025-07-28T20:00,105.26,11,14405,4347,49588
2025-07-28T21:00,92.43,7,15705,4426,46412
2025-07-28T22:00,87.51,6,16152,4678,44249
2025-07-28T23:00,84.10,6,16304,4812,42135
2025-07-29T00:00,82.90,6,15768,4619,41053
2025-07-29T01:00,82.10,6,14951,4649,41032
2025-07-29T02:00,83.89,12,13953,4734,41914
2025-07-29T03:00,92.88,76,13535,4860,45065
2025-07-29T04:00,101.07,1530,12587,5234,51174
2025-07-29T05:00,109.25,5966,10737,5037,55385
2025-07-29T06:00,99.02,12643,10223,5407,59118
2025-07-29T07:00,80.20,20030,11234,4386,59425
2025-07-29T08:00,66.37,27121,12250,3674,59139
2025-07-29T09:00,54.00,31932,12938,3297,59189
2025-07-29T10:00,25.60,34191,13307,3822,58656
2025-07-29T11:00,4.34,34475,13702,3925,57265
2025-07-29T12:00,1.07,34201,13533,3857,55946
2025-07-29T13:00,6.20,31804,13767,4072,55395
2025-07-29T14:00,44.41,26733,13358,4396,55699
2025-07-29T15:00,78.24,19065,12543,5034,55547
2025-07-29T16:00,94.81,11761,11450,5375,55814
2025-07-29T17:00,105.32,4860,9379,5366,55060
2025-07-29T18:00,123.56,1054,7100,5297,53507
2025-07-29T19:00,126.01,79,7086,5006,51910
2025-07-29T20:00,111.94,30,7676,4988,49070
2025-07-29T21:00,102.07,7,9039,5181,45924
2025-07-29T22:00,94.92,6,9805,4909,42756
2025-07-29T23:00,90.88,6,9604,5060,41174
2025-07-30T00:00,86.93,6,10354,4814,39855
2025-07-30T01:00,83.24,6,10792,5060,40234
2025-07-30T02:00,84.89,8,10194,5345,40848
2025-07-30T03:00,94.72,71,10289,5146,43961
2025-07-30T04:00,100.38,1432,10784,5502,49841
2025-07-30T05:00,97.47,5643,9583,5912,54158
2025-07-30T06:00,93.88,12076,8101,5985,56843
2025-07-30T07:00,79.02,18037,8608,6073,58036
2025-07-30T08:00,63.29,22681,9715,6001,58942
2025-07-30T09:00,40.43,25558,11126,5754,60132
2025-07-30T10:00,24.79,28009,12918,5944,59613
2025-07-30T11:00,17.69,28067,13759,5468,58853
2025-07-30T12:00,10.70,27098,14852,5485,57755
2025-07-30T13:00,28.03,25474,16009,5032,55678
2025-07-30T14:00,45.61,21982,16060,4936,54565
2025-07-30T15:00,75.68,16726,16825,5290,54906
2025-07-30T16:00,93.97,10518,15432,5749,54588
2025-07-30T17:00,101.86,4641,13606,5734,54279
2025-07-30T18:00,109.07,994,12415,6220,52637
2025-07-30T19:00,109.00,60,11942,6261,51285
2025-07-30T20:00,104.00,34,11807,6359,48192
2025-07-30T21:00,92.41,6,12921,6388,44597
2025-07-30T22:00,88.93,6,13790,6335,42326
2025-07-30T23:00,82.11,6,14183,5976,40988
2025-07-31T00:00,79.00,6,14555,5772,40255
2025-07-31T01:00,77.27,5,14932,5524,39982
2025-07-31T02:00,78.51,5,15160,5370,40883
2025-07-31T03:00,85.43,37,14855,5156,43407
2025-07-31T04:00,98.14,1259,15054,4985,49107
2025-07-31T05:00,100.46,5017,14415,5075,54012
2025-07-31T06:00,94.09,11156,13239,4671,57011
2025-07-31T07:00,88.91,17608,13378,4338,58096
2025-07-31T08:00,74.17,22259,14576,4001,59450
2025-07-31T09:00,70.04,24135,16283,3782,59382
2025-07-31T10:00,61.15,24491,17400,3992,58392
2025-07-31T11:00,48.05,24793,18067,3755,56827
2025-07-31T12:00,35.06,24698,17980,3525,55605
2025-07-31T13:00,55.07,22840,17673,3133,55480
2025-07-31T14:00,72.43,19633,17171,2727,54552
2025-07-31T15:00,84.56,15155,15650,2106,54539
2025-07-31T16:00,96.90,9153,13145,1958,54912
2025-07-31T17:00,111.92,4087,10488,1727,54960
2025-07-31T18:00,128.27,836,9156,1407,52923
2025-07-31T19:00,125.11,71,8466,1238,51411
2025-07-31T20:00,114.16,19,8683,1247,48167
2025-07-31T21:00,102.79,6,8976,1274,44964
2025-07-31T22:00,105.31,11,9050,1257,42609
2025-07-31T23:00,98.54,12,8342,1150,41219
2025-08-01T00:00,92.15,6,7855,990,40068
2025-08-01T01:00,89.17,6,7332,1001,39932
2025-08-01T02:00,94.21,6,7276,1058,40884
2025-08-01T03:00,100.58,36,7563,1287,43846
2025-08-01T04:00,106.69,1100,7920,1227,48933
2025-08-01T05:00,110.71,4385,6915,1068,53450
2025-08-01T06:00,106.64,9171,6011,920,56946
2025-08-01T07:00,103.67,15158,5989,1038,58027
2025-08-01T08:00,97.95,21585,6578,974,58249
2025-08-01T09:00,84.10,26776,7358,979,57078
2025-08-01T10:00,77.05,29701,8081,1295,56386
2025-08-01T11:00,61.97,30196,8671,1379,54604
2025-08-01T12:00,49.06,30615,9258,1578,52874
2025-08-01T13:00,49.10,29528,9183,2201,51742
2025-08-01T14:00,69.93,26074,9940,2367,51300
2025-08-01T15:00,83.59,19806,9300,2224,51978
2025-08-01T16:00,96.45,12027,8209,2007,52067
2025-08-01T17:00,109.51,5108,7094,1665,51330
2025-08-01T18:00,119.23,1109,5477,1353,49815
2025-08-01T19:00,117.51,85,5084,1173,47853
2025-08-01T20:00,110.72,28,5838,1129,44921
2025-08-01T21:00,102.73,16,6915,1096,41916
2025-08-01T22:00,104.47,14,7501,1048,39411
2025-08-01T23:00,100.32,16,7222,2198,37826
2025-08-02T00:00,97.79,8,6814,2246,36374
2025-08-02T01:00,92.16,8,6367,2677,35925
2025-08-02T02:00,91.29,14,6195,3455,36109
2025-08-02T03:00,90.77,53,6083,3825,36982
2025-08-02T04:00,89.67,1208,6143,4057,38594
2025-08-02T05:00,84.70,4740,5261,4333,40616
2025-08-02T06:00,78.40,9951,4415,5187,43917
2025-08-02T07:00,65.68,16018,4608,5391,46207
2025-08-02T08:00,31.09,21543,4874,5025,48151
2025-08-02T09:00,5.68,25734,5481,4381,48966
2025-08-02T10:00,2.95,28189,6384,4337,48002
2025-08-02T11:00,0.00,29496,7191,4292,46089
2025-08-02T12:00,0.00,29456,7482,4363,45184
2025-08-02T13:00,0.00,27611,8773,4317,44288
2025-08-02T14:00,5.30,23746,9962,4269,44247
2025-08-02T15:00,60.69,17573,11038,5489,45032
2025-08-02T16:00,91.32,10773,11156,5627,45691
2025-08-02T17:00,102.00,4446,10815,5593,45448
2025-08-02T18:00,109.49,851,9736,5420,44044
2025-08-02T19:00,108.42,85,9107,5210,43001
2025-08-02T20:00,104.34,29,9575,5005,41411
2025-08-02T21:00,95.00,8,10579,5131,38864
2025-08-02T22:00,85.09,13,11156,5099,36677
2025-08-02T23:00,77.52,11,11331,5133,35480
2025-08-03T00:00,71.95,6,11872,5347,34209
2025-08-03T01:00,68.14,6,12106,5389,33915
2025-08-03T02:00,65.77,13,12578,5212,33854
2025-08-03T03:00,59.98,32,12558,5324,34227
2025-08-03T04:00,46.80,924,12835,5224,34593
2025-08-03T05:00,26.00,4049,12361,5009,36779
2025-08-03T06:00,6.16,8575,11895,4748,39808
2025-08-03T07:00,0.00,13824,11005,3900,42535
2025-08-03T08:00,-1.01,19257,10315,3763,43908
2025-08-03T09:00,-2.10,23309,9898,2897,45308
2025-08-03T10:00,-3.00,25004,10627,2794,45324
2025-08-03T11:00,-9.90,25007,10923,2531,44176
2025-08-03T12:00,-10.08,23627,10593,2005,43096
2025-08-03T13:00,-4.98,22157,11439,2962,42175
2025-08-03T14:00,-1.50,18691,12944,3570,41442
2025-08-03T15:00,3.61,14355,14392,4628,42967
2025-08-03T16:00,71.13,9232,14227,4837,44221
2025-08-03T17:00,88.13,4013,13035,5403,44883
2025-08-03T18:00,97.87,718,11806,5263,44429
2025-08-03T19:00,95.99,31,13445,4640,43811
2025-08-03T20:00,97.30,7,14869,4362,41762
2025-08-03T21:00,85.09,6,16243,4315,39647
2025-08-03T22:00,81.05,7,17333,5216,38232
2025-08-03T23:00,70.07,5,17710,5247,37353
2025-08-04T00:00,69.97,6,17383,5404,37181
2025-08-04T01:00,70.62,6,16832,4975,37325
2025-08-04T02:00,74.03,13,16616,4168,38171
2025-08-04T03:00,82.94,18,15955,3145,41286
2025-08-04T04:00,95.12,754,15216,1871,47343
2025-08-04T05:00,102.72,3230,13430,1159,52211
2025-08-04T06:00,101.44,7143,11487,1150,55779
2025-08-04T07:00,97.05,12417,10932,1060,57839
2025-08-04T08:00,80.05,18321,10945,975,58412
2025-08-04T09:00,56.33,23954,10621,438,57929
2025-08-04T10:00,14.84,27503,10604,1487,56357
2025-08-04T11:00,4.05,29645,11935,2784,54944
2025-08-04T12:00,0.66,30023,12338,3683,53337
2025-08-04T13:00,0.02,28738,12678,4223,52594
2025-08-04T14:00,22.09,24445,12448,4986,52938
2025-08-04T15:00,67.24,17990,11965,5917,53473
2025-08-04T16:00,80.91,10270,13099,6151,54393
2025-08-04T17:00,84.54,3938,14409,5547,53938
2025-08-04T18:00,80.21,627,16480,5620,51683
2025-08-04T19:00,72.70,31,20797,5388,50887
2025-08-04T20:00,66.63,8,23318,5394,47713
2025-08-04T21:00,47.69,8,25458,5560,44948
2025-08-04T22:00,21.52,7,25996,5907,41986
2025-08-04T23:00,15.34,7,24570,6219,41257
2025-08-05T00:00,15.90,7,22807,6618,41157
2025-08-05T01:00,23.96,6,20446,7036,41245
2025-08-05T02:00,54.47,15,17901,7056,41691
2025-08-05T03:00,76.19,27,15551,7088,44136
2025-08-05T04:00,92.25,930,14668,6674,49034
2025-08-05T05:00,92.08,4571,13387,6631,53244
2025-08-05T06:00,74.74,10487,12072,6605,56361
2025-08-05T07:00,3.89,17171,12368,5927,57746
2025-08-05T08:00,-0.21,21407,13901,5119,58400
2025-08-05T09:00,-2.01,24296,14914,5164,59268
2025-08-05T10:00,-4.94,26060,15936,5191,58243
2025-08-05T11:00,-9.50,27329,16352,4194,56380
2025-08-05T12:00,-11.83,27531,16975,3345,55930
2025-08-05T13:00,-9.92,27295,18051,3349,53811
2025-08-05T14:00,-5.07,24575,18990,3535,53240
2025-08-05T15:00,-0.52,19188,22527,4844,54420
2025-08-05T16:00,1.07,12500,24574,6579,55744
2025-08-05T17:00,72.48,5099,22809,6986,55142
2025-08-05T18:00,89.97,914,20705,6866,53277
2025-08-05T19:00,107.15,46,20349,7169,51700
2025-08-05T20:00,87.18,18,19844,7052,47891
2025-08-05T21:00,81.00,11,20567,7158,44979
2025-08-05T22:00,75.13,13,20006,6956,42781
2025-08-05T23:00,59.89,11,19746,6568,41904
2025-08-06T00:00,60.76,11,19254,5907,40983
2025-08-06T01:00,61.01,13,18922,5881,40551
2025-08-06T02:00,60.35,9,18164,5656,41670
2025-08-06T03:00,81.70,40,17753,5574,44644
2025-08-06T04:00,103.77,1771,16306,6010,50431
2025-08-06T05:00,102.94,8160,13021,5674,54621
2025-08-06T06:00,83.94,18840,9650,5374,57266
2025-08-06T07:00,27.74,30192,9201,3863,56498
2025-08-06T08:00,-0.01,35572,10166,3716,56433
2025-08-06T09:00,-2.05,37825,10484,3098,55905
2025-08-06T10:00,-8.47,39254,11453,2450,55314
2025-08-06T11:00,-11.79,38886,11779,2440,54250
2025-08-06T12:00,-6.00,36982,11040,2360,52592
2025-08-06T13:00,-3.11,34515,10610,2950,51977
2025-08-06T14:00,-1.01,29800,9266,2906,51372
2025-08-06T15:00,52.15,23526,9217,3781,52949
2025-08-06T16:00,97.19,13940,7822,4343,54120
2025-08-06T17:00,113.70,5436,5386,3799,54070
2025-08-06T18:00,170.16,916,3250,3409,53176
2025-08-06T19:00,157.08,57,2473,2889,51763
2025-08-06T20:00,110.00,30,2166,2693,48337
2025-08-06T21:00,101.60,12,1962,2370,45349
2025-08-06T22:00,97.58,10,1961,2238,42811
2025-08-06T23:00,97.04,7,2193,2244,41191
2025-08-07T00:00,91.44,7,2767,2139,39806
2025-08-07T01:00,88.79,6,3670,2125,39593
2025-08-07T02:00,88.93,14,4549,2046,40297
2025-08-07T03:00,92.85,35,5316,2242,43322
2025-08-07T04:00,107.46,1459,6384,2544,49035
2025-08-07T05:00,106.50,6950,6499,2518,53526
2025-08-07T06:00,100.48,16373,5019,2508,56182
2025-08-07T07:00,77.63,27324,2897,2495,55736
2025-08-07T08:00,22.23,36464,2327,2110,55246
2025-08-07T09:00,0.00,42800,2475,1960,54567
2025-08-07T10:00,-0.12,45024,3767,2023,53182
2025-08-07T11:00,-1.99,44446,4067,2248,52148
2025-08-07T12:00,-0.29,43317,4624,2766,51158
2025-08-07T13:00,-0.01,39469,6010,3035,50903
2025-08-07T14:00,2.00,33936,7455,3390,51515
2025-08-07T15:00,65.59,23713,7817,3171,52828
2025-08-07T16:00,94.23,12959,6155,2850,54278
2025-08-07T17:00,111.95,4804,4461,2715,54558
2025-08-07T18:00,141.94,711,3571,2211,53489
2025-08-07T19:00,127.50,70,2912,2090,52026
2025-08-07T20:00,110.00,19,3371,2099,48700
2025-08-07T21:00,101.28,11,4417,2034,45109
2025-08-07T22:00,93.90,10,5569,2065,42774
2025-08-07T23:00,89.49,9,5787,2017,40697
2025-08-08T00:00,86.13,10,6026,2276,39581
2025-08-08T01:00,82.66,9,6311,2297,39324
2025-08-08T02:00,81.45,17,7130,1875,39982
2025-08-08T03:00,91.14,30,7996,1822,43191
2025-08-08T04:00,100.43,1202,9372,1746,48699
2025-08-08T05:00,103.05,6684,8703,1635,53126
2025-08-08T06:00,109.14,15929,6376,1524,56077
2025-08-08T07:00,89.90,25939,4470,1338,56016
2025-08-08T08:00,66.00,34042,4926,1387,55441
2025-08-08T09:00,8.39,38391,6392,1435,55386
2025-08-08T10:00,0.00,40098,8209,1265,54083
2025-08-08T11:00,-0.01,39767,9778,1204,52608
2025-08-08T12:00,-0.02,38544,10259,1318,51177
2025-08-08T13:00,-0.01,35406,10184,1436,51094
2025-08-08T14:00,10.49,30097,9505,1407,51142
2025-08-08T15:00,71.74,22199,8060,1526,51770
2025-08-08T16:00,103.86,12942,6261,1555,52698
2025-08-08T17:00,113.97,4904,4403,1302,52738
2025-08-08T18:00,144.62,776,3057,1066,50800
2025-08-08T19:00,151.51,78,2334,1097,49518
2025-08-08T20:00,121.59,19,2171,985,46538
2025-08-08T21:00,108.46,19,1781,739,43192
2025-08-08T22:00,101.93,19,1456,576,41047
2025-08-08T23:00,100.43,12,1356,508,39041
2025-08-09T00:00,99.94,8,1321,535,37821
2025-08-09T01:00,97.80,8,1264,480,37475
2025-08-09T02:00,96.87,16,1390,486,37184
2025-08-09T03:00,97.01,39,1583,625,37947
2025-08-09T04:00,97.26,1401,2192,693,39134
2025-08-09T05:00,93.45,7069,2552,968,41539
2025-08-09T06:00,70.19,16354,2034,1129,43824
2025-08-09T07:00,15.34,25534,1166,1205,46015
2025-08-09T08:00,-0.02,33488,1011,947,46463
2025-08-09T09:00,-1.00,38912,1029,675,45705
2025-08-09T10:00,-6.63,41277,1436,475,44601
2025-08-09T11:00,-15.14,42644,1959,375,43484
2025-08-09T12:00,-15.37,41410,2492,333,42571
2025-08-09T13:00,-4.10,38254,3731,651,41820
2025-08-09T14:00,-0.04,32929,5167,1288,42446
2025-08-09T15:00,6.29,25405,6330,2376,44018
2025-08-09T16:00,85.90,14535,7984,3204,44972
2025-08-09T17:00,104.20,5154,8574,3139,45727
2025-08-09T18:00,127.62,737,8771,2824,44717
2025-08-09T19:00,119.31,66,9660,2644,43891
2025-08-09T20:00,107.89,26,10372,2544,41861
2025-08-09T21:00,94.97,14,10514,2799,39406
2025-08-09T22:00,84.79,15,11188,3204,37317
2025-08-09T23:00,83.23,9,11790,3466,35916
2025-08-10T00:00,83.10,13,12758,3538,35288
2025-08-10T01:00,77.95,9,13225,3279,34744
2025-08-10T02:00,80.68,18,12791,3257,35026
2025-08-10T03:00,83.69,26,11952,3054,35747
2025-08-10T04:00,82.27,1328,10756,2560,36153
2025-08-10T05:00,74.70,7464,8472,2361,37743
2025-08-10T06:00,26.36,18258,6127,1716,40239
2025-08-10T07:00,-0.01,28772,6049,1477,42183
2025-08-10T08:00,-3.11,36161,5781,1313,42065
2025-08-10T09:00,-15.60,40943,5957,564,41819
2025-08-10T10:00,-40.03,42970,5561,469,40963
2025-08-10T11:00,-61.08,42546,4901,456,39808
2025-08-10T12:00,-50.94,41194,5115,588,39121
2025-08-10T13:00,-22.12,38097,7099,702,38496
2025-08-10T14:00,-1.21,33521,7463,1035,39156
2025-08-10T15:00,2.13,26454,7579,1409,41499
2025-08-10T16:00,82.64,15327,6676,1135,43535
2025-08-10T17:00,108.55,5272,5004,884,44326
2025-08-10T18:00,118.95,696,4058,714,44221
2025-08-10T19:00,122.45,40,4533,500,44305
2025-08-10T20:00,106.98,12,5480,434,42653
2025-08-10T21:00,98.90,10,5878,431,40232
2025-08-10T22:00,99.82,9,5650,253,37970
2025-08-10T23:00,91.97,10,5319,163,36584
2025-08-11T00:00,87.44,10,4949,156,35542
2025-08-11T01:00,85.19,7,4598,190,35428
2025-08-11T02:00,92.85,13,4218,177,36641
2025-08-11T03:00,103.51,29,4072,125,40158
2025-08-11T04:00,129.22,1331,4287,192,45941
2025-08-11T05:00,133.49,7595,3966,230,50745
2025-08-11T06:00,105.35,18919,2657,282,53759
2025-08-11T07:00,90.75,30719,1404,366,54322
2025-08-11T08:00,50.00,40152,1287,438,54139
2025-08-11T09:00,2.54,45939,1438,482,53511
2025-08-11T10:00,0.00,49572,1595,435,52776
2025-08-11T11:00,0.00,50178,1309,303,51879
2025-08-11T12:00,0.00,48858,1202,235,51157
2025-08-11T13:00,9.00,44105,1116,391,50598
2025-08-11T14:00,56.14,36824,1035,331,50416
2025-08-11T15:00,92.25,26947,1110,202,51286
2025-08-11T16:00,108.26,14954,1341,90,52959
2025-08-11T17:00,154.00,4909,1606,81,53548
2025-08-11T18:00,191.95,587,2588,102,52331
2025-08-11T19:00,138.88,42,3833,88,50556
2025-08-11T20:00,108.87,17,5536,94,46843
2025-08-11T21:00,96.00,10,6830,69,43404
2025-08-11T22:00,93.00,8,7313,45,41243
2025-08-11T23:00,89.67,7,7302,62,39879
2025-08-12T00:00,85.41,6,6817,50,39113
2025-08-12T01:00,85.13,6,6464,61,38748
2025-08-12T02:00,86.48,11,5975,83,39610
2025-08-12T03:00,93.97,29,5749,93,42862
2025-08-12T04:00,106.91,1214,5888,110,48407
2025-08-12T05:00,104.63,7187,5390,105,52770
2025-08-12T06:00,98.71,17785,4229,251,55883
2025-08-12T07:00,92.49,28076,2285,372,56193
2025-08-12T08:00,79.53,35161,1779,504,54566
2025-08-12T09:00,40.41,40466,2564,698,54307
2025-08-12T10:00,8.38,43749,3060,1230,53873
2025-08-12T11:00,3.00,44249,3100,1185,53210
2025-08-12T12:00,5.15,43356,3524,1070,52427
2025-08-12T13:00,35.05,39068,3454,1149,52286
2025-08-12T14:00,73.12,32177,3527,1351,52102
2025-08-12T15:00,94.06,22999,3680,1648,53544
2025-08-12T16:00,106.10,12928,4039,1786,55030
2025-08-12T17:00,149.31,4394,4904,1995,55387
2025-08-12T18:00,156.16,543,7232,2239,53907
2025-08-12T19:00,140.40,29,10814,2332,52659
2025-08-12T20:00,114.07,14,13124,2498,49238
2025-08-12T21:00,97.73,11,13560,2529,45825
2025-08-12T22:00,95.72,11,12758,2064,43473
2025-08-12T23:00,90.00,14,11672,1577,41837
2025-08-13T00:00,86.89,10,10182,1452,40926
2025-08-13T01:00,84.71,8,9344,1368,40564
2025-08-13T02:00,87.07,6,8657,1322,41430
2025-08-13T03:00,93.30,15,7725,1207,44553
2025-08-13T04:00,108.87,1095,7205,1079,49853
2025-08-13T05:00,107.52,6576,6324,944,54173
2025-08-13T06:00,105.87,16791,3995,892,57241
2025-08-13T07:00,93.60,27747,1711,774,58225
2025-08-13T08:00,89.26,36129,982,755,56978
2025-08-13T09:00,68.20,42124,1050,621,56096
2025-08-13T10:00,44.29,45917,1543,441,55604
2025-08-13T11:00,27.89,46729,1944,510,55275
2025-08-13T12:00,41.66,44924,1952,871,54183
2025-08-13T13:00,70.90,40498,1994,939,53552
2025-08-13T14:00,84.30,33231,1757,1023,53709
2025-08-13T15:00,96.64,23380,1663,953,55197
2025-08-13T16:00,115.34,12637,1992,1067,56556
2025-08-13T17:00,193.30,4039,2730,1374,56973
2025-08-13T18:00,226.64,441,4127,1578,55250
2025-08-13T19:00,154.52,24,6047,1769,53956
2025-08-13T20:00,123.21,13,6950,2010,50383
2025-08-13T21:00,106.27,8,7357,2053,47371
2025-08-13T22:00,98.10,10,6953,1841,45119
2025-08-13T23:00,92.00,8,6095,1461,43051
2025-08-14T00:00,88.45,7,5175,1232,41875
2025-08-14T01:00,88.20,7,4320,967,41465
2025-08-14T02:00,88.53,11,3633,699,42086
2025-08-14T03:00,97.52,20,3228,543,45086
2025-08-14T04:00,107.94,1075,3325,897,50720
2025-08-14T05:00,109.92,6413,2991,1309,55338
2025-08-14T06:00,99.51,16047,1943,1643,58528
2025-08-14T07:00,91.10,26477,750,1645,58992
2025-08-14T08:00,81.26,34790,729,1715,59050
2025-08-14T09:00,67.57,40388,1068,2271,58760
2025-08-14T10:00,54.09,43598,2361,1561,57065
2025-08-14T11:00,41.02,44118,2068,1912,56631
2025-08-14T12:00,54.90,42018,1128,2030,55638
2025-08-14T13:00,69.43,37473,623,1913,55535
2025-08-14T14:00,78.99,30337,396,1952,55275
2025-08-14T15:00,97.22,21729,422,1770,56384
2025-08-14T16:00,115.54,11737,618,1395,57584
2025-08-14T17:00,233.80,3935,1259,999,57261
2025-08-14T18:00,283.89,483,2214,873,55821
2025-08-14T19:00,155.84,45,3202,926,54583
2025-08-14T20:00,120.71,16,4506,1111,50872
2025-08-14T21:00,105.95,7,5123,1258,47321
2025-08-14T22:00,99.59,8,4978,1430,45040
2025-08-14T23:00,98.97,8,4579,1479,43409
2025-08-15T00:00,93.90,10,4367,1741,41856
2025-08-15T01:00,90.33,6,4199,1681,41399
2025-08-15T02:00,92.00,7,4832,1595,41889
2025-08-15T03:00,96.91,16,5022,1336,44358
2025-08-15T04:00,101.66,916,5288,1299,49061
2025-08-15T05:00,101.31,5780,4579,1290,53291
2025-08-15T06:00,96.60,15033,3370,911,56410
2025-08-15T07:00,83.47,25900,2499,723,56683
2025-08-15T08:00,43.90,35562,2549,1115,57240
2025-08-15T09:00,3.00,42641,3145,1279,56305
2025-08-15T10:00,0.08,45747,4000,1333,54893
2025-08-15T11:00,0.00,45627,5098,1791,53186
2025-08-15T12:00,0.00,42264,6515,2670,52196
2025-08-15T13:00,1.72,36598,8375,3284,52614
2025-08-15T14:00,27.66,28942,10142,2886,53424
2025-08-15T15:00,77.96,19819,11042,2497,54172
2025-08-15T16:00,105.89,10667,11452,2039,55193
2025-08-15T17:00,114.38,3672,10999,1928,54851
2025-08-15T18:00,124.01,463,10491,2034,52829
2025-08-15T19:00,111.50,41,11056,2432,51243
2025-08-15T20:00,105.94,15,11448,2681,48469
2025-08-15T21:00,95.96,11,10952,3188,45528
2025-08-15T22:00,96.11,20,10020,3753,43251
2025-08-15T23:00,90.92,10,9242,4169,41676
2025-08-16T00:00,89.78,6,9017,3763,39961
2025-08-16T01:00,85.35,8,8970,4449,39697
2025-08-16T02:00,84.05,6,8743,4905,39696
2025-08-16T03:00,87.09,12,8647,4831,40044
2025-08-16T04:00,91.01,555,8891,4988,41067
2025-08-16T05:00,90.02,3420,8243,4557,42827
2025-08-16T06:00,80.99,8489,7520,4098,46104
2025-08-16T07:00,67.94,14278,7975,3990,48680
2025-08-16T08:00,25.12,20389,8528,3702,49860
2025-08-16T09:00,3.80,25791,9032,3828,50344
2025-08-16T10:00,0.17,30563,9582,3772,49645
2025-08-16T11:00,-0.01,33342,10400,3911,47671
2025-08-16T12:00,-0.01,34528,11658,3875,46505
2025-08-16T13:00,-0.01,32744,13155,4360,46378
2025-08-16T14:00,0.71,27527,14371,4469,46697
2025-08-16T15:00,16.21,19586,15338,4394,47113
2025-08-16T16:00,69.92,10575,15979,4574,47294
2025-08-16T17:00,95.00,3447,15091,5019,47441
2025-08-16T18:00,102.62,371,13554,5036,45917
2025-08-16T19:00,100.61,58,12868,5214,45031
2025-08-16T20:00,95.00,30,12422,5307,42776
2025-08-16T21:00,90.00,14,11455,4994,40253
2025-08-16T22:00,91.28,15,10890,4707,37889
2025-08-16T23:00,85.34,10,10234,4641,36405
2025-08-17T00:00,86.86,8,9445,4180,35193
2025-08-17T01:00,86.63,9,8544,3849,34437
2025-08-17T02:00,87.73,11,7378,3810,34372
2025-08-17T03:00,89.93,18,6555,3874,34791
2025-08-17T04:00,89.89,680,6218,3724,34994
2025-08-17T05:00,81.03,4744,4976,3491,36505
2025-08-17T06:00,76.24,12234,3237,2936,39004
2025-08-17T07:00,32.59,21116,2977,2500,41576
2025-08-17T08:00,9.96,28514,2585,1983,43212
2025-08-17T09:00,0.10,33791,2284,1253,43409
2025-08-17T10:00,-0.20,35690,2512,1016,42640
2025-08-17T11:00,-0.93,37114,2724,668,41293
2025-08-17T12:00,-1.25,36775,2623,927,40633
2025-08-17T13:00,0.65,35773,2815,926,40312
2025-08-17T14:00,13.81,30358,3065,858,40627
2025-08-17T15:00,72.40,22322,3419,705,41778
2025-08-17T16:00,96.69,12139,3751,554,44189
2025-08-17T17:00,110.00,3720,3789,488,45329
2025-08-17T18:00,110.66,330,3768,514,45449
2025-08-17T19:00,110.14,38,4060,486,45030
2025-08-17T20:00,105.10,18,4465,423,43101
2025-08-17T21:00,102.54,10,4178,352,40604
2025-08-17T22:00,91.99,10,3500,268,38680
2025-08-17T23:00,87.13,8,2861,164,37118
2025-08-18T00:00,84.33,8,2428,105,36314
2025-08-18T01:00,83.85,7,2178,64,36412
2025-08-18T02:00,89.46,14,2020,56,37506
2025-08-18T03:00,99.27,16,2009,73,41242
2025-08-18T04:00,118.51,855,2123,82,48024
2025-08-18T05:00,130.13,6533,1975,65,52601
2025-08-18T06:00,109.87,17577,1209,54,55689
2025-08-18T07:00,88.84,30033,828,54,55303
2025-08-18T08:00,72.06,39991,1138,34,54310
2025-08-18T09:00,45.93,46314,1396,48,54091
2025-08-18T10:00,20.04,49528,1592,26,53370
2025-08-18T11:00,14.23,49712,1644,12,51692
2025-08-18T12:00,18.34,47820,1716,17,50846
2025-08-18T13:00,54.56,43082,1917,26,50406
2025-08-18T14:00,70.94,35565,2038,78,50349
2025-08-18T15:00,90.32,25268,2078,76,51567
2025-08-18T16:00,109.87,13468,2087,98,53211
2025-08-18T17:00,185.50,3832,2116,91,54187
2025-08-18T18:00,197.42,325,2606,77,53061
2025-08-18T19:00,124.67,53,3815,111,51164
2025-08-18T20:00,107.49,16,5449,116,47071
2025-08-18T21:00,102.00,7,6252,146,44083
2025-08-18T22:00,101.01,7,6119,207,41438
2025-08-18T23:00,94.82,7,5433,258,39967
2025-08-19T00:00,88.20,7,4583,299,39196
2025-08-19T01:00,86.37,6,3744,275,39227
2025-08-19T02:00,90.09,14,3050,285,40228
2025-08-19T03:00,102.50,20,2734,313,43325
2025-08-19T04:00,111.10,777,2844,448,49224
2025-08-19T05:00,109.95,6439,2687,624,53427
2025-08-19T06:00,98.05,17649,1889,783,56432
2025-08-19T07:00,88.57,29829,1171,859,56459
2025-08-19T08:00,69.64,38586,1330,840,55959
2025-08-19T09:00,43.23,44986,1822,837,55392
2025-08-19T10:00,22.85,48483,2046,880,55000
2025-08-19T11:00,8.97,49200,2038,813,53892
2025-08-19T12:00,15.26,47469,2418,1355,53236
2025-08-19T13:00,30.89,42641,2939,1931,53224
2025-08-19T14:00,60.60,34986,3526,2195,52923
2025-08-19T15:00,91.48,24461,3991,2257,53700
2025-08-19T16:00,101.91,12655,4376,2232,54908
2025-08-19T17:00,120.51,3354,4704,2322,55233
2025-08-19T18:00,128.62,263,4739,2585,54206
2025-08-19T19:00,111.06,43,4756,2563,52215
2025-08-19T20:00,104.41,14,4787,2637,48785
2025-08-19T21:00,97.20,14,4412,2466,45398
2025-08-19T22:00,97.70,8,3896,2185,42785
2025-08-19T23:00,93.18,6,3798,2205,41033
2025-08-20T00:00,87.64,6,4035,2396,40747
2025-08-20T01:00,85.78,6,4110,2314,40136
2025-08-20T02:00,89.66,11,4141,2538,41119
2025-08-20T03:00,98.80,8,4302,2738,44992
2025-08-20T04:00,108.84,694,4939,2928,50954
2025-08-20T05:00,110.12,5150,4605,3389,55487
2025-08-20T06:00,103.91,13149,3350,3136,58047
2025-08-20T07:00,90.05,21194,3671,2933,57816
2025-08-20T08:00,80.98,27978,4796,1997,57427
2025-08-20T09:00,69.06,34300,5163,958,57440
2025-08-20T10:00,49.07,38428,4730,1450,56095
2025-08-20T11:00,35.00,38730,4492,1007,55198
2025-08-20T12:00,42.03,36809,5108,929,54253
2025-08-20T13:00,73.02,32412,5420,1033,53800
2025-08-20T14:00,81.45,25729,5872,1158,53770
2025-08-20T15:00,101.69,17545,6458,1482,55080
2025-08-20T16:00,109.16,9174,6935,2031,55366
2025-08-20T17:00,135.15,2755,6883,2419,55324
2025-08-20T18:00,126.11,241,7518,2394,53746
2025-08-20T19:00,114.95,36,9448,2288,51754
2025-08-20T20:00,103.49,7,10543,2049,47813
2025-08-20T21:00,97.34,7,10303,1684,44194
2025-08-20T22:00,96.11,7,9071,1392,42242
2025-08-20T23:00,90.73,7,7779,1157,40740
2025-08-21T00:00,87.52,7,6393,905,39902
2025-08-21T01:00,90.88,9,4893,859,39881
2025-08-21T02:00,92.37,13,4029,1051,40760
2025-08-21T03:00,108.59,17,4131,1492,44005
2025-08-21T04:00,115.60,536,4736,1634,49747
2025-08-21T05:00,116.89,4310,4583,2406,54239
2025-08-21T06:00,107.79,11907,3101,2687,57153
2025-08-21T07:00,97.32,21070,2328,2801,57739
2025-08-21T08:00,85.85,29157,3805,2409,57262
2025-08-21T09:00,77.64,34907,5513,2830,57785
2025-08-21T10:00,69.49,36490,6573,2798,57361
2025-08-21T11:00,66.09,35247,7943,2862,56564
2025-08-21T12:00,56.26,32115,9590,3304,55430
2025-08-21T13:00,68.20,27658,11731,3700,55385
2025-08-21T14:00,72.39,22542,13900,4237,55088
2025-08-21T15:00,92.88,16082,15660,4370,55802
2025-08-21T16:00,103.20,8396,17157,4526,56710
2025-08-21T17:00,106.39,2567,16155,4591,56347
2025-08-21T18:00,110.73,214,14891,4687,54557
2025-08-21T19:00,110.73,42,14740,4767,52777
2025-08-21T20:00,105.00,11,14537,4648,49327
2025-08-21T21:00,95.78,11,13753,4524,45569
2025-08-21T22:00,89.27,12,12596,4609,43107
2025-08-21T23:00,81.99,10,11333,4700,41532
2025-08-22T00:00,78.59,12,10607,4640,40350
2025-08-22T01:00,77.52,10,10661,5066,40651
2025-08-22T02:00,77.65,16,10556,4648,41336
2025-08-22T03:00,87.90,14,10082,4839,44445
2025-08-22T04:00,105.76,471,9761,4106,50073
2025-08-22T05:00,107.45,4026,8622,4569,54534
2025-08-22T06:00,102.32,11014,7184,4522,56863
2025-08-22T07:00,90.02,19416,8096,4973,58161
2025-08-22T08:00,72.44,26283,10107,4186,58091
2025-08-22T09:00,42.50,29360,11651,3848,57802
2025-08-22T10:00,14.07,30390,13249,3627,56908
2025-08-22T11:00,3.84,30164,15307,3577,55046
2025-08-22T12:00,0.02,29114,16978,4950,54813
2025-08-22T13:00,4.01,25905,17573,4695,54228
2025-08-22T14:00,40.64,20966,17338,4240,53387
2025-08-22T15:00,73.14,14613,17288,4726,54670
2025-08-22T16:00,95.17,7460,15991,4568,54922
2025-08-22T17:00,106.07,2074,13731,4790,54011
2025-08-22T18:00,113.00,146,10738,4951,52524
2025-08-22T19:00,107.63,62,9654,5000,50337
2025-08-22T20:00,103.09,14,9659,5013,46995
2025-08-22T21:00,94.37,10,9600,4827,43761
2025-08-22T22:00,95.33,15,10133,5175,42050
2025-08-22T23:00,89.32,8,10535,5498,40573
2025-08-23T00:00,87.76,7,10248,5527,38321
2025-08-23T01:00,85.21,7,10677,5082,37556
2025-08-23T02:00,85.56,10,10551,4920,37001
2025-08-23T03:00,85.60,15,10841,5043,37515
2025-08-23T04:00,86.67,336,12263,5153,39578
2025-08-23T05:00,86.78,3311,11779,5531,42412
2025-08-23T06:00,83.57,9238,11398,5394,45025
2025-08-23T07:00,62.90,16507,12318,4726,46573
2025-08-23T08:00,14.69,22813,14057,4488,48335
2025-08-23T09:00,3.29,26927,15470,3777,48581
2025-08-23T10:00,1.32,29264,16119,3294,47929
2025-08-23T11:00,0.06,30002,15328,2816,45716
2025-08-23T12:00,0.07,29175,14535,2626,44227
2025-08-23T13:00,3.52,26667,14396,2553,44303
2025-08-23T14:00,12.10,22173,15831,2891,44494
2025-08-23T15:00,72.19,15877,15180,3394,45872
2025-08-23T16:00,100.31,8411,12452,3768,47810
2025-08-23T17:00,112.22,2390,8716,3781,48270
2025-08-23T18:00,123.67,181,6796,3602,47392
2025-08-23T19:00,120.43,55,6632,3355,46277
2025-08-23T20:00,111.16,15,7070,3054,44150
2025-08-23T21:00,105.28,9,7300,2914,41748
2025-08-23T22:00,100.50,12,7007,2686,39291
2025-08-23T23:00,95.13,12,6234,2218,36704
2025-08-24T00:00,94.41,16,5794,1872,35078
2025-08-24T01:00,92.13,6,5533,1953,34065
2025-08-24T02:00,91.20,13,5491,2015,33876
2025-08-24T03:00,90.97,15,5728,1943,34196
2025-08-24T04:00,90.00,507,6539,2393,35508
2025-08-24T05:00,85.01,5143,6268,2367,37196
2025-08-24T06:00,72.84,14328,4196,2065,38901
2025-08-24T07:00,4.80,24678,3713,2117,41341
2025-08-24T08:00,-0.01,32084,4991,1560,41906
2025-08-24T09:00,-0.07,34191,6340,1086,42889
2025-08-24T10:00,-1.98,33452,7336,1515,42427
2025-08-24T11:00,-7.45,32656,7644,1495,41231
2025-08-24T12:00,-7.40,31016,7777,1327,40060
2025-08-24T13:00,-0.10,28718,8584,1204,39760
2025-08-24T14:00,0.00,25406,8745,2057,41091
2025-08-24T15:00,63.36,18674,9399,2395,42677
2025-08-24T16:00,99.81,10177,8513,2396,44756
2025-08-24T17:00,110.50,2783,6751,2334,46129
2025-08-24T18:00,117.31,139,5695,2159,46357
2025-08-24T19:00,114.32,36,5570,2069,45764
2025-08-24T20:00,107.50,12,6189,2237,44155
2025-08-24T21:00,100.52,8,6607,2297,41911
2025-08-24T22:00,95.28,7,6495,2401,40115
2025-08-24T23:00,87.03,7,6001,2194,38190
2025-08-25T00:00,84.02,6,5625,1968,37271
2025-08-25T01:00,82.90,6,5301,2101,37310
2025-08-25T02:00,83.46,15,5231,2038,38743
2025-08-25T03:00,102.46,21,5117,1820,42656
2025-08-25T04:00,115.38,443,5226,1770,49878
2025-08-25T05:00,125.00,5045,5238,1557,54470
2025-08-25T06:00,110.04,14538,4565,1235,57062
2025-08-25T07:00,91.97,23131,3596,695,56023
2025-08-25T08:00,72.98,31119,4384,667,54645
2025-08-25T09:00,35.02,36143,5441,495,54017
2025-08-25T10:00,10.00,39874,6106,364,53512
2025-08-25T11:00,5.93,41231,6293,294,52797
2025-08-25T12:00,6.78,40930,6760,447,51344
2025-08-25T13:00,25.20,37507,6923,646,51351
2025-08-25T14:00,56.43,31022,6784,805,51465
2025-08-25T15:00,86.67,21895,6383,664,52634
2025-08-25T16:00,111.54,10883,5212,393,54309
2025-08-25T17:00,159.03,2720,3412,239,54585
2025-08-25T18:00,232.82,192,2564,178,53830
2025-08-25T19:00,138.04,48,2610,134,51764
2025-08-25T20:00,115.04,12,2568,78,47882
2025-08-25T21:00,105.15,12,2580,71,44352
2025-08-25T22:00,105.80,10,2614,99,41776
2025-08-25T23:00,100.44,8,2767,74,40152
2025-08-26T00:00,96.58,7,2830,50,39593
2025-08-26T01:00,94.79,7,2725,49,39438
2025-08-26T02:00,96.27,12,2599,104,40379
2025-08-26T03:00,106.60,15,2602,220,43949
2025-08-26T04:00,124.59,449,3038,399,50113
2025-08-26T05:00,123.45,5212,3461,510,54331
2025-08-26T06:00,106.79,15867,3110,614,57327
2025-08-26T07:00,90.00,28367,1750,791,58146
2025-08-26T08:00,77.47,36564,1368,806,55950
2025-08-26T09:00,61.60,42254,1855,909,55681
2025-08-26T10:00,41.95,45546,2163,937,54170
2025-08-26T11:00,26.28,46057,2319,828,53172
2025-08-26T12:00,38.05,44169,2358,931,52119
2025-08-26T13:00,72.39,37815,2348,1142,52174
2025-08-26T14:00,88.26,29216,2105,1288,52361
2025-08-26T15:00,105.05,18450,1776,1686,54338
2025-08-26T16:00,131.09,7923,1535,2123,55341
2025-08-26T17:00,196.88,1995,2305,2403,55071
2025-08-26T18:00,180.17,131,4173,2686,54217
2025-08-26T19:00,123.30,24,7702,3107,51985
2025-08-26T20:00,109.47,12,11644,3307,47546
2025-08-26T21:00,97.67,9,13698,3312,43784
2025-08-26T22:00,96.59,8,14719,2641,41546
2025-08-26T23:00,89.98,7,14489,1637,40332
2025-08-27T00:00,86.52,6,13594,1467,39275
2025-08-27T01:00,87.25,8,12843,1636,39299
2025-08-27T02:00,90.00,8,11712,1487,40594
2025-08-27T03:00,97.73,9,10566,1062,43729
2025-08-27T04:00,110.00,222,10419,468,50359
2025-08-27T05:00,115.19,2926,9580,466,54925
2025-08-27T06:00,113.64,9163,7009,941,57727
2025-08-27T07:00,101.63,18843,4949,1105,59423
2025-08-27T08:00,86.00,28635,4613,1263,59375
2025-08-27T09:00,79.29,34766,5837,1625,59184
2025-08-27T10:00,64.38,37557,6647,2117,58261
2025-08-27T11:00,50.68,38049,7173,2379,58069
2025-08-27T12:00,50.94,35484,7315,2656,56895
2025-08-27T13:00,76.18,30962,7369,3015,56294
2025-08-27T14:00,85.10,22988,6801,2566,55852
2025-08-27T15:00,104.94,14165,5861,1808,55854
2025-08-27T16:00,134.63,6449,4304,1268,56766
2025-08-27T17:00,222.07,1625,3788,1096,56820
2025-08-27T18:00,222.04,85,3954,668,55281
2025-08-27T19:00,128.87,41,5275,374,52656
2025-08-27T20:00,113.63,10,6446,296,48938
2025-08-27T21:00,103.57,10,6658,406,45993
2025-08-27T22:00,97.15,9,5687,618,43609
2025-08-27T23:00,91.92,6,4729,820,41829
2025-08-28T00:00,87.89,7,4394,886,40923
2025-08-28T01:00,87.09,6,3804,1037,40465
2025-08-28T02:00,90.23,6,3732,1412,41791
2025-08-28T03:00,98.72,11,4104,1060,45101
2025-08-28T04:00,121.63,220,4305,853,51429
2025-08-28T05:00,143.79,2287,4444,1054,56031
2025-08-28T06:00,143.95,5782,4323,895,58756
2025-08-28T07:00,121.84,10411,3740,662,59916
2025-08-28T08:00,112.27,14526,2986,742,61264
2025-08-28T09:00,108.13,17290,2740,905,61762
2025-08-28T10:00,100.89,17985,3133,749,61810
2025-08-28T11:00,100.96,17217,3375,542,60143
2025-08-28T12:00,100.89,16164,3571,434,58482
2025-08-28T13:00,100.66,14621,4234,393,56952
2025-08-28T14:00,96.10,11389,4815,505,55991
2025-08-28T15:00,129.84,7770,5378,365,56997
2025-08-28T16:00,160.85,4420,5122,272,57097
2025-08-28T17:00,210.00,1352,4582,299,55960
2025-08-28T18:00,153.16,113,4345,416,55072
2025-08-28T19:00,124.18,18,4913,434,52442
2025-08-28T20:00,107.11,7,4159,600,48472
2025-08-28T21:00,92.15,15,4062,1028,44994
2025-08-28T22:00,85.04,6,4129,1290,42554
2025-08-28T23:00,83.27,8,4086,1232,41381
2025-08-29T00:00,83.10,6,4221,1397,40491
2025-08-29T01:00,81.59,6,4327,1769,40845
2025-08-29T02:00,83.01,12,4693,2195,41890
2025-08-29T03:00,91.00,14,5025,2561,44682
2025-08-29T04:00,117.55,137,5659,2580,50791
2025-08-29T05:00,121.39,1948,6221,2481,54980
2025-08-29T06:00,120.00,7354,5429,2754,58160
2025-08-29T07:00,110.36,15507,3832,2336,59410
2025-08-29T08:00,84.25,24713,3223,2026,59072
2025-08-29T09:00,78.08,31584,4143,1466,58289
2025-08-29T10:00,67.44,34133,5825,1167,56604
2025-08-29T11:00,53.96,35299,6203,1058,55112
2025-08-29T12:00,59.64,34333,6212,911,53356
2025-08-29T13:00,73.06,30156,6509,650,51920
2025-08-29T14:00,85.00,23082,7199,472,52030
2025-08-29T15:00,104.82,15152,7987,475,52740
2025-08-29T16:00,118.51,7364,8034,962,53523
2025-08-29T17:00,147.68,1625,8216,1903,53227
2025-08-29T18:00,116.50,74,9712,2898,51732
2025-08-29T19:00,111.96,34,11179,2992,49089
2025-08-29T20:00,95.70,15,11282,2663,45811
2025-08-29T21:00,86.07,24,10915,2090,42890
2025-08-29T22:00,92.50,12,11073,1739,40152
2025-08-29T23:00,86.56,10,10738,1979,38300
2025-08-30T00:00,83.30,9,10343,2258,37288
2025-08-30T01:00,81.51,7,9602,2428,36978
2025-08-30T02:00,83.39,8,9060,2265,37140
2025-08-30T03:00,87.72,10,8809,2315,37924
2025-08-30T04:00,95.02,122,9175,2323,40014
2025-08-30T05:00,98.09,2395,8769,2097,41887
2025-08-30T06:00,89.64,8156,7606,2176,45020
2025-08-30T07:00,78.60,16185,7033,2475,47207
2025-08-30T08:00,36.46,24245,7425,2531,48485
2025-08-30T09:00,5.23,31587,8415,2523,48624
2025-08-30T10:00,0.00,35473,9342,2176,47034
2025-08-30T11:00,-0.01,35302,9941,2545,45385
2025-08-30T12:00,-0.01,33356,9761,2205,44008
2025-08-30T13:00,-0.38,29664,9084,1514,43437
2025-08-30T14:00,9.48,25411,8734,1238,43010
2025-08-30T15:00,81.10,18218,7291,1053,44060
2025-08-30T16:00,103.90,9052,5285,809,45568
2025-08-30T17:00,127.07,1920,3655,599,46232
2025-08-30T18:00,129.98,122,3378,652,45757
2025-08-30T19:00,120.39,55,4501,777,43691
2025-08-30T20:00,104.94,12,6218,1251,41347
2025-08-30T21:00,90.30,8,7863,2035,38924
2025-08-30T22:00,88.74,19,8859,2920,36299
2025-08-30T23:00,78.91,10,10056,3157,34836
2025-08-31T00:00,70.53,10,10841,3792,33989
2025-08-31T01:00,67.02,8,11468,4145,33728
2025-08-31T02:00,63.79,8,11644,4287,33747
2025-08-31T03:00,64.56,18,11651,4321,34581
2025-08-31T04:00,65.00,285,11906,3873,35365
2025-08-31T05:00,62.13,4523,11861,4324,36936
2025-08-31T06:00,22.30,14179,10011,4033,40001
2025-08-31T07:00,5.20,24644,7543,4034,42911
2025-08-31T08:00,-0.01,30968,6494,3277,44267
2025-08-31T09:00,-0.02,35927,7013,2862,44700
2025-08-31T10:00,-0.11,37008,6750,2445,43597
2025-08-31T11:00,-1.00,36528,5838,2041,41856
2025-08-31T12:00,-0.61,34863,5519,1616,40983
2025-08-31T13:00,0.00,32609,4697,1168,40530
2025-08-31T14:00,25.47,26731,4243,871,40775
2025-08-31T15:00,79.74,18564,4344,1043,42281
2025-08-31T16:00,117.59,8358,4060,1481,44966
2025-08-31T17:00,135.10,1472,3628,1938,46340
2025-08-31T18:00,132.07,84,4459,2379,46625
2025-08-31T19:00,114.15,32,6778,3161,45039
2025-08-31T20:00,102.63,7,9040,4239,43261
2025-08-31T21:00,89.76,8,11221,4785,41704
2025-08-31T22:00,84.08,7,12740,4775,39947
2025-08-31T23:00,81.43,7,13182,3710,39018
2025-09-01T00:00,80.97,8,12594,2375,37956
2025-09-01T01:00,80.03,8,12599,1490,37651
2025-09-01T02:00,81.37,7,12846,765,38325
2025-09-01T03:00,92.58,9,12945,569,41884
2025-09-01T04:00,120.43,277,13325,551,49647
2025-09-01T05:00,125.67,3747,12935,646,54810
2025-09-01T06:00,116.10,11020,9847,720,57892
2025-09-01T07:00,98.19,16463,6321,452,58539
2025-09-01T08:00,82.00,20257,5352,445,59123
2025-09-01T09:00,69.40,22469,5626,568,59875
2025-09-01T10:00,38.27,24648,6378,870,58937
2025-09-01T11:00,25.03,25680,6530,1026,57062
2025-09-01T12:00,42.73,24971,6050,1115,56656
2025-09-01T13:00,67.76,21379,5936,2186,56599
2025-09-01T14:00,84.67,16383,5255,2559,55997
2025-09-01T15:00,109.70,10780,4468,2209,56396
2025-09-01T16:00,155.32,5096,3408,1917,56633
2025-09-01T17:00,250.65,1193,2504,2047,57038
2025-09-01T18:00,210.56,107,2799,2143,56239
2025-09-01T19:00,125.20,14,4189,2074,52956
2025-09-01T20:00,112.40,7,5327,2175,48546
2025-09-01T21:00,100.53,6,5917,2070,44444
2025-09-01T22:00,95.01,7,6282,1892,42472
2025-09-01T23:00,90.11,6,6015,1591,41024
2025-09-02T00:00,90.84,6,5419,1437,39992
2025-09-02T01:00,92.50,6,5242,1232,39940
2025-09-02T02:00,94.80,6,5280,1041,41017
2025-09-02T03:00,106.85,6,5521,988,44885
2025-09-02T04:00,134.39,62,5880,970,51899
2025-09-02T05:00,153.67,1641,6296,1079,55920
2025-09-02T06:00,147.48,6151,5300,1247,58832
2025-09-02T07:00,121.05,12469,4182,1550,59711
2025-09-02T08:00,102.14,18803,4272,2316,60392
2025-09-02T09:00,84.66,24153,4993,2557,60376
2025-09-02T10:00,78.94,27605,5853,2670,58964
2025-09-02T11:00,79.73,28867,6454,2714,57604
2025-09-02T12:00,78.54,28959,6988,2969,56048
2025-09-02T13:00,84.37,27301,7215,2501,55370
2025-09-02T14:00,95.00,23587,6939,1795,54121
2025-09-02T15:00,108.97,16149,6671,1398,54949
2025-09-02T16:00,173.16,7244,6551,989,55715
2025-09-02T17:00,311.51,1323,5571,577,55972
2025-09-02T18:00,263.79,111,5802,621,55460
2025-09-02T19:00,140.92,21,7867,725,52713
2025-09-02T20:00,110.47,14,9627,1063,49173
2025-09-02T21:00,91.21,11,10498,2171,46076
2025-09-02T22:00,97.25,12,11445,2343,42872
2025-09-02T23:00,90.74,12,12983,3122,41309
2025-09-03T00:00,85.95,8,14248,2937,40430
2025-09-03T01:00,81.72,8,16023,3347,40956
2025-09-03T02:00,81.23,8,17358,3593,41668
2025-09-03T03:00,86.97,9,18159,4149,45310
2025-09-03T04:00,103.20,181,19192,4445,52489
2025-09-03T05:00,112.34,3630,19398,4589,56276
2025-09-03T06:00,109.13,12096,17656,4686,58764
2025-09-03T07:00,85.30,22660,16741,4486,59072
2025-09-03T08:00,29.04,30149,17623,3608,60202
2025-09-03T09:00,0.03,33497,19300,2908,60666
2025-09-03T10:00,-0.10,32842,20051,3085,59912
2025-09-03T11:00,-0.10,31973,20402,3048,58290
2025-09-03T12:00,-0.28,30194,19689,3135,57719
2025-09-03T13:00,0.00,28255,19844,3354,57844
2025-09-03T14:00,3.89,22741,21058,4018,57557
2025-09-03T15:00,63.46,15487,24513,5193,57734
2025-09-03T16:00,102.35,7143,23435,6485,58978
2025-09-03T17:00,110.92,1311,22204,5716,58723
2025-09-03T18:00,104.00,80,23848,5763,57988
2025-09-03T19:00,94.17,13,26490,6245,55131
2025-09-03T20:00,80.68,10,26822,5432,51082
2025-09-03T21:00,54.25,9,27370,5487,47694
2025-09-03T22:00,21.65,9,27134,4908,45696
2025-09-03T23:00,17.70,9,25531,4961,44123
2025-09-04T00:00,17.87,8,23932,5269,43262
2025-09-04T01:00,30.02,9,22584,5192,42919
2025-09-04T02:00,59.92,10,21019,5118,43633
2025-09-04T03:00,83.89,11,19435,5493,46593
2025-09-04T04:00,107.87,182,18861,5246,53901
2025-09-04T05:00,120.00,3392,16486,4969,57908
2025-09-04T06:00,108.09,11460,13515,4797,60132
2025-09-04T07:00,77.81,22208,11189,4645,60435
2025-09-04T08:00,41.45,31742,10537,4045,59973
2025-09-04T09:00,5.79,36375,10243,3614,59358
2025-09-04T10:00,3.20,36544,10678,3103,58673
2025-09-04T11:00,3.36,35514,10644,3068,58078
2025-09-04T12:00,34.89,32206,10191,2344,57072
2025-09-04T13:00,71.00,26742,10332,1878,56160
2025-09-04T14:00,90.05,19170,8956,1361,55621
2025-09-04T15:00,109.13,11363,6445,786,56782
2025-09-04T16:00,191.80,4281,4871,691,56750
2025-09-04T17:00,350.00,657,4439,634,56362
2025-09-04T18:00,218.82,82,4941,1167,55762
2025-09-04T19:00,124.93,21,5861,2334,52456
2025-09-04T20:00,112.14,10,6889,3266,49121
2025-09-04T21:00,101.30,7,7123,2372,45327
2025-09-04T22:00,95.25,7,7325,2784,43625
2025-09-04T23:00,86.10,6,8347,2845,42322
2025-09-05T00:00,85.26,5,9009,2564,41419
2025-09-05T01:00,85.20,6,9755,2414,41838
2025-09-05T02:00,85.60,6,9712,2328,42230
2025-09-05T03:00,97.36,7,9234,2101,44844
2025-09-05T04:00,119.16,82,9149,2205,51672
2025-09-05T05:00,132.13,1759,8846,2193,55938
2025-09-05T06:00,125.75,6181,7792,2531,59296
2025-09-05T07:00,100.40,11867,7174,2515,60035
2025-09-05T08:00,87.83,17841,8147,2515,61064
2025-09-05T09:00,84.15,23366,9146,2435,60167
2025-09-05T10:00,78.25,25234,9860,2095,58894
2025-09-05T11:00,72.19,26063,9648,1696,56964
2025-09-05T12:00,70.17,25717,9443,1535,55019
2025-09-05T13:00,77.53,23961,9435,1388,53516
2025-09-05T14:00,85.00,20384,8711,1380,53380
2025-09-05T15:00,90.96,14218,7031,1632,53866
2025-09-05T16:00,108.95,6584,5090,1855,54167
2025-09-05T17:00,154.53,1201,3667,1731,53565
2025-09-05T18:00,150.75,68,3157,1549,52922
2025-09-05T19:00,117.10,45,3490,1367,49623
2025-09-05T20:00,107.71,13,3752,1222,46238
2025-09-05T21:00,100.70,13,3597,960,43032
2025-09-05T22:00,101.21,8,3287,783,40450
2025-09-05T23:00,100.59,8,2719,657,38685
2025-09-06T00:00,99.57,8,2081,524,37491
2025-09-06T01:00,97.84,8,1616,392,36866
2025-09-06T02:00,96.96,7,1462,400,36896
2025-09-06T03:00,98.01,8,1463,366,37806
2025-09-06T04:00,102.60,83,1629,309,39885
2025-09-06T05:00,100.91,3229,1726,262,41740
2025-09-06T06:00,95.98,12750,1382,234,44899
2025-09-06T07:00,79.11,24802,807,200,47082
2025-09-06T08:00,11.35,35222,568,243,47815
2025-09-06T09:00,0.00,42104,714,186,47140
2025-09-06T10:00,-0.02,44917,862,159,45440
2025-09-06T11:00,-0.86,45396,965,109,43759
2025-09-06T12:00,-0.99,42980,1108,114,42614
2025-09-06T13:00,-0.01,38328,1361,132,42031
2025-09-06T14:00,40.99,30796,1638,176,42521
2025-09-06T15:00,87.60,19511,1818,283,44138
2025-09-06T16:00,116.47,7544,2057,520,45788
2025-09-06T17:00,158.39,1056,2872,738,46254
2025-09-06T18:00,139.54,64,4867,1002,45808
2025-09-06T19:00,109.95,27,8761,1466,43030
2025-09-06T20:00,92.95,10,11379,1703,40630
2025-09-06T21:00,82.56,11,12868,2092,37925
2025-09-06T22:00,89.72,23,13139,2634,35729
2025-09-06T23:00,85.02,15,12936,3002,34656
2025-09-07T00:00,80.77,11,12564,3298,33546
2025-09-07T01:00,83.40,8,12403,3510,33233
2025-09-07T02:00,82.92,11,12460,3329,33277
2025-09-07T03:00,82.67,15,12944,3403,33892
2025-09-07T04:00,81.50,142,14078,3204,34601
2025-09-07T05:00,55.48,3589,14415,3219,36388
2025-09-07T06:00,0.00,12932,12529,3339,39556
2025-09-07T07:00,-0.09,24141,8238,2771,42373
2025-09-07T08:00,-4.00,33389,6858,2357,43371
2025-09-07T09:00,-20.09,38400,6729,1618,43671
2025-09-07T10:00,-40.02,40646,5494,1458,42838
2025-09-07T11:00,-53.40,39994,4226,1512,40855
2025-09-07T12:00,-49.99,38143,4227,1637,39684
2025-09-07T13:00,-21.21,34502,6681,1944,39229
2025-09-07T14:00,-2.47,28256,10125,2803,39687
2025-09-07T15:00,3.36,19363,13072,5129,42061
2025-09-07T16:00,95.91,7864,13660,6004,44702
2025-09-07T17:00,108.30,1059,14583,6230,46338
2025-09-07T18:00,96.25,19,18896,6279,47340
2025-09-07T19:00,86.02,9,21362,5913,45774
2025-09-07T20:00,85.01,7,20862,5576,43879
2025-09-07T21:00,86.06,7,19703,5396,40971
2025-09-07T22:00,79.66,7,18038,5482,39402
2025-09-07T23:00,85.74,6,16379,5451,37976
2025-09-08T00:00,84.70,7,14940,5453,37087
2025-09-08T01:00,82.27,6,13923,5382,37295
2025-09-08T02:00,83.79,6,13044,5626,38488
2025-09-08T03:00,95.60,9,12225,5507,42917
2025-09-08T04:00,109.90,134,11813,5568,51176
2025-09-08T05:00,148.14,3476,10292,4557,55195
2025-09-08T06:00,125.53,11866,7601,3998,58613
2025-09-08T07:00,102.05,21257,4676,3259,60018
2025-09-08T08:00,85.83,28455,4515,2630,60708
2025-09-08T09:00,76.14,32172,5416,1503,60142
2025-09-08T10:00,65.35,32540,5404,685,59437
2025-09-08T11:00,60.84,30302,4659,524,58239
2025-09-08T12:00,69.65,26613,3698,439,57583
2025-09-08T13:00,78.46,22086,2650,403,57082
2025-09-08T14:00,99.72,16447,1978,535,56776
2025-09-08T15:00,124.28,9722,1582,487,57061
2025-09-08T16:00,196.61,3856,1839,447,56846
2025-09-08T17:00,413.66,571,2217,433,56196
2025-09-08T18:00,308.52,57,2769,528,55297
2025-09-08T19:00,152.00,13,3465,494,52456
2025-09-08T20:00,123.93,8,3492,513,48325
2025-09-08T21:00,113.12,7,3025,445,45131
2025-09-08T22:00,114.52,7,2677,358,42876
2025-09-08T23:00,112.46,6,2277,217,41070
2025-09-09T00:00,110.35,8,2129,158,40190
2025-09-09T01:00,109.80,7,2057,110,40354
2025-09-09T02:00,110.86,7,2276,69,41334
2025-09-09T03:00,118.18,7,2751,133,44726
2025-09-09T04:00,182.39,97,3357,218,52224
2025-09-09T05:00,300.00,2417,4747,380,56466
2025-09-09T06:00,196.98,7308,5071,578,59500
2025-09-09T07:00,127.59,12282,4242,806,61195
2025-09-09T08:00,101.73,16320,3425,746,61324
2025-09-09T09:00,99.25,20189,2780,819,62190
2025-09-09T10:00,87.18,21880,3080,949,61442
2025-09-09T11:00,85.69,21621,3640,762,60051
2025-09-09T12:00,85.51,19539,3371,768,59013
2025-09-09T13:00,92.49,16408,3284,945,59050
2025-09-09T14:00,103.35,12713,3542,1550,58139
2025-09-09T15:00,127.41,7950,3543,1955,58270
2025-09-09T16:00,192.68,3368,3242,2010,58167
2025-09-09T17:00,386.40,504,3074,2121,57803
2025-09-09T18:00,215.59,46,3581,2033,57322
2025-09-09T19:00,133.37,12,4528,1676,53761
2025-09-09T20:00,115.79,8,4318,1513,49377
2025-09-09T21:00,109.30,10,3991,1658,46173
2025-09-09T22:00,106.93,5,2998,1941,43932
2025-09-09T23:00,107.29,5,2481,1894,42488
2025-09-10T00:00,103.73,5,1935,1657,41360
2025-09-10T01:00,104.81,6,1589,1391,40985
2025-09-10T02:00,104.55,6,1628,1263,42040
2025-09-10T03:00,114.28,8,1623,1216,45359
2025-09-10T04:00,133.35,54,1617,1169,52659
2025-09-10T05:00,223.39,1657,1722,1150,57032
2025-09-10T06:00,171.94,5913,1387,1095,59900
2025-09-10T07:00,129.46,11283,781,797,60719
2025-09-10T08:00,107.33,15646,645,715,61891
2025-09-10T09:00,102.39,18567,643,909,62399
2025-09-10T10:00,88.85,20554,913,897,61885
2025-09-10T11:00,86.09,20932,1316,939,60405
2025-09-10T12:00,87.80,19933,1696,1048,58895
2025-09-10T13:00,90.80,17906,1981,1281,57799
2025-09-10T14:00,105.07,14404,2184,1155,56674
2025-09-10T15:00,127.78,9674,2109,1269,57368
2025-09-10T16:00,170.59,4250,1982,1460,57920
2025-09-10T17:00,275.19,649,2307,1548,57641
2025-09-10T18:00,169.07,54,3405,2140,57021
2025-09-10T19:00,122.94,11,5836,2440,52897
2025-09-10T20:00,101.58,12,8213,2836,49093
2025-09-10T21:00,87.63,7,9951,2748,44655
2025-09-10T22:00,88.21,9,11138,4113,42374
2025-09-10T23:00,85.00,8,11652,4937,41065
2025-09-11T00:00,77.13,8,12439,4944,40038
2025-09-11T01:00,70.67,9,13461,4725,40107
2025-09-11T02:00,70.67,8,13768,4554,41431
2025-09-11T03:00,79.05,8,14631,4436,45582
2025-09-11T04:00,111.18,46,15971,5324,53347
2025-09-11T05:00,125.33,1910,16576,5181,57504
2025-09-11T06:00,120.36,7635,16558,4963,59790
2025-09-11T07:00,102.05,15303,16482,5158,60641
2025-09-11T08:00,73.64,22638,18031,4929,60891
2025-09-11T09:00,8.23,28128,21130,4698,61191
2025-09-11T10:00,-0.01,29004,21525,4205,60150
2025-09-11T11:00,-0.07,28530,22810,4267,58719
2025-09-11T12:00,-0.72,25864,23155,3886,57170
2025-09-11T13:00,0.00,23361,23018,3955,55536
2025-09-11T14:00,8.96,17938,23605,4568,55171
2025-09-11T15:00,75.82,11119,21261,4475,56570
2025-09-11T16:00,118.57,4332,19075,4732,56867
2025-09-11T17:00,132.86,490,18652,4755,57501
2025-09-11T18:00,125.25,85,18472,5309,56682
2025-09-11T19:00,111.45,41,21102,5905,52956
2025-09-11T20:00,84.81,15,21887,5218,48909
2025-09-11T21:00,63.89,10,23500,5859,46799
2025-09-11T22:00,32.83,10,24151,5610,44236
2025-09-11T23:00,33.23,10,23877,4757,42181
2025-09-12T00:00,20.94,10,23566,5155,41198
2025-09-12T01:00,16.35,10,23224,5054,41868
2025-09-12T02:00,29.15,12,23049,4760,42534
2025-09-12T03:00,51.84,11,22732,4908,45839
2025-09-12T04:00,95.29,73,22197,5953,53049
2025-09-12T05:00,105.73,2252,20996,5707,57146
2025-09-12T06:00,102.01,8891,19764,5100,59866
2025-09-12T07:00,48.07,17243,19899,4494,60415
2025-09-12T08:00,1.85,23983,22750,4720,60908
2025-09-12T09:00,-1.66,27041,22711,4151,61216
2025-09-12T10:00,-5.11,29537,21551,3151,59631
2025-09-12T11:00,-8.66,30050,20802,2363,56564
2025-09-12T12:00,-6.19,28872,20568,2832,55081
2025-09-12T13:00,-4.00,26016,20211,3677,53589
2025-09-12T14:00,-0.01,21585,19867,4067,53035
2025-09-12T15:00,57.69,13680,18921,5752,54538
2025-09-12T16:00,108.71,4914,14555,5555,55383
2025-09-12T17:00,155.36,536,11468,5483,55429
2025-09-12T18:00,152.24,66,12348,5176,54221
2025-09-12T19:00,113.96,31,13620,5102,50377
2025-09-12T20:00,102.85,38,13873,5129,47208
2025-09-12T21:00,96.66,14,15337,5166,44345
2025-09-12T22:00,85.89,14,16897,5759,40817
2025-09-12T23:00,72.75,11,17948,5302,38943
2025-09-13T00:00,72.45,11,17546,5738,38438
2025-09-13T01:00,72.45,10,16720,5610,38246
2025-09-13T02:00,69.79,10,16349,5840,37773
2025-09-13T03:00,72.75,9,16436,5603,38506
2025-09-13T04:00,74.71,40,17071,5919,40635
2025-09-13T05:00,74.11,1682,17468,6180,42638
2025-09-13T06:00,72.45,7526,16469,6450,45782
2025-09-13T07:00,53.85,16108,12834,6110,48812
2025-09-13T08:00,14.30,25821,9990,4961,50420
2025-09-13T09:00,2.37,32707,10102,4634,50838
2025-09-13T10:00,0.00,34873,10425,4889,49611
2025-09-13T11:00,-0.01,33091,12440,4785,47558
2025-09-13T12:00,-0.01,29947,14767,4888,45956
2025-09-13T13:00,-0.01,25480,14336,4989,45460
2025-09-13T14:00,3.88,20470,14640,4800,45640
2025-09-13T15:00,74.11,12032,15158,4899,46915
2025-09-13T16:00,108.10,3986,13092,4954,48677
2025-09-13T17:00,121.90,350,12644,4230,47896
2025-09-13T18:00,118.77,82,14103,3172,47411
2025-09-13T19:00,111.17,26,14770,3812,44442
2025-09-13T20:00,100.00,11,14588,3625,42187
2025-09-13T21:00,87.18,12,14350,3270,40041
2025-09-13T22:00,85.69,10,13703,3637,37459
2025-09-13T23:00,77.57,10,13347,2340,35730
2025-09-14T00:00,80.61,8,12825,2267,34852
2025-09-14T01:00,85.93,9,11701,2415,34412
2025-09-14T02:00,93.77,9,11042,2371,34086
2025-09-14T03:00,99.82,7,10405,2057,34905
2025-09-14T04:00,100.75,16,10118,1904,35840
2025-09-14T05:00,105.36,742,9958,2045,37712
2025-09-14T06:00,108.48,4506,9393,1679,40674
2025-09-14T07:00,87.78,10970,8708,1434,43243
2025-09-14T08:00,61.68,18376,8502,1503,45256
2025-09-14T09:00,17.58,26312,8336,1226,46400
2025-09-14T10:00,6.52,31954,9059,1078,45465
2025-09-14T11:00,0.00,34411,9549,1302,43329
2025-09-14T12:00,-0.01,34121,9488,2014,41643
2025-09-14T13:00,0.00,31177,9357,1326,40838
2025-09-14T14:00,19.33,24524,8732,1672,41259
2025-09-14T15:00,98.20,14493,7161,2128,43521
2025-09-14T16:00,124.34,4363,5537,1716,45861
2025-09-14T17:00,153.29,332,4750,2050,47137
2025-09-14T18:00,126.01,61,6561,2816,46846
2025-09-14T19:00,97.37,20,10551,3549,44742
2025-09-14T20:00,77.02,23,15303,4144,42699
2025-09-14T21:00,14.27,18,19669,5429,40843
2025-09-14T22:00,20.00,14,22361,6074,39508
2025-09-14T23:00,3.87,14,24815,6377,38393
2025-09-15T00:00,1.39,14,26803,6498,38115
2025-09-15T01:00,0.01,14,28719,6006,38140
2025-09-15T02:00,0.00,13,30243,5902,39503
2025-09-15T03:00,0.90,13,32341,5810,44249
2025-09-15T04:00,20.27,26,34492,6516,53633
2025-09-15T05:00,54.31,1041,35202,6678,58732
2025-09-15T06:00,40.40,5888,34603,6096,61653
2025-09-15T07:00,0.90,13967,34835,5493,61837
2025-09-15T08:00,-0.47,20850,31726,4523,61881
2025-09-15T09:00,-2.61,27286,31955,3584,61486
2025-09-15T10:00,-8.00,29840,30684,2585,60042
2025-09-15T11:00,-14.27,30726,28899,2788,58057
2025-09-15T12:00,-13.70,29880,28398,1777,56034
2025-09-15T13:00,-8.90,26780,29899,2510,55246
2025-09-15T14:00,-5.24,20867,30191,2951,55200
2025-09-15T15:00,-0.53,12709,33989,4552,57094
2025-09-15T16:00,14.01,4304,34170,4693,58851
2025-09-15T17:00,53.93,351,33705,5141,59265
2025-09-15T18:00,47.37,73,34648,5155,58608
2025-09-15T19:00,5.33,36,36636,5051,54895
2025-09-15T20:00,2.91,14,36724,5552,51212
2025-09-15T21:00,0.06,11,38221,5736,47799
2025-09-15T22:00,-0.01,11,37356,5604,45316
2025-09-15T23:00,-0.09,11,38030,4687,43198
2025-09-16T00:00,-0.23,6,36765,4596,42057
2025-09-16T01:00,-1.05,7,36555,4395,42483
2025-09-16T02:00,-1.33,6,37123,4363,43748
2025-09-16T03:00,-0.01,8,39726,4370,48386
2025-09-16T04:00,2.32,26,42477,5293,56377
2025-09-16T05:00,16.21,1486,40453,5197,60303
2025-09-16T06:00,3.81,6880,39714,5663,63131
2025-09-16T07:00,-1.01,14140,38747,6051,63617
2025-09-16T08:00,-5.11,20165,35863,4850,63692
2025-09-16T09:00,-10.38,23353,33469,3736,62662
2025-09-16T10:00,-20.05,24875,31820,2916,60477
2025-09-16T11:00,-18.03,25783,32702,2650,59326
2025-09-16T12:00,-11.17,24244,32239,2861,57521
2025-09-16T13:00,-9.99,20909,30437,3424,56394
2025-09-16T14:00,-3.24,16432,31970,4831,57111
2025-09-16T15:00,0.00,10137,33142,6830,59470
2025-09-16T16:00,72.64,3197,30427,6073,59550
2025-09-16T17:00,103.33,180,30178,6385,60650
2025-09-16T18:00,112.97,30,29669,6263,57794
2025-09-16T19:00,92.97,19,29842,5854,50916
2025-09-16T20:00,80.55,15,28164,5743,47029
2025-09-16T21:00,65.44,14,27455,5913,43947
2025-09-16T22:00,70.80,13,26514,6669,42522
2025-09-16T23:00,63.47,12,25964,6838,42765
2025-09-17T00:00,50.95,8,25497,6654,42357
2025-09-17T01:00,48.53,8,24687,6264,42279
2025-09-17T02:00,60.01,9,23969,5824,43224
2025-09-17T03:00,73.82,9,23291,6110,46604
2025-09-17T04:00,98.85,35,23174,6980,55047
2025-09-17T05:00,117.34,1775,22026,7075,59557
2025-09-17T06:00,112.74,8540,20164,6678,61259
2025-09-17T07:00,95.14,17337,18747,6027,62336
2025-09-17T08:00,69.14,24141,18431,5328,61874
2025-09-17T09:00,41.38,27255,19396,5134,61464
2025-09-17T10:00,10.50,27374,20143,5224,59762
2025-09-17T11:00,7.88,24780,20466,4688,58494
2025-09-17T12:00,10.59,22322,21679,4618,56975
2025-09-17T13:00,43.09,19261,20955,4854,56704
2025-09-17T14:00,81.17,15244,19508,5656,57210
2025-09-17T15:00,110.00,8950,17688,5734,59264
2025-09-17T16:00,123.31,2789,15837,6249,59927
2025-09-17T17:00,142.58,209,14916,5930,59605
2025-09-17T18:00,123.52,52,16559,6558,59269
2025-09-17T19:00,94.20,15,19493,6173,55059
2025-09-17T20:00,86.10,12,21846,6557,50535
2025-09-17T21:00,73.07,7,24154,6302,47009
2025-09-17T22:00,53.12,8,25266,6856,44106
2025-09-17T23:00,48.29,7,25798,6745,42437
2025-09-18T00:00,38.47,7,25415,6312,41334
2025-09-18T01:00,37.96,7,24745,6327,41650
2025-09-18T02:00,48.12,7,24644,6374,43081
2025-09-18T03:00,74.15,8,23923,6799,47336
2025-09-18T04:00,105.81,17,24402,7003,55186
2025-09-18T05:00,117.21,1276,23778,7011,59549
2025-09-18T06:00,111.28,7394,22700,6665,61709
2025-09-18T07:00,90.80,16057,21124,6628,61911
2025-09-18T08:00,65.10,23938,20360,6360,61906
2025-09-18T09:00,5.89,29332,19960,5851,61422
2025-09-18T10:00,0.20,33022,20060,5772,60690
2025-09-18T11:00,0.00,34415,18803,5188,58869
2025-09-18T12:00,0.00,32584,18288,5069,57519
2025-09-18T13:00,0.52,28738,18834,5089,56405
2025-09-18T14:00,15.31,21774,18713,5925,56669
2025-09-18T15:00,89.79,12848,19206,6611,58153
2025-09-18T16:00,115.45,3695,17795,5906,59203
2025-09-18T17:00,134.23,195,18192,5428,60258
2025-09-18T18:00,128.68,35,19671,4918,58854
2025-09-18T19:00,110.00,10,20415,4939,55282
2025-09-18T20:00,98.94,9,19558,4973,51031
2025-09-18T21:00,88.20,7,19447,5417,47812
2025-09-18T22:00,74.09,7,19346,5521,44923
2025-09-18T23:00,72.47,7,18359,5517,43254
2025-09-19T00:00,73.45,7,17136,5258,42223
2025-09-19T01:00,73.70,8,15456,5533,42129
2025-09-19T02:00,74.02,8,14072,5975,43127
2025-09-19T03:00,89.59,8,12934,5858,47196
2025-09-19T04:00,118.92,45,12424,5342,55040
2025-09-19T05:00,143.42,1811,11911,4944,59233
2025-09-19T06:00,118.29,9595,10282,4731,61789
2025-09-19T07:00,95.18,20636,8381,4865,62140
2025-09-19T08:00,53.70,30413,7453,5384,61590
2025-09-19T09:00,13.03,37142,6846,5258,60465
2025-09-19T10:00,0.99,41888,6394,5440,58920
2025-09-19T11:00,0.00,43234,5295,4205,56723
2025-09-19T12:00,0.00,41543,4902,4166,55133
2025-09-19T13:00,11.97,36353,4956,4142,54096
2025-09-19T14:00,74.46,27518,4584,3579,53706
2025-09-19T15:00,119.44,15534,4278,2710,54740
2025-09-19T16:00,255.21,4384,4236,2175,55365
2025-09-19T17:00,409.24,234,6016,1931,55588
2025-09-19T18:00,167.59,75,8922,1998,53933
2025-09-19T19:00,111.82,18,13254,2768,50535
2025-09-19T20:00,86.04,10,16615,3695,46930
2025-09-19T21:00,78.93,7,19328,4320,44032
2025-09-19T22:00,87.24,10,21183,4257,41169
2025-09-19T23:00,77.91,6,21337,4683,39767
2025-09-20T00:00,74.99,5,20797,4641,38807
2025-09-20T01:00,74.80,5,20413,4002,37763
2025-09-20T02:00,74.79,5,19705,4254,37423
2025-09-20T03:00,80.21,6,19640,4564,38046
2025-09-20T04:00,88.51,24,20094,4684,40003
2025-09-20T05:00,86.97,1960,19701,4706,42120
2025-09-20T06:00,75.29,10910,18084,4550,46057
2025-09-20T07:00,24.90,22675,13555,4720,49000
2025-09-20T08:00,3.02,32457,9019,4482,49972
2025-09-20T09:00,-0.28,38592,6570,4017,49375
2025-09-20T10:00,-6.10,40744,6197,3472,47664
2025-09-20T11:00,-10.86,39375,7133,3399,45755
2025-09-20T12:00,-5.10,35505,9312,3964,44449
2025-09-20T13:00,-0.04,29899,11660,5273,44645
2025-09-20T14:00,26.36,22214,13228,3807,45804
2025-09-20T15:00,93.84,11486,12319,3094,47727
2025-09-20T16:00,124.58,2983,10115,3773,49127
2025-09-20T17:00,134.10,143,10742,4309,49964
2025-09-20T18:00,99.08,40,12644,5066,48083
2025-09-20T19:00,81.95,22,14746,5557,44952
2025-09-20T20:00,74.50,13,15606,5734,42817
2025-09-20T21:00,48.30,14,16755,5261,39804
2025-09-20T22:00,8.07,11,18156,5670,37371
2025-09-20T23:00,3.70,6,18848,5714,36101
2025-09-21T00:00,3.46,6,18910,5749,35454
2025-09-21T01:00,1.65,8,18754,5546,35021
2025-09-21T02:00,2.08,6,19519,4736,35110
2025-09-21T03:00,3.23,8,19696,4626,35817
2025-09-21T04:00,4.41,15,22009,4873,37720
2025-09-21T05:00,5.23,1472,23095,5226,39653
2025-09-21T06:00,3.01,7090,23317,5273,42532
2025-09-21T07:00,1.31,13826,23362,4423,45721
2025-09-21T08:00,0.00,20713,21250,4414,47417
2025-09-21T09:00,-0.09,24208,19234,4823,48435
2025-09-21T10:00,-1.20,25223,18006,4772,47373
2025-09-21T11:00,-2.02,23551,17645,4959,46623
2025-09-21T12:00,-1.31,20383,18277,4735,45638
2025-09-21T13:00,-0.01,15798,20058,4730,45466
2025-09-21T14:00,9.47,10563,20420,5400,46252
2025-09-21T15:00,85.18,4891,18373,6296,48335
2025-09-21T16:00,113.96,1239,16088,6750,50347
2025-09-21T17:00,120.57,69,14617,6506,50832
2025-09-21T18:00,118.84,17,12850,6201,49956
2025-09-21T19:00,104.68,9,12024,6083,47228
2025-09-21T20:00,96.35,9,10927,6326,44776
2025-09-21T21:00,91.68,7,10640,6316,41617
2025-09-21T22:00,87.33,7,10387,5886,39640
2025-09-21T23:00,83.57,7,10088,6048,38550
2025-09-22T00:00,79.21,9,10201,6350,37596
2025-09-22T01:00,79.21,7,11182,6362,38039
2025-09-22T02:00,80.35,7,11578,6377,39786
2025-09-22T03:00,93.59,7,11985,6538,43740
2025-09-22T04:00,118.69,23,12238,5951,52081
2025-09-22T05:00,130.00,627,12283,5889,57281
2025-09-22T06:00,130.00,3282,11901,5590,60437
2025-09-22T07:00,108.57,7634,10760,5029,61641
2025-09-22T08:00,91.82,12419,10636,4420,62632
2025-09-22T09:00,77.86,16454,12493,4503,63224
2025-09-22T10:00,74.04,17815,14472,4377,62936
2025-09-22T11:00,71.17,17235,15844,4330,61193
2025-09-22T12:00,70.23,15953,16612,4758,59260
2025-09-22T13:00,78.39,13605,16429,4402,58808
2025-09-22T14:00,84.79,9813,15606,4490,58011
2025-09-22T15:00,100.13,5574,13707,4244,58990
2025-09-22T16:00,128.08,1567,11255,4175,59012
2025-09-22T17:00,140.92,80,10356,4443,58943
2025-09-22T18:00,130.00,14,10583,4284,57256
2025-09-22T19:00,114.24,10,10375,3822,53333
2025-09-22T20:00,97.72,7,10421,3791,49503
2025-09-22T21:00,89.99,6,9897,3664,45646
2025-09-22T22:00,88.60,7,8637,3496,43226
2025-09-22T23:00,90.00,7,8120,3221,41379
2025-09-23T00:00,89.73,6,8189,3187,40452
2025-09-23T01:00,89.93,6,7894,2944,40597
2025-09-23T02:00,91.34,6,7804,2799,41515
2025-09-23T03:00,98.11,6,7470,2230,45266
2025-09-23T04:00,122.01,15,7612,1929,53122
2025-09-23T05:00,172.36,1114,7315,1674,57863
2025-09-23T06:00,162.80,6743,6258,1306,60737
2025-09-23T07:00,125.76,15307,5035,1241,61193
2025-09-23T08:00,93.92,22742,4988,1047,61270
2025-09-23T09:00,85.51,26641,5885,919,61204
2025-09-23T10:00,77.54,27720,6812,882,59383
2025-09-23T11:00,74.24,27083,7870,909,58549
2025-09-23T12:00,74.25,24054,9240,907,57044
2025-09-23T13:00,84.11,19786,10828,808,56243
2025-09-23T14:00,85.76,13834,11920,683,56649
2025-09-23T15:00,102.90,7230,12763,752,57733
2025-09-23T16:00,136.83,1850,12568,991,58742
2025-09-23T17:00,149.58,132,13644,1164,59508
2025-09-23T18:00,115.81,32,16811,1236,57484
2025-09-23T19:00,94.00,14,19424,1381,53508
2025-09-23T20:00,84.91,12,20698,1347,49337
2025-09-23T21:00,84.10,13,21128,1211,45672
2025-09-23T22:00,82.67,11,20758,1218,42659
2025-09-23T23:00,82.32,10,20398,1215,41201
2025-09-24T00:00,81.61,9,20383,1260,39986
2025-09-24T01:00,77.95,10,20511,1182,40080
2025-09-24T02:00,78.59,9,20948,1045,41523
2025-09-24T03:00,82.67,10,21421,1173,45548
2025-09-24T04:00,109.76,22,22639,1354,53313
2025-09-24T05:00,118.01,866,22920,1510,58778
2025-09-24T06:00,120.45,5529,21282,1683,61613
2025-09-24T07:00,107.00,12158,18312,1684,62265
2025-09-24T08:00,85.54,17934,18420,1355,62471
2025-09-24T09:00,70.09,21534,21920,507,62279
2025-09-24T10:00,27.10,22966,23938,1139,61764
2025-09-24T11:00,10.66,22245,24932,1619,60216
2025-09-24T12:00,9.90,20154,26317,1855,59361
2025-09-24T13:00,15.00,17066,27905,2276,59409
2025-09-24T14:00,66.10,12259,29955,2787,59015
2025-09-24T15:00,85.69,6107,29448,3636,60145
2025-09-24T16:00,113.08,1307,27103,4738,61337
2025-09-24T17:00,115.93,58,28632,5378,61954
2025-09-24T18:00,113.95,17,30990,5774,60063
2025-09-24T19:00,91.29,12,32028,5915,56254
2025-09-24T20:00,85.50,8,30717,5956,51887
2025-09-24T21:00,69.68,10,30420,5704,48100
2025-09-24T22:00,73.30,10,30071,6086,45661
2025-09-24T23:00,69.69,10,29078,6010,43881
2025-09-25T00:00,67.81,10,27875,5817,42946
2025-09-25T01:00,68.09,10,27180,5734,42974
2025-09-25T02:00,71.69,9,26917,5582,44776
2025-09-25T03:00,77.33,12,26986,5184,48271
2025-09-25T04:00,108.55,26,27919,5167,56358
2025-09-25T05:00,124.26,581,26988,5243,61805
2025-09-25T06:00,124.99,3648,24785,5006,64230
2025-09-25T07:00,104.88,7893,23055,4370,64511
2025-09-25T08:00,77.95,11803,22941,3792,65016
2025-09-25T09:00,69.24,14555,23758,2521,64736
2025-09-25T10:00,38.18,16212,25460,2856,64211
2025-09-25T11:00,16.03,16571,26206,2849,63684
2025-09-25T12:00,20.10,15150,26369,2341,62229
2025-09-25T13:00,43.66,12482,27016,2905,61351
2025-09-25T14:00,75.00,8678,27030,3579,61673
2025-09-25T15:00,88.79,4337,25212,4191,62336
2025-09-25T16:00,117.04,981,23639,5232,62545
2025-09-25T17:00,121.47,52,23091,6062,63526
2025-09-25T18:00,123.75,20,22479,6625,60742
2025-09-25T19:00,105.83,13,22472,6582,57270
2025-09-25T20:00,94.77,10,20643,6844,53419
2025-09-25T21:00,81.09,7,19453,6900,49609
2025-09-25T22:00,78.48,7,17824,7246,46268
2025-09-25T23:00,75.00,6,16324,6928,44194
2025-09-26T00:00,73.17,6,15264,6726,43208
2025-09-26T01:00,73.18,7,14911,6423,43270
2025-09-26T02:00,74.93,7,14585,6169,44328
2025-09-26T03:00,82.00,7,14415,6275,48255
2025-09-26T04:00,107.74,12,14958,6477,56504
2025-09-26T05:00,120.33,412,15082,6380,61242
2025-09-26T06:00,123.56,3072,14325,6349,63901
2025-09-26T07:00,110.41,7634,14046,6400,64954
2025-09-26T08:00,89.84,12382,14948,5486,65919
2025-09-26T09:00,85.36,15590,15721,4773,65972
2025-09-26T10:00,78.96,17812,15277,4157,64467
2025-09-26T11:00,73.16,18433,15123,4213,63220
2025-09-26T12:00,75.05,17280,16051,4156,60496
2025-09-26T13:00,79.99,15229,16576,4533,60662
2025-09-26T14:00,98.81,10595,16505,4922,59952
2025-09-26T15:00,109.80,4800,15996,5280,59826
2025-09-26T16:00,123.65,1038,14736,6309,60292
2025-09-26T17:00,133.02,78,15105,6906,61230
2025-09-26T18:00,119.61,52,15714,6679,58543
2025-09-26T19:00,106.21,14,15697,6438,54919
2025-09-26T20:00,96.90,12,14608,6377,50894
2025-09-26T21:00,89.90,7,13789,6045,46902
2025-09-26T22:00,84.99,7,12664,5528,43602
2025-09-26T23:00,83.26,7,11686,4499,41592
2025-09-27T00:00,82.70,6,10718,4035,40139
2025-09-27T01:00,82.51,7,10274,3530,40026
2025-09-27T02:00,85.28,6,9834,3561,39780
2025-09-27T03:00,89.19,6,9002,3411,40401
2025-09-27T04:00,90.57,9,9111,3700,42834
2025-09-27T05:00,105.45,533,9436,3476,45176
2025-09-27T06:00,109.71,3713,8633,3561,48446
2025-09-27T07:00,96.92,8986,6776,2526,49693
2025-09-27T08:00,87.86,14600,5414,2828,51296
2025-09-27T09:00,75.00,18597,4969,2438,51930
2025-09-27T10:00,59.77,20865,4706,2468,50892
2025-09-27T11:00,36.11,21079,4406,2152,49053
2025-09-27T12:00,48.54,20849,4189,2081,47737
2025-09-27T13:00,78.22,18191,4382,2813,48195
2025-09-27T14:00,93.10,12844,4869,3123,48675
2025-09-27T15:00,112.01,6300,4983,3001,50094
2025-09-27T16:00,133.35,1283,4946,2844,51545
2025-09-27T17:00,148.61,78,5520,2820,52861
2025-09-27T18:00,122.53,50,6052,2482,50407
2025-09-27T19:00,114.40,15,6245,2246,47245
2025-09-27T20:00,107.56,8,5937,1880,44806
2025-09-27T21:00,99.54,7,5626,1767,41973
2025-09-27T22:00,97.56,10,5034,1493,39349
2025-09-27T23:00,95.31,7,4470,1242,37248
2025-09-28T00:00,94.32,6,3840,905,35765
2025-09-28T01:00,91.47,6,3225,696,35185
2025-09-28T02:00,97.77,6,3020,641,35427
2025-09-28T03:00,97.58,6,2744,604,36019
2025-09-28T04:00,100.91,11,2662,683,37306
2025-09-28T05:00,105.79,663,3038,697,39136
2025-09-28T06:00,98.77,5676,2969,785,42412
2025-09-28T07:00,95.04,13585,1910,717,45276
2025-09-28T08:00,82.08,21388,1116,548,46736
2025-09-28T09:00,37.47,27820,1552,529,48568
2025-09-28T10:00,17.11,31020,2325,343,47830
2025-09-28T11:00,8.53,31443,2140,262,45367
2025-09-28T12:00,13.00,29654,1576,355,43955
2025-09-28T13:00,61.33,25704,1450,551,43259
2025-09-28T14:00,86.00,18441,1806,658,43364
2025-09-28T15:00,105.89,9079,2531,793,45757
2025-09-28T16:00,131.02,1701,3395,940,48607
2025-09-28T17:00,137.97,31,5844,1180,50594
2025-09-28T18:00,125.93,10,8632,1720,49923
2025-09-28T19:00,113.51,8,9567,1909,47502
2025-09-28T20:00,102.29,7,8746,1984,45607
2025-09-28T21:00,95.74,7,7351,1756,42795
2025-09-28T22:00,90.95,8,6102,1351,40317
2025-09-28T23:00,88.76,8,5124,1093,39082
2025-09-29T00:00,87.88,6,4530,843,38404
2025-09-29T01:00,87.94,6,4009,659,38640
2025-09-29T02:00,88.31,6,3593,465,40122
2025-09-29T03:00,98.37,6,3416,452,44369
2025-09-29T04:00,134.98,15,3473,498,52906
2025-09-29T05:00,222.10,774,3625,517,58042
2025-09-29T06:00,166.91,5609,3511,619,61267
2025-09-29T07:00,122.06,13505,2369,764,62066
2025-09-29T08:00,90.21,21840,1367,943,62453
2025-09-29T09:00,84.95,28359,1740,926,62158
2025-09-29T10:00,78.71,31997,2604,900,61299
2025-09-29T11:00,77.08,32021,2898,929,58678
2025-09-29T12:00,83.33,28905,2583,1066,56912
2025-09-29T13:00,87.40,23164,2430,1084,56572
2025-09-29T14:00,99.98,15209,2561,1135,56339
2025-09-29T15:00,140.79,7165,2819,1384,57966
2025-09-29T16:00,302.65,1246,3380,1451,59506
2025-09-29T17:00,406.78,55,4695,1349,60778
2025-09-29T18:00,167.60,12,6539,1078,58168
2025-09-29T19:00,123.85,8,7299,897,54137
2025-09-29T20:00,108.30,7,6777,790,49984
2025-09-29T21:00,93.68,6,6338,812,46900
2025-09-29T22:00,101.10,7,5454,874,44029
2025-09-29T23:00,98.43,6,5003,856,42293
2025-09-30T00:00,98.93,6,4638,686,41280
2025-09-30T01:00,94.99,6,4172,638,41454
2025-09-30T02:00,99.12,6,3900,672,42980
2025-09-30T03:00,112.08,7,4027,571,46668
2025-09-30T04:00,141.86,14,4551,548,54646
2025-09-30T05:00,244.00,557,5078,628,59298
2025-09-30T06:00,209.23,4157,4823,642,61601
2025-09-30T07:00,141.85,10685,3331,516,62320
2025-09-30T08:00,115.20,17776,2572,438,63144
2025-09-30T09:00,96.72,23414,3317,349,63067
2025-09-30T10:00,87.91,26294,3874,347,61838
2025-09-30T11:00,86.04,25752,3613,418,59694
2025-09-30T12:00,87.26,23112,3268,463,58404
2025-09-30T13:00,96.80,18890,3388,336,56751
2025-09-30T14:00,104.03,12894,4127,469,56695
2025-09-30T15:00,142.64,6039,4933,577,57939
2025-09-30T16:00,294.54,1103,5811,833,58840
2025-09-30T17:00,357.77,51,7512,1161,60012
2025-09-30T18:00,147.28,12,9299,1618,57964
2025-09-30T19:00,116.04,9,10168,1968,54575
2025-09-30T20:00,101.63,7,9816,2398,50255
2025-09-30T21:00,92.54,7,9285,2364,46713
2025-09-30T22:00,91.57,10,8748,2105,44102
2025-09-30T23:00,86.29,10,7958,1738,41957
2025-10-01T00:00,84.87,10,7168,1528,40953
2025-10-01T01:00,88.33,10,5972,1279,41233
2025-10-01T02:00,87.66,10,5546,972,42681
2025-10-01T03:00,95.33,10,5560,741,47048
2025-10-01T04:00,124.96,26,5404,989,55036
2025-10-01T05:00,173.30,695,5692,1272,59670
2025-10-01T06:00,139.09,6239,6000,1455,61741
2025-10-01T07:00,105.25,16169,4566,1551,62430
2025-10-01T08:00,86.04,26165,2524,1575,61604
2025-10-01T09:00,70.57,32771,2855,1510,60273
2025-10-01T10:00,66.03,34197,3490,1342,58874
2025-10-01T11:00,68.40,32497,3810,1430,57025
2025-10-01T12:00,72.63,28674,3569,1256,55009
2025-10-01T13:00,81.72,23353,2999,1534,54937
2025-10-01T14:00,92.87,16367,2784,1312,56049
2025-10-01T15:00,135.40,7975,2808,1129,57064
2025-10-01T16:00,253.24,1322,3305,1088,59027
2025-10-01T17:00,339.99,61,5101,1168,60243
2025-10-01T18:00,152.02,31,7314,1427,57983
2025-10-01T19:00,113.04,14,8747,2019,54491
2025-10-01T20:00,98.51,12,9717,2588,50718
2025-10-01T21:00,90.65,11,9786,2970,47170
2025-10-01T22:00,90.80,11,9313,3045,44759
2025-10-01T23:00,88.00,11,8185,2934,43042
2025-10-02T00:00,86.52,10,7245,2972,42422
2025-10-02T01:00,88.56,11,6580,2857,42735
2025-10-02T02:00,90.81,11,6366,2346,44040
2025-10-02T03:00,95.97,12,6176,2126,47928
2025-10-02T04:00,128.72,15,6220,3337,55427
2025-10-02T05:00,181.09,672,6715,3348,60300
2025-10-02T06:00,136.68,6848,6335,3280,62338
2025-10-02T07:00,100.51,17832,4423,3169,62499
2025-10-02T08:00,91.48,28974,2395,3007,61328
2025-10-02T09:00,78.29,37312,2890,2787,60700
2025-10-02T10:00,65.77,40698,3578,2318,57797
2025-10-02T11:00,60.50,38887,3769,2084,55792
2025-10-02T12:00,71.29,35256,3870,1945,54679
2025-10-02T13:00,80.66,29548,3480,2251,54502
2025-10-02T14:00,91.45,20811,3005,2595,54415
2025-10-02T15:00,113.32,10115,2736,2481,55712
2025-10-02T16:00,167.93,1528,3233,2744,57212
2025-10-02T17:00,176.84,75,5307,3569,58617
2025-10-02T18:00,109.92,55,9103,3876,55824
2025-10-02T19:00,90.85,28,11919,4173,52644
2025-10-02T20:00,96.66,21,12576,4206,48938
2025-10-02T21:00,82.09,11,12985,4378,45169
2025-10-02T22:00,85.93,11,13841,4362,42505
2025-10-02T23:00,77.14,10,14307,4165,41205
2025-10-03T00:00,71.75,11,14270,4199,40142
2025-10-03T01:00,73.91,10,14435,4202,39554
2025-10-03T02:00,76.29,10,14488,4178,39800
2025-10-03T03:00,77.98,11,13546,4074,40433
2025-10-03T04:00,93.78,13,13345,3977,41266
2025-10-03T05:00,100.42,825,13408,4261,42361
2025-10-03T06:00,103.68,7887,13251,4903,44714
2025-10-03T07:00,83.90,18599,12071,5096,47780
2025-10-03T08:00,60.00,27326,9958,5379,49162
2025-10-03T09:00,40.50,32216,9837,5539,50224
2025-10-03T10:00,26.35,34526,11940,5483,49724
2025-10-03T11:00,16.50,33367,13357,5238,47895
2025-10-03T12:00,26.20,29721,13714,4943,45830
2025-10-03T13:00,49.88,23708,14240,4877,45478
2025-10-03T14:00,63.39,15258,14656,5061,46028
2025-10-03T15:00,89.90,6294,15363,5212,47577
2025-10-03T16:00,120.76,719,17064,5887,50154
2025-10-03T17:00,109.01,63,21226,5625,52633
2025-10-03T18:00,75.04,46,25951,5154,51008
2025-10-03T19:00,43.44,35,29854,4637,48919
2025-10-03T20:00,25.40,20,30590,4003,47320
2025-10-03T21:00,11.11,17,32636,3927,44629
2025-10-03T22:00,0.73,19,31998,4189,42409
2025-10-03T23:00,-0.01,11,32046,2611,40449
2025-10-04T00:00,-0.04,11,31754,2236,39451
2025-10-04T01:00,-0.10,10,31087,2297,39747
2025-10-04T02:00,-1.13,10,30054,2279,40872
2025-10-04T03:00,-1.91,11,32311,2308,42112
2025-10-04T04:00,-1.92,12,35225,2557,44607
2025-10-04T05:00,-0.78,265,37265,3023,47137
2025-10-04T06:00,-0.30,1669,38116,4066,50049
2025-10-04T07:00,-0.16,3818,35518,4821,52763
2025-10-04T08:00,-0.09,6857,33984,5212,54877
2025-10-04T09:00,-0.10,10354,33214,4713,55773
2025-10-04T10:00,-0.08,12840,33429,4665,54585
2025-10-04T11:00,-0.44,13637,31515,4861,52470
2025-10-04T12:00,-2.05,13508,31276,4730,51541
2025-10-04T13:00,-2.61,10569,32598,4724,51532
2025-10-04T14:00,-0.10,7219,34655,5093,51673
2025-10-04T15:00,-0.09,3688,35408,5217,53039
2025-10-04T16:00,1.11,696,38528,7049,54962
2025-10-04T17:00,3.23,53,40614,6841,55505
2025-10-04T18:00,0.32,33,41001,6814,52536
2025-10-04T19:00,-0.09,19,39088,5898,49652
2025-10-04T20:00,-0.05,22,37452,5606,47242
2025-10-04T21:00,-0.34,11,37200,5470,44428
2025-10-04T22:00,-0.75,10,36355,4666,42034
2025-10-04T23:00,-1.40,10,35329,4187,40428
2025-10-05T00:00,-4.19,10,33865,3388,39539
2025-10-05T01:00,-4.38,11,34474,3671,39075
2025-10-05T02:00,-4.98,11,33461,3577,39555
2025-10-05T03:00,-4.46,11,33323,3595,39857
2025-10-05T04:00,-3.76,12,33799,3482,41154
2025-10-05T05:00,-1.51,279,34428,3995,42674
2025-10-05T06:00,-0.09,3126,34991,4856,45155
2025-10-05T07:00,-1.39,7918,33881,4272,48203
2025-10-05T08:00,-3.33,12337,33320,3851,50715
2025-10-05T09:00,-2.02,14868,32170,4087,53359
2025-10-05T10:00,-3.42,17072,33894,3365,52692
2025-10-05T11:00,-3.39,17686,34012,3099,50978
2025-10-05T12:00,-2.94,16442,33156,3220,49348
2025-10-05T13:00,-2.39,13615,32575,3700,48032
2025-10-05T14:00,-0.69,9286,33475,4063,48329
2025-10-05T15:00,0.85,3928,34478,5808,51374
2025-10-05T16:00,16.08,480,35528,5530,54208
2025-10-05T17:00,35.05,26,36295,3835,54594
2025-10-05T18:00,19.83,20,37593,4093,52204
2025-10-05T19:00,5.48,18,38255,4233,49992
2025-10-05T20:00,5.20,16,36568,4746,49325
2025-10-05T21:00,4.08,16,36280,5069,47105
2025-10-05T22:00,20.85,16,35299,5076,43618
2025-10-05T23:00,10.05,16,36171,5767,42599
2025-10-06T00:00,9.10,16,35520,5985,42019
2025-10-06T01:00,10.73,16,34748,5599,42257
2025-10-06T02:00,16.80,16,34101,4793,43891
2025-10-06T03:00,22.60,16,33239,4993,48156
2025-10-06T04:00,68.59,17,33041,4447,56885
2025-10-06T05:00,105.05,190,30731,5597,62849
2025-10-06T06:00,121.77,2205,29112,4505,65281
2025-10-06T07:00,121.12,5557,27685,3588,66015
2025-10-06T08:00,100.53,8337,26494,3145,66064
2025-10-06T09:00,89.30,9871,26309,2937,66370
2025-10-06T10:00,87.33,10664,25717,2908,65987
2025-10-06T11:00,84.60,10531,24971,2645,66023
2025-10-06T12:00,92.33,9163,23948,2452,64154
2025-10-06T13:00,94.55,6810,22144,2198,62997
2025-10-06T14:00,104.77,4293,20663,1898,61788
2025-10-06T15:00,120.29,1722,19187,1514,61705
2025-10-06T16:00,141.59,182,17201,1272,62093
2025-10-06T17:00,168.32,28,15341,1309,62624
2025-10-06T18:00,133.68,22,13955,997,59292
2025-10-06T19:00,120.20,18,12113,833,55389
2025-10-06T20:00,118.66,16,10383,774,51676
2025-10-06T21:00,105.50,17,9458,854,47752
2025-10-06T22:00,100.26,15,8306,896,44702
2025-10-06T23:00,93.99,14,7136,778,42987
2025-10-07T00:00,89.82,14,6215,646,42176
2025-10-07T01:00,89.55,15,5375,534,42101
2025-10-07T02:00,92.98,14,4562,799,43712
2025-10-07T03:00,96.74,12,3873,1124,47310
2025-10-07T04:00,134.89,14,3366,1317,55083
2025-10-07T05:00,228.56,120,3204,1720,60215
2025-10-07T06:00,287.67,1511,3336,1983,62539
2025-10-07T07:00,212.18,4513,3251,1940,63057
2025-10-07T08:00,154.66,8059,3108,2124,63859
2025-10-07T09:00,129.91,10999,3029,2414,64686
2025-10-07T10:00,110.94,12557,3118,2689,63381
2025-10-07T11:00,106.18,12361,3373,2824,62710
2025-10-07T12:00,105.35,11054,3532,3144,60749
2025-10-07T13:00,113.16,8172,3792,3047,60119
2025-10-07T14:00,122.10,4915,3937,3387,59534
2025-10-07T15:00,151.84,2021,3909,3311,60653
2025-10-07T16:00,202.42,238,4360,3176,61869
2025-10-07T17:00,213.28,64,4667,2902,62678
2025-10-07T18:00,146.34,54,5256,3211,59638
2025-10-07T19:00,123.24,13,5653,3294,55734
2025-10-07T20:00,107.42,11,5788,3131,52259
2025-10-07T21:00,97.48,11,5768,2797,48595
2025-10-07T22:00,93.45,10,5672,2681,45483
2025-10-07T23:00,88.44,11,5457,2529,43796
2025-10-08T00:00,87.56,10,5365,2445,42941
2025-10-08T01:00,86.98,10,5039,2292,42977
2025-10-08T02:00,89.67,10,5008,2034,44281
2025-10-08T03:00,97.39,10,4812,2056,48437
2025-10-08T04:00,117.11,15,4758,1930,56209
2025-10-08T05:00,155.58,155,4700,1761,61250
2025-10-08T06:00,166.40,2323,4501,1598,63491
2025-10-08T07:00,135.18,6666,3869,1103,63462
2025-10-08T08:00,118.45,11840,3171,944,63567
2025-10-08T09:00,103.33,15771,2836,1111,63537
2025-10-08T10:00,90.82,17773,2778,1359,62758
2025-10-08T11:00,89.34,18113,2764,1753,61624
2025-10-08T12:00,90.44,16425,2876,1993,60072
2025-10-08T13:00,99.43,13304,3274,2280,59116
2025-10-08T14:00,117.47,8511,3084,2052,58359
2025-10-08T15:00,149.48,3329,2640,2276,59555
2025-10-08T16:00,183.81,369,2640,1884,61154
2025-10-08T17:00,199.00,107,2722,1520,61501
2025-10-08T18:00,141.70,34,3232,1593,58242
2025-10-08T19:00,114.74,13,3374,1652,54606
2025-10-08T20:00,108.24,10,3594,1948,50943
2025-10-08T21:00,97.83,9,3837,2040,47271
2025-10-08T22:00,97.22,9,4060,1620,44364
2025-10-08T23:00,92.58,10,3903,1320,42386
2025-10-09T00:00,93.26,10,3656,1396,41667
2025-10-09T01:00,90.82,10,3625,1495,42007
2025-10-09T02:00,92.70,10,3726,1362,43847
2025-10-09T03:00,101.15,11,3824,1435,47773
2025-10-09T04:00,125.58,18,4164,1526,55716
2025-10-09T05:00,145.00,96,4499,1897,61146
2025-10-09T06:00,149.90,2105,4554,2366,63479
2025-10-09T07:00,132.49,6971,3776,2817,63922
2025-10-09T08:00,109.69,12685,3530,3306,65022
2025-10-09T09:00,96.96,16822,4784,3886,65367
2025-10-09T10:00,91.02,17258,5942,4311,64465
2025-10-09T11:00,83.35,15578,6900,4580,63808
2025-10-09T12:00,83.20,13684,8057,4728,62159
2025-10-09T13:00,88.83,11066,8822,4964,61305
2025-10-09T14:00,92.08,7164,9112,5128,60879
2025-10-09T15:00,110.01,2899,10148,5581,62348
2025-10-09T16:00,122.91,293,11953,6050,64248
2025-10-09T17:00,123.11,40,13536,6310,64850
2025-10-09T18:00,112.36,23,15196,6410,61768
2025-10-09T19:00,98.09,12,16130,6372,58278
2025-10-09T20:00,96.83,11,16410,5461,53933
2025-10-09T21:00,88.70,10,16774,4970,50340
2025-10-09T22:00,88.01,10,17588,5329,47426
2025-10-09T23:00,84.97,10,17585,4607,45720
2025-10-10T00:00,80.09,10,17678,3949,44652
2025-10-10T01:00,78.29,10,17855,4214,44983
2025-10-10T02:00,79.21,11,18043,4617,46336
2025-10-10T03:00,86.07,11,17709,4755,49742
2025-10-10T04:00,102.64,13,18025,5802,58275
2025-10-10T05:00,119.33,116,18028,5529,63640
2025-10-10T06:00,122.61,2093,17502,5743,66247
2025-10-10T07:00,107.77,6111,16662,5328,66554
2025-10-10T08:00,93.01,10129,15962,4530,66540
2025-10-10T09:00,82.12,12555,14669,3253,66534
2025-10-10T10:00,77.53,13270,13447,2732,65279
2025-10-10T11:00,75.69,12607,13458,3089,64057
2025-10-10T12:00,77.26,11032,14215,3617,62188
2025-10-10T13:00,88.90,8777,14738,4160,61310
2025-10-10T14:00,97.86,5482,14716,4344,60947
2025-10-10T15:00,118.20,2134,14735,4426,61644
2025-10-10T16:00,120.61,204,14602,4789,62655
2025-10-10T17:00,123.29,49,14637,4755,62813
2025-10-10T18:00,115.39,16,15658,4720,59853
2025-10-10T19:00,103.92,12,15484,4780,56093
2025-10-10T20:00,97.74,10,14328,4775,52392
2025-10-10T21:00,93.35,9,13690,5054,48725
2025-10-10T22:00,92.97,9,13721,5339,45481
2025-10-10T23:00,88.84,9,13675,5036,43861
2025-10-11T00:00,87.39,9,13928,4475,42406
2025-10-11T01:00,84.18,10,14201,4181,42540
2025-10-11T02:00,82.03,9,14642,3908,42903
2025-10-11T03:00,84.76,10,14492,3613,43612
2025-10-11T04:00,90.27,12,14394,3608,45615
2025-10-11T05:00,96.75,58,13829,3377,48359
2025-10-11T06:00,100.40,1684,13681,3480,50601
2025-10-11T07:00,92.96,5652,13359,3165,53281
2025-10-11T08:00,82.43,10377,12945,3021,54222
2025-10-11T09:00,74.02,14244,13017,2936,54700
2025-10-11T10:00,55.42,16524,13349,2701,54513
2025-10-11T11:00,46.77,16643,13016,3056,52768
2025-10-11T12:00,51.03,14843,12667,3079,51410
2025-10-11T13:00,76.94,11154,11805,2813,50762
2025-10-11T14:00,83.65,6485,10315,2645,50660
2025-10-11T15:00,114.01,2314,8958,2374,52521
2025-10-11T16:00,126.44,215,8290,2056,54386
2025-10-11T17:00,130.17,82,7730,1769,54425
2025-10-11T18:00,120.64,38,7596,1742,51437
2025-10-11T19:00,112.54,17,7495,1682,49009
2025-10-11T20:00,106.91,12,7105,1713,46791
2025-10-11T21:00,95.10,11,7084,1733,43794
2025-10-11T22:00,96.18,12,7112,2030,41074
2025-10-11T23:00,92.17,13,7314,2149,39207
2025-10-12T00:00,88.86,11,7680,2651,38220
2025-10-12T01:00,85.13,11,8244,3249,37767
2025-10-12T02:00,86.41,11,8856,3757,38130
2025-10-12T03:00,86.66,11,9011,4010,38628
2025-10-12T04:00,88.30,11,9618,4053,39762
2025-10-12T05:00,89.17,66,10140,4146,41794
2025-10-12T06:00,88.66,1742,10649,3834,44267
2025-10-12T07:00,83.06,5554,10916,3809,47112
2025-10-12T08:00,76.21,9805,10821,3945,48460
2025-10-12T09:00,71.90,12892,10853,4354,50221
2025-10-12T10:00,66.89,14448,10798,4307,50404
2025-10-12T11:00,52.16,14076,10334,3829,48664
2025-10-12T12:00,62.47,13025,9606,3607,46896
2025-10-12T13:00,79.99,10304,9074,3511,45926
2025-10-12T14:00,88.00,6354,8294,3464,46380
2025-10-12T15:00,105.55,2393,7144,3441,49187
2025-10-12T16:00,108.90,189,6051,2962,51959
2025-10-12T17:00,116.64,21,5363,2318,52486
2025-10-12T18:00,115.53,14,5107,1701,49971
2025-10-12T19:00,110.45,13,4902,1235,47883
2025-10-12T20:00,107.79,11,4353,1150,46219
2025-10-12T21:00,93.45,10,3940,1191,43717
2025-10-12T22:00,93.45,10,3505,1142,40883
2025-10-12T23:00,90.26,9,2930,842,39092
2025-10-13T00:00,90.83,10,2355,711,38480
2025-10-13T01:00,89.12,10,1914,695,38940
2025-10-13T02:00,93.45,10,1662,744,41032
2025-10-13T03:00,98.10,10,1524,744,45279
2025-10-13T04:00,131.41,16,1344,758,53468
2025-10-13T05:00,218.64,144,1303,795,59319
2025-10-13T06:00,199.56,2227,1356,783,62052
2025-10-13T07:00,150.19,6856,993,805,62835
2025-10-13T08:00,125.10,12045,726,648,63696
2025-10-13T09:00,110.00,16422,654,485,64451
2025-10-13T10:00,95.10,19317,741,389,63852
2025-10-13T11:00,89.86,19853,817,441,62409
2025-10-13T12:00,92.10,18030,1012,468,60959
2025-10-13T13:00,101.84,14441,1230,445,59783
2025-10-13T14:00,117.90,9180,1372,552,59166
2025-10-13T15:00,180.60,3271,1393,790,59880
2025-10-13T16:00,305.74,247,1617,1077,61401
2025-10-13T17:00,306.58,81,2034,1330,61860
2025-10-13T18:00,186.95,20,2451,1495,58714
2025-10-13T19:00,137.18,11,2889,1581,55142
2025-10-13T20:00,121.99,11,3040,1539,51697
2025-10-13T21:00,111.28,10,3322,1509,48281
2025-10-13T22:00,109.18,10,3626,1623,45872
2025-10-13T23:00,103.01,10,4111,1913,44159
2025-10-14T00:00,99.52,10,4739,2025,43563
2025-10-14T01:00,98.87,10,5374,2343,43741
2025-10-14T02:00,100.05,10,6073,2537,45389
2025-10-14T03:00,101.45,11,6678,2718,48982
2025-10-14T04:00,123.29,12,7171,2517,56177
2025-10-14T05:00,160.20,90,7187,2699,61102
2025-10-14T06:00,190.82,2217,6962,2996,63304
2025-10-14T07:00,156.45,7094,5956,2883,63239
2025-10-14T08:00,134.73,12605,4944,3086,63651
2025-10-14T09:00,119.85,17741,4752,2871,63878
2025-10-14T10:00,107.65,20742,4710,2649,63129
2025-10-14T11:00,103.00,20772,4634,2432,61394
2025-10-14T12:00,105.27,19075,4372,2019,59372
2025-10-14T13:00,122.28,15563,3962,1731,58432
2025-10-14T14:00,146.60,9966,3514,1663,58043
2025-10-14T15:00,219.20,3541,3170,1474,59233
2025-10-14T16:00,404.96,245,2857,1258,60854
2025-10-14T17:00,407.21,102,2618,1025,61304
2025-10-14T18:00,225.48,32,2674,1022,58505
2025-10-14T19:00,163.04,12,2505,901,54989
2025-10-14T20:00,129.86,11,1963,817,51291
2025-10-14T21:00,115.36,11,1595,715,47656
2025-10-14T22:00,115.46,11,1236,536,45161
2025-10-14T23:00,111.87,11,1012,525,43482
2025-10-15T00:00,107.68,9,1002,618,42828
2025-10-15T01:00,103.62,10,1009,773,43280
2025-10-15T02:00,106.48,10,1207,1015,44595
2025-10-15T03:00,114.40,10,1293,1163,48163
2025-10-15T04:00,151.96,13,1363,1484,55543
2025-10-15T05:00,278.74,78,1575,1647,60768
2025-10-15T06:00,276.20,1890,1705,1673,63207
2025-10-15T07:00,181.05,6469,1532,1660,63725
2025-10-15T08:00,142.36,11846,1371,1778,64467
2025-10-15T09:00,126.10,15981,1622,1690,65084
2025-10-15T10:00,119.43,17458,1917,2045,64001
2025-10-15T11:00,112.88,16377,2343,2028,62520
2025-10-15T12:00,115.39,13895,2910,2419,61063
2025-10-15T13:00,122.64,10511,3299,2660,60476
2025-10-15T14:00,135.69,6536,3616,3003,60278
2025-10-15T15:00,170.00,2393,3883,3315,61572
2025-10-15T16:00,221.88,170,4297,3873,63010
2025-10-15T17:00,220.00,45,4671,3980,63355
2025-10-15T18:00,152.85,28,5083,4140,60395
2025-10-15T19:00,124.34,24,5640,4556,57341
2025-10-15T20:00,98.21,14,6121,4067,53426
2025-10-15T21:00,88.17,10,6833,4574,50156
2025-10-15T22:00,88.16,11,7248,5121,47069
2025-10-15T23:00,85.81,10,7428,5734,45658
2025-10-16T00:00,88.00,10,7063,5001,44128
2025-10-16T01:00,86.66,10,7147,4701,44155
2025-10-16T02:00,88.34,10,7255,5081,45658
2025-10-16T03:00,85.05,12,7534,5281,49955
2025-10-16T04:00,96.19,27,7760,5610,57338
2025-10-16T05:00,116.12,51,8010,5444,62649
2025-10-16T06:00,132.77,1576,8248,4644,64758
2025-10-16T07:00,119.93,5518,8272,4099,65149
2025-10-16T08:00,92.24,10053,7723,3755,65447
2025-10-16T09:00,88.31,14296,7085,4231,65362
2025-10-16T10:00,83.40,16745,6982,4669,64559
2025-10-16T11:00,81.48,16486,7455,4682,63944
2025-10-16T12:00,82.98,14336,8254,3863,62368
2025-10-16T13:00,83.03,11085,9378,4389,61846
2025-10-16T14:00,89.03,6574,8939,4359,60757
2025-10-16T15:00,120.92,2075,7845,4689,61864
2025-10-16T16:00,130.00,141,8072,5063,63411
2025-10-16T17:00,140.59,56,8351,5775,63581
2025-10-16T18:00,125.59,20,9209,5846,60973
2025-10-16T19:00,102.23,19,9424,5025,57528
2025-10-16T20:00,99.86,12,9141,4797,53911
2025-10-16T21:00,93.36,11,9065,5121,50417
2025-10-16T22:00,88.15,11,8689,5357,47710
2025-10-16T23:00,88.31,11,8298,5230,45782
2025-10-17T00:00,89.06,11,8038,5052,44616
2025-10-17T01:00,88.46,10,8272,4459,44408
2025-10-17T02:00,90.59,10,8571,4246,45358
2025-10-17T03:00,94.51,10,8487,3848,48986
2025-10-17T04:00,107.91,13,8588,3735,56411
2025-10-17T05:00,129.49,47,8756,3488,61820
2025-10-17T06:00,144.84,1602,8171,3601,64197
2025-10-17T07:00,129.02,5867,7032,3170,64217
2025-10-17T08:00,117.18,11045,7062,3191,64974
2025-10-17T09:00,99.04,15026,8281,3121,65445
2025-10-17T10:00,88.14,16321,9316,2892,64452
2025-10-17T11:00,86.72,14917,10857,2723,62517
2025-10-17T12:00,87.81,12455,11534,3050,61125
2025-10-17T13:00,88.64,9143,12030,3205,60249
2025-10-17T14:00,95.00,5132,11812,3731,60321
2025-10-17T15:00,117.17,1618,10766,4204,61041
2025-10-17T16:00,129.31,119,10436,4515,62228
2025-10-17T17:00,130.69,46,11064,4620,62128
2025-10-17T18:00,116.99,20,11619,4387,59662
2025-10-17T19:00,104.05,14,11687,4177,56683
2025-10-17T20:00,102.18,12,11368,3677,52742
2025-10-17T21:00,92.50,11,11123,2983,49096
2025-10-17T22:00,94.62,10,10614,2624,46006
2025-10-17T23:00,89.86,10,9944,2397,43854
2025-10-18T00:00,89.81,10,9249,1967,42368
2025-10-18T01:00,88.34,10,8947,1887,42191
2025-10-18T02:00,88.35,10,8595,1651,42778
2025-10-18T03:00,88.32,10,8022,1585,43557
2025-10-18T04:00,91.96,12,7401,1616,45823
2025-10-18T05:00,109.47,64,6744,1524,48549
2025-10-18T06:00,114.54,2945,5827,1448,51370
2025-10-18T07:00,102.24,11485,4179,1439,53223
2025-10-18T08:00,91.47,21737,2813,1221,54038
2025-10-18T09:00,80.79,29729,2691,1101,54288
2025-10-18T10:00,73.94,32773,2626,1050,53076
2025-10-18T11:00,67.53,32608,2246,808,50297
2025-10-18T12:00,72.30,30159,1936,699,48552
2025-10-18T13:00,83.50,24493,1715,631,47356
2025-10-18T14:00,96.55,15318,1643,653,48181
2025-10-18T15:00,120.64,4378,2003,879,50055
2025-10-18T16:00,133.24,158,4057,1199,52633
2025-10-18T17:00,124.82,61,7463,1533,52623
2025-10-18T18:00,113.00,32,9709,1888,49676
2025-10-18T19:00,92.55,26,11248,2409,47426
2025-10-18T20:00,95.58,25,12203,2693,45265
2025-10-18T21:00,94.35,26,13122,3014,42697
2025-10-18T22:00,92.34,14,13802,3296,40379
2025-10-18T23:00,87.59,13,14700,3367,38724
2025-10-19T00:00,82.29,12,14846,3403,38007
2025-10-19T01:00,82.14,12,14850,3389,37666
2025-10-19T02:00,83.21,12,14752,3168,38087
2025-10-19T03:00,83.50,13,14924,3197,38600
2025-10-19T04:00,85.25,13,15707,3284,39464
2025-10-19T05:00,85.26,89,16676,3096,41452
2025-10-19T06:00,87.16,2564,17587,3189,44281
2025-10-19T07:00,78.43,9077,17041,3357,47627
2025-10-19T08:00,69.64,17127,14878,3660,49700
2025-10-19T09:00,60.30,24364,12903,3770,51420
2025-10-19T10:00,34.57,27920,11698,3144,51131
2025-10-19T11:00,20.30,27840,10435,3242,48692
2025-10-19T12:00,36.22,24421,11561,3473,46662
2025-10-19T13:00,66.77,18412,13864,4597,46413
2025-10-19T14:00,89.93,9649,14985,4761,47301
2025-10-19T15:00,106.07,2326,16902,5386,49700
2025-10-19T16:00,107.69,72,21868,6283,54085
2025-10-19T17:00,85.62,20,25814,6629,54814
2025-10-19T18:00,75.50,13,26637,6456,52900
2025-10-19T19:00,73.15,14,25885,6544,51071
2025-10-19T20:00,74.74,12,24274,6329,49804
2025-10-19T21:00,60.86,10,23708,6512,46903
2025-10-19T22:00,70.04,11,22903,6455,44838
2025-10-19T23:00,63.98,11,22391,6293,43480
2025-10-20T00:00,60.98,10,22524,6202,42839
2025-10-20T01:00,60.00,11,22788,6173,42957
2025-10-20T02:00,60.60,11,23027,6210,44619
2025-10-20T03:00,74.81,11,23671,6503,48544
2025-10-20T04:00,76.25,13,24899,6853,56927
2025-10-20T05:00,91.87,97,24550,7343,63314
2025-10-20T06:00,125.10,2172,24337,7308,65863
2025-10-20T07:00,92.19,7004,22689,7324,66573
2025-10-20T08:00,73.15,11932,20720,6910,66610
2025-10-20T09:00,69.94,15493,19022,6677,67533
2025-10-20T10:00,60.29,16261,18072,5965,66381
2025-10-20T11:00,65.27,15727,17906,5338,65694
2025-10-20T12:00,76.09,13371,18394,5217,63192
2025-10-20T13:00,97.14,9631,18299,4747,62705
2025-10-20T14:00,119.51,5184,19317,4370,62179
2025-10-20T15:00,131.12,1529,21532,4746,63737
2025-10-20T16:00,125.09,127,24693,5320,65879
2025-10-20T17:00,103.00,64,26787,5685,65208
2025-10-20T18:00,82.29,28,27745,6410,62148
2025-10-20T19:00,76.25,14,27923,6954,58101
2025-10-20T20:00,68.38,16,27074,7108,54727
2025-10-20T21:00,51.00,16,27257,6825,51214
2025-10-20T22:00,61.48,16,27479,7343,48251
2025-10-20T23:00,43.83,16,28252,7018,46450
2025-10-21T00:00,33.07,15,28714,6686,45585
2025-10-21T01:00,22.28,15,29145,6607,45497
2025-10-21T02:00,25.91,15,29777,6136,46954
2025-10-21T03:00,47.46,15,30489,5947,50101
2025-10-21T04:00,75.10,16,32548,6310,57546
2025-10-21T05:00,88.12,33,32628,6598,63478
2025-10-21T06:00,91.58,1833,32370,6061,66077
2025-10-21T07:00,84.72,7747,31022,5313,66354
2025-10-21T08:00,74.27,14062,30352,4813,67072
2025-10-21T09:00,65.11,17662,30384,4708,67286
2025-10-21T10:00,47.46,18983,30384,4829,66741
2025-10-21T11:00,31.58,18270,30097,5084,64876
2025-10-21T12:00,33.06,16178,29399,5488,62931
2025-10-21T13:00,60.23,12914,27877,4559,61742
2025-10-21T14:00,68.20,7706,26074,4827,61567
2025-10-21T15:00,100.00,2102,23586,6320,63356
2025-10-21T16:00,121.80,72,22640,6074,65877
2025-10-21T17:00,115.38,30,22821,6196,65607
2025-10-21T18:00,99.67,18,23022,5767,62365
2025-10-21T19:00,81.06,16,22893,5858,58255
2025-10-21T20:00,81.68,14,21503,6055,54213
2025-10-21T21:00,74.33,13,21222,5757,50711
2025-10-21T22:00,87.84,13,20430,5870,47680
2025-10-21T23:00,87.49,15,19536,5647,45256
2025-10-22T00:00,85.41,15,18416,5734,44010
2025-10-22T01:00,89.35,14,17380,5540,43986
2025-10-22T02:00,89.50,15,16534,5478,45326
2025-10-22T03:00,90.18,16,15387,5753,49110
2025-10-22T04:00,99.39,14,14701,5564,56650
2025-10-22T05:00,100.18,28,13891,5534,62851
2025-10-22T06:00,113.76,1017,13241,4821,65105
2025-10-22T07:00,125.72,4348,12123,4691,65613
2025-10-22T08:00,105.73,8512,11059,4331,66199
2025-10-22T09:00,91.21,11577,9845,4221,66568
2025-10-22T10:00,87.10,13389,8883,4150,65532
2025-10-22T11:00,86.00,13900,8056,4080,64144
2025-10-22T12:00,93.46,12327,7317,3831,62472
2025-10-22T13:00,110.66,9214,6116,3125,61530
2025-10-22T14:00,135.00,5122,4393,2465,60535
2025-10-22T15:00,198.05,1358,3503,1908,61531
2025-10-22T16:00,296.48,109,3392,1250,63011
2025-10-22T17:00,279.76,89,3764,789,62416
2025-10-22T18:00,185.31,49,4374,1087,59284
2025-10-22T19:00,133.95,22,4852,1092,55965
2025-10-22T20:00,122.07,16,5431,711,52092
2025-10-22T21:00,108.09,12,6431,638,48297
2025-10-22T22:00,101.38,19,8355,545,45399
2025-10-22T23:00,98.74,13,11168,722,43139
2025-10-23T00:00,95.07,11,15135,1467,41252
2025-10-23T01:00,79.92,11,20209,2608,42018
2025-10-23T02:00,71.00,11,24668,4406,44027
2025-10-23T03:00,67.52,11,28165,5045,48685
2025-10-23T04:00,72.25,14,30650,5411,56126
2025-10-23T05:00,82.28,27,33268,5623,62361
2025-10-23T06:00,90.00,759,34664,5712,66255
2025-10-23T07:00,83.02,2868,34777,5826,67176
2025-10-23T08:00,79.70,5658,33742,5307,67132
2025-10-23T09:00,69.60,8012,32695,5111,67382
2025-10-23T10:00,66.10,9990,32835,5658,67492
2025-10-23T11:00,64.11,10500,33570,5862,67183
2025-10-23T12:00,63.54,9743,34032,5202,65535
2025-10-23T13:00,75.61,8112,33671,5043,65108
2025-10-23T14:00,85.50,4615,33161,5649,63690
2025-10-23T15:00,98.12,1177,34541,4606,64525
2025-10-23T16:00,114.93,58,36454,4732,66255
2025-10-23T17:00,107.91,40,37846,4028,65171
2025-10-23T18:00,87.71,28,39653,3141,62145
2025-10-23T19:00,82.81,18,40364,2773,58811
2025-10-23T20:00,77.66,17,39279,2448,55227
2025-10-23T21:00,60.08,16,39418,2505,51587
2025-10-23T22:00,14.34,15,38041,3653,48924
2025-10-23T23:00,9.84,15,38561,3621,46687
2025-10-24T00:00,6.52,16,39307,3861,45821
2025-10-24T01:00,1.03,15,39027,4312,46260
2025-10-24T02:00,2.19,16,38698,4502,47845
2025-10-24T03:00,7.53,16,40006,4250,51498
2025-10-24T04:00,23.28,18,42498,3943,58520
2025-10-24T05:00,64.99,35,43270,3176,63130
2025-10-24T06:00,84.87,1336,43994,3179,66693
2025-10-24T07:00,76.55,5230,44182,3333,67423
2025-10-24T08:00,58.30,9795,45118,4284,68333
2025-10-24T09:00,33.00,13773,44801,5071,68674
2025-10-24T10:00,1.25,16147,42297,4924,67044
2025-10-24T11:00,-0.01,16496,40684,4991,65084
2025-10-24T12:00,-0.01,15331,40495,5014,63465
2025-10-24T13:00,1.81,12764,41757,5349,62055
2025-10-24T14:00,37.32,7737,42517,5307,61895
2025-10-24T15:00,66.26,2099,42662,4515,62989
2025-10-24T16:00,74.61,89,42207,4096,63373
2025-10-24T17:00,74.61,86,41056,4136,62670
2025-10-24T18:00,57.05,36,40853,5105,59545
2025-10-24T19:00,41.51,21,40632,5032,55679
2025-10-24T20:00,28.92,17,38003,5913,52802
2025-10-24T21:00,9.97,18,36899,5856,49634
2025-10-24T22:00,3.52,20,36306,5168,47204
2025-10-24T23:00,1.32,22,35591,5190,45306
2025-10-25T00:00,0.92,15,34558,5444,43995
2025-10-25T01:00,0.00,14,33980,5872,43558
2025-10-25T02:00,-0.01,13,33685,5718,43651
2025-10-25T03:00,0.16,14,34668,5624,44585
2025-10-25T04:00,0.52,16,36913,5619,46930
2025-10-25T05:00,0.99,27,37540,5844,49881
2025-10-25T06:00,4.00,1197,37838,6673,52812
2025-10-25T07:00,7.58,5317,37928,6631,55406
2025-10-25T08:00,6.73,8907,38148,6481,56923
2025-10-25T09:00,4.77,11080,38404,6307,58044
2025-10-25T10:00,6.10,11206,39023,5917,58043
2025-10-25T11:00,4.37,10648,38641,6365,56728
2025-10-25T12:00,4.03,10191,37439,6011,54991
2025-10-25T13:00,3.95,7821,36942,6904,54091
2025-10-25T14:00,5.56,4504,36626,7071,54484
2025-10-25T15:00,25.31,1096,36699,7904,56447
2025-10-25T16:00,55.25,67,36423,7771,58619
2025-10-25T17:00,61.27,111,35460,6865,57443
2025-10-25T18:00,34.00,35,35044,7328,54458
2025-10-25T19:00,14.11,19,34167,7443,52096
2025-10-25T20:00,16.68,20,31758,7112,50081
2025-10-25T21:00,8.17,16,31460,6421,47166
2025-10-25T22:00,5.57,19,31214,6400,43977
2025-10-25T23:00,3.70,18,31314,6167,42121
2025-10-26T00:00,3.19,15,31102,6133,40844
2025-10-26T01:00,2.02,15,31842,6169,40237
2025-10-26T02:00,0.34,14,32889,6211,40341
2025-10-26T03:00,0.10,16,34425,6523,40685
2025-10-26T04:00,0.11,16,36126,6292,41078
2025-10-26T05:00,0.11,20,39025,6556,42837
2025-10-26T06:00,0.10,1359,38793,6749,45147
2025-10-26T07:00,-0.01,6702,37608,6705,49005
2025-10-26T08:00,-0.31,12047,37146,6170,52174
2025-10-26T09:00,-0.07,14065,38535,6269,53472
2025-10-26T10:00,-0.08,14547,38056,5803,54629
2025-10-26T11:00,-0.07,13900,38005,5518,54611
2025-10-26T12:00,-0.54,11800,37237,4840,53018
2025-10-26T13:00,-0.73,8606,37458,4863,51911
2025-10-26T14:00,-0.01,4824,41433,5708,51991
2025-10-26T15:00,3.04,1325,44375,6274,53405
2025-10-26T16:00,30.00,53,45768,5692,56463
2025-10-26T17:00,42.02,30,45597,4861,55750
2025-10-26T18:00,34.73,22,45166,4096,54250
2025-10-26T19:00,16.64,19,45152,4841,52407
2025-10-26T20:00,3.07,18,44255,5138,51306
2025-10-26T21:00,14.91,16,41984,6143,50637
2025-10-26T22:00,5.06,16,41085,5106,47887
2025-10-26T23:00,1.34,17,38598,4000,45580
2025-10-27T00:00,1.83,16,37896,4351,44600
2025-10-27T01:00,1.25,17,37001,3984,43917
2025-10-27T02:00,0.00,16,36136,3835,44497
2025-10-27T03:00,1.31,16,35718,3802,46121
2025-10-27T04:00,10.78,16,35064,4584,50330
2025-10-27T05:00,55.00,20,36847,3718,58680
2025-10-27T06:00,86.07,334,35906,3650,64457
2025-10-27T07:00,100.15,2114,34252,3886,67492
2025-10-27T08:00,101.86,4749,33290,4882,67943
2025-10-27T09:00,96.74,8400,31962,5029,67892
2025-10-27T10:00,94.63,11384,31339,5222,68468
2025-10-27T11:00,82.70,12197,31395,5748,67831
2025-10-27T12:00,81.12,11606,31075,6075,66180
2025-10-27T13:00,83.35,9524,30770,5998,64762
2025-10-27T14:00,83.66,5443,31797,6036,64205
2025-10-27T15:00,99.23,1295,33508,6434,64348
2025-10-27T16:00,110.71,59,34971,6638,67705
2025-10-27T17:00,126.54,74,35710,6769,67920
2025-10-27T18:00,113.50,44,38201,6386,66582
2025-10-27T19:00,95.04,17,39294,5642,63154
2025-10-27T20:00,77.94,16,39900,6101,60016
2025-10-27T21:00,74.48,16,38474,5680,56162
2025-10-27T22:00,62.43,16,38766,5637,52696
2025-10-27T23:00,44.11,17,38428,5369,49177
2025-10-28T00:00,28.88,15,38095,5551,47403
2025-10-28T01:00,18.54,15,36510,5627,46547
2025-10-28T02:00,10.22,14,35403,5754,47795
2025-10-28T03:00,10.95,14,34623,5639,48747
2025-10-28T04:00,30.41,15,34472,4830,52012
2025-10-28T05:00,59.52,21,35027,4251,59416
2025-10-28T06:00,80.38,895,34801,4982,64765
2025-10-28T07:00,89.40,3583,34385,6532,67846
2025-10-28T08:00,87.37,5868,34057,6616,67854
2025-10-28T09:00,81.00,8113,34922,5771,68836
2025-10-28T10:00,75.42,10283,36340,5983,69184
2025-10-28T11:00,67.56,11253,37778,5278,68588
2025-10-28T12:00,62.30,10352,37631,5281,67478
2025-10-28T13:00,64.42,7772,37498,5468,65244
2025-10-28T14:00,73.10,4168,37282,5902,64294
2025-10-28T15:00,80.07,939,38046,5861,64347
2025-10-28T16:00,93.83,58,39806,5897,67752
2025-10-28T17:00,110.23,53,39062,5684,67896
2025-10-28T18:00,106.91,29,38530,5598,65270
2025-10-28T19:00,91.92,18,37493,5185,62187
2025-10-28T20:00,80.84,17,36772,4906,58324
2025-10-28T21:00,79.58,15,34724,5058,54203
2025-10-28T22:00,73.22,15,34093,5132,50865
2025-10-28T23:00,58.80,15,33619,6327,48832
2025-10-29T00:00,54.04,16,32106,6411,47416
2025-10-29T01:00,54.16,15,30896,6219,46717
2025-10-29T02:00,56.35,15,29075,6047,47284
2025-10-29T03:00,54.73,13,27086,5672,48301
2025-10-29T04:00,66.62,13,25479,6009,52120
2025-10-29T05:00,95.43,46,25169,6588,60345
2025-10-29T06:00,107.53,1688,23230,7122,64954
2025-10-29T07:00,100.27,8302,21146,6991,67143
2025-10-29T08:00,85.81,16465,18651,7534,66775
2025-10-29T09:00,71.95,22328,17760,7246,66465
2025-10-29T10:00,70.21,24210,17177,6947,65580
2025-10-29T11:00,70.84,22626,16775,6612,64182
2025-10-29T12:00,77.11,17818,16621,6272,63285
2025-10-29T13:00,88.85,12336,15861,6239,62165
2025-10-29T14:00,116.36,5401,15891,5788,62229
2025-10-29T15:00,126.23,1014,17287,5318,63163
2025-10-29T16:00,126.98,119,19894,4998,66036
2025-10-29T17:00,128.74,66,23070,5273,66329
2025-10-29T18:00,113.54,38,23501,5698,64998
2025-10-29T19:00,102.65,37,23178,5581,61624
2025-10-29T20:00,96.50,20,22805,4571,57761
2025-10-29T21:00,94.42,18,21988,3231,53871
2025-10-29T22:00,87.14,16,22670,3142,49416
2025-10-29T23:00,75.25,16,23987,2485,46598
2025-10-30T00:00,70.11,15,25212,2605,44557
2025-10-30T01:00,65.53,15,26336,3695,43831
2025-10-30T02:00,60.42,15,28994,4536,44638
2025-10-30T03:00,57.15,16,31639,4711,45645
2025-10-30T04:00,60.01,16,34930,5538,49756
2025-10-30T05:00,69.18,19,38672,5068,57972
2025-10-30T06:00,79.94,447,42083,4632,63795
2025-10-30T07:00,85.30,4608,39342,4480,65893
2025-10-30T08:00,66.72,12545,38378,3667,65477
2025-10-30T09:00,42.90,18998,37770,3047,64447
2025-10-30T10:00,7.08,23369,36656,3472,64959
2025-10-30T11:00,0.00,24612,34321,3766,64021
2025-10-30T12:00,0.00,22743,33228,3726,62092
2025-10-30T13:00,31.29,18016,32457,4004,61311
2025-10-30T14:00,69.80,9613,28685,4696,62341
2025-10-30T15:00,85.30,1640,25168,4935,63840
2025-10-30T16:00,117.93,53,23537,4317,67548
2025-10-30T17:00,117.70,51,22072,4153,67596
2025-10-30T18:00,117.67,44,20024,3823,65402
2025-10-30T19:00,105.29,16,18385,3271,62200
2025-10-30T20:00,98.04,14,16615,3117,58797
2025-10-30T21:00,98.44,16,15072,3232,54969
2025-10-30T22:00,84.83,12,13982,3196,50590
2025-10-30T23:00,87.74,12,13166,3123,47525
2025-10-31T00:00,78.16,13,12616,2732,45688
2025-10-31T01:00,74.74,13,12780,2757,44364
2025-10-31T02:00,75.68,13,12854,3039,44304
2025-10-31T03:00,79.76,13,12246,3427,45413
2025-10-31T04:00,91.83,14,12372,4238,48319
2025-10-31T05:00,120.39,51,13379,4333,52862
2025-10-31T06:00,119.57,1762,13958,4261,57194
2025-10-31T07:00,108.77,8164,13924,4313,59387
2025-10-31T08:00,83.01,15439,12683,4545,59955
2025-10-31T09:00,75.67,21039,10486,4110,59896
2025-10-31T10:00,74.09,23471,8405,4097,60063
2025-10-31T11:00,75.99,22218,7351,3820,59086
2025-10-31T12:00,84.21,17875,7418,3672,57910
2025-10-31T13:00,106.70,11743,7807,3863,56627
2025-10-31T14:00,127.08,5274,9554,4152,56438
2025-10-31T15:00,132.05,853,13101,4519,57611
2025-10-31T16:00,122.18,94,16450,4794,60246
2025-10-31T17:00,107.28,76,18228,5829,59798
2025-10-31T18:00,90.01,23,19134,5658,57787
2025-10-31T19:00,86.05,16,19273,5627,55188
2025-10-31T20:00,87.47,12,20667,5810,52995
2025-10-31T21:00,81.85,11,20619,5407,49957
2025-10-31T22:00,67.60,10,20002,4739,46332
2025-10-31T23:00,54.71,7,19528,5380,43923
2025-11-01T00:00,38.12,6,19298,5131,41942
2025-11-01T01:00,28.27,5,18941,4401,41318
2025-11-01T02:00,29.96,6,18933,4030,40603
2025-11-01T03:00,19.90,6,19432,4468,39368
2025-11-01T04:00,15.33,6,20360,4592,39696
2025-11-01T05:00,11.63,11,22434,5041,42393
2025-11-01T06:00,17.61,1479,23456,4869,43944
2025-11-01T07:00,29.95,7201,23987,5360,46725
2025-11-01T08:00,27.04,13181,24051,6048,49304
2025-11-01T09:00,18.30,16111,23130,5624,49961
2025-11-01T10:00,15.76,15895,23163,5548,51910
2025-11-01T11:00,21.02,13073,23501,5900,52442
2025-11-01T12:00,31.74,8830,23983,4744,50982
2025-11-01T13:00,54.00,4492,25203,5238,51352
2025-11-01T14:00,59.07,1728,25534,5895,53023
2025-11-01T15:00,76.59,256,24285,7058,54534
2025-11-01T16:00,88.79,54,22651,7071,56454
2025-11-01T17:00,89.06,36,22710,7219,56740
2025-11-01T18:00,86.40,23,23048,6226,54890
2025-11-01T19:00,86.20,12,22554,6221,52246
2025-11-01T20:00,83.28,8,20726,5903,49766
2025-11-01T21:00,82.93,9,18431,4832,47421
2025-11-01T22:00,77.51,7,17889,5304,43598
2025-11-01T23:00,64.29,9,16714,4983,40658
2025-11-02T00:00,60.33,9,16328,4746,38687
2025-11-02T01:00,60.98,8,16471,4617,37798
2025-11-02T02:00,62.73,8,16393,4052,37523
2025-11-02T03:00,67.02,9,15894,3892,37891
2025-11-02T04:00,68.81,10,15604,3368,38540
2025-11-02T05:00,70.35,10,15733,3496,39776
2025-11-02T06:00,75.53,184,14791,3638,41458
2025-11-02T07:00,77.12,1688,14175,3223,44817
2025-11-02T08:00,78.46,4516,12777,3346,48064
2025-11-02T09:00,74.99,7733,11035,3980,50155
2025-11-02T10:00,74.98,9631,9663,3694,51611
2025-11-02T11:00,75.21,10033,8812,3678,51645
2025-11-02T12:00,83.16,8615,7877,3122,50160
2025-11-02T13:00,92.55,6103,7229,2847,49522
2025-11-02T14:00,110.65,2891,7149,2847,49613
2025-11-02T15:00,116.50,467,8343,3349,50439
2025-11-02T16:00,132.07,78,10041,3246,54422
2025-11-02T17:00,130.41,84,12096,2834,55281
2025-11-02T18:00,113.61,34,14165,2143,53382
2025-11-02T19:00,98.60,11,15239,2076,51118
2025-11-02T20:00,95.33,9,15434,1956,48752
2025-11-02T21:00,93.18,10,15647,1961,46543
2025-11-02T22:00,85.04,10,16467,1977,43570
2025-11-02T23:00,82.44,9,16838,2434,41418
2025-11-03T00:00,80.11,9,17988,2324,40645
2025-11-03T01:00,75.00,9,18642,2331,40445
2025-11-03T02:00,73.14,9,18597,2985,40914
2025-11-03T03:00,74.97,8,18557,3539,42593
2025-11-03T04:00,75.00,9,18970,3469,46936
2025-11-03T05:00,95.33,12,19947,4450,55872
2025-11-03T06:00,117.26,704,20354,5668,61221
2025-11-03T07:00,105.00,5476,19189,6377,64214
2025-11-03T08:00,85.76,12484,18054,6727,64739
2025-11-03T09:00,75.45,18334,17995,6068,64811
2025-11-03T10:00,71.68,20890,19193,5534,64931
2025-11-03T11:00,67.99,20114,20842,6174,64469
2025-11-03T12:00,71.93,16885,21983,6434,64053
2025-11-03T13:00,74.98,12565,21965,5820,63118
2025-11-03T14:00,82.61,6274,22534,6156,62774
2025-11-03T15:00,92.74,985,23928,5160,63909
2025-11-03T16:00,92.52,44,26145,4609,67357
2025-11-03T17:00,90.56,25,28456,4549,68011
2025-11-03T18:00,81.57,15,29713,4325,67135
2025-11-03T19:00,71.63,10,29759,4186,63680
2025-11-03T20:00,60.01,9,28891,3600,59947
2025-11-03T21:00,52.71,8,26422,3194,56146
2025-11-03T22:00,28.72,6,25606,3352,52808
2025-11-03T23:00,16.53,6,24473,3946,48668
2025-11-04T00:00,7.26,6,23319,3814,46973
2025-11-04T01:00,4.93,7,22365,3696,46298
2025-11-04T02:00,6.31,7,21442,3968,46595
2025-11-04T03:00,21.20,7,21059,4270,48075
2025-11-04T04:00,58.43,7,20963,4927,51616
2025-11-04T05:00,81.04,14,20681,5119,59144
2025-11-04T06:00,114.31,1175,19413,5650,63546
2025-11-04T07:00,110.00,7020,18194,6570,64986
2025-11-04T08:00,80.85,14739,16321,6794,64806
2025-11-04T09:00,60.65,21075,14688,6804,65241
2025-11-04T10:00,52.87,24869,13669,6573,64063
2025-11-04T11:00,50.15,25263,13368,6012,62818
2025-11-04T12:00,66.94,21933,12926,6205,61515
2025-11-04T13:00,81.05,15465,12197,6063,60875
2025-11-04T14:00,116.26,7218,12265,5873,61383
2025-11-04T15:00,127.48,1132,14168,5579,62964
2025-11-04T16:00,129.10,72,17673,5699,66559
2025-11-04T17:00,122.76,57,20440,6440,67721
2025-11-04T18:00,106.70,24,21963,6689,66661
2025-11-04T19:00,96.75,12,23088,6615,63014
2025-11-04T20:00,91.37,10,23264,6522,59183
2025-11-04T21:00,86.24,11,22503,6282,55170
2025-11-04T22:00,76.12,9,22362,6416,51392
2025-11-04T23:00,77.33,8,22304,6555,48713
2025-11-05T00:00,75.82,8,21176,6387,46617
2025-11-05T01:00,74.36,8,20425,6309,45489
2025-11-05T02:00,74.68,9,19949,6337,46027
2025-11-05T03:00,78.88,10,20116,6467,47810
2025-11-05T04:00,85.00,11,20543,6477,52290
2025-11-05T05:00,91.36,14,21476,6839,61273
2025-11-05T06:00,115.90,1095,20882,6165,65141
2025-11-05T07:00,107.12,7876,19197,6031,67068
2025-11-05T08:00,74.54,17314,16182,5508,66172
2025-11-05T09:00,62.88,24696,12275,4727,64730
2025-11-05T10:00,62.01,28499,9378,4298,63854
2025-11-05T11:00,62.07,28233,7396,4027,62920
2025-11-05T12:00,77.33,24198,6097,3476,61105
2025-11-05T13:00,96.19,17572,5422,3128,59850
2025-11-05T14:00,115.40,8201,6283,3062,61295
2025-11-05T15:00,141.38,1229,9041,3198,62770
2025-11-05T16:00,147.42,54,12329,3954,66215
2025-11-05T17:00,127.58,41,14560,4700,66898
2025-11-05T18:00,114.76,29,15559,5198,65732
2025-11-05T19:00,104.79,9,15306,4980,62153
2025-11-05T20:00,98.92,8,15572,4378,57928
2025-11-05T21:00,88.85,12,15057,3885,53788
2025-11-05T22:00,87.70,8,14721,3234,50270
2025-11-05T23:00,93.37,8,14914,2678,47845
2025-11-06T00:00,90.83,9,14531,1980,46019
2025-11-06T01:00,91.40,8,14313,1836,45519
2025-11-06T02:00,90.51,13,13430,2004,45903
2025-11-06T03:00,91.90,13,12639,1830,47389
2025-11-06T04:00,92.17,13,11718,1634,51273
2025-11-06T05:00,118.35,20,11600,1695,59738
2025-11-06T06:00,130.23,812,11709,1497,64320
2025-11-06T07:00,119.68,6507,10694,1046,66251
2025-11-06T08:00,93.21,14642,8298,1071,65859
2025-11-06T09:00,85.16,21058,5298,1086,65496
2025-11-06T10:00,83.70,24739,3841,778,64655
2025-11-06T11:00,83.99,25067,3137,573,63662
2025-11-06T12:00,87.18,22066,3044,544,62213
2025-11-06T13:00,99.49,15437,3372,636,61307
2025-11-06T14:00,128.24,6437,4159,942,61938
2025-11-06T15:00,147.50,653,7097,1198,63311
2025-11-06T16:00,154.26,60,10655,1559,66827
2025-11-06T17:00,137.45,26,12903,2096,67061
2025-11-06T18:00,126.46,14,13828,2628,66025
2025-11-06T19:00,114.97,8,13716,2863,63048
2025-11-06T20:00,100.98,7,12988,2676,59390
2025-11-06T21:00,97.49,7,12230,2090,55776
2025-11-06T22:00,90.55,10,11651,1477,51296
2025-11-06T23:00,90.18,7,10864,1071,48453
2025-11-07T00:00,88.82,8,10212,933,46749
2025-11-07T01:00,89.60,7,9884,945,46164
2025-11-07T02:00,89.61,8,9301,891,46827
2025-11-07T03:00,90.41,8,8397,810,48062
2025-11-07T04:00,94.21,8,7914,934,51687
2025-11-07T05:00,112.27,13,7509,1004,59346
2025-11-07T06:00,133.88,456,7246,954,64632
2025-11-07T07:00,128.05,4070,6074,689,66828
2025-11-07T08:00,108.10,9475,4504,616,66441
2025-11-07T09:00,93.38,13983,2970,542,66969
2025-11-07T10:00,89.99,16536,2259,361,66512
2025-11-07T11:00,88.80,16737,1766,560,65912
2025-11-07T12:00,92.05,14470,1497,457,64215
2025-11-07T13:00,103.10,9838,1372,410,62911
2025-11-07T14:00,129.62,4042,1229,265,62857
2025-11-07T15:00,165.12,433,1437,258,63930
2025-11-07T16:00,178.54,66,1720,338,66262
2025-11-07T17:00,145.68,27,2049,402,65405
2025-11-07T18:00,131.48,18,2317,375,62983
2025-11-07T19:00,119.43,11,2505,280,59464
2025-11-07T20:00,106.65,7,2483,221,55616
2025-11-07T21:00,98.28,7,2295,157,52433
2025-11-07T22:00,92.05,7,2086,83,49415
2025-11-07T23:00,96.53,7,1887,18,46489
2025-11-08T00:00,96.32,7,1800,2,44623
2025-11-08T01:00,94.00,7,1860,1,43456
2025-11-08T02:00,93.97,7,1851,24,43076
2025-11-08T03:00,95.04,7,1734,114,43289
2025-11-08T04:00,94.20,7,1569,172,44187
2025-11-08T05:00,95.28,8,1583,182,46003
2025-11-08T06:00,103.84,247,1601,160,48779
2025-11-08T07:00,105.50,2462,1416,106,52030
2025-11-08T08:00,103.62,5899,1052,59,54461
2025-11-08T09:00,102.18,8906,602,25,55637
2025-11-08T10:00,96.95,10531,417,48,56791
2025-11-08T11:00,95.16,10546,370,35,56796
2025-11-08T12:00,95.91,8951,378,35,54799
2025-11-08T13:00,101.54,5691,400,20,53742
2025-11-08T14:00,117.62,2308,421,23,53892
2025-11-08T15:00,124.64,269,521,42,55298
2025-11-08T16:00,134.92,28,763,66,58010
2025-11-08T17:00,136.53,29,1049,57,57651
2025-11-08T18:00,131.98,14,1213,37,55595
2025-11-08T19:00,122.97,8,1486,16,52224
2025-11-08T20:00,113.30,8,1764,14,49666
2025-11-08T21:00,106.26,7,1864,19,47877
2025-11-08T22:00,96.91,7,1722,19,45046
2025-11-08T23:00,96.35,11,1611,23,42612
2025-11-09T00:00,94.56,7,1573,44,40262
2025-11-09T01:00,92.83,7,1645,63,38608
2025-11-09T02:00,91.13,7,1826,70,38248
2025-11-09T03:00,91.65,6,1986,63,38556
2025-11-09T04:00,91.69,6,2102,62,38986
2025-11-09T05:00,89.94,7,2117,82,40325
2025-11-09T06:00,88.62,116,2099,80,42361
2025-11-09T07:00,97.27,1281,2046,96,45642
2025-11-09T08:00,97.62,3226,1943,228,48722
2025-11-09T09:00,97.03,4940,1754,400,51001
2025-11-09T10:00,97.30,6037,1552,636,53400
2025-11-09T11:00,97.84,6189,1530,750,53811
2025-11-09T12:00,96.40,5221,1654,883,52528
2025-11-09T13:00,97.32,3542,1754,748,51598
2025-11-09T14:00,97.79,1582,1526,654,51655
2025-11-09T15:00,109.85,246,1640,440,52787
2025-11-09T16:00,125.10,26,1933,395,55948
2025-11-09T17:00,126.10,18,2411,353,55950
2025-11-09T18:00,117.96,13,3031,274,54135
2025-11-09T19:00,106.00,8,3249,271,51936
2025-11-09T20:00,93.54,7,3094,317,49792
2025-11-09T21:00,92.32,8,3034,430,48392
2025-11-09T22:00,89.93,6,3000,527,45416
2025-11-09T23:00,88.98,5,2971,538,42959
2025-11-10T00:00,87.64,6,2889,624,41290
2025-11-10T01:00,88.90,6,3023,686,40804
2025-11-10T02:00,87.52,7,3175,780,41417
2025-11-10T03:00,87.18,7,3043,855,43291
2025-11-10T04:00,92.31,8,2874,964,47849
2025-11-10T05:00,113.45,11,2804,1115,56675
2025-11-10T06:00,143.00,185,2781,1079,62239
2025-11-10T07:00,157.88,2288,2785,1395,64953
2025-11-10T08:00,144.30,5989,2607,1709,65589
2025-11-10T09:00,126.27,9233,2298,2070,65767
2025-11-10T10:00,115.25,11529,2143,2405,65764
2025-11-10T11:00,105.92,12832,2186,2529,65457
2025-11-10T12:00,108.41,12243,2513,2725,64494
2025-11-10T13:00,115.57,9072,2901,2694,63297
2025-11-10T14:00,126.25,4026,3424,2668,62973
2025-11-10T15:00,133.36,404,5075,2847,63777
2025-11-10T16:00,139.40,93,6863,3380,66502
2025-11-10T17:00,120.73,44,8799,4261,66316
2025-11-10T18:00,103.66,15,10365,4236,64677
2025-11-10T19:00,90.11,10,11352,4207,61637
2025-11-10T20:00,88.99,14,12288,4079,58093
2025-11-10T21:00,88.39,9,12911,4314,54436
2025-11-10T22:00,83.87,10,13939,4058,50613
2025-11-10T23:00,83.19,8,14669,4326,48114
2025-11-11T00:00,79.98,7,15103,4419,46113
2025-11-11T01:00,75.80,7,15515,4315,45332
2025-11-11T02:00,74.87,7,15925,4823,46209
2025-11-11T03:00,75.50,10,16310,5074,47885
2025-11-11T04:00,77.07,10,16282,4907,51089
2025-11-11T05:00,86.79,11,16559,5366,59201
2025-11-11T06:00,105.21,180,15676,5531,64378
2025-11-11T07:00,113.80,2299,15147,5340,66612
2025-11-11T08:00,103.12,6828,14411,5194,66597
2025-11-11T09:00,91.47,11803,13221,4553,66305
2025-11-11T10:00,87.92,14955,12815,3954,66163
2025-11-11T11:00,86.66,15748,11757,3704,65043
2025-11-11T12:00,89.93,14170,10144,3784,64343
2025-11-11T13:00,101.24,10005,9033,3579,63207
2025-11-11T14:00,124.28,4528,7994,3516,63019
2025-11-11T15:00,143.07,580,8774,4124,64186
2025-11-11T16:00,143.26,101,9883,4463,66976
2025-11-11T17:00,115.00,40,11148,4828,67095
2025-11-11T18:00,105.03,14,12992,4911,65642
2025-11-11T19:00,98.18,18,14099,5296,62395
2025-11-11T20:00,96.38,9,14588,5445,58359
2025-11-11T21:00,92.06,8,14895,5644,54619
2025-11-11T22:00,75.50,8,15500,5757,50861
2025-11-11T23:00,74.98,9,15984,5731,47913
2025-11-12T00:00,68.32,9,15887,5607,46261
2025-11-12T01:00,64.41,7,15928,5055,45184
2025-11-12T02:00,62.40,8,16498,4156,45666
2025-11-12T03:00,62.30,8,17463,4658,47540
2025-11-12T04:00,69.30,9,18273,4229,51493
2025-11-12T05:00,77.00,15,20172,4378,59494
2025-11-12T06:00,107.26,327,21431,4310,65155
2025-11-12T07:00,100.72,4197,21360,4247,67652
2025-11-12T08:00,78.11,10674,20778,4606,68294
2025-11-12T09:00,71.53,16358,18559,4592,67199
2025-11-12T10:00,60.00,20500,16072,4965,66830
2025-11-12T11:00,59.14,21070,14646,5103,65939
2025-11-12T12:00,73.77,17827,14038,5553,64796
2025-11-12T13:00,80.43,11062,14174,5632,63210
2025-11-12T14:00,104.97,4160,17079,5888,63554
2025-11-12T15:00,113.63,383,21774,5546,65580
2025-11-12T16:00,115.40,60,25562,5346,68564
2025-11-12T17:00,104.87,44,27971,6611,68585
2025-11-12T18:00,88.93,28,28839,6281,66898
2025-11-12T19:00,80.95,11,29525,6194,63316
2025-11-12T20:00,76.91,10,29649,5861,59450
2025-11-12T21:00,75.55,10,28162,6136,55594
2025-11-12T22:00,56.93,9,28750,5616,51743
2025-11-12T23:00,32.92,8,29456,5543,48599
2025-11-13T00:00,18.97,8,29203,5278,47524
2025-11-13T01:00,11.19,8,29149,5073,46885
2025-11-13T02:00,7.78,8,28607,5196,47352
2025-11-13T03:00,6.00,9,29018,5312,48816
2025-11-13T04:00,25.97,10,29551,5274,52232
2025-11-13T05:00,50.89,12,32510,4574,60052
2025-11-13T06:00,76.85,329,33290,4280,65469
2025-11-13T07:00,66.08,4253,32449,4581,67305
2025-11-13T08:00,53.61,11224,31446,4704,67717
2025-11-13T09:00,50.32,17575,30450,5381,68663
2025-11-13T10:00,42.96,20858,29168,5062,68299
2025-11-13T11:00,48.09,20371,27278,4520,67505
2025-11-13T12:00,60.57,16484,25516,4290,66167
2025-11-13T13:00,77.34,10078,24075,4385,65314
2025-11-13T14:00,101.66,3892,23559,4830,65084
2025-11-13T15:00,111.51,357,24729,4303,67082
2025-11-13T16:00,130.10,30,24856,3436,69235
2025-11-13T17:00,131.80,33,24475,2575,69112
2025-11-13T18:00,129.89,18,22020,1847,66596
2025-11-13T19:00,111.85,13,19639,1752,63210
2025-11-13T20:00,116.61,13,16523,1854,59547
2025-11-13T21:00,110.59,11,13034,1789,55533
2025-11-13T22:00,102.77,11,11083,1504,51245
2025-11-13T23:00,98.44,10,9456,1206,47630
2025-11-14T00:00,95.80,9,8416,986,45254
2025-11-14T01:00,94.93,11,7718,1075,44517
2025-11-14T02:00,91.53,12,7700,1509,44872
2025-11-14T03:00,92.13,11,7760,1486,45986
2025-11-14T04:00,91.60,11,8342,1253,49504
2025-11-14T05:00,112.78,27,9120,1352,57571
2025-11-14T06:00,138.35,411,10608,1929,62853
2025-11-14T07:00,136.39,3077,12609,2447,64963
2025-11-14T08:00,120.90,6638,13291,2793,65053
2025-11-14T09:00,112.03,9391,12704,2946,65387
2025-11-14T10:00,106.04,10624,12330,2880,65513
2025-11-14T11:00,101.23,9864,12035,3123,64927
2025-11-14T12:00,105.42,7850,11925,3735,63414
2025-11-14T13:00,107.06,4892,11881,4467,62418
2025-11-14T14:00,115.39,2055,12335,4615,62707
2025-11-14T15:00,115.97,224,11810,4478,64170
2025-11-14T16:00,131.57,51,11703,3950,66425
2025-11-14T17:00,119.81,37,11802,4548,65869
2025-11-14T18:00,106.49,21,12284,4352,63215
2025-11-14T19:00,98.92,10,12366,4531,59272
2025-11-14T20:00,93.16,7,13329,5348,56264
2025-11-14T21:00,97.02,8,14396,5868,53226
2025-11-14T22:00,78.65,6,15225,5793,49955
2025-11-14T23:00,77.38,5,15095,5332,47094
2025-11-15T00:00,77.95,5,15008,5156,45314
2025-11-15T01:00,74.72,5,16272,4750,43871
2025-11-15T02:00,73.03,8,17500,4444,42831
2025-11-15T03:00,72.20,8,19385,4501,43648
2025-11-15T04:00,70.62,7,20291,4715,44544
2025-11-15T05:00,68.16,7,21168,4609,47529
2025-11-15T06:00,77.06,75,21801,4930,49926
2025-11-15T07:00,80.07,1554,22002,5229,52578
2025-11-15T08:00,85.24,4702,21981,5078,55117
2025-11-15T09:00,85.61,8065,21534,4987,56738
2025-11-15T10:00,85.42,10220,21061,4951,57614
2025-11-15T11:00,84.19,10096,20517,5214,56342
2025-11-15T12:00,90.67,8165,18841,5806,55073
2025-11-15T13:00,94.65,5275,16876,5779,54530
2025-11-15T14:00,101.19,2124,15824,5909,54695
2025-11-15T15:00,109.79,194,15554,5674,56139
2025-11-15T16:00,121.80,48,16409,5699,58370
2025-11-15T17:00,121.52,32,17380,5897,58470
2025-11-15T18:00,114.07,14,17464,5727,55912
2025-11-15T19:00,109.13,8,16754,5587,53119
2025-11-15T20:00,102.89,11,14643,5110,50188
2025-11-15T21:00,101.72,7,12456,5103,48083
2025-11-15T22:00,97.87,6,10561,4380,45230
2025-11-15T23:00,93.75,9,9505,4015,42838
2025-11-16T00:00,95.00,8,8701,3715,40624
2025-11-16T01:00,93.35,7,8142,3629,39714
2025-11-16T02:00,91.45,6,7242,3485,39200
2025-11-16T03:00,88.22,6,7139,3281,39263
2025-11-16T04:00,91.13,6,7241,3689,39815
2025-11-16T05:00,85.67,8,7632,3993,40776
2025-11-16T06:00,92.49,172,7711,3714,43136
2025-11-16T07:00,98.49,2687,7493,3061,46127
2025-11-16T08:00,101.19,6995,6587,2279,48687
2025-11-16T09:00,99.28,10289,4879,1583,50688
2025-11-16T10:00,102.57,11732,4038,1042,52720
2025-11-16T11:00,102.47,11194,4065,750,52692
2025-11-16T12:00,104.00,8068,4319,1118,51423
2025-11-16T13:00,109.27,4402,4284,1091,50696
2025-11-16T14:00,116.72,1535,4461,1413,51101
2025-11-16T15:00,124.50,130,5010,2273,53080
2025-11-16T16:00,129.37,52,5590,2948,55868
2025-11-16T17:00,125.21,56,6144,3561,56071
2025-11-16T18:00,115.33,31,7278,4000,54484
2025-11-16T19:00,102.72,10,8382,4791,52898
2025-11-16T20:00,91.41,8,9229,5465,51204
2025-11-16T21:00,94.39,8,9681,5647,49985
2025-11-16T22:00,86.53,6,9813,6454,47694
2025-11-16T23:00,88.29,7,10229,6656,45190
2025-11-17T00:00,80.56,8,10596,6430,43225
2025-11-17T01:00,74.09,7,11315,6654,43217
2025-11-17T02:00,71.32,6,12709,7153,44746
2025-11-17T03:00,74.10,8,13032,6885,46530
2025-11-17T04:00,83.60,8,12728,6689,50042
2025-11-17T05:00,89.59,17,12416,6324,59202
2025-11-17T06:00,114.87,42,12554,6195,64950
2025-11-17T07:00,126.99,1086,12044,5681,67889
2025-11-17T08:00,121.69,3871,11494,5859,68538
2025-11-17T09:00,105.22,6803,11714,5868,69016
2025-11-17T10:00,84.39,9560,13259,6175,69826
2025-11-17T11:00,77.81,10174,15187,6487,69695
2025-11-17T12:00,77.79,8947,17565,6443,69098
2025-11-17T13:00,87.04,6137,18719,5905,68188
2025-11-17T14:00,97.52,2450,17183,5949,68436
2025-11-17T15:00,107.32,233,16570,6462,69707
2025-11-17T16:00,117.36,40,16560,7044,72202
2025-11-17T17:00,116.49,37,16864,6727,70265
2025-11-17T18:00,110.70,36,17265,6496,68680
2025-11-17T19:00,102.89,12,18524,6331,66027
2025-11-17T20:00,92.70,10,19502,6509,63027
2025-11-17T21:00,89.71,9,18442,6003,58404
2025-11-17T22:00,81.14,7,19121,5952,54450
2025-11-17T23:00,84.88,7,20342,6256,51713
2025-11-18T00:00,82.83,6,20837,5833,50519
2025-11-18T01:00,79.04,6,20957,5977,50127
2025-11-18T02:00,77.72,7,21532,5952,50560
2025-11-18T03:00,80.51,6,21813,6147,52094
2025-11-18T04:00,83.47,6,21198,6434,56474
2025-11-18T05:00,91.05,7,21236,6617,64243
2025-11-18T06:00,104.74,192,20900,6139,70234
2025-11-18T07:00,119.84,2983,20671,5852,72634
2025-11-18T08:00,107.45,7890,19315,4870,71164
2025-11-18T09:00,92.13,12319,18356,4278,70823
2025-11-18T10:00,88.80,14908,18742,3482,70196
2025-11-18T11:00,89.20,15398,18671,2659,68953
2025-11-18T12:00,90.60,13540,18949,2456,68359
2025-11-18T13:00,96.58,9064,18382,2593,67632
2025-11-18T14:00,120.60,3725,18153,2356,68080
2025-11-18T15:00,141.91,322,18981,2193,69555
2025-11-18T16:00,151.66,61,20138,1907,71834
2025-11-18T17:00,143.80,35,21701,1679,71255
2025-11-18T18:00,131.15,15,21757,1309,69282
2025-11-18T19:00,107.13,12,22056,1046,65851
2025-11-18T20:00,94.64,11,21978,788,62036
2025-11-18T21:00,97.48,10,20861,647,57755
2025-11-18T22:00,89.96,8,20658,935,54166
2025-11-18T23:00,87.38,7,20203,1277,52276
2025-11-19T00:00,86.23,8,19818,1198,49846
2025-11-19T01:00,84.17,8,19100,1602,49316
2025-11-19T02:00,83.19,7,18372,1495,49296
2025-11-19T03:00,84.39,7,17374,1362,50167
2025-11-19T04:00,87.00,7,16932,1252,53802
2025-11-19T05:00,99.03,10,17459,1532,61556
2025-11-19T06:00,127.03,150,16979,2038,67485
2025-11-19T07:00,136.67,3174,16625,2252,69558
2025-11-19T08:00,115.16,9037,15618,2572,70108
2025-11-19T09:00,97.52,13544,14678,2856,69812
2025-11-19T10:00,91.62,14675,13933,3133,70283
2025-11-19T11:00,89.59,13326,13458,3360,69051
2025-11-19T12:00,93.60,10183,13377,3717,68460
2025-11-19T13:00,104.62,5602,13369,3883,67507
2025-11-19T14:00,113.05,1934,13370,4402,67997
2025-11-19T15:00,117.81,155,14225,4955,69479
2025-11-19T16:00,127.57,42,14833,4874,71286
2025-11-19T17:00,119.19,21,15163,5835,71392
2025-11-19T18:00,119.05,17,14569,5610,69320
2025-11-19T19:00,105.69,21,14160,5862,65818
2025-11-19T20:00,100.23,11,13603,5748,62445
2025-11-19T21:00,99.17,9,13160,4933,58648
2025-11-19T22:00,91.89,9,13621,4462,54706
2025-11-19T23:00,90.63,8,14052,3846,50588
2025-11-20T00:00,88.09,8,14390,3795,49144
2025-11-20T01:00,87.03,9,14620,3481,48815
2025-11-20T02:00,86.80,9,14772,3280,49058
2025-11-20T03:00,87.13,10,15485,2809,49835
2025-11-20T04:00,90.50,10,16041,2455,53361
2025-11-20T05:00,103.68,12,16157,2321,61301
2025-11-20T06:00,144.41,37,15472,2188,66901
2025-11-20T07:00,155.72,1043,14588,1830,69478
2025-11-20T08:00,153.66,3820,13433,1434,69544
2025-11-20T09:00,141.27,6654,12673,1310,70335
2025-11-20T10:00,129.30,8733,12224,1386,70550
2025-11-20T11:00,125.05,9433,11960,1258,70102
2025-11-20T12:00,126.10,8445,11736,1171,69227
2025-11-20T13:00,134.20,5934,11440,1270,68645
2025-11-20T14:00,149.69,2381,10500,1561,68899
2025-11-20T15:00,175.83,185,10521,2076,70611
2025-11-20T16:00,175.47,30,10402,2235,72889
2025-11-20T17:00,163.25,17,9380,2382,72022
2025-11-20T18:00,156.02,15,8589,2436,70168
2025-11-20T19:00,137.10,8,7966,2319,67163
2025-11-20T20:00,120.75,8,7275,2760,64082
2025-11-20T21:00,108.24,6,6459,2426,60106
2025-11-20T22:00,93.76,5,6004,2460,56798
2025-11-20T23:00,101.55,5,5712,2115,54230
2025-11-21T00:00,94.14,6,5517,1933,52682
2025-11-21T01:00,90.28,6,5096,1813,51783
2025-11-21T02:00,90.19,7,4844,2134,51701
2025-11-21T03:00,93.63,7,4942,2108,53080
2025-11-21T04:00,101.87,6,4979,2753,56203
2025-11-21T05:00,133.53,6,5325,2601,63177
2025-11-21T06:00,180.42,45,5743,3639,68609
2025-11-21T07:00,205.38,1981,5214,3351,71018
2025-11-21T08:00,181.83,7713,4321,2586,70592
2025-11-21T09:00,151.02,14472,3402,1620,70251
2025-11-21T10:00,137.72,18571,2894,1554,69338
2025-11-21T11:00,130.34,19094,2971,1427,68041
2025-11-21T12:00,135.58,16265,3145,1232,66003
2025-11-21T13:00,153.75,10460,2921,1259,64538
2025-11-21T14:00,196.84,3540,3052,1343,64985
2025-11-21T15:00,251.87,258,4177,1294,66588
2025-11-21T16:00,250.01,80,5688,1426,68527
2025-11-21T17:00,205.09,33,6512,1194,67592
2025-11-21T18:00,171.37,27,7097,1343,65626
2025-11-21T19:00,141.95,19,7402,1480,62355
2025-11-21T20:00,117.31,11,7689,1492,59183
2025-11-21T21:00,104.90,17,8270,1797,56666
2025-11-21T22:00,95.03,11,8696,2369,53562
2025-11-21T23:00,102.25,9,9321,2651,51464
2025-11-22T00:00,94.60,8,10073,3442,49896
2025-11-22T01:00,88.44,9,10870,4003,49740
2025-11-22T02:00,85.28,7,10853,4323,49050
2025-11-22T03:00,86.10,8,10744,4867,49193
2025-11-22T04:00,85.28,8,10862,5187,49555
2025-11-22T05:00,90.52,10,11016,5521,51267
2025-11-22T06:00,106.75,73,11467,5724,53815
2025-11-22T07:00,104.21,2783,11985,5859,56960
2025-11-22T08:00,89.12,10002,11317,6059,59219
2025-11-22T09:00,82.01,17894,10510,6319,61119
2025-11-22T10:00,78.58,22831,9542,6432,60563
2025-11-22T11:00,76.28,23587,9225,6561,60009
2025-11-22T12:00,75.37,20073,9267,6630,58455
2025-11-22T13:00,81.65,12933,9504,6411,57043
2025-11-22T14:00,88.97,4503,10859,5994,57588
2025-11-22T15:00,105.00,285,14477,5443,60060
2025-11-22T16:00,114.46,51,17197,5342,62865
2025-11-22T17:00,109.25,39,19079,5298,63240
2025-11-22T18:00,98.33,19,20778,5230,62191
2025-11-22T19:00,86.61,9,21431,5099,59361
2025-11-22T20:00,89.25,20,21243,4999,56788
2025-11-22T21:00,89.43,34,19932,5002,55162
2025-11-22T22:00,82.23,13,19792,4866,52644
2025-11-22T23:00,81.53,16,19354,4424,49249
2025-11-23T00:00,74.35,10,18679,3899,47772
2025-11-23T01:00,70.44,12,18532,4285,46760
2025-11-23T02:00,63.23,8,18499,4732,46401
2025-11-23T03:00,60.89,9,18830,4897,46542
2025-11-23T04:00,64.21,9,19428,4454,46562
2025-11-23T05:00,62.03,10,20615,4844,47566
2025-11-23T06:00,67.98,71,20883,4929,49907
2025-11-23T07:00,67.83,2846,20792,5667,53127
2025-11-23T08:00,65.96,9214,19387,5825,55146
2025-11-23T09:00,65.99,15890,18528,5595,57371
2025-11-23T10:00,66.69,20134,17461,5838,58751
2025-11-23T11:00,67.86,20926,17778,5731,58177
2025-11-23T12:00,65.46,17118,19399,6097,56558
2025-11-23T13:00,69.43,9431,21847,6485,55792
2025-11-23T14:00,77.29,2360,25715,7171,57818
2025-11-23T15:00,77.89,80,29790,6774,60893
2025-11-23T16:00,80.84,31,32498,6636,64308
2025-11-23T17:00,82.54,23,32416,6067,65478
2025-11-23T18:00,83.80,20,30801,6138,63313
2025-11-23T19:00,77.41,12,29600,5973,60503
2025-11-23T20:00,74.16,11,27754,5967,57962
2025-11-23T21:00,75.17,8,24900,6017,56355
2025-11-23T22:00,71.26,7,23074,5677,53346
2025-11-23T23:00,72.46,7,21622,5871,51184
2025-11-24T00:00,70.06,7,20048,5822,49515
2025-11-24T01:00,72.26,7,18889,6083,48938
2025-11-24T02:00,73.28,7,18276,6150,48912
2025-11-24T03:00,73.76,6,18419,6079,50729
2025-11-24T04:00,80.07,6,18782,5647,54636
2025-11-24T05:00,90.31,6,19153,5274,63165
2025-11-24T06:00,104.39,14,19004,3982,68935
2025-11-24T07:00,107.79,403,17930,3197,71387
2025-11-24T08:00,110.26,1829,17028,3542,72198
2025-11-24T09:00,117.45,3690,15601,3466,72482
2025-11-24T10:00,128.04,5109,13524,3354,72990
2025-11-24T11:00,134.24,5470,12122,2989,71985
2025-11-24T12:00,149.99,4783,10706,2791,70429
2025-11-24T13:00,173.54,3076,10011,2436,69259
2025-11-24T14:00,195.81,1089,9977,2173,69172
2025-11-24T15:00,225.78,74,10359,2369,70242
2025-11-24T16:00,263.48,26,10390,2297,71424
2025-11-24T17:00,230.59,22,10231,2333,70658
2025-11-24T18:00,188.30,13,9992,2105,68676
2025-11-24T19:00,151.19,7,9324,1815,65036
2025-11-24T20:00,135.24,5,8686,1726,61487
2025-11-24T21:00,123.04,5,7512,1835,57737
2025-11-24T22:00,105.41,7,6450,2175,53798
2025-11-24T23:00,100.90,6,5882,2057,50857
2025-11-25T00:00,99.15,6,5240,2093,49132
2025-11-25T01:00,97.59,6,4175,2232,48276
2025-11-25T02:00,96.10,6,3384,2830,48658
2025-11-25T03:00,99.51,6,2727,3202,49976
2025-11-25T04:00,106.73,6,2057,3341,53646
2025-11-25T05:00,122.41,7,1724,3269,61094
2025-11-25T06:00,291.02,19,1602,3535,67095
2025-11-25T07:00,333.28,710,1412,3742,69802
2025-11-25T08:00,292.65,2890,1080,3918,70148
2025-11-25T09:00,273.09,5258,862,3866,70024
2025-11-25T10:00,326.63,6832,818,3540,69998
2025-11-25T11:00,351.00,6780,783,3254,69111
2025-11-25T12:00,317.65,5403,743,3100,68792
2025-11-25T13:00,300.00,3080,941,3165,68162
2025-11-25T14:00,310.00,923,1639,2918,68045
2025-11-25T15:00,325.08,79,2554,2879,69016
2025-11-25T16:00,373.31,43,3381,2873,70530
2025-11-25T17:00,297.91,18,3802,2692,69865
2025-11-25T18:00,249.37,11,3829,2386,67864
2025-11-25T19:00,172.83,9,3853,2069,64024
2025-11-25T20:00,135.02,8,4004,1602,60589
2025-11-25T21:00,119.16,7,4218,1040,57263
2025-11-25T22:00,102.04,6,4468,770,53522
2025-11-25T23:00,92.85,7,4959,701,50660
2025-11-26T00:00,89.95,7,5372,453,49123
2025-11-26T01:00,88.33,7,5457,394,48425
2025-11-26T02:00,89.44,7,5616,403,48342
2025-11-26T03:00,89.80,7,6056,618,50131
2025-11-26T04:00,97.25,7,6234,689,53616
2025-11-26T05:00,129.82,10,6167,690,61155
2025-11-26T06:00,191.17,36,6046,675,67037
2025-11-26T07:00,237.22,615,6000,592,70122
2025-11-26T08:00,211.85,2688,5539,451,70500
2025-11-26T09:00,197.14,5233,4777,264,70682
2025-11-26T10:00,170.50,6702,4068,308,70978
2025-11-26T11:00,164.68,6531,3701,388,70881
2025-11-26T12:00,168.24,5259,3817,603,70494
2025-11-26T13:00,184.49,3209,3964,799,69884
2025-11-26T14:00,223.72,1051,4514,843,69797
2025-11-26T15:00,294.38,104,5302,762,70663
2025-11-26T16:00,294.61,87,5538,696,72054
2025-11-26T17:00,228.93,29,5453,872,71139
2025-11-26T18:00,183.67,14,5615,1154,69109
2025-11-26T19:00,141.26,20,6203,1472,65456
2025-11-26T20:00,114.95,10,6538,1921,62205
2025-11-26T21:00,101.99,8,7068,3033,59071
2025-11-26T22:00,90.19,7,7538,4171,55306
2025-11-26T23:00,89.95,7,8849,5186,51934
2025-11-27T00:00,84.27,7,10079,5543,50114
2025-11-27T01:00,79.95,7,11306,5735,49243
2025-11-27T02:00,77.34,6,12588,5781,49526
2025-11-27T03:00,79.95,6,14449,5785,51291
2025-11-27T04:00,82.08,6,16681,5208,55751
2025-11-27T05:00,112.22,7,19229,5457,63895
2025-11-27T06:00,122.00,18,20386,5248,69889
2025-11-27T07:00,123.10,1083,21665,5077,73017
2025-11-27T08:00,106.95,4702,22119,4980,73190
2025-11-27T09:00,90.95,8938,22572,4819,73152
2025-11-27T10:00,88.66,11069,23868,5335,73011
2025-11-27T11:00,87.06,10385,24979,5155,72488
2025-11-27T12:00,85.76,8325,25796,5898,72666
2025-11-27T13:00,89.25,5095,26713,6255,71915
2025-11-27T14:00,90.60,1759,27967,6321,72285
2025-11-27T15:00,90.43,105,29329,6157,73542
2025-11-27T16:00,97.51,33,30160,6308,75635
2025-11-27T17:00,101.39,24,30526,6515,74650
2025-11-27T18:00,88.27,15,30282,6857,72591
2025-11-27T19:00,85.40,12,29847,6885,68890
2025-11-27T20:00,80.63,11,29575,6540,65233
2025-11-27T21:00,85.10,9,28027,6232,61713
2025-11-27T22:00,69.46,7,27739,5950,57830
2025-11-27T23:00,60.84,7,27498,5475,54832
2025-11-28T00:00,55.00,7,26756,5151,53011
2025-11-28T01:00,52.93,7,26059,5381,51847
2025-11-28T02:00,47.88,7,25585,5451,52208
2025-11-28T03:00,58.38,7,25022,5417,53012
2025-11-28T04:00,61.04,8,24567,5612,55892
2025-11-28T05:00,82.86,8,25093,6627,63990
2025-11-28T06:00,87.82,46,23890,6858,70003
2025-11-28T07:00,100.48,1263,23184,6741,72388
2025-11-28T08:00,103.40,4250,22196,6512,72143
2025-11-28T09:00,97.85,7456,20986,6679,72081
2025-11-28T10:00,102.82,9054,19522,6771,71927
2025-11-28T11:00,98.71,8836,18292,6839,70704
2025-11-28T12:00,99.45,7166,17295,6752,68458
2025-11-28T13:00,98.79,4203,16075,6450,67838
2025-11-28T14:00,104.67,1256,15602,5772,67799
2025-11-28T15:00,103.40,79,16605,5785,68987
2025-11-28T16:00,96.16,58,18573,5852,69864
2025-11-28T17:00,98.13,26,20331,5751,68647
2025-11-28T18:00,93.32,17,21508,5421,66761
2025-11-28T19:00,88.46,10,21977,5418,63868
2025-11-28T20:00,85.41,9,22259,5470,60742
2025-11-28T21:00,85.54,8,21103,5317,57704
2025-11-28T22:00,77.83,7,20459,5012,53772
2025-11-28T23:00,81.73,7,19298,5055,50057
2025-11-29T00:00,80.90,6,17921,5267,47513
2025-11-29T01:00,81.34,6,16189,5320,46290
2025-11-29T02:00,82.56,6,14611,5533,45554
2025-11-29T03:00,85.70,6,13302,5299,45735
2025-11-29T04:00,90.00,8,12140,5308,46336
2025-11-29T05:00,90.89,7,12141,5255,48369
2025-11-29T06:00,96.18,17,12270,5217,51357
2025-11-29T07:00,89.15,601,12280,5812,54873
2025-11-29T08:00,101.58,2955,11806,5880,57333
2025-11-29T09:00,101.44,5931,11518,5857,58795
2025-11-29T10:00,95.26,7986,11369,5688,59044
2025-11-29T11:00,86.10,8421,10630,5757,58243
2025-11-29T12:00,87.96,7187,10337,5606,56872
2025-11-29T13:00,91.73,4523,10790,5268,56089
2025-11-29T14:00,102.72,1516,11710,5122,56397
2025-11-29T15:00,102.65,83,14073,5259,58499
2025-11-29T16:00,107.09,34,16634,5682,60276
2025-11-29T17:00,98.13,20,18356,5805,60378
2025-11-29T18:00,88.43,15,19550,5821,58457
2025-11-29T19:00,81.11,11,20540,5784,55834
2025-11-29T20:00,80.80,9,20705,5778,53755
2025-11-29T21:00,83.49,9,19967,6181,52140
2025-11-29T22:00,77.73,7,20461,6396,49029
2025-11-29T23:00,75.97,7,20951,6093,46343
2025-11-30T00:00,69.78,6,21066,6057,44356
2025-11-30T01:00,67.44,7,20996,6116,44053
2025-11-30T02:00,65.36,7,20447,6200,43900
2025-11-30T03:00,67.00,7,19909,6251,43766
2025-11-30T04:00,74.29,6,19436,6437,44297
2025-11-30T05:00,75.58,8,19180,6562,45306
2025-11-30T06:00,75.98,32,18830,6374,46854
2025-11-30T07:00,79.84,1226,18907,6255,50365
2025-11-30T08:00,80.65,4377,17786,6404,53134
2025-11-30T09:00,84.42,7357,16548,6416,54633
2025-11-30T10:00,81.54,8868,15461,5600,56857
2025-11-30T11:00,80.70,8478,14925,4843,56948
2025-11-30T12:00,82.52,6440,14755,4245,55339
2025-11-30T13:00,87.55,3443,15415,4169,54731
2025-11-30T14:00,93.58,1041,17115,4424,54780
2025-11-30T15:00,92.81,54,19353,4394,56385
2025-11-30T16:00,104.05,24,20934,4809,59137
2025-11-30T17:00,106.21,17,21634,4831,60055
2025-11-30T18:00,104.13,17,21356,5024,58741
2025-11-30T19:00,97.52,8,21072,5351,56434
2025-11-30T20:00,92.93,8,20433,5459,55054
2025-11-30T21:00,92.60,7,18578,5844,53399
2025-11-30T22:00,87.13,7,17961,5785,50914
2025-11-30T23:00,88.00,6,17858,5869,48891
2025-12-01T00:00,86.02,6,17697,5783,47822
2025-12-01T01:00,81.34,6,16802,6240,46834
2025-12-01T02:00,85.14,6,16476,6416,47429
2025-12-01T03:00,80.26,6,16421,6482,49638
2025-12-01T04:00,88.75,6,16341,6436,53093
2025-12-01T05:00,88.63,7,16410,6733,61916
2025-12-01T06:00,127.86,26,17235,6538,68387
2025-12-01T07:00,139.33,1508,18012,6304,70352
2025-12-01T08:00,105.10,6786,16473,6147,70639
2025-12-01T09:00,93.73,12629,15396,5984,69740
2025-12-01T10:00,85.96,16256,14998,5947,69369
2025-12-01T11:00,85.02,15914,15738,5759,68969
2025-12-01T12:00,90.07,12956,16474,4426,68328
2025-12-01T13:00,107.22,7764,17359,4379,68368
2025-12-01T14:00,120.32,2313,19652,4546,69126
2025-12-01T15:00,112.97,99,23994,4938,71097
2025-12-01T16:00,94.41,28,27695,4746,73636
2025-12-01T17:00,88.99,21,30380,4632,73262
2025-12-01T18:00,86.77,14,31881,4779,71585
2025-12-01T19:00,82.30,11,32343,4623,68465
2025-12-01T20:00,75.95,11,32173,5214,64421
2025-12-01T21:00,76.43,11,30338,5536,60910
2025-12-01T22:00,71.80,9,29653,5277,56997
2025-12-01T23:00,65.78,8,28607,5634,53934
2025-12-02T00:00,58.82,8,27865,5831,52019
2025-12-02T01:00,54.93,8,27431,6034,51323
2025-12-02T02:00,53.73,8,27504,6047,51807
2025-12-02T03:00,50.47,10,27637,6135,53120
2025-12-02T04:00,64.59,8,28044,6231,56885
2025-12-02T05:00,78.51,15,28940,6292,65114
2025-12-02T06:00,87.79,48,27394,5813,71460
2025-12-02T07:00,87.65,1377,25641,5583,73852
2025-12-02T08:00,88.28,5427,22895,6390,73391
2025-12-02T09:00,85.83,9443,20214,6528,73118
2025-12-02T10:00,86.72,12042,17361,6553,72737
2025-12-02T11:00,87.45,12304,14470,6335,71849
2025-12-02T12:00,97.04,10115,12204,6149,71308
2025-12-02T13:00,105.01,6006,11065,5730,70576
2025-12-02T14:00,140.37,1657,10977,5351,70374
2025-12-02T15:00,136.34,69,11830,4871,72001
2025-12-02T16:00,151.64,30,12213,4614,73714
2025-12-02T17:00,162.14,18,12027,4031,72679
2025-12-02T18:00,163.20,11,11241,3518,70573
2025-12-02T19:00,154.89,10,10215,3082,67263
2025-12-02T20:00,129.35,8,8899,2651,63107
2025-12-02T21:00,119.22,7,7599,2250,59719
2025-12-02T22:00,99.14,5,6940,1602,55880
2025-12-02T23:00,90.84,5,6477,1177,52458
2025-12-03T00:00,89.07,5,6062,1076,50528
2025-12-03T01:00,90.26,5,5409,1035,49664
2025-12-03T02:00,89.88,5,4869,1269,50101
2025-12-03T03:00,90.02,6,4229,1493,51408
2025-12-03T04:00,98.98,6,3983,1267,54743
2025-12-03T05:00,150.95,9,3895,1057,62397
2025-12-03T06:00,200.00,19,3796,1034,68236
2025-12-03T07:00,250.00,748,3673,1119,70575
2025-12-03T08:00,219.89,3086,3351,1005,70794
2025-12-03T09:00,187.18,5286,2789,1013,71275
2025-12-03T10:00,173.37,6764,2106,974,71363
2025-12-03T11:00,167.73,7111,1656,945,71146
2025-12-03T12:00,181.41,5879,1386,1041,70700
2025-12-03T13:00,199.94,3730,1351,979,69989
2025-12-03T14:00,242.56,1190,1778,873,70165
2025-12-03T15:00,308.35,101,2529,944,71403
2025-12-03T16:00,259.60,64,3358,1064,72761
2025-12-03T17:00,204.12,19,3869,1212,72000
2025-12-03T18:00,172.63,17,4145,1364,70013
2025-12-03T19:00,146.24,7,4249,1537,66534
2025-12-03T20:00,124.82,7,4265,1449,62709
2025-12-03T21:00,113.41,5,4468,1523,59099
2025-12-03T22:00,104.14,5,4461,1716,55050
2025-12-03T23:00,97.38,5,4292,1618,52638
2025-12-04T00:00,93.88,5,3975,1397,50834
2025-12-04T01:00,90.83,5,3836,1190,49703
2025-12-04T02:00,90.36,5,3954,1152,50298
2025-12-04T03:00,92.33,5,4107,1254,51813
2025-12-04T04:00,96.76,5,4246,1301,55501
2025-12-04T05:00,124.87,6,4604,1386,63076
2025-12-04T06:00,128.41,12,5018,1559,68539
2025-12-04T07:00,144.70,554,5529,1816,71277
2025-12-04T08:00,163.98,2664,5659,1834,71621
2025-12-04T09:00,138.41,5201,5244,1786,71914
2025-12-04T10:00,148.09,6795,4542,1846,71881
2025-12-04T11:00,141.96,7166,3871,1807,71506
2025-12-04T12:00,145.18,6255,3805,1710,70405
2025-12-04T13:00,152.07,3857,4310,1688,69843
2025-12-04T14:00,150.99,1080,5739,2065,69610
2025-12-04T15:00,145.20,43,7791,2364,70977
2025-12-04T16:00,144.70,22,9204,2737,72832
2025-12-04T17:00,142.33,32,9716,3112,72564
2025-12-04T18:00,134.99,9,9289,3654,71012
2025-12-04T19:00,118.60,7,8796,3683,67315
2025-12-04T20:00,103.35,7,8080,3474,63759
2025-12-04T21:00,109.04,6,6859,3034,60299
2025-12-04T22:00,98.26,6,6136,2521,56364
2025-12-04T23:00,95.74,5,5076,2163,53297
2025-12-05T00:00,93.86,5,4141,2084,51502
2025-12-05T01:00,90.92,5,3492,1554,50511
2025-12-05T02:00,90.57,5,3095,1287,50602
2025-12-05T03:00,94.03,5,2700,1175,51797
2025-12-05T04:00,100.87,5,2325,1064,54907
2025-12-05T05:00,123.99,6,2016,1049,61961
2025-12-05T06:00,162.42,11,1772,999,67856
2025-12-05T07:00,184.43,315,1572,971,70721
2025-12-05T08:00,184.14,1777,1327,1089,70764
2025-12-05T09:00,171.35,3796,911,1115,70946
2025-12-05T10:00,167.52,5270,692,934,70756
2025-12-05T11:00,161.56,5462,668,706,69571
2025-12-05T12:00,157.45,4569,747,644,68042
2025-12-05T13:00,161.18,2911,883,668,67182
2025-12-05T14:00,162.35,912,1207,771,67417
2025-12-05T15:00,169.50,43,1891,910,68876
2025-12-05T16:00,158.31,27,2967,1349,69746
2025-12-05T17:00,147.25,19,4265,1650,68537
2025-12-05T18:00,131.54,12,5703,2068,66401
2025-12-05T19:00,115.15,8,7164,2618,63061
2025-12-05T20:00,97.55,7,8815,3305,60252
2025-12-05T21:00,93.08,5,10153,3837,57159
2025-12-05T22:00,84.12,5,11601,4196,53236
2025-12-05T23:00,82.08,7,13309,4967,49871
2025-12-06T00:00,76.97,5,15015,5824,48116
2025-12-06T01:00,73.63,6,16667,6393,46957
2025-12-06T02:00,70.01,7,19014,6529,46052
2025-12-06T03:00,67.43,8,21256,6563,46744
2025-12-06T04:00,64.97,10,23454,6720,47542
2025-12-06T05:00,64.59,10,25881,6734,49389
2025-12-06T06:00,67.87,17,26857,6589,52296
2025-12-06T07:00,78.61,572,26776,6797,56075
2025-12-06T08:00,80.94,2648,26022,6899,58679
2025-12-06T09:00,82.30,4907,24668,6960,60164
2025-12-06T10:00,80.61,6399,23245,6785,61037
2025-12-06T11:00,80.62,6635,22519,6519,60180
2025-12-06T12:00,81.33,5321,21713,6570,59517
2025-12-06T13:00,86.17,3221,21148,6526,58867
2025-12-06T14:00,91.02,895,21884,6467,59355
2025-12-06T15:00,95.59,51,23023,6756,61360
2025-12-06T16:00,95.12,30,24178,7035,62848
2025-12-06T17:00,89.18,20,24890,7278,62411
2025-12-06T18:00,89.66,14,25137,7285,60564
2025-12-06T19:00,83.39,11,25508,6967,56932
2025-12-06T20:00,80.61,10,25730,6521,53738
2025-12-06T21:00,76.50,10,24937,6345,51905
2025-12-06T22:00,71.57,9,24901,5827,48581
2025-12-06T23:00,67.32,8,24907,5036,45040
2025-12-07T00:00,61.00,8,24927,4558,42970
2025-12-07T01:00,59.42,9,24649,4154,41824
2025-12-07T02:00,58.56,8,24151,3764,41408
2025-12-07T03:00,62.08,8,23052,3289,41686
2025-12-07T04:00,62.00,8,22003,3443,41683
2025-12-07T05:00,63.72,8,21333,3395,42458
2025-12-07T06:00,71.84,13,20057,3239,44774
2025-12-07T07:00,78.00,442,18994,3645,48502
2025-12-07T08:00,85.56,2339,17586,4202,51220
2025-12-07T09:00,90.53,4837,15449,4242,52379
2025-12-07T10:00,91.92,6275,14272,4391,54250
2025-12-07T11:00,97.44,6396,12878,4100,54360
2025-12-07T12:00,99.57,5189,11375,3789,52390
2025-12-07T13:00,104.15,2969,10345,4258,51220
2025-12-07T14:00,105.74,766,11536,3722,51802
2025-12-07T15:00,109.61,34,13382,3278,53967
2025-12-07T16:00,111.82,37,15655,3396,56407
2025-12-07T17:00,96.88,28,18698,4639,57130
2025-12-07T18:00,87.46,14,22608,5933,56354
2025-12-07T19:00,83.76,11,26886,6524,54695
2025-12-07T20:00,73.72,9,30543,6544,53270
2025-12-07T21:00,65.60,9,31840,6703,51728
2025-12-07T22:00,41.74,9,32838,6871,49026
2025-12-07T23:00,19.27,9,33689,6727,46748
2025-12-08T00:00,11.09,8,34881,6852,45369
2025-12-08T01:00,11.66,9,35221,7075,44906
2025-12-08T02:00,5.59,9,35417,6844,45395
2025-12-08T03:00,12.89,9,34487,6599,47042
2025-12-08T04:00,28.66,9,33174,5997,51155
2025-12-08T05:00,64.32,9,33412,5412,59405
2025-12-08T06:00,82.84,43,32424,5434,65890
2025-12-08T07:00,100.00,732,31617,5517,68556
2025-12-08T08:00,98.34,4187,29260,5409,68454
2025-12-08T09:00,86.04,7965,28129,5295,69314
2025-12-08T10:00,79.99,9314,27110,5609,70001
2025-12-08T11:00,79.35,8524,26496,5713,69738
2025-12-08T12:00,86.85,5966,25596,6193,69772
2025-12-08T13:00,94.08,3224,23952,6869,68895
2025-12-08T14:00,100.15,923,24631,7373,69198
2025-12-08T15:00,101.07,46,26403,7491,70789
2025-12-08T16:00,109.85,25,27549,7545,72159
2025-12-08T17:00,100.26,18,28420,7328,71637
2025-12-08T18:00,96.64,13,28331,7186,69291
2025-12-08T19:00,89.35,11,27274,6788,65473
2025-12-08T20:00,83.52,8,25707,6720,61576
2025-12-08T21:00,80.21,8,23661,6080,57469
2025-12-08T22:00,73.25,9,23129,5708,53602
2025-12-08T23:00,73.70,8,21914,5717,49901
2025-12-09T00:00,72.79,8,19848,5826,48207
2025-12-09T01:00,73.71,7,17997,5134,46769
2025-12-09T02:00,74.85,6,17505,5039,47073
2025-12-09T03:00,73.72,7,16832,4698,48694
2025-12-09T04:00,80.21,6,16009,4685,52377
2025-12-09T05:00,98.85,9,16503,4935,60842
2025-12-09T06:00,105.79,17,16593,4713,67196
2025-12-09T07:00,129.75,963,16302,4880,69890
2025-12-09T08:00,111.34,4552,16190,5964,68996
2025-12-09T09:00,103.06,8657,15517,6023,68450
2025-12-09T10:00,103.34,11565,14743,6237,68044
2025-12-09T11:00,97.83,12341,14296,6240,67153
2025-12-09T12:00,101.10,10914,12866,6097,65779
2025-12-09T13:00,100.22,7010,12170,6347,65605
2025-12-09T14:00,110.88,2234,13066,6074,65763
2025-12-09T15:00,108.30,127,15436,5704,67346
2025-12-09T16:00,104.57,41,18514,6285,69437
2025-12-09T17:00,96.91,24,21225,6495,68980
2025-12-09T18:00,85.10,13,23074,5869,67471
2025-12-09T19:00,83.67,9,24974,6399,63839
2025-12-09T20:00,79.35,8,26877,6402,60930
2025-12-09T21:00,73.33,7,26883,5973,56340
2025-12-09T22:00,55.42,6,27768,6678,53328
2025-12-09T23:00,43.90,6,28050,6171,50213
2025-12-10T00:00,36.48,6,27959,6491,47990
2025-12-10T01:00,31.00,7,28030,6583,47485
2025-12-10T02:00,35.11,7,27456,6406,47776
2025-12-10T03:00,48.09,8,27349,6338,49669
2025-12-10T04:00,69.65,8,26635,6199,53430
2025-12-10T05:00,79.12,11,26162,6481,61494
2025-12-10T06:00,87.51,14,24083,6676,67542
2025-12-10T07:00,94.33,946,22041,6899,69486
2025-12-10T08:00,94.23,3979,19948,7174,69323
2025-12-10T09:00,87.73,6753,18556,7228,69304
2025-12-10T10:00,81.00,8202,17464,6875,69856
2025-12-10T11:00,79.50,8175,16857,6796,69612
2025-12-10T12:00,81.44,6613,16458,6886,68764
2025-12-10T13:00,90.22,3834,16293,6540,68404
2025-12-10T14:00,100.67,1048,17283,6241,69153
2025-12-10T15:00,104.00,48,19413,6174,70821
2025-12-10T16:00,105.67,27,21951,6180,72047
2025-12-10T17:00,104.70,16,24184,6393,71498
2025-12-10T18:00,96.77,11,26244,6167,69823
2025-12-10T19:00,87.75,8,27046,6107,66287
2025-12-10T20:00,86.31,7,26488,6177,62596
2025-12-10T21:00,82.49,5,24335,6757,58962
2025-12-10T22:00,76.43,6,24263,6779,55022
2025-12-10T23:00,73.98,6,24507,5905,51654
2025-12-11T00:00,73.42,6,24583,5852,49592
2025-12-11T01:00,72.52,6,24502,6052,48695
2025-12-11T02:00,75.21,6,23861,6127,48883
2025-12-11T03:00,76.91,6,22244,6491,50211
2025-12-11T04:00,80.59,6,21423,6540,53863
2025-12-11T05:00,90.09,7,21515,6363,62181
2025-12-11T06:00,98.11,13,20656,6061,68378
2025-12-11T07:00,110.36,600,20271,6377,70779
2025-12-11T08:00,106.17,3741,19464,7300,70713
2025-12-11T09:00,93.18,7599,18602,7794,71081
2025-12-11T10:00,91.92,10117,18194,7333,70668
2025-12-11T11:00,89.40,10766,17775,7336,70624
2025-12-11T12:00,90.22,9447,17099,7492,70023
2025-12-11T13:00,97.79,5888,15773,7616,68913
2025-12-11T14:00,111.27,1736,14471,7460,68657
2025-12-11T15:00,114.70,63,15737,7378,70901
2025-12-11T16:00,115.41,21,17205,6976,72785
2025-12-11T17:00,112.57,15,18031,6791,72157
2025-12-11T18:00,107.79,10,17992,6816,70334
2025-12-11T19:00,103.64,6,17280,6211,66223
2025-12-11T20:00,94.39,6,15781,5438,62664
2025-12-11T21:00,93.59,6,13983,5493,59602
2025-12-11T22:00,93.74,6,12421,4347,55336
2025-12-11T23:00,83.78,6,10947,3487,52052
2025-12-12T00:00,86.22,6,10144,3150,49621
2025-12-12T01:00,87.90,6,9162,2797,48203
2025-12-12T02:00,90.18,8,7566,2655,47727
2025-12-12T03:00,90.71,7,6630,2312,48539
2025-12-12T04:00,92.21,7,6377,2360,52205
2025-12-12T05:00,101.23,16,6431,2264,59400
2025-12-12T06:00,121.32,17,7175,2053,65072
2025-12-12T07:00,130.85,635,7703,2401,67993
2025-12-12T08:00,126.90,3354,7460,2425,67552
2025-12-12T09:00,121.96,7013,6949,2040,67277
2025-12-12T10:00,118.30,9629,5866,1645,66847
2025-12-12T11:00,113.07,10225,4522,1273,65717
2025-12-12T12:00,118.26,8424,3540,1199,64787
2025-12-12T13:00,126.82,4885,3073,1252,63398
2025-12-12T14:00,131.95,1464,3363,1364,63396
2025-12-12T15:00,145.49,100,4041,1395,64972
2025-12-12T16:00,146.83,60,4953,1700,66669
2025-12-12T17:00,133.10,40,5076,1948,65682
2025-12-12T18:00,128.06,18,4995,1748,63925
2025-12-12T19:00,117.00,8,4807,1673,60490
2025-12-12T20:00,114.93,7,4786,2057,57571
2025-12-12T21:00,103.82,6,4849,2983,55524
2025-12-12T22:00,91.75,6,5016,3397,51796
2025-12-12T23:00,92.28,5,5452,2955,48467
2025-12-13T00:00,90.50,5,5894,3331,46168
2025-12-13T01:00,87.39,6,6415,3644,44883
2025-12-13T02:00,87.04,6,7563,3919,45230
2025-12-13T03:00,85.00,6,8197,3563,45758
2025-12-13T04:00,84.67,6,9184,3453,46642
2025-12-13T05:00,79.14,7,10598,3673,48643
2025-12-13T06:00,81.14,11,11984,3231,51146
2025-12-13T07:00,95.95,257,12223,2479,54534
2025-12-13T08:00,106.77,1661,11849,2013,57419
2025-12-13T09:00,102.59,3422,11025,2110,59216
2025-12-13T10:00,98.09,4572,10844,2365,60487
2025-12-13T11:00,93.76,4798,10149,2953,60973
2025-12-13T12:00,92.94,4091,9136,3278,59739
2025-12-13T13:00,95.76,2517,8126,3905,58759
2025-12-13T14:00,114.66,719,7988,4044,58717
2025-12-13T15:00,119.71,50,8611,3927,60443
2025-12-13T16:00,118.45,28,9253,4007,61552
2025-12-13T17:00,112.26,20,9613,4471,61302
2025-12-13T18:00,103.63,11,9892,4954,59566
2025-12-13T19:00,91.71,6,9944,5492,56795
2025-12-13T20:00,90.56,6,10373,5924,54322
2025-12-13T21:00,93.69,5,10396,6810,52755
2025-12-13T22:00,84.39,5,10165,6464,49755
2025-12-13T23:00,91.20,6,9777,7375,46362
2025-12-14T00:00,90.52,6,9701,7748,44399
2025-12-14T01:00,81.90,6,10266,7672,43568
2025-12-14T02:00,79.95,6,11113,7233,43212
2025-12-14T03:00,77.31,6,12137,6775,43735
2025-12-14T04:00,78.76,6,12999,7069,44357
2025-12-14T05:00,77.18,7,14757,6832,45172
2025-12-14T06:00,77.47,11,15759,6542,47779
2025-12-14T07:00,81.76,317,16736,6339,51017
2025-12-14T08:00,82.35,2168,17538,6222,54910
2025-12-14T09:00,80.01,4797,17470,5990,57303
2025-12-14T10:00,84.08,6878,17058,5915,59576
2025-12-14T11:00,87.27,7339,16760,5856,59421
2025-12-14T12:00,86.96,6087,15777,5978,57597
2025-12-14T13:00,88.65,3539,15139,6247,56998
2025-12-14T14:00,92.10,979,15743,6510,57055
2025-12-14T15:00,99.28,47,17293,6490,59042
2025-12-14T16:00,102.79,28,18067,6930,61299
2025-12-14T17:00,103.29,22,17815,7201,61115
2025-12-14T18:00,92.99,12,17959,7513,60227
2025-12-14T19:00,90.40,13,18119,7355,58126
2025-12-14T20:00,84.40,7,18380,7574,56249
2025-12-14T21:00,82.65,6,17652,7464,54243
2025-12-14T22:00,75.75,6,17788,7332,51054
2025-12-14T23:00,72.50,6,17401,6766,48337
2025-12-15T00:00,71.88,6,17819,6657,47088
2025-12-15T01:00,71.04,6,18011,6543,45923
2025-12-15T02:00,70.67,7,18828,6407,45856
2025-12-15T03:00,75.28,7,19216,6165,47632
2025-12-15T04:00,76.80,7,19305,6665,52412
2025-12-15T05:00,86.53,8,19991,6546,60426
2025-12-15T06:00,98.79,18,20352,5986,66931
2025-12-15T07:00,101.13,643,20048,6210,70805
2025-12-15T08:00,96.65,4359,19076,6087,70695
2025-12-15T09:00,89.62,9648,16816,6126,69845
2025-12-15T10:00,79.72,13812,14323,6132,69125
2025-12-15T11:00,79.77,14945,12540,5392,68496
2025-12-15T12:00,88.26,12273,11508,4906,66990
2025-12-15T13:00,95.44,6993,11398,4972,66097
2025-12-15T14:00,107.30,1830,13128,5196,67095
2025-12-15T15:00,108.66,73,16884,5353,69179
2025-12-15T16:00,104.21,27,19738,5775,71343
2025-12-15T17:00,98.16,20,21713,6032,71022
2025-12-15T18:00,90.42,11,23030,4665,68915
2025-12-15T19:00,84.25,9,23975,4351,65146
2025-12-15T20:00,85.17,7,23319,4384,61836
2025-12-15T21:00,84.98,6,21219,4533,57716
2025-12-15T22:00,80.46,6,20099,4247,53329
2025-12-15T23:00,80.67,5,19440,4075,49907
2025-12-16T00:00,79.05,6,19127,3659,48058
2025-12-16T01:00,77.10,6,19082,3515,47678
2025-12-16T02:00,79.05,6,18474,3143,47655
2025-12-16T03:00,80.39,6,17741,2401,48681
2025-12-16T04:00,82.31,6,16899,2276,52438
2025-12-16T05:00,88.40,8,17003,2151,60271
2025-12-16T06:00,91.39,17,16837,2434,66312
2025-12-16T07:00,100.47,559,16209,2171,69261
2025-12-16T08:00,101.27,4103,14211,2133,69223
2025-12-16T09:00,92.34,9152,11568,2169,68439
2025-12-16T10:00,90.61,12625,8736,2422,68303
2025-12-16T11:00,91.51,13031,6235,2376,67980
2025-12-16T12:00,99.88,9942,5192,2445,67134
2025-12-16T13:00,124.40,5363,5195,2376,66020
2025-12-16T14:00,139.38,1410,7057,2134,66276
2025-12-16T15:00,155.31,56,9416,1703,67503
2025-12-16T16:00,162.20,31,10265,1695,69051
2025-12-16T17:00,142.25,27,10492,2358,68717
2025-12-16T18:00,137.10,14,9911,2664,67255
2025-12-16T19:00,128.85,10,8875,2854,63998
2025-12-16T20:00,118.94,7,7889,2753,60736
2025-12-16T21:00,115.58,6,6970,2557,57568
2025-12-16T22:00,103.42,6,7053,1829,53794
2025-12-16T23:00,89.00,5,7405,1581,50507
2025-12-17T00:00,89.79,5,7838,1439,48717
2025-12-17T01:00,86.49,5,8153,1326,47898
2025-12-17T02:00,85.03,5,8397,999,47715
2025-12-17T03:00,88.08,6,8634,761,48745
2025-12-17T04:00,90.50,5,8815,710,52628
2025-12-17T05:00,95.49,7,9722,685,59606
2025-12-17T06:00,108.82,16,10753,543,65406
2025-12-17T07:00,133.46,434,11744,514,68029
2025-12-17T08:00,126.30,3580,11657,483,67923
2025-12-17T09:00,124.54,8059,10344,467,67887
2025-12-17T10:00,118.15,11343,8459,494,67546
2025-12-17T11:00,111.90,12090,6646,317,66370
2025-12-17T12:00,122.66,9690,6238,231,65408
2025-12-17T13:00,129.97,5480,6486,554,64642
2025-12-17T14:00,127.50,1478,7733,1075,65257
2025-12-17T15:00,126.50,62,9928,1822,66994
2025-12-17T16:00,122.82,32,11931,2712,68912
2025-12-17T17:00,111.40,16,12655,3203,68646
2025-12-17T18:00,97.51,13,12822,3432,66279
2025-12-17T19:00,94.71,9,12779,4416,63010
2025-12-17T20:00,94.70,7,13616,5141,59435
2025-12-17T21:00,93.22,6,14239,5865,56060
2025-12-17T22:00,85.00,7,14756,6443,52201
2025-12-17T23:00,77.76,6,16268,6348,48970
2025-12-18T00:00,69.07,8,17886,6349,47046
2025-12-18T01:00,60.13,9,19490,6800,46382
2025-12-18T02:00,48.89,9,21450,6365,47091
2025-12-18T03:00,44.82,9,24364,5819,49024
2025-12-18T04:00,50.83,9,26857,5487,52675
2025-12-18T05:00,63.24,9,29502,4827,59845
2025-12-18T06:00,81.53,16,30207,4373,66091
2025-12-18T07:00,90.74,893,30446,5022,68910
2025-12-18T08:00,88.56,5440,29071,5207,68432
2025-12-18T09:00,78.28,10696,26785,5208,67515
2025-12-18T10:00,78.29,14694,24289,5652,66454
2025-12-18T11:00,77.42,15945,22030,5745,65046
2025-12-18T12:00,79.48,13793,20296,6774,63604
2025-12-18T13:00,103.76,8785,19820,6951,63194
2025-12-18T14:00,114.49,2783,21157,6696,63450
2025-12-18T15:00,110.88,129,25160,6743,65722
2025-12-18T16:00,103.42,33,29299,7573,68459
2025-12-18T17:00,88.26,21,32903,7842,68651
2025-12-18T18:00,80.14,16,35665,7418,66383
2025-12-18T19:00,67.68,13,37536,6824,63427
2025-12-18T20:00,53.25,12,37326,6778,60270
2025-12-18T21:00,51.80,11,35044,6058,57208
2025-12-18T22:00,18.65,11,35104,6325,53540
2025-12-18T23:00,9.84,11,34930,5753,50656
2025-12-19T00:00,5.86,11,35080,6258,49058
2025-12-19T01:00,4.33,10,34656,6293,48318
2025-12-19T02:00,3.51,11,33810,6391,48408
2025-12-19T03:00,4.12,10,33175,6266,49602
2025-12-19T04:00,10.78,10,32516,6026,52733
2025-12-19T05:00,40.28,10,32400,5580,58732
2025-12-19T06:00,76.71,15,30590,5886,63122
2025-12-19T07:00,89.54,663,28962,6154,66373
2025-12-19T08:00,89.38,3355,27406,5510,65854
2025-12-19T09:00,89.23,5677,25482,4883,65122
2025-12-19T10:00,87.49,6763,23121,4720,64578
2025-12-19T11:00,84.57,6270,21566,4639,64401
2025-12-19T12:00,87.63,4695,19496,4344,62620
2025-12-19T13:00,93.35,2645,17763,5165,61606
2025-12-19T14:00,97.40,706,16707,5675,62001
2025-12-19T15:00,100.33,49,15930,5989,63712
2025-12-19T16:00,106.90,66,15924,6120,64536
2025-12-19T17:00,107.48,33,16098,6165,63532
2025-12-19T18:00,105.12,16,15991,6327,61337
2025-12-19T19:00,102.91,11,15122,6213,57805
2025-12-19T20:00,98.46,9,14034,6069,54801
2025-12-19T21:00,96.28,7,12180,5735,51896
2025-12-19T22:00,90.18,7,10987,5367,48384
2025-12-19T23:00,84.81,7,9801,4160,45226
2025-12-20T00:00,83.40,6,8855,3829,43310
2025-12-20T01:00,85.00,6,7861,3528,42614
2025-12-20T02:00,87.49,7,7085,3283,41983
2025-12-20T03:00,88.46,7,6048,3107,42131
2025-12-20T04:00,89.92,7,4990,2733,42591
2025-12-20T05:00,95.98,8,4021,2358,44087
2025-12-20T06:00,104.00,14,3382,1985,47130
2025-12-20T07:00,113.21,580,3241,1927,50303
2025-12-20T08:00,114.80,3557,2980,1616,52464
2025-12-20T09:00,112.67,7134,2832,1243,53872
2025-12-20T10:00,110.99,9559,2444,1045,54971
2025-12-20T11:00,110.27,10121,2117,861,54984
2025-12-20T12:00,114.98,8562,1877,580,53963
2025-12-20T13:00,119.48,5263,2124,394,53190
2025-12-20T14:00,120.64,1654,2957,303,53499
2025-12-20T15:00,120.20,88,4137,248,55178
2025-12-20T16:00,122.39,60,5484,233,56773
2025-12-20T17:00,118.27,39,6649,431,56621
2025-12-20T18:00,104.11,21,7799,739,55130
2025-12-20T19:00,96.38,13,8632,1306,52393
2025-12-20T20:00,93.01,9,8920,1829,50112
2025-12-20T21:00,92.24,11,9119,2253,48176
2025-12-20T22:00,90.67,6,9165,2999,45862
2025-12-20T23:00,95.70,6,9193,3469,42812
2025-12-21T00:00,90.05,6,9122,3699,41108
2025-12-21T01:00,86.49,7,9215,3921,40181
2025-12-21T02:00,85.40,8,9338,4130,40192
2025-12-21T03:00,85.63,7,9553,4171,40196
2025-12-21T04:00,86.83,6,9787,4236,40777
2025-12-21T05:00,88.14,7,10259,3984,41522
2025-12-21T06:00,92.85,13,10595,3651,43812
2025-12-21T07:00,102.15,572,11503,3258,46535
2025-12-21T08:00,107.01,3654,12200,3161,49289
2025-12-21T09:00,102.58,7613,12125,3153,51442
2025-12-21T10:00,101.30,10894,11283,2970,53041
2025-12-21T11:00,98.48,12264,10530,3176,52992
2025-12-21T12:00,94.87,10866,10887,3727,51197
2025-12-21T13:00,98.89,6966,12104,4021,50178
2025-12-21T14:00,100.87,2292,14784,3731,50668
2025-12-21T15:00,97.52,107,18461,3808,52458
2025-12-21T16:00,97.07,39,21352,4046,55049
2025-12-21T17:00,90.80,20,23260,5027,55909
2025-12-21T18:00,86.14,14,24855,5520,54633
2025-12-21T19:00,81.66,11,26051,5706,52334
2025-12-21T20:00,78.86,10,26420,5805,50689
2025-12-21T21:00,77.50,7,25298,5830,48849
2025-12-21T22:00,70.91,7,24935,5692,45876
2025-12-21T23:00,70.23,9,24304,6210,44168
2025-12-22T00:00,68.83,8,23737,6461,43119
2025-12-22T01:00,67.79,9,23272,6459,42672
2025-12-22T02:00,66.31,8,23326,6613,43221
2025-12-22T03:00,71.52,8,23369,6689,44200
2025-12-22T04:00,74.11,9,23101,6888,47063
2025-12-22T05:00,78.19,10,22973,6965,51297
2025-12-22T06:00,90.45,15,22618,7016,55796
2025-12-22T07:00,93.34,235,22604,6888,59669
2025-12-22T08:00,90.79,1689,21593,7089,61272
2025-12-22T09:00,89.25,3438,20338,7088,61210
2025-12-22T10:00,85.00,4595,19457,7169,61448
2025-12-22T11:00,86.34,4798,18677,7251,61535
2025-12-22T12:00,88.62,4114,18612,7358,61359
2025-12-22T13:00,92.12,2586,19126,7111,60838
2025-12-22T14:00,99.54,892,19816,6955,60988
2025-12-22T15:00,101.18,58,20437,6854,62496
2025-12-22T16:00,107.89,47,20979,6642,63863
2025-12-22T17:00,100.90,26,21059,6418,63478
2025-12-22T18:00,93.79,14,20684,6491,61848
2025-12-22T19:00,89.48,10,20258,6420,58880
2025-12-22T20:00,84.86,8,20370,6474,56240
2025-12-22T21:00,84.82,7,19871,6588,53463
2025-12-22T22:00,77.97,7,20421,6648,49402
2025-12-22T23:00,72.23,7,21308,6694,45775
2025-12-23T00:00,65.03,8,22945,7070,44235
2025-12-23T01:00,62.01,8,23851,6997,43749
2025-12-23T02:00,59.06,9,24356,6832,43408
2025-12-23T03:00,58.11,9,25340,6753,44428
2025-12-23T04:00,59.02,9,25893,6947,46472
2025-12-23T05:00,67.85,10,27725,7046,50527
2025-12-23T06:00,78.02,23,28415,6557,55132
2025-12-23T07:00,83.88,118,28946,6716,59009
2025-12-23T08:00,85.47,953,28078,6575,61314
2025-12-23T09:00,83.84,2318,27468,6606,61493
2025-12-23T10:00,81.87,3519,27134,6803,62414
2025-12-23T11:00,80.49,3829,27534,7182,63326
2025-12-23T12:00,79.21,3304,27961,7556,62642
2025-12-23T13:00,79.22,1918,28370,7755,61966
2025-12-23T14:00,81.83,466,29514,7838,61894
2025-12-23T15:00,83.69,41,30636,7850,62818
2025-12-23T16:00,82.47,27,31548,8123,64618
2025-12-23T17:00,83.95,22,31511,8137,63802
2025-12-23T18:00,82.47,17,31445,8130,62124
2025-12-23T19:00,78.01,15,31062,8059,58722
2025-12-23T20:00,69.93,13,31001,7999,55886
2025-12-23T21:00,71.84,11,29822,7808,52938
2025-12-23T22:00,64.09,11,30027,7484,49353
2025-12-23T23:00,60.25,15,29750,6663,46189
2025-12-24T00:00,55.86,12,29087,6356,44123
2025-12-24T01:00,56.80,12,29060,5947,43068
2025-12-24T02:00,55.84,12,28548,5867,42795
2025-12-24T03:00,55.85,12,28909,5729,43122
2025-12-24T04:00,55.85,12,28784,5726,44524
2025-12-24T05:00,57.21,14,29225,5682,46201
2025-12-24T06:00,67.45,18,28650,5647,48735
2025-12-24T07:00,81.00,170,28471,5594,52184
2025-12-24T08:00,82.47,1819,28271,5738,55585
2025-12-24T09:00,76.02,4447,28860,5483,56577
2025-12-24T10:00,69.29,6781,29713,5231,57122
2025-12-24T11:00,68.51,8115,30417,4734,56784
2025-12-24T12:00,67.99,7213,30313,4849,55768
2025-12-24T13:00,73.76,4481,29452,4991,54679
2025-12-24T14:00,83.05,1276,29271,5314,54399
2025-12-24T15:00,87.90,71,30542,5833,55811
2025-12-24T16:00,89.13,45,31783,6176,57503
2025-12-24T17:00,78.91,23,32553,6376,56254
2025-12-24T18:00,71.77,17,32010,6309,53308
2025-12-24T19:00,68.16,13,31352,6083,51027
2025-12-24T20:00,67.99,12,30170,5769,49743
2025-12-24T21:00,69.01,12,27885,5189,48985
2025-12-24T22:00,65.16,15,26526,4812,46939
2025-12-24T23:00,63.22,12,25381,4602,45039
2025-12-25T00:00,58.44,14,24579,4588,42842
2025-12-25T01:00,56.86,12,24245,4362,42054
2025-12-25T02:00,55.85,12,23735,4329,41576
2025-12-25T03:00,54.53,12,23375,4269,41782
2025-12-25T04:00,52.61,11,23060,4252,42190
2025-12-25T05:00,49.17,12,23638,4451,42102
2025-12-25T06:00,54.03,19,23223,4265,43863
2025-12-25T07:00,64.21,549,22344,3911,46794
2025-12-25T08:00,64.71,4570,19560,3810,49659
2025-12-25T09:00,53.77,10870,16237,3612,51898
2025-12-25T10:00,48.98,16219,13639,3190,53714
2025-12-25T11:00,48.49,18279,12661,2700,52942
2025-12-25T12:00,47.87,16212,12298,2219,49599
2025-12-25T13:00,68.55,10407,12184,1958,48126
2025-12-25T14:00,89.41,3248,13138,2089,49029
2025-12-25T15:00,92.24,176,16295,2215,51327
2025-12-25T16:00,94.01,46,18293,2180,54004
2025-12-25T17:00,94.06,48,19047,2202,54379
2025-12-25T18:00,91.71,27,18228,2346,53304
2025-12-25T19:00,91.03,14,17084,2119,51485
2025-12-25T20:00,92.70,16,15669,1891,50084
2025-12-25T21:00,96.15,17,14188,1758,49345
2025-12-25T22:00,91.47,12,13242,1751,47322
2025-12-25T23:00,97.10,13,12440,1699,45271
2025-12-26T00:00,91.05,9,11897,1631,43740
2025-12-26T01:00,85.82,11,11513,1478,42712
2025-12-26T02:00,83.05,10,11421,1366,42070
2025-12-26T03:00,82.39,9,11435,1535,42367
2025-12-26T04:00,82.84,10,11654,1843,43265
2025-12-26T05:00,85.02,11,12084,1658,43067
2025-12-26T06:00,93.12,16,12036,1316,44547
2025-12-26T07:00,98.90,545,12057,1156,47390
2025-12-26T08:00,96.73,4579,11293,870,50291
2025-12-26T09:00,89.25,10869,10299,771,51590
2025-12-26T10:00,84.99,15766,8832,627,53428
2025-12-26T11:00,82.31,17322,6947,567,52308
2025-12-26T12:00,83.10,15097,5545,511,50032
2025-12-26T13:00,92.70,9798,5374,456,48516
2025-12-26T14:00,109.14,3175,6291,317,49179
2025-12-26T15:00,116.77,159,8391,220,50782
2025-12-26T16:00,120.47,61,9726,136,52974
2025-12-26T17:00,116.97,56,10160,180,53505
2025-12-26T18:00,116.26,43,10200,228,52548
2025-12-26T19:00,113.73,28,10267,333,51085
2025-12-26T20:00,111.50,13,10390,464,49754
2025-12-26T21:00,108.26,12,9985,536,48634
2025-12-26T22:00,99.37,9,9932,734,46501
2025-12-26T23:00,96.69,9,9801,760,44185
2025-12-27T00:00,91.73,10,9698,866,42851
2025-12-27T01:00,84.71,10,9520,1280,42211
2025-12-27T02:00,82.72,9,9504,1999,41981
2025-12-27T03:00,84.00,9,9215,2595,42436
2025-12-27T04:00,83.17,9,9582,3141,43303
2025-12-27T05:00,88.02,10,10050,3305,45188
2025-12-27T06:00,99.51,13,10715,3912,47905
2025-12-27T07:00,102.32,698,11779,5142,51364
2025-12-27T08:00,93.81,5018,11930,5274,53968
2025-12-27T09:00,80.03,10743,12644,4053,55257
2025-12-27T10:00,75.40,14823,14084,4859,56531
2025-12-27T11:00,74.54,15940,15059,6156,56767
2025-12-27T12:00,76.74,13623,16107,5952,55400
2025-12-27T13:00,81.20,8726,16284,5985,54233
2025-12-27T14:00,94.54,3008,16511,6639,54898
2025-12-27T15:00,103.01,195,16189,7414,57844
2025-12-27T16:00,105.93,56,16207,7968,60684
2025-12-27T17:00,108.43,49,16396,7687,61071
2025-12-27T18:00,105.00,16,16263,7248,59157
2025-12-27T19:00,102.59,11,15140,7004,56332
2025-12-27T20:00,93.90,9,13524,6236,53616
2025-12-27T21:00,95.42,8,12076,5095,51822
2025-12-27T22:00,91.30,7,11648,4433,49451
2025-12-27T23:00,84.34,7,11275,4598,46799
2025-12-28T00:00,83.37,8,11289,3612,44395
2025-12-28T01:00,79.96,8,11406,2417,42696
2025-12-28T02:00,78.82,8,10646,1815,42542
2025-12-28T03:00,80.45,7,9416,1586,42894
2025-12-28T04:00,83.61,8,8501,1535,43409
2025-12-28T05:00,86.48,11,7658,1484,43911
2025-12-28T06:00,92.15,18,6834,1383,45726
2025-12-28T07:00,97.36,621,6554,1183,48691
2025-12-28T08:00,96.57,5301,5632,582,50166
2025-12-28T09:00,88.21,11787,4559,538,51732
2025-12-28T10:00,88.37,16316,3817,865,52980
2025-12-28T11:00,80.02,17546,3825,973,52832
2025-12-28T12:00,80.03,15473,4108,1596,50918
2025-12-28T13:00,86.68,10138,4892,2560,50292
2025-12-28T14:00,100.87,3438,7206,2945,51753
2025-12-28T15:00,110.88,177,10256,2463,53539
2025-12-28T16:00,113.70,74,12223,2632,56740
2025-12-28T17:00,114.46,32,13739,3477,57533
2025-12-28T18:00,109.33,12,14933,4344,57128
2025-12-28T19:00,105.01,22,15183,4343,55355
2025-12-28T20:00,99.03,9,16000,4335,53831
2025-12-28T21:00,98.28,9,16692,4636,52813
2025-12-28T22:00,88.44,8,17767,5293,50660
2025-12-28T23:00,89.88,7,19021,6145,48080
2025-12-29T00:00,84.98,6,19536,6717,46729
2025-12-29T01:00,84.18,6,19470,6992,45417
2025-12-29T02:00,82.19,5,19620,6966,45212
2025-12-29T03:00,83.62,5,19151,6747,45942
2025-12-29T04:00,90.79,6,17990,6031,47152
2025-12-29T05:00,96.33,7,17024,6166,49647
2025-12-29T06:00,104.72,10,16360,5802,52807
2025-12-29T07:00,113.88,407,16152,5758,55876
2025-12-29T08:00,111.01,3416,15978,5645,57944
2025-12-29T09:00,97.65,7325,16118,5565,58657
2025-12-29T10:00,90.35,9837,16853,5806,59268
2025-12-29T11:00,87.66,10485,17903,5641,59320
2025-12-29T12:00,88.52,8998,18296,6479,58875
2025-12-29T13:00,96.10,5767,18622,7184,58636
2025-12-29T14:00,103.51,2028,18769,7505,59413
2025-12-29T15:00,108.66,124,20093,7706,61651
2025-12-29T16:00,107.01,38,21030,7748,63795
2025-12-29T17:00,103.31,29,20843,7976,63680
2025-12-29T18:00,95.15,32,20546,8132,61827
2025-12-29T19:00,90.37,11,19898,8069,58460
2025-12-29T20:00,83.25,10,19072,7864,55882
2025-12-29T21:00,87.91,11,18493,7904,53813
2025-12-29T22:00,83.34,10,19279,7792,51030
2025-12-29T23:00,77.86,11,18879,8278,47918
2025-12-30T00:00,73.22,11,18259,8026,45463
2025-12-30T01:00,71.86,11,18238,7921,44759
2025-12-30T02:00,69.36,11,18203,8058,44766
2025-12-30T03:00,68.54,10,18389,8141,45225
2025-12-30T04:00,71.99,8,18606,7982,47248
2025-12-30T05:00,80.02,7,19068,7684,50554
2025-12-30T06:00,87.97,11,18698,7377,54006
2025-12-30T07:00,94.88,301,18198,7020,57063
2025-12-30T08:00,94.39,3517,16543,6636,58569
2025-12-30T09:00,85.82,9629,14619,6267,59190
2025-12-30T10:00,79.38,15206,13365,5119,59033
2025-12-30T11:00,76.16,16771,13578,4707,58765
2025-12-30T12:00,76.76,14353,14376,4783,57200
2025-12-30T13:00,88.97,9307,14779,5492,56647
2025-12-30T14:00,102.33,3159,14603,6328,57620
2025-12-30T15:00,109.10,208,15650,6146,60092
2025-12-30T16:00,110.71,75,16795,5427,62880
2025-12-30T17:00,109.12,47,17405,5316,62958
2025-12-30T18:00,105.61,37,16781,4319,61193
2025-12-30T19:00,101.04,26,15618,4322,57905
2025-12-30T20:00,93.32,13,14777,4420,55866
2025-12-30T21:00,92.05,17,14982,4377,53883
2025-12-30T22:00,85.81,9,16344,4646,51478
2025-12-30T23:00,88.08,10,17961,5326,49578
2025-12-31T00:00,84.34,10,19483,5595,47539
2025-12-31T01:00,80.21,10,20026,6452,46523
2025-12-31T02:00,76.58,10,21245,7452,45614
2025-12-31T03:00,74.93,10,22811,7551,45503
2025-12-31T04:00,77.38,10,24126,7233,47064
2025-12-31T05:00,81.87,11,26162,5354,48494
2025-12-31T06:00,85.28,15,26606,5264,50621
2025-12-31T07:00,95.79,433,26882,5554,52746
2025-12-31T08:00,95.34,2731,27298,5747,54979
2025-12-31T09:00,89.26,5800,28436,5886,56086
2025-12-31T10:00,83.48,8400,29476,6095,56886
2025-12-31T11:00,83.05,9108,30554,6575,57255
2025-12-31T12:00,85.17,8251,30488,6807,56131
2025-12-31T13:00,85.18,5743,29446,6719,55143
2025-12-31T14:00,90.83,2194,28489,6594,55597
2025-12-31T15:00,100.71,158,28304,6416,57467
2025-12-31T16:00,110.10,70,27723,6251,59079
2025-12-31T17:00,107.53,59,27402,6101,58358
2025-12-31T18:00,95.99,18,27230,5730,55506
2025-12-31T19:00,86.80,16,28374,5311,52297
2025-12-31T20:00,79.80,12,30220,4697,50355
2025-12-31T21:00,81.39,14,30094,3611,49026
2025-12-31T22:00,76.45,13,31364,3003,47435
