date,tmax_c10,tmin_c10
1990-11-01,228,89
1990-11-02,228,144
1990-11-03,211,83
1990-11-04,83,28
1990-11-05,61,17
1990-11-06,61,-11
1990-11-07,56,-33
1990-11-08,44,-56
1990-11-09,44,11
1990-11-10,106,-17
1990-11-11,100,-44
1990-11-12,83,-17
1990-11-13,94,-28
1990-11-14,189,17
1990-11-15,211,111
1990-11-16,144,17
1990-11-17,111,-6
1990-11-18,117,28
1990-11-19,111,6
1990-11-20,144,-6
1990-11-21,189,94
1990-11-22,122,6
1990-11-23,89,17
1990-11-24,117,-6
1990-11-25,100,39
1990-11-26,194,39
1990-11-27,194,100
1990-11-28,100,-22
1990-11-29,33,-44
1990-11-30,94,-6
1990-12-01,89,6
1990-12-02,50,-39
1990-12-03,50,-39
1990-12-04,-28,-89
1990-12-05,56,-94
1990-12-06,28,-61
1990-12-07,61,-67
1990-12-08,83,-28
1990-12-09,128,-11
1990-12-10,89,-11
1990-12-11,128,0
1990-12-12,128,17
1990-12-13,28,-56
1990-12-14,22,-50
1990-12-15,72,11
1990-12-16,22,6
1990-12-17,39,11
1990-12-18,28,-11
1990-12-19,17,-33
1990-12-20,94,-11
1990-12-21,72,-22
1990-12-22,-17,-150
1990-12-23,-117,-178
1990-12-24,-89,-172
1990-12-25,-22,-183
1990-12-26,-111,-211
1990-12-27,-28,-139
1990-12-28,39,-50
1990-12-29,50,-39
1990-12-30,-39,-150
1990-12-31,-89,-172
1991-01-01,-11,-111
1991-01-02,-44,-144
1991-01-03,-89,-189
1991-01-04,-44,-161
1991-01-05,-11,-61
1991-01-06,-39,-94
1991-01-07,-17,-106
1991-01-08,-11,-67
1991-01-09,-11,-89
1991-01-10,-6,-106
1991-01-11,0,-33
1991-01-12,-17,-56
1991-01-13,0,-89
1991-01-14,33,-50
1991-01-15,28,-56
1991-01-16,22,-39
1991-01-17,-11,-67
1991-01-18,-17,-100
1991-01-19,67,-17
1991-01-20,22,-83
1991-01-21,-83,-161
1991-01-22,-33,-194
1991-01-23,0,-122
1991-01-24,-100,-167
1991-01-25,-89,-183
1991-01-26,-56,-133
1991-01-27,0,-106
1991-01-28,17,-100
1991-01-29,-39,-111
1991-01-30,-39,-144
1991-01-31,-50,-122
1991-02-01,39,-78
1991-02-02,94,-11
1991-02-03,100,11
1991-02-04,106,22
1991-02-05,100,-28
1991-02-06,28,0
1991-02-07,33,-33
1991-02-08,56,-39
1991-02-09,83,-22
1991-02-10,17,-39
1991-02-11,-22,-94
1991-02-12,22,-111
1991-02-13,33,-28
1991-02-14,-11,-106
1991-02-15,-106,-161
1991-02-16,-6,-172
1991-02-17,56,-22
1991-02-18,61,11
1991-02-19,50,-11
1991-02-20,78,-22
1991-02-21,144,11
1991-02-22,67,-44
1991-02-23,11,-67
1991-02-24,17,-61
1991-02-25,-28,-94
1991-02-26,-28,-111
1991-02-27,0,-83
1991-02-28,94,-22
1991-03-01,106,72
1991-03-02,106,-50
1991-03-03,-11,-61
1991-03-04,61,-67
1991-03-05,111,-39
1991-03-06,106,-39
1991-03-07,17,-61
1991-03-08,72,-72
1991-03-09,33,-17
1991-03-10,78,-50
1991-03-11,89,-6
1991-03-12,11,-11
1991-03-13,22,-17
1991-03-14,33,-17
1991-03-15,67,-44
1991-03-16,111,-28
1991-03-17,61,11
1991-03-18,94,22
1991-03-19,139,0
1991-03-20,161,0
1991-03-21,217,94
1991-03-22,178,78
1991-03-23,144,17
1991-03-24,122,22
1991-03-25,183,6
1991-03-26,239,111
1991-03-27,233,33
1991-03-28,111,-11
1991-03-29,28,-44
1991-03-30,56,-56
1991-03-31,122,0
1991-04-01,106,0
1991-04-02,106,-33
1991-04-03,183,28
1991-04-04,133,89
1991-04-05,244,72
1991-04-06,283,144
1991-04-07,261,156
1991-04-08,233,100
1991-04-09,100,28
1991-04-10,117,11
1991-04-11,67,0
1991-04-12,100,33
1991-04-13,100,56
1991-04-14,206,89
1991-04-15,167,67
1991-04-16,167,67
1991-04-17,128,39
1991-04-18,128,28
1991-04-19,117,50
1991-04-20,67,33
1991-04-21,122,17
1991-04-22,172,0
1991-04-23,167,33
1991-04-24,178,33
1991-04-25,189,50
1991-04-26,211,83
1991-04-27,217,144
1991-04-28,233,117
1991-04-29,228,122
1991-04-30,189,100
1991-05-01,156,67
1991-05-02,206,44
1991-05-03,133,44
1991-05-04,150,72
1991-05-05,194,56
1991-05-06,89,56
1991-05-07,178,56
1991-05-08,172,89
1991-05-09,244,83
1991-05-10,256,106
1991-05-11,294,133
1991-05-12,289,172
1991-05-13,317,178
1991-05-14,306,156
1991-05-15,306,139
1991-05-16,300,172
1991-05-17,228,83
1991-05-18,122,72
1991-05-19,161,83
1991-05-20,233,83
1991-05-21,289,122
1991-05-22,289,194
1991-05-23,278,189
1991-05-24,294,200
1991-05-25,250,128
1991-05-26,278,206
1991-05-27,311,189
1991-05-28,328,206
1991-05-29,306,217
1991-05-30,311,189
1991-05-31,317,194
1991-06-01,300,167
1991-06-02,283,156
1991-06-03,250,156
1991-06-04,206,106
1991-06-05,217,106
1991-06-06,233,100
1991-06-07,267,106
1991-06-08,278,117
1991-06-09,300,133
1991-06-10,300,183
1991-06-11,278,167
1991-06-12,283,156
1991-06-13,317,156
1991-06-14,339,206
1991-06-15,306,194
1991-06-16,267,144
1991-06-17,278,128
1991-06-18,294,139
1991-06-19,306,139
1991-06-20,344,167
1991-06-21,339,172
1991-06-22,194,156
1991-06-23,244,156
1991-06-24,272,139
1991-06-25,300,139
1991-06-26,333,172
1991-06-27,339,200
1991-06-28,317,211
1991-06-29,356,217
1991-06-30,272,194
1991-07-01,361,194
1991-07-02,356,200
1991-07-03,328,194
1991-07-04,289,172
1991-07-05,317,172
1991-07-06,356,194
1991-07-07,344,194
1991-07-08,256,172
1991-07-09,272,150
1991-07-10,289,139
1991-07-11,300,189
1991-07-12,311,206
1991-07-13,256,178
1991-07-14,261,156
1991-07-15,306,122
1991-07-16,328,167
1991-07-17,317,200
1991-07-18,356,211
1991-07-19,372,222
1991-07-20,356,233
1991-07-21,322,239
1991-07-22,383,233
1991-07-23,294,178
1991-07-24,283,150
1991-07-25,250,144
1991-07-26,256,117
1991-07-27,250,128
1991-07-28,289,167
1991-07-29,261,156
1991-07-30,261,133
1991-07-31,333,150
1991-08-01,350,172
1991-08-02,383,194
1991-08-03,267,167
1991-08-04,244,161
1991-08-05,239,167
1991-08-06,250,189
1991-08-07,267,183
1991-08-08,222,167
1991-08-09,261,144
1991-08-10,278,139
1991-08-11,283,122
1991-08-12,278,122
1991-08-13,278,150
1991-08-14,300,139
1991-08-15,311,189
1991-08-16,317,167
1991-08-17,283,194
1991-08-18,300,172
1991-08-19,211,156
1991-08-20,244,133
1991-08-21,294,117
1991-08-22,317,172
1991-08-23,272,161
1991-08-24,306,189
1991-08-25,350,189
1991-08-26,339,183
1991-08-27,333,211
1991-08-28,350,217
1991-08-29,333,228
1991-08-30,306,217
1991-08-31,256,189
1991-09-01,233,156
1991-09-02,283,167
1991-09-03,300,194
1991-09-04,250,133
1991-09-05,267,117
1991-09-06,294,122
1991-09-07,322,161
1991-09-08,311,194
1991-09-09,344,211
1991-09-10,261,189
1991-09-11,217,178
1991-09-12,267,167
1991-09-13,278,183
1991-09-14,322,194
1991-09-15,328,200
1991-09-16,250,144
1991-09-17,250,106
1991-09-18,206,56
1991-09-19,133,44
1991-09-20,156,22
1991-09-21,200,39
1991-09-22,183,83
1991-09-23,189,56
1991-09-24,139,44
1991-09-25,194,50
1991-09-26,156,44
1991-09-27,144,11
1991-09-28,178,22
1991-09-29,194,39
1991-09-30,278,111
1991-10-01,228,78
1991-10-02,267,150
1991-10-03,222,122
1991-10-04,161,100
1991-10-05,139,33
1991-10-06,117,17
1991-10-07,139,6
1991-10-08,239,89
1991-10-09,228,106
1991-10-10,183,56
1991-10-11,189,83
1991-10-12,139,33
1991-10-13,156,11
1991-10-14,144,39
1991-10-15,94,0
1991-10-16,167,-22
1991-10-17,233,94
1991-10-18,128,11
1991-10-19,83,-17
1991-10-20,122,-17
1991-10-21,194,17
1991-10-22,244,100
1991-10-23,250,128
1991-10-24,233,172
1991-10-25,194,94
1991-10-26,122,83
1991-10-27,117,83
1991-10-28,144,111
1991-10-29,211,128
1991-10-30,128,28
1991-10-31,122,50
1991-11-01,139,-11
1991-11-02,0,-78
1991-11-03,-44,-106
1991-11-04,-39,-117
1991-11-05,33,-83
1991-11-06,22,-72
1991-11-07,-28,-106
1991-11-08,0,-117
1991-11-09,28,-100
1991-11-10,72,-67
1991-11-11,33,0
1991-11-12,28,6
1991-11-13,133,17
1991-11-14,139,44
1991-11-15,139,39
1991-11-16,83,17
1991-11-17,94,11
1991-11-18,194,67
1991-11-19,211,67
1991-11-20,83,-6
1991-11-21,122,-28
1991-11-22,117,11
1991-11-23,78,-44
1991-11-24,-22,-72
1991-11-25,-44,-106
1991-11-26,28,-133
1991-11-27,61,11
1991-11-28,33,0
1991-11-29,156,33
1991-11-30,161,-39
1991-12-01,-6,-50
1991-12-02,11,-28
1991-12-03,-11,-106
1991-12-04,-106,-161
1991-12-05,6,-144
1991-12-06,50,-144
1991-12-07,94,39
1991-12-08,156,22
1991-12-09,50,-11
1991-12-10,94,-22
1991-12-11,94,-11
1991-12-12,156,33
1991-12-13,67,-11
1991-12-14,22,-72
1991-12-15,-11,-139
1991-12-16,17,-144
1991-12-17,28,-72
1991-12-18,-56,-139
1991-12-19,-6,-144
1991-12-20,17,-11
1991-12-21,17,-33
1991-12-22,22,-17
1991-12-23,33,-50
1991-12-24,56,-83
1991-12-25,56,-83
1991-12-26,72,-39
1991-12-27,28,11
1991-12-28,28,0
1991-12-29,17,-11
1991-12-30,28,-11
1991-12-31,11,-6
1992-01-01,22,-6
1992-01-02,61,22
1992-01-03,50,22
1992-01-04,33,0
1992-01-05,22,11
1992-01-06,28,0
1992-01-07,28,0
1992-01-08,67,17
1992-01-09,67,0
1992-01-10,17,-39
1992-01-11,72,-39
1992-01-12,44,11
1992-01-13,33,-39
1992-01-14,-39,-94
1992-01-15,-67,-233
1992-01-16,-28,-244
1992-01-17,0,-128
1992-01-18,-117,-183
1992-01-19,6,-206
1992-01-20,6,-94
1992-01-21,44,-39
1992-01-22,50,-11
1992-01-23,39,-83
1992-01-24,-50,-100
1992-01-25,-17,-61
1992-01-26,-11,-133
1992-01-27,6,-33
1992-01-28,6,-28
1992-01-29,6,-28
1992-01-30,28,-11
1992-01-31,22,-28
1992-02-01,17,-39
1992-02-02,106,-44
1992-02-03,150,-28
1992-02-04,44,-6
1992-02-05,50,-44
1992-02-06,50,-17
1992-02-07,11,-72
1992-02-08,-39,-117
1992-02-09,-17,-144
1992-02-10,22,-44
1992-02-11,11,-78
1992-02-12,-11,-83
1992-02-13,11,-28
1992-02-14,11,-6
1992-02-15,28,6
1992-02-16,22,0
1992-02-17,44,22
1992-02-18,78,17
1992-02-19,50,11
1992-02-20,89,0
1992-02-21,28,-39
1992-02-22,100,11
1992-02-23,56,-6
1992-02-24,44,6
1992-02-25,17,0
1992-02-26,39,-22
1992-02-27,83,-6
1992-02-28,89,-6
1992-02-29,33,-56
1992-03-01,217,33
1992-03-02,144,0
1992-03-03,44,22
1992-03-04,178,17
1992-03-05,172,61
1992-03-06,167,83
1992-03-07,106,67
1992-03-08,172,61
1992-03-09,172,-50
1992-03-10,-44,-94
1992-03-11,-17,-117
1992-03-12,-17,-94
1992-03-13,11,-78
1992-03-14,17,-44
1992-03-15,22,-56
1992-03-16,83,-72
1992-03-17,67,0
1992-03-18,22,-17
1992-03-19,50,-22
1992-03-20,44,-17
1992-03-21,22,-44
1992-03-22,11,-67
1992-03-23,72,-83
1992-03-24,144,-39
1992-03-25,111,6
1992-03-26,106,0
1992-03-27,50,-28
1992-03-28,83,-39
1992-03-29,61,22
1992-03-30,94,0
1992-03-31,106,-6
1992-04-01,39,-22
1992-04-02,33,-39
1992-04-03,111,-44
1992-04-04,72,-33
1992-04-05,111,-39
1992-04-06,189,6
1992-04-07,189,33
1992-04-08,172,28
1992-04-09,139,39
1992-04-10,206,78
1992-04-11,144,44
1992-04-12,50,6
1992-04-13,61,11
1992-04-14,78,28
1992-04-15,139,28
1992-04-16,189,39
1992-04-17,67,39
1992-04-18,167,39
1992-04-19,217,161
1992-04-20,217,128
1992-04-21,128,50
1992-04-22,94,28
1992-04-23,133,50
1992-04-24,89,44
1992-04-25,83,33
1992-04-26,117,33
1992-04-27,83,-6
1992-04-28,150,-22
1992-04-29,206,89
1992-04-30,161,33
1992-05-01,311,50
1992-05-02,244,100
1992-05-03,150,33
1992-05-04,122,28
1992-05-05,111,0
1992-05-06,150,-11
1992-05-07,217,11
1992-05-08,222,44
1992-05-09,222,72
1992-05-10,283,78
1992-05-11,289,161
1992-05-12,250,167
1992-05-13,172,78
1992-05-14,178,67
1992-05-15,250,56
1992-05-16,311,144
1992-05-17,278,111
1992-05-18,150,72
1992-05-19,239,50
1992-05-20,289,106
1992-05-21,300,133
1992-05-22,283,172
1992-05-23,206,44
1992-05-24,78,11
1992-05-25,106,0
1992-05-26,117,17
1992-05-27,172,6
1992-05-28,206,6
1992-05-29,222,39
1992-05-30,194,78
1992-05-31,250,67
1992-06-01,228,72
1992-06-02,250,78
1992-06-03,267,100
1992-06-04,222,156
1992-06-05,261,133
1992-06-06,283,100
1992-06-07,256,133
1992-06-08,239,89
1992-06-09,239,117
1992-06-10,261,94
1992-06-11,283,106
1992-06-12,300,106
1992-06-13,328,128
1992-06-14,328,167
1992-06-15,267,172
1992-06-16,311,178
1992-06-17,294,183
1992-06-18,283,172
1992-06-19,194,106
1992-06-20,139,61
1992-06-21,161,33
1992-06-22,183,50
1992-06-23,233,139
1992-06-24,239,106
1992-06-25,267,83
1992-06-26,228,100
1992-06-27,206,83
1992-06-28,278,67
1992-06-29,311,122
1992-06-30,250,139
1992-07-01,328,144
1992-07-02,317,189
1992-07-03,233,150
1992-07-04,289,139
1992-07-05,250,150
1992-07-06,261,106
1992-07-07,256,144
1992-07-08,322,206
1992-07-09,272,194
1992-07-10,294,189
1992-07-11,294,161
1992-07-12,272,183
1992-07-13,256,161
1992-07-14,211,156
1992-07-15,250,156
1992-07-16,239,161
1992-07-17,289,183
1992-07-18,250,139
1992-07-19,294,144
1992-07-20,244,150
1992-07-21,194,133
1992-07-22,217,144
1992-07-23,178,156
1992-07-24,233,156
1992-07-25,239,161
1992-07-26,283,178
1992-07-27,272,150
1992-07-28,289,150
1992-07-29,228,156
1992-07-30,183,144
1992-07-31,239,144
1992-08-01,256,144
1992-08-02,261,144
1992-08-03,244,133
1992-08-04,222,117
1992-08-05,228,117
1992-08-06,272,128
1992-08-07,256,156
1992-08-08,294,194
1992-08-09,339,194
1992-08-10,328,200
1992-08-11,272,144
1992-08-12,194,133
1992-08-13,206,122
1992-08-14,194,133
1992-08-15,217,111
1992-08-16,233,100
1992-08-17,250,94
1992-08-18,239,139
1992-08-19,233,106
1992-08-20,244,94
1992-08-21,272,94
1992-08-22,283,106
1992-08-23,294,189
1992-08-24,311,206
1992-08-25,317,206
1992-08-26,222,156
1992-08-27,172,128
1992-08-28,206,106
1992-08-29,267,106
1992-08-30,228,144
1992-08-31,239,111
1992-09-01,244,100
1992-09-02,233,189
1992-09-03,261,133
1992-09-04,261,100
1992-09-05,278,144
1992-09-06,289,194
1992-09-07,289,172
1992-09-08,217,139
1992-09-09,194,144
1992-09-10,200,111
1992-09-11,200,83
1992-09-12,244,89
1992-09-13,267,133
1992-09-14,278,172
1992-09-15,294,200
1992-09-16,289,211
1992-09-17,250,189
1992-09-18,233,94
1992-09-19,183,56
1992-09-20,206,89
1992-09-21,211,133
1992-09-22,167,50
1992-09-23,150,44
1992-09-24,189,50
1992-09-25,233,78
1992-09-26,211,133
1992-09-27,206,100
1992-09-28,150,50
1992-09-29,167,22
1992-09-30,194,39
1992-10-01,233,50
1992-10-02,256,89
1992-10-03,278,106
1992-10-04,189,106
1992-10-05,172,56
1992-10-06,211,22
1992-10-07,211,67
1992-10-08,211,83
1992-10-09,122,67
1992-10-10,150,61
1992-10-11,161,56
1992-10-12,178,67
1992-10-13,139,22
1992-10-14,183,89
1992-10-15,106,94
1992-10-16,100,-17
1992-10-17,94,-22
1992-10-18,72,-39
1992-10-19,78,-61
1992-10-20,150,6
1992-10-21,122,44
1992-10-22,228,56
1992-10-23,244,144
1992-10-24,156,44
1992-10-25,167,17
1992-10-26,150,28
1992-10-27,150,0
1992-10-28,178,17
1992-10-29,89,56
1992-10-30,78,56
1992-10-31,100,22
1992-11-01,89,56
1992-11-02,139,33
1992-11-03,56,6
1992-11-04,33,6
1992-11-05,22,-11
1992-11-06,28,-6
1992-11-07,33,-17
1992-11-08,78,-6
1992-11-09,111,67
1992-11-10,106,89
1992-11-11,106,33
1992-11-12,83,-6
1992-11-13,22,-44
1992-11-14,17,-67
1992-11-15,22,-61
1992-11-16,78,-33
1992-11-17,61,0
1992-11-18,50,17
1992-11-19,56,39
1992-11-20,172,44
1992-11-21,139,39
1992-11-22,61,39
1992-11-23,39,28
1992-11-24,56,28
1992-11-25,78,39
1992-11-26,67,-22
1992-11-27,28,-56
1992-11-28,22,-56
1992-11-29,67,-33
1992-11-30,28,-11
1992-12-01,11,-11
1992-12-02,22,-22
1992-12-03,6,-50
1992-12-04,6,-83
1992-12-05,-39,-100
1992-12-06,-17,-78
1992-12-07,-11,-50
1992-12-08,-22,-44
1992-12-09,0,-56
1992-12-10,11,-11
1992-12-11,33,-33
1992-12-12,39,-56
1992-12-13,22,-33
1992-12-14,0,-33
1992-12-15,133,-6
1992-12-16,56,-6
1992-12-17,6,-28
1992-12-18,11,-44
1992-12-19,39,-50
1992-12-20,-28,-106
1992-12-21,22,-83
1992-12-22,61,-56
1992-12-23,11,-139
1992-12-24,-56,-194
1992-12-25,-39,-122
1992-12-26,-50,-144
1992-12-27,44,-72
1992-12-28,67,11
1992-12-29,67,39
1992-12-30,106,39
1992-12-31,39,-111
1993-01-01,-56,-133
1993-01-02,17,-89
1993-01-03,78,17
1993-01-04,83,-6
1993-01-05,-6,-50
1993-01-06,-39,-83
1993-01-07,-28,-83
1993-01-08,-22,-100
1993-01-09,-22,-61
1993-01-10,-28,-61
1993-01-11,-17,-50
1993-01-12,17,-39
1993-01-13,11,-72
1993-01-14,-33,-89
1993-01-15,-44,-117
1993-01-16,6,-117
1993-01-17,-6,-133
1993-01-18,-11,-139
1993-01-19,-6,-150
1993-01-20,22,-89
1993-01-21,33,6
1993-01-22,39,-22
1993-01-23,72,-22
1993-01-24,22,-61
1993-01-25,-6,-83
1993-01-26,50,-67
1993-01-27,28,-39
1993-01-28,39,-72
1993-01-29,-56,-128
1993-01-30,17,-94
1993-01-31,78,-6
1993-02-01,33,-61
1993-02-02,33,-78
1993-02-03,78,-44
1993-02-04,111,-44
1993-02-05,94,-50
1993-02-06,0,-33
1993-02-07,28,-33
1993-02-08,11,-39
1993-02-09,39,-33
1993-02-10,33,6
1993-02-11,22,-22
1993-02-12,-6,-28
1993-02-13,6,-39
1993-02-14,0,-50
1993-02-15,-6,-72
1993-02-16,-11,-67
1993-02-17,-67,-178
1993-02-18,-78,-194
1993-02-19,-44,-150
1993-02-20,6,-78
1993-02-21,-6,-50
1993-02-22,-44,-72
1993-02-23,-67,-167
1993-02-24,-94,-206
1993-02-25,-61,-189
1993-02-26,-28,-106
1993-02-27,-17,-144
1993-02-28,-6,-128
1993-03-01,72,-39
1993-03-02,67,6
1993-03-03,61,11
1993-03-04,22,6
1993-03-05,61,-33
1993-03-06,89,-44
1993-03-07,33,-22
1993-03-08,56,0
1993-03-09,67,-6
1993-03-10,39,-33
1993-03-11,-6,-56
1993-03-12,-6,-117
1993-03-13,-56,-117
1993-03-14,-50,-139
1993-03-15,83,-106
1993-03-16,67,-17
1993-03-17,-17,-111
1993-03-18,-6,-100
1993-03-19,6,-44
1993-03-20,33,-6
1993-03-21,50,-17
1993-03-22,33,6
1993-03-23,56,22
1993-03-24,56,11
1993-03-25,72,22
1993-03-26,67,11
1993-03-27,67,-6
1993-03-28,117,-6
1993-03-29,178,17
1993-03-30,189,11
1993-03-31,117,17
1993-04-01,17,-28
1993-04-02,33,-44
1993-04-03,67,-56
1993-04-04,50,-61
1993-04-05,67,-28
1993-04-06,111,-22
1993-04-07,133,39
1993-04-08,150,111
1993-04-09,144,39
1993-04-10,150,6
1993-04-11,117,11
1993-04-12,89,6
1993-04-13,94,-6
1993-04-14,100,44
1993-04-15,83,50
1993-04-16,61,6
1993-04-17,139,-11
1993-04-18,172,28
1993-04-19,150,50
1993-04-20,50,17
1993-04-21,122,-17
1993-04-22,156,17
1993-04-23,189,33
1993-04-24,244,111
1993-04-25,150,50
1993-04-26,83,11
1993-04-27,189,11
1993-04-28,228,128
1993-04-29,144,78
1993-04-30,200,78
1993-05-01,217,83
1993-05-02,211,111
1993-05-03,200,139
1993-05-04,194,111
1993-05-05,217,100
1993-05-06,256,72
1993-05-07,256,128
1993-05-08,294,150
1993-05-09,306,156
1993-05-10,306,167
1993-05-11,233,117
1993-05-12,289,50
1993-05-13,139,44
1993-05-14,267,61
1993-05-15,222,100
1993-05-16,189,78
1993-05-17,172,56
1993-05-18,211,28
1993-05-19,167,22
1993-05-20,167,44
1993-05-21,194,72
1993-05-22,244,72
1993-05-23,211,133
1993-05-24,183,117
1993-05-25,206,94
1993-05-26,256,72
1993-05-27,256,111
1993-05-28,211,61
1993-05-29,161,50
1993-05-30,200,83
1993-05-31,183,39
1993-06-01,178,28
1993-06-02,144,106
1993-06-03,122,83
1993-06-04,117,67
1993-06-05,217,78
1993-06-06,228,89
1993-06-07,206,150
1993-06-08,272,172
1993-06-09,256,167
1993-06-10,272,133
1993-06-11,261,139
1993-06-12,256,128
1993-06-13,289,150
1993-06-14,278,161
1993-06-15,222,122
1993-06-16,250,106
1993-06-17,328,183
1993-06-18,294,117
1993-06-19,294,139
1993-06-20,256,156
1993-06-21,267,156
1993-06-22,306,133
1993-06-23,306,133
1993-06-24,306,206
1993-06-25,267,172
1993-06-26,283,144
1993-06-27,289,183
1993-06-28,222,139
1993-06-29,256,117
1993-06-30,206,150
1993-07-01,233,172
1993-07-02,289,172
1993-07-03,328,194
1993-07-04,311,239
1993-07-05,317,206
1993-07-06,278,189
1993-07-07,272,206
1993-07-08,322,206
1993-07-09,322,222
1993-07-10,322,200
1993-07-11,272,189
1993-07-12,261,161
1993-07-13,278,150
1993-07-14,261,161
1993-07-15,267,150
1993-07-16,278,161
1993-07-17,278,189
1993-07-18,328,194
1993-07-19,311,183
1993-07-20,267,167
1993-07-21,250,161
1993-07-22,228,144
1993-07-23,256,194
1993-07-24,294,206
1993-07-25,311,217
1993-07-26,300,194
1993-07-27,317,194
1993-07-28,294,194
1993-07-29,261,172
1993-07-30,278,144
1993-07-31,283,161
1993-08-01,294,194
1993-08-02,261,150
1993-08-03,267,156
1993-08-04,228,122
1993-08-05,244,111
1993-08-06,233,139
1993-08-07,244,117
1993-08-08,278,122
1993-08-09,233,161
1993-08-10,306,194
1993-08-11,311,189
1993-08-12,272,211
1993-08-13,300,200
1993-08-14,322,172
1993-08-15,261,206
1993-08-16,289,194
1993-08-17,278,200
1993-08-18,300,194
1993-08-19,306,217
1993-08-20,267,178
1993-08-21,267,161
1993-08-22,256,161
1993-08-23,328,206
1993-08-24,306,200
1993-08-25,317,211
1993-08-26,344,233
1993-08-27,344,211
1993-08-28,250,194
1993-08-29,244,189
1993-08-30,322,200
1993-08-31,228,122
1993-09-01,250,122
1993-09-02,228,161
1993-09-03,228,144
1993-09-04,239,117
1993-09-05,244,144
1993-09-06,200,100
1993-09-07,239,94
1993-09-08,228,128
1993-09-09,233,128
1993-09-10,183,83
1993-09-11,206,56
1993-09-12,267,150
1993-09-13,250,200
1993-09-14,217,111
1993-09-15,128,106
1993-09-16,150,106
1993-09-17,194,111
1993-09-18,200,100
1993-09-19,194,106
1993-09-20,183,133
1993-09-21,172,100
1993-09-22,250,111
1993-09-23,178,67
1993-09-24,206,33
1993-09-25,161,111
1993-09-26,189,117
1993-09-27,117,78
1993-09-28,150,56
1993-09-29,122,28
1993-09-30,161,-6
1993-10-01,194,67
1993-10-02,128,6
1993-10-03,217,6
1993-10-04,183,11
1993-10-05,178,11
1993-10-06,256,67
1993-10-07,272,144
1993-10-08,256,89
1993-10-09,89,0
1993-10-10,117,-11
1993-10-11,144,0
1993-10-12,122,11
1993-10-13,117,-22
1993-10-14,178,17
1993-10-15,211,117
1993-10-16,172,111
1993-10-17,167,50
1993-10-18,167,28
1993-10-19,156,106
1993-10-20,150,78
1993-10-21,117,39
1993-10-22,150,0
1993-10-23,200,33
1993-10-24,206,83
1993-10-25,211,56
1993-10-26,167,72
1993-10-27,78,11
1993-10-28,128,17
1993-10-29,39,-11
1993-10-30,44,-11
1993-10-31,67,-39
1993-11-01,78,-50
1993-11-02,89,11
1993-11-03,128,28
1993-11-04,150,72
1993-11-05,89,-17
1993-11-06,0,-67
1993-11-07,50,-89
1993-11-08,106,-33
1993-11-09,117,-44
1993-11-10,106,-11
1993-11-11,144,11
1993-11-12,100,0
1993-11-13,183,72
1993-11-14,78,61
1993-11-15,67,33
1993-11-16,61,33
1993-11-17,72,-17
1993-11-18,94,-28
1993-11-19,94,-17
1993-11-20,50,-50
1993-11-21,111,17
1993-11-22,133,17
1993-11-23,128,39
1993-11-24,78,33
1993-11-25,56,33
1993-11-26,61,-72
1993-11-27,6,-72
1993-11-28,28,-39
1993-11-29,-6,-50
1993-11-30,17,-39
1993-12-01,83,-33
1993-12-02,89,0
1993-12-03,61,-28
1993-12-04,78,6
1993-12-05,50,6
1993-12-06,50,-33
1993-12-07,33,-44
1993-12-08,50,-17
1993-12-09,106,6
1993-12-10,106,-50
1993-12-11,11,-78
1993-12-12,44,-61
1993-12-13,78,17
1993-12-14,67,33
1993-12-15,78,33
1993-12-16,44,6
1993-12-17,50,22
1993-12-18,50,17
1993-12-19,22,6
1993-12-20,22,-22
1993-12-21,-17,-44
1993-12-22,-11,-72
1993-12-23,-28,-89
1993-12-24,-78,-111
1993-12-25,-78,-150
1993-12-26,-106,-144
1993-12-27,-78,-133
1993-12-28,-39,-161
1993-12-29,-44,-133
1993-12-30,-28,-161
1993-12-31,28,-28
1994-01-01,50,-11
1994-01-02,0,-22
1994-01-03,0,-22
1994-01-04,-6,-78
1994-01-05,-33,-122
1994-01-06,6,-33
1994-01-07,-22,-200
1994-01-08,-128,-211
1994-01-09,-44,-217
1994-01-10,11,-78
1994-01-11,17,-61
1994-01-12,11,-89
1994-01-13,-44,-172
1994-01-14,-172,-233
1994-01-15,-200,-272
1994-01-16,-122,-267
1994-01-17,-122,-250
1994-01-18,-239,-294
1994-01-19,-161,-283
1994-01-20,-94,-244
1994-01-21,-61,-206
1994-01-22,22,-106
1994-01-23,44,6
1994-01-24,28,0
1994-01-25,17,-33
1994-01-26,-33,-67
1994-01-27,11,-67
1994-01-28,6,-44
1994-01-29,-28,-78
1994-01-30,-61,-117
1994-01-31,-106,-206
1994-02-01,-117,-228
1994-02-02,-50,-122
1994-02-03,-72,-172
1994-02-04,-67,-122
1994-02-05,-28,-117
1994-02-06,11,-122
1994-02-07,-83,-144
1994-02-08,-83,-100
1994-02-09,-94,-217
1994-02-10,-61,-222
1994-02-11,-39,-183
1994-02-12,-39,-83
1994-02-13,-28,-100
1994-02-14,67,-100
1994-02-15,44,-39
1994-02-16,56,-89
1994-02-17,106,11
1994-02-18,139,33
1994-02-19,156,106
1994-02-20,139,6
1994-02-21,33,-28
1994-02-22,-17,-44
1994-02-23,-28,-83
1994-02-24,-56,-133
1994-02-25,0,-139
1994-02-26,-67,-167
1994-02-27,-28,-206
1994-02-28,0,-94
1994-03-01,-6,-61
1994-03-02,11,-117
1994-03-03,61,-78
1994-03-04,94,22
1994-03-05,106,-22
1994-03-06,144,39
1994-03-07,89,0
1994-03-08,22,-33
1994-03-09,22,-50
1994-03-10,39,-61
1994-03-11,39,-67
1994-03-12,139,-6
1994-03-13,89,0
1994-03-14,106,-6
1994-03-15,89,-17
1994-03-16,22,-56
1994-03-17,39,-72
1994-03-18,33,-33
1994-03-19,106,-44
1994-03-20,161,39
1994-03-21,133,39
1994-03-22,217,28
1994-03-23,233,94
1994-03-24,167,17
1994-03-25,56,0
1994-03-26,72,6
1994-03-27,111,22
1994-03-28,78,-11
1994-03-29,67,-22
1994-03-30,78,-44
1994-03-31,117,-22
1994-04-01,194,28
1994-04-02,211,44
1994-04-03,100,11
1994-04-04,156,17
1994-04-05,100,-6
1994-04-06,22,-33
1994-04-07,106,-61
1994-04-08,161,11
1994-04-09,194,89
1994-04-10,117,44
1994-04-11,94,39
1994-04-12,144,44
1994-04-13,111,50
1994-04-14,217,61
1994-04-15,200,78
1994-04-16,172,61
1994-04-17,194,61
1994-04-18,289,100
1994-04-19,211,72
1994-04-20,172,33
1994-04-21,133,39
1994-04-22,139,11
1994-04-23,206,17
1994-04-24,283,122
1994-04-25,294,150
1994-04-26,306,172
1994-04-27,206,28
1994-04-28,106,17
1994-04-29,122,44
1994-04-30,61,11
1994-05-01,133,17
1994-05-02,167,50
1994-05-03,172,17
1994-05-04,189,22
1994-05-05,206,72
1994-05-06,122,28
1994-05-07,117,39
1994-05-08,194,39
1994-05-09,217,106
1994-05-10,211,56
1994-05-11,250,94
1994-05-12,172,50
1994-05-13,228,67
1994-05-14,211,106
1994-05-15,250,89
1994-05-16,161,50
1994-05-17,150,39
1994-05-18,172,39
1994-05-19,200,44
1994-05-20,256,50
1994-05-21,306,106
1994-05-22,317,144
1994-05-23,267,133
1994-05-24,261,139
1994-05-25,239,139
1994-05-26,150,28
1994-05-27,194,17
1994-05-28,267,78
1994-05-29,289,139
1994-05-30,322,178
1994-05-31,300,167
1994-06-01,167,100
1994-06-02,183,72
1994-06-03,228,50
1994-06-04,267,61
1994-06-05,306,111
1994-06-06,322,167
1994-06-07,283,117
1994-06-08,172,89
1994-06-09,228,44
1994-06-10,267,61
1994-06-11,294,106
1994-06-12,300,156
1994-06-13,328,189
1994-06-14,344,189
1994-06-15,350,256
1994-06-16,350,233
1994-06-17,339,211
1994-06-18,344,200
1994-06-19,289,189
1994-06-20,322,200
1994-06-21,289,161
1994-06-22,311,144
1994-06-23,228,161
1994-06-24,206,144
1994-06-25,294,133
1994-06-26,256,156
1994-06-27,278,144
1994-06-28,294,183
1994-06-29,256,178
1994-06-30,272,150
1994-07-01,306,194
1994-07-02,211,139
1994-07-03,256,133
1994-07-04,328,233
1994-07-05,350,250
1994-07-06,344,222
1994-07-07,306,228
1994-07-08,289,178
1994-07-09,233,161
1994-07-10,233,144
1994-07-11,289,122
1994-07-12,328,211
1994-07-13,222,167
1994-07-14,294,167
1994-07-15,283,183
1994-07-16,289,172
1994-07-17,289,194
1994-07-18,306,172
1994-07-19,306,200
1994-07-20,322,206
1994-07-21,283,189
1994-07-22,278,178
1994-07-23,300,183
1994-07-24,294,183
1994-07-25,289,161
1994-07-26,261,122
1994-07-27,239,150
1994-07-28,244,133
1994-07-29,278,111
1994-07-30,289,139
1994-07-31,306,178
1994-08-01,300,200
1994-08-02,250,133
1994-08-03,311,133
1994-08-04,272,144
1994-08-05,200,106
1994-08-06,222,89
1994-08-07,267,100
1994-08-08,306,172
1994-08-09,189,117
1994-08-10,194,133
1994-08-11,194,156
1994-08-12,217,167
1994-08-13,272,211
1994-08-14,222,144
1994-08-15,250,128
1994-08-16,267,128
1994-08-17,278,144
1994-08-18,267,167
1994-08-19,311,189
1994-08-20,250,178
1994-08-21,233,133
1994-08-22,272,128
1994-08-23,272,139
1994-08-24,306,206
1994-08-25,322,194
1994-08-26,289,206
1994-08-27,311,189
1994-08-28,261,128
1994-08-29,261,117
1994-08-30,194,161
1994-08-31,217,111
1994-09-01,200,100
1994-09-02,200,94
1994-09-03,200,133
1994-09-04,189,117
1994-09-05,183,144
1994-09-06,250,144
1994-09-07,250,117
1994-09-08,267,156
1994-09-09,294,156
1994-09-10,300,183
1994-09-11,306,167
1994-09-12,306,183
1994-09-13,311,189
1994-09-14,322,228
1994-09-15,328,217
1994-09-16,300,172
1994-09-17,233,133
1994-09-18,267,111
1994-09-19,294,128
1994-09-20,294,144
1994-09-21,278,139
1994-09-22,233,150
1994-09-23,217,150
1994-09-24,206,144
1994-09-25,217,100
1994-09-26,144,106
1994-09-27,144,106
1994-09-28,183,94
1994-09-29,211,72
1994-09-30,283,111
1994-10-01,167,122
1994-10-02,172,106
1994-10-03,172,117
1994-10-04,161,56
1994-10-05,172,44
1994-10-06,233,100
1994-10-07,239,161
1994-10-08,172,94
1994-10-09,139,28
1994-10-10,139,17
1994-10-11,167,11
1994-10-12,194,17
1994-10-13,200,50
1994-10-14,200,89
1994-10-15,178,111
1994-10-16,244,139
1994-10-17,256,161
1994-10-18,200,161
1994-10-19,233,128
1994-10-20,189,89
1994-10-21,222,50
1994-10-22,222,61
1994-10-23,150,67
1994-10-24,122,44
1994-10-25,78,50
1994-10-26,117,0
1994-10-27,150,0
1994-10-28,172,72
1994-10-29,183,89
1994-10-30,161,22
1994-10-31,122,28
1994-11-01,117,28
1994-11-02,172,28
1994-11-03,200,122
1994-11-04,183,111
1994-11-05,156,94
1994-11-06,128,33
1994-11-07,139,17
1994-11-08,161,89
1994-11-09,106,44
1994-11-10,106,11
1994-11-11,133,22
1994-11-12,111,44
1994-11-13,183,111
1994-11-14,167,33
1994-11-15,89,6
1994-11-16,122,6
1994-11-17,106,28
1994-11-18,111,22
1994-11-19,94,-28
1994-11-20,150,72
1994-11-21,117,0
1994-11-22,33,-39
1994-11-23,67,-22
1994-11-24,89,-11
1994-11-25,100,-17
1994-11-26,44,-11
1994-11-27,150,22
1994-11-28,44,6
1994-11-29,6,-39
1994-11-30,17,-56
1994-12-01,111,-6
1994-12-02,122,33
1994-12-03,122,56
1994-12-04,133,39
1994-12-05,94,28
1994-12-06,33,6
1994-12-07,22,-33
1994-12-08,17,-39
1994-12-09,6,-22
1994-12-10,11,-61
1994-12-11,-44,-100
1994-12-12,-17,-94
1994-12-13,-22,-67
1994-12-14,6,-61
1994-12-15,22,-22
1994-12-16,39,11
1994-12-17,56,0
1994-12-18,28,-50
1994-12-19,11,-56
1994-12-20,56,11
1994-12-21,106,-11
1994-12-22,111,-28
1994-12-23,56,17
1994-12-24,50,-22
1994-12-25,111,-44
1994-12-26,83,-44
1994-12-27,106,-17
1994-12-28,56,11
1994-12-29,33,-6
1994-12-30,33,-39
1994-12-31,28,-28
1995-01-01,-28,-117
1995-01-02,-61,-133
1995-01-03,-78,-161
1995-01-04,-139,-183
1995-01-05,-72,-183
1995-01-06,-28,-78
1995-01-07,-28,-111
1995-01-08,-72,-156
1995-01-09,-39,-111
1995-01-10,-17,-89
1995-01-11,44,-39
1995-01-12,83,28
1995-01-13,33,6
1995-01-14,39,17
1995-01-15,22,-11
1995-01-16,22,-6
1995-01-17,61,-11
1995-01-18,61,-17
1995-01-19,22,0
1995-01-20,6,-33
1995-01-21,-33,-61
1995-01-22,-56,-89
1995-01-23,-33,-100
1995-01-24,-39,-150
1995-01-25,0,-144
1995-01-26,-11,-139
1995-01-27,11,-106
1995-01-28,0,-44
1995-01-29,-17,-67
1995-01-30,11,-111
1995-01-31,39,-56
1995-02-01,56,0
1995-02-02,17,-6
1995-02-03,17,-33
1995-02-04,-33,-111
1995-02-05,-100,-161
1995-02-06,-72,-161
1995-02-07,-67,-128
1995-02-08,-72,-150
1995-02-09,17,-106
1995-02-10,33,-100
1995-02-11,-100,-183
1995-02-12,-89,-189
1995-02-13,-50,-117
1995-02-14,-11,-144
1995-02-15,22,-50
1995-02-16,17,-89
1995-02-17,83,-72
1995-02-18,128,-17
1995-02-19,67,-6
1995-02-20,100,-6
1995-02-21,6,-44
1995-02-22,89,-22
1995-02-23,106,-11
1995-02-24,33,-33
1995-02-25,83,0
1995-02-26,6,-22
1995-02-27,6,-6
1995-02-28,0,-61
1995-03-01,-50,-122
1995-03-02,-22,-139
1995-03-03,6,-111
1995-03-04,61,-67
1995-03-05,33,-6
1995-03-06,17,-6
1995-03-07,17,-33
1995-03-08,-17,-83
1995-03-09,22,-106
1995-03-10,106,-11
1995-03-11,167,44
1995-03-12,217,83
1995-03-13,222,106
1995-03-14,250,61
1995-03-15,233,61
1995-03-16,217,28
1995-03-17,94,22
1995-03-18,189,11
1995-03-19,128,72
1995-03-20,156,44
1995-03-21,106,17
1995-03-22,83,-11
1995-03-23,50,-39
1995-03-24,100,-44
1995-03-25,144,-39
1995-03-26,94,33
1995-03-27,72,33
1995-03-28,67,33
1995-03-29,61,28
1995-03-30,83,11
1995-03-31,56,-6
1995-04-01,78,-17
1995-04-02,128,6
1995-04-03,172,67
1995-04-04,67,-61
1995-04-05,94,-78
1995-04-06,194,22
1995-04-07,111,11
1995-04-08,89,39
1995-04-09,56,0
1995-04-10,50,0
1995-04-11,161,33
1995-04-12,67,17
1995-04-13,150,39
1995-04-14,117,6
1995-04-15,133,33
1995-04-16,172,50
1995-04-17,156,50
1995-04-18,244,83
1995-04-19,128,56
1995-04-20,83,50
1995-04-21,111,56
1995-04-22,161,56
1995-04-23,100,39
1995-04-24,167,0
1995-04-25,144,28
1995-04-26,117,83
1995-04-27,111,67
1995-04-28,178,61
1995-04-29,133,61
1995-04-30,100,39
1995-05-01,117,33
1995-05-02,150,56
1995-05-03,167,39
1995-05-04,139,89
1995-05-05,222,44
1995-05-06,222,39
1995-05-07,239,100
1995-05-08,189,94
1995-05-09,233,89
1995-05-10,122,94
1995-05-11,200,100
1995-05-12,217,94
1995-05-13,189,139
1995-05-14,211,122
1995-05-15,244,83
1995-05-16,256,150
1995-05-17,183,111
1995-05-18,144,78
1995-05-19,244,78
1995-05-20,244,133
1995-05-21,222,89
1995-05-22,256,72
1995-05-23,206,106
1995-05-24,139,89
1995-05-25,167,78
1995-05-26,194,67
1995-05-27,200,117
1995-05-28,233,139
1995-05-29,200,122
1995-05-30,278,122
1995-05-31,289,122
1995-06-01,267,167
1995-06-02,244,150
1995-06-03,239,144
1995-06-04,261,122
1995-06-05,267,128
1995-06-06,311,156
1995-06-07,333,106
1995-06-08,144,94
1995-06-09,206,111
1995-06-10,283,111
1995-06-11,194,106
1995-06-12,228,94
1995-06-13,294,106
1995-06-14,322,150
1995-06-15,317,139
1995-06-16,317,178
1995-06-17,322,183
1995-06-18,339,217
1995-06-19,344,217
1995-06-20,350,233
1995-06-21,300,206
1995-06-22,339,206
1995-06-23,328,194
1995-06-24,344,172
1995-06-25,311,172
1995-06-26,289,206
1995-06-27,267,194
1995-06-28,278,194
1995-06-29,306,194
1995-06-30,278,161
1995-07-01,244,122
1995-07-02,250,100
1995-07-03,278,161
1995-07-04,289,189
1995-07-05,294,183
1995-07-06,256,194
1995-07-07,261,161
1995-07-08,289,139
1995-07-09,289,161
1995-07-10,306,161
1995-07-11,317,206
1995-07-12,361,228
1995-07-13,400,272
1995-07-14,378,283
1995-07-15,367,239
1995-07-16,339,233
1995-07-17,306,211
1995-07-18,300,172
1995-07-19,317,172
1995-07-20,261,206
1995-07-21,294,172
1995-07-22,294,194
1995-07-23,306,183
1995-07-24,317,211
1995-07-25,333,211
1995-07-26,306,211
1995-07-27,322,211
1995-07-28,317,217
1995-07-29,350,206
1995-07-30,356,211
1995-07-31,350,233
1995-08-01,272,211
1995-08-02,261,211
1995-08-03,256,217
1995-08-04,294,206
1995-08-05,306,189
1995-08-06,311,217
1995-08-07,300,228
1995-08-08,311,217
1995-08-09,267,206
1995-08-10,317,211
1995-08-11,339,222
1995-08-12,367,239
1995-08-13,356,250
1995-08-14,350,261
1995-08-15,306,211
1995-08-16,344,228
1995-08-17,339,222
1995-08-18,322,228
1995-08-19,317,222
1995-08-20,283,183
1995-08-21,317,167
1995-08-22,283,183
1995-08-23,311,156
1995-08-24,278,211
1995-08-25,322,228
1995-08-26,328,206
1995-08-27,311,200
1995-08-28,278,206
1995-08-29,311,228
1995-08-30,333,233
1995-08-31,306,200
1995-09-01,267,139
1995-09-02,278,122
1995-09-03,289,150
1995-09-04,311,167
1995-09-05,322,167
1995-09-06,278,194
1995-09-07,200,133
1995-09-08,183,128
1995-09-09,206,89
1995-09-10,178,78
1995-09-11,228,72
1995-09-12,250,117
1995-09-13,283,172
1995-09-14,261,117
1995-09-15,250,122
1995-09-16,294,161
1995-09-17,189,67
1995-09-18,206,67
1995-09-19,217,133
1995-09-20,156,100
1995-09-21,100,50
1995-09-22,111,0
1995-09-23,144,-17
1995-09-24,167,28
1995-09-25,206,61
1995-09-26,244,72
1995-09-27,272,117
1995-09-28,272,117
1995-09-29,267,144
1995-09-30,289,183
1995-10-01,239,133
1995-10-02,256,100
1995-10-03,217,106
1995-10-04,206,83
1995-10-05,156,133
1995-10-06,161,117
1995-10-07,117,78
1995-10-08,172,56
1995-10-09,228,94
1995-10-10,217,61
1995-10-11,261,78
1995-10-12,283,128
1995-10-13,283,111
1995-10-14,111,61
1995-10-15,133,22
1995-10-16,156,22
1995-10-17,233,72
1995-10-18,172,117
1995-10-19,261,94
1995-10-20,94,44
1995-10-21,61,22
1995-10-22,156,17
1995-10-23,217,89
1995-10-24,94,11
1995-10-25,156,6
1995-10-26,167,39
1995-10-27,144,94
1995-10-28,106,44
1995-10-29,117,11
1995-10-30,72,44
1995-10-31,100,44
1995-11-01,167,94
1995-11-02,156,-17
1995-11-03,6,-28
1995-11-04,6,-67
1995-11-05,28,-67
1995-11-06,100,-6
1995-11-07,83,-11
1995-11-08,0,-78
1995-11-09,89,-83
1995-11-10,128,22
1995-11-11,22,-83
1995-11-12,-22,-100
1995-11-13,-6,-78
1995-11-14,28,-78
1995-11-15,11,-67
1995-11-16,28,-28
1995-11-17,33,0
1995-11-18,39,11
1995-11-19,89,-17
1995-11-20,117,17
1995-11-21,17,-56
1995-11-22,22,-72
1995-11-23,6,-67
1995-11-24,11,-106
1995-11-25,94,0
1995-11-26,100,17
1995-11-27,56,-33
1995-11-28,-17,-106
1995-11-29,6,-117
1995-11-30,89,-39
1995-12-01,89,-39
1995-12-02,139,-39
1995-12-03,139,17
1995-12-04,61,-17
1995-12-05,72,-33
1995-12-06,6,-50
1995-12-07,-6,-78
1995-12-08,-11,-156
1995-12-09,-150,-200
1995-12-10,-100,-178
1995-12-11,-133,-172
1995-12-12,-44,-139
1995-12-13,22,-56
1995-12-14,72,-6
1995-12-15,56,-39
1995-12-16,22,-78
1995-12-17,33,-67
1995-12-18,28,6
1995-12-19,11,-33
1995-12-20,-6,-56
1995-12-21,-6,-83
1995-12-22,-17,-94
1995-12-23,-11,-50
1995-12-24,-22,-56
1995-12-25,-6,-100
1995-12-26,-22,-100
1995-12-27,-11,-89
1995-12-28,6,-111
1995-12-29,22,-94
1995-12-30,17,-44
1995-12-31,22,0
1996-01-01,33,0
1996-01-02,6,-56
1996-01-03,-28,-94
1996-01-04,-39,-89
1996-01-05,-61,-117
1996-01-06,-33,-111
1996-01-07,-39,-117
1996-01-08,-50,-161
1996-01-09,-6,-56
1996-01-10,-11,-117
1996-01-11,-22,-44
1996-01-12,-11,-33
1996-01-13,67,-61
1996-01-14,83,-22
1996-01-15,-22,-67
1996-01-16,61,-56
1996-01-17,133,28
1996-01-18,161,-106
1996-01-19,-106,-156
1996-01-20,-50,-139
1996-01-21,17,-89
1996-01-22,61,-6
1996-01-23,22,-17
1996-01-24,-17,-122
1996-01-25,0,-133
1996-01-26,61,-67
1996-01-27,-50,-122
1996-01-28,0,-144
1996-01-29,0,-150
1996-01-30,-139,-200
1996-01-31,-144,-239
1996-02-01,-122,-222
1996-02-02,-206,-267
1996-02-03,-206,-283
1996-02-04,-167,-256
1996-02-05,-56,-167
1996-02-06,11,-172
1996-02-07,67,0
1996-02-08,72,17
1996-02-09,83,-11
1996-02-10,117,22
1996-02-11,22,-33
1996-02-12,-28,-78
1996-02-13,22,-72
1996-02-14,6,-50
1996-02-15,-6,-83
1996-02-16,-28,-89
1996-02-17,-17,-89
1996-02-18,-22,-128
1996-02-19,83,-78
1996-02-20,117,11
1996-02-21,17,-22
1996-02-22,39,0
1996-02-23,122,28
1996-02-24,144,11
1996-02-25,150,6
1996-02-26,67,33
1996-02-27,100,-33
1996-02-28,-33,-100
1996-02-29,-44,-122
1996-03-01,22,-89
1996-03-02,-22,-167
1996-03-03,-39,-172
1996-03-04,28,-122
1996-03-05,6,-17
1996-03-06,-11,-117
1996-03-07,-83,-150
1996-03-08,-94,-172
1996-03-09,-33,-128
1996-03-10,33,-100
1996-03-11,78,-17
1996-03-12,117,6
1996-03-13,144,0
1996-03-14,156,17
1996-03-15,106,-39
1996-03-16,44,-17
1996-03-17,17,-33
1996-03-18,94,-56
1996-03-19,33,0
1996-03-20,28,-33
1996-03-21,28,-61
1996-03-22,78,-44
1996-03-23,117,-44
1996-03-24,172,33
1996-03-25,133,-89
1996-03-26,-50,-94
1996-03-27,22,-111
1996-03-28,50,6
1996-03-29,83,-11
1996-03-30,106,-11
1996-03-31,56,-6
1996-04-01,56,-22
1996-04-02,167,11
1996-04-03,211,0
1996-04-04,28,-11
1996-04-05,39,-39
1996-04-06,44,-33
1996-04-07,39,-50
1996-04-08,44,-61
1996-04-09,78,-39
1996-04-10,167,-11
1996-04-11,278,72
1996-04-12,194,39
1996-04-13,83,6
1996-04-14,67,6
1996-04-15,72,22
1996-04-16,106,-11
1996-04-17,183,-28
1996-04-18,244,106
1996-04-19,228,106
1996-04-20,139,78
1996-04-21,183,44
1996-04-22,172,50
1996-04-23,117,22
1996-04-24,200,22
1996-04-25,200,122
1996-04-26,122,22
1996-04-27,150,0
1996-04-28,100,22
1996-04-29,72,22
1996-04-30,111,17
1996-05-01,156,39
1996-05-02,183,44
1996-05-03,172,61
1996-05-04,122,39
1996-05-05,139,56
1996-05-06,117,39
1996-05-07,133,72
1996-05-08,194,83
1996-05-09,211,78
1996-05-10,178,39
1996-05-11,111,33
1996-05-12,100,17
1996-05-13,133,11
1996-05-14,139,33
1996-05-15,172,83
1996-05-16,139,106
1996-05-17,311,94
1996-05-18,322,222
1996-05-19,322,222
1996-05-20,261,128
1996-05-21,250,122
1996-05-22,272,117
1996-05-23,189,78
1996-05-24,133,89
1996-05-25,133,72
1996-05-26,156,89
1996-05-27,122,89
1996-05-28,139,78
1996-05-29,156,44
1996-05-30,183,22
1996-05-31,233,50
1996-06-01,233,94
1996-06-02,261,139
1996-06-03,194,128
1996-06-04,167,117
1996-06-05,233,83
1996-06-06,228,117
1996-06-07,156,89
1996-06-08,161,72
1996-06-09,156,122
1996-06-10,217,117
1996-06-11,206,111
1996-06-12,267,111
1996-06-13,306,183
1996-06-14,272,161
1996-06-15,289,139
1996-06-16,311,133
1996-06-17,294,178
1996-06-18,261,200
1996-06-19,239,178
1996-06-20,283,183
1996-06-21,300,189
1996-06-22,267,161
1996-06-23,261,144
1996-06-24,261,144
1996-06-25,239,128
1996-06-26,283,122
1996-06-27,317,150
1996-06-28,333,167
1996-06-29,333,228
1996-06-30,344,228
1996-07-01,300,178
1996-07-02,283,178
1996-07-03,244,117
1996-07-04,250,106
1996-07-05,300,122
1996-07-06,311,144
1996-07-07,328,178
1996-07-08,300,139
1996-07-09,206,133
1996-07-10,239,100
1996-07-11,278,100
1996-07-12,283,178
1996-07-13,289,178
1996-07-14,250,172
1996-07-15,278,167
1996-07-16,317,183
1996-07-17,267,200
1996-07-18,311,206
1996-07-19,283,161
1996-07-20,217,150
1996-07-21,194,128
1996-07-22,256,117
1996-07-23,272,161
1996-07-24,278,189
1996-07-25,250,161
1996-07-26,278,144
1996-07-27,256,139
1996-07-28,239,161
1996-07-29,256,161
1996-07-30,239,161
1996-07-31,239,144
1996-08-01,244,139
1996-08-02,250,139
1996-08-03,272,133
1996-08-04,294,178
1996-08-05,322,228
1996-08-06,322,206
1996-08-07,328,233
1996-08-08,294,189
1996-08-09,272,156
1996-08-10,244,150
1996-08-11,250,172
1996-08-12,289,150
1996-08-13,289,183
1996-08-14,294,194
1996-08-15,239,172
1996-08-16,250,150
1996-08-17,272,139
1996-08-18,272,161
1996-08-19,294,194
1996-08-20,289,206
1996-08-21,322,189
1996-08-22,317,211
1996-08-23,250,167
1996-08-24,278,139
1996-08-25,283,139
1996-08-26,294,156
1996-08-27,250,167
1996-08-28,244,161
1996-08-29,267,144
1996-08-30,272,144
1996-08-31,272,150
1996-09-01,294,167
1996-09-02,289,144
1996-09-03,294,167
1996-09-04,294,161
1996-09-05,306,172
1996-09-06,283,189
1996-09-07,272,189
1996-09-08,289,167
1996-09-09,256,156
1996-09-10,278,139
1996-09-11,233,139
1996-09-12,194,100
1996-09-13,178,89
1996-09-14,156,78
1996-09-15,189,100
1996-09-16,194,100
1996-09-17,200,117
1996-09-18,217,117
1996-09-19,222,89
1996-09-20,211,94
1996-09-21,228,122
1996-09-22,228,94
1996-09-23,200,83
1996-09-24,211,72
1996-09-25,183,50
1996-09-26,189,122
1996-09-27,183,111
1996-09-28,161,83
1996-09-29,189,100
1996-09-30,256,83
1996-10-01,244,94
1996-10-02,200,78
1996-10-03,128,33
1996-10-04,144,17
1996-10-05,206,39
1996-10-06,244,106
1996-10-07,167,78
1996-10-08,100,44
1996-10-09,150,28
1996-10-10,100,-6
1996-10-11,139,-28
1996-10-12,217,100
1996-10-13,250,133
1996-10-14,167,106
1996-10-15,256,100
1996-10-16,206,139
1996-10-17,217,78
1996-10-18,122,28
1996-10-19,139,-11
1996-10-20,150,-6
1996-10-21,178,61
1996-10-22,172,89
1996-10-23,89,28
1996-10-24,144,39
1996-10-25,200,33
1996-10-26,200,133
1996-10-27,189,111
1996-10-28,128,28
1996-10-29,172,33
1996-10-30,144,-11
1996-10-31,44,-33
1996-11-01,33,-39
1996-11-02,28,-56
1996-11-03,83,-50
1996-11-04,83,28
1996-11-05,117,50
1996-11-06,172,72
1996-11-07,106,11
1996-11-08,72,-11
1996-11-09,44,-17
1996-11-10,-6,-44
1996-11-11,0,-56
1996-11-12,-11,-83
1996-11-13,-28,-83
1996-11-14,6,-83
1996-11-15,50,-33
1996-11-16,133,44
1996-11-17,122,-17
1996-11-18,11,-22
1996-11-19,0,-33
1996-11-20,11,-50
1996-11-21,28,-11
1996-11-22,44,-22
1996-11-23,28,11
1996-11-24,39,0
1996-11-25,0,-61
1996-11-26,-28,-100
1996-11-27,-6,-94
1996-11-28,33,-67
1996-11-29,61,-44
1996-11-30,78,17
1996-12-01,17,-33
1996-12-02,11,-50
1996-12-03,22,-56
1996-12-04,17,-72
1996-12-05,11,-6
1996-12-06,33,-17
1996-12-07,33,-61
1996-12-08,-11,-28
1996-12-09,-6,-33
1996-12-10,61,-22
1996-12-11,39,22
1996-12-12,44,17
1996-12-13,50,-33
1996-12-14,78,-33
1996-12-15,78,-11
1996-12-16,0,-33
1996-12-17,-11,-78
1996-12-18,-78,-139
1996-12-19,-106,-161
1996-12-20,-83,-161
1996-12-21,28,-83
1996-12-22,44,-17
1996-12-23,111,0
1996-12-24,0,-139
1996-12-25,-128,-172
1996-12-26,-72,-128
1996-12-27,17,-83
1996-12-28,39,11
1996-12-29,22,-44
1996-12-30,0,-44
1996-12-31,6,-56
1997-01-01,39,6
1997-01-02,117,28
1997-01-03,72,17
1997-01-04,178,39
1997-01-05,39,-94
1997-01-06,-44,-122
1997-01-07,-44,-128
1997-01-08,-11,-139
1997-01-09,-22,-44
1997-01-10,-44,-144
1997-01-11,-144,-200
1997-01-12,-167,-217
1997-01-13,-122,-200
1997-01-14,-67,-194
1997-01-15,-39,-111
1997-01-16,-56,-200
1997-01-17,-161,-228
1997-01-18,-144,-206
1997-01-19,-22,-183
1997-01-20,33,-50
1997-01-21,72,-44
1997-01-22,78,-39
1997-01-23,0,-56
1997-01-24,28,-28
1997-01-25,-28,-172
1997-01-26,-56,-178
1997-01-27,-28,-144
1997-01-28,-128,-206
1997-01-29,-67,-211
1997-01-30,-50,-133
1997-01-31,67,-67
1997-02-01,22,-28
1997-02-02,56,-17
1997-02-03,22,-39
1997-02-04,28,-6
1997-02-05,6,-22
1997-02-06,-22,-44
1997-02-07,-17,-56
1997-02-08,6,-72
1997-02-09,6,-72
1997-02-10,-11,-44
1997-02-11,-33,-61
1997-02-12,-39,-94
1997-02-13,-17,-117
1997-02-14,0,-67
1997-02-15,-28,-106
1997-02-16,-33,-122
1997-02-17,61,-83
1997-02-18,128,56
1997-02-19,89,-39
1997-02-20,78,-50
1997-02-21,67,-33
1997-02-22,0,-67
1997-02-23,11,-67
1997-02-24,-28,-94
1997-02-25,22,-106
1997-02-26,33,11
1997-02-27,22,6
1997-02-28,56,6
1997-03-01,128,6
1997-03-02,44,-11
1997-03-03,33,-17
1997-03-04,72,6
1997-03-05,28,-22
1997-03-06,-6,-56
1997-03-07,94,-72
1997-03-08,83,-17
1997-03-09,67,-22
1997-03-10,139,0
1997-03-11,67,-28
1997-03-12,44,-28
1997-03-13,61,6
1997-03-14,6,-67
1997-03-15,-33,-106
1997-03-16,28,-117
1997-03-17,122,22
1997-03-18,28,-17
1997-03-19,89,-50
1997-03-20,122,28
1997-03-21,217,22
1997-03-22,67,-6
1997-03-23,33,-44
1997-03-24,56,-50
1997-03-25,78,28
1997-03-26,139,-11
1997-03-27,239,89
1997-03-28,167,89
1997-03-29,94,33
1997-03-30,61,6
1997-03-31,83,-17
1997-04-01,167,-28
1997-04-02,206,22
1997-04-03,194,111
1997-04-04,239,106
1997-04-05,194,128
1997-04-06,156,-6
1997-04-07,61,-33
1997-04-08,6,-44
1997-04-09,33,-56
1997-04-10,44,-61
1997-04-11,17,0
1997-04-12,22,-11
1997-04-13,83,-11
1997-04-14,117,-17
1997-04-15,189,-6
1997-04-16,106,17
1997-04-17,94,-11
1997-04-18,128,-33
1997-04-19,122,33
1997-04-20,150,28
1997-04-21,111,33
1997-04-22,111,11
1997-04-23,133,50
1997-04-24,128,39
1997-04-25,156,22
1997-04-26,183,17
1997-04-27,139,22
1997-04-28,189,17
1997-04-29,233,83
1997-04-30,200,56
1997-05-01,156,28
1997-05-02,122,67
1997-05-03,139,56
1997-05-04,178,39
1997-05-05,239,94
1997-05-06,200,61
1997-05-07,161,61
1997-05-08,217,106
1997-05-09,139,44
1997-05-10,183,44
1997-05-11,222,89
1997-05-12,172,56
1997-05-13,128,39
1997-05-14,128,67
1997-05-15,106,33
1997-05-16,200,6
1997-05-17,156,50
1997-05-18,250,50
1997-05-19,189,56
1997-05-20,172,39
1997-05-21,144,22
1997-05-22,183,28
1997-05-23,228,50
1997-05-24,289,117
1997-05-25,122,72
1997-05-26,128,78
1997-05-27,189,83
1997-05-28,183,117
1997-05-29,167,128
1997-05-30,206,122
1997-05-31,200,100
1997-06-01,211,106
1997-06-02,183,106
1997-06-03,211,111
1997-06-04,228,72
1997-06-05,244,89
1997-06-06,211,144
1997-06-07,167,122
1997-06-08,211,106
1997-06-09,239,89
1997-06-10,278,111
1997-06-11,261,128
1997-06-12,250,172
1997-06-13,289,144
1997-06-14,200,72
1997-06-15,278,61
1997-06-16,267,122
1997-06-17,206,117
1997-06-18,272,122
1997-06-19,294,122
1997-06-20,317,233
1997-06-21,283,189
1997-06-22,311,183
1997-06-23,333,222
1997-06-24,339,239
1997-06-25,300,211
1997-06-26,289,167
1997-06-27,300,150
1997-06-28,311,156
1997-06-29,317,161
1997-06-30,289,189
1997-07-01,322,178
1997-07-02,317,206
1997-07-03,239,161
1997-07-04,189,133
1997-07-05,250,117
1997-07-06,272,150
1997-07-07,239,139
1997-07-08,294,144
1997-07-09,206,117
1997-07-10,256,100
1997-07-11,289,122
1997-07-12,311,161
1997-07-13,344,222
1997-07-14,333,228
1997-07-15,322,200
1997-07-16,344,211
1997-07-17,333,233
1997-07-18,311,211
1997-07-19,278,189
1997-07-20,317,183
1997-07-21,261,183
1997-07-22,217,194
1997-07-23,233,183
1997-07-24,283,161
1997-07-25,300,189
1997-07-26,361,228
1997-07-27,333,222
1997-07-28,278,189
1997-07-29,233,150
1997-07-30,250,144
1997-07-31,278,133
1997-08-01,300,172
1997-08-02,333,206
1997-08-03,328,178
1997-08-04,261,178
1997-08-05,228,117
1997-08-06,250,122
1997-08-07,267,128
1997-08-08,283,128
1997-08-09,256,183
1997-08-10,283,200
1997-08-11,211,178
1997-08-12,239,178
1997-08-13,244,172
1997-08-14,239,133
1997-08-15,283,211
1997-08-16,322,206
1997-08-17,244,167
1997-08-18,211,144
1997-08-19,217,139
1997-08-20,222,161
1997-08-21,233,139
1997-08-22,239,128
1997-08-23,244,122
1997-08-24,256,178
1997-08-25,222,144
1997-08-26,272,133
1997-08-27,300,194
1997-08-28,239,172
1997-08-29,233,150
1997-08-30,228,139
1997-08-31,272,167
1997-09-01,294,128
1997-09-02,239,161
1997-09-03,194,100
1997-09-04,217,72
1997-09-05,217,89
1997-09-06,300,167
1997-09-07,222,156
1997-09-08,222,172
1997-09-09,233,161
1997-09-10,217,139
1997-09-11,228,106
1997-09-12,239,89
1997-09-13,250,100
1997-09-14,250,150
1997-09-15,278,139
1997-09-16,294,183
1997-09-17,278,139
1997-09-18,283,117
1997-09-19,289,167
1997-09-20,200,100
1997-09-21,183,89
1997-09-22,172,111
1997-09-23,183,111
1997-09-24,206,67
1997-09-25,261,117
1997-09-26,200,100
1997-09-27,244,89
1997-09-28,211,144
1997-09-29,244,117
1997-09-30,189,111
1997-10-01,156,61
1997-10-02,261,56
1997-10-03,306,156
1997-10-04,256,122
1997-10-05,311,111
1997-10-06,289,133
1997-10-07,289,172
1997-10-08,311,167
1997-10-09,239,117
1997-10-10,206,78
1997-10-11,244,72
1997-10-12,278,144
1997-10-13,233,67
1997-10-14,94,17
1997-10-15,128,-6
1997-10-16,117,39
1997-10-17,128,22
1997-10-18,144,-6
1997-10-19,189,6
1997-10-20,111,39
1997-10-21,94,28
1997-10-22,67,-17
1997-10-23,117,17
1997-10-24,94,61
1997-10-25,94,72
1997-10-26,78,11
1997-10-27,33,-33
1997-10-28,117,-39
1997-10-29,139,-17
1997-10-30,167,33
1997-10-31,183,122
1997-11-01,139,61
1997-11-02,67,11
1997-11-03,44,6
1997-11-04,50,28
1997-11-05,78,17
1997-11-06,83,61
1997-11-07,83,39
1997-11-08,89,44
1997-11-09,72,44
1997-11-10,56,-11
1997-11-11,6,-39
1997-11-12,11,-72
1997-11-13,28,-44
1997-11-14,33,6
1997-11-15,11,-44
1997-11-16,-28,-83
1997-11-17,11,-83
1997-11-18,44,-44
1997-11-19,6,-56
1997-11-20,67,-50
1997-11-21,56,-11
1997-11-22,67,-50
1997-11-23,0,-67
1997-11-24,28,-89
1997-11-25,139,28
1997-11-26,111,6
1997-11-27,89,-44
1997-11-28,133,61
1997-11-29,94,56
1997-11-30,78,28
1997-12-01,50,11
1997-12-02,44,6
1997-12-03,33,17
1997-12-04,17,-17
1997-12-05,-17,-50
1997-12-06,0,-39
1997-12-07,-6,-17
1997-12-08,-6,-33
1997-12-09,17,-11
1997-12-10,22,6
1997-12-11,17,0
1997-12-12,0,-50
1997-12-13,6,-67
1997-12-14,44,-56
1997-12-15,78,-22
1997-12-16,72,0
1997-12-17,89,-39
1997-12-18,78,0
1997-12-19,100,-6
1997-12-20,28,-17
1997-12-21,28,-33
1997-12-22,28,6
1997-12-23,28,0
1997-12-24,17,6
1997-12-25,17,-33
1997-12-26,0,-39
1997-12-27,-17,-94
1997-12-28,11,-83
1997-12-29,6,-39
1997-12-30,-28,-89
1997-12-31,-50,-111
1998-01-01,44,-94
1998-01-02,100,28
1998-01-03,144,17
1998-01-04,133,11
1998-01-05,128,44
1998-01-06,83,39
1998-01-07,44,17
1998-01-08,17,0
1998-01-09,6,-83
1998-01-10,-83,-139
1998-01-11,-33,-128
1998-01-12,0,-100
1998-01-13,-94,-183
1998-01-14,-28,-144
1998-01-15,-6,-44
1998-01-16,-11,-33
1998-01-17,-17,-83
1998-01-18,-44,-133
1998-01-19,-17,-78
1998-01-20,-11,-56
1998-01-21,0,-17
1998-01-22,6,-6
1998-01-23,0,-44
1998-01-24,-6,-44
1998-01-25,0,-50
1998-01-26,33,-44
1998-01-27,22,-11
1998-01-28,44,-6
1998-01-29,50,0
1998-01-30,6,-17
1998-01-31,50,-22
1998-02-01,72,6
1998-02-02,44,-39
1998-02-03,50,-28
1998-02-04,6,-6
1998-02-05,17,-17
1998-02-06,56,-17
1998-02-07,44,-28
1998-02-08,44,-33
1998-02-09,78,-50
1998-02-10,89,-11
1998-02-11,72,28
1998-02-12,39,-6
1998-02-13,44,-6
1998-02-14,61,6
1998-02-15,117,0
1998-02-16,67,39
1998-02-17,61,39
1998-02-18,44,28
1998-02-19,61,28
1998-02-20,56,17
1998-02-21,78,-11
1998-02-22,100,28
1998-02-23,100,0
1998-02-24,122,22
1998-02-25,111,-6
1998-02-26,172,72
1998-02-27,111,0
1998-02-28,100,0
1998-03-01,33,0
1998-03-02,28,-17
1998-03-03,28,-11
1998-03-04,39,-17
1998-03-05,39,0
1998-03-06,39,-22
1998-03-07,56,-17
1998-03-08,39,22
1998-03-09,17,-89
1998-03-10,-50,-106
1998-03-11,-56,-106
1998-03-12,-33,-122
1998-03-13,33,-72
1998-03-14,6,-56
1998-03-15,0,-56
1998-03-16,22,-44
1998-03-17,39,6
1998-03-18,111,33
1998-03-19,39,11
1998-03-20,22,6
1998-03-21,61,-6
1998-03-22,78,-33
1998-03-23,72,-6
1998-03-24,111,-22
1998-03-25,150,56
1998-03-26,239,156
1998-03-27,250,133
1998-03-28,183,94
1998-03-29,261,67
1998-03-30,261,189
1998-03-31,222,72
1998-04-01,94,33
1998-04-02,100,33
1998-04-03,72,28
1998-04-04,94,0
1998-04-05,111,-17
1998-04-06,167,6
1998-04-07,156,67
1998-04-08,111,61
1998-04-09,72,50
1998-04-10,139,17
1998-04-11,189,11
1998-04-12,228,128
1998-04-13,200,128
1998-04-14,200,89
1998-04-15,161,67
1998-04-16,89,22
1998-04-17,128,11
1998-04-18,156,39
1998-04-19,167,50
1998-04-20,183,39
1998-04-21,117,83
1998-04-22,172,61
1998-04-23,222,44
1998-04-24,239,94
1998-04-25,200,61
1998-04-26,122,50
1998-04-27,111,28
1998-04-28,139,11
1998-04-29,167,78
1998-04-30,150,100
1998-05-01,183,111
1998-05-02,172,106
1998-05-03,133,94
1998-05-04,222,89
1998-05-05,206,122
1998-05-06,250,144
1998-05-07,150,128
1998-05-08,217,111
1998-05-09,183,100
1998-05-10,200,89
1998-05-11,222,94
1998-05-12,261,83
1998-05-13,261,133
1998-05-14,289,111
1998-05-15,300,178
1998-05-16,278,167
1998-05-17,300,100
1998-05-18,322,167
1998-05-19,328,189
1998-05-20,239,122
1998-05-21,250,106
1998-05-22,156,117
1998-05-23,200,122
1998-05-24,194,122
1998-05-25,222,106
1998-05-26,256,83
1998-05-27,283,100
1998-05-28,322,156
1998-05-29,283,178
1998-05-30,306,144
1998-05-31,278,139
1998-06-01,233,106
1998-06-02,256,83
1998-06-03,161,89
1998-06-04,183,83
1998-06-05,144,56
1998-06-06,178,61
1998-06-07,211,72
1998-06-08,206,61
1998-06-09,178,144
1998-06-10,239,156
1998-06-11,244,156
1998-06-12,289,178
1998-06-13,256,156
1998-06-14,244,144
1998-06-15,256,161
1998-06-16,267,150
1998-06-17,289,167
1998-06-18,317,178
1998-06-19,278,178
1998-06-20,328,178
1998-06-21,311,206
1998-06-22,300,161
1998-06-23,306,161
1998-06-24,344,217
1998-06-25,350,211
1998-06-26,306,211
1998-06-27,350,206
1998-06-28,311,200
1998-06-29,300,194
1998-06-30,283,178
1998-07-01,267,150
1998-07-02,300,156
1998-07-03,311,206
1998-07-04,239,172
1998-07-05,256,167
1998-07-06,306,200
1998-07-07,250,194
1998-07-08,272,189
1998-07-09,294,178
1998-07-10,272,178
1998-07-11,272,156
1998-07-12,289,139
1998-07-13,300,156
1998-07-14,322,189
1998-07-15,311,211
1998-07-16,311,222
1998-07-17,289,189
1998-07-18,311,189
1998-07-19,328,211
1998-07-20,328,194
1998-07-21,344,244
1998-07-22,272,211
1998-07-23,272,183
1998-07-24,278,167
1998-07-25,278,139
1998-07-26,283,133
1998-07-27,283,178
1998-07-28,317,200
1998-07-29,300,200
1998-07-30,261,183
1998-07-31,261,167
1998-08-01,294,144
1998-08-02,294,150
1998-08-03,300,211
1998-08-04,222,200
1998-08-05,272,217
1998-08-06,283,222
1998-08-07,256,217
1998-08-08,283,211
1998-08-09,300,200
1998-08-10,311,178
1998-08-11,256,172
1998-08-12,261,161
1998-08-13,267,167
1998-08-14,283,150
1998-08-15,261,172
1998-08-16,289,156
1998-08-17,283,194
1998-08-18,250,150
1998-08-19,256,156
1998-08-20,300,150
1998-08-21,317,211
1998-08-22,300,206
1998-08-23,322,217
1998-08-24,294,194
1998-08-25,294,189
1998-08-26,294,161
1998-08-27,272,167
1998-08-28,233,178
1998-08-29,300,183
1998-08-30,272,150
1998-08-31,272,139
1998-09-01,256,150
1998-09-02,239,128
1998-09-03,278,122
1998-09-04,261,144
1998-09-05,306,111
1998-09-06,333,211
1998-09-07,233,144
1998-09-08,211,128
1998-09-09,233,106
1998-09-10,250,89
1998-09-11,283,150
1998-09-12,311,156
1998-09-13,322,139
1998-09-14,239,200
1998-09-15,222,194
1998-09-16,250,189
1998-09-17,256,144
1998-09-18,272,128
1998-09-19,289,150
1998-09-20,300,183
1998-09-21,200,144
1998-09-22,194,89
1998-09-23,194,67
1998-09-24,189,111
1998-09-25,272,106
1998-09-26,322,200
1998-09-27,300,156
1998-09-28,228,111
1998-09-29,233,111
1998-09-30,239,117
1998-10-01,156,72
1998-10-02,139,50
1998-10-03,144,106
1998-10-04,178,133
1998-10-05,217,144
1998-10-06,233,128
1998-10-07,156,106
1998-10-08,156,83
1998-10-09,172,61
1998-10-10,194,33
1998-10-11,206,56
1998-10-12,217,89
1998-10-13,139,50
1998-10-14,139,39
1998-10-15,189,94
1998-10-16,267,128
1998-10-17,211,172
1998-10-18,200,78
1998-10-19,183,33
1998-10-20,144,50
1998-10-21,122,50
1998-10-22,133,6
1998-10-23,172,44
1998-10-24,194,44
1998-10-25,194,56
1998-10-26,228,100
1998-10-27,211,133
1998-10-28,178,67
1998-10-29,161,56
1998-10-30,183,133
1998-10-31,150,122
1998-11-01,133,106
1998-11-02,117,72
1998-11-03,72,28
1998-11-04,50,6
1998-11-05,50,22
1998-11-06,67,-6
1998-11-07,56,-22
1998-11-08,44,6
1998-11-09,83,33
1998-11-10,178,44
1998-11-11,78,22
1998-11-12,72,17
1998-11-13,117,0
1998-11-14,144,56
1998-11-15,78,39
1998-11-16,133,39
1998-11-17,89,22
1998-11-18,156,22
1998-11-19,133,6
1998-11-20,11,-28
1998-11-21,56,-39
1998-11-22,150,33
1998-11-23,156,44
1998-11-24,144,6
1998-11-25,117,78
1998-11-26,161,39
1998-11-27,178,0
1998-11-28,194,50
1998-11-29,200,139
1998-11-30,183,39
1998-12-01,139,6
1998-12-02,161,94
1998-12-03,194,122
1998-12-04,189,133
1998-12-05,167,128
1998-12-06,167,28
1998-12-07,61,11
1998-12-08,72,-11
1998-12-09,89,-17
1998-12-10,44,-11
1998-12-11,94,-22
1998-12-12,89,-28
1998-12-13,94,-33
1998-12-14,83,-39
1998-12-15,106,28
1998-12-16,56,0
1998-12-17,33,-33
1998-12-18,117,0
1998-12-19,50,-17
1998-12-20,22,-33
1998-12-21,11,-117
1998-12-22,-100,-150
1998-12-23,-39,-128
1998-12-24,-22,-122
1998-12-25,6,-83
1998-12-26,-6,-67
1998-12-27,72,-33
1998-12-28,56,-89
1998-12-29,22,-139
1998-12-30,-106,-172
1998-12-31,-83,-128
1999-01-01,-56,-144
1999-01-02,-33,-78
1999-01-03,-33,-150
1999-01-04,-150,-228
1999-01-05,-78,-267
1999-01-06,-61,-167
1999-01-07,-128,-217
1999-01-08,-56,-128
1999-01-09,-111,-200
1999-01-10,-100,-189
1999-01-11,-106,-194
1999-01-12,-22,-117
1999-01-13,-44,-89
1999-01-14,-67,-89
1999-01-15,-11,-89
1999-01-16,44,-67
1999-01-17,50,-100
1999-01-18,22,-56
1999-01-19,11,-72
1999-01-20,50,-72
1999-01-21,50,0
1999-01-22,78,33
1999-01-23,67,6
1999-01-24,17,-6
1999-01-25,11,-56
1999-01-26,39,-78
1999-01-27,94,11
1999-01-28,11,-6
1999-01-29,39,-33
1999-01-30,67,-44
1999-01-31,44,0
1999-02-01,67,17
1999-02-02,56,6
1999-02-03,78,17
1999-02-04,50,-67
1999-02-05,61,-72
1999-02-06,78,6
1999-02-07,28,-22
1999-02-08,89,-33
1999-02-09,122,6
1999-02-10,156,-22
1999-02-11,211,-22
1999-02-12,-6,-100
1999-02-13,0,-100
1999-02-14,83,-61
1999-02-15,128,11
1999-02-16,78,-6
1999-02-17,-6,-50
1999-02-18,28,-67
1999-02-19,0,-44
1999-02-20,-11,-72
1999-02-21,11,-56
1999-02-22,0,-67
1999-02-23,11,-44
1999-02-24,17,-78
1999-02-25,28,-22
1999-02-26,83,-44
1999-02-27,89,33
1999-02-28,44,11
1999-03-01,72,-6
1999-03-02,67,-17
1999-03-03,17,-33
1999-03-04,28,-56
1999-03-05,39,-11
1999-03-06,-11,-67
1999-03-07,-33,-94
1999-03-08,-11,-78
1999-03-09,-6,-28
1999-03-10,11,-44
1999-03-11,17,-67
1999-03-12,28,-89
1999-03-13,22,-72
1999-03-14,33,-39
1999-03-15,50,-67
1999-03-16,106,11
1999-03-17,150,50
1999-03-18,78,-17
1999-03-19,67,-22
1999-03-20,117,-44
1999-03-21,78,-11
1999-03-22,72,-28
1999-03-23,117,-56
1999-03-24,61,-28
1999-03-25,33,-39
1999-03-26,67,-33
1999-03-27,139,-44
1999-03-28,122,-6
1999-03-29,167,11
1999-03-30,222,33
1999-03-31,217,89
1999-04-01,167,117
1999-04-02,239,117
1999-04-03,228,111
1999-04-04,194,67
1999-04-05,156,44
1999-04-06,156,72
1999-04-07,250,6
1999-04-08,172,83
1999-04-09,100,44
1999-04-10,133,33
1999-04-11,106,44
1999-04-12,133,11
1999-04-13,161,33
1999-04-14,161,22
1999-04-15,122,67
1999-04-16,78,56
1999-04-17,94,39
1999-04-18,72,33
1999-04-19,111,-6
1999-04-20,133,6
1999-04-21,161,78
1999-04-22,106,67
1999-04-23,89,33
1999-04-24,117,11
1999-04-25,172,6
1999-04-26,178,33
1999-04-27,117,78
1999-04-28,144,67
1999-04-29,167,56
1999-04-30,178,33
1999-05-01,222,39
1999-05-02,228,56
1999-05-03,256,94
1999-05-04,272,117
1999-05-05,256,161
1999-05-06,172,111
1999-05-07,144,117
1999-05-08,144,89
1999-05-09,161,50
1999-05-10,233,56
1999-05-11,256,133
1999-05-12,222,111
1999-05-13,117,89
1999-05-14,172,61
1999-05-15,222,89
1999-05-16,283,122
1999-05-17,239,167
1999-05-18,200,117
1999-05-19,233,89
1999-05-20,256,94
1999-05-21,250,128
1999-05-22,211,89
1999-05-23,217,89
1999-05-24,122,89
1999-05-25,200,67
1999-05-26,222,83
1999-05-27,272,78
1999-05-28,306,172
1999-05-29,300,183
1999-05-30,289,133
1999-05-31,278,178
1999-06-01,239,128
1999-06-02,228,128
1999-06-03,183,100
1999-06-04,256,100
1999-06-05,317,156
1999-06-06,328,206
1999-06-07,311,228
1999-06-08,333,200
1999-06-09,322,194
1999-06-10,322,194
1999-06-11,322,189
1999-06-12,278,194
1999-06-13,217,150
1999-06-14,239,133
1999-06-15,172,111
1999-06-16,200,122
1999-06-17,189,89
1999-06-18,228,72
1999-06-19,250,144
1999-06-20,261,122
1999-06-21,278,167
1999-06-22,289,178
1999-06-23,283,206
1999-06-24,294,189
1999-06-25,311,167
1999-06-26,317,172
1999-06-27,300,211
1999-06-28,306,194
1999-06-29,233,144
1999-06-30,267,128
1999-07-01,283,183
1999-07-02,300,194
1999-07-03,333,244
1999-07-04,339,261
1999-07-05,344,261
1999-07-06,306,217
1999-07-07,294,183
1999-07-08,300,183
1999-07-09,294,194
1999-07-10,233,122
1999-07-11,272,111
1999-07-12,278,117
1999-07-13,283,133
1999-07-14,294,167
1999-07-15,317,194
1999-07-16,333,217
1999-07-17,272,206
1999-07-18,300,200
1999-07-19,311,206
1999-07-20,289,200
1999-07-21,333,233
1999-07-22,333,222
1999-07-23,344,217
1999-07-24,344,211
1999-07-25,356,228
1999-07-26,311,217
1999-07-27,306,211
1999-07-28,328,222
1999-07-29,356,206
1999-07-30,383,256
1999-07-31,317,244
1999-08-01,283,178
1999-08-02,267,161
1999-08-03,283,150
1999-08-04,289,200
1999-08-05,278,172
1999-08-06,306,178
1999-08-07,239,206
1999-08-08,222,150
1999-08-09,250,122
1999-08-10,311,194
1999-08-11,289,183
1999-08-12,250,172
1999-08-13,272,172
1999-08-14,233,122
1999-08-15,267,111
1999-08-16,300,156
1999-08-17,300,178
1999-08-18,228,156
1999-08-19,233,167
1999-08-20,250,139
1999-08-21,244,122
1999-08-22,261,122
1999-08-23,250,189
1999-08-24,233,194
1999-08-25,228,189
1999-08-26,261,178
1999-08-27,300,167
1999-08-28,322,211
1999-08-29,233,172
1999-08-30,206,128
1999-08-31,256,111
1999-09-01,294,128
1999-09-02,322,139
1999-09-03,322,167
1999-09-04,333,183
1999-09-05,333,167
1999-09-06,244,128
1999-09-07,267,100
1999-09-08,283,150
1999-09-09,217,111
1999-09-10,239,89
1999-09-11,272,78
1999-09-12,261,133
1999-09-13,189,111
1999-09-14,211,89
1999-09-15,194,61
1999-09-16,200,94
1999-09-17,211,83
1999-09-18,244,89
1999-09-19,267,83
1999-09-20,178,111
1999-09-21,161,50
1999-09-22,222,50
1999-09-23,267,106
1999-09-24,183,94
1999-09-25,267,61
1999-09-26,300,139
1999-09-27,233,144
1999-09-28,178,111
1999-09-29,183,83
1999-09-30,211,56
1999-10-01,156,56
1999-10-02,128,22
1999-10-03,83,50
1999-10-04,122,39
1999-10-05,183,22
1999-10-06,150,67
1999-10-07,228,67
1999-10-08,178,139
1999-10-09,211,89
1999-10-10,261,117
1999-10-11,194,56
1999-10-12,239,89
1999-10-13,194,67
1999-10-14,156,17
1999-10-15,261,89
1999-10-16,206,83
1999-10-17,111,28
1999-10-18,111,17
1999-10-19,150,44
1999-10-20,111,17
1999-10-21,200,22
1999-10-22,156,56
1999-10-23,94,22
1999-10-24,106,-22
1999-10-25,183,17
1999-10-26,161,67
1999-10-27,161,11
1999-10-28,267,89
1999-10-29,256,72
1999-10-30,244,133
1999-10-31,206,78
1999-11-01,228,72
1999-11-02,83,22
1999-11-03,78,-22
1999-11-04,183,-33
1999-11-05,194,61
1999-11-06,128,17
1999-11-07,133,-6
1999-11-08,217,33
1999-11-09,233,150
1999-11-10,206,83
1999-11-11,89,39
1999-11-12,150,11
1999-11-13,217,28
1999-11-14,156,-17
1999-11-15,106,-6
1999-11-16,78,-17
1999-11-17,94,-11
1999-11-18,217,67
1999-11-19,150,39
1999-11-20,67,6
1999-11-21,106,0
1999-11-22,167,78
1999-11-23,172,44
1999-11-24,78,6
1999-11-25,89,-50
1999-11-26,83,-28
1999-11-27,89,6
1999-11-28,72,-56
1999-11-29,33,-33
1999-11-30,44,-72
1999-12-01,67,-28
1999-12-02,144,50
1999-12-03,139,89
1999-12-04,122,67
1999-12-05,83,-11
1999-12-06,11,-50
1999-12-07,50,-44
1999-12-08,94,-28
1999-12-09,117,6
1999-12-10,33,-50
1999-12-11,50,-67
1999-12-12,56,-28
1999-12-13,78,-44
1999-12-14,44,22
1999-12-15,33,6
1999-12-16,11,-67
1999-12-17,-11,-94
1999-12-18,-6,-144
1999-12-19,44,-50
1999-12-20,28,-150
1999-12-21,-100,-172
1999-12-22,-83,-133
1999-12-23,-89,-161
1999-12-24,-67,-133
1999-12-25,-6,-139
1999-12-26,11,-56
1999-12-27,-39,-106
1999-12-28,-6,-117
1999-12-29,72,-33
1999-12-30,44,-28
1999-12-31,50,-33
2000-01-01,89,17
2000-01-02,156,17
2000-01-03,33,0
2000-01-04,6,-50
2000-01-05,-33,-106
2000-01-06,50,-33
2000-01-07,-17,-61
2000-01-08,72,-17
2000-01-09,50,28
2000-01-10,78,28
2000-01-11,28,-17
2000-01-12,17,-28
2000-01-13,11,-89
2000-01-14,-22,-117
2000-01-15,56,-33
2000-01-16,28,-39
2000-01-17,-39,-72
2000-01-18,0,-83
2000-01-19,-22,-106
2000-01-20,-72,-178
2000-01-21,-106,-194
2000-01-22,-28,-139
2000-01-23,-22,-161
2000-01-24,-94,-194
2000-01-25,-56,-111
2000-01-26,-56,-139
2000-01-27,-33,-100
2000-01-28,-11,-117
2000-01-29,-6,-89
2000-01-30,-6,-44
2000-01-31,-39,-100
2000-02-01,-6,-78
2000-02-02,-6,-117
2000-02-03,28,-17
2000-02-04,-6,-78
2000-02-05,-28,-94
2000-02-06,6,-106
2000-02-07,28,-100
2000-02-08,6,-122
2000-02-09,89,6
2000-02-10,50,-17
2000-02-11,-17,-78
2000-02-12,17,-106
2000-02-13,-6,-17
2000-02-14,6,-72
2000-02-15,61,-72
2000-02-16,28,-72
2000-02-17,17,-78
2000-02-18,0,-22
2000-02-19,6,-39
2000-02-20,-6,-56
2000-02-21,83,-56
2000-02-22,150,39
2000-02-23,189,106
2000-02-24,139,50
2000-02-25,222,33
2000-02-26,178,89
2000-02-27,111,33
2000-02-28,128,-11
2000-02-29,178,67
2000-03-01,133,22
2000-03-02,44,-39
2000-03-03,89,-56
2000-03-04,167,-17
2000-03-05,206,11
2000-03-06,211,0
2000-03-07,256,117
2000-03-08,256,133
2000-03-09,172,-22
2000-03-10,11,-33
2000-03-11,17,-44
2000-03-12,83,-67
2000-03-13,67,11
2000-03-14,144,0
2000-03-15,183,11
2000-03-16,28,-22
2000-03-17,22,-28
2000-03-18,61,-39
2000-03-19,56,22
2000-03-20,128,56
2000-03-21,106,56
2000-03-22,150,61
2000-03-23,167,33
2000-03-24,200,78
2000-03-25,161,67
2000-03-26,200,22
2000-03-27,133,33
2000-03-28,67,6
2000-03-29,106,-17
2000-03-30,106,-22
2000-03-31,172,-33
2000-04-01,139,83
2000-04-02,139,67
2000-04-03,156,61
2000-04-04,78,-17
2000-04-05,172,-39
2000-04-06,178,56
2000-04-07,111,-11
2000-04-08,50,-28
2000-04-09,144,0
2000-04-10,44,6
2000-04-11,39,-17
2000-04-12,94,-17
2000-04-13,172,11
2000-04-14,244,44
2000-04-15,222,44
2000-04-16,94,39
2000-04-17,56,39
2000-04-18,128,44
2000-04-19,139,83
2000-04-20,183,50
2000-04-21,111,17
2000-04-22,183,-6
2000-04-23,106,56
2000-04-24,178,44
2000-04-25,161,28
2000-04-26,183,33
2000-04-27,200,33
2000-04-28,211,28
2000-04-29,133,44
2000-04-30,217,28
2000-05-01,194,78
2000-05-02,217,61
2000-05-03,250,89
2000-05-04,272,172
2000-05-05,289,178
2000-05-06,300,167
2000-05-07,250,178
2000-05-08,294,189
2000-05-09,194,106
2000-05-10,178,78
2000-05-11,244,144
2000-05-12,294,156
2000-05-13,156,72
2000-05-14,172,44
2000-05-15,211,61
2000-05-16,200,122
2000-05-17,206,111
2000-05-18,206,78
2000-05-19,89,67
2000-05-20,172,83
2000-05-21,206,67
2000-05-22,256,128
2000-05-23,272,139
2000-05-24,267,133
2000-05-25,244,106
2000-05-26,217,106
2000-05-27,189,117
2000-05-28,156,100
2000-05-29,194,67
2000-05-30,267,94
2000-05-31,244,139
2000-06-01,300,150
2000-06-02,211,100
2000-06-03,178,72
2000-06-04,161,106
2000-06-05,172,72
2000-06-06,233,72
2000-06-07,256,94
2000-06-08,317,189
2000-06-09,306,194
2000-06-10,311,222
2000-06-11,283,133
2000-06-12,156,117
2000-06-13,278,133
2000-06-14,256,189
2000-06-15,256,161
2000-06-16,228,161
2000-06-17,178,133
2000-06-18,233,128
2000-06-19,267,111
2000-06-20,272,189
2000-06-21,261,200
2000-06-22,278,161
2000-06-23,294,139
2000-06-24,250,178
2000-06-25,300,178
2000-06-26,261,183
2000-06-27,250,150
2000-06-28,206,128
2000-06-29,244,128
2000-06-30,267,111
2000-07-01,272,161
2000-07-02,289,178
2000-07-03,222,178
2000-07-04,261,161
2000-07-05,289,194
2000-07-06,278,183
2000-07-07,244,178
2000-07-08,289,161
2000-07-09,317,222
2000-07-10,278,178
2000-07-11,239,167
2000-07-12,267,178
2000-07-13,311,167
2000-07-14,311,189
2000-07-15,267,189
2000-07-16,289,167
2000-07-17,311,183
2000-07-18,217,161
2000-07-19,206,133
2000-07-20,239,150
2000-07-21,239,144
2000-07-22,222,117
2000-07-23,228,111
2000-07-24,261,117
2000-07-25,272,139
2000-07-26,289,161
2000-07-27,311,183
2000-07-28,289,178
2000-07-29,261,194
2000-07-30,233,200
2000-07-31,233,189
2000-08-01,283,167
2000-08-02,306,183
2000-08-03,222,122
2000-08-04,267,122
2000-08-05,239,144
2000-08-06,311,200
2000-08-07,294,189
2000-08-08,289,211
2000-08-09,311,206
2000-08-10,300,161
2000-08-11,267,167
2000-08-12,283,150
2000-08-13,272,189
2000-08-14,300,183
2000-08-15,333,217
2000-08-16,250,167
2000-08-17,239,156
2000-08-18,239,144
2000-08-19,217,139
2000-08-20,228,139
2000-08-21,261,128
2000-08-22,289,194
2000-08-23,289,194
2000-08-24,278,156
2000-08-25,289,133
2000-08-26,272,183
2000-08-27,250,189
2000-08-28,294,178
2000-08-29,283,211
2000-08-30,283,217
2000-08-31,333,200
2000-09-01,339,194
2000-09-02,328,194
2000-09-03,294,206
2000-09-04,211,161
2000-09-05,194,144
2000-09-06,239,83
2000-09-07,311,150
2000-09-08,278,194
2000-09-09,294,194
2000-09-10,289,222
2000-09-11,306,172
2000-09-12,222,117
2000-09-13,261,83
2000-09-14,228,133
2000-09-15,167,94
2000-09-16,194,67
2000-09-17,267,128
2000-09-18,300,106
2000-09-19,306,167
2000-09-20,183,100
2000-09-21,172,72
2000-09-22,194,94
2000-09-23,211,128
2000-09-24,133,94
2000-09-25,128,61
2000-09-26,206,56
2000-09-27,200,94
2000-09-28,167,83
2000-09-29,233,83
2000-09-30,250,117
2000-10-01,283,161
2000-10-02,272,133
2000-10-03,228,67
2000-10-04,161,111
2000-10-05,144,72
2000-10-06,89,11
2000-10-07,94,-11
2000-10-08,78,-6
2000-10-09,139,-11
2000-10-10,167,22
2000-10-11,189,44
2000-10-12,228,61
2000-10-13,256,122
2000-10-14,233,156
2000-10-15,178,72
2000-10-16,150,56
2000-10-17,172,44
2000-10-18,211,33
2000-10-19,244,83
2000-10-20,250,128
2000-10-21,194,94
2000-10-22,206,89
2000-10-23,217,144
2000-10-24,194,144
2000-10-25,206,128
2000-10-26,244,150
2000-10-27,217,106
2000-10-28,117,78
2000-10-29,128,28
2000-10-30,172,22
2000-10-31,211,83
2000-11-01,228,117
2000-11-02,178,78
2000-11-03,150,28
2000-11-04,128,22
2000-11-05,156,-6
2000-11-06,117,72
2000-11-07,139,44
2000-11-08,89,0
2000-11-09,56,22
2000-11-10,61,-6
2000-11-11,83,-22
2000-11-12,89,50
2000-11-13,61,-17
2000-11-14,22,-22
2000-11-15,39,-56
2000-11-16,56,-11
2000-11-17,0,-28
2000-11-18,0,-61
2000-11-19,44,-67
2000-11-20,-17,-78
2000-11-21,-44,-100
2000-11-22,-11,-100
2000-11-23,22,-61
2000-11-24,72,-72
2000-11-25,72,-11
2000-11-26,50,28
2000-11-27,33,-17
2000-11-28,44,-28
2000-11-29,28,0
2000-11-30,22,0
2000-12-01,22,-6
2000-12-02,17,-28
2000-12-03,17,-61
2000-12-04,28,-33
2000-12-05,-17,-111
2000-12-06,-67,-122
2000-12-07,-11,-67
2000-12-08,-17,-139
2000-12-09,-11,-167
2000-12-10,11,-39
2000-12-11,-6,-94
2000-12-12,-94,-222
2000-12-13,-44,-222
2000-12-14,-33,-139
2000-12-15,-6,-161
2000-12-16,11,-89
2000-12-17,-89,-183
2000-12-18,-89,-183
2000-12-19,-67,-139
2000-12-20,-83,-206
2000-12-21,-72,-217
2000-12-22,-139,-228
2000-12-23,-67,-200
2000-12-24,-117,-189
2000-12-25,-83,-217
2000-12-26,-72,-161
2000-12-27,-83,-144
2000-12-28,-67,-144
2000-12-29,-33,-94
2000-12-30,-6,-50
2000-12-31,-39,-139
2001-01-01,-44,-150
2001-01-02,-72,-150
2001-01-03,-22,-139
2001-01-04,-11,-72
2001-01-05,22,-61
2001-01-06,6,-83
2001-01-07,11,-61
2001-01-08,-33,-111
2001-01-09,-50,-122
2001-01-10,11,-78
2001-01-11,39,-78
2001-01-12,28,-50
2001-01-13,22,0
2001-01-14,22,0
2001-01-15,17,-6
2001-01-16,-6,-33
2001-01-17,-33,-72
2001-01-18,-6,-72
2001-01-19,-28,-83
2001-01-20,-44,-117
2001-01-21,-39,-128
2001-01-22,-17,-144
2001-01-23,17,-61
2001-01-24,-22,-89
2001-01-25,-39,-106
2001-01-26,-6,-61
2001-01-27,-33,-94
2001-01-28,-17,-100
2001-01-29,56,-17
2001-01-30,44,0
2001-01-31,17,-28
2001-02-01,0,-156
2001-02-02,-111,-189
2001-02-03,-11,-122
2001-02-04,11,-33
2001-02-05,0,-33
2001-02-06,22,-67
2001-02-07,17,-83
2001-02-08,117,11
2001-02-09,122,-67
2001-02-10,-67,-111
2001-02-11,-28,-122
2001-02-12,33,-67
2001-02-13,33,-6
2001-02-14,28,-22
2001-02-15,0,-33
2001-02-16,-6,-100
2001-02-17,-72,-144
2001-02-18,-22,-139
2001-02-19,56,-22
2001-02-20,22,-78
2001-02-21,-61,-128
2001-02-22,-28,-72
2001-02-23,-11,-78
2001-02-24,133,-11
2001-02-25,128,-22
2001-02-26,44,-56
2001-02-27,-17,-83
2001-02-28,-22,-117
2001-03-01,56,-67
2001-03-02,56,-22
2001-03-03,94,-56
2001-03-04,17,-44
2001-03-05,-22,-78
2001-03-06,11,-61
2001-03-07,67,-56
2001-03-08,17,-28
2001-03-09,33,-50
2001-03-10,100,-78
2001-03-11,33,-22
2001-03-12,94,-11
2001-03-13,56,-6
2001-03-14,100,-39
2001-03-15,72,6
2001-03-16,11,-11
2001-03-17,33,-33
2001-03-18,67,-67
2001-03-19,78,-39
2001-03-20,89,-28
2001-03-21,111,-17
2001-03-22,133,-22
2001-03-23,100,11
2001-03-24,22,-61
2001-03-25,-39,-72
2001-03-26,6,-89
2001-03-27,39,-44
2001-03-28,94,-56
2001-03-29,78,17
2001-03-30,106,0
2001-03-31,133,17
2001-04-01,94,-11
2001-04-02,156,-11
2001-04-03,78,17
2001-04-04,111,-6
2001-04-05,156,22
2001-04-06,167,67
2001-04-07,283,67
2001-04-08,250,72
2001-04-09,150,67
2001-04-10,106,61
2001-04-11,250,106
2001-04-12,189,83
2001-04-13,150,28
2001-04-14,183,33
2001-04-15,122,61
2001-04-16,56,-17
2001-04-17,78,-17
2001-04-18,128,-33
2001-04-19,200,6
2001-04-20,250,106
2001-04-21,278,128
2001-04-22,256,106
2001-04-23,222,67
2001-04-24,161,56
2001-04-25,156,56
2001-04-26,244,78
2001-04-27,172,44
2001-04-28,183,44
2001-04-29,239,78
2001-04-30,294,100
2001-05-01,283,167
2001-05-02,272,183
2001-05-03,300,144
2001-05-04,156,94
2001-05-05,189,100
2001-05-06,239,122
2001-05-07,194,117
2001-05-08,244,89
2001-05-09,267,117
2001-05-10,272,144
2001-05-11,178,67
2001-05-12,139,33
2001-05-13,200,28
2001-05-14,189,56
2001-05-15,311,128
2001-05-16,317,178
2001-05-17,294,167
2001-05-18,228,133
2001-05-19,228,94
2001-05-20,250,94
2001-05-21,211,117
2001-05-22,161,72
2001-05-23,172,67
2001-05-24,156,56
2001-05-25,150,61
2001-05-26,139,33
2001-05-27,161,94
2001-05-28,194,100
2001-05-29,167,67
2001-05-30,156,72
2001-05-31,167,67
2001-06-01,183,94
2001-06-02,133,100
2001-06-03,128,94
2001-06-04,128,78
2001-06-05,144,83
2001-06-06,167,111
2001-06-07,200,100
2001-06-08,233,89
2001-06-09,272,100
2001-06-10,283,183
2001-06-11,306,178
2001-06-12,300,172
2001-06-13,328,200
2001-06-14,328,200
2001-06-15,250,172
2001-06-16,300,128
2001-06-17,306,122
2001-06-18,328,178
2001-06-19,289,183
2001-06-20,244,172
2001-06-21,206,128
2001-06-22,206,106
2001-06-23,228,100
2001-06-24,272,100
2001-06-25,294,144
2001-06-26,300,161
2001-06-27,306,172
2001-06-28,300,172
2001-06-29,306,189
2001-06-30,311,200
2001-07-01,256,100
2001-07-02,239,94
2001-07-03,261,178
2001-07-04,311,200
2001-07-05,228,122
2001-07-06,272,100
2001-07-07,300,167
2001-07-08,317,200
2001-07-09,328,189
2001-07-10,339,200
2001-07-11,256,156
2001-07-12,267,144
2001-07-13,261,139
2001-07-14,306,161
2001-07-15,311,150
2001-07-16,300,172
2001-07-17,300,217
2001-07-18,294,211
2001-07-19,311,189
2001-07-20,339,211
2001-07-21,339,228
2001-07-22,350,200
2001-07-23,333,228
2001-07-24,322,200
2001-07-25,239,194
2001-07-26,256,200
2001-07-27,256,178
2001-07-28,256,183
2001-07-29,322,183
2001-07-30,322,211
2001-07-31,344,217
2001-08-01,333,244
2001-08-02,289,228
2001-08-03,289,189
2001-08-04,306,178
2001-08-05,317,172
2001-08-06,333,211
2001-08-07,350,239
2001-08-08,339,244
2001-08-09,350,222
2001-08-10,250,167
2001-08-11,250,156
2001-08-12,289,156
2001-08-13,239,150
2001-08-14,239,139
2001-08-15,250,139
2001-08-16,211,183
2001-08-17,256,161
2001-08-18,211,161
2001-08-19,228,167
2001-08-20,261,144
2001-08-21,272,172
2001-08-22,300,200
2001-08-23,233,206
2001-08-24,267,194
2001-08-25,261,206
2001-08-26,289,189
2001-08-27,289,178
2001-08-28,256,144
2001-08-29,278,133
2001-08-30,294,200
2001-08-31,239,161
2001-09-01,194,111
2001-09-02,256,94
2001-09-03,294,167
2001-09-04,239,144
2001-09-05,256,122
2001-09-06,294,161
2001-09-07,306,200
2001-09-08,272,172
2001-09-09,222,128
2001-09-10,250,117
2001-09-11,256,100
2001-09-12,278,133
2001-09-13,200,139
2001-09-14,172,122
2001-09-15,189,100
2001-09-16,217,89
2001-09-17,183,111
2001-09-18,206,128
2001-09-19,194,139
2001-09-20,228,117
2001-09-21,200,128
2001-09-22,233,106
2001-09-23,189,100
2001-09-24,128,72
2001-09-25,144,44
2001-09-26,206,100
2001-09-27,167,72
2001-09-28,133,111
2001-09-29,183,78
2001-09-30,217,67
2001-10-01,256,94
2001-10-02,267,89
2001-10-03,256,117
2001-10-04,167,83
2001-10-05,106,50
2001-10-06,100,-11
2001-10-07,111,-17
2001-10-08,183,39
2001-10-09,228,133
2001-10-10,183,128
2001-10-11,178,106
2001-10-12,161,106
2001-10-13,183,128
2001-10-14,156,78
2001-10-15,111,56
2001-10-16,111,33
2001-10-17,106,6
2001-10-18,178,33
2001-10-19,156,78
2001-10-20,200,67
2001-10-21,194,106
2001-10-22,167,94
2001-10-23,183,144
2001-10-24,172,44
2001-10-25,44,17
2001-10-26,50,22
2001-10-27,72,-11
2001-10-28,122,0
2001-10-29,156,61
2001-10-30,111,83
2001-10-31,200,100
2001-11-01,189,144
2001-11-02,189,78
2001-11-03,189,17
2001-11-04,161,22
2001-11-05,133,-11
2001-11-06,167,6
2001-11-07,200,67
2001-11-08,150,-6
2001-11-09,111,-28
2001-11-10,150,39
2001-11-11,106,11
2001-11-12,133,-22
2001-11-13,172,44
2001-11-14,167,106
2001-11-15,200,122
2001-11-16,156,44
2001-11-17,189,33
2001-11-18,172,89
2001-11-19,133,17
2001-11-20,61,-22
2001-11-21,117,17
2001-11-22,139,39
2001-11-23,150,67
2001-11-24,178,94
2001-11-25,94,56
2001-11-26,100,22
2001-11-27,111,22
2001-11-28,56,17
2001-11-29,72,39
2001-11-30,89,50
2001-12-01,56,-11
2001-12-02,111,-33
2001-12-03,133,50
2001-12-04,167,122
2001-12-05,200,67
2001-12-06,106,28
2001-12-07,78,17
2001-12-08,83,-11
2001-12-09,44,-56
2001-12-10,89,-17
2001-12-11,89,-50
2001-12-12,83,33
2001-12-13,78,-6
2001-12-14,33,-6
2001-12-15,44,-17
2001-12-16,72,39
2001-12-17,78,6
2001-12-18,89,-17
2001-12-19,50,-11
2001-12-20,44,-39
2001-12-21,44,-56
2001-12-22,94,6
2001-12-23,0,-61
2001-12-24,-61,-94
2001-12-25,-56,-111
2001-12-26,-78,-128
2001-12-27,-28,-78
2001-12-28,-39,-83
2001-12-29,-72,-133
2001-12-30,-67,-150
2001-12-31,-61,-139
2002-01-01,-39,-122
2002-01-02,-6,-117
2002-01-03,-22,-111
2002-01-04,33,-78
2002-01-05,17,-22
2002-01-06,17,-56
2002-01-07,-22,-94
2002-01-08,50,-61
2002-01-09,128,33
2002-01-10,67,11
2002-01-11,61,6
2002-01-12,50,-17
2002-01-13,56,-44
2002-01-14,44,-11
2002-01-15,11,-11
2002-01-16,6,-44
2002-01-17,-39,-111
2002-01-18,-67,-111
2002-01-19,-17,-117
2002-01-20,22,-56
2002-01-21,22,-39
2002-01-22,128,0
2002-01-23,89,17
2002-01-24,44,0
2002-01-25,100,-28
2002-01-26,117,11
2002-01-27,150,33
2002-01-28,83,11
2002-01-29,22,-6
2002-01-30,11,-17
2002-01-31,11,-11
2002-02-01,11,-72
2002-02-02,6,-133
2002-02-03,17,-72
2002-02-04,-44,-117
2002-02-05,-11,-122
2002-02-06,28,-61
2002-02-07,44,-44
2002-02-08,61,-17
2002-02-09,100,-11
2002-02-10,78,-28
2002-02-11,33,-72
2002-02-12,61,-33
2002-02-13,6,-83
2002-02-14,78,-17
2002-02-15,56,17
2002-02-16,56,0
2002-02-17,39,-33
2002-02-18,100,-39
2002-02-19,78,33
2002-02-20,122,11
2002-02-21,11,-17
2002-02-22,33,-56
2002-02-23,89,-50
2002-02-24,161,33
2002-02-25,111,0
2002-02-26,0,-72
2002-02-27,-39,-83
2002-02-28,-6,-94
2002-03-01,0,-67
2002-03-02,11,-61
2002-03-03,-61,-178
2002-03-04,-72,-217
2002-03-05,6,-111
2002-03-06,61,-33
2002-03-07,33,6
2002-03-08,178,28
2002-03-09,172,-61
2002-03-10,-22,-100
2002-03-11,67,-56
2002-03-12,117,-28
2002-03-13,150,22
2002-03-14,172,28
2002-03-15,150,17
2002-03-16,50,0
2002-03-17,50,11
2002-03-18,83,22
2002-03-19,89,17
2002-03-20,78,6
2002-03-21,39,-83
2002-03-22,28,-100
2002-03-23,106,-28
2002-03-24,50,-33
2002-03-25,-6,-44
2002-03-26,33,-39
2002-03-27,89,-50
2002-03-28,100,-17
2002-03-29,72,28
2002-03-30,100,17
2002-03-31,83,-22
2002-04-01,50,-28
2002-04-02,67,6
2002-04-03,44,-11
2002-04-04,28,-39
2002-04-05,50,-44
2002-04-06,67,-44
2002-04-07,94,17
2002-04-08,111,78
2002-04-09,106,17
2002-04-10,178,11
2002-04-11,239,100
2002-04-12,194,83
2002-04-13,167,56
2002-04-14,250,50
2002-04-15,311,167
2002-04-16,306,200
2002-04-17,294,183
2002-04-18,317,172
2002-04-19,200,67
2002-04-20,89,50
2002-04-21,56,39
2002-04-22,61,22
2002-04-23,156,-6
2002-04-24,228,56
2002-04-25,122,28
2002-04-26,117,22
2002-04-27,122,50
2002-04-28,150,50
2002-04-29,161,44
2002-04-30,156,83
2002-05-01,172,61
2002-05-02,117,67
2002-05-03,117,33
2002-05-04,206,11
2002-05-05,206,89
2002-05-06,239,156
2002-05-07,200,67
2002-05-08,183,72
2002-05-09,200,89
2002-05-10,189,72
2002-05-11,139,72
2002-05-12,100,72
2002-05-13,133,67
2002-05-14,178,61
2002-05-15,239,44
2002-05-16,189,61
2002-05-17,72,22
2002-05-18,122,11
2002-05-19,122,33
2002-05-20,89,6
2002-05-21,144,-6
2002-05-22,200,50
2002-05-23,222,139
2002-05-24,178,61
2002-05-25,139,50
2002-05-26,228,28
2002-05-27,256,94
2002-05-28,256,150
2002-05-29,283,167
2002-05-30,294,178
2002-05-31,300,194
2002-06-01,333,156
2002-06-02,217,111
2002-06-03,211,117
2002-06-04,211,150
2002-06-05,183,78
2002-06-06,189,100
2002-06-07,250,100
2002-06-08,278,156
2002-06-09,306,133
2002-06-10,311,217
2002-06-11,283,206
2002-06-12,211,139
2002-06-13,178,128
2002-06-14,194,122
2002-06-15,256,128
2002-06-16,250,128
2002-06-17,250,139
2002-06-18,289,128
2002-06-19,294,178
2002-06-20,328,228
2002-06-21,311,217
2002-06-22,333,194
2002-06-23,333,222
2002-06-24,333,178
2002-06-25,311,228
2002-06-26,311,211
2002-06-27,278,189
2002-06-28,300,161
2002-06-29,306,156
2002-06-30,339,206
2002-07-01,339,239
2002-07-02,339,239
2002-07-03,344,228
2002-07-04,322,206
2002-07-05,272,200
2002-07-06,289,189
2002-07-07,317,178
2002-07-08,339,206
2002-07-09,267,200
2002-07-10,256,206
2002-07-11,233,172
2002-07-12,261,139
2002-07-13,278,139
2002-07-14,311,133
2002-07-15,328,156
2002-07-16,317,206
2002-07-17,317,189
2002-07-18,333,222
2002-07-19,272,194
2002-07-20,322,167
2002-07-21,356,256
2002-07-22,322,244
2002-07-23,244,172
2002-07-24,261,172
2002-07-25,267,183
2002-07-26,311,206
2002-07-27,317,217
2002-07-28,311,233
2002-07-29,283,217
2002-07-30,328,206
2002-07-31,344,206
2002-08-01,344,239
2002-08-02,272,172
2002-08-03,322,150
2002-08-04,317,233
2002-08-05,289,206
2002-08-06,233,172
2002-08-07,244,144
2002-08-08,267,144
2002-08-09,283,139
2002-08-10,317,150
2002-08-11,339,194
2002-08-12,317,206
2002-08-13,294,194
2002-08-14,250,172
2002-08-15,294,167
2002-08-16,272,206
2002-08-17,306,183
2002-08-18,261,117
2002-08-19,233,139
2002-08-20,244,128
2002-08-21,306,167
2002-08-22,272,194
2002-08-23,256,194
2002-08-24,283,183
2002-08-25,289,178
2002-08-26,272,189
2002-08-27,283,183
2002-08-28,261,183
2002-08-29,256,161
2002-08-30,283,167
2002-08-31,283,172
2002-09-01,294,167
2002-09-02,278,189
2002-09-03,267,178
2002-09-04,289,150
2002-09-05,283,156
2002-09-06,294,139
2002-09-07,317,150
2002-09-08,333,156
2002-09-09,322,189
2002-09-10,317,167
2002-09-11,239,111
2002-09-12,256,94
2002-09-13,250,106
2002-09-14,283,117
2002-09-15,222,117
2002-09-16,244,89
2002-09-17,261,100
2002-09-18,267,167
2002-09-19,267,222
2002-09-20,222,167
2002-09-21,267,144
2002-09-22,189,72
2002-09-23,206,39
2002-09-24,161,56
2002-09-25,233,61
2002-09-26,244,89
2002-09-27,194,117
2002-09-28,233,100
2002-09-29,289,156
2002-09-30,294,200
2002-10-01,278,194
2002-10-02,217,156
2002-10-03,172,144
2002-10-04,222,122
2002-10-05,172,78
2002-10-06,206,83
2002-10-07,128,44
2002-10-08,189,72
2002-10-09,183,89
2002-10-10,228,106
2002-10-11,228,89
2002-10-12,222,94
2002-10-13,100,6
2002-10-14,139,-11
2002-10-15,156,39
2002-10-16,100,6
2002-10-17,72,22
2002-10-18,167,22
2002-10-19,106,0
2002-10-20,111,-17
2002-10-21,133,6
2002-10-22,100,28
2002-10-23,78,44
2002-10-24,78,56
2002-10-25,83,56
2002-10-26,83,33
2002-10-27,78,33
2002-10-28,94,33
2002-10-29,78,56
2002-10-30,89,50
2002-10-31,94,-6
2002-11-01,44,-39
2002-11-02,89,-22
2002-11-03,83,-44
2002-11-04,78,-6
2002-11-05,50,11
2002-11-06,61,22
2002-11-07,144,-17
2002-11-08,172,89
2002-11-09,172,117
2002-11-10,167,44
2002-11-11,50,22
2002-11-12,61,22
2002-11-13,133,17
2002-11-14,128,39
2002-11-15,44,22
2002-11-16,22,-6
2002-11-17,39,-44
2002-11-18,72,-44
2002-11-19,122,6
2002-11-20,106,28
2002-11-21,61,11
2002-11-22,28,-44
2002-11-23,83,-11
2002-11-24,33,-33
2002-11-25,-6,-67
2002-11-26,-17,-67
2002-11-27,-11,-100
2002-11-28,6,-94
2002-11-29,78,6
2002-11-30,44,-83
2002-12-01,22,-106
2002-12-02,17,-56
2002-12-03,-44,-100
2002-12-04,-22,-122
2002-12-05,-44,-94
2002-12-06,0,-128
2002-12-07,50,-22
2002-12-08,-11,-106
2002-12-09,-6,-133
2002-12-10,72,-50
2002-12-11,72,-72
2002-12-12,33,-17
2002-12-13,39,6
2002-12-14,33,-6
2002-12-15,72,-6
2002-12-16,6,-11
2002-12-17,28,-11
2002-12-18,128,28
2002-12-19,128,11
2002-12-20,17,-17
2002-12-21,11,-22
2002-12-22,-11,-39
2002-12-23,11,-56
2002-12-24,-6,-67
2002-12-25,-17,-50
2002-12-26,-17,-78
2002-12-27,6,-78
2002-12-28,22,-39
2002-12-29,44,-56
2002-12-30,156,28
2002-12-31,50,-22
2003-01-01,6,-28
2003-01-02,-6,-22
2003-01-03,11,-72
2003-01-04,11,-94
2003-01-05,0,-11
2003-01-06,6,-33
2003-01-07,83,-33
2003-01-08,122,28
2003-01-09,72,-22
2003-01-10,-17,-106
2003-01-11,-67,-133
2003-01-12,0,-128
2003-01-13,-11,-78
2003-01-14,-72,-133
2003-01-15,-56,-156
2003-01-16,-28,-89
2003-01-17,-44,-128
2003-01-18,-50,-139
2003-01-19,-22,-161
2003-01-20,-61,-111
2003-01-21,-78,-144
2003-01-22,-100,-161
2003-01-23,-111,-200
2003-01-24,-89,-167
2003-01-25,11,-94
2003-01-26,-72,-172
2003-01-27,-67,-217
2003-01-28,-6,-67
2003-01-29,-22,-106
2003-01-30,0,-78
2003-01-31,17,0
2003-02-01,11,0
2003-02-02,39,11
2003-02-03,72,0
2003-02-04,0,-122
2003-02-05,-28,-133
2003-02-06,0,-94
2003-02-07,-78,-133
2003-02-08,-11,-122
2003-02-09,-33,-156
2003-02-10,-22,-133
2003-02-11,0,-150
2003-02-12,-61,-156
2003-02-13,0,-117
2003-02-14,17,-100
2003-02-15,-17,-72
2003-02-16,-22,-78
2003-02-17,0,-56
2003-02-18,28,-39
2003-02-19,50,-44
2003-02-20,100,-28
2003-02-21,100,-50
2003-02-22,17,-67
2003-02-23,-22,-111
2003-02-24,-50,-144
2003-02-25,-83,-189
2003-02-26,-11,-150
2003-02-27,0,-122
2003-02-28,44,-106
2003-03-01,39,-61
2003-03-02,0,-122
2003-03-03,-6,-133
2003-03-04,11,-94
2003-03-05,-44,-72
2003-03-06,-22,-117
2003-03-07,17,-50
2003-03-08,56,-106
2003-03-09,-106,-144
2003-03-10,-67,-167
2003-03-11,67,-83
2003-03-12,56,-17
2003-03-13,17,-28
2003-03-14,128,-50
2003-03-15,139,0
2003-03-16,194,56
2003-03-17,228,44
2003-03-18,67,28
2003-03-19,94,22
2003-03-20,183,61
2003-03-21,89,39
2003-03-22,83,39
2003-03-23,172,50
2003-03-24,233,56
2003-03-25,144,44
2003-03-26,150,-6
2003-03-27,194,44
2003-03-28,161,22
2003-03-29,33,-33
2003-03-30,61,-50
2003-03-31,128,-44
2003-04-01,272,39
2003-04-02,222,22
2003-04-03,83,28
2003-04-04,39,0
2003-04-05,6,-39
2003-04-06,28,-11
2003-04-07,11,-11
2003-04-08,0,-6
2003-04-09,61,-17
2003-04-10,144,-33
2003-04-11,211,0
2003-04-12,94,22
2003-04-13,194,-17
2003-04-14,294,89
2003-04-15,300,178
2003-04-16,206,44
2003-04-17,67,39
2003-04-18,78,39
2003-04-19,261,50
2003-04-20,200,100
2003-04-21,106,61
2003-04-22,133,17
2003-04-23,133,-11
2003-04-24,156,28
2003-04-25,139,56
2003-04-26,144,28
2003-04-27,239,22
2003-04-28,250,122
2003-04-29,172,67
2003-04-30,200,78
2003-05-01,122,78
2003-05-02,117,22
2003-05-03,139,11
2003-05-04,150,22
2003-05-05,206,111
2003-05-06,222,89
2003-05-07,139,89
2003-05-08,161,89
2003-05-09,289,122
2003-05-10,233,133
2003-05-11,217,89
2003-05-12,194,100
2003-05-13,228,94
2003-05-14,150,78
2003-05-15,139,78
2003-05-16,183,67
2003-05-17,200,94
2003-05-18,217,89
2003-05-19,233,144
2003-05-20,200,83
2003-05-21,139,67
2003-05-22,161,39
2003-05-23,178,56
2003-05-24,211,61
2003-05-25,194,83
2003-05-26,217,78
2003-05-27,239,94
2003-05-28,217,144
2003-05-29,194,89
2003-05-30,217,72
2003-05-31,144,33
2003-06-01,172,33
2003-06-02,200,33
2003-06-03,161,111
2003-06-04,200,89
2003-06-05,256,83
2003-06-06,222,94
2003-06-07,250,128
2003-06-08,194,133
2003-06-09,244,122
2003-06-10,256,122
2003-06-11,200,117
2003-06-12,194,128
2003-06-13,211,139
2003-06-14,256,111
2003-06-15,239,139
2003-06-16,261,117
2003-06-17,272,111
2003-06-18,322,139
2003-06-19,200,106
2003-06-20,228,72
2003-06-21,267,83
2003-06-22,294,122
2003-06-23,311,161
2003-06-24,333,189
2003-06-25,333,222
2003-06-26,239,156
2003-06-27,283,139
2003-06-28,278,172
2003-06-29,283,178
2003-06-30,294,144
2003-07-01,300,150
2003-07-02,317,156
2003-07-03,339,178
2003-07-04,344,228
2003-07-05,311,200
2003-07-06,311,200
2003-07-07,311,206
2003-07-08,256,183
2003-07-09,233,172
2003-07-10,278,178
2003-07-11,250,161
2003-07-12,272,161
2003-07-13,283,139
2003-07-14,289,128
2003-07-15,300,194
2003-07-16,289,150
2003-07-17,300,178
2003-07-18,239,139
2003-07-19,283,117
2003-07-20,300,183
2003-07-21,278,194
2003-07-22,233,161
2003-07-23,239,150
2003-07-24,267,122
2003-07-25,283,150
2003-07-26,283,217
2003-07-27,278,189
2003-07-28,228,133
2003-07-29,278,122
2003-07-30,289,117
2003-07-31,300,172
2003-08-01,294,178
2003-08-02,289,156
2003-08-03,261,172
2003-08-04,244,167
2003-08-05,267,161
2003-08-06,283,183
2003-08-07,267,189
2003-08-08,233,178
2003-08-09,250,172
2003-08-10,294,161
2003-08-11,233,172
2003-08-12,239,194
2003-08-13,272,172
2003-08-14,300,194
2003-08-15,311,211
2003-08-16,333,228
2003-08-17,289,217
2003-08-18,289,161
2003-08-19,283,150
2003-08-20,317,178
2003-08-21,350,222
2003-08-22,267,167
2003-08-23,267,144
2003-08-24,300,144
2003-08-25,350,217
2003-08-26,333,217
2003-08-27,272,189
2003-08-28,333,150
2003-08-29,283,206
2003-08-30,233,167
2003-08-31,211,161
2003-09-01,183,161
2003-09-02,233,156
2003-09-03,283,156
2003-09-04,222,111
2003-09-05,239,89
2003-09-06,272,100
2003-09-07,300,156
2003-09-08,289,150
2003-09-09,278,167
2003-09-10,283,161
2003-09-11,289,172
2003-09-12,283,161
2003-09-13,278,200
2003-09-14,239,144
2003-09-15,233,111
2003-09-16,278,100
2003-09-17,278,117
2003-09-18,272,122
2003-09-19,194,89
2003-09-20,217,50
2003-09-21,244,83
2003-09-22,206,128
2003-09-23,211,89
2003-09-24,217,117
2003-09-25,161,72
2003-09-26,183,89
2003-09-27,161,78
2003-09-28,144,78
2003-09-29,144,50
2003-09-30,133,39
2003-10-01,117,11
2003-10-02,117,-6
2003-10-03,117,56
2003-10-04,144,39
2003-10-05,139,28
2003-10-06,161,17
2003-10-07,267,50
2003-10-08,267,89
2003-10-09,228,100
2003-10-10,250,100
2003-10-11,256,122
2003-10-12,206,78
2003-10-13,228,50
2003-10-14,144,83
2003-10-15,167,33
2003-10-16,117,22
2003-10-17,139,-6
2003-10-18,211,61
2003-10-19,178,89
2003-10-20,294,78
2003-10-21,178,78
2003-10-22,128,50
2003-10-23,117,33
2003-10-24,156,17
2003-10-25,144,72
2003-10-26,72,17
2003-10-27,67,0
2003-10-28,128,50
2003-10-29,89,39
2003-10-30,211,44
2003-10-31,194,94
2003-11-01,94,72
2003-11-02,128,89
2003-11-03,106,78
2003-11-04,211,83
2003-11-05,83,28
2003-11-06,72,-6
2003-11-07,67,-33
2003-11-08,6,-61
2003-11-09,50,-67
2003-11-10,106,-39
2003-11-11,133,67
2003-11-12,161,17
2003-11-13,44,-17
2003-11-14,94,-50
2003-11-15,56,33
2003-11-16,83,56
2003-11-17,122,6
2003-11-18,161,89
2003-11-19,133,28
2003-11-20,183,11
2003-11-21,100,50
2003-11-22,161,67
2003-11-23,183,-11
2003-11-24,-11,-67
2003-11-25,44,-39
2003-11-26,89,-6
2003-11-27,72,22
2003-11-28,28,-22
2003-11-29,33,-44
2003-11-30,122,33
2003-12-01,50,-22
2003-12-02,22,-50
2003-12-03,39,-22
2003-12-04,39,11
2003-12-05,61,-6
2003-12-06,28,-11
2003-12-07,50,-33
2003-12-08,72,17
2003-12-09,94,50
2003-12-10,117,-17
2003-12-11,-17,-100
2003-12-12,-44,-122
2003-12-13,-11,-111
2003-12-14,-6,-39
2003-12-15,28,-44
2003-12-16,61,-44
2003-12-17,-33,-72
2003-12-18,-22,-83
2003-12-19,-6,-78
2003-12-20,-11,-122
2003-12-21,83,-33
2003-12-22,83,22
2003-12-23,28,-33
2003-12-24,-33,-83
2003-12-25,22,-83
2003-12-26,67,-89
2003-12-27,94,-22
2003-12-28,94,50
2003-12-29,83,-11
2003-12-30,56,-39
2003-12-31,56,-56
2004-01-01,94,-61
2004-01-02,161,28
2004-01-03,111,-11
2004-01-04,6,-17
2004-01-05,-11,-156
2004-01-06,-128,-194
2004-01-07,-44,-144
2004-01-08,-17,-78
2004-01-09,-28,-89
2004-01-10,-28,-100
2004-01-11,39,-28
2004-01-12,39,-11
2004-01-13,11,-39
2004-01-14,22,-78
2004-01-15,-39,-106
2004-01-16,-17,-44
2004-01-17,11,-22
2004-01-18,-11,-144
2004-01-19,-78,-161
2004-01-20,-61,-133
2004-01-21,28,-122
2004-01-22,-72,-161
2004-01-23,-44,-144
2004-01-24,-56,-133
2004-01-25,-56,-106
2004-01-26,-44,-67
2004-01-27,-44,-122
2004-01-28,-117,-167
2004-01-29,-156,-183
2004-01-30,-161,-228
2004-01-31,-100,-211
2004-02-01,-17,-111
2004-02-02,0,-50
2004-02-03,0,-128
2004-02-04,-33,-178
2004-02-05,-22,-44
2004-02-06,-11,-33
2004-02-07,-11,-122
2004-02-08,-33,-150
2004-02-09,0,-44
2004-02-10,-28,-106
2004-02-11,11,-111
2004-02-12,-28,-89
2004-02-13,-11,-122
2004-02-14,6,-72
2004-02-15,-56,-144
2004-02-16,-28,-150
2004-02-17,17,-106
2004-02-18,61,-100
2004-02-19,67,-28
2004-02-20,72,6
2004-02-21,44,-33
2004-02-22,67,-50
2004-02-23,72,28
2004-02-24,28,-6
2004-02-25,33,-44
2004-02-26,56,-39
2004-02-27,72,-39
2004-02-28,128,-39
2004-02-29,161,0
2004-03-01,167,72
2004-03-02,89,39
2004-03-03,83,33
2004-03-04,67,33
2004-03-05,161,39
2004-03-06,72,28
2004-03-07,72,11
2004-03-08,39,-17
2004-03-09,33,-28
2004-03-10,94,-39
2004-03-11,61,-78
2004-03-12,6,-89
2004-03-13,83,-78
2004-03-14,61,11
2004-03-15,22,-28
2004-03-16,6,-11
2004-03-17,22,-28
2004-03-18,44,-50
2004-03-19,111,-44
2004-03-20,167,0
2004-03-21,6,-56
2004-03-22,44,-72
2004-03-23,156,0
2004-03-24,172,67
2004-03-25,167,139
2004-03-26,194,72
2004-03-27,156,50
2004-03-28,233,89
2004-03-29,161,50
2004-03-30,139,33
2004-03-31,89,22
2004-04-01,100,6
2004-04-02,128,6
2004-04-03,150,-28
2004-04-04,72,-17
2004-04-05,111,-33
2004-04-06,222,39
2004-04-07,172,50
2004-04-08,139,11
2004-04-09,139,6
2004-04-10,128,6
2004-04-11,61,-11
2004-04-12,56,-11
2004-04-13,78,-17
2004-04-14,200,-17
2004-04-15,239,78
2004-04-16,278,144
2004-04-17,250,106
2004-04-18,300,111
2004-04-19,228,78
2004-04-20,172,72
2004-04-21,178,61
2004-04-22,122,50
2004-04-23,178,33
2004-04-24,100,39
2004-04-25,172,67
2004-04-26,156,61
2004-04-27,111,22
2004-04-28,261,89
2004-04-29,256,150
2004-04-30,150,61
2004-05-01,89,61
2004-05-02,106,0
2004-05-03,122,-11
2004-05-04,200,50
2004-05-05,194,33
2004-05-06,283,128
2004-05-07,128,83
2004-05-08,289,94
2004-05-09,311,111
2004-05-10,289,133
2004-05-11,278,117
2004-05-12,294,189
2004-05-13,256,183
2004-05-14,200,94
2004-05-15,128,39
2004-05-16,211,28
2004-05-17,267,150
2004-05-18,183,89
2004-05-19,217,67
2004-05-20,289,172
2004-05-21,250,94
2004-05-22,250,117
2004-05-23,272,122
2004-05-24,178,83
2004-05-25,211,83
2004-05-26,189,89
2004-05-27,256,94
2004-05-28,156,78
2004-05-29,189,83
2004-05-30,233,144
2004-05-31,189,144
2004-06-01,239,128
2004-06-02,189,111
2004-06-03,206,89
2004-06-04,222,67
2004-06-05,250,67
2004-06-06,278,167
2004-06-07,306,156
2004-06-08,328,233
2004-06-09,294,161
2004-06-10,217,133
2004-06-11,267,183
2004-06-12,267,161
2004-06-13,272,172
2004-06-14,283,189
2004-06-15,267,167
2004-06-16,283,161
2004-06-17,272,172
2004-06-18,267,167
2004-06-19,178,89
2004-06-20,228,89
2004-06-21,194,144
2004-06-22,233,133
2004-06-23,278,139
2004-06-24,211,122
2004-06-25,222,94
2004-06-26,239,111
2004-06-27,267,117
2004-06-28,239,122
2004-06-29,272,139
2004-06-30,283,167
2004-07-01,294,139
2004-07-02,278,150
2004-07-03,278,178
2004-07-04,278,211
2004-07-05,233,167
2004-07-06,283,172
2004-07-07,206,144
2004-07-08,244,122
2004-07-09,239,161
2004-07-10,278,172
2004-07-11,306,161
2004-07-12,306,206
2004-07-13,306,200
2004-07-14,272,172
2004-07-15,294,150
2004-07-16,283,167
2004-07-17,239,178
2004-07-18,261,167
2004-07-19,278,156
2004-07-20,317,211
2004-07-21,294,228
2004-07-22,322,194
2004-07-23,228,133
2004-07-24,217,128
2004-07-25,228,156
2004-07-26,233,150
2004-07-27,272,150
2004-07-28,289,128
2004-07-29,283,161
2004-07-30,222,172
2004-07-31,289,172
2004-08-01,311,183
2004-08-02,311,194
2004-08-03,322,189
2004-08-04,233,189
2004-08-05,222,144
2004-08-06,244,122
2004-08-07,250,117
2004-08-08,267,156
2004-08-09,294,183
2004-08-10,194,156
2004-08-11,167,117
2004-08-12,167,94
2004-08-13,217,106
2004-08-14,211,100
2004-08-15,239,89
2004-08-16,256,89
2004-08-17,278,161
2004-08-18,256,167
2004-08-19,228,128
2004-08-20,244,128
2004-08-21,233,111
2004-08-22,267,94
2004-08-23,261,183
2004-08-24,272,183
2004-08-25,250,194
2004-08-26,283,194
2004-08-27,300,206
2004-08-28,250,150
2004-08-29,206,117
2004-08-30,250,106
2004-08-31,261,122
2004-09-01,283,133
2004-09-02,289,167
2004-09-03,289,167
2004-09-04,283,167
2004-09-05,294,189
2004-09-06,267,133
2004-09-07,233,139
2004-09-08,211,150
2004-09-09,228,122
2004-09-10,267,106
2004-09-11,283,133
2004-09-12,294,139
2004-09-13,294,139
2004-09-14,294,178
2004-09-15,300,200
2004-09-16,228,144
2004-09-17,211,117
2004-09-18,250,106
2004-09-19,261,133
2004-09-20,256,100
2004-09-21,278,106
2004-09-22,278,100
2004-09-23,294,122
2004-09-24,278,133
2004-09-25,228,106
2004-09-26,222,78
2004-09-27,244,72
2004-09-28,189,111
2004-09-29,183,61
2004-09-30,222,22
2004-10-01,233,94
2004-10-02,144,28
2004-10-03,211,22
2004-10-04,144,22
2004-10-05,156,-6
2004-10-06,239,78
2004-10-07,244,61
2004-10-08,211,139
2004-10-09,211,67
2004-10-10,167,56
2004-10-11,172,56
2004-10-12,161,44
2004-10-13,167,117
2004-10-14,133,89
2004-10-15,117,67
2004-10-16,83,39
2004-10-17,122,-6
2004-10-18,117,22
2004-10-19,111,94
2004-10-20,117,100
2004-10-21,144,89
2004-10-22,172,72
2004-10-23,244,128
2004-10-24,194,56
2004-10-25,239,33
2004-10-26,156,117
2004-10-27,167,117
2004-10-28,161,78
2004-10-29,244,161
2004-10-30,222,100
2004-10-31,133,72
2004-11-01,106,89
2004-11-02,94,72
2004-11-03,117,72
2004-11-04,106,50
2004-11-05,122,17
2004-11-06,183,56
2004-11-07,139,28
2004-11-08,78,-6
2004-11-09,117,22
2004-11-10,167,83
2004-11-11,111,17
2004-11-12,83,-11
2004-11-13,78,-33
2004-11-14,100,-33
2004-11-15,100,-11
2004-11-16,133,78
2004-11-17,172,122
2004-11-18,161,94
2004-11-19,128,94
2004-11-20,122,61
2004-11-21,78,-11
2004-11-22,89,17
2004-11-23,106,39
2004-11-24,61,-11
2004-11-25,6,-61
2004-11-26,72,-22
2004-11-27,83,28
2004-11-28,67,6
2004-11-29,33,0
2004-11-30,44,0
2004-12-01,0,-39
2004-12-02,28,-39
2004-12-03,22,-50
2004-12-04,56,-17
2004-12-05,83,-33
2004-12-06,100,44
2004-12-07,100,50
2004-12-08,50,22
2004-12-09,100,28
2004-12-10,72,28
2004-12-11,28,0
2004-12-12,67,-11
2004-12-13,-11,-72
2004-12-14,-22,-89
2004-12-15,33,-78
2004-12-16,61,-22
2004-12-17,6,-72
2004-12-18,33,-78
2004-12-19,-78,-156
2004-12-20,-17,-122
2004-12-21,17,-100
2004-12-22,-100,-133
2004-12-23,-78,-150
2004-12-24,-111,-189
2004-12-25,-72,-117
2004-12-26,-44,-111
2004-12-27,-33,-133
2004-12-28,50,-44
2004-12-29,44,-33
2004-12-30,139,-6
2004-12-31,133,-17
2005-01-01,50,-39
2005-01-02,122,6
2005-01-03,22,0
2005-01-04,17,-11
2005-01-05,-6,-33
2005-01-06,-28,-111
2005-01-07,-22,-139
2005-01-08,-28,-44
2005-01-09,11,-33
2005-01-10,17,-17
2005-01-11,22,-11
2005-01-12,167,11
2005-01-13,78,-94
2005-01-14,-94,-156
2005-01-15,-94,-156
2005-01-16,-100,-161
2005-01-17,-117,-167
2005-01-18,-50,-172
2005-01-19,17,-50
2005-01-20,-22,-50
2005-01-21,-44,-83
2005-01-22,-50,-117
2005-01-23,-50,-133
2005-01-24,-6,-61
2005-01-25,61,-50
2005-01-26,17,-83
2005-01-27,-61,-150
2005-01-28,-28,-167
2005-01-29,17,-67
2005-01-30,17,-39
2005-01-31,28,-72
2005-02-01,11,-56
2005-02-02,22,-89
2005-02-03,67,-94
2005-02-04,100,-56
2005-02-05,128,22
2005-02-06,83,39
2005-02-07,72,6
2005-02-08,6,-39
2005-02-09,-6,-44
2005-02-10,0,-56
2005-02-11,56,-50
2005-02-12,106,6
2005-02-13,50,17
2005-02-14,94,28
2005-02-15,56,6
2005-02-16,6,-33
2005-02-17,-28,-83
2005-02-18,-33,-117
2005-02-19,50,-56
2005-02-20,28,-6
2005-02-21,22,6
2005-02-22,22,-61
2005-02-23,22,-67
2005-02-24,22,-28
2005-02-25,50,-28
2005-02-26,6,-39
2005-02-27,44,-33
2005-02-28,17,-33
2005-03-01,-28,-72
2005-03-02,-28,-106
2005-03-03,11,-100
2005-03-04,67,-67
2005-03-05,50,17
2005-03-06,178,17
2005-03-07,139,-28
2005-03-08,-11,-78
2005-03-09,-11,-78
2005-03-10,28,-67
2005-03-11,17,-39
2005-03-12,11,-78
2005-03-13,6,-106
2005-03-14,22,-61
2005-03-15,50,-61
2005-03-16,100,-44
2005-03-17,17,-17
2005-03-18,67,6
2005-03-19,106,6
2005-03-20,50,-28
2005-03-21,33,-33
2005-03-22,56,-6
2005-03-23,44,-28
2005-03-24,100,-56
2005-03-25,39,6
2005-03-26,67,-11
2005-03-27,94,-33
2005-03-28,156,-28
2005-03-29,217,6
2005-03-30,250,122
2005-03-31,150,39
2005-04-01,133,11
2005-04-02,133,-11
2005-04-03,178,-6
2005-04-04,200,22
2005-04-05,244,83
2005-04-06,267,72
2005-04-07,122,50
2005-04-08,161,22
2005-04-09,200,17
2005-04-10,261,67
2005-04-11,244,117
2005-04-12,122,56
2005-04-13,122,39
2005-04-14,172,-6
2005-04-15,172,6
2005-04-16,233,28
2005-04-17,244,83
2005-04-18,283,72
2005-04-19,272,156
2005-04-20,211,61
2005-04-21,139,56
2005-04-22,78,33
2005-04-23,56,17
2005-04-24,122,6
2005-04-25,194,39
2005-04-26,139,61
2005-04-27,128,44
2005-04-28,139,33
2005-04-29,117,39
2005-04-30,144,11
2005-05-01,94,17
2005-05-02,67,17
2005-05-03,111,6
2005-05-04,167,6
2005-05-05,211,33
2005-05-06,244,100
2005-05-07,156,72
2005-05-08,294,61
2005-05-09,250,167
2005-05-10,278,156
2005-05-11,178,61
2005-05-12,128,56
2005-05-13,228,94
2005-05-14,178,83
2005-05-15,122,50
2005-05-16,156,67
2005-05-17,217,94
2005-05-18,239,139
2005-05-19,222,106
2005-05-20,200,83
2005-05-21,228,61
2005-05-22,267,139
2005-05-23,211,111
2005-05-24,194,83
2005-05-25,206,83
2005-05-26,239,133
2005-05-27,211,89
2005-05-28,200,89
2005-05-29,211,61
2005-05-30,233,78
2005-05-31,222,78
2005-06-01,267,100
2005-06-02,244,133
2005-06-03,228,156
2005-06-04,300,139
2005-06-05,306,200
2005-06-06,317,189
2005-06-07,333,161
2005-06-08,317,189
2005-06-09,317,178
2005-06-10,311,194
2005-06-11,311,222
2005-06-12,267,211
2005-06-13,317,194
2005-06-14,267,194
2005-06-15,211,144
2005-06-16,261,117
2005-06-17,211,106
2005-06-18,217,117
2005-06-19,256,111
2005-06-20,300,111
2005-06-21,317,156
2005-06-22,294,150
2005-06-23,339,156
2005-06-24,356,244
2005-06-25,328,206
2005-06-26,339,211
2005-06-27,350,200
2005-06-28,344,244
2005-06-29,322,228
2005-06-30,328,222
2005-07-01,244,167
2005-07-02,239,122
2005-07-03,300,122
2005-07-04,306,194
2005-07-05,306,172
2005-07-06,267,178
2005-07-07,272,178
2005-07-08,294,156
2005-07-09,311,133
2005-07-10,328,156
2005-07-11,317,172
2005-07-12,294,222
2005-07-13,300,228
2005-07-14,306,217
2005-07-15,306,211
2005-07-16,339,200
2005-07-17,361,211
2005-07-18,328,239
2005-07-19,333,189
2005-07-20,333,172
2005-07-21,311,211
2005-07-22,300,178
2005-07-23,283,178
2005-07-24,389,256
2005-07-25,317,222
2005-07-26,289,189
2005-07-27,233,133
2005-07-28,261,117
2005-07-29,283,161
2005-07-30,300,150
2005-07-31,317,206
2005-08-01,339,206
2005-08-02,333,183
2005-08-03,339,233
2005-08-04,311,244
2005-08-05,289,167
2005-08-06,289,150
2005-08-07,317,144
2005-08-08,339,172
2005-08-09,350,183
2005-08-10,322,200
2005-08-11,250,194
2005-08-12,294,222
2005-08-13,239,200
2005-08-14,244,161
2005-08-15,278,156
2005-08-16,289,172
2005-08-17,289,144
2005-08-18,289,206
2005-08-19,311,206
2005-08-20,300,206
2005-08-21,278,183
2005-08-22,228,161
2005-08-23,228,144
2005-08-24,244,139
2005-08-25,272,172
2005-08-26,283,189
2005-08-27,289,194
2005-08-28,300,178
2005-08-29,294,167
2005-08-30,267,161
2005-08-31,267,167
2005-09-01,294,189
2005-09-02,283,161
2005-09-03,267,144
2005-09-04,289,133
2005-09-05,306,144
2005-09-06,306,156
2005-09-07,311,194
2005-09-08,267,178
2005-09-09,306,161
2005-09-10,333,194
2005-09-11,322,206
2005-09-12,322,200
2005-09-13,344,217
2005-09-14,244,139
2005-09-15,211,122
2005-09-16,211,122
2005-09-17,250,111
2005-09-18,272,122
2005-09-19,289,183
2005-09-20,283,128
2005-09-21,306,117
2005-09-22,306,172
2005-09-23,194,167
2005-09-24,217,172
2005-09-25,239,194
2005-09-26,206,106
2005-09-27,233,83
2005-09-28,228,100
2005-09-29,167,61
2005-09-30,217,67
2005-10-01,261,106
2005-10-02,289,122
2005-10-03,294,211
2005-10-04,306,217
2005-10-05,289,206
2005-10-06,206,83
2005-10-07,122,61
2005-10-08,117,61
2005-10-09,150,78
2005-10-10,172,67
2005-10-11,156,128
2005-10-12,172,128
2005-10-13,222,94
2005-10-14,244,89
2005-10-15,194,89
2005-10-16,172,50
2005-10-17,239,50
2005-10-18,228,61
2005-10-19,178,83
2005-10-20,133,72
2005-10-21,144,83
2005-10-22,122,33
2005-10-23,89,0
2005-10-24,106,44
2005-10-25,106,33
2005-10-26,111,17
2005-10-27,122,11
2005-10-28,139,-6
2005-10-29,161,-22
2005-10-30,183,61
2005-10-31,139,100
2005-11-01,133,39
2005-11-02,189,33
2005-11-03,211,117
2005-11-04,211,94
2005-11-05,167,78
2005-11-06,161,44
2005-11-07,167,22
2005-11-08,167,83
2005-11-09,189,50
2005-11-10,89,-17
2005-11-11,156,11
2005-11-12,183,61
2005-11-13,161,22
2005-11-14,94,-22
2005-11-15,128,28
2005-11-16,28,-61
2005-11-17,-22,-94
2005-11-18,33,-61
2005-11-19,117,0
2005-11-20,72,0
2005-11-21,94,17
2005-11-22,39,-44
2005-11-23,67,-11
2005-11-24,50,-89
2005-11-25,-28,-106
2005-11-26,78,-78
2005-11-27,128,44
2005-11-28,161,39
2005-11-29,39,-33
2005-11-30,-28,-67
2005-12-01,-17,-67
2005-12-02,-44,-106
2005-12-03,-11,-67
2005-12-04,-22,-111
2005-12-05,-83,-156
2005-12-06,-83,-156
2005-12-07,-94,-178
2005-12-08,-22,-161
2005-12-09,-22,-117
2005-12-10,0,-111
2005-12-11,6,-139
2005-12-12,-22,-128
2005-12-13,-22,-50
2005-12-14,17,-22
2005-12-15,17,-44
2005-12-16,-44,-78
2005-12-17,-67,-117
2005-12-18,-94,-156
2005-12-19,-117,-183
2005-12-20,-61,-150
2005-12-21,-67,-161
2005-12-22,33,-144
2005-12-23,67,28
2005-12-24,39,11
2005-12-25,22,6
2005-12-26,28,0
2005-12-27,83,0
2005-12-28,39,11
2005-12-29,28,0
2005-12-30,33,6
2005-12-31,28,0
2006-01-01,72,-33
2006-01-02,56,44
2006-01-03,56,39
2006-01-04,61,22
2006-01-05,28,-6
2006-01-06,-6,-22
2006-01-07,39,-22
2006-01-08,72,0
2006-01-09,33,6
2006-01-10,33,-67
2006-01-11,56,28
2006-01-12,139,33
2006-01-13,94,0
2006-01-14,28,-22
2006-01-15,72,-28
2006-01-16,83,-11
2006-01-17,61,-28
2006-01-18,17,-67
2006-01-19,128,-28
2006-01-20,78,0
2006-01-21,11,-78
2006-01-22,22,-44
2006-01-23,-11,-50
2006-01-24,44,-17
2006-01-25,17,-39
2006-01-26,61,-83
2006-01-27,106,17
2006-01-28,94,22
2006-01-29,100,39
2006-01-30,39,0
2006-01-31,33,-11
2006-02-01,89,-6
2006-02-02,61,-28
2006-02-03,67,0
2006-02-04,0,-39
2006-02-05,11,-61
2006-02-06,22,-67
2006-02-07,6,-67
2006-02-08,-11,-61
2006-02-09,0,-89
2006-02-10,28,-39
2006-02-11,17,-33
2006-02-12,-11,-50
2006-02-13,39,-89
2006-02-14,133,-44
2006-02-15,56,0
2006-02-16,28,-56
2006-02-17,-44,-161
2006-02-18,-133,-217
2006-02-19,-67,-172
2006-02-20,6,-111
2006-02-21,28,-72
2006-02-22,78,-44
2006-02-23,61,-50
2006-02-24,83,-94
2006-02-25,50,-61
2006-02-26,11,-89
2006-02-27,33,-28
2006-02-28,33,-33
2006-03-01,50,-6
2006-03-02,28,-39
2006-03-03,22,-67
2006-03-04,50,-61
2006-03-05,11,-33
2006-03-06,22,-22
2006-03-07,67,-67
2006-03-08,117,39
2006-03-09,144,33
2006-03-10,122,33
2006-03-11,194,61
2006-03-12,133,44
2006-03-13,172,-11
2006-03-14,56,-28
2006-03-15,61,-39
2006-03-16,33,0
2006-03-17,39,-39
2006-03-18,50,-39
2006-03-19,83,-33
2006-03-20,28,-39
2006-03-21,6,-33
2006-03-22,94,-39
2006-03-23,56,-6
2006-03-24,44,-6
2006-03-25,72,-22
2006-03-26,89,-28
2006-03-27,100,-39
2006-03-28,72,28
2006-03-29,106,11
2006-03-30,211,17
2006-03-31,200,72
2006-04-01,89,44
2006-04-02,156,39
2006-04-03,122,39
2006-04-04,133,22
2006-04-05,144,6
2006-04-06,144,39
2006-04-07,128,6
2006-04-08,61,-33
2006-04-09,133,-28
2006-04-10,217,11
2006-04-11,239,89
2006-04-12,244,144
2006-04-13,267,111
2006-04-14,272,172
2006-04-15,194,94
2006-04-16,167,83
2006-04-17,133,56
2006-04-18,189,72
2006-04-19,233,111
2006-04-20,239,117
2006-04-21,217,67
2006-04-22,200,83
2006-04-23,222,50
2006-04-24,228,39
2006-04-25,78,0
2006-04-26,178,-28
2006-04-27,217,33
2006-04-28,200,28
2006-04-29,161,106
2006-04-30,150,111
2006-05-01,150,122
2006-05-02,222,111
2006-05-03,228,100
2006-05-04,200,122
2006-05-05,144,83
2006-05-06,144,44
2006-05-07,217,28
2006-05-08,228,83
2006-05-09,217,122
2006-05-10,233,122
2006-05-11,150,33
2006-05-12,83,22
2006-05-13,100,56
2006-05-14,133,56
2006-05-15,167,94
2006-05-16,183,89
2006-05-17,228,72
2006-05-18,172,72
2006-05-19,178,61
2006-05-20,233,33
2006-05-21,161,44
2006-05-22,167,22
2006-05-23,239,33
2006-05-24,267,94
2006-05-25,239,178
2006-05-26,283,156
2006-05-27,306,150
2006-05-28,333,233
2006-05-29,328,200
2006-05-30,317,194
2006-05-31,244,183
2006-06-01,261,156
2006-06-02,267,133
2006-06-03,233,122
2006-06-04,250,111
2006-06-05,272,89
2006-06-06,278,117
2006-06-07,283,156
2006-06-08,294,156
2006-06-09,200,122
2006-06-10,172,100
2006-06-11,178,111
2006-06-12,206,100
2006-06-13,244,94
2006-06-14,261,111
2006-06-15,300,167
2006-06-16,322,222
2006-06-17,333,222
2006-06-18,250,194
2006-06-19,306,172
2006-06-20,261,172
2006-06-21,306,206
2006-06-22,283,178
2006-06-23,228,122
2006-06-24,278,106
2006-06-25,228,161
2006-06-26,217,161
2006-06-27,272,156
2006-06-28,250,133
2006-06-29,267,133
2006-06-30,294,117
2006-07-01,322,183
2006-07-02,289,206
2006-07-03,283,194
2006-07-04,256,167
2006-07-05,250,156
2006-07-06,256,128
2006-07-07,278,122
2006-07-08,289,167
2006-07-09,311,217
2006-07-10,228,183
2006-07-11,250,194
2006-07-12,272,200
2006-07-13,306,189
2006-07-14,317,222
2006-07-15,361,233
2006-07-16,344,233
2006-07-17,350,222
2006-07-18,283,189
2006-07-19,311,183
2006-07-20,267,211
2006-07-21,250,178
2006-07-22,283,167
2006-07-23,278,156
2006-07-24,311,189
2006-07-25,322,228
2006-07-26,300,222
2006-07-27,311,206
2006-07-28,339,200
2006-07-29,344,233
2006-07-30,322,250
2006-07-31,372,244
2006-08-01,372,267
2006-08-02,361,250
2006-08-03,283,194
2006-08-04,317,183
2006-08-05,300,172
2006-08-06,289,206
2006-08-07,300,217
2006-08-08,256,206
2006-08-09,300,200
2006-08-10,261,233
2006-08-11,250,200
2006-08-12,267,150
2006-08-13,289,144
2006-08-14,294,178
2006-08-15,300,161
2006-08-16,294,150
2006-08-17,300,150
2006-08-18,289,222
2006-08-19,272,189
2006-08-20,256,150
2006-08-21,289,128
2006-08-22,306,178
2006-08-23,317,161
2006-08-24,289,194
2006-08-25,289,189
2006-08-26,261,206
2006-08-27,261,217
2006-08-28,228,178
2006-08-29,217,172
2006-08-30,244,178
2006-08-31,239,167
2006-09-01,239,183
2006-09-02,250,139
2006-09-03,256,117
2006-09-04,217,156
2006-09-05,256,150
2006-09-06,278,139
2006-09-07,278,139
2006-09-08,283,156
2006-09-09,211,172
2006-09-10,178,156
2006-09-11,194,150
2006-09-12,222,172
2006-09-13,183,156
2006-09-14,228,139
2006-09-15,256,117
2006-09-16,261,144
2006-09-17,278,150
2006-09-18,217,106
2006-09-19,128,83
2006-09-20,167,56
2006-09-21,200,44
2006-09-22,217,139
2006-09-23,206,133
2006-09-24,189,94
2006-09-25,222,83
2006-09-26,217,83
2006-09-27,194,100
2006-09-28,150,44
2006-09-29,150,28
2006-09-30,200,89
2006-10-01,233,67
2006-10-02,250,161
2006-10-03,278,128
2006-10-04,244,128
2006-10-05,156,78
2006-10-06,144,56
2006-10-07,194,44
2006-10-08,222,61
2006-10-09,189,83
2006-10-10,144,111
2006-10-11,122,17
2006-10-12,39,-11
2006-10-13,100,0
2006-10-14,100,0
2006-10-15,111,-6
2006-10-16,133,89
2006-10-17,144,100
2006-10-18,172,56
2006-10-19,67,39
2006-10-20,117,0
2006-10-21,144,83
2006-10-22,94,11
2006-10-23,50,6
2006-10-24,83,-11
2006-10-25,106,-28
2006-10-26,78,61
2006-10-27,72,33
2006-10-28,111,28
2006-10-29,122,6
2006-10-30,211,33
2006-10-31,167,17
2006-11-01,56,-28
2006-11-02,11,-44
2006-11-03,44,-61
2006-11-04,83,-17
2006-11-05,128,0
2006-11-06,133,67
2006-11-07,122,78
2006-11-08,178,78
2006-11-09,200,83
2006-11-10,89,28
2006-11-11,50,11
2006-11-12,78,11
2006-11-13,56,11
2006-11-14,67,22
2006-11-15,83,61
2006-11-16,61,28
2006-11-17,44,11
2006-11-18,67,-11
2006-11-19,67,-17
2006-11-20,67,-17
2006-11-21,94,-17
2006-11-22,122,-11
2006-11-23,144,-11
2006-11-24,156,-6
2006-11-25,144,22
2006-11-26,167,72
2006-11-27,167,111
2006-11-28,161,122
2006-11-29,156,33
2006-11-30,39,-33
2006-12-01,6,-78
2006-12-02,-11,-111
2006-12-03,-94,-133
2006-12-04,-33,-144
2006-12-05,11,-139
2006-12-06,17,-83
2006-12-07,-83,-128
2006-12-08,-61,-156
2006-12-09,17,-67
2006-12-10,50,0
2006-12-11,72,28
2006-12-12,100,33
2006-12-13,72,6
2006-12-14,100,17
2006-12-15,67,-11
2006-12-16,128,0
2006-12-17,122,50
2006-12-18,50,-17
2006-12-19,61,-44
2006-12-20,44,-44
2006-12-21,100,33
2006-12-22,122,44
2006-12-23,44,6
2006-12-24,67,-17
2006-12-25,28,-11
2006-12-26,11,-22
2006-12-27,33,-22
2006-12-28,89,22
2006-12-29,100,44
2006-12-30,100,44
2006-12-31,133,61
2007-01-01,61,-17
2007-01-02,61,-33
2007-01-03,89,6
2007-01-04,111,39
2007-01-05,100,56
2007-01-06,56,-17
2007-01-07,50,-28
2007-01-08,39,-33
2007-01-09,6,-56
2007-01-10,17,-78
2007-01-11,72,17
2007-01-12,89,6
2007-01-13,6,-17
2007-01-14,6,-11
2007-01-15,6,-61
2007-01-16,-50,-117
2007-01-17,-56,-128
2007-01-18,-11,-56
2007-01-19,-28,-78
2007-01-20,-28,-122
2007-01-21,-17,-33
2007-01-22,-6,-39
2007-01-23,-33,-56
2007-01-24,-22,-56
2007-01-25,-44,-94
2007-01-26,61,-67
2007-01-27,11,-94
2007-01-28,-44,-139
2007-01-29,-39,-128
2007-01-30,-78,-139
2007-01-31,-67,-161
2007-02-01,-44,-117
2007-02-02,-111,-144
2007-02-03,-117,-211
2007-02-04,-167,-211
2007-02-05,-150,-233
2007-02-06,-122,-206
2007-02-07,-117,-189
2007-02-08,-117,-200
2007-02-09,-83,-167
2007-02-10,-106,-183
2007-02-11,-28,-150
2007-02-12,-6,-39
2007-02-13,-28,-94
2007-02-14,-61,-139
2007-02-15,-100,-167
2007-02-16,-72,-200
2007-02-17,-33,-89
2007-02-18,-56,-117
2007-02-19,56,-106
2007-02-20,72,-11
2007-02-21,89,-50
2007-02-22,44,-28
2007-02-23,6,-50
2007-02-24,0,-33
2007-02-25,33,-6
2007-02-26,11,-11
2007-02-27,6,-17
2007-02-28,17,-22
2007-03-01,72,0
2007-03-02,0,-39
2007-03-03,-28,-67
2007-03-04,-6,-100
2007-03-05,6,-72
2007-03-06,-44,-89
2007-03-07,-22,-61
2007-03-08,44,-106
2007-03-09,133,-22
2007-03-10,106,-11
2007-03-11,122,-22
2007-03-12,172,22
2007-03-13,228,89
2007-03-14,161,17
2007-03-15,33,-22
2007-03-16,39,-39
2007-03-17,39,-44
2007-03-18,83,-61
2007-03-19,161,22
2007-03-20,61,-11
2007-03-21,194,28
2007-03-22,178,67
2007-03-23,111,67
2007-03-24,178,111
2007-03-25,261,89
2007-03-26,261,172
2007-03-27,228,72
2007-03-28,100,67
2007-03-29,156,78
2007-03-30,128,78
2007-03-31,172,72
2007-04-01,161,78
2007-04-02,161,50
2007-04-03,211,17
2007-04-04,17,-22
2007-04-05,44,-28
2007-04-06,22,-50
2007-04-07,0,-56
2007-04-08,44,-22
2007-04-09,61,-17
2007-04-10,111,-33
2007-04-11,61,6
2007-04-12,33,6
2007-04-13,106,0
2007-04-14,94,17
2007-04-15,144,-17
2007-04-16,167,0
2007-04-17,211,22
2007-04-18,100,39
2007-04-19,144,50
2007-04-20,200,33
2007-04-21,250,61
2007-04-22,283,111
2007-04-23,211,106
2007-04-24,200,67
2007-04-25,94,72
2007-04-26,133,72
2007-04-27,117,61
2007-04-28,228,39
2007-04-29,278,72
2007-04-30,194,106
2007-05-01,283,100
2007-05-02,150,56
2007-05-03,189,78
2007-05-04,189,94
2007-05-05,189,117
2007-05-06,200,94
2007-05-07,283,83
2007-05-08,278,122
2007-05-09,250,161
2007-05-10,289,133
2007-05-11,211,106
2007-05-12,178,78
2007-05-13,206,61
2007-05-14,322,133
2007-05-15,267,139
2007-05-16,189,67
2007-05-17,167,61
2007-05-18,217,56
2007-05-19,267,133
2007-05-20,206,61
2007-05-21,267,67
2007-05-22,306,128
2007-05-23,317,156
2007-05-24,311,172
2007-05-25,211,133
2007-05-26,183,94
2007-05-27,239,139
2007-05-28,261,100
2007-05-29,311,156
2007-05-30,306,189
2007-05-31,256,183
2007-06-01,294,167
2007-06-02,272,183
2007-06-03,256,167
2007-06-04,217,144
2007-06-05,178,83
2007-06-06,217,67
2007-06-07,328,217
2007-06-08,272,139
2007-06-09,261,111
2007-06-10,272,128
2007-06-11,300,144
2007-06-12,283,167
2007-06-13,306,156
2007-06-14,317,178
2007-06-15,328,172
2007-06-16,339,189
2007-06-17,328,211
2007-06-18,317,206
2007-06-19,267,183
2007-06-20,289,161
2007-06-21,250,161
2007-06-22,244,161
2007-06-23,194,167
2007-06-24,250,172
2007-06-25,317,183
2007-06-26,333,211
2007-06-27,328,217
2007-06-28,233,144
2007-06-29,211,133
2007-06-30,261,122
2007-07-01,239,122
2007-07-02,261,117
2007-07-03,283,156
2007-07-04,300,194
2007-07-05,317,217
2007-07-06,300,189
2007-07-07,322,178
2007-07-08,344,239
2007-07-09,344,211
2007-07-10,317,206
2007-07-11,250,167
2007-07-12,267,161
2007-07-13,256,144
2007-07-14,289,161
2007-07-15,278,156
2007-07-16,278,183
2007-07-17,283,200
2007-07-18,294,206
2007-07-19,283,172
2007-07-20,239,144
2007-07-21,233,144
2007-07-22,272,144
2007-07-23,283,156
2007-07-24,278,183
2007-07-25,294,217
2007-07-26,283,189
2007-07-27,283,211
2007-07-28,267,189
2007-07-29,294,172
2007-07-30,317,167
2007-07-31,328,200
2007-08-01,333,206
2007-08-02,328,211
2007-08-03,322,206
2007-08-04,272,178
2007-08-05,311,194
2007-08-06,311,233
2007-08-07,328,222
2007-08-08,306,228
2007-08-09,289,222
2007-08-10,300,211
2007-08-11,317,194
2007-08-12,311,194
2007-08-13,272,183
2007-08-14,289,183
2007-08-15,267,217
2007-08-16,250,183
2007-08-17,261,156
2007-08-18,200,150
2007-08-19,200,167
2007-08-20,256,200
2007-08-21,306,206
2007-08-22,322,206
2007-08-23,306,206
2007-08-24,267,206
2007-08-25,261,178
2007-08-26,261,156
2007-08-27,261,156
2007-08-28,328,194
2007-08-29,294,200
2007-08-30,239,139
2007-08-31,250,139
2007-09-01,272,139
2007-09-02,294,161
2007-09-03,311,189
2007-09-04,317,172
2007-09-05,322,189
2007-09-06,278,228
2007-09-07,289,211
2007-09-08,256,178
2007-09-09,267,172
2007-09-10,233,122
2007-09-11,217,100
2007-09-12,194,78
2007-09-13,256,100
2007-09-14,189,72
2007-09-15,161,39
2007-09-16,217,67
2007-09-17,267,111
2007-09-18,311,172
2007-09-19,289,183
2007-09-20,256,156
2007-09-21,311,178
2007-09-22,233,106
2007-09-23,289,100
2007-09-24,322,200
2007-09-25,294,172
2007-09-26,206,117
2007-09-27,239,94
2007-09-28,228,117
2007-09-29,267,100
2007-09-30,283,150
2007-10-01,206,150
2007-10-02,256,139
2007-10-03,233,128
2007-10-04,278,106
2007-10-05,289,167
2007-10-06,306,206
2007-10-07,306,194
2007-10-08,306,156
2007-10-09,244,94
2007-10-10,122,83
2007-10-11,122,78
2007-10-12,133,50
2007-10-13,150,44
2007-10-14,161,117
2007-10-15,233,106
2007-10-16,194,111
2007-10-17,222,83
2007-10-18,256,150
2007-10-19,156,111
2007-10-20,228,83
2007-10-21,267,156
2007-10-22,194,78
2007-10-23,144,61
2007-10-24,128,61
2007-10-25,128,72
2007-10-26,183,117
2007-10-27,128,28
2007-10-28,133,11
2007-10-29,161,39
2007-10-30,189,50
2007-10-31,167,50
2007-11-01,122,17
2007-11-02,139,-6
2007-11-03,128,22
2007-11-04,117,28
2007-11-05,122,28
2007-11-06,72,6
2007-11-07,61,-6
2007-11-08,106,22
2007-11-09,89,0
2007-11-10,100,-22
2007-11-11,139,56
2007-11-12,189,67
2007-11-13,156,6
2007-11-14,133,39
2007-11-15,44,-22
2007-11-16,50,-44
2007-11-17,78,11
2007-11-18,61,28
2007-11-19,150,33
2007-11-20,128,72
2007-11-21,72,6
2007-11-22,6,-39
2007-11-23,0,-56
2007-11-24,33,-28
2007-11-25,33,-22
2007-11-26,39,-6
2007-11-27,17,-44
2007-11-28,89,-50
2007-11-29,11,-78
2007-11-30,22,-67
2007-12-01,11,-72
2007-12-02,72,-28
2007-12-03,-17,-72
2007-12-04,6,-56
2007-12-05,-11,-128
2007-12-06,-44,-178
2007-12-07,-11,-44
2007-12-08,-44,-106
2007-12-09,-17,-56
2007-12-10,0,-39
2007-12-11,6,-28
2007-12-12,22,-50
2007-12-13,11,-22
2007-12-14,-22,-78
2007-12-15,-6,-39
2007-12-16,-17,-83
2007-12-17,-50,-94
2007-12-18,28,-61
2007-12-19,11,-56
2007-12-20,33,-50
2007-12-21,33,6
2007-12-22,100,22
2007-12-23,111,-100
2007-12-24,-33,-67
2007-12-25,56,-61
2007-12-26,72,-44
2007-12-27,33,-11
2007-12-28,11,-11
2007-12-29,-11,-67
2007-12-30,17,-78
2007-12-31,6,-39
2008-01-01,-28,-156
2008-01-02,-67,-167
2008-01-03,-50,-178
2008-01-04,22,-56
2008-01-05,61,17
2008-01-06,156,50
2008-01-07,183,106
2008-01-08,133,28
2008-01-09,39,-11
2008-01-10,67,0
2008-01-11,22,-22
2008-01-12,50,-39
2008-01-13,28,-28
2008-01-14,-28,-94
2008-01-15,-33,-106
2008-01-16,44,-67
2008-01-17,6,-111
2008-01-18,-28,-144
2008-01-19,-144,-194
2008-01-20,-122,-206
2008-01-21,-28,-133
2008-01-22,-17,-122
2008-01-23,-100,-150
2008-01-24,-122,-200
2008-01-25,-67,-206
2008-01-26,0,-72
2008-01-27,17,-144
2008-01-28,67,-67
2008-01-29,89,-167
2008-01-30,-111,-189
2008-01-31,-33,-122
2008-02-01,-11,-44
2008-02-02,-11,-39
2008-02-03,0,-39
2008-02-04,67,0
2008-02-05,44,0
2008-02-06,11,-33
2008-02-07,-28,-44
2008-02-08,33,-50
2008-02-09,22,-89
2008-02-10,-89,-200
2008-02-11,-94,-194
2008-02-12,-56,-106
2008-02-13,-61,-139
2008-02-14,11,-106
2008-02-15,-44,-128
2008-02-16,6,-150
2008-02-17,83,-11
2008-02-18,0,-139
2008-02-19,-100,-156
2008-02-20,-72,-150
2008-02-21,-50,-133
2008-02-22,-28,-61
2008-02-23,6,-72
2008-02-24,22,-83
2008-02-25,11,-6
2008-02-26,0,-67
2008-02-27,-50,-94
2008-02-28,-33,-133
2008-02-29,33,-50
2008-03-01,6,-61
2008-03-02,139,0
2008-03-03,133,-44
2008-03-04,-6,-61
2008-03-05,22,-61
2008-03-06,0,-61
2008-03-07,-33,-100
2008-03-08,-39,-100
2008-03-09,17,-67
2008-03-10,17,-39
2008-03-11,89,-50
2008-03-12,67,-22
2008-03-13,139,17
2008-03-14,139,-11
2008-03-15,39,-28
2008-03-16,28,-33
2008-03-17,39,-11
2008-03-18,56,22
2008-03-19,89,6
2008-03-20,94,-22
2008-03-21,11,-17
2008-03-22,28,-28
2008-03-23,56,-33
2008-03-24,39,-28
2008-03-25,144,17
2008-03-26,106,-6
2008-03-27,72,0
2008-03-28,44,-28
2008-03-29,67,-33
2008-03-30,56,22
2008-03-31,156,39
2008-04-01,144,0
2008-04-02,100,-22
2008-04-03,117,17
2008-04-04,122,33
2008-04-05,172,28
2008-04-06,178,28
2008-04-07,117,56
2008-04-08,72,44
2008-04-09,111,28
2008-04-10,117,28
2008-04-11,178,44
2008-04-12,56,6
2008-04-13,56,0
2008-04-14,100,6
2008-04-15,150,-6
2008-04-16,228,72
2008-04-17,206,72
2008-04-18,239,72
2008-04-19,183,83
2008-04-20,222,67
2008-04-21,239,56
2008-04-22,233,94
2008-04-23,233,117
2008-04-24,233,122
2008-04-25,278,67
2008-04-26,139,33
2008-04-27,122,33
2008-04-28,78,17
2008-04-29,67,-6
2008-04-30,139,-6
2008-05-01,233,89
2008-05-02,233,106
2008-05-03,133,61
2008-05-04,183,33
2008-05-05,239,100
2008-05-06,272,78
2008-05-07,211,94
2008-05-08,150,72
2008-05-09,144,50
2008-05-10,161,33
2008-05-11,144,78
2008-05-12,133,44
2008-05-13,228,44
2008-05-14,178,72
2008-05-15,139,61
2008-05-16,228,44
2008-05-17,228,111
2008-05-18,128,67
2008-05-19,156,44
2008-05-20,189,83
2008-05-21,189,50
2008-05-22,150,72
2008-05-23,139,78
2008-05-24,194,44
2008-05-25,256,67
2008-05-26,272,83
2008-05-27,100,56
2008-05-28,167,61
2008-05-29,194,56
2008-05-30,250,128
2008-05-31,261,150
2008-06-01,233,117
2008-06-02,300,133
2008-06-03,206,128
2008-06-04,256,122
2008-06-05,306,156
2008-06-06,306,228
2008-06-07,294,206
2008-06-08,294,178
2008-06-09,233,183
2008-06-10,261,150
2008-06-11,300,161
2008-06-12,328,228
2008-06-13,278,183
2008-06-14,289,150
2008-06-15,272,161
2008-06-16,222,150
2008-06-17,244,128
2008-06-18,250,133
2008-06-19,272,111
2008-06-20,278,144
2008-06-21,278,161
2008-06-22,278,139
2008-06-23,250,133
2008-06-24,278,128
2008-06-25,261,189
2008-06-26,300,211
2008-06-27,289,189
2008-06-28,283,178
2008-06-29,239,156
2008-06-30,267,150
2008-07-01,283,144
2008-07-02,306,172
2008-07-03,217,128
2008-07-04,244,111
2008-07-05,267,122
2008-07-06,306,150
2008-07-07,306,217
2008-07-08,294,211
2008-07-09,294,194
2008-07-10,278,178
2008-07-11,311,178
2008-07-12,272,183
2008-07-13,261,167
2008-07-14,289,167
2008-07-15,322,161
2008-07-16,322,217
2008-07-17,317,217
2008-07-18,300,233
2008-07-19,256,194
2008-07-20,300,200
2008-07-21,283,200
2008-07-22,250,172
2008-07-23,272,156
2008-07-24,278,150
2008-07-25,278,161
2008-07-26,289,183
2008-07-27,283,167
2008-07-28,294,189
2008-07-29,311,183
2008-07-30,317,222
2008-07-31,317,222
2008-08-01,317,200
2008-08-02,272,183
2008-08-03,289,161
2008-08-04,306,211
2008-08-05,306,206
2008-08-06,289,194
2008-08-07,278,178
2008-08-08,261,172
2008-08-09,267,167
2008-08-10,233,144
2008-08-11,250,150
2008-08-12,250,161
2008-08-13,261,189
2008-08-14,261,172
2008-08-15,256,161
2008-08-16,283,144
2008-08-17,289,172
2008-08-18,294,183
2008-08-19,278,172
2008-08-20,272,183
2008-08-21,278,200
2008-08-22,283,222
2008-08-23,306,200
2008-08-24,250,172
2008-08-25,233,178
2008-08-26,244,161
2008-08-27,283,161
2008-08-28,267,172
2008-08-29,294,178
2008-08-30,306,133
2008-08-31,322,156
2008-09-01,322,167
2008-09-02,344,183
2008-09-03,250,189
2008-09-04,194,161
2008-09-05,211,139
2008-09-06,233,117
2008-09-07,233,128
2008-09-08,194,111
2008-09-09,206,94
2008-09-10,222,89
2008-09-11,261,128
2008-09-12,228,206
2008-09-13,239,200
2008-09-14,222,144
2008-09-15,172,117
2008-09-16,217,94
2008-09-17,278,139
2008-09-18,233,133
2008-09-19,250,122
2008-09-20,278,133
2008-09-21,267,144
2008-09-22,272,161
2008-09-23,278,150
2008-09-24,278,139
2008-09-25,250,172
2008-09-26,261,150
2008-09-27,272,117
2008-09-28,200,139
2008-09-29,178,122
2008-09-30,150,89
2008-10-01,161,78
2008-10-02,161,56
2008-10-03,156,67
2008-10-04,161,33
2008-10-05,161,50
2008-10-06,206,122
2008-10-07,172,133
2008-10-08,178,100
2008-10-09,206,83
2008-10-10,222,56
2008-10-11,261,106
2008-10-12,289,139
2008-10-13,250,161
2008-10-14,206,117
2008-10-15,172,83
2008-10-16,150,61
2008-10-17,139,61
2008-10-18,156,61
2008-10-19,167,44
2008-10-20,128,61
2008-10-21,128,33
2008-10-22,111,17
2008-10-23,144,50
2008-10-24,122,67
2008-10-25,117,61
2008-10-26,133,28
2008-10-27,83,6
2008-10-28,72,-6
2008-10-29,106,0
2008-10-30,167,-6
2008-10-31,211,89
2008-11-01,122,89
2008-11-02,194,89
2008-11-03,228,122
2008-11-04,217,100
2008-11-05,217,83
2008-11-06,183,72
2008-11-07,83,17
2008-11-08,44,17
2008-11-09,39,-11
2008-11-10,39,-33
2008-11-11,33,-50
2008-11-12,89,33
2008-11-13,128,67
2008-11-14,111,56
2008-11-15,56,17
2008-11-16,28,-17
2008-11-17,22,-33
2008-11-18,11,-61
2008-11-19,67,-17
2008-11-20,22,-56
2008-11-21,-17,-83
2008-11-22,17,-83
2008-11-23,72,-67
2008-11-24,33,0
2008-11-25,44,-22
2008-11-26,56,-44
2008-11-27,72,-56
2008-11-28,67,-33
2008-11-29,67,-67
2008-11-30,39,6
2008-12-01,6,-61
2008-12-02,17,-61
2008-12-03,33,-67
2008-12-04,-56,-111
2008-12-05,-50,-139
2008-12-06,0,-106
2008-12-07,-67,-156
2008-12-08,33,-89
2008-12-09,33,-39
2008-12-10,-17,-78
2008-12-11,0,-83
2008-12-12,-61,-117
2008-12-13,39,-72
2008-12-14,100,-6
2008-12-15,-6,-150
2008-12-16,-56,-144
2008-12-17,-67,-144
2008-12-18,-50,-161
2008-12-19,0,-56
2008-12-20,-6,-83
2008-12-21,-89,-211
2008-12-22,-139,-200
2008-12-23,11,-139
2008-12-24,11,-144
2008-12-25,-44,-178
2008-12-26,111,-44
2008-12-27,161,0
2008-12-28,0,-44
2008-12-29,61,-17
2008-12-30,44,-44
2008-12-31,-44,-117
2009-01-01,-6,-83
2009-01-02,-11,-78
2009-01-03,22,-83
2009-01-04,28,-83
2009-01-05,-17,-117
2009-01-06,-11,-89
2009-01-07,-17,-106
2009-01-08,-61,-111
2009-01-09,-17,-111
2009-01-10,-17,-67
2009-01-11,-67,-106
2009-01-12,-17,-161
2009-01-13,-17,-189
2009-01-14,-100,-189
2009-01-15,-183,-250
2009-01-16,-161,-278
2009-01-17,-44,-161
2009-01-18,-83,-133
2009-01-19,-50,-128
2009-01-20,-44,-117
2009-01-21,-22,-106
2009-01-22,6,-100
2009-01-23,11,-106
2009-01-24,-106,-183
2009-01-25,-106,-189
2009-01-26,-83,-183
2009-01-27,-67,-139
2009-01-28,-78,-133
2009-01-29,-11,-100
2009-01-30,-100,-156
2009-01-31,33,-139
2009-02-01,22,-44
2009-02-02,-33,-133
2009-02-03,-67,-172
2009-02-04,-83,-178
2009-02-05,-39,-200
2009-02-06,56,-133
2009-02-07,133,22
2009-02-08,61,-39
2009-02-09,117,-33
2009-02-10,161,50
2009-02-11,100,22
2009-02-12,33,-11
2009-02-13,22,-39
2009-02-14,11,-50
2009-02-15,-6,-72
2009-02-16,6,-83
2009-02-17,61,-33
2009-02-18,33,-83
2009-02-19,-50,-117
2009-02-20,-22,-111
2009-02-21,-17,-67
2009-02-22,-44,-106
2009-02-23,-28,-128
2009-02-24,39,-83
2009-02-25,122,17
2009-02-26,117,0
2009-02-27,78,-61
2009-02-28,-28,-67
2009-03-01,-56,-100
2009-03-02,-56,-100
2009-03-03,-11,-89
2009-03-04,67,-33
2009-03-05,183,22
2009-03-06,183,39
2009-03-07,72,39
2009-03-08,67,6
2009-03-09,67,6
2009-03-10,161,6
2009-03-11,6,-83
2009-03-12,-33,-100
2009-03-13,44,-72
2009-03-14,111,-50
2009-03-15,144,-22
2009-03-16,183,39
2009-03-17,233,50
2009-03-18,139,56
2009-03-19,78,-22
2009-03-20,67,-50
2009-03-21,161,28
2009-03-22,161,22
2009-03-23,133,33
2009-03-24,206,89
2009-03-25,89,28
2009-03-26,139,17
2009-03-27,61,0
2009-03-28,33,0
2009-03-29,50,-6
2009-03-30,72,-28
2009-03-31,117,28
2009-04-01,117,22
2009-04-02,100,28
2009-04-03,100,28
2009-04-04,100,-6
2009-04-05,61,6
2009-04-06,44,0
2009-04-07,94,-17
2009-04-08,128,-11
2009-04-09,144,-6
2009-04-10,83,33
2009-04-11,83,-6
2009-04-12,106,-28
2009-04-13,78,22
2009-04-14,67,22
2009-04-15,139,22
2009-04-16,167,6
2009-04-17,211,0
2009-04-18,228,44
2009-04-19,161,72
2009-04-20,117,33
2009-04-21,67,28
2009-04-22,161,28
2009-04-23,194,28
2009-04-24,289,94
2009-04-25,250,50
2009-04-26,256,61
2009-04-27,222,100
2009-04-28,106,56
2009-04-29,128,78
2009-04-30,172,122
2009-05-01,156,78
2009-05-02,189,67
2009-05-03,211,61
2009-05-04,211,61
2009-05-05,217,94
2009-05-06,239,106
2009-05-07,250,133
2009-05-08,250,117
2009-05-09,172,78
2009-05-10,194,44
2009-05-11,161,39
2009-05-12,217,39
2009-05-13,211,117
2009-05-14,200,117
2009-05-15,161,111
2009-05-16,167,72
2009-05-17,172,39
2009-05-18,189,44
2009-05-19,267,111
2009-05-20,289,161
2009-05-21,289,156
2009-05-22,206,117
2009-05-23,267,100
2009-05-24,217,128
2009-05-25,194,122
2009-05-26,233,117
2009-05-27,228,128
2009-05-28,167,122
2009-05-29,233,100
2009-05-30,261,100
2009-05-31,228,72
2009-06-01,256,106
2009-06-02,156,89
2009-06-03,161,61
2009-06-04,200,56
2009-06-05,261,67
2009-06-06,172,106
2009-06-07,228,111
2009-06-08,267,111
2009-06-09,194,128
2009-06-10,194,122
2009-06-11,178,117
2009-06-12,233,94
2009-06-13,200,122
2009-06-14,250,106
2009-06-15,272,117
2009-06-16,217,150
2009-06-17,217,161
2009-06-18,267,161
2009-06-19,300,183
2009-06-20,306,200
2009-06-21,289,211
2009-06-22,317,200
2009-06-23,344,217
2009-06-24,344,239
2009-06-25,344,239
2009-06-26,300,206
2009-06-27,317,167
2009-06-28,283,189
2009-06-29,250,172
2009-06-30,189,150
2009-07-01,183,139
2009-07-02,228,150
2009-07-03,261,172
2009-07-04,206,150
2009-07-05,272,139
2009-07-06,300,156
2009-07-07,250,150
2009-07-08,183,161
2009-07-09,261,150
2009-07-10,278,172
2009-07-11,294,172
2009-07-12,278,144
2009-07-13,261,161
2009-07-14,267,128
2009-07-15,294,183
2009-07-16,267,178
2009-07-17,211,139
2009-07-18,222,139
2009-07-19,217,139
2009-07-20,244,128
2009-07-21,267,144
2009-07-22,256,172
2009-07-23,278,167
2009-07-24,283,161
2009-07-25,272,189
2009-07-26,278,172
2009-07-27,289,178
2009-07-28,289,189
2009-07-29,272,167
2009-07-30,261,150
2009-07-31,272,144
2009-08-01,239,161
2009-08-02,256,139
2009-08-03,289,194
2009-08-04,294,194
2009-08-05,261,161
2009-08-06,278,156
2009-08-07,233,178
2009-08-08,317,200
2009-08-09,328,250
2009-08-10,294,211
2009-08-11,278,167
2009-08-12,283,156
2009-08-13,300,156
2009-08-14,311,172
2009-08-15,317,194
2009-08-16,311,211
2009-08-17,283,211
2009-08-18,283,183
2009-08-19,283,150
2009-08-20,256,178
2009-08-21,228,150
2009-08-22,200,139
2009-08-23,233,133
2009-08-24,261,122
2009-08-25,283,150
2009-08-26,228,167
2009-08-27,194,161
2009-08-28,200,156
2009-08-29,206,133
2009-08-30,189,106
2009-08-31,200,94
2009-09-01,222,83
2009-09-02,228,100
2009-09-03,239,133
2009-09-04,239,122
2009-09-05,256,122
2009-09-06,250,161
2009-09-07,250,150
2009-09-08,256,156
2009-09-09,256,183
2009-09-10,272,178
2009-09-11,267,161
2009-09-12,261,144
2009-09-13,267,144
2009-09-14,289,144
2009-09-15,278,178
2009-09-16,217,150
2009-09-17,222,100
2009-09-18,261,100
2009-09-19,244,128
2009-09-20,228,122
2009-09-21,194,156
2009-09-22,250,150
2009-09-23,244,167
2009-09-24,228,178
2009-09-25,211,156
2009-09-26,206,128
2009-09-27,233,100
2009-09-28,167,94
2009-09-29,156,89
2009-09-30,167,83
2009-10-01,150,50
2009-10-02,133,83
2009-10-03,139,83
2009-10-04,156,72
2009-10-05,167,61
2009-10-06,161,94
2009-10-07,156,72
2009-10-08,117,72
2009-10-09,111,39
2009-10-10,89,-6
2009-10-11,67,-17
2009-10-12,89,50
2009-10-13,83,11
2009-10-14,89,56
2009-10-15,67,50
2009-10-16,72,39
2009-10-17,111,22
2009-10-18,117,-6
2009-10-19,183,67
2009-10-20,167,89
2009-10-21,206,128
2009-10-22,144,89
2009-10-23,161,56
2009-10-24,100,33
2009-10-25,167,67
2009-10-26,128,94
2009-10-27,106,72
2009-10-28,139,100
2009-10-29,156,83
2009-10-30,194,78
2009-10-31,78,17
2009-11-01,111,-11
2009-11-02,150,56
2009-11-03,83,11
2009-11-04,111,44
2009-11-05,128,17
2009-11-06,167,11
2009-11-07,217,78
2009-11-08,211,72
2009-11-09,172,100
2009-11-10,128,39
2009-11-11,122,17
2009-11-12,133,-22
2009-11-13,128,6
2009-11-14,172,61
2009-11-15,128,50
2009-11-16,89,67
2009-11-17,83,67
2009-11-18,83,61
2009-11-19,83,50
2009-11-20,122,56
2009-11-21,122,6
2009-11-22,139,11
2009-11-23,94,50
2009-11-24,100,44
2009-11-25,94,28
2009-11-26,56,6
2009-11-27,44,-17
2009-11-28,122,-17
2009-11-29,67,6
2009-11-30,50,-11
2009-12-01,128,0
2009-12-02,72,6
2009-12-03,33,-33
2009-12-04,-22,-50
2009-12-05,0,-50
2009-12-06,22,-33
2009-12-07,-6,-33
2009-12-08,17,-39
2009-12-09,17,-117
2009-12-10,-106,-178
2009-12-11,-50,-139
2009-12-12,22,-89
2009-12-13,28,0
2009-12-14,33,-28
2009-12-15,-28,-133
2009-12-16,-50,-150
2009-12-17,17,-83
2009-12-18,22,-6
2009-12-19,6,-17
2009-12-20,-11,-33
2009-12-21,-17,-39
2009-12-22,0,-28
2009-12-23,0,-6
2009-12-24,22,0
2009-12-25,61,-61
2009-12-26,-33,-67
2009-12-27,-61,-100
2009-12-28,-11,-100
2009-12-29,-44,-133
2009-12-30,-6,-94
2009-12-31,0,-128
2010-01-01,-89,-150
2010-01-02,-117,-167
2010-01-03,-78,-183
2010-01-04,-78,-139
2010-01-05,-50,-106
2010-01-06,-67,-122
2010-01-07,-56,-89
2010-01-08,-28,-117
2010-01-09,-56,-144
2010-01-10,-78,-178
2010-01-11,-33,-94
2010-01-12,-6,-67
2010-01-13,17,-72
2010-01-14,44,-6
2010-01-15,11,-39
2010-01-16,-28,-50
2010-01-17,-17,-72
2010-01-18,-6,-28
2010-01-19,33,-28
2010-01-20,6,-44
2010-01-21,17,-11
2010-01-22,17,6
2010-01-23,67,11
2010-01-24,78,-11
2010-01-25,0,-72
2010-01-26,-44,-111
2010-01-27,-50,-128
2010-01-28,-83,-144
2010-01-29,-61,-150
2010-01-30,-39,-78
2010-01-31,-17,-94
2010-02-01,-11,-100
2010-02-02,0,-39
2010-02-03,0,-50
2010-02-04,6,-61
2010-02-05,17,-11
2010-02-06,-6,-39
2010-02-07,-6,-50
2010-02-08,-11,-67
2010-02-09,-22,-50
2010-02-10,-33,-83
2010-02-11,-11,-122
2010-02-12,0,-122
2010-02-13,-11,-117
2010-02-14,-17,-128
2010-02-15,-22,-144
2010-02-16,0,-39
2010-02-17,0,-33
2010-02-18,39,-39
2010-02-19,56,-72
2010-02-20,39,-11
2010-02-21,22,6
2010-02-22,6,-17
2010-02-23,6,-56
2010-02-24,-17,-61
2010-02-25,-22,-78
2010-02-26,-6,-83
2010-02-27,11,-22
2010-02-28,33,0
2010-03-01,22,-28
2010-03-02,6,-50
2010-03-03,39,-44
2010-03-04,56,-56
2010-03-05,33,-50
2010-03-06,72,-67
2010-03-07,78,-33
2010-03-08,67,6
2010-03-09,106,0
2010-03-10,167,78
2010-03-11,156,67
2010-03-12,128,44
2010-03-13,72,50
2010-03-14,100,44
2010-03-15,89,39
2010-03-16,161,17
2010-03-17,172,0
2010-03-18,161,50
2010-03-19,183,39
2010-03-20,39,-6
2010-03-21,56,6
2010-03-22,94,11
2010-03-23,150,-22
2010-03-24,117,17
2010-03-25,83,-17
2010-03-26,50,-28
2010-03-27,100,-6
2010-03-28,111,28
2010-03-29,78,-11
2010-03-30,178,-17
2010-03-31,250,106
2010-04-01,283,122
2010-04-02,272,150
2010-04-03,150,94
2010-04-04,244,39
2010-04-05,222,100
2010-04-06,244,83
2010-04-07,94,28
2010-04-08,44,11
2010-04-09,133,-11
2010-04-10,233,33
2010-04-11,172,67
2010-04-12,211,67
2010-04-13,172,89
2010-04-14,267,78
2010-04-15,278,161
2010-04-16,200,39
2010-04-17,150,28
2010-04-18,111,22
2010-04-19,133,17
2010-04-20,178,33
2010-04-21,167,50
2010-04-22,156,33
2010-04-23,172,50
2010-04-24,156,106
2010-04-25,156,83
2010-04-26,172,83
2010-04-27,106,28
2010-04-28,178,6
2010-04-29,261,78
2010-04-30,272,167
2010-05-01,211,144
2010-05-02,206,117
2010-05-03,222,100
2010-05-04,261,100
2010-05-05,222,133
2010-05-06,172,78
2010-05-07,150,72
2010-05-08,100,56
2010-05-09,144,33
2010-05-10,144,50
2010-05-11,111,67
2010-05-12,106,67
2010-05-13,228,89
2010-05-14,189,83
2010-05-15,161,61
2010-05-16,189,50
2010-05-17,144,100
2010-05-18,183,78
2010-05-19,233,67
2010-05-20,233,83
2010-05-21,228,133
2010-05-22,233,144
2010-05-23,317,167
2010-05-24,328,211
2010-05-25,311,206
2010-05-26,306,189
2010-05-27,250,161
2010-05-28,261,139
2010-05-29,300,150
2010-05-30,328,161
2010-05-31,272,189
2010-06-01,294,172
2010-06-02,250,139
2010-06-03,217,133
2010-06-04,283,139
2010-06-05,261,156
2010-06-06,244,128
2010-06-07,211,122
2010-06-08,194,144
2010-06-09,283,183
2010-06-10,250,144
2010-06-11,317,178
2010-06-12,250,167
2010-06-13,217,167
2010-06-14,211,156
2010-06-15,261,156
2010-06-16,278,172
2010-06-17,289,178
2010-06-18,322,194
2010-06-19,294,189
2010-06-20,272,178
2010-06-21,294,194
2010-06-22,294,206
2010-06-23,306,206
2010-06-24,289,183
2010-06-25,289,167
2010-06-26,306,206
2010-06-27,294,222
2010-06-28,278,172
2010-06-29,239,150
2010-06-30,239,133
2010-07-01,250,128
2010-07-02,283,150
2010-07-03,306,156
2010-07-04,328,200
2010-07-05,328,256
2010-07-06,322,228
2010-07-07,339,217
2010-07-08,311,228
2010-07-09,311,211
2010-07-10,317,206
2010-07-11,294,189
2010-07-12,289,183
2010-07-13,289,211
2010-07-14,322,211
2010-07-15,322,217
2010-07-16,322,194
2010-07-17,339,217
2010-07-18,333,222
2010-07-19,289,206
2010-07-20,300,200
2010-07-21,328,222
2010-07-22,322,206
2010-07-23,344,211
2010-07-24,306,206
2010-07-25,272,189
2010-07-26,289,161
2010-07-27,311,200
2010-07-28,311,228
2010-07-29,278,194
2010-07-30,267,206
2010-07-31,267,183
2010-08-01,300,183
2010-08-02,289,194
2010-08-03,300,189
2010-08-04,283,217
2010-08-05,283,200
2010-08-06,278,178
2010-08-07,283,167
2010-08-08,306,206
2010-08-09,311,222
2010-08-10,317,239
2010-08-11,322,239
2010-08-12,333,233
2010-08-13,333,228
2010-08-14,311,222
2010-08-15,283,189
2010-08-16,267,172
2010-08-17,261,178
2010-08-18,289,172
2010-08-19,311,189
2010-08-20,333,217
2010-08-21,300,217
2010-08-22,272,200
2010-08-23,267,183
2010-08-24,289,178
2010-08-25,261,161
2010-08-26,261,150
2010-08-27,300,150
2010-08-28,311,183
2010-08-29,344,217
2010-08-30,311,233
2010-08-31,339,239
2010-09-01,272,217
2010-09-02,283,183
2010-09-03,211,133
2010-09-04,200,106
2010-09-05,244,94
2010-09-06,278,189
2010-09-07,250,144
2010-09-08,217,106
2010-09-09,194,100
2010-09-10,222,128
2010-09-11,239,144
2010-09-12,283,122
2010-09-13,278,139
2010-09-14,250,122
2010-09-15,239,150
2010-09-16,206,117
2010-09-17,233,94
2010-09-18,183,144
2010-09-19,194,128
2010-09-20,239,167
2010-09-21,311,200
2010-09-22,233,172
2010-09-23,317,183
2010-09-24,267,133
2010-09-25,156,111
2010-09-26,156,100
2010-09-27,183,89
2010-09-28,217,78
2010-09-29,239,111
2010-09-30,233,111
2010-10-01,228,89
2010-10-02,139,72
2010-10-03,133,56
2010-10-04,156,33
2010-10-05,200,39
2010-10-06,256,78
2010-10-07,244,94
2010-10-08,261,89
2010-10-09,300,128
2010-10-10,289,139
2010-10-11,278,122
2010-10-12,244,111
2010-10-13,189,83
2010-10-14,189,61
2010-10-15,172,67
2010-10-16,217,44
2010-10-17,183,83
2010-10-18,161,61
2010-10-19,156,39
2010-10-20,211,67
2010-10-21,133,33
2010-10-22,178,6
2010-10-23,183,122
2010-10-24,222,122
2010-10-25,222,133
2010-10-26,211,122
2010-10-27,183,61
2010-10-28,78,39
2010-10-29,100,-6
2010-10-30,172,56
2010-10-31,111,22
2010-11-01,122,0
2010-11-02,111,0
2010-11-03,122,-6
2010-11-04,106,33
2010-11-05,44,-22
2010-11-06,78,-39
2010-11-07,150,17
2010-11-08,194,33
2010-11-09,206,44
2010-11-10,200,61
2010-11-11,194,78
2010-11-12,133,89
2010-11-13,139,39
2010-11-14,89,28
2010-11-15,106,0
2010-11-16,100,0
2010-11-17,83,28
2010-11-18,39,-33
2010-11-19,106,-39
2010-11-20,61,-11
2010-11-21,156,50
2010-11-22,194,39
2010-11-23,39,-33
2010-11-24,44,-39
2010-11-25,39,-61
2010-11-26,0,-78
2010-11-27,11,-61
2010-11-28,78,-56
2010-11-29,94,6
2010-11-30,94,-39
2010-12-01,-33,-56
2010-12-02,6,-56
2010-12-03,-6,-78
2010-12-04,0,-50
2010-12-05,-33,-111
2010-12-06,-67,-133
2010-12-07,-67,-117
2010-12-08,-39,-139
2010-12-09,-17,-150
2010-12-10,28,-50
2010-12-11,22,-44
2010-12-12,-6,-111
2010-12-13,-89,-139
2010-12-14,-61,-144
2010-12-15,-39,-167
2010-12-16,-28,-67
2010-12-17,-56,-106
2010-12-18,-72,-122
2010-12-19,-61,-133
2010-12-20,-28,-144
2010-12-21,-6,-33
2010-12-22,17,-78
2010-12-23,-17,-72
2010-12-24,0,-28
2010-12-25,-6,-67
2010-12-26,6,-72
2010-12-27,-56,-117
2010-12-28,-28,-111
2010-12-29,22,-128
2010-12-30,78,11
2010-12-31,117,50
2011-01-01,50,-100
2011-01-02,-44,-111
2011-01-03,22,-56
2011-01-04,-11,-106
2011-01-05,-6,-133
2011-01-06,-22,-78
2011-01-07,-56,-111
2011-01-08,-44,-128
2011-01-09,-6,-128
2011-01-10,6,-78
2011-01-11,-28,-56
2011-01-12,-33,-67
2011-01-13,-44,-94
2011-01-14,-44,-89
2011-01-15,-44,-106
2011-01-16,-56,-144
2011-01-17,0,-78
2011-01-18,0,-72
2011-01-19,-50,-94
2011-01-20,-72,-150
2011-01-21,-133,-200
2011-01-22,-83,-150
2011-01-23,-67,-156
2011-01-24,-28,-94
2011-01-25,-17,-61
2011-01-26,-22,-78
2011-01-27,-39,-83
2011-01-28,-6,-72
2011-01-29,6,-33
2011-01-30,-11,-33
2011-01-31,-33,-67
2011-02-01,-50,-67
2011-02-02,-50,-150
2011-02-03,-89,-211
2011-02-04,-39,-150
2011-02-05,-22,-156
2011-02-06,0,-44
2011-02-07,0,-72
2011-02-08,-67,-167
2011-02-09,-111,-189
2011-02-10,-89,-228
2011-02-11,-11,-150
2011-02-12,28,-44
2011-02-13,72,0
2011-02-14,56,-33
2011-02-15,33,-50
2011-02-16,94,28
2011-02-17,133,83
2011-02-18,100,6
2011-02-19,17,-39
2011-02-20,22,-22
2011-02-21,6,-39
2011-02-22,-28,-50
2011-02-23,6,-44
2011-02-24,22,0
2011-02-25,22,-17
2011-02-26,6,-44
2011-02-27,22,-39
2011-02-28,28,-39
2011-03-01,61,-56
2011-03-02,28,-44
2011-03-03,72,-39
2011-03-04,122,17
2011-03-05,22,-28
2011-03-06,11,-33
2011-03-07,11,-44
2011-03-08,72,0
2011-03-09,67,6
2011-03-10,28,0
2011-03-11,83,-28
2011-03-12,67,-22
2011-03-13,50,-44
2011-03-14,56,-33
2011-03-15,39,-6
2011-03-16,156,0
2011-03-17,194,89
2011-03-18,117,11
2011-03-19,100,-22
2011-03-20,139,44
2011-03-21,156,50
2011-03-22,56,28
2011-03-23,50,-22
2011-03-24,11,-44
2011-03-25,11,-44
2011-03-26,0,-39
2011-03-27,17,-50
2011-03-28,22,-61
2011-03-29,56,-44
2011-03-30,72,-33
2011-03-31,89,-50
2011-04-01,72,-22
2011-04-02,122,22
2011-04-03,222,17
2011-04-04,200,44
2011-04-05,117,6
2011-04-06,150,56
2011-04-07,78,39
2011-04-08,72,44
2011-04-09,189,67
2011-04-10,283,133
2011-04-11,194,67
2011-04-12,144,44
2011-04-13,200,22
2011-04-14,117,44
2011-04-15,106,28
2011-04-16,94,17
2011-04-17,117,17
2011-04-18,50,0
2011-04-19,33,11
2011-04-20,61,0
2011-04-21,100,0
2011-04-22,78,39
2011-04-23,178,72
2011-04-24,133,72
2011-04-25,122,72
2011-04-26,200,83
2011-04-27,128,61
2011-04-28,72,44
2011-04-29,167,22
2011-04-30,217,89
2011-05-01,172,83
2011-05-02,150,56
2011-05-03,100,28
2011-05-04,150,28
2011-05-05,172,17
2011-05-06,200,67
2011-05-07,156,61
2011-05-08,200,39
2011-05-09,228,83
2011-05-10,322,167
2011-05-11,306,172
2011-05-12,300,144
2011-05-13,250,83
2011-05-14,117,72
2011-05-15,78,50
2011-05-16,111,28
2011-05-17,156,44
2011-05-18,139,94
2011-05-19,222,94
2011-05-20,228,100
2011-05-21,239,100
2011-05-22,306,161
2011-05-23,261,156
2011-05-24,189,83
2011-05-25,194,83
2011-05-26,94,61
2011-05-27,144,44
2011-05-28,167,106
2011-05-29,211,111
2011-05-30,311,133
2011-05-31,294,206
2011-06-01,272,150
2011-06-02,206,133
2011-06-03,306,128
2011-06-04,333,178
2011-06-05,294,156
2011-06-06,339,156
2011-06-07,356,239
2011-06-08,350,189
2011-06-09,206,100
2011-06-10,206,106
2011-06-11,167,111
2011-06-12,178,100
2011-06-13,222,122
2011-06-14,250,117
2011-06-15,217,139
2011-06-16,272,161
2011-06-17,278,156
2011-06-18,289,161
2011-06-19,272,172
2011-06-20,261,183
2011-06-21,317,189
2011-06-22,228,178
2011-06-23,217,167
2011-06-24,200,156
2011-06-25,261,144
2011-06-26,272,139
2011-06-27,272,183
2011-06-28,272,172
2011-06-29,272,150
2011-06-30,311,156
2011-07-01,317,222
2011-07-02,344,217
2011-07-03,289,206
2011-07-04,317,183
2011-07-05,328,200
2011-07-06,300,211
2011-07-07,278,172
2011-07-08,300,161
2011-07-09,328,161
2011-07-10,328,233
2011-07-11,311,217
2011-07-12,306,211
2011-07-13,233,172
2011-07-14,278,150
2011-07-15,306,211
2011-07-16,317,217
2011-07-17,350,206
2011-07-18,333,267
2011-07-19,339,256
2011-07-20,372,228
2011-07-21,372,239
2011-07-22,311,211
2011-07-23,306,211
2011-07-24,306,222
2011-07-25,311,228
2011-07-26,283,217
2011-07-27,322,200
2011-07-28,306,228
2011-07-29,300,217
2011-07-30,328,194
2011-07-31,322,200
2011-08-01,328,233
2011-08-02,339,233
2011-08-03,300,222
2011-08-04,289,206
2011-08-05,283,206
2011-08-06,294,222
2011-08-07,300,200
2011-08-08,267,200
2011-08-09,267,178
2011-08-10,250,161
2011-08-11,272,139
2011-08-12,272,156
2011-08-13,283,167
2011-08-14,239,167
2011-08-15,278,139
2011-08-16,294,161
2011-08-17,283,167
2011-08-18,289,194
2011-08-19,306,178
2011-08-20,267,189
2011-08-21,267,178
2011-08-22,278,150
2011-08-23,228,167
2011-08-24,333,206
2011-08-25,283,178
2011-08-26,283,150
2011-08-27,272,178
2011-08-28,250,161
2011-08-29,261,150
2011-08-30,244,161
2011-08-31,306,183
2011-09-01,339,217
2011-09-02,333,244
2011-09-03,317,206
2011-09-04,228,144
2011-09-05,183,111
2011-09-06,189,106
2011-09-07,211,111
2011-09-08,239,139
2011-09-09,222,156
2011-09-10,256,133
2011-09-11,283,139
2011-09-12,300,178
2011-09-13,228,133
2011-09-14,144,83
2011-09-15,150,56
2011-09-16,144,78
2011-09-17,200,100
2011-09-18,183,128
2011-09-19,206,122
2011-09-20,233,94
2011-09-21,217,133
2011-09-22,178,106
2011-09-23,167,89
2011-09-24,167,106
2011-09-25,178,106
2011-09-26,156,117
2011-09-27,172,122
2011-09-28,172,117
2011-09-29,189,94
2011-09-30,139,72
2011-10-01,133,56
2011-10-02,189,50
2011-10-03,206,67
2011-10-04,244,61
2011-10-05,267,94
2011-10-06,272,100
2011-10-07,289,122
2011-10-08,278,122
2011-10-09,267,111
2011-10-10,244,122
2011-10-11,261,139
2011-10-12,256,128
2011-10-13,189,111
2011-10-14,167,89
2011-10-15,167,83
2011-10-16,167,89
2011-10-17,150,50
2011-10-18,122,50
2011-10-19,94,67
2011-10-20,83,61
2011-10-21,128,33
2011-10-22,189,11
2011-10-23,200,33
2011-10-24,172,72
2011-10-25,233,72
2011-10-26,117,83
2011-10-27,117,39
2011-10-28,128,17
2011-10-29,128,11
2011-10-30,139,6
2011-10-31,117,22
2011-11-01,183,17
2011-11-02,183,89
2011-11-03,89,78
2011-11-04,117,22
2011-11-05,144,11
2011-11-06,150,50
2011-11-07,144,106
2011-11-08,106,83
2011-11-09,167,28
2011-11-10,50,0
2011-11-11,72,-11
2011-11-12,156,22
2011-11-13,211,83
2011-11-14,117,22
2011-11-15,178,11
2011-11-16,78,-6
2011-11-17,22,-44
2011-11-18,106,-39
2011-11-19,144,67
2011-11-20,128,39
2011-11-21,83,50
2011-11-22,61,44
2011-11-23,100,11
2011-11-24,83,44
2011-11-25,139,56
2011-11-26,133,72
2011-11-27,78,22
2011-11-28,50,11
2011-11-29,67,-6
2011-11-30,67,-39
2011-12-01,89,-39
2011-12-02,61,-6
2011-12-03,100,28
2011-12-04,111,22
2011-12-05,44,17
2011-12-06,28,-28
2011-12-07,11,-39
2011-12-08,22,-44
2011-12-09,0,-78
2011-12-10,-28,-111
2011-12-11,72,-28
2011-12-12,83,-50
2011-12-13,72,33
2011-12-14,128,50
2011-12-15,139,6
2011-12-16,11,-33
2011-12-17,0,-22
2011-12-18,67,-39
2011-12-19,100,33
2011-12-20,39,22
2011-12-21,61,28
2011-12-22,44,-6
2011-12-23,11,-50
2011-12-24,39,-61
2011-12-25,72,-17
2011-12-26,72,-50
2011-12-27,50,-33
2011-12-28,-6,-67
2011-12-29,89,-6
2011-12-30,67,0
2011-12-31,44,-17
2012-01-01,67,-17
2012-01-02,-17,-78
2012-01-03,-28,-106
2012-01-04,50,-39
2012-01-05,94,-50
2012-01-06,128,33
2012-01-07,67,-22
2012-01-08,56,-39
2012-01-09,78,-39
2012-01-10,111,-39
2012-01-11,122,-28
2012-01-12,28,-72
2012-01-13,-56,-83
2012-01-14,-72,-133
2012-01-15,-6,-150
2012-01-16,72,-11
2012-01-17,39,-83
2012-01-18,-33,-122
2012-01-19,-22,-150
2012-01-20,-44,-150
2012-01-21,-39,-89
2012-01-22,44,-89
2012-01-23,78,-11
2012-01-24,28,-39
2012-01-25,22,-56
2012-01-26,33,0
2012-01-27,61,11
2012-01-28,11,-33
2012-01-29,-6,-61
2012-01-30,117,-56
2012-01-31,139,61
2012-02-01,89,0
2012-02-02,61,-6
2012-02-03,39,6
2012-02-04,56,-17
2012-02-05,72,-17
2012-02-06,6,-11
2012-02-07,22,-17
2012-02-08,28,-39
2012-02-09,22,-61
2012-02-10,22,-100
2012-02-11,-67,-122
2012-02-12,17,-89
2012-02-13,22,-94
2012-02-14,22,-17
2012-02-15,61,-11
2012-02-16,83,11
2012-02-17,94,-22
2012-02-18,39,-28
2012-02-19,33,-44
2012-02-20,72,-56
2012-02-21,50,6
2012-02-22,67,-17
2012-02-23,44,-17
2012-02-24,17,-33
2012-02-25,-28,-89
2012-02-26,117,-83
2012-02-27,44,-39
2012-02-28,67,-50
2012-02-29,150,17
2012-03-01,44,17
2012-03-02,44,11
2012-03-03,17,-11
2012-03-04,0,-33
2012-03-05,28,-61
2012-03-06,200,-6
2012-03-07,200,122
2012-03-08,172,28
2012-03-09,44,-22
2012-03-10,156,-28
2012-03-11,206,50
2012-03-12,183,111
2012-03-13,211,89
2012-03-14,272,78
2012-03-15,272,89
2012-03-16,278,78
2012-03-17,278,144
2012-03-18,272,139
2012-03-19,256,161
2012-03-20,294,172
2012-03-21,306,161
2012-03-22,283,156
2012-03-23,172,128
2012-03-24,167,100
2012-03-25,217,61
2012-03-26,83,28
2012-03-27,233,44
2012-03-28,200,72
2012-03-29,89,44
2012-03-30,117,44
2012-03-31,100,39
2012-04-01,139,56
2012-04-02,167,83
2012-04-03,211,89
2012-04-04,144,78
2012-04-05,94,33
2012-04-06,117,6
2012-04-07,194,11
2012-04-08,189,72
2012-04-09,172,50
2012-04-10,78,11
2012-04-11,122,0
2012-04-12,172,0
2012-04-13,189,44
2012-04-14,194,122
2012-04-15,250,161
2012-04-16,194,61
2012-04-17,139,39
2012-04-18,228,39
2012-04-19,161,72
2012-04-20,83,56
2012-04-21,117,22
2012-04-22,117,50
2012-04-23,156,39
2012-04-24,189,33
2012-04-25,161,78
2012-04-26,128,39
2012-04-27,122,17
2012-04-28,100,72
2012-04-29,139,61
2012-04-30,167,100
2012-05-01,183,94
2012-05-02,267,144
2012-05-03,300,189
2012-05-04,228,128
2012-05-05,156,111
2012-05-06,211,106
2012-05-07,178,111
2012-05-08,211,111
2012-05-09,156,83
2012-05-10,194,78
2012-05-11,256,61
2012-05-12,206,117
2012-05-13,222,100
2012-05-14,278,61
2012-05-15,300,139
2012-05-16,183,100
2012-05-17,233,72
2012-05-18,294,117
2012-05-19,333,150
2012-05-20,339,183
2012-05-21,194,122
2012-05-22,217,100
2012-05-23,278,83
2012-05-24,322,178
2012-05-25,283,183
2012-05-26,300,156
2012-05-27,361,211
2012-05-28,350,250
2012-05-29,294,161
2012-05-30,211,117
2012-05-31,122,83
2012-06-01,183,94
2012-06-02,244,94
2012-06-03,272,139
2012-06-04,239,150
2012-06-05,211,139
2012-06-06,244,111
2012-06-07,278,122
2012-06-08,311,122
2012-06-09,322,183
2012-06-10,339,194
2012-06-11,322,211
2012-06-12,256,150
2012-06-13,222,122
2012-06-14,306,133
2012-06-15,344,150
2012-06-16,344,206
2012-06-17,306,206
2012-06-18,344,206
2012-06-19,350,256
2012-06-20,350,250
2012-06-21,294,211
2012-06-22,306,178
2012-06-23,306,167
2012-06-24,344,183
2012-06-25,244,156
2012-06-26,283,133
2012-06-27,333,139
2012-06-28,378,244
2012-06-29,311,206
2012-06-30,333,206
2012-07-01,328,200
2012-07-02,367,217
2012-07-03,356,250
2012-07-04,389,261
2012-07-05,394,261
2012-07-06,394,278
2012-07-07,367,228
2012-07-08,294,200
2012-07-09,328,189
2012-07-10,283,194
2012-07-11,306,178
2012-07-12,328,189
2012-07-13,339,211
2012-07-14,322,211
2012-07-15,350,217
2012-07-16,361,222
2012-07-17,372,261
2012-07-18,344,222
2012-07-19,283,217
2012-07-20,272,200
2012-07-21,306,183
2012-07-22,317,200
2012-07-23,361,272
2012-07-24,289,206
2012-07-25,372,211
2012-07-26,317,206
2012-07-27,300,189
2012-07-28,278,194
2012-07-29,294,172
2012-07-30,333,206
2012-07-31,294,200
2012-08-01,322,200
2012-08-02,339,189
2012-08-03,350,217
2012-08-04,339,217
2012-08-05,289,189
2012-08-06,294,167
2012-08-07,333,167
2012-08-08,289,222
2012-08-09,239,172
2012-08-10,244,161
2012-08-11,256,133
2012-08-12,244,128
2012-08-13,206,156
2012-08-14,289,133
2012-08-15,294,183
2012-08-16,244,167
2012-08-17,244,144
2012-08-18,250,117
2012-08-19,261,156
2012-08-20,233,144
2012-08-21,261,117
2012-08-22,294,122
2012-08-23,333,178
2012-08-24,344,178
2012-08-25,339,189
2012-08-26,261,189
2012-08-27,311,189
2012-08-28,300,172
2012-08-29,289,183
2012-08-30,322,178
2012-08-31,333,217
2012-09-01,239,217
2012-09-02,278,228
2012-09-03,311,217
2012-09-04,322,189
2012-09-05,300,172
2012-09-06,300,200
2012-09-07,256,150
2012-09-08,228,122
2012-09-09,222,128
2012-09-10,239,111
2012-09-11,283,111
2012-09-12,300,172
2012-09-13,217,122
2012-09-14,244,106
2012-09-15,261,100
2012-09-16,250,94
2012-09-17,256,128
2012-09-18,172,83
2012-09-19,228,50
2012-09-20,222,106
2012-09-21,156,89
2012-09-22,150,67
2012-09-23,161,44
2012-09-24,211,28
2012-09-25,250,94
2012-09-26,200,117
2012-09-27,183,78
2012-09-28,194,100
2012-09-29,261,89
2012-09-30,189,100
2012-10-01,189,83
2012-10-02,206,117
2012-10-03,172,150
2012-10-04,250,89
2012-10-05,100,39
2012-10-06,100,11
2012-10-07,106,22
2012-10-08,156,0
2012-10-09,183,56
2012-10-10,106,17
2012-10-11,194,17
2012-10-12,117,28
2012-10-13,194,67
2012-10-14,217,89
2012-10-15,156,50
2012-10-16,211,44
2012-10-17,200,122
2012-10-18,122,72
2012-10-19,111,61
2012-10-20,150,39
2012-10-21,200,28
2012-10-22,183,94
2012-10-23,211,139
2012-10-24,256,144
2012-10-25,239,72
2012-10-26,106,28
2012-10-27,89,11
2012-10-28,94,33
2012-10-29,106,22
2012-10-30,89,39
2012-10-31,100,11
2012-11-01,122,11
2012-11-02,89,11
2012-11-03,72,22
2012-11-04,89,0
2012-11-05,67,0
2012-11-06,56,-17
2012-11-07,83,44
2012-11-08,72,17
2012-11-09,133,6
2012-11-10,189,100
2012-11-11,211,44
2012-11-12,44,-17
2012-11-13,50,-44
2012-11-14,72,-17
2012-11-15,89,-11
2012-11-16,122,-28
2012-11-17,128,-33
2012-11-18,139,-6
2012-11-19,150,22
2012-11-20,144,44
2012-11-21,122,11
2012-11-22,172,56
2012-11-23,56,-22
2012-11-24,0,-44
2012-11-25,61,-17
2012-11-26,22,-50
2012-11-27,6,-83
2012-11-28,67,-28
2012-11-29,106,6
2012-11-30,106,22
2012-12-01,150,-17
2012-12-02,172,67
2012-12-03,211,78
2012-12-04,150,33
2012-12-05,44,-28
2012-12-06,78,0
2012-12-07,78,50
2012-12-08,56,22
2012-12-09,50,17
2012-12-10,33,-6
2012-12-11,11,-44
2012-12-12,78,-22
2012-12-13,94,0
2012-12-14,100,-33
2012-12-15,100,28
2012-12-16,94,33
2012-12-17,44,-11
2012-12-18,50,-6
2012-12-19,61,0
2012-12-20,94,6
2012-12-21,6,-67
2012-12-22,0,-83
2012-12-23,11,-61
2012-12-24,11,-22
2012-12-25,6,-39
2012-12-26,6,-22
2012-12-27,6,-22
2012-12-28,0,-17
2012-12-29,0,-67
2012-12-30,6,-100
2012-12-31,17,-67
2013-01-01,-39,-117
2013-01-02,-11,-122
2013-01-03,-17,-78
2013-01-04,22,-106
2013-01-05,39,-78
2013-01-06,22,-78
2013-01-07,50,-94
2013-01-08,67,-56
2013-01-09,100,-28
2013-01-10,72,-56
2013-01-11,111,56
2013-01-12,117,-11
2013-01-13,-11,-100
2013-01-14,-39,-111
2013-01-15,-6,-111
2013-01-16,22,-89
2013-01-17,6,-67
2013-01-18,61,-72
2013-01-19,83,-22
2013-01-20,-22,-106
2013-01-21,-94,-150
2013-01-22,-117,-183
2013-01-23,-50,-122
2013-01-24,-56,-156
2013-01-25,-17,-78
2013-01-26,-22,-106
2013-01-27,28,-50
2013-01-28,89,28
2013-01-29,172,39
2013-01-30,67,-61
2013-01-31,-61,-144
2013-02-01,-100,-178
2013-02-02,-50,-133
2013-02-03,-61,-128
2013-02-04,-22,-106
2013-02-05,-6,-144
2013-02-06,22,-117
2013-02-07,11,-6
2013-02-08,6,-50
2013-02-09,0,-67
2013-02-10,94,-11
2013-02-11,72,-17
2013-02-12,-17,-61
2013-02-13,67,-72
2013-02-14,39,6
2013-02-15,6,-67
2013-02-16,-67,-111
2013-02-17,-11,-128
2013-02-18,111,-28
2013-02-19,-11,-111
2013-02-20,-44,-133
2013-02-21,0,-72
2013-02-22,11,-44
2013-02-23,-22,-56
2013-02-24,39,-83
2013-02-25,61,-67
2013-02-26,22,0
2013-02-27,11,0
2013-02-28,17,-28
2013-03-01,-11,-39
2013-03-02,-6,-83
2013-03-03,11,-94
2013-03-04,11,-78
2013-03-05,6,-17
2013-03-06,11,-22
2013-03-07,44,-33
2013-03-08,44,-72
2013-03-09,67,-11
2013-03-10,106,39
2013-03-11,89,6
2013-03-12,28,-33
2013-03-13,6,-56
2013-03-14,28,-50
2013-03-15,50,-11
2013-03-16,17,-11
2013-03-17,17,-33
2013-03-18,17,-61
2013-03-19,0,-83
2013-03-20,-39,-100
2013-03-21,6,-100
2013-03-22,50,-67
2013-03-23,50,-39
2013-03-24,28,0
2013-03-25,33,0
2013-03-26,61,-17
2013-03-27,56,-6
2013-03-28,106,-22
2013-03-29,128,0
2013-03-30,150,-22
2013-03-31,150,22
2013-04-01,50,-16
2013-04-02,72,-38
2013-04-03,67,-38
2013-04-04,144,-38
2013-04-05,72,22
2013-04-06,211,22
2013-04-07,150,44
2013-04-08,178,50
2013-04-09,128,39
2013-04-10,50,33
2013-04-11,78,33
2013-04-12,72,28
2013-04-13,72,11
2013-04-14,206,33
2013-04-15,189,67
2013-04-16,144,44
2013-04-17,94,56
2013-04-18,172,39
2013-04-19,44,6
2013-04-20,83,-5
2013-04-21,122,-16
2013-04-22,194,33
2013-04-23,150,33
2013-04-24,100,28
2013-04-25,106,33
2013-04-26,194,11
2013-04-27,200,61
2013-04-28,183,94
2013-04-29,233,83
2013-04-30,294,161
2013-05-01,289,133
2013-05-02,128,56
2013-05-03,89,44
2013-05-04,217,89
2013-05-05,206,89
2013-05-06,217,100
2013-05-07,239,89
2013-05-08,261,89
2013-05-09,239,78
2013-05-10,83,67
2013-05-11,156,61
2013-05-12,128,28
2013-05-13,178,22
2013-05-14,328,100
2013-05-15,289,156
2013-05-16,283,117
2013-05-17,211,128
2013-05-18,267,133
2013-05-19,300,144
2013-05-20,317,183
2013-05-21,272,178
2013-05-22,228,111
2013-05-23,122,56
2013-05-24,139,50
2013-05-25,139,67
2013-05-26,200,67
2013-05-27,167,117
2013-05-28,244,133
2013-05-29,289,178
2013-05-30,283,178
2013-05-31,250,178
2013-06-01,244,172
2013-06-02,172,61
2013-06-03,200,61
2013-06-04,222,100
2013-06-05,228,122
2013-06-06,178,111
2013-06-07,200,111
2013-06-08,233,94
2013-06-09,267,128
2013-06-10,244,156
2013-06-11,283,156
2013-06-12,300,172
2013-06-13,228,144
2013-06-14,256,133
2013-06-15,267,144
2013-06-16,300,206
2013-06-17,311,150
2013-06-18,217,133
2013-06-19,239,117
2013-06-20,300,133
2013-06-21,278,200
2013-06-22,267,194
2013-06-23,306,189
2013-06-24,317,194
2013-06-25,294,194
2013-06-26,267,189
2013-06-27,322,178
2013-06-28,283,194
2013-06-29,222,178
2013-06-30,250,167
2013-07-01,239,150
2013-07-02,200,156
2013-07-03,222,150
2013-07-04,283,133
2013-07-05,300,156
2013-07-06,283,183
2013-07-07,311,211
2013-07-08,300,211
2013-07-09,294,228
2013-07-10,294,189
2013-07-11,272,178
2013-07-12,283,144
2013-07-13,289,167
2013-07-14,311,222
2013-07-15,317,217
2013-07-16,333,228
2013-07-17,344,244
2013-07-18,350,250
2013-07-19,356,217
2013-07-20,317,217
2013-07-21,311,200
2013-07-22,306,217
2013-07-23,256,172
2013-07-24,222,156
2013-07-25,272,139
2013-07-26,211,167
2013-07-27,183,128
2013-07-28,206,122
2013-07-29,244,139
2013-07-30,233,139
2013-07-31,239,167
2013-08-01,272,161
2013-08-02,289,167
2013-08-03,272,178
2013-08-04,239,156
2013-08-05,239,144
2013-08-06,283,194
2013-08-07,317,194
2013-08-08,256,183
2013-08-09,278,150
2013-08-10,272,178
2013-08-11,272,156
2013-08-12,278,194
2013-08-13,211,144
2013-08-14,222,133
2013-08-15,239,128
2013-08-16,278,128
2013-08-17,272,139
2013-08-18,272,150
2013-08-19,294,139
2013-08-20,311,189
2013-08-21,322,200
2013-08-22,256,200
2013-08-23,278,167
2013-08-24,300,156
2013-08-25,317,183
2013-08-26,333,211
2013-08-27,356,250
2013-08-28,283,217
2013-08-29,317,189
2013-08-30,356,194
2013-08-31,256,217
2013-09-01,294,183
2013-09-02,261,156
2013-09-03,250,139
2013-09-04,289,150
2013-09-05,233,150
2013-09-06,300,139
2013-09-07,311,183
2013-09-08,250,217
2013-09-09,344,200
2013-09-10,350,250
2013-09-11,328,239
2013-09-12,278,167
2013-09-13,194,111
2013-09-14,222,83
2013-09-15,167,133
2013-09-16,178,106
2013-09-17,217,94
2013-09-18,272,156
2013-09-19,289,206
2013-09-20,244,144
2013-09-21,194,111
2013-09-22,194,94
2013-09-23,194,78
2013-09-24,211,94
2013-09-25,211,106
2013-09-26,239,100
2013-09-27,272,111
2013-09-28,289,128
2013-09-29,200,106
2013-09-30,233,83
2013-10-01,261,167
2013-10-02,244,167
2013-10-03,256,156
2013-10-04,233,183
2013-10-05,267,161
2013-10-06,178,72
2013-10-07,200,72
2013-10-08,239,61
2013-10-09,217,89
2013-10-10,233,78
2013-10-11,244,106
2013-10-12,228,78
2013-10-13,178,67
2013-10-14,167,56
2013-10-15,178,94
2013-10-16,122,83
2013-10-17,117,44
2013-10-18,100,39
2013-10-19,122,56
2013-10-20,161,22
2013-10-21,128,6
2013-10-22,56,-16
2013-10-23,78,0
2013-10-24,67,-5
2013-10-25,106,-16
2013-10-26,128,28
2013-10-27,122,-16
2013-10-28,117,17
2013-10-29,139,56
2013-10-30,172,61
2013-10-31,178,78
2013-11-01,89,61
2013-11-02,89,33
2013-11-03,117,6
2013-11-04,144,56
2013-11-05,128,100
2013-11-06,139,17
2013-11-07,67,-10
2013-11-08,89,-21
2013-11-09,144,50
2013-11-10,94,17
2013-11-11,83,-38
2013-11-12,6,-55
2013-11-13,44,-66
2013-11-14,94,0
2013-11-15,100,33
2013-11-16,161,56
2013-11-17,206,61
2013-11-18,61,-10
2013-11-19,56,-38
2013-11-20,72,-21
2013-11-21,106,50
2013-11-22,61,-27
2013-11-23,-32,-93
2013-11-24,-27,-116
2013-11-25,-5,-55
2013-11-26,11,-82
2013-11-27,-16,-105
2013-11-28,11,-71
2013-11-29,22,-93
2013-11-30,100,-16
2013-12-01,56,-16
2013-12-02,67,-16
2013-12-03,100,28
2013-12-04,133,39
2013-12-05,39,-60
2013-12-06,-60,-105
2013-12-07,-60,-132
2013-12-08,-32,-93
2013-12-09,-38,-177
2013-12-10,-60,-210
2013-12-11,-60,-171
2013-12-12,-71,-193
2013-12-13,0,-105
2013-12-14,-5,-55
2013-12-15,-55,-121
2013-12-16,-60,-138
2013-12-17,6,-88
2013-12-18,17,-93
2013-12-19,39,6
2013-12-20,22,6
2013-12-21,17,-10
2013-12-22,11,-43
2013-12-23,-32,-182
2013-12-24,-77,-188
2013-12-25,-27,-77
2013-12-26,11,-99
2013-12-27,50,-60
2013-12-28,100,6
2013-12-29,44,-116
2013-12-30,-105,-171
2013-12-31,-110,-166
2014-01-01,-55,-121
2014-01-02,-60,-182
2014-01-03,-66,-243
2014-01-04,-5,-71
2014-01-05,-16,-193
2014-01-06,-188,-266
2014-01-07,-160,-243
2014-01-08,-82,-210
2014-01-09,-27,-199
2014-01-10,44,-27
2014-01-11,44,-5
2014-01-12,67,-21
2014-01-13,72,-27
2014-01-14,17,-55
2014-01-15,-55,-93
2014-01-16,11,-71
2014-01-17,-66,-110
2014-01-18,-60,-138
2014-01-19,28,-121
2014-01-20,17,-105
2014-01-21,-105,-177
2014-01-22,-93,-177
2014-01-23,-121,-205
2014-01-24,-21,-210
2014-01-25,6,-138
2014-01-26,-5,-143
2014-01-27,-143,-216
2014-01-28,-160,-238
2014-01-29,-49,-171
2014-01-30,6,-66
2014-01-31,-21,-82
2014-02-01,-5,-66
2014-02-02,-60,-182
2014-02-03,-60,-210
2014-02-04,-43,-138
2014-02-05,-38,-127
2014-02-06,-99,-188
2014-02-07,-116,-199
2014-02-08,-88,-149
2014-02-09,-71,-155
2014-02-10,-110,-193
2014-02-11,-99,-221
2014-02-12,-43,-205
2014-02-13,0,-121
2014-02-14,-55,-110
2014-02-15,-43,-160
2014-02-16,-16,-82
2014-02-17,-21,-49
2014-02-18,78,-88
2014-02-19,67,-10
2014-02-20,94,11
2014-02-21,28,-32
2014-02-22,17,-60
2014-02-23,-21,-93
2014-02-24,-38,-110
2014-02-25,-55,-143
2014-02-26,-77,-171
2014-02-27,-77,-155
2014-02-28,-10,-160
2014-03-01,-5,-116
2014-03-02,-99,-171
2014-03-03,-71,-188
2014-03-04,-27,-110
2014-03-05,-49,-71
2014-03-06,6,-88
2014-03-07,83,-105
2014-03-08,33,-60
2014-03-09,56,-71
2014-03-10,117,44
2014-03-11,100,11
2014-03-12,11,-99
2014-03-13,39,-116
2014-03-14,117,28
2014-03-15,44,-27
2014-03-16,-27,-71
2014-03-17,44,-66
2014-03-18,111,-27
2014-03-19,78,11
2014-03-20,83,-10
2014-03-21,144,-10
2014-03-22,50,-32
2014-03-23,0,-71
2014-03-24,22,-66
2014-03-25,-5,-66
2014-03-26,39,-93
2014-03-27,128,11
2014-03-28,128,11
2014-03-29,50,-21
2014-03-30,139,-38
2014-03-31,200,50
2014-04-01,139,0
2014-04-02,72,11
2014-04-03,61,17
2014-04-04,89,11
2014-04-05,106,-5
2014-04-06,139,-5
2014-04-07,122,22
2014-04-08,156,44
2014-04-09,167,6
2014-04-10,189,50
2014-04-11,211,28
2014-04-12,267,67
2014-04-13,206,56
2014-04-14,172,-10
2014-04-15,33,-32
2014-04-16,111,-32
2014-04-17,167,44
2014-04-18,106,33
2014-04-19,189,28
2014-04-20,261,50
2014-04-21,233,144
2014-04-22,161,22
2014-04-23,106,6
2014-04-24,178,39
2014-04-25,211,72
2014-04-26,139,44
2014-04-27,156,56
2014-04-28,128,72
2014-04-29,150,83
2014-04-30,117,61
2014-05-01,94,56
2014-05-02,117,78
2014-05-03,194,78
2014-05-04,144,67
2014-05-05,128,61
2014-05-06,172,50
2014-05-07,256,89
2014-05-08,317,106
2014-05-09,228,122
2014-05-10,250,83
2014-05-11,272,111
2014-05-12,289,178
2014-05-13,194,111
2014-05-14,133,67
2014-05-15,128,44
2014-05-16,78,28
2014-05-17,156,39
2014-05-18,206,83
2014-05-19,206,72
2014-05-20,294,167
2014-05-21,300,172
2014-05-22,211,117
2014-05-23,206,89
2014-05-24,233,83
2014-05-25,283,100
2014-05-26,306,161
2014-05-27,294,144
2014-05-28,217,133
2014-05-29,244,122
2014-05-30,261,117
2014-05-31,311,122
2014-06-01,322,172
2014-06-02,283,200
2014-06-03,272,189
2014-06-04,211,128
2014-06-05,244,111
2014-06-06,272,94
2014-06-07,289,139
2014-06-08,222,122
2014-06-09,256,128
2014-06-10,189,133
2014-06-11,194,139
2014-06-12,261,144
2014-06-13,239,128
2014-06-14,261,111
2014-06-15,289,156
2014-06-16,311,194
2014-06-17,328,250
2014-06-18,278,161
2014-06-19,261,150
2014-06-20,294,172
2014-06-21,289,156
2014-06-22,278,172
2014-06-23,272,189
2014-06-24,306,211
2014-06-25,267,150
2014-06-26,256,150
2014-06-27,311,150
2014-06-28,306,217
2014-06-29,294,206
2014-06-30,306,194
2014-07-01,267,194
2014-07-02,211,133
2014-07-03,244,133
2014-07-04,261,144
2014-07-05,250,156
2014-07-06,306,172
2014-07-07,311,217
2014-07-08,272,189
2014-07-09,267,167
2014-07-10,261,156
2014-07-11,272,156
2014-07-12,267,211
2014-07-13,294,200
2014-07-14,267,161
2014-07-15,211,128
2014-07-16,222,128
2014-07-17,256,122
2014-07-18,261,150
2014-07-19,267,139
2014-07-20,278,156
2014-07-21,300,172
2014-07-22,322,206
2014-07-23,239,150
2014-07-24,239,139
2014-07-25,239,128
2014-07-26,289,200
2014-07-27,306,183
2014-07-28,228,150
2014-07-29,272,144
2014-07-30,261,150
2014-07-31,289,150
2014-08-01,294,167
2014-08-02,300,150
2014-08-03,306,167
2014-08-04,306,194
2014-08-05,267,178
2014-08-06,267,167
2014-08-07,272,161
2014-08-08,278,189
2014-08-09,267,189
2014-08-10,272,206
2014-08-11,278,194
2014-08-12,211,161
2014-08-13,278,139
2014-08-14,222,139
2014-08-15,256,111
2014-08-16,278,167
2014-08-17,217,178
2014-08-18,283,183
2014-08-19,300,206
2014-08-20,300,189
2014-08-21,261,211
2014-08-22,300,222
2014-08-23,300,200
2014-08-24,311,211
2014-08-25,311,217
2014-08-26,294,217
2014-08-27,278,194
2014-08-28,250,194
2014-08-29,300,217
2014-08-30,283,211
2014-08-31,294,200
2014-09-01,283,211
2014-09-02,278,194
2014-09-03,283,161
2014-09-04,294,217
2014-09-05,311,178
2014-09-06,239,156
2014-09-07,267,122
2014-09-08,250,128
2014-09-09,261,172
2014-09-10,267,133
2014-09-11,133,100
2014-09-12,128,67
2014-09-13,150,50
2014-09-14,183,56
2014-09-15,167,106
2014-09-16,200,67
2014-09-17,211,89
2014-09-18,211,117
2014-09-19,256,117
2014-09-20,250,172
2014-09-21,206,106
2014-09-22,194,78
2014-09-23,233,106
2014-09-24,250,122
2014-09-25,233,133
2014-09-26,261,106
2014-09-27,261,122
2014-09-28,256,117
2014-09-29,283,117
2014-09-30,144,83
2014-10-01,211,94
2014-10-02,222,172
2014-10-03,183,61
2014-10-04,83,17
2014-10-05,128,28
2014-10-06,161,56
2014-10-07,189,89
2014-10-08,183,67
2014-10-09,167,61
2014-10-10,144,39
2014-10-11,150,22
2014-10-12,172,33
2014-10-13,194,133
2014-10-14,183,111
2014-10-15,128,100
2014-10-16,133,100
2014-10-17,167,89
2014-10-18,100,22
2014-10-19,122,6
2014-10-20,183,78
2014-10-21,117,72
2014-10-22,133,17
2014-10-23,150,22
2014-10-24,194,111
2014-10-25,222,94
2014-10-26,178,56
2014-10-27,250,106
2014-10-28,200,72
2014-10-29,94,22
2014-10-30,106,0
2014-10-31,83,6
2014-11-01,61,-16
2014-11-02,106,-38
2014-11-03,167,61
2014-11-04,156,67
2014-11-05,156,11
2014-11-06,106,33
2014-11-07,61,-16
2014-11-08,83,22
2014-11-09,111,17
2014-11-10,167,50
2014-11-11,144,-5
2014-11-12,-5,-43
2014-11-13,-16,-43
2014-11-14,-27,-60
2014-11-15,-5,-82
2014-11-16,-5,-77
2014-11-17,-60,-116
2014-11-18,-71,-127
2014-11-19,0,-82
2014-11-20,-27,-99
2014-11-21,17,-138
2014-11-22,111,6
2014-11-23,111,89
2014-11-24,94,-43
2014-11-25,-32,-77
2014-11-26,-16,-82
2014-11-27,-27,-93
2014-11-28,11,-77
2014-11-29,106,-16
2014-11-30,100,-43
2014-12-01,-38,-77
2014-12-02,11,-77
2014-12-03,28,-43
2014-12-04,17,-49
2014-12-05,44,0
2014-12-06,44,-32
2014-12-07,22,-32
2014-12-08,28,0
2014-12-09,33,-5
2014-12-10,6,-21
2014-12-11,0,-49
2014-12-12,28,-49
2014-12-13,83,17
2014-12-14,100,72
2014-12-15,78,56
2014-12-16,72,-16
2014-12-17,-16,-43
2014-12-18,-21,-71
2014-12-19,0,-27
2014-12-20,6,-21
2014-12-21,22,-5
2014-12-22,50,-21
2014-12-23,89,33
2014-12-24,44,22
2014-12-25,56,6
2014-12-26,100,22
2014-12-27,94,-5
2014-12-28,17,-55
2014-12-29,-10,-71
2014-12-30,-66,-127
2014-12-31,-77,-155
2015-01-01,0,-99
2015-01-02,11,-93
2015-01-03,11,-16
2015-01-04,6,-166
2015-01-05,-143,-193
2015-01-06,-121,-205
2015-01-07,-143,-210
2015-01-08,-77,-221
2015-01-09,-116,-177
2015-01-10,-43,-188
2015-01-11,0,-55
2015-01-12,-21,-93
2015-01-13,-71,-160
2015-01-14,-71,-171
2015-01-15,11,-82
2015-01-16,11,-49
2015-01-17,56,-32
2015-01-18,44,-27
2015-01-19,50,-38
2015-01-20,22,-16
2015-01-21,6,-16
2015-01-22,-5,-21
2015-01-23,-5,-16
2015-01-24,61,-16
2015-01-25,11,-43
2015-01-26,-32,-93
2015-01-27,0,-66
2015-01-28,11,-71
2015-01-29,17,-21
2015-01-30,-10,-77
2015-01-31,22,-71
2015-02-01,-5,-71
2015-02-02,-71,-143
2015-02-03,-32,-166
2015-02-04,-38,-155
2015-02-05,-93,-188
2015-02-06,-5,-105
2015-02-07,50,-77
2015-02-08,39,-38
2015-02-09,-27,-71
2015-02-10,6,-99
2015-02-11,17,-77
2015-02-12,-77,-132
2015-02-13,-32,-149
2015-02-14,-27,-171
2015-02-15,-93,-193
2015-02-16,-77,-149
2015-02-17,-71,-132
2015-02-18,-132,-193
2015-02-19,-155,-221
2015-02-20,-77,-216
2015-02-21,0,-82
2015-02-22,-21,-166
2015-02-23,-110,-199
2015-02-24,-16,-155
2015-02-25,-32,-121
2015-02-26,-71,-177
2015-02-27,-99,-188
2015-02-28,-60,-232
2015-03-01,-38,-121
2015-03-02,6,-105
2015-03-03,11,-43
2015-03-04,-5,-121
2015-03-05,-88,-160
2015-03-06,-27,-177
2015-03-07,67,-43
2015-03-08,44,-21
2015-03-09,100,-38
2015-03-10,106,17
2015-03-11,106,-10
2015-03-12,133,-21
2015-03-13,183,28
2015-03-14,156,28
2015-03-15,167,-16
2015-03-16,228,56
2015-03-17,72,-21
2015-03-18,100,-21
2015-03-19,78,28
2015-03-20,100,33
2015-03-21,94,0
2015-03-22,17,-32
2015-03-23,-5,-21
2015-03-24,28,-71
2015-03-25,50,17
2015-03-26,56,-5
2015-03-27,-5,-60
2015-03-28,22,-66
2015-03-29,83,-43
2015-03-30,161,11
2015-03-31,144,39
2015-04-01,222,17
2015-04-02,183,100
2015-04-03,117,-10
2015-04-04,144,-21
2015-04-05,189,22
2015-04-06,167,11
2015-04-07,78,33
2015-04-08,100,44
2015-04-09,217,50
2015-04-10,167,39
2015-04-11,167,33
2015-04-12,200,50
2015-04-13,183,94
2015-04-14,189,39
2015-04-15,178,61
2015-04-16,189,72
2015-04-17,256,72
2015-04-18,183,83
2015-04-19,200,89
2015-04-20,111,50
2015-04-21,122,33
2015-04-22,78,11
2015-04-23,128,0
2015-04-24,139,-16
2015-04-25,89,39
2015-04-26,133,17
2015-04-27,128,33
2015-04-28,144,17
2015-04-29,161,33
2015-04-30,106,33
2015-05-01,194,33
2015-05-02,244,100
2015-05-03,256,128
2015-05-04,233,128
2015-05-05,133,83
2015-05-06,250,78
2015-05-07,283,111
2015-05-08,272,172
2015-05-09,178,83
2015-05-10,122,72
2015-05-11,200,83
2015-05-12,133,67
2015-05-13,111,44
2015-05-14,189,61
2015-05-15,244,139
2015-05-16,261,167
2015-05-17,278,189
2015-05-18,250,94
2015-05-19,117,44
2015-05-20,89,39
2015-05-21,206,72
2015-05-22,189,83
2015-05-23,267,78
2015-05-24,222,150
2015-05-25,256,183
2015-05-26,233,178
2015-05-27,233,150
2015-05-28,278,122
2015-05-29,272,172
2015-05-30,217,67
2015-05-31,128,56
2015-06-01,156,67
2015-06-02,211,56
2015-06-03,250,100
2015-06-04,272,139
2015-06-05,211,128
2015-06-06,217,111
2015-06-07,272,128
2015-06-08,289,161
2015-06-09,294,156
2015-06-10,333,200
2015-06-11,222,144
2015-06-12,194,133
2015-06-13,300,133
2015-06-14,283,200
2015-06-15,267,200
2015-06-16,222,133
2015-06-17,222,133
2015-06-18,261,144
2015-06-19,194,122
2015-06-20,256,117
2015-06-21,289,194
2015-06-22,283,189
2015-06-23,278,172
2015-06-24,261,156
2015-06-25,261,161
2015-06-26,194,144
2015-06-27,244,133
2015-06-28,261,122
2015-06-29,239,178
2015-06-30,250,139
2015-07-01,206,122
2015-07-02,206,117
2015-07-03,250,128
2015-07-04,272,150
2015-07-05,283,156
2015-07-06,294,178
2015-07-07,217,128
2015-07-08,194,122
2015-07-09,250,144
2015-07-10,283,150
2015-07-11,256,161
2015-07-12,283,206
2015-07-13,300,200
2015-07-14,283,161
2015-07-15,239,150
2015-07-16,239,144
2015-07-17,333,217
2015-07-18,317,228
2015-07-19,294,183
2015-07-20,294,172
2015-07-21,278,183
2015-07-22,283,178
2015-07-23,294,172
2015-07-24,289,178
2015-07-25,328,206
2015-07-26,267,178
2015-07-27,311,194
2015-07-28,328,194
2015-07-29,311,211
2015-07-30,311,183
2015-07-31,306,194
2015-08-01,306,178
2015-08-02,328,194
2015-08-03,278,194
2015-08-04,278,161
2015-08-05,278,161
2015-08-06,283,178
2015-08-07,283,172
2015-08-08,278,200
2015-08-09,267,194
2015-08-10,289,200
2015-08-11,278,183
2015-08-12,272,161
2015-08-13,294,183
2015-08-14,322,194
2015-08-15,333,194
2015-08-16,317,217
2015-08-17,311,200
2015-08-18,283,194
2015-08-19,239,167
2015-08-20,233,150
2015-08-21,278,128
2015-08-22,272,156
2015-08-23,250,161
2015-08-24,239,128
2015-08-25,222,150
2015-08-26,194,133
2015-08-27,244,106
2015-08-28,222,133
2015-08-29,211,172
2015-08-30,250,167
2015-08-31,294,156
2015-09-01,311,200
2015-09-02,322,222
2015-09-03,328,217
2015-09-04,294,200
2015-09-05,306,206
2015-09-06,333,211
2015-09-07,311,244
2015-09-08,272,200
2015-09-09,250,144
2015-09-10,233,122
2015-09-11,194,122
2015-09-12,183,100
2015-09-13,211,89
2015-09-14,278,111
2015-09-15,278,167
2015-09-16,283,133
2015-09-17,294,161
2015-09-18,233,183
2015-09-19,217,117
2015-09-20,228,100
2015-09-21,233,111
2015-09-22,267,117
2015-09-23,267,139
2015-09-24,244,133
2015-09-25,228,156
2015-09-26,239,156
2015-09-27,233,161
2015-09-28,250,178
2015-09-29,200,128
2015-09-30,161,111
2015-10-01,150,111
2015-10-02,156,106
2015-10-03,122,89
2015-10-04,139,100
2015-10-05,156,128
2015-10-06,217,128
2015-10-07,217,122
2015-10-08,250,100
2015-10-09,178,83
2015-10-10,183,56
2015-10-11,261,106
2015-10-12,239,117
2015-10-13,172,83
2015-10-14,172,56
2015-10-15,206,78
2015-10-16,128,28
2015-10-17,117,6
2015-10-18,156,6
2015-10-19,228,83
2015-10-20,233,139
2015-10-21,239,111
2015-10-22,167,106
2015-10-23,178,111
2015-10-24,189,78
2015-10-25,167,50
2015-10-26,161,28
2015-10-27,133,100
2015-10-28,133,28
2015-10-29,83,22
2015-10-30,133,22
2015-10-31,111,72
2015-11-01,172,67
2015-11-02,222,83
2015-11-03,211,67
2015-11-04,217,89
2015-11-05,211,150
2015-11-06,183,50
2015-11-07,117,17
2015-11-08,111,-21
2015-11-09,133,-16
2015-11-10,133,0
2015-11-11,172,22
2015-11-12,133,56
2015-11-13,83,0
2015-11-14,139,-38
2015-11-15,178,67
2015-11-16,139,61
2015-11-17,161,83
2015-11-18,167,83
2015-11-19,83,17
2015-11-20,44,-5
2015-11-21,6,-77
2015-11-22,-27,-138
2015-11-23,28,-38
2015-11-24,50,-60
2015-11-25,111,-16
2015-11-26,156,89
2015-11-27,133,11
2015-11-28,33,-10
2015-11-29,50,-38
2015-11-30,67,33
2015-12-01,61,28
2015-12-02,33,-5
2015-12-03,17,-10
2015-12-04,83,0
2015-12-05,78,-16
2015-12-06,83,-27
2015-12-07,39,-27
2015-12-08,83,33
2015-12-09,111,44
2015-12-10,139,50
2015-12-11,106,50
2015-12-12,139,83
2015-12-13,161,89
2015-12-14,161,56
2015-12-15,61,39
2015-12-16,117,17
2015-12-17,17,-21
2015-12-18,0,-43
2015-12-19,-10,-93
2015-12-20,100,-49
2015-12-21,111,50
2015-12-22,50,17
2015-12-23,150,44
2015-12-24,56,11
2015-12-25,67,0
2015-12-26,56,28
2015-12-27,44,17
2015-12-28,39,-5
2015-12-29,39,-16
2015-12-30,-16,-27
2015-12-31,-21,-55
2016-01-01,-5,-71
2016-01-02,0,-66
2016-01-03,-16,-55
2016-01-04,-5,-55
2016-01-05,6,-82
2016-01-06,22,-60
2016-01-07,50,11
2016-01-08,56,22
2016-01-09,44,-49
2016-01-10,-49,-166
2016-01-11,-43,-182
2016-01-12,-66,-160
2016-01-13,-38,-188
2016-01-14,67,-43
2016-01-15,61,-10
2016-01-16,-10,-127
2016-01-17,-132,-182
2016-01-18,-138,-199
2016-01-19,-82,-177
2016-01-20,-49,-110
2016-01-21,-16,-127
2016-01-22,-10,-71
2016-01-23,6,-66
2016-01-24,11,-43
2016-01-25,50,-43
2016-01-26,22,-43
2016-01-27,11,-49
2016-01-28,39,-16
2016-01-29,17,-66
2016-01-30,78,17
2016-01-31,89,6
2016-02-01,72,-10
2016-02-02,33,0
2016-02-03,28,-21
2016-02-04,0,-71
2016-02-05,11,-38
2016-02-06,50,-43
2016-02-07,61,0
2016-02-08,0,-66
2016-02-09,-60,-105
2016-02-10,-77,-127
2016-02-11,-60,-138
2016-02-12,-49,-138
2016-02-13,-82,-166
2016-02-14,-77,-127
2016-02-15,-27,-77
2016-02-16,6,-43
2016-02-17,11,-60
2016-02-18,56,-49
2016-02-19,167,50
2016-02-20,139,33
2016-02-21,50,-16
2016-02-22,67,-32
2016-02-23,72,-32
2016-02-24,22,0
2016-02-25,28,-5
2016-02-26,6,-43
2016-02-27,122,-21
2016-02-28,167,22
2016-02-29,111,-21
2016-03-01,-10,-77
2016-03-02,0,-116
2016-03-03,6,-27
2016-03-04,39,-66
2016-03-05,39,-16
2016-03-06,111,6
2016-03-07,172,67
2016-03-08,211,144
2016-03-09,172,89
2016-03-10,106,28
2016-03-11,128,11
2016-03-12,150,6
2016-03-13,89,61
2016-03-14,128,61
2016-03-15,144,78
2016-03-16,133,72
2016-03-17,133,44
2016-03-18,94,0
2016-03-19,78,17
2016-03-20,67,-10
2016-03-21,94,-21
2016-03-22,172,44
2016-03-23,56,22
2016-03-24,39,-10
2016-03-25,89,-21
2016-03-26,122,-5
2016-03-27,172,22
2016-03-28,117,17
2016-03-29,144,-5
2016-03-30,167,56
2016-03-31,194,67
2016-04-01,94,17
2016-04-02,44,-27
2016-04-03,217,-32
2016-04-04,33,-16
2016-04-05,72,-43
2016-04-06,100,44
2016-04-07,50,6
2016-04-08,50,-32
2016-04-09,33,-55
2016-04-10,100,6
2016-04-11,106,22
2016-04-12,83,-10
2016-04-13,133,11
2016-04-14,161,28
2016-04-15,200,56
2016-04-16,244,50
2016-04-17,261,72
2016-04-18,283,94
2016-04-19,139,78
2016-04-20,217,106
2016-04-21,211,100
2016-04-22,122,50
2016-04-23,156,33
2016-04-24,256,50
2016-04-25,283,144
2016-04-26,200,56
2016-04-27,94,50
2016-04-28,100,56
2016-04-29,106,50
2016-04-30,89,61
2016-05-01,94,56
2016-05-02,150,56
2016-05-03,194,44
2016-05-04,139,56
2016-05-05,161,50
2016-05-06,278,56
2016-05-07,211,67
2016-05-08,217,50
2016-05-09,144,100
2016-05-10,172,106
2016-05-11,206,106
2016-05-12,211,117
2016-05-13,189,61
2016-05-14,83,50
2016-05-15,128,17
2016-05-16,211,78
2016-05-17,139,67
2016-05-18,183,50
2016-05-19,206,39
2016-05-20,200,67
2016-05-21,239,117
2016-05-22,250,117
2016-05-23,272,89
2016-05-24,300,156
2016-05-25,300,178
2016-05-26,283,167
2016-05-27,272,189
2016-05-28,272,178
2016-05-29,261,172
2016-05-30,306,172
2016-05-31,283,172
2016-06-01,261,167
2016-06-02,261,139
2016-06-03,289,128
2016-06-04,222,167
2016-06-05,261,161
2016-06-06,278,150
2016-06-07,194,106
2016-06-08,211,111
2016-06-09,222,117
2016-06-10,322,172
2016-06-11,328,217
2016-06-12,261,150
2016-06-13,300,122
2016-06-14,306,178
2016-06-15,322,200
2016-06-16,250,172
2016-06-17,294,161
2016-06-18,306,144
2016-06-19,317,167
2016-06-20,339,211
2016-06-21,289,178
2016-06-22,244,194
2016-06-23,256,178
2016-06-24,278,167
2016-06-25,317,183
2016-06-26,322,222
2016-06-27,322,206
2016-06-28,217,139
2016-06-29,272,128
2016-06-30,256,139
2016-07-01,222,150
2016-07-02,244,122
2016-07-03,250,128
2016-07-04,261,189
2016-07-05,306,189
2016-07-06,311,194
2016-07-07,289,211
2016-07-08,300,200
2016-07-09,261,183
2016-07-10,278,156
2016-07-11,322,206
2016-07-12,311,233
2016-07-13,289,200
2016-07-14,311,194
2016-07-15,239,156
2016-07-16,250,139
2016-07-17,283,161
2016-07-18,311,217
2016-07-19,328,200
2016-07-20,311,206
2016-07-21,328,222
2016-07-22,322,222
2016-07-23,328,211
2016-07-24,339,217
2016-07-25,317,222
2016-07-26,311,206
2016-07-27,317,200
2016-07-28,289,211
2016-07-29,272,211
2016-07-30,256,200
2016-07-31,272,183
2016-08-01,289,183
2016-08-02,306,194
2016-08-03,322,206
2016-08-04,328,211
2016-08-05,300,222
2016-08-06,289,189
2016-08-07,283,167
2016-08-08,289,222
2016-08-09,311,194
2016-08-10,317,206
2016-08-11,333,228
2016-08-12,283,233
2016-08-13,289,222
2016-08-14,306,183
2016-08-15,256,194
2016-08-16,311,217
2016-08-17,311,211
2016-08-18,294,211
2016-08-19,289,189
2016-08-20,267,172
2016-08-21,244,144
2016-08-22,256,133
2016-08-23,272,156
2016-08-24,289,211
2016-08-25,294,194
2016-08-26,272,189
2016-08-27,289,194
2016-08-28,283,217
2016-08-29,300,211
2016-08-30,289,211
2016-08-31,244,172
2016-09-01,228,167
2016-09-02,233,167
2016-09-03,244,133
2016-09-04,267,150
2016-09-05,306,167
2016-09-06,328,239
2016-09-07,317,233
2016-09-08,278,211
2016-09-09,272,172
2016-09-10,228,150
2016-09-11,244,106
2016-09-12,261,122
2016-09-13,294,183
2016-09-14,233,178
2016-09-15,256,156
2016-09-16,283,183
2016-09-17,278,167
2016-09-18,272,139
2016-09-19,311,133
2016-09-20,283,189
2016-09-21,233,183
2016-09-22,272,178
2016-09-23,228,194
2016-09-24,233,189
2016-09-25,294,172
2016-09-26,206,133
2016-09-27,211,106
2016-09-28,156,100
2016-09-29,183,150
2016-09-30,178,156
2016-10-01,178,139
2016-10-02,183,133
2016-10-03,194,139
2016-10-04,239,156
2016-10-05,267,150
2016-10-06,233,144
2016-10-07,211,83
2016-10-08,183,44
2016-10-09,172,83
2016-10-10,217,72
2016-10-11,228,122
2016-10-12,206,72
2016-10-13,139,33
2016-10-14,189,33
2016-10-15,211,117
2016-10-16,222,183
2016-10-17,278,194
2016-10-18,244,128
2016-10-19,217,94
2016-10-20,133,72
2016-10-21,122,28
2016-10-22,156,28
2016-10-23,228,50
2016-10-24,150,39
2016-10-25,122,22
2016-10-26,106,72
2016-10-27,106,56
2016-10-28,183,33
2016-10-29,217,133
2016-10-30,133,50
2016-10-31,161,33
2016-11-01,239,161
2016-11-02,183,128
2016-11-03,194,89
2016-11-04,172,44
2016-11-05,200,61
2016-11-06,206,56
2016-11-07,189,56
2016-11-08,172,94
2016-11-09,144,50
2016-11-10,172,50
2016-11-11,111,28
2016-11-12,111,-5
2016-11-13,133,17
2016-11-14,156,50
2016-11-15,122,33
2016-11-16,156,39
2016-11-17,222,67
2016-11-18,189,39
2016-11-19,39,-21
2016-11-20,17,-49
2016-11-21,50,-55
2016-11-22,50,-38
2016-11-23,67,28
2016-11-24,61,17
2016-11-25,56,-5
2016-11-26,83,0
2016-11-27,67,0
2016-11-28,106,50
2016-11-29,139,67
2016-11-30,72,11
2016-12-01,50,17
2016-12-02,44,11
2016-12-03,11,-16
2016-12-04,6,-27
2016-12-05,11,-5
2016-12-06,50,-38
2016-12-07,-27,-55
2016-12-08,-43,-82
2016-12-09,-38,-77
2016-12-10,-49,-77
2016-12-11,6,-49
2016-12-12,0,-138
2016-12-13,-55,-166
2016-12-14,-71,-160
2016-12-15,-127,-188
2016-12-16,-66,-138
2016-12-17,-55,-77
2016-12-18,-77,-216
2016-12-19,-93,-249
2016-12-20,-21,-99
2016-12-21,22,-71
2016-12-22,28,-43
2016-12-23,17,-27
2016-12-24,33,6
2016-12-25,39,0
2016-12-26,122,-21
2016-12-27,-21,-71
2016-12-28,72,-71
2016-12-29,17,-10
2016-12-30,33,-43
2016-12-31,44,-49
2017-01-01,44,-82
2017-01-02,44,-38
2017-01-03,39,-71
2017-01-04,-71,-138
2017-01-05,-105,-160
2017-01-06,-127,-177
2017-01-07,-77,-177
2017-01-08,-71,-166
2017-01-09,6,-71
2017-01-10,106,-38
2017-01-11,61,-38
2017-01-12,-21,-71
2017-01-13,-27,-88
2017-01-14,17,-60
2017-01-15,22,-66
2017-01-16,28,-10
2017-01-17,39,17
2017-01-18,22,-10
2017-01-19,56,-10
2017-01-20,61,33
2017-01-21,150,44
2017-01-22,78,33
2017-01-23,56,22
2017-01-24,33,11
2017-01-25,56,11
2017-01-26,11,-10
2017-01-27,-5,-43
2017-01-28,-16,-43
2017-01-29,-21,-60
2017-01-30,28,-93
2017-01-31,39,17
2017-02-01,33,-60
2017-02-02,-43,-99
2017-02-03,-21,-99
2017-02-04,6,-121
2017-02-05,33,-43
2017-02-06,128,-60
2017-02-07,100,0
2017-02-08,0,-71
2017-02-09,-38,-105
2017-02-10,50,-77
2017-02-11,94,11
2017-02-12,83,-5
2017-02-13,67,-38
2017-02-14,100,-5
2017-02-15,17,-32
2017-02-16,50,-10
2017-02-17,194,-27
2017-02-18,211,44
2017-02-19,206,17
2017-02-20,211,50
2017-02-21,189,94
2017-02-22,200,100
2017-02-23,150,33
2017-02-24,44,6
2017-02-25,6,-49
2017-02-26,94,-60
2017-02-27,122,-27
2017-02-28,156,83
2017-03-01,122,0
2017-03-02,17,-27
2017-03-03,6,-60
2017-03-04,56,-21
2017-03-05,156,0
2017-03-06,183,111
2017-03-07,183,67
2017-03-08,117,44
2017-03-09,56,-16
2017-03-10,22,-49
2017-03-11,0,-77
2017-03-12,22,-77
2017-03-13,-5,-27
2017-03-14,-21,-71
2017-03-15,6,-88
2017-03-16,56,-77
2017-03-17,100,22
2017-03-18,72,0
2017-03-19,117,-16
2017-03-20,122,28
2017-03-21,122,6
2017-03-22,28,-21
2017-03-23,100,-16
2017-03-24,278,56
2017-03-25,83,50
2017-03-26,167,83
2017-03-27,111,56
2017-03-28,100,22
2017-03-29,94,17
2017-03-30,72,39
2017-03-31,67,22
2017-04-01,150,11
2017-04-02,161,56
2017-04-03,122,78
2017-04-04,133,61
2017-04-05,83,44
2017-04-06,106,33
2017-04-07,122,28
2017-04-08,200,28
2017-04-09,250,139
2017-04-10,256,50
2017-04-11,122,50
2017-04-12,150,33
2017-04-13,156,67
2017-04-14,189,83
2017-04-15,278,161
2017-04-16,228,111
2017-04-17,206,67
2017-04-18,244,50
2017-04-19,211,72
2017-04-20,228,89
2017-04-21,117,67
2017-04-22,156,33
2017-04-23,222,28
2017-04-24,228,44
2017-04-25,261,111
2017-04-26,233,156
2017-04-27,167,50
2017-04-28,156,44
2017-04-29,78,44
2017-04-30,83,56
2017-05-01,139,72
2017-05-02,106,50
2017-05-03,133,17
2017-05-04,122,61
2017-05-05,161,50
2017-05-06,144,67
2017-05-07,150,22
2017-05-08,139,11
2017-05-09,161,56
2017-05-10,194,67
2017-05-11,183,94
2017-05-12,228,72
2017-05-13,278,83
2017-05-14,217,106
2017-05-15,278,100
2017-05-16,306,161
2017-05-17,289,167
2017-05-18,256,89
2017-05-19,100,61
2017-05-20,178,89
2017-05-21,183,106
2017-05-22,228,89
2017-05-23,167,128
2017-05-24,167,117
2017-05-25,206,111
2017-05-26,217,111
2017-05-27,256,111
2017-05-28,250,133
2017-05-29,250,128
2017-05-30,233,122
2017-05-31,233,111
2017-06-01,272,106
2017-06-02,300,117
2017-06-03,289,139
2017-06-04,333,189
2017-06-05,239,150
2017-06-06,244,122
2017-06-07,250,133
2017-06-08,283,117
2017-06-09,306,183
2017-06-10,322,178
2017-06-11,339,228
2017-06-12,350,228
2017-06-13,311,200
2017-06-14,333,200
2017-06-15,328,200
2017-06-16,300,194
2017-06-17,306,206
2017-06-18,261,206
2017-06-19,267,167
2017-06-20,267,144
2017-06-21,267,128
2017-06-22,311,200
2017-06-23,283,189
2017-06-24,239,150
2017-06-25,222,122
2017-06-26,239,122
2017-06-27,256,100
2017-06-28,267,144
2017-06-29,272,189
2017-06-30,289,178
2017-07-01,278,189
2017-07-02,317,167
2017-07-03,267,189
2017-07-04,283,178
2017-07-05,317,183
2017-07-06,339,206
2017-07-07,317,172
2017-07-08,267,167
2017-07-09,300,172
2017-07-10,289,194
2017-07-11,294,211
2017-07-12,272,200
2017-07-13,283,222
2017-07-14,228,172
2017-07-15,272,156
2017-07-16,256,156
2017-07-17,261,133
2017-07-18,317,156
2017-07-19,311,211
2017-07-20,311,206
2017-07-21,317,222
2017-07-22,311,222
2017-07-23,322,211
2017-07-24,233,189
2017-07-25,278,161
2017-07-26,294,183
2017-07-27,278,211
2017-07-28,261,194
2017-07-29,261,178
2017-07-30,289,167
2017-07-31,300,183
2017-08-01,300,194
2017-08-02,306,189
2017-08-03,289,161
2017-08-04,200,133
2017-08-05,267,156
2017-08-06,250,172
2017-08-07,244,161
2017-08-08,289,144
2017-08-09,283,161
2017-08-10,289,167
2017-08-11,256,183
2017-08-12,250,156
2017-08-13,267,139
2017-08-14,283,167
2017-08-15,289,200
2017-08-16,311,194
2017-08-17,278,222
2017-08-18,278,194
2017-08-19,300,172
2017-08-20,322,172
2017-08-21,306,217
2017-08-22,278,178
2017-08-23,261,156
2017-08-24,239,133
2017-08-25,233,111
2017-08-26,256,133
2017-08-27,256,167
2017-08-28,267,178
2017-08-29,244,161
2017-08-30,278,156
2017-08-31,228,178
2017-09-01,206,100
2017-09-02,239,100
2017-09-03,289,139
2017-09-04,278,167
2017-09-05,211,122
2017-09-06,194,94
2017-09-07,217,111
2017-09-08,206,144
2017-09-09,222,122
2017-09-10,211,100
2017-09-11,239,111
2017-09-12,250,122
2017-09-13,250,144
2017-09-14,272,150
2017-09-15,306,167
2017-09-16,311,183
2017-09-17,300,172
2017-09-18,250,144
2017-09-19,261,178
2017-09-20,333,167
2017-09-21,344,222
2017-09-22,344,217
2017-09-23,350,222
2017-09-24,339,211
2017-09-25,333,194
2017-09-26,333,211
2017-09-27,222,133
2017-09-28,233,117
2017-09-29,211,133
2017-09-30,200,117
2017-10-01,222,89
2017-10-02,283,144
2017-10-03,256,194
2017-10-04,244,144
2017-10-05,250,122
2017-10-06,206,156
2017-10-07,261,156
2017-10-08,256,122
2017-10-09,272,111
2017-10-10,172,144
2017-10-11,167,133
2017-10-12,156,133
2017-10-13,228,128
2017-10-14,189,167
2017-10-15,200,83
2017-10-16,172,61
2017-10-17,211,94
2017-10-18,217,83
2017-10-19,211,106
2017-10-20,256,106
2017-10-21,250,156
2017-10-22,211,106
2017-10-23,122,100
2017-10-24,100,56
2017-10-25,117,33
2017-10-26,156,22
2017-10-27,111,33
2017-10-28,44,22
2017-10-29,78,6
2017-10-30,100,28
2017-10-31,44,11
2017-11-01,67,22
2017-11-02,106,67
2017-11-03,89,33
2017-11-04,100,56
2017-11-05,111,56
2017-11-06,61,0
2017-11-07,72,0
2017-11-08,78,-16
2017-11-09,78,-60
2017-11-10,-10,-77
2017-11-11,33,-32
2017-11-12,44,22
2017-11-13,44,-5
2017-11-14,94,-10
2017-11-15,111,17
2017-11-16,33,6
2017-11-17,89,17
2017-11-18,89,17
2017-11-19,28,-10
2017-11-20,111,-10
2017-11-21,67,-27
2017-11-22,17,-55
2017-11-23,78,0
2017-11-24,172,0
2017-11-25,128,0
2017-11-26,94,-27
2017-11-27,139,-5
2017-11-28,161,61
2017-11-29,83,11
2017-11-30,122,39
2017-12-01,117,-21
2017-12-02,122,6
2017-12-03,144,-16
2017-12-04,183,67
2017-12-05,67,-27
2017-12-06,17,-32
2017-12-07,-16,-71
2017-12-08,28,-77
2017-12-09,0,-66
2017-12-10,17,-66
2017-12-11,39,-49
2017-12-12,-5,-82
2017-12-13,33,-55
2017-12-14,-27,-88
2017-12-15,28,-60
2017-12-16,78,-27
2017-12-17,56,-16
2017-12-18,78,39
2017-12-19,100,17
2017-12-20,28,-27
2017-12-21,44,0
2017-12-22,39,6
2017-12-23,6,-71
2017-12-24,-55,-77
2017-12-25,-60,-166
2017-12-26,-149,-193
2017-12-27,-138,-199
2017-12-28,-93,-177
2017-12-29,-93,-127
2017-12-30,-93,-182
2017-12-31,-105,-182
2018-01-01,-171,-227
2018-01-02,-132,-227
2018-01-03,-82,-143
2018-01-04,-110,-177
2018-01-05,-116,-182
2018-01-06,-82,-188
2018-01-07,6,-132
2018-01-08,28,-5
2018-01-09,22,-32
2018-01-10,133,-10
2018-01-11,150,-49
2018-01-12,-49,-99
2018-01-13,-88,-143
2018-01-14,-60,-149
2018-01-15,-43,-121
2018-01-16,-32,-127
2018-01-17,-66,-155
2018-01-18,0,-88
2018-01-19,44,-21
2018-01-20,72,0
2018-01-21,67,22
2018-01-22,122,33
2018-01-23,39,-21
2018-01-24,-10,-27
2018-01-25,61,-43
2018-01-26,106,6
2018-01-27,100,22
2018-01-28,44,-21
2018-01-29,-10,-82
2018-01-30,-5,-93
2018-01-31,56,-5
2018-02-01,17,-132
2018-02-02,-55,-149
2018-02-03,50,-55
2018-02-04,17,-155
2018-02-05,-110,-193
2018-02-06,-60,-160
2018-02-07,-66,-132
2018-02-08,-60,-138
2018-02-09,-21,-77
2018-02-10,-55,-99
2018-02-11,-55,-116
2018-02-12,-27,-155
2018-02-13,17,-138
2018-02-14,67,-43
2018-02-15,89,33
2018-02-16,28,-66
2018-02-17,17,-82
2018-02-18,50,-110
2018-02-19,156,28
2018-02-20,189,11
2018-02-21,11,-27
2018-02-22,44,-16
2018-02-23,67,6
2018-02-24,100,6
2018-02-25,100,11
2018-02-26,117,-21
2018-02-27,167,39
2018-02-28,150,28
2018-03-01,78,11
2018-03-02,89,-10
2018-03-03,61,6
2018-03-04,78,0
2018-03-05,44,6
2018-03-06,50,-5
2018-03-07,11,-38
2018-03-08,11,-43
2018-03-09,50,-49
2018-03-10,50,-49
2018-03-11,44,-21
2018-03-12,78,-10
2018-03-13,17,-71
2018-03-14,89,-55
2018-03-15,100,-21
2018-03-16,33,-16
2018-03-17,78,-10
2018-03-18,139,-27
2018-03-19,78,6
2018-03-20,28,-16
2018-03-21,44,-38
2018-03-22,100,-55
2018-03-23,61,-38
2018-03-24,44,0
2018-03-25,50,-27
2018-03-26,117,-5
2018-03-27,106,39
2018-03-28,122,39
2018-03-29,100,17
2018-03-30,94,6
2018-03-31,144,0
2018-04-01,17,-43
2018-04-02,67,-60
2018-04-03,44,11
2018-04-04,17,-32
2018-04-05,56,-49
2018-04-06,33,-38
2018-04-07,39,-66
2018-04-08,39,-60
2018-04-09,39,-10
2018-04-10,78,-21
2018-04-11,189,39
2018-04-12,228,56
2018-04-13,83,39
2018-04-14,39,22
2018-04-15,28,-21
2018-04-16,17,-27
2018-04-17,61,-16
2018-04-18,28,-10
2018-04-19,128,-5
2018-04-20,161,-5
2018-04-21,128,39
2018-04-22,167,56
2018-04-23,172,61
2018-04-24,183,89
2018-04-25,117,33
2018-04-26,189,22
2018-04-27,144,39
2018-04-28,100,6
2018-04-29,150,-5
2018-04-30,267,44
2018-05-01,300,156
2018-05-02,300,172
2018-05-03,211,122
2018-05-04,233,161
2018-05-05,278,139
2018-05-06,200,100
2018-05-07,239,78
2018-05-08,272,139
2018-05-09,272,139
2018-05-10,228,100
2018-05-11,111,72
2018-05-12,100,67
2018-05-13,194,72
2018-05-14,283,117
2018-05-15,217,106
2018-05-16,261,83
2018-05-17,206,111
2018-05-18,183,111
2018-05-19,206,122
2018-05-20,128,67
2018-05-21,178,94
2018-05-22,194,122
2018-05-23,267,111
2018-05-24,306,144
2018-05-25,317,194
2018-05-26,322,211
2018-05-27,361,211
2018-05-28,350,211
2018-05-29,306,189
2018-05-30,300,194
2018-05-31,317,206
2018-06-01,244,117
2018-06-02,211,111
2018-06-03,256,156
2018-06-04,267,128
2018-06-05,222,122
2018-06-06,261,89
2018-06-07,272,156
2018-06-08,228,150
2018-06-09,278,139
2018-06-10,217,156
2018-06-11,211,161
2018-06-12,267,167
2018-06-13,272,178
2018-06-14,272,178
2018-06-15,317,178
2018-06-16,333,206
2018-06-17,339,256
2018-06-18,350,189
2018-06-19,272,172
2018-06-20,250,183
2018-06-21,194,167
2018-06-22,178,150
2018-06-23,272,167
2018-06-24,267,178
2018-06-25,256,161
2018-06-26,289,189
2018-06-27,267,206
2018-06-28,311,200
2018-06-29,356,228
2018-06-30,344,267
2018-07-01,344,244
2018-07-02,294,206
2018-07-03,317,172
2018-07-04,339,244
2018-07-05,333,233
2018-07-06,239,178
2018-07-07,278,150
2018-07-08,311,172
2018-07-09,328,194
2018-07-10,306,217
2018-07-11,306,194
2018-07-12,306,211
2018-07-13,350,222
2018-07-14,278,222
2018-07-15,328,222
2018-07-16,339,222
2018-07-17,272,200
2018-07-18,267,172
2018-07-19,306,194
2018-07-20,256,211
2018-07-21,261,206
2018-07-22,244,194
2018-07-23,278,183
2018-07-24,311,189
2018-07-25,322,194
2018-07-26,272,189
2018-07-27,261,167
2018-07-28,278,161
2018-07-29,283,167
2018-07-30,278,167
2018-07-31,267,189
2018-08-01,294,172
2018-08-02,294,211
2018-08-03,317,194
2018-08-04,361,217
2018-08-05,344,239
2018-08-06,272,206
2018-08-07,283,206
2018-08-08,294,206
2018-08-09,317,206
2018-08-10,283,211
2018-08-11,311,200
2018-08-12,306,211
2018-08-13,317,189
2018-08-14,306,217
2018-08-15,294,228
2018-08-16,300,206
2018-08-17,294,200
2018-08-18,267,211
2018-08-19,300,200
2018-08-20,261,206
2018-08-21,256,189
2018-08-22,261,144
2018-08-23,267,156
2018-08-24,222,172
2018-08-25,300,189
2018-08-26,339,222
2018-08-27,339,256
2018-08-28,328,194
2018-08-29,244,183
2018-08-30,228,161
2018-08-31,294,156
2018-09-01,300,222
2018-09-02,328,211
2018-09-03,311,211
2018-09-04,333,217
2018-09-05,328,206
2018-09-06,206,178
2018-09-07,206,172
2018-09-08,206,172
2018-09-09,200,156
2018-09-10,233,133
2018-09-11,261,139
2018-09-12,278,161
2018-09-13,256,156
2018-09-14,306,178
2018-09-15,278,178
2018-09-16,317,189
2018-09-17,328,206
2018-09-18,239,189
2018-09-19,244,189
2018-09-20,339,189
2018-09-21,283,133
2018-09-22,178,106
2018-09-23,217,100
2018-09-24,233,139
2018-09-25,289,161
2018-09-26,194,100
2018-09-27,211,89
2018-09-28,156,78
2018-09-29,161,56
2018-09-30,167,117
2018-10-01,222,139
2018-10-02,194,144
2018-10-03,311,150
2018-10-04,250,111
2018-10-05,183,122
2018-10-06,211,139
2018-10-07,172,139
2018-10-08,294,172
2018-10-09,294,211
2018-10-10,239,106
2018-10-11,106,44
2018-10-12,56,22
2018-10-13,117,0
2018-10-14,122,33
2018-10-15,89,28
2018-10-16,150,11
2018-10-17,106,33
2018-10-18,144,11
2018-10-19,122,78
2018-10-20,106,-5
2018-10-21,106,-21
2018-10-22,178,33
2018-10-23,122,33
2018-10-24,111,28
2018-10-25,117,28
2018-10-26,117,78
2018-10-27,122,61
2018-10-28,106,67
2018-10-29,133,44
2018-10-30,178,72
2018-10-31,161,83
2018-11-01,111,61
2018-11-02,100,28
2018-11-03,100,11
2018-11-04,111,78
2018-11-05,106,67
2018-11-06,100,33
2018-11-07,39,6
2018-11-08,50,6
2018-11-09,28,-66
2018-11-10,6,-66
2018-11-11,50,-21
2018-11-12,11,-43
2018-11-13,-16,-71
2018-11-14,22,-82
2018-11-15,17,-32
2018-11-16,50,-16
2018-11-17,17,0
2018-11-18,33,-38
2018-11-19,11,-49
2018-11-20,17,-16
2018-11-21,22,-10
2018-11-22,44,-5
2018-11-23,106,11
2018-11-24,83,44
2018-11-25,44,6
2018-11-26,6,-43
2018-11-27,-38,-71
2018-11-28,-27,-82
2018-11-29,33,-27
2018-11-30,56,-21
2018-12-01,56,22
2018-12-02,67,17
2018-12-03,17,-16
2018-12-04,0,-21
2018-12-05,6,-38
2018-12-06,6,-71
2018-12-07,-38,-88
2018-12-08,0,-66
2018-12-09,17,-82
2018-12-10,11,-88
2018-12-11,33,-38
2018-12-12,50,-16
2018-12-13,78,-43
2018-12-14,44,0
2018-12-15,78,-32
2018-12-16,94,-38
2018-12-17,56,-21
2018-12-18,56,-38
2018-12-19,94,6
2018-12-20,78,33
2018-12-21,33,-16
2018-12-22,11,-21
2018-12-23,33,-21
2018-12-24,6,-49
2018-12-25,72,-21
2018-12-26,83,-32
2018-12-27,117,39
2018-12-28,117,-10
2018-12-29,-10,-55
2018-12-30,22,-71
2018-12-31,39,-5
2019-01-01,11,-32
2019-01-02,-10,-32
2019-01-03,33,-43
2019-01-04,89,-5
2019-01-05,111,0
2019-01-06,44,-10
2019-01-07,117,44
2019-01-08,72,-43
2019-01-09,-43,-93
2019-01-10,-43,-99
2019-01-11,-10,-82
2019-01-12,0,-16
2019-01-13,-5,-38
2019-01-14,-27,-49
2019-01-15,0,-43
2019-01-16,11,-21
2019-01-17,17,-21
2019-01-18,-5,-27
2019-01-19,-21,-116
2019-01-20,-99,-155
2019-01-21,-82,-160
2019-01-22,6,-105
2019-01-23,11,-71
2019-01-24,-55,-166
2019-01-25,-149,-210
2019-01-26,-110,-216
2019-01-27,-116,-205
2019-01-28,11,-132
2019-01-29,-121,-232
2019-01-30,-232,-305
2019-01-31,-171,-293
2019-02-01,-60,-171
2019-02-02,56,-99
2019-02-03,89,39
2019-02-04,106,-10
2019-02-05,6,-43
2019-02-06,22,0
2019-02-07,67,-121
2019-02-08,-105,-155
2019-02-09,-43,-155
2019-02-10,-21,-55
2019-02-11,-5,-27
2019-02-12,11,-71
2019-02-13,-27,-121
2019-02-14,100,-27
2019-02-15,0,-132
2019-02-16,-16,-105
2019-02-17,-27,-43
2019-02-18,-5,-77
2019-02-19,17,-110
2019-02-20,33,-21
2019-02-21,17,-43
2019-02-22,50,-71
2019-02-23,117,11
2019-02-24,100,-121
2019-02-25,-71,-143
2019-02-26,-49,-105
2019-02-27,-10,-99
2019-02-28,-27,-116
2019-03-01,11,-49
2019-03-02,6,-38
2019-03-03,-38,-160
2019-03-04,-110,-193
2019-03-05,-60,-132
2019-03-06,-10,-127
2019-03-07,-21,-99
2019-03-08,39,-60
2019-03-09,61,-32
2019-03-10,33,-16
2019-03-11,50,-27
2019-03-12,94,-43
2019-03-13,144,44
2019-03-14,167,39
2019-03-15,44,0
2019-03-16,50,-21
2019-03-17,61,-21
2019-03-18,61,-27
2019-03-19,94,-10
2019-03-20,67,33
2019-03-21,72,22
2019-03-22,78,-16
2019-03-23,117,-38
2019-03-24,100,11
2019-03-25,56,-32
2019-03-26,89,-49
2019-03-27,150,-16
2019-03-28,183,67
2019-03-29,139,28
2019-03-30,72,-16
2019-03-31,44,-49
2019-04-01,94,-32
2019-04-02,128,39
2019-04-03,144,28
2019-04-04,83,39
2019-04-05,139,39
2019-04-06,189,39
2019-04-07,194,106
2019-04-08,228,111
2019-04-09,189,39
2019-04-10,39,11
2019-04-11,133,28
2019-04-12,106,33
2019-04-13,111,17
2019-04-14,39,0
2019-04-15,111,-5
2019-04-16,228,72
2019-04-17,250,67
2019-04-18,183,67
2019-04-19,106,50
2019-04-20,178,22
2019-04-21,250,67
2019-04-22,267,144
2019-04-23,183,94
2019-04-24,178,56
2019-04-25,194,78
2019-04-26,172,94
2019-04-27,94,0
2019-04-28,111,-5
2019-04-29,106,61
2019-04-30,83,33
2019-05-01,144,61
2019-05-02,83,50
2019-05-03,128,44
2019-05-04,172,33
2019-05-05,228,78
2019-05-06,211,72
2019-05-07,100,61
2019-05-08,200,78
2019-05-09,194,78
2019-05-10,144,67
2019-05-11,117,67
2019-05-12,111,56
2019-05-13,161,56
2019-05-14,217,50
2019-05-15,239,100
2019-05-16,250,156
2019-05-17,200,72
2019-05-18,267,67
2019-05-19,233,83
2019-05-20,139,72
2019-05-21,122,72
2019-05-22,278,94
2019-05-23,233,161
2019-05-24,239,122
2019-05-25,272,211
2019-05-26,233,122
2019-05-27,228,117
2019-05-28,211,111
2019-05-29,239,111
2019-05-30,256,156
2019-05-31,272,156
2019-06-01,267,117
2019-06-02,211,106
2019-06-03,194,94
2019-06-04,278,133
2019-06-05,283,150
2019-06-06,239,133
2019-06-07,256,128
2019-06-08,244,139
2019-06-09,239,172
2019-06-10,233,156
2019-06-11,278,139
2019-06-12,217,111
2019-06-13,200,106
2019-06-14,267,111
2019-06-15,211,122
2019-06-16,156,122
2019-06-17,194,128
2019-06-18,256,122
2019-06-19,222,133
2019-06-20,217,122
2019-06-21,222,111
2019-06-22,261,144
2019-06-23,272,172
2019-06-24,256,189
2019-06-25,294,167
2019-06-26,317,200
2019-06-27,317,200
2019-06-28,322,217
2019-06-29,306,206
2019-06-30,328,211
2019-07-01,317,206
2019-07-02,333,233
2019-07-03,300,206
2019-07-04,328,211
2019-07-05,328,228
2019-07-06,283,194
2019-07-07,250,178
2019-07-08,283,156
2019-07-09,311,161
2019-07-10,344,239
2019-07-11,278,183
2019-07-12,306,150
2019-07-13,344,222
2019-07-14,328,211
2019-07-15,333,233
2019-07-16,278,217
2019-07-17,333,233
2019-07-18,306,217
2019-07-19,339,272
2019-07-20,350,228
2019-07-21,261,194
2019-07-22,239,167
2019-07-23,267,167
2019-07-24,272,167
2019-07-25,294,172
2019-07-26,294,194
2019-07-27,317,217
2019-07-28,317,228
2019-07-29,278,211
2019-07-30,256,183
2019-07-31,244,150
2019-08-01,267,139
2019-08-02,283,161
2019-08-03,317,172
2019-08-04,317,211
2019-08-05,322,211
2019-08-06,294,194
2019-08-07,311,189
2019-08-08,306,194
2019-08-09,283,167
2019-08-10,300,194
2019-08-11,278,194
2019-08-12,289,217
2019-08-13,300,194
2019-08-14,283,189
2019-08-15,261,172
2019-08-16,289,178
2019-08-17,250,194
2019-08-18,278,200
2019-08-19,294,200
2019-08-20,244,200
2019-08-21,283,183
2019-08-22,244,178
2019-08-23,233,144
2019-08-24,239,156
2019-08-25,256,161
2019-08-26,244,178
2019-08-27,261,183
2019-08-28,239,150
2019-08-29,289,144
2019-08-30,233,150
2019-08-31,239,161
2019-09-01,228,167
2019-09-02,278,161
2019-09-03,267,194
2019-09-04,206,150
2019-09-05,233,133
2019-09-06,222,161
2019-09-07,256,133
2019-09-08,189,167
2019-09-09,244,167
2019-09-10,322,217
2019-09-11,317,200
2019-09-12,256,172
2019-09-13,250,167
2019-09-14,267,133
2019-09-15,256,172
2019-09-16,233,178
2019-09-17,256,183
2019-09-18,278,167
2019-09-19,283,172
2019-09-20,289,200
2019-09-21,256,217
2019-09-22,250,189
2019-09-23,233,150
2019-09-24,261,144
2019-09-25,261,167
2019-09-26,222,133
2019-09-27,206,144
2019-09-28,189,117
2019-09-29,189,156
2019-09-30,294,172
2019-10-01,300,200
2019-10-02,200,139
2019-10-03,194,94
2019-10-04,144,72
2019-10-05,172,89
2019-10-06,194,94
2019-10-07,206,89
2019-10-08,211,78
2019-10-09,211,100
2019-10-10,211,122
2019-10-11,194,39
2019-10-12,122,17
2019-10-13,111,28
2019-10-14,122,28
2019-10-15,167,50
2019-10-16,111,50
2019-10-17,122,44
2019-10-18,150,33
2019-10-19,200,67
2019-10-20,172,89
2019-10-21,194,100
2019-10-22,106,67
2019-10-23,144,39
2019-10-24,100,56
2019-10-25,89,28
2019-10-26,89,22
2019-10-27,144,56
2019-10-28,94,50
2019-10-29,72,17
2019-10-30,50,0
2019-10-31,6,-38
2019-11-01,67,-49
2019-11-02,56,-5
2019-11-03,117,-10
2019-11-04,106,33
2019-11-05,44,-10
2019-11-06,128,-16
2019-11-07,-5,-66
2019-11-08,0,-88
2019-11-09,78,-27
2019-11-10,61,6
2019-11-11,6,-105
2019-11-12,-82,-138
2019-11-13,-27,-116
2019-11-14,-10,-43
2019-11-15,33,-55
2019-11-16,56,-32
2019-11-17,44,-27
2019-11-18,44,11
2019-11-19,50,17
2019-11-20,83,33
2019-11-21,122,28
2019-11-22,33,-21
2019-11-23,44,-43
2019-11-24,100,0
2019-11-25,117,28
2019-11-26,100,0
2019-11-27,128,6
2019-11-28,28,-5
2019-11-29,44,6
2019-11-30,44,22
2019-12-01,50,-5
2019-12-02,17,-16
2019-12-03,44,-16
2019-12-04,61,-5
2019-12-05,72,-27
2019-12-06,56,-27
2019-12-07,28,-38
2019-12-08,83,11
2019-12-09,83,-43
2019-12-10,-43,-99
2019-12-11,-43,-105
2019-12-12,72,-71
2019-12-13,72,11
2019-12-14,17,-43
2019-12-15,-32,-71
2019-12-16,-10,-43
2019-12-17,-16,-71
2019-12-18,-27,-121
2019-12-19,17,-93
2019-12-20,50,-49
2019-12-21,83,0
2019-12-22,111,6
2019-12-23,111,6
2019-12-24,128,-10
2019-12-25,139,28
2019-12-26,161,28
2019-12-27,28,-21
2019-12-28,89,-27
2019-12-29,139,83
2019-12-30,83,-27
2019-12-31,-21,-43
2020-01-01,56,-60
2020-01-02,89,28
2020-01-03,50,6
2020-01-04,6,-32
2020-01-05,56,-43
2020-01-06,56,-27
2020-01-07,44,-21
2020-01-08,-16,-99
2020-01-09,100,-49
2020-01-10,100,22
2020-01-11,28,-38
2020-01-12,-5,-49
2020-01-13,6,-5
2020-01-14,39,-38
2020-01-15,22,-38
2020-01-16,-16,-116
2020-01-17,-16,-116
2020-01-18,17,-149
2020-01-19,-71,-166
2020-01-20,-5,-82
2020-01-21,-16,-93
2020-01-22,11,-43
2020-01-23,11,-16
2020-01-24,28,0
2020-01-25,11,0
2020-01-26,6,-27
2020-01-27,17,-27
2020-01-28,6,-5
2020-01-29,11,-10
2020-01-30,17,0
2020-01-31,28,0
2020-02-01,33,11
2020-02-02,111,17
2020-02-03,89,-10
2020-02-04,39,-5
2020-02-05,6,-27
2020-02-06,-10,-27
2020-02-07,33,-43
2020-02-08,28,-21
2020-02-09,28,-38
2020-02-10,39,-32
2020-02-11,17,-32
2020-02-12,28,-43
2020-02-13,0,-155
2020-02-14,-93,-188
2020-02-15,6,-138
2020-02-16,61,-66
2020-02-17,50,-21
2020-02-18,39,-38
2020-02-19,-5,-88
2020-02-20,-38,-127
2020-02-21,33,-110
2020-02-22,106,-21
2020-02-23,128,17
2020-02-24,61,17
2020-02-25,50,6
2020-02-26,6,-32
2020-02-27,0,-60
2020-02-28,-10,-71
2020-02-29,28,-82
2020-03-01,156,-10
2020-03-02,100,11
2020-03-03,94,0
2020-03-04,94,0
2020-03-05,117,6
2020-03-06,44,-21
2020-03-07,117,-38
2020-03-08,194,56
2020-03-09,139,89
2020-03-10,106,17
2020-03-11,72,22
2020-03-12,144,28
2020-03-13,100,11
2020-03-14,44,6
2020-03-15,56,-5
2020-03-16,44,-10
2020-03-17,100,22
2020-03-18,78,39
2020-03-19,178,50
2020-03-20,172,-5
2020-03-21,17,-32
2020-03-22,28,-32
2020-03-23,72,6
2020-03-24,94,11
2020-03-25,144,0
2020-03-26,111,33
2020-03-27,100,28
2020-03-28,194,67
2020-03-29,172,67
2020-03-30,106,39
2020-03-31,61,28
2020-04-01,117,33
2020-04-02,161,11
2020-04-03,211,78
2020-04-04,111,28
2020-04-05,111,17
2020-04-06,178,17
2020-04-07,267,106
2020-04-08,233,89
2020-04-09,100,22
2020-04-10,100,6
2020-04-11,172,56
2020-04-12,189,94
2020-04-13,133,11
2020-04-14,50,-10
2020-04-15,44,-27
2020-04-16,83,-21
2020-04-17,56,11
2020-04-18,150,11
2020-04-19,167,39
2020-04-20,178,22
2020-04-21,117,22
2020-04-22,172,44
2020-04-23,139,61
2020-04-24,100,44
2020-04-25,83,56
2020-04-26,172,50
2020-04-27,200,44
2020-04-28,244,89
2020-04-29,161,61
2020-04-30,133,56
2020-05-01,200,33
2020-05-02,250,150
2020-05-03,233,89
2020-05-04,89,44
2020-05-05,94,44
2020-05-06,172,44
2020-05-07,189,72
2020-05-08,78,11
2020-05-09,150,-5
2020-05-10,128,28
2020-05-11,111,50
2020-05-12,172,50
2020-05-13,206,56
2020-05-14,228,122
2020-05-15,261,122
2020-05-16,194,100
2020-05-17,200,117
2020-05-18,178,117
2020-05-19,150,111
2020-05-20,189,117
2020-05-21,211,139
2020-05-22,222,139
2020-05-23,278,128
2020-05-24,322,178
2020-05-25,311,206
2020-05-26,317,200
2020-05-27,306,222
2020-05-28,278,167
2020-05-29,244,144
2020-05-30,228,122
2020-05-31,206,100
2020-06-01,244,117
2020-06-02,344,194
2020-06-03,306,194
2020-06-04,311,211
2020-06-05,317,211
2020-06-06,244,150
2020-06-07,261,133
2020-06-08,322,167
2020-06-09,328,228
2020-06-10,289,167
2020-06-11,278,150
2020-06-12,239,122
2020-06-13,189,111
2020-06-14,200,117
2020-06-15,228,111
2020-06-16,300,139
2020-06-17,306,178
2020-06-18,322,189
2020-06-19,339,206
2020-06-20,328,217
2020-06-21,289,206
2020-06-22,311,194
2020-06-23,256,172
2020-06-24,272,161
2020-06-25,300,167
2020-06-26,272,211
2020-06-27,311,222
2020-06-28,294,222
2020-06-29,339,222
2020-06-30,328,228
2020-07-01,317,217
2020-07-02,328,206
2020-07-03,328,206
2020-07-04,317,217
2020-07-05,344,217
2020-07-06,350,239
2020-07-07,356,228
2020-07-08,339,233
2020-07-09,339,228
2020-07-10,300,217
2020-07-11,294,217
2020-07-12,261,200
2020-07-13,289,183
2020-07-14,300,200
2020-07-15,311,189
2020-07-16,294,200
2020-07-17,322,200
2020-07-18,328,250
2020-07-19,289,228
2020-07-20,306,200
2020-07-21,283,228
2020-07-22,311,211
2020-07-23,283,183
2020-07-24,306,183
2020-07-25,333,206
2020-07-26,356,244
2020-07-27,306,222
2020-07-28,317,206
2020-07-29,328,228
2020-07-30,283,200
2020-07-31,278,189
2020-08-01,267,206
2020-08-02,300,194
2020-08-03,222,161
2020-08-04,244,150
2020-08-05,256,133
2020-08-06,278,189
2020-08-07,300,167
2020-08-08,317,200
2020-08-09,339,228
2020-08-10,328,206
2020-08-11,294,189
2020-08-12,300,178
2020-08-13,306,206
2020-08-14,322,200
2020-08-15,328,206
2020-08-16,300,178
2020-08-17,300,206
2020-08-18,256,189
2020-08-19,289,167
2020-08-20,300,178
2020-08-21,311,194
2020-08-22,317,194
2020-08-23,333,211
2020-08-24,361,222
2020-08-25,328,222
2020-08-26,344,244
2020-08-27,350,256
2020-08-28,350,250
2020-08-29,278,189
2020-08-30,261,156
2020-08-31,294,189
2020-09-01,239,206
2020-09-02,311,206
2020-09-03,311,183
2020-09-04,267,133
2020-09-05,278,178
2020-09-06,283,150
2020-09-07,267,167
2020-09-08,183,156
2020-09-09,178,139
2020-09-10,200,128
2020-09-11,200,161
2020-09-12,228,172
2020-09-13,250,161
2020-09-14,250,144
2020-09-15,261,156
2020-09-16,289,172
2020-09-17,206,144
2020-09-18,161,94
2020-09-19,194,78
2020-09-20,228,89
2020-09-21,239,117
2020-09-22,261,122
2020-09-23,261,150
2020-09-24,261,144
2020-09-25,267,161
2020-09-26,261,178
2020-09-27,250,128
2020-09-28,172,106
2020-09-29,156,78
2020-09-30,194,111
2020-10-01,150,83
2020-10-02,128,56
2020-10-03,133,78
2020-10-04,139,44
2020-10-05,172,33
2020-10-06,239,111
2020-10-07,244,117
2020-10-08,211,100
2020-10-09,278,111
2020-10-10,250,139
2020-10-11,206,133
2020-10-12,194,100
2020-10-13,228,78
2020-10-14,261,83
2020-10-15,178,50
2020-10-16,117,28
2020-10-17,183,28
2020-10-18,156,44
2020-10-19,100,33
2020-10-20,117,33
2020-10-21,150,83
2020-10-22,256,83
2020-10-23,222,33
2020-10-24,94,11
2020-10-25,83,39
2020-10-26,39,11
2020-10-27,33,6
2020-10-28,106,-5
2020-10-29,94,17
2020-10-30,67,-5
2020-10-31,150,-10
2020-11-01,128,-10
2020-11-02,106,-21
2020-11-03,206,39
2020-11-04,233,111
2020-11-05,217,128
2020-11-06,233,106
2020-11-07,222,122
2020-11-08,244,111
2020-11-09,244,172
2020-11-10,239,56
2020-11-11,72,17
2020-11-12,122,17
2020-11-13,78,-10
2020-11-14,106,-16
2020-11-15,128,11
2020-11-16,83,0
2020-11-17,56,-16
2020-11-18,106,11
2020-11-19,189,89
2020-11-20,161,61
2020-11-21,89,22
2020-11-22,83,50
2020-11-23,78,6
2020-11-24,72,6
2020-11-25,83,67
2020-11-26,78,50
2020-11-27,72,6
2020-11-28,100,-16
2020-11-29,94,28
2020-11-30,28,-16
2020-12-01,17,-38
2020-12-02,89,-38
2020-12-03,67,-10
2020-12-04,78,-10
2020-12-05,50,-16
2020-12-06,28,11
2020-12-07,33,6
2020-12-08,22,6
2020-12-09,117,0
2020-12-10,139,-5
2020-12-11,67,22
2020-12-12,56,-10
2020-12-13,22,-27
2020-12-14,0,-60
2020-12-15,11,-77
2020-12-16,11,-16
2020-12-17,17,-27
2020-12-18,28,-43
2020-12-19,61,22
2020-12-20,50,0
2020-12-21,78,6
2020-12-22,56,0
2020-12-23,144,-32
2020-12-24,-32,-127
2020-12-25,-55,-132
2020-12-26,6,-71
2020-12-27,83,-38
2020-12-28,11,-60
2020-12-29,0,-77
2020-12-30,17,-32
2020-12-31,-16,-77
2021-01-01,17,-71
2021-01-02,17,-21
2021-01-03,6,-32
2021-01-04,-10,-43
2021-01-05,28,-16
2021-01-06,39,-5
2021-01-07,33,6
2021-01-08,22,-10
2021-01-09,28,-21
2021-01-10,-16,-43
2021-01-11,-10,-55
2021-01-12,28,-27
2021-01-13,50,-5
2021-01-14,44,0
2021-01-15,39,-10
2021-01-16,22,-10
2021-01-17,11,-27
2021-01-18,-10,-49
2021-01-19,0,-66
2021-01-20,11,-105
2021-01-21,39,-10
2021-01-22,-10,-110
2021-01-23,-10,-121
2021-01-24,11,-27
2021-01-25,11,-21
2021-01-26,0,-38
2021-01-27,-27,-99
2021-01-28,-32,-132
2021-01-29,0,-88
2021-01-30,11,-16
2021-01-31,0,-10
2021-02-01,6,-55
2021-02-02,6,-60
2021-02-03,22,-82
2021-02-04,39,-71
2021-02-05,-71,-132
2021-02-06,-110,-166
2021-02-07,-149,-216
2021-02-08,-93,-171
2021-02-09,-77,-177
2021-02-10,-88,-143
2021-02-11,-60,-166
2021-02-12,-82,-138
2021-02-13,-110,-182
2021-02-14,-155,-205
2021-02-15,-110,-177
2021-02-16,-66,-138
2021-02-17,-27,-143
2021-02-18,-32,-82
2021-02-19,-66,-138
2021-02-20,-16,-149
2021-02-21,28,-82
2021-02-22,44,-32
2021-02-23,83,28
2021-02-24,72,0
2021-02-25,44,-27
2021-02-26,61,-43
2021-02-27,111,6
2021-02-28,94,11
2021-03-01,17,-43
2021-03-02,61,-55
2021-03-03,150,6
2021-03-04,28,-27
2021-03-05,94,-43
2021-03-06,89,-32
2021-03-07,111,-32
2021-03-08,167,67
2021-03-09,206,44
2021-03-10,206,139
2021-03-11,178,56
2021-03-12,122,28
2021-03-13,150,-5
2021-03-14,89,22
2021-03-15,44,-16
2021-03-16,33,6
2021-03-17,39,11
2021-03-18,61,22
2021-03-19,72,0
2021-03-20,144,-21
2021-03-21,183,28
2021-03-22,200,78
2021-03-23,178,100
2021-03-24,144,78
2021-03-25,100,33
2021-03-26,72,17
2021-03-27,189,22
2021-03-28,106,17
2021-03-29,167,-5
2021-03-30,200,67
2021-03-31,67,0
2021-04-01,44,-43
2021-04-02,106,-32
2021-04-03,217,44
2021-04-04,244,61
2021-04-05,244,156
2021-04-06,272,150
2021-04-07,278,156
2021-04-08,206,111
2021-04-09,167,106
2021-04-10,128,83
2021-04-11,133,72
2021-04-12,167,89
2021-04-13,122,56
2021-04-14,106,22
2021-04-15,133,39
2021-04-16,139,33
2021-04-17,133,17
2021-04-18,167,39
2021-04-19,111,44
2021-04-20,61,11
2021-04-21,100,6
2021-04-22,156,0
2021-04-23,167,61
2021-04-24,178,67
2021-04-25,83,39
2021-04-26,261,44
2021-04-27,306,100
2021-04-28,106,78
2021-04-29,217,89
2021-04-30,133,56
2021-05-01,294,56
2021-05-02,294,172
2021-05-03,228,144
2021-05-04,144,72
2021-05-05,161,50
2021-05-06,133,67
2021-05-07,156,39
2021-05-08,122,28
2021-05-09,139,44
2021-05-10,111,39
2021-05-11,133,22
2021-05-12,167,28
2021-05-13,211,50
2021-05-14,217,89
2021-05-15,167,128
2021-05-16,222,128
2021-05-17,211,133
2021-05-18,244,144
2021-05-19,239,183
2021-05-20,300,189
2021-05-21,300,206
2021-05-22,311,211
2021-05-23,278,133
2021-05-24,322,133
2021-05-25,294,200
2021-05-26,278,133
2021-05-27,150,94
2021-05-28,94,67
2021-05-29,156,72
2021-05-30,206,56
2021-05-31,211,122
2021-06-01,250,100
2021-06-02,256,128
2021-06-03,306,133
2021-06-04,328,217
2021-06-05,333,206
2021-06-06,317,222
2021-06-07,267,217
2021-06-08,328,217
2021-06-09,317,211
2021-06-10,322,189
2021-06-11,333,217
2021-06-12,339,200
2021-06-13,306,189
2021-06-14,283,183
2021-06-15,250,150
2021-06-16,250,133
2021-06-17,311,144
2021-06-18,322,194
2021-06-19,322,178
2021-06-20,278,167
2021-06-21,222,133
2021-06-22,228,122
2021-06-23,261,172
2021-06-24,244,200
2021-06-25,250,211
2021-06-26,278,211
2021-06-27,283,200
2021-06-28,278,189
2021-06-29,289,222
2021-06-30,283,211
2021-07-01,244,150
2021-07-02,228,139
2021-07-03,300,150
2021-07-04,317,211
2021-07-05,328,228
2021-07-06,328,250
2021-07-07,317,194
2021-07-08,200,161
2021-07-09,244,150
2021-07-10,244,172
2021-07-11,217,189
2021-07-12,233,194
2021-07-13,267,200
2021-07-14,289,206
2021-07-15,261,189
2021-07-16,228,183
2021-07-17,250,178
2021-07-18,278,172
2021-07-19,294,178
2021-07-20,311,194
2021-07-21,239,183
2021-07-22,300,178
2021-07-23,317,233
2021-07-24,333,239
2021-07-25,322,222
2021-07-26,344,211
2021-07-27,306,217
2021-07-28,311,211
2021-07-29,317,206
2021-07-30,228,183
2021-07-31,267,161
2021-08-01,244,167
2021-08-02,256,156
2021-08-03,283,167
2021-08-04,294,178
2021-08-05,306,189
2021-08-06,283,189
2021-08-07,317,194
2021-08-08,333,217
2021-08-09,283,211
2021-08-10,339,211
2021-08-11,311,222
2021-08-12,294,222
2021-08-13,289,211
2021-08-14,267,167
2021-08-15,267,156
2021-08-16,267,172
2021-08-17,289,189
2021-08-18,300,211
2021-08-19,311,222
2021-08-20,328,211
2021-08-21,311,228
2021-08-22,283,211
2021-08-23,306,194
2021-08-24,350,222
2021-08-25,344,217
2021-08-26,322,211
2021-08-27,328,228
2021-08-28,333,244
2021-08-29,317,222
2021-08-30,294,194
2021-08-31,278,189
2021-09-01,244,172
2021-09-02,256,167
2021-09-03,239,178
2021-09-04,228,172
2021-09-05,278,156
2021-09-06,278,161
2021-09-07,311,183
2021-09-08,261,150
2021-09-09,250,144
2021-09-10,267,150
2021-09-11,306,183
2021-09-12,306,200
2021-09-13,311,200
2021-09-14,300,189
2021-09-15,261,150
2021-09-16,278,139
2021-09-17,317,178
2021-09-18,250,189
2021-09-19,317,178
2021-09-20,278,211
2021-09-21,239,156
2021-09-22,172,133
2021-09-23,194,106
2021-09-24,261,111
2021-09-25,206,100
2021-09-26,283,122
2021-09-27,306,172
2021-09-28,228,156
2021-09-29,278,128
2021-09-30,267,150
2021-10-01,294,161
2021-10-02,267,189
2021-10-03,244,183
2021-10-04,228,178
2021-10-05,194,183
2021-10-06,200,178
2021-10-07,239,183
2021-10-08,239,167
2021-10-09,267,178
2021-10-10,261,211
2021-10-11,250,167
2021-10-12,183,133
2021-10-13,217,117
2021-10-14,217,133
2021-10-15,167,106
2021-10-16,150,67
2021-10-17,189,56
2021-10-18,222,72
2021-10-19,217,111
2021-10-20,222,117
2021-10-21,183,67
2021-10-22,133,50
2021-10-23,133,39
2021-10-24,106,39
2021-10-25,128,83
2021-10-26,139,50
2021-10-27,133,33
2021-10-28,139,89
2021-10-29,133,117
2021-10-30,150,72
2021-10-31,117,39
2021-11-01,94,17
2021-11-02,83,0
2021-11-03,72,-16
2021-11-04,83,-16
2021-11-05,111,11
2021-11-06,150,22
2021-11-07,183,50
2021-11-08,183,94
2021-11-09,144,56
2021-11-10,133,33
2021-11-11,139,50
2021-11-12,61,17
2021-11-13,39,6
2021-11-14,28,6
2021-11-15,22,-10
2021-11-16,133,-10
2021-11-17,161,44
2021-11-18,44,0
2021-11-19,44,-32
2021-11-20,100,22
2021-11-21,128,-10
2021-11-22,22,-49
2021-11-23,61,-43
2021-11-24,117,28
2021-11-25,89,-49
2021-11-26,-5,-77
2021-11-27,56,-10
2021-11-28,50,-27
2021-11-29,50,-27
2021-11-30,117,11
2021-12-01,94,11
2021-12-02,150,67
2021-12-03,106,28
2021-12-04,67,-5
2021-12-05,50,11
2021-12-06,33,-93
2021-12-07,-32,-105
2021-12-08,17,-38
2021-12-09,78,-21
2021-12-10,156,22
2021-12-11,144,0
2021-12-12,89,0
2021-12-13,94,6
2021-12-14,122,0
2021-12-15,189,100
2021-12-16,189,0
2021-12-17,44,-32
2021-12-18,44,-5
2021-12-19,28,-21
2021-12-20,56,-10
2021-12-21,44,-49
2021-12-22,-5,-71
2021-12-23,78,-27
2021-12-24,139,11
2021-12-25,128,-5
2021-12-26,61,-32
2021-12-27,78,0
2021-12-28,28,-10
2021-12-29,22,-21
2021-12-30,28,-16
2021-12-31,61,6
2022-01-01,33,-43
2022-01-02,-21,-105
2022-01-03,-55,-127
2022-01-04,17,-55
2022-01-05,11,-110
2022-01-06,-93,-155
2022-01-07,-93,-182
2022-01-08,11,-105
2022-01-09,11,-127
2022-01-10,-88,-149
2022-01-11,22,-155
2022-01-12,50,-5
2022-01-13,44,-16
2022-01-14,22,-32
2022-01-15,-32,-88
2022-01-16,-16,-110
2022-01-17,-21,-55
2022-01-18,67,-66
2022-01-19,44,-121
2022-01-20,-71,-143
2022-01-21,-38,-143
2022-01-22,6,-71
2022-01-23,-60,-138
2022-01-24,-32,-121
2022-01-25,-110,-177
2022-01-26,-93,-210
2022-01-27,0,-99
2022-01-28,-32,-116
2022-01-29,-55,-138
2022-01-30,-5,-116
2022-01-31,6,-38
2022-02-01,78,0
2022-02-02,6,-88
2022-02-03,-43,-88
2022-02-04,-43,-121
2022-02-05,-66,-155
2022-02-06,6,-77
2022-02-07,-5,-77
2022-02-08,33,-71
2022-02-09,50,0
2022-02-10,17,-27
2022-02-11,67,-21
2022-02-12,-21,-105
2022-02-13,-66,-110
2022-02-14,-32,-99
2022-02-15,72,-55
2022-02-16,128,50
2022-02-17,50,-88
2022-02-18,-5,-138
2022-02-19,-38,-127
2022-02-20,83,-82
2022-02-21,89,0
2022-02-22,67,-49
2022-02-23,-49,-93
2022-02-24,-27,-60
2022-02-25,-5,-77
2022-02-26,-5,-105
2022-02-27,61,-32
2022-02-28,117,-27
2022-03-01,122,22
2022-03-02,144,6
2022-03-03,22,-21
2022-03-04,50,-21
2022-03-05,206,39
2022-03-06,150,17
2022-03-07,22,-10
2022-03-08,39,-27
2022-03-09,50,-27
2022-03-10,-5,-55
2022-03-11,-5,-88
2022-03-12,-49,-116
2022-03-13,106,-60
2022-03-14,172,28
2022-03-15,122,22
2022-03-16,211,22
2022-03-17,228,83
2022-03-18,83,44
2022-03-19,61,28
2022-03-20,172,11
2022-03-21,233,56
2022-03-22,133,72
2022-03-23,144,78
2022-03-24,78,39
2022-03-25,83,17
2022-03-26,17,-32
2022-03-27,22,-55
2022-03-28,17,-55
2022-03-29,67,-16
2022-03-30,156,67
2022-03-31,89,6
2022-04-01,78,-5
2022-04-02,56,6
2022-04-03,100,6
2022-04-04,111,44
2022-04-05,117,33
2022-04-06,133,61
2022-04-07,67,33
2022-04-08,50,6
2022-04-09,122,0
2022-04-10,178,0
2022-04-11,167,72
2022-04-12,206,44
2022-04-13,222,39
2022-04-14,106,17
2022-04-15,117,44
2022-04-16,94,0
2022-04-17,61,-16
2022-04-18,50,6
2022-04-19,106,22
2022-04-20,111,50
2022-04-21,200,100
2022-04-22,117,78
2022-04-23,289,106
2022-04-24,228,122
2022-04-25,122,50
2022-04-26,106,11
2022-04-27,50,6
2022-04-28,100,33
2022-04-29,189,83
2022-04-30,206,106
2022-05-01,133,94
2022-05-02,122,89
2022-05-03,100,67
2022-05-04,133,39
2022-05-05,117,56
2022-05-06,117,83
2022-05-07,178,61
2022-05-08,183,61
2022-05-09,283,133
2022-05-10,317,206
2022-05-11,322,233
2022-05-12,328,233
2022-05-13,317,200
2022-05-14,300,194
2022-05-15,244,144
2022-05-16,256,122
2022-05-17,200,106
2022-05-18,156,111
2022-05-19,300,117
2022-05-20,300,144
2022-05-21,167,122
2022-05-22,172,100
2022-05-23,161,72
2022-05-24,189,94
2022-05-25,261,122
2022-05-26,250,178
2022-05-27,178,106
2022-05-28,233,94
2022-05-29,294,172
2022-05-30,317,211
2022-05-31,300,233
2022-06-01,233,150
2022-06-02,250,144
2022-06-03,272,144
2022-06-04,217,122
2022-06-05,250,144
2022-06-06,244,139
2022-06-07,222,133
2022-06-08,206,133
2022-06-09,256,117
2022-06-10,256,144
2022-06-11,228,150
2022-06-12,211,144
2022-06-13,317,139
2022-06-14,367,183
2022-06-15,356,244
2022-06-16,344,222
2022-06-17,289,178
2022-06-18,222,128
2022-06-19,294,111
2022-06-20,350,178
2022-06-21,372,228
2022-06-22,317,222
2022-06-23,294,183
2022-06-24,333,183
2022-06-25,250,194
2022-06-26,267,183
2022-06-27,267,156
2022-06-28,300,161
2022-06-29,311,189
2022-06-30,333,228
2022-07-01,278,194
2022-07-02,306,183
2022-07-03,311,200
2022-07-04,306,206
2022-07-05,344,206
2022-07-06,267,200
2022-07-07,300,200
2022-07-08,250,194
2022-07-09,244,172
2022-07-10,300,150
2022-07-11,294,217
2022-07-12,300,200
2022-07-13,267,178
2022-07-14,267,161
2022-07-15,222,189
2022-07-16,239,194
2022-07-17,250,206
2022-07-18,317,200
2022-07-19,322,217
2022-07-20,306,244
2022-07-21,333,206
2022-07-22,328,206
2022-07-23,300,200
2022-07-24,300,217
2022-07-25,244,178
2022-07-26,278,178
2022-07-27,283,211
2022-07-28,267,194
2022-07-29,272,167
2022-07-30,283,172
2022-07-31,294,189
2022-08-01,294,222
2022-08-02,322,200
2022-08-03,328,239
2022-08-04,283,206
2022-08-05,311,194
2022-08-06,350,233
2022-08-07,283,239
2022-08-08,272,183
2022-08-09,250,161
2022-08-10,294,156
2022-08-11,261,161
2022-08-12,250,144
2022-08-13,261,194
2022-08-14,250,189
2022-08-15,261,189
2022-08-16,272,167
2022-08-17,278,167
2022-08-18,289,161
2022-08-19,300,200
2022-08-20,250,183
2022-08-21,261,189
2022-08-22,294,178
2022-08-23,294,178
2022-08-24,294,194
2022-08-25,272,189
2022-08-26,256,172
2022-08-27,283,150
2022-08-28,317,200
2022-08-29,294,211
2022-08-30,267,183
2022-08-31,294,167
2022-09-01,311,194
2022-09-02,300,211
2022-09-03,311,200
2022-09-04,228,194
2022-09-05,211,178
2022-09-06,267,178
2022-09-07,272,172
2022-09-08,289,167
2022-09-09,289,167
2022-09-10,289,172
2022-09-11,217,144
2022-09-12,194,122
2022-09-13,256,156
2022-09-14,261,144
2022-09-15,272,156
2022-09-16,278,172
2022-09-17,294,200
2022-09-18,294,194
2022-09-19,256,172
2022-09-20,300,172
2022-09-21,294,156
2022-09-22,178,100
2022-09-23,178,100
2022-09-24,217,111
2022-09-25,200,128
2022-09-26,178,106
2022-09-27,161,78
2022-09-28,161,72
2022-09-29,178,67
2022-09-30,194,83
2022-10-01,200,100
2022-10-02,183,106
2022-10-03,211,72
2022-10-04,233,72
2022-10-05,244,89
2022-10-06,244,106
2022-10-07,139,44
2022-10-08,144,33
2022-10-09,206,56
2022-10-10,228,78
2022-10-11,206,100
2022-10-12,183,94
2022-10-13,128,33
2022-10-14,150,39
2022-10-15,117,17
2022-10-16,122,44
2022-10-17,61,22
2022-10-18,94,17
2022-10-19,89,6
2022-10-20,167,6
2022-10-21,244,61
2022-10-22,261,133
2022-10-23,261,167
2022-10-24,244,172
2022-10-25,211,78
2022-10-26,122,44
2022-10-27,122,28
2022-10-28,161,67
2022-10-29,194,39
2022-10-30,183,72
2022-10-31,139,100
2022-11-01,200,72
2022-11-02,222,61
2022-11-03,228,111
2022-11-04,222,161
2022-11-05,206,72
2022-11-06,161,72
2022-11-07,122,39
2022-11-08,122,67
2022-11-09,211,83
2022-11-10,244,156
2022-11-11,161,0
2022-11-12,22,0
2022-11-13,33,-21
2022-11-14,56,-27
2022-11-15,33,6
2022-11-16,28,-5
2022-11-17,6,-16
2022-11-18,-10,-60
2022-11-19,-27,-88
2022-11-20,11,-105
2022-11-21,83,-10
2022-11-22,111,-32
2022-11-23,144,11
2022-11-24,122,17
2022-11-25,111,6
2022-11-26,133,11
2022-11-27,83,17
2022-11-28,78,-16
2022-11-29,144,11
2022-11-30,17,-66
2022-12-01,22,-77
2022-12-02,117,22
2022-12-03,106,-60
2022-12-04,44,-71
2022-12-05,67,-16
2022-12-06,61,22
2022-12-07,61,11
2022-12-08,50,-10
2022-12-09,33,11
2022-12-10,44,28
2022-12-11,44,22
2022-12-12,56,17
2022-12-13,33,17
2022-12-14,67,28
2022-12-15,33,-5
2022-12-16,-5,-32
2022-12-17,-32,-60
2022-12-18,-60,-99
2022-12-19,-32,-121
2022-12-20,6,-77
2022-12-21,0,-116
2022-12-22,6,-210
2022-12-23,-182,-221
2022-12-24,-99,-182
2022-12-25,-99,-166
2022-12-26,-55,-116
2022-12-27,-38,-132
2022-12-28,72,-38
2022-12-29,150,61
2022-12-30,139,-10
2022-12-31,39,-32
2023-01-01,72,28
2023-01-02,61,0
2023-01-03,89,39
2023-01-04,67,6
2023-01-05,11,0
2023-01-06,11,-38
2023-01-07,0,-27
2023-01-08,6,-32
2023-01-09,67,-38
2023-01-10,100,11
2023-01-11,139,33
2023-01-12,61,22
2023-01-13,22,-32
2023-01-14,-5,-43
2023-01-15,67,-32
2023-01-16,111,44
2023-01-17,94,28
2023-01-18,50,22
2023-01-19,56,11
2023-01-20,17,-16
2023-01-21,0,-21
2023-01-22,11,-32
2023-01-23,-10,-60
2023-01-24,22,-21
2023-01-25,11,-5
2023-01-26,0,-93
2023-01-27,22,-105
2023-01-28,-5,-71
2023-01-29,-5,-77
2023-01-30,-77,-149
2023-01-31,-110,-182
2023-02-01,-27,-143
2023-02-02,6,-121
2023-02-03,-116,-182
2023-02-04,56,-116
2023-02-05,50,-21
2023-02-06,83,-49
2023-02-07,106,0
2023-02-08,67,-27
2023-02-09,56,22
2023-02-10,33,-27
2023-02-11,83,-49
2023-02-12,111,-10
2023-02-13,111,11
2023-02-14,128,6
2023-02-15,106,11
2023-02-16,17,-43
2023-02-17,-32,-82
2023-02-18,67,-38
2023-02-19,106,33
2023-02-20,89,-16
2023-02-21,44,-43
2023-02-22,22,6
2023-02-23,44,-49
2023-02-24,-16,-77
2023-02-25,33,-32
2023-02-26,111,-21
2023-02-27,144,33
2023-02-28,111,33
2023-03-01,133,33
2023-03-02,44,6
2023-03-03,33,6
2023-03-04,100,-16
2023-03-05,100,-5
2023-03-06,128,44
2023-03-07,72,22
2023-03-08,83,22
2023-03-09,44,6
2023-03-10,28,6
2023-03-11,39,0
2023-03-12,28,-10
2023-03-13,6,-32
2023-03-14,33,-66
2023-03-15,100,-49
2023-03-16,100,50
2023-03-17,83,-60
2023-03-18,-38,-110
2023-03-19,44,-71
2023-03-20,111,-10
2023-03-21,122,28
2023-03-22,117,44
2023-03-23,89,22
2023-03-24,72,17
2023-03-25,67,11
2023-03-26,89,11
2023-03-27,78,0
2023-03-28,106,-10
2023-03-29,56,-16
2023-03-30,139,-27
2023-03-31,211,94
2023-04-01,89,0
2023-04-02,133,-10
2023-04-03,178,67
2023-04-04,206,67
2023-04-05,222,33
2023-04-06,111,0
2023-04-07,94,17
2023-04-08,172,22
2023-04-09,200,50
2023-04-10,217,94
2023-04-11,261,111
2023-04-12,278,139
2023-04-13,283,139
2023-04-14,283,133
2023-04-15,283,178
2023-04-16,178,11
2023-04-17,39,0
2023-04-18,144,6
2023-04-19,178,56
2023-04-20,261,89
2023-04-21,172,67
2023-04-22,83,17
2023-04-23,56,22
2023-04-24,122,22
2023-04-25,78,17
2023-04-26,111,-5
2023-04-27,194,28
2023-04-28,172,72
2023-04-29,150,61
2023-04-30,89,44
2023-05-01,100,44
2023-05-02,122,56
2023-05-03,150,33
2023-05-04,222,56
2023-05-05,256,128
2023-05-06,256,150
2023-05-07,306,144
2023-05-08,156,106
2023-05-09,211,78
2023-05-10,272,94
2023-05-11,289,128
2023-05-12,250,139
2023-05-13,211,133
2023-05-14,172,111
2023-05-15,200,106
2023-05-16,272,106
2023-05-17,161,72
2023-05-18,239,67
2023-05-19,244,122
2023-05-20,228,83
2023-05-21,272,122
2023-05-22,283,128
2023-05-23,300,139
2023-05-24,194,111
2023-05-25,167,78
2023-05-26,211,72
2023-05-27,233,83
2023-05-28,267,117
2023-05-29,300,117
2023-05-30,328,150
2023-05-31,328,206
2023-06-01,328,200
2023-06-02,328,183
2023-06-03,306,172
2023-06-04,250,150
2023-06-05,289,133
2023-06-06,250,161
2023-06-07,239,128
2023-06-08,239,106
2023-06-09,283,128
2023-06-10,300,167
2023-06-11,178,100
2023-06-12,211,94
2023-06-13,183,128
2023-06-14,250,150
2023-06-15,267,117
2023-06-16,200,111
2023-06-17,272,117
2023-06-18,300,156
2023-06-19,306,161
2023-06-20,283,156
2023-06-21,311,161
2023-06-22,300,189
2023-06-23,300,183
2023-06-24,339,189
2023-06-25,300,200
2023-06-26,239,200
2023-06-27,256,172
2023-06-28,294,144
2023-06-29,311,222
2023-06-30,328,222
2023-07-01,300,222
2023-07-02,228,189
2023-07-03,311,178
2023-07-04,333,211
2023-07-05,328,217
2023-07-06,278,189
2023-07-07,272,178
2023-07-08,244,178
2023-07-09,294,161
2023-07-10,306,183
2023-07-11,300,206
2023-07-12,244,178
2023-07-13,256,172
2023-07-14,322,200
2023-07-15,294,211
2023-07-16,272,194
2023-07-17,267,189
2023-07-18,272,172
2023-07-19,300,172
2023-07-20,306,200
2023-07-21,278,178
2023-07-22,294,183
2023-07-23,289,178
2023-07-24,317,200
2023-07-25,328,211
2023-07-26,322,217
2023-07-27,333,222
2023-07-28,339,211
2023-07-29,283,206
2023-07-30,267,194
2023-07-31,283,178
2023-08-01,294,206
2023-08-02,294,200
2023-08-03,322,194
2023-08-04,300,211
2023-08-05,250,206
2023-08-06,228,189
2023-08-07,278,189
2023-08-08,294,178
2023-08-09,261,189
2023-08-10,300,183
2023-08-11,294,211
2023-08-12,306,200
2023-08-13,272,189
2023-08-14,244,178
2023-08-15,256,167
2023-08-16,278,156
2023-08-17,267,172
2023-08-18,261,150
2023-08-19,289,172
2023-08-20,328,211
2023-08-21,278,206
2023-08-22,322,206
2023-08-23,367,250
2023-08-24,378,239
2023-08-25,278,217
2023-08-26,250,172
2023-08-27,239,161
2023-08-28,278,150
2023-08-29,306,172
2023-08-30,217,128
2023-08-31,261,122
2023-09-01,294,144
2023-09-02,317,178
2023-09-03,344,211
2023-09-04,344,217
2023-09-05,344,233
2023-09-06,283,217
2023-09-07,217,178
2023-09-08,200,144
2023-09-09,244,133
2023-09-10,283,122
2023-09-11,211,161
2023-09-12,222,139
2023-09-13,222,122
2023-09-14,233,117
2023-09-15,261,122
2023-09-16,211,156
2023-09-17,178,139
2023-09-18,228,117
2023-09-19,200,144
2023-09-20,267,172
2023-09-21,272,189
2023-09-22,267,189
2023-09-23,272,183
2023-09-24,261,150
2023-09-25,239,178
2023-09-26,228,172
2023-09-27,222,172
2023-09-28,217,161
2023-09-29,250,150
2023-09-30,289,161
2023-10-01,306,172
2023-10-02,300,178
2023-10-03,306,178
2023-10-04,289,200
2023-10-05,228,156
2023-10-06,167,94
2023-10-07,161,78
2023-10-08,139,72
2023-10-09,150,67
2023-10-10,178,56
2023-10-11,194,56
2023-10-12,167,128
2023-10-13,156,133
2023-10-14,139,94
2023-10-15,156,83
2023-10-16,133,61
2023-10-17,178,50
2023-10-18,200,78
2023-10-19,161,122
2023-10-20,161,89
2023-10-21,183,83
2023-10-22,161,56
2023-10-23,194,72
2023-10-24,283,167
2023-10-25,206,161
2023-10-26,222,183
2023-10-27,222,72
2023-10-28,111,39
2023-10-29,83,39
2023-10-30,67,-5
2023-10-31,33,-10
2023-11-01,56,-16
2023-11-02,139,17
2023-11-03,150,83
2023-11-04,156,50
2023-11-05,167,33
2023-11-06,206,128
2023-11-07,133,50
2023-11-08,133,83
2023-11-09,133,44
2023-11-10,83,17
2023-11-11,106,-10
2023-11-12,139,56
2023-11-13,172,33
2023-11-14,161,0
2023-11-15,178,61
2023-11-16,189,67
2023-11-17,156,11
2023-11-18,117,-5
2023-11-19,122,17
2023-11-20,100,56
2023-11-21,67,22
2023-11-22,78,11
2023-11-23,89,0
2023-11-24,11,-38
2023-11-25,39,-43
2023-11-26,6,-21
2023-11-27,-16,-77
2023-11-28,-43,-99
2023-11-29,44,-66
2023-11-30,106,0
2023-12-01,67,39
2023-12-02,61,39
2023-12-03,44,22
2023-12-04,50,0
2023-12-05,50,0
2023-12-06,39,0
2023-12-07,106,22
2023-12-08,133,78
2023-12-09,122,17
2023-12-10,17,-10
2023-12-11,22,-21
2023-12-12,33,-27
2023-12-13,50,-49
2023-12-14,106,0
2023-12-15,117,17
2023-12-16,78,50
2023-12-17,67,22
2023-12-18,22,-66
2023-12-19,6,-82
2023-12-20,72,-10
2023-12-21,89,6
2023-12-22,72,61
2023-12-23,94,61
2023-12-24,128,89
2023-12-25,150,100
2023-12-26,100,-5
2023-12-27,56,-10
2023-12-28,56,11
2023-12-29,44,-5
2023-12-30,28,-27
2023-12-31,22,-5
2024-01-01,0,-27
2024-01-02,39,-32
2024-01-03,22,-5
2024-01-04,28,-43
2024-01-05,28,-32
2024-01-06,11,-5
2024-01-07,11,-5
2024-01-08,22,-10
2024-01-09,22,6
2024-01-10,11,-10
2024-01-11,11,-27
2024-01-12,22,-10
2024-01-13,6,-171
2024-01-14,-160,-232
2024-01-15,-166,-232
2024-01-16,-160,-216
2024-01-17,-66,-166
2024-01-18,-21,-110
2024-01-19,-99,-149
2024-01-20,-77,-155
2024-01-21,-60,-171
2024-01-22,11,-60
2024-01-23,28,6
2024-01-24,33,11
2024-01-25,33,17
2024-01-26,44,28
2024-01-27,50,22
2024-01-28,39,6
2024-01-29,39,-10
2024-01-30,50,28
2024-01-31,33,22
2024-02-01,128,17
2024-02-02,56,-5
2024-02-03,56,-16
2024-02-04,78,-16
2024-02-05,50,-10
2024-02-06,89,-10
2024-02-07,94,-10
2024-02-08,150,61
2024-02-09,133,22
2024-02-10,56,-10
2024-02-11,50,-38
2024-02-12,78,-38
2024-02-13,44,-16
2024-02-14,83,-32
2024-02-15,67,-10
2024-02-16,6,-77
2024-02-17,-16,-105
2024-02-18,78,-43
2024-02-19,100,-49
2024-02-20,139,-16
2024-02-21,172,72
2024-02-22,161,56
2024-02-23,111,-21
2024-02-24,17,-66
2024-02-25,161,0
2024-02-26,217,28
2024-02-27,233,111
2024-02-28,117,-66
2024-02-29,72,-66
2024-03-01,78,-5
2024-03-02,156,17
2024-03-03,228,61
2024-03-04,222,67
2024-03-05,72,44
2024-03-06,83,28
2024-03-07,106,22
2024-03-08,78,39
2024-03-09,72,6
2024-03-10,83,-10
2024-03-11,194,6
2024-03-12,217,83
2024-03-13,206,89
2024-03-14,178,44
2024-03-15,122,28
2024-03-16,144,44
2024-03-17,50,-16
2024-03-18,28,-43
2024-03-19,144,-16
2024-03-20,67,-16
2024-03-21,50,-27
2024-03-22,39,-5
2024-03-23,33,-21
2024-03-24,89,6
2024-03-25,172,78
2024-03-26,128,0
2024-03-27,56,-16
2024-03-28,106,-16
2024-03-29,122,0
2024-03-30,161,44
2024-03-31,122,33
2024-04-01,89,56
2024-04-02,72,22
2024-04-03,39,11
2024-04-04,72,22
2024-04-05,94,22
2024-04-06,117,0
2024-04-07,100,39
2024-04-08,217,83
2024-04-09,172,94
2024-04-10,206,72
2024-04-11,156,94
2024-04-12,178,94
2024-04-13,217,67
2024-04-14,272,117
2024-04-15,244,89
2024-04-16,272,106
2024-04-17,200,117
2024-04-18,144,83
2024-04-19,133,50
2024-04-20,72,17
2024-04-21,144,6
2024-04-22,194,50
2024-04-23,178,50
2024-04-24,83,17
2024-04-25,144,6
2024-04-26,172,61
2024-04-27,261,150
2024-04-28,239,150
2024-04-29,211,122
2024-04-30,233,100
2024-05-01,239,144
2024-05-02,272,122
2024-05-03,206,117
2024-05-04,272,83
2024-05-05,178,100
2024-05-06,211,89
2024-05-07,239,144
2024-05-08,261,117
2024-05-09,172,94
2024-05-10,194,78
2024-05-11,211,106
2024-05-12,283,94
2024-05-13,272,167
2024-05-14,167,106
2024-05-15,194,111
2024-05-16,239,111
2024-05-17,272,150
2024-05-18,294,150
2024-05-19,244,167
2024-05-20,300,161
2024-05-21,317,161
2024-05-22,267,161
2024-05-23,272,144
2024-05-24,250,178
2024-05-25,244,133
2024-05-26,228,144
2024-05-27,233,144
2024-05-28,222,122
2024-05-29,211,94
2024-05-30,211,72
2024-05-31,261,100
2024-06-01,200,156
2024-06-02,250,150
2024-06-03,300,144
2024-06-04,294,206
2024-06-05,261,206
2024-06-06,256,178
2024-06-07,256,150
2024-06-08,250,128
2024-06-09,267,128
2024-06-10,206,117
2024-06-11,256,100
2024-06-12,328,189
2024-06-13,328,217
2024-06-14,300,156
2024-06-15,300,144
2024-06-16,350,217
2024-06-17,361,250
2024-06-18,344,256
2024-06-19,339,228
2024-06-20,294,178
2024-06-21,344,189
2024-06-22,339,206
2024-06-23,267,206
2024-06-24,311,183
2024-06-25,294,217
2024-06-26,306,178
2024-06-27,233,161
2024-06-28,233,183
2024-06-29,311,211
2024-06-30,217,150
2024-07-01,239,122
2024-07-02,294,194
2024-07-03,311,228
2024-07-04,289,206
2024-07-05,278,200
2024-07-06,283,178
2024-07-07,306,189
2024-07-08,300,206
2024-07-09,272,206
2024-07-10,289,189
2024-07-11,272,189
2024-07-12,300,178
2024-07-13,328,194
2024-07-14,311,194
2024-07-15,322,206
2024-07-16,294,206
2024-07-17,278,178
2024-07-18,239,161
2024-07-19,267,156
2024-07-20,272,172
2024-07-21,289,189
2024-07-22,289,183
2024-07-23,294,194
2024-07-24,239,194
2024-07-25,256,167
2024-07-26,272,161
2024-07-27,294,189
2024-07-28,294,211
2024-07-29,289,217
2024-07-30,322,211
2024-07-31,333,222
2024-08-01,311,206
2024-08-02,306,206
2024-08-03,328,228
2024-08-04,328,217
2024-08-05,328,233
2024-08-06,239,194
2024-08-07,256,178
2024-08-08,283,178
2024-08-09,222,156
2024-08-10,239,133
2024-08-11,267,144
2024-08-12,278,161
2024-08-13,300,178
2024-08-14,300,189
2024-08-15,244,194
2024-08-16,306,194
2024-08-17,289,206
2024-08-18,267,200
2024-08-19,250,172
2024-08-20,222,144
2024-08-21,244,133
2024-08-22,267,128
2024-08-23,278,150
2024-08-24,328,178
2024-08-25,339,233
2024-08-26,356,261
2024-08-27,372,233
2024-08-28,289,217
2024-08-29,311,217
2024-08-30,283,206
2024-08-31,289,167
2024-09-01,244,156
2024-09-02,244,144
2024-09-03,256,144
2024-09-04,289,144
2024-09-05,306,178
2024-09-06,211,122
2024-09-07,194,89
2024-09-08,222,94
2024-09-09,272,139
2024-09-10,278,144
2024-09-11,306,150
2024-09-12,306,172
2024-09-13,294,189
2024-09-14,311,194
2024-09-15,322,194
2024-09-16,322,183
2024-09-17,294,167
2024-09-18,311,161
2024-09-19,317,167
2024-09-20,328,206
2024-09-21,333,172
2024-09-22,256,178
2024-09-23,194,156
2024-09-24,194,167
2024-09-25,250,139
2024-09-26,250,139
2024-09-27,222,183
2024-09-28,222,183
2024-09-29,233,189
2024-09-30,261,172
2024-10-01,211,128
2024-10-02,222,89
2024-10-03,267,122
2024-10-04,211,144
2024-10-05,294,144
2024-10-06,239,122
2024-10-07,200,89
2024-10-08,233,100
2024-10-09,211,106
2024-10-10,228,117
2024-10-11,283,128
2024-10-12,200,156
2024-10-13,194,94
2024-10-14,139,50
2024-10-15,106,50
2024-10-16,144,28
2024-10-17,178,33
2024-10-18,206,56
2024-10-19,217,67
2024-10-20,261,106
2024-10-21,272,122
2024-10-22,228,128
2024-10-23,183,67
2024-10-24,178,44
2024-10-25,194,89
2024-10-26,150,61
2024-10-27,150,28
2024-10-28,194,61
2024-10-29,278,194
2024-10-30,267,200
2024-10-31,217,61
2024-11-01,122,39
2024-11-02,150,33
2024-11-03,178,94
2024-11-04,200,172
2024-11-05,194,156
2024-11-06,156,94
2024-11-07,150,67
2024-11-08,167,67
2024-11-09,133,72
2024-11-10,172,94
2024-11-11,144,56
2024-11-12,100,44
2024-11-13,111,44
2024-11-14,122,89
2024-11-15,133,56
2024-11-16,111,56
2024-11-17,150,78
2024-11-18,156,94
2024-11-19,172,83
2024-11-20,89,0
2024-11-21,39,-10
2024-11-22,89,28
2024-11-23,61,28
2024-11-24,111,28
2024-11-25,111,17
2024-11-26,39,-38
2024-11-27,67,11
2024-11-28,17,-32
2024-11-29,-21,-77
2024-11-30,-38,-99
2024-12-01,-27,-99
2024-12-02,-38,-99
2024-12-03,-5,-71
2024-12-04,39,-88
2024-12-05,-16,-110
2024-12-06,0,-93
2024-12-07,100,-43
2024-12-08,128,33
2024-12-09,117,56
2024-12-10,56,-10
2024-12-11,0,-116
2024-12-12,-93,-155
2024-12-13,-27,-155
2024-12-14,39,-38
2024-12-15,72,33
2024-12-16,106,28
2024-12-17,39,6
2024-12-18,17,-38
2024-12-19,6,-38
2024-12-20,17,-60
2024-12-21,-27,-99
2024-12-22,6,-99
2024-12-23,39,0
2024-12-24,33,-10
2024-12-25,39,0
2024-12-26,89,33
2024-12-27,111,72
2024-12-28,106,56
2024-12-29,78,22
2024-12-30,56,0
2024-12-31,56,11
2025-01-01,11,-43
2025-01-02,0,-43
2025-01-03,-38,-77
2025-01-04,-38,-110
2025-01-05,-55,-93
2025-01-06,-10,-60
2025-01-07,-32,-93
2025-01-08,-32,-99
2025-01-09,-16,-99
2025-01-10,-10,-60
2025-01-11,0,-32
2025-01-12,17,-71
2025-01-13,-71,-127
2025-01-14,-88,-132
2025-01-15,-71,-149
2025-01-16,33,-77
2025-01-17,83,-32
2025-01-18,44,-99
2025-01-19,-99,-171
2025-01-20,-116,-188
2025-01-21,-166,-221
2025-01-22,-38,-177
2025-01-23,-43,-138
2025-01-24,-49,-166
2025-01-25,50,-60
2025-01-26,-5,-82
2025-01-27,67,-77
2025-01-28,89,-21
2025-01-29,83,6
2025-01-30,100,-32
2025-01-31,44,6
2025-02-01,6,-16
2025-02-02,61,-5
2025-02-03,56,6
2025-02-04,6,-55
2025-02-05,-5,-43
2025-02-06,28,-27
2025-02-07,0,-71
2025-02-08,6,-27
2025-02-09,0,-55
2025-02-10,28,-82
2025-02-11,-21,-60
2025-02-12,-16,-71
2025-02-13,-32,-149
2025-02-14,-32,-160
2025-02-15,6,-32
2025-02-16,-27,-127
2025-02-17,-127,-177
2025-02-18,-99,-205
2025-02-19,-82,-155
2025-02-20,-43,-155
2025-02-21,-21,-116
2025-02-22,11,-93
2025-02-23,67,-38
2025-02-24,117,33
2025-02-25,122,22
2025-02-26,106,22
2025-02-27,100,22
2025-02-28,139,11
2025-03-01,11,-55
2025-03-02,28,-77
2025-03-03,89,0
2025-03-04,89,61
2025-03-05,106,-10
2025-03-06,56,-27
2025-03-07,44,6
2025-03-08,100,-32
2025-03-09,144,11
2025-03-10,200,44
2025-03-11,139,22
2025-03-12,106,17
2025-03-13,156,6
2025-03-14,261,94
2025-03-15,189,50
2025-03-16,50,-10
2025-03-17,117,-32
2025-03-18,222,56
2025-03-19,83,17
2025-03-20,67,-5
2025-03-21,156,-5
2025-03-22,83,11
2025-03-23,111,17
2025-03-24,100,6
2025-03-25,106,6
2025-03-26,122,0
2025-03-27,122,56
2025-03-28,256,89
2025-03-29,217,61
2025-03-30,239,50
2025-03-31,83,11
2025-04-01,72,6
2025-04-02,217,44
2025-04-03,133,44
2025-04-04,94,33
2025-04-05,122,39
2025-04-06,100,17
2025-04-07,78,-27
2025-04-08,72,-38
2025-04-09,67,11
2025-04-10,61,33
2025-04-11,111,6
2025-04-12,167,22
2025-04-13,178,111
2025-04-14,178,89
2025-04-15,133,33
2025-04-16,106,17
2025-04-17,178,39
2025-04-18,244,156
2025-04-19,156,67
2025-04-20,150,72
2025-04-21,161,72
2025-04-22,233,50
2025-04-23,244,133
2025-04-24,239,106
2025-04-25,150,83
2025-04-26,122,50
2025-04-27,206,39
2025-04-28,289,117
2025-04-29,250,100
2025-04-30,161,67
2025-05-01,200,106
2025-05-02,139,78
2025-05-03,122,67
2025-05-04,150,72
2025-05-05,161,83
2025-05-06,250,83
2025-05-07,239,89
2025-05-08,144,50
2025-05-09,194,28
2025-05-10,228,78
2025-05-11,217,56
2025-05-12,267,89
2025-05-13,256,144
2025-05-14,267,133
2025-05-15,344,139
2025-05-16,311,156
2025-05-17,217,122
2025-05-18,178,72
2025-05-19,128,61
2025-05-20,133,89
2025-05-21,111,89
2025-05-22,139,78
2025-05-23,183,56
2025-05-24,189,67
2025-05-25,189,83
2025-05-26,194,78
2025-05-27,206,111
2025-05-28,172,128
2025-05-29,211,117
2025-05-30,228,117
2025-05-31,178,100
2025-06-01,211,78
2025-06-02,289,100
2025-06-03,317,200
2025-06-04,217,128
2025-06-05,222,122
2025-06-06,250,139
2025-06-07,250,122
2025-06-08,272,150
2025-06-09,217,128
2025-06-10,256,128
2025-06-11,333,178
2025-06-12,261,167
2025-06-13,217,150
2025-06-14,244,144
2025-06-15,278,139
2025-06-16,311,161
2025-06-17,333,217
2025-06-18,272,189
2025-06-19,294,183
2025-06-20,300,206
2025-06-21,344,256
2025-06-22,344,267
2025-06-23,350,261
2025-06-24,344,233
2025-06-25,317,217
2025-06-26,344,250
2025-06-27,306,222
2025-06-28,322,200
2025-06-29,344,228
2025-06-30,322,233
2025-07-01,306,211
2025-07-02,328,217
2025-07-03,350,222
2025-07-04,333,233
2025-07-05,344,244
2025-07-06,294,189
2025-07-07,283,183
2025-07-08,289,206
2025-07-09,294,206
2025-07-10,294,194
2025-07-11,322,211
2025-07-12,289,206
2025-07-13,272,194
2025-07-14,306,189
2025-07-15,328,211
2025-07-16,322,211
2025-07-17,222,144
2025-07-18,267,144
2025-07-19,283,228
2025-07-20,239,189
2025-07-21,278,172
2025-07-22,300,206
2025-07-23,344,222
2025-07-24,333,233
2025-07-25,283,228
2025-07-26,283,228
2025-07-27,311,228
2025-07-28,333,239
2025-07-29,339,211
2025-07-30,267,200
2025-07-31,244,178
2025-08-01,239,161
2025-08-02,256,150
2025-08-03,261,161
2025-08-04,272,172
2025-08-05,283,183
2025-08-06,306,183
2025-08-07,328,228
2025-08-08,333,233
2025-08-09,350,244
2025-08-10,317,250
2025-08-11,317,222
2025-08-12,294,222
2025-08-13,300,206
2025-08-14,289,189
2025-08-15,328,206
2025-08-16,350,228
2025-08-17,272,206
2025-08-18,306,217
2025-08-19,256,206
2025-08-20,244,189
2025-08-21,244,183
2025-08-22,272,172
2025-08-23,283,172
2025-08-24,228,150
2025-08-25,211,128
2025-08-26,233,122
2025-08-27,244,128
2025-08-28,250,156
2025-08-29,211,128
2025-08-30,233,161
2025-08-31,239,122
2025-09-01,250,144
2025-09-02,272,150
2025-09-03,222,128
2025-09-04,189,89
2025-09-05,194,117
2025-09-06,200,89
2025-09-07,206,83
2025-09-08,217,100
2025-09-09,244,117
2025-09-10,278,156
2025-09-11,250,167
2025-09-12,289,156
2025-09-13,256,178
2025-09-14,278,178
2025-09-15,283,183
2025-09-16,283,172
2025-09-17,283,161
2025-09-18,306,167
2025-09-19,317,194
2025-09-20,250,189
2025-09-21,283,194
2025-09-22,278,189
2025-09-23,256,189
2025-09-24,228,156
2025-09-25,250,144
2025-09-26,283,150
2025-09-27,306,172
2025-09-28,267,167
2025-09-29,317,167
2025-09-30,278,172
2025-10-01,244,172
2025-10-02,294,150
2025-10-03,317,178
2025-10-04,311,200
2025-10-05,289,183
2025-10-06,283,172
2025-10-07,189,117
2025-10-08,178,89
2025-10-09,178,72
2025-10-10,194,100
2025-10-11,189,83
2025-10-12,206,89
2025-10-13,200,128
2025-10-14,206,128
2025-10-15,161,128
2025-10-16,206,133
2025-10-17,233,139
2025-10-18,228,144
2025-10-19,150,78
2025-10-20,189,50
2025-10-21,128,78
2025-10-22,100,72
2025-10-23,117,33
2025-10-24,122,11
2025-10-25,133,22
2025-10-26,150,67
2025-10-27,139,72
2025-10-28,144,83
2025-10-29,139,67
2025-10-30,139,50
2025-10-31,117,44
2025-11-01,100,44
2025-11-02,117,50
2025-11-03,161,61
2025-11-04,167,44
2025-11-05,161,56
2025-11-06,150,17
2025-11-07,172,83
2025-11-08,89,33
2025-11-09,39,-33
2025-11-10,22,-39
2025-11-11,61,-39
2025-11-12,128,33
2025-11-13,122,17
2025-11-14,189,67
2025-11-15,217,94
2025-11-16,94,22
2025-11-17,83,-6
2025-11-18,67,44
2025-11-19,78,56
2025-11-20,89,56
2025-11-21,89,28
2025-11-22,89,0
2025-11-23,133,28
2025-11-24,106,17
2025-11-25,111,50
2025-11-26,50,-6
2025-11-27,11,-39
2025-11-28,0,-61
2025-11-29,-6,-39
2025-11-30,6,-78
2025-12-01,-11,-83
2025-12-02,-44,-83
2025-12-03,-11,-89
2025-12-04,-61,-139
2025-12-05,-11,-128
2025-12-06,0,-33
2025-12-07,-11,-89
2025-12-08,-33,-83
2025-12-09,33,-61
2025-12-10,44,-28
2025-12-11,-28,-50
2025-12-12,-6,-67
2025-12-13,-33,-167
2025-12-14,-122,-189
2025-12-15,-61,-161
2025-12-16,44,-83
2025-12-17,61,6
2025-12-18,106,-89
2025-12-19,-44,-122
2025-12-20,44,-44
2025-12-21,6,-89
2025-12-22,67,0
2025-12-23,122,11
2025-12-24,89,-11
2025-12-25,61,22
2025-12-26,83,39
2025-12-27,61,33
2025-12-28,133,-56
2025-12-29,-44,-100
2025-12-30,-39,-122
2025-12-31,17,-89
2026-01-01,-67,-117
2026-01-02,-44,-78
2026-01-03,-33,-67
2026-01-04,11,-61
2026-01-05,72,0
2026-01-06,72,11
2026-01-07,67,0
2026-01-08,156,50
2026-01-09,156,44
2026-01-10,44,-44
2026-01-11,11,-61
2026-01-12,61,-28
2026-01-13,111,11
2026-01-14,56,-83
2026-01-15,-44,-106
2026-01-16,28,-56
2026-01-17,-44,-111
2026-01-18,-78,-144
2026-01-19,-78,-183
2026-01-20,-44,-161
2026-01-21,-11,-61
2026-01-22,-33,-150
2026-01-23,-150,-239
2026-01-24,-144,-233
2026-01-25,-100,-150
2026-01-26,-122,-178
2026-01-27,-100,-150
2026-01-28,-83,-172
2026-01-29,-83,-172
2026-01-30,-78,-144
2026-01-31,-39,-117
2026-02-01,-22,-139
2026-02-02,-28,-61
2026-02-03,-17,-94
2026-02-04,-28,-94
2026-02-05,-6,-94
2026-02-06,33,-78
2026-02-07,-39,-111
2026-02-08,-11,-61
2026-02-09,33,-56
2026-02-10,94,-6
2026-02-11,56,-33
2026-02-12,44,-44
2026-02-13,122,-39
2026-02-14,106,-17
2026-02-15,156,-11
2026-02-16,183,17
2026-02-17,133,50
2026-02-18,172,83
2026-02-19,144,33
2026-02-20,78,-28
2026-02-21,-17,-39
2026-02-22,-28,-72
2026-02-23,-11,-78
2026-02-24,39,-67
2026-02-25,33,-39
2026-02-26,50,-72
2026-02-27,183,-22
2026-02-28,72,-28
2026-03-01,0,-44
2026-03-02,61,-44
2026-03-03,56,6
2026-03-04,78,0
2026-03-05,100,39
2026-03-06,189,56
2026-03-07,183,22
2026-03-08,167,6
2026-03-09,228,94
2026-03-10,167,33
2026-03-11,78,0
2026-03-12,72,-17
2026-03-13,83,0
2026-03-14,28,-22
2026-03-15,172,-11
2026-03-16,-11,-78
2026-03-17,-44,-100
2026-03-18,78,-50
2026-03-19,167,11
2026-03-20,222,44
2026-03-21,250,50
2026-03-22,206,-11
2026-03-23,61,-22
2026-03-24,111,-11
2026-03-25,217,56
2026-03-26,222,0
2026-03-27,78,-11
2026-03-28,89,-44
2026-03-29,172,50
2026-03-30,272,100
2026-03-31,200,39
