t,kind,oid,side,price,qty
0.0,A,1,1,10000,200
0.0,A,2,1,10000,300
0.0,A,3,1,10000,200
0.0,A,4,-1,10001,100
0.0,A,5,-1,10001,100
0.0,A,6,-1,10001,100
0.0,A,7,1,9999,100
0.0,A,8,1,9999,400
0.0,A,9,1,9999,100
0.0,A,10,-1,10002,100
0.0,A,11,-1,10002,100
0.0,A,12,-1,10002,100
0.0,A,13,1,9998,100
0.0,A,14,1,9998,200
0.0,A,15,1,9998,100
0.0,A,16,-1,10003,100
0.0,A,17,-1,10003,100
0.0,A,18,-1,10003,300
0.0,A,19,1,9997,100
0.0,A,20,1,9997,200
0.0,A,21,1,9997,200
0.0,A,22,-1,10004,100
0.0,A,23,-1,10004,300
0.0,A,24,-1,10004,200
0.0,A,25,1,9996,300
0.0,A,26,1,9996,100
0.0,A,27,1,9996,200
0.0,A,28,-1,10005,200
0.0,A,29,-1,10005,200
0.0,A,30,-1,10005,300
0.0,A,31,1,9995,100
0.0,A,32,1,9995,200
0.0,A,33,1,9995,300
0.0,A,34,-1,10006,100
0.0,A,35,-1,10006,400
0.0,A,36,-1,10006,100
0.0,A,37,1,9994,300
0.0,A,38,1,9994,100
0.0,A,39,1,9994,600
0.0,A,40,-1,10007,200
0.0,A,41,-1,10007,100
0.0,A,42,-1,10007,100
0.0,A,43,1,9993,200
0.0,A,44,1,9993,200
0.0,A,45,1,9993,100
0.0,A,46,-1,10008,500
0.0,A,47,-1,10008,100
0.0,A,48,-1,10008,100
0.0,A,49,1,9992,300
0.0,A,50,1,9992,400
0.0,A,51,1,9992,200
0.0,A,52,-1,10009,100
0.0,A,53,-1,10009,100
0.0,A,54,-1,10009,200
0.0,A,55,1,9991,100
0.0,A,56,1,9991,100
0.0,A,57,1,9991,100
0.0,A,58,-1,10010,100
0.0,A,59,-1,10010,300
0.0,A,60,-1,10010,300
0.023637704600227478,A,61,1,9994,300
0.1033975213517065,A,62,-1,10001,100
0.11238551173571212,A,63,-1,10003,100
0.17404901976067466,A,64,1,10000,300
0.19581420061521443,X,27,1,9996,200
0.2603170463518316,A,65,-1,10010,100
0.3388100422473763,A,66,-1,10006,200
0.38555128799140115,A,67,-1,10005,100
0.3934492509452708,A,68,1,9994,400
0.48333032532588616,A,69,1,9993,100
0.4897235145436633,X,25,1,9996,300
0.50620859045019,X,57,1,9991,100
0.5127727519209004,A,70,1,9994,100
0.5205763026386929,A,71,1,9993,100
0.5637995134749857,A,72,1,10000,100
0.6054845823204433,A,73,-1,10002,200
0.6091858629473826,A,74,1,9993,200
0.6154575510112162,A,75,1,9995,200
0.6282414061336233,A,76,-1,10002,100
0.6787380529501914,X,38,1,9994,100
0.7108480757121511,A,77,1,9995,100
0.8860578940465862,A,78,1,9991,100
0.9006767212154986,A,79,1,9999,100
0.9544647172051207,A,80,1,9992,200
1.0746854752647454,A,81,1,9996,100
1.1301085731365519,A,82,1,9992,100
1.1620735975518977,X,31,1,9995,100
1.272248015466926,A,83,-1,10001,200
1.2905426867580625,A,84,-1,10001,300
1.3371400784222807,A,85,-1,10005,100
1.3662239039747839,A,86,1,9997,300
1.4060029652360508,X,30,-1,10005,300
1.4870767585672047,A,87,-1,10001,200
1.5080411090365444,A,88,1,9994,600
1.5526135150838953,A,89,-1,10003,100
1.5556599454446198,A,90,-1,10004,300
1.578882048297724,A,91,-1,10003,100
1.5892414689197967,A,92,-1,10004,200
1.6093278420457893,A,93,1,9999,100
1.688397574211798,A,94,1,9997,300
1.7275752601660435,A,95,1,9999,200
1.8665791770790414,A,96,-1,10006,100
1.946855215053184,A,97,-1,10002,200
2.0400785394784706,A,98,1,9992,100
2.0529903988548526,A,99,1,9997,300
2.125205979269505,A,100,1,10000,200
2.224500590406743,X,70,1,9994,100
2.2701825438355083,A,101,1,9995,200
2.338938865161935,A,102,1,10000,100
2.3591087765639607,A,103,-1,10008,100
2.3663320299766006,A,104,-1,10004,100
2.3943790408009207,A,105,1,9997,100
2.4104826996680075,X,1,1,10000,200
2.452930550716819,X,21,1,9997,200
2.4575656914757067,A,106,-1,10006,100
2.4804773636576787,A,107,-1,10006,200
2.4850681670497816,A,108,-1,10007,500
2.4869356220173526,X,54,-1,10009,200
2.5239665645726497,A,109,1,9996,100
2.591978328539026,A,110,-1,10007,200
2.6654821211459097,A,111,-1,10005,200
2.6760872170226473,X,64,1,10000,300
2.6800788902643333,E,2,1,10000,100
2.8504063569552027,A,112,1,9998,100
2.8545304869448853,X,39,1,9994,600
2.892412910776193,A,113,1,9997,100
2.920195479483889,A,114,-1,10007,400
2.9205122291616017,A,115,-1,10005,100
2.9367901134181396,A,116,-1,10004,100
3.053422127007416,A,117,-1,10004,100
3.0712433883655264,A,118,1,9994,100
3.1140792578551775,X,66,-1,10006,200
3.1341161506379294,A,119,1,9993,100
3.2601893480230024,A,120,-1,10001,400
3.344197293732795,X,100,1,10000,200
3.4830251375107295,A,121,1,9998,100
3.55785149422647,X,104,-1,10004,100
3.6048629634690794,A,122,1,10000,100
3.622314592063586,A,123,-1,10010,200
3.6772584603047753,A,124,1,10000,100
3.6937516915368125,A,125,1,10000,100
3.7230059427417617,X,2,1,10000,200
3.724428258497891,A,126,1,9999,200
3.8918044201692847,A,127,-1,10008,100
3.9230753583133087,A,128,1,10000,300
4.0454465844260605,A,129,1,9998,200
4.114185739792216,A,130,-1,10003,100
4.131948087271914,A,131,1,9997,100
4.172840370194506,A,132,1,9999,300
4.214301952350797,X,76,-1,10002,100
4.243234977862988,A,133,-1,10005,100
4.265186840230115,A,134,1,9994,300
4.295324971284418,A,135,1,9997,300
4.329845164796132,A,136,-1,10001,100
4.418148685937761,A,137,-1,10003,200
4.553569761650103,A,138,-1,10001,100
4.561427482720304,A,139,-1,10007,700
4.653798861159212,A,140,1,9998,100
4.735699760395734,X,63,-1,10003,100
4.769549243409076,A,141,-1,10005,100
4.83045915430268,X,112,1,9998,100
4.840437432241086,X,128,1,10000,300
4.9045938702337875,A,142,1,9996,100
5.004732624179823,X,85,-1,10005,100
5.008259624108892,A,143,-1,10005,100
5.096010823000464,X,124,1,10000,100
5.140500450155042,X,102,1,10000,100
5.151307153877712,A,144,-1,10001,100
5.1981943965254365,E,3,1,10000,200
5.1981943965254365,E,72,1,10000,100
5.1981943965254365,E,122,1,10000,100
5.230432597003088,A,145,1,9994,100
5.307110313338307,A,146,-1,10002,100
5.314262576586832,X,40,-1,10007,200
5.337704182799369,E,125,1,10000,100
5.3436197468899405,A,147,-1,10009,100
5.424544538422959,A,148,1,9999,300
5.437494640884509,A,149,1,9994,200
5.448634725796667,X,36,-1,10006,100
5.452011503786206,X,29,-1,10005,200
5.465985963031009,A,150,-1,10001,100
5.466048093631139,X,65,-1,10010,100
5.571786132718047,A,151,-1,10000,100
5.604270683728074,A,152,1,9996,100
5.669549557827686,A,153,1,9996,200
5.712255811962687,A,154,1,9995,600
5.76075161770883,A,155,-1,10003,100
5.779444215419697,A,156,-1,10004,200
5.835392200336574,A,157,-1,10008,400
5.846182459473122,E,7,1,9999,100
5.848139286873967,A,158,-1,10004,300
5.8984046505818535,A,159,-1,10004,200
5.904818154191147,A,160,1,9993,200
5.959000006166331,X,114,-1,10007,400
5.961351422430613,X,138,-1,10001,100
5.972128025554949,A,161,1,9995,200
6.01435813535657,X,22,-1,10004,100
6.041241839285824,A,162,-1,10001,300
6.094355199713479,A,163,1,9994,300
6.149319401644959,X,151,-1,10000,100
6.211655393057796,X,18,-1,10003,300
6.2714161709989655,A,164,-1,10000,100
6.28237755736478,A,165,-1,10001,100
6.307201632341449,X,11,-1,10002,100
6.396037740436319,A,166,-1,10001,100
6.465588975187763,A,167,1,9998,100
6.554122442174201,X,91,-1,10003,100
6.6469902543535575,A,168,-1,10001,100
6.7112874146984645,A,169,1,9993,100
6.758672208874728,E,8,1,9999,200
6.770939452041837,X,81,1,9996,100
6.773551963520833,A,170,-1,10000,100
6.7941160571052945,A,171,1,9997,200
6.883905931654971,A,172,-1,10009,100
6.917335332620135,X,107,-1,10006,200
6.943205732216222,X,44,1,9993,200
6.987071944038628,A,173,1,9999,100
7.017916987706824,A,174,-1,10001,700
7.036318557209704,A,175,1,9992,300
7.072155297595529,A,176,1,9996,100
7.08562636100287,A,177,1,9997,100
7.092356267079389,A,178,1,9997,100
7.133287857598827,A,179,-1,10000,100
7.13883994627397,A,180,-1,10004,100
7.14038438506412,X,86,1,9997,300
7.180486137787028,X,47,-1,10008,100
7.200639811852005,X,173,1,9999,100
7.222903278561898,E,164,-1,10000,100
7.222903278561898,E,170,-1,10000,100
7.227785896864272,A,181,1,9999,100
7.241951074264276,A,182,-1,10006,100
7.290553390499922,E,179,-1,10000,100
7.295251203888502,A,183,1,10000,100
7.302275142894791,A,184,1,9997,100
7.364279208345092,X,32,1,9995,200
7.449309623688239,A,185,-1,10001,100
7.596309046400537,X,48,-1,10008,100
7.604239257029699,A,186,1,9993,100
7.671403996198444,A,187,1,9992,100
7.690503632041433,X,177,1,9997,100
7.711405319888996,X,149,1,9994,200
7.727424377538839,X,182,-1,10006,100
7.755959310066354,A,188,1,10000,200
7.769945865638713,A,189,-1,10003,200
7.841388112833579,A,190,-1,10010,200
7.854360615147993,A,191,-1,10001,100
7.932263593383113,X,188,1,10000,200
7.9597010529149435,X,17,-1,10003,100
8.020794658888066,X,10,-1,10002,100
8.167549841106187,X,144,-1,10001,100
8.16786388941414,A,192,-1,10003,200
8.168847619657239,X,152,1,9996,100
8.1791293201637,A,193,-1,10003,100
8.310548812396647,E,4,-1,10001,100
8.33917927151617,X,8,1,9999,200
8.389492872208246,X,190,-1,10010,200
8.428042484638054,A,194,1,9991,400
8.504848528416554,A,195,-1,10002,400
8.535105833837077,A,196,1,9997,100
8.564606319259312,A,197,1,9998,100
8.568495724108475,E,5,-1,10001,100
8.588993457117201,A,198,1,9999,100
8.651580773797118,A,199,-1,10005,100
8.655218933408682,A,200,1,10000,100
8.675966849039273,A,201,1,9994,200
8.68571478887058,A,202,1,9996,100
8.743132763889678,X,56,1,9991,100
8.74852206778914,E,6,-1,10001,100
8.800108499178094,A,203,1,10000,100
8.822975077338747,A,204,-1,10004,400
8.82882082718164,X,101,1,9995,200
8.941869344732748,A,205,-1,10001,300
8.973242676765592,A,206,-1,10002,200
9.009125723930064,A,207,1,10000,100
9.009708411904649,A,208,1,9993,400
9.039316584434658,X,73,-1,10002,200
9.11637611361297,E,62,-1,10001,100
9.128886913882798,X,147,-1,10009,100
9.130130106207124,X,200,1,10000,100
9.180530286144338,A,209,1,9999,200
9.279423378108472,A,210,1,10000,500
9.32733154895187,X,207,1,10000,100
9.34095922398968,A,211,-1,10002,400
9.359376141498803,A,212,1,10000,100
9.36199594247846,X,209,1,9999,200
9.550900581519377,X,183,1,10000,100
9.621946879699992,A,213,-1,10007,100
9.648639886916245,A,214,-1,10001,300
9.706451350525256,X,52,-1,10009,100
9.796867634927064,E,203,1,10000,100
9.796867634927064,E,210,1,10000,100
9.800685079214551,A,215,-1,10003,100
9.812890617873949,X,212,1,10000,100
9.865935951540093,A,216,-1,10002,200
9.878305173442069,X,103,-1,10008,100
9.914965054943252,X,37,1,9994,300
9.918500699529313,X,43,1,9993,200
9.943254528124886,A,217,1,9996,300
10.129751100926137,A,218,-1,10007,100
10.13820063765272,A,219,1,9992,300
10.138754682568688,A,220,1,9995,200
10.176166969069234,A,221,1,9997,100
10.191647378095267,A,222,-1,10004,100
10.298728095447194,A,223,1,9999,100
10.312332850666255,A,224,-1,10001,100
10.373593449591311,A,225,1,9992,200
10.38256007783433,X,9,1,9999,100
10.444775440882804,X,71,1,9993,100
10.458148799577195,A,226,1,9999,200
10.485814153885627,A,227,1,9996,200
10.496725309311524,X,42,-1,10007,100
10.524077865491536,A,228,1,9994,400
10.526189744646734,A,229,1,10000,100
10.595053109842782,X,150,-1,10001,100
10.605424740669577,A,230,1,10000,200
10.69642647733391,A,231,1,9999,200
10.702435947991178,X,186,1,9993,100
10.801823404021475,A,232,-1,10006,100
10.815486592677573,X,229,1,10000,100
10.84345673344107,A,233,1,9996,200
10.849558748336406,X,208,1,9993,400
10.851196202202082,A,234,1,9996,400
10.877253737454307,A,235,1,9999,100
10.879648839404705,A,236,1,10000,100
10.884500703057359,X,19,1,9997,100
10.907971451780966,A,237,-1,10006,300
11.083760721448252,X,187,1,9992,100
11.085953570668524,A,238,1,9999,400
11.092504162974816,A,239,-1,10002,100
11.123655240633653,A,240,-1,10007,200
11.184372911476375,A,241,1,10000,300
11.1962686053293,A,242,1,9991,100
11.208557139115108,X,230,1,10000,200
11.237631892617884,A,243,-1,10001,200
11.296804460462816,A,244,1,9993,100
11.31480277361279,A,245,-1,10002,200
11.361592067180787,A,246,1,9996,100
11.394200717520748,A,247,-1,10008,100
11.429298969696045,A,248,-1,10003,200
11.468227980021721,A,249,-1,10003,400
11.484369018188094,E,83,-1,10001,200
11.541407515360504,A,250,1,9992,100
11.583834061539848,A,251,1,9999,300
11.586063594158546,X,210,1,10000,400
11.623813411281631,A,252,-1,10001,100
11.673562225817143,X,236,1,10000,100
11.740219266852844,A,253,-1,10001,200
11.762322926191183,A,254,1,9999,200
11.788640146098372,A,255,1,9997,500
11.811404389476673,A,256,-1,10001,200
11.869569206749034,A,257,-1,10001,400
11.879969535624296,A,258,1,9999,100
11.892761113449017,A,259,-1,10001,100
11.92548427939001,X,241,1,10000,300
11.970719504901243,A,260,-1,10001,500
11.981882623022,A,261,1,9994,100
12.033205020535977,A,262,-1,10000,300
12.048461158511548,X,238,1,9999,400
12.134861654505887,A,263,1,9996,200
12.263906043194412,A,264,-1,10001,100
12.291775145680235,X,232,-1,10006,100
12.373930562512168,X,231,1,9999,200
12.409708559113067,A,265,-1,10002,300
12.409768430897994,A,266,1,9993,800
12.424434831992691,A,267,1,9992,200
12.448917135883566,A,268,-1,10007,100
12.478479749248205,A,269,1,9995,100
12.513690148646118,A,270,1,9995,200
12.560271845937992,A,271,1,9999,100
12.604462876018276,A,272,1,9999,200
12.692361340850693,A,273,1,9997,300
12.731264882215754,A,274,-1,10002,100
12.774910945375897,X,198,1,9999,100
12.862903701157308,A,275,1,9999,200
12.99361406122786,X,259,-1,10001,100
13.03336358067639,A,276,-1,10002,100
13.055654078784926,A,277,1,9999,200
13.088591455119323,A,278,-1,10002,100
13.117318272822313,X,133,-1,10005,100
13.122675064436653,A,279,1,9990,400
13.132730394069156,X,267,1,9992,200
13.242781955422064,X,90,-1,10004,300
13.408486707195754,A,280,-1,10004,200
13.437114309460748,A,281,1,9998,300
13.454307430340457,A,282,-1,10000,100
13.493679890493057,A,283,-1,10000,200
13.522725901531775,X,50,1,9992,400
13.55656724929328,A,284,-1,10002,100
13.658616681027118,X,181,1,9999,100
13.694626085903385,A,285,-1,10001,100
13.740497240304695,X,51,1,9992,200
13.796274087276132,A,286,1,9993,200
13.879366899541045,A,287,1,9996,100
13.973752058569447,X,215,-1,10003,100
14.004793819730573,A,288,1,9996,100
14.024946912099677,A,289,1,9997,400
14.060184254918509,A,290,-1,10001,100
14.110779436168524,X,157,-1,10008,400
14.17094344509191,A,291,1,9996,100
14.19327978352617,X,53,-1,10009,100
14.4758924465671,X,270,1,9995,200
14.495644527635205,A,292,-1,10004,100
14.49713471841288,X,233,1,9996,200
14.512115052760715,X,137,-1,10003,200
14.530459075150999,X,289,1,9997,400
14.604838683801962,A,293,-1,10001,200
14.65850722616515,A,294,1,9997,100
14.832162879603581,X,254,1,9999,200
14.923777584102908,A,295,1,9999,100
14.964856800608443,A,296,-1,10003,100
14.990285561191582,A,297,1,9998,100
15.103902710467132,A,298,-1,10003,100
15.105747307398282,X,260,-1,10001,500
15.129361092191683,X,109,1,9996,100
15.325817057853941,A,299,-1,10007,200
15.34276397153537,X,92,-1,10004,200
15.402534243932768,X,252,-1,10001,100
15.415473547198465,A,300,1,9999,100
15.456055635353191,X,292,-1,10004,100
15.476858137257457,A,301,1,9999,100
15.502106156625318,A,302,1,9992,200
15.529731162546778,A,303,-1,10000,200
15.600489867856838,A,304,1,9994,100
15.606659057798353,A,305,-1,10007,200
15.65866441257812,A,306,1,9995,100
15.673556506240722,A,307,-1,10005,300
15.72345767766216,X,23,-1,10004,300
15.753422644783624,A,308,-1,10007,100
15.844937774127443,A,309,-1,10007,500
15.903907691808312,A,310,1,9992,300
15.97893972560251,X,59,-1,10010,300
16.069996392145335,A,311,1,9996,100
16.086530873536653,A,312,1,9994,200
16.171560017824756,X,94,1,9997,300
16.20967545642997,A,313,1,9998,100
16.20981483687801,A,314,1,9990,300
16.228261050901676,A,315,1,9990,300
16.239253236237072,X,158,-1,10004,300
16.26082596361982,A,316,-1,10008,100
16.2701638470569,X,262,-1,10000,300
16.291391094775488,X,219,1,9992,300
16.301832951170304,X,269,1,9995,100
16.3020215174281,X,185,-1,10001,100
16.30293585636674,X,193,-1,10003,100
16.351782797191387,X,15,1,9998,100
16.357265295552462,X,245,-1,10002,200
16.373299311942215,A,317,-1,10008,300
16.393995207456697,A,318,1,9996,500
16.450851362044457,X,93,1,9999,100
16.482274385650786,A,319,1,9990,100
16.608276599693337,A,320,-1,10001,300
16.614896940142742,X,153,1,9996,200
16.624955161493144,A,321,1,9997,100
16.658436885132122,X,258,1,9999,100
16.68818672306885,A,322,-1,10001,100
16.716432931896794,E,79,1,9999,100
16.718710194476046,A,323,1,9998,100
16.771516358052146,A,324,-1,10003,400
16.79765007991287,A,325,-1,10005,200
16.804439304370998,X,105,1,9997,100
16.81172179437773,A,326,-1,10001,100
16.82630700072657,A,327,-1,10002,300
16.873693029718357,A,328,-1,10003,100
16.889038534536507,A,329,1,9992,100
16.906070476394163,A,330,-1,10003,100
16.93212538459166,A,331,1,9993,100
16.93232862854329,X,194,1,9991,400
16.956384025370923,A,332,1,9999,300
16.96204901126156,X,167,1,9998,100
16.99475203475046,A,333,1,9998,200
17.04998715865125,A,334,1,9996,300
17.159932634279542,A,335,1,9993,100
17.169698071378896,X,88,1,9994,600
17.20511299675334,A,336,1,9998,100
17.256228049465168,A,337,-1,10003,100
17.257287952567978,A,338,-1,10005,200
17.285194625635558,A,339,-1,10000,400
17.29750241205725,A,340,1,9991,200
17.313605923992483,A,341,1,9998,200
17.365556309659677,A,342,1,9992,200
17.37195219718498,X,192,-1,10003,200
17.459433194728526,A,343,-1,10003,200
17.470034869152254,A,344,-1,10004,200
17.501045007117597,X,162,-1,10001,300
17.506164132930834,X,307,-1,10005,300
17.506265129181443,X,146,-1,10002,100
17.517785613141733,X,298,-1,10003,100
17.571634402552597,E,95,1,9999,100
17.574794760430034,A,345,-1,10006,400
17.605368408803713,A,346,1,9996,300
17.782041108452674,A,347,-1,10002,600
17.802348974621157,A,348,-1,10009,100
17.935040805479165,A,349,-1,10004,100
17.953998255629422,A,350,-1,10001,100
17.99996437935591,X,319,1,9990,100
18.01369549818161,A,351,1,9999,400
18.151819631621432,A,352,1,9995,100
18.174621281634835,X,263,1,9996,200
18.309838663322584,X,271,1,9999,100
18.32436887353501,A,353,-1,10002,700
18.407029546566235,A,354,1,9996,100
18.467678290241132,X,89,-1,10003,100
18.49292906354222,X,156,-1,10004,200
18.55210298251892,X,139,-1,10007,700
18.558086591361505,A,355,-1,10000,200
18.5721597930697,A,356,-1,10000,400
18.585761555036953,A,357,-1,10000,300
18.630096952391057,X,99,1,9997,300
18.633921398082183,A,358,1,9990,100
18.643447362796763,A,359,-1,10008,100
18.685656556681312,X,58,-1,10010,100
18.754725814171987,A,360,-1,10005,100
18.774726443964912,A,361,1,9999,600
18.7980238189358,A,362,-1,10004,200
18.873990592822313,A,363,-1,10001,100
18.875948103002848,A,364,-1,10006,700
18.904738042885782,A,365,1,9995,100
19.016157354859637,X,316,-1,10008,100
19.040850724945464,A,366,-1,10006,200
19.05222277364031,X,228,1,9994,400
19.203296593129657,X,130,-1,10003,100
19.220224479300434,X,80,1,9992,200
19.231006278710474,X,111,-1,10005,200
19.26247737743954,A,367,-1,10004,100
19.265142934825477,X,280,-1,10004,200
19.27140031865765,X,119,1,9993,100
19.313758013731693,A,368,-1,10009,200
19.326266027093826,X,98,1,9992,100
19.40967062061296,X,261,1,9994,100
19.4396131864164,A,369,-1,10000,100
19.50043223461665,X,328,-1,10003,100
19.55803888670453,A,370,1,9997,100
19.579705239698082,A,371,-1,10001,100
19.65038435611544,X,361,1,9999,600
19.677518488030817,A,372,-1,10001,100
19.69355100989391,A,373,-1,10002,100
19.71284483683339,A,374,-1,10008,300
19.732819027590573,A,375,1,9997,100
19.73299306299122,A,376,1,9999,500
19.745819834267262,A,377,-1,10000,100
19.848105530523924,A,378,-1,10001,200
19.907798515050544,A,379,1,9999,200
19.97280895675865,A,380,-1,10002,100
19.977762390316983,X,121,1,9998,100
20.017556563198255,A,381,-1,10008,100
20.017618014526704,A,382,-1,10003,200
20.11383849610288,X,249,-1,10003,400
20.141862305011124,X,352,1,9995,100
20.154617913136242,A,383,-1,10000,100
20.171944601583014,A,384,1,9997,100
20.28233891634981,X,290,-1,10001,100
20.31632128668179,A,385,1,9995,100
20.3174575548834,X,218,-1,10007,100
20.445768619690813,A,386,1,9997,100
20.456015525579335,A,387,1,9998,300
20.46878852779688,A,388,-1,10002,100
20.5330191791914,A,389,-1,10004,100
20.590620930282622,A,390,1,9992,200
20.625948720292833,A,391,1,9997,100
20.63337561651875,A,392,-1,10007,300
20.66586833096418,A,393,1,9997,200
20.77847822026821,A,394,-1,10009,400
20.79491655223958,A,395,-1,10000,100
20.795159812408798,A,396,1,9997,100
20.84199726541622,X,299,-1,10007,200
20.903863406764213,A,397,-1,10001,100
20.927902571987243,X,395,-1,10000,100
20.936617013432585,A,398,1,9999,200
20.945187845034937,A,399,1,9997,100
20.96522463373685,A,400,1,9994,100
21.02913469938786,A,401,1,9998,200
21.07750828598921,A,402,-1,10002,200
21.07965520918376,A,403,1,9998,200
21.097166319128185,A,404,-1,10008,300
21.208596382846792,A,405,1,9996,200
21.221128476120317,A,406,-1,10000,100
21.22938644092287,A,407,-1,10002,100
21.270565035802452,X,306,1,9995,100
21.317590199800975,A,408,1,9992,200
21.319138560282315,X,97,-1,10002,200
21.37124604630098,A,409,-1,10000,100
21.43951855398451,A,410,-1,10000,300
21.455902240843944,A,411,1,9991,100
21.5300391505557,A,412,1,9999,100
21.53475990233562,A,413,1,9991,100
21.536249366686487,A,414,1,9998,100
21.58889501417176,A,415,-1,10005,200
21.675378953983977,X,325,-1,10005,200
21.698852765550896,X,281,1,9998,300
21.80826946659714,X,390,1,9992,200
21.809733105866204,X,406,-1,10000,100
21.81645163646245,A,416,1,9994,100
21.8201522421633,A,417,-1,10000,100
21.847690490350782,A,418,1,9996,100
21.933914954966117,A,419,1,9998,400
22.074251041897902,X,226,1,9999,200
22.08821066556546,X,416,1,9994,100
22.136953323582123,X,300,1,9999,100
22.230487580076502,X,197,1,9998,100
22.328664040886043,X,16,-1,10003,100
22.359207432086013,A,420,1,9996,100
22.42737452179663,A,421,1,9992,500
22.467160721267387,A,422,1,9997,200
22.4820851100784,A,423,-1,10006,200
22.57739701070849,X,286,1,9993,200
22.608064457608023,X,20,1,9997,200
22.63910977935753,A,424,-1,10008,100
22.639801215060626,A,425,1,9997,100
22.66113987072013,A,426,-1,10009,100
22.71148442599271,A,427,1,9995,300
22.719405740640003,A,428,1,9994,200
22.82779463473269,X,322,-1,10001,100
22.83832149479592,X,313,1,9998,100
22.857244859354637,A,429,-1,10004,800
22.858508854176154,A,430,-1,10004,100
22.893852812055595,A,431,1,9993,100
22.923820349538396,A,432,1,9996,300
22.96425453122508,A,433,-1,10005,200
23.15303236583356,A,434,1,9995,100
23.24776632029977,A,435,1,9999,400
23.27976742560898,X,424,-1,10008,100
23.324627631615037,X,129,1,9998,200
23.37651981859708,A,436,1,9993,100
23.40730515412576,A,437,1,9992,200
23.558403909523904,X,253,-1,10001,200
23.586857838882302,A,438,1,9999,400
23.678360947256735,X,175,1,9992,300
23.699954590401326,X,387,1,9998,300
23.707888879677675,A,439,1,9996,200
23.70817391083358,A,440,-1,10005,100
23.751423415769533,A,441,-1,10005,100
23.75554278124785,A,442,-1,10001,200
23.762012871148205,X,310,1,9992,300
23.76740008267354,X,418,1,9996,100
23.783113903332765,A,443,-1,10003,1000
23.808251325547758,A,444,-1,10007,200
23.89672533446865,X,291,1,9996,100
23.914879049623046,X,234,1,9996,400
23.955136672981144,X,357,-1,10000,300
23.964175067236024,X,407,-1,10002,100
24.018521260777483,X,414,1,9998,100
24.05694612699379,A,445,1,9990,100
24.074812728939563,A,446,1,9996,700
24.185851597742122,X,221,1,9997,100
24.190704704040066,X,268,-1,10007,100
24.19252521885768,X,178,1,9997,100
24.21800223099176,A,447,-1,10007,100
24.30725022497846,X,341,1,9998,200
24.41762780960942,A,448,1,9991,100
24.422279217950177,X,440,-1,10005,100
24.423655611833993,A,449,1,9998,100
24.465877693229245,X,368,-1,10009,200
24.52240254959401,A,450,-1,10001,100
24.52844906633774,X,110,-1,10007,200
24.531971013119865,A,451,1,9998,100
24.55232788137147,X,354,1,9996,100
24.579571317752215,A,452,-1,10001,300
24.586626435264407,X,293,-1,10001,200
24.655238552559037,X,385,1,9995,100
24.689413845576105,X,257,-1,10001,400
24.77045852190164,A,453,-1,10002,600
24.829541349369414,A,454,1,9995,200
25.013088876793447,X,154,1,9995,600
25.085868078285376,A,455,-1,10003,500
25.101546869400536,A,456,1,9997,100
25.141660982723693,A,457,-1,10008,200
25.15008574735923,A,458,-1,10002,100
25.17572861173133,A,459,-1,10003,200
25.193913477673117,A,460,1,9997,200
25.23062840048036,X,278,-1,10002,100
25.24285075100841,A,461,-1,10005,200
25.258112317526628,X,358,1,9990,100
25.35956368156956,X,438,1,9999,400
25.359956550699764,A,462,1,9999,300
25.450423668132583,A,463,-1,10004,100
25.481798665236727,E,282,-1,10000,100
25.547976870804302,E,95,1,9999,100
25.547976870804302,E,126,1,9999,200
25.55147475624243,E,132,1,9999,200
25.561800772432886,A,464,1,9998,400
25.564518958941466,A,465,-1,10002,200
25.57607844933503,X,405,1,9996,200
25.643936531965558,E,283,-1,10000,200
25.645167784301435,A,466,1,9990,200
25.778824997200168,X,41,-1,10007,100
25.81408678309595,X,435,1,9999,400
25.82254188711662,A,467,1,9999,100
25.83527755870359,A,468,1,9992,300
25.83875772629437,E,303,-1,10000,100
25.943526021431854,X,461,-1,10005,200
25.957136281615245,A,469,-1,10002,200
25.97138409332749,X,250,1,9992,100
25.972718809805485,A,470,1,9995,200
26.00347668063746,X,220,1,9995,200
26.013505606434272,X,400,1,9994,100
26.047870064100174,A,471,-1,10001,200
26.077109832678875,A,472,-1,10001,100
26.0802894736875,A,473,-1,10002,200
26.096379403648125,E,303,-1,10000,100
26.108930746681654,A,474,-1,10000,100
26.111309870123772,A,475,1,9997,100
26.155314143996254,A,476,1,9996,400
26.16514496055777,A,477,1,9993,200
26.201184253387517,A,478,1,9999,500
26.34199831219934,A,479,1,9997,300
26.372340279388435,X,346,1,9996,300
26.39440369120617,X,452,-1,10001,300
26.460839161768835,A,480,1,9999,100
26.485331430113472,X,410,-1,10000,300
26.509510128568905,A,481,1,9999,300
26.580269227158144,A,482,-1,10004,200
26.594472304128235,A,483,1,9998,200
26.60762473352223,A,484,1,9997,100
26.612974148035253,X,473,-1,10002,200
26.68007156070763,X,223,1,9999,100
26.71082163420383,X,163,1,9994,300
26.728279447906505,X,329,1,9992,100
26.750942858781002,X,256,-1,10001,200
26.752272847501075,X,243,-1,10001,200
26.770863227806114,A,485,1,9991,100
26.777140812792567,A,486,1,9999,100
26.78376190132327,X,45,1,9993,100
26.792023809399215,A,487,1,9997,100
26.803857680887567,A,488,-1,10003,100
26.810383820574554,X,279,1,9990,400
26.87066557380751,X,248,-1,10003,200
26.87699742909598,X,332,1,9999,300
26.8845516991134,X,67,-1,10005,100
26.912822242959653,X,482,-1,10004,200
26.933748447325083,A,489,1,9999,100
26.975751564296402,A,490,-1,10007,100
27.016855573023456,X,384,1,9997,100
27.044754659341894,A,491,1,9999,100
27.057837063651146,A,492,-1,10006,100
27.090087335371187,A,493,-1,10004,200
27.151963288568265,X,351,1,9999,400
27.172918808076346,A,494,1,9999,100
27.216357097943266,X,265,-1,10002,300
27.258919773768092,X,224,-1,10001,100
27.290849202221576,A,495,-1,10000,100
27.32062259365961,A,496,1,9990,100
27.346386596539933,X,135,1,9997,300
27.36189351911451,A,497,1,9999,100
27.390980915425263,A,498,-1,10004,400
27.396056953968262,A,499,-1,10007,100
27.412008524748277,X,343,-1,10003,200
27.414461173130608,A,500,-1,10002,100
27.41882410833347,A,501,-1,10001,100
27.45408785617369,A,502,-1,10001,300
27.528762528911344,X,472,-1,10001,100
27.64501801536676,X,386,1,9997,100
27.672052890400366,A,503,1,9995,100
27.739455503249683,X,174,-1,10001,700
27.744870865270546,X,359,-1,10008,100
27.80297705260791,A,504,1,9997,100
27.814512405304885,A,505,1,9998,100
27.831432971603462,A,506,1,9997,100
27.849398612121377,A,507,-1,10003,100
27.944540257813653,X,362,-1,10004,200
27.94680605204177,X,402,-1,10002,200
27.95700753212613,A,508,1,9999,100
27.99964359935505,A,509,1,9991,100
28.013928377217326,X,412,1,9999,100
28.015585560272523,A,510,1,9995,100
28.049434556192175,A,511,-1,10002,100
28.051389679205084,A,512,1,9997,200
28.059020479603117,A,513,-1,10006,100
28.187204776239692,A,514,-1,10004,100
28.20259182919058,X,501,-1,10001,100
28.23225371732245,A,515,1,9993,300
28.233372640807897,X,439,1,9996,200
28.283461451909684,X,123,-1,10010,200
28.30971189010081,A,516,1,9996,400
28.366692000414492,X,171,1,9997,200
28.382758833098265,A,517,1,9998,100
28.40087435725262,X,140,1,9998,100
28.42673371500979,A,518,-1,10002,200
28.5015997645685,X,479,1,9997,300
28.505199710697752,A,519,-1,10002,300
28.535398741621595,A,520,1,9998,100
28.542974466831144,X,510,1,9995,100
28.628045305270962,A,521,1,9994,100
28.630723631916307,A,522,1,9994,400
28.64958127491675,A,523,-1,10000,400
28.65489269235813,A,524,-1,10005,100
28.701993923481588,X,408,1,9992,200
28.81105119629216,A,525,-1,10004,100
28.815104309494707,A,526,1,9999,100
28.871072116246495,X,82,1,9992,100
29.049935688847167,X,468,1,9992,300
29.05136251203942,X,447,-1,10007,100
29.067468178930874,X,297,1,9998,100
29.067851855331078,A,527,-1,10006,100
29.110650419935645,A,528,-1,10001,600
29.147200525233586,X,222,-1,10004,100
29.156556759603337,X,33,1,9995,300
29.174638825806795,X,148,1,9999,300
29.263198108039905,X,13,1,9998,100
29.271622352603863,A,529,-1,10003,300
29.27426061113932,A,530,-1,10005,100
29.278141766012524,A,531,1,9999,200
29.35172467835778,A,532,1,9999,100
29.36479216078979,A,533,-1,10000,300
29.37043672372889,A,534,1,9999,300
29.372878985132132,A,535,1,9995,600
29.3760373912579,X,531,1,9999,200
29.40614250545063,X,340,1,9991,200
29.500795370315007,X,497,1,9999,100
29.50775868355971,X,275,1,9999,200
29.512749219796437,X,388,-1,10002,100
29.539667419677567,X,370,1,9997,100
29.557961164808965,A,536,1,9993,100
29.58907538881046,A,537,1,9998,200
29.596205634370683,X,255,1,9997,500
29.63855315386508,X,295,1,9999,100
29.6578032014193,X,272,1,9999,200
29.70950850671522,A,538,1,9997,100
29.734141248036824,X,491,1,9999,100
29.756489282548454,A,539,1,9998,100
29.765214609077056,A,540,1,9993,100
29.765455598563754,A,541,1,9997,200
29.770026221131758,A,542,1,9993,100
29.777606947095403,X,534,1,9999,300
29.79551065337905,A,543,1,9999,200
29.81277633156686,X,134,1,9994,300
29.81796260636782,A,544,-1,10004,300
29.91686458910102,A,545,-1,10001,400
29.95467599959393,X,467,1,9999,100
30.004567868777183,X,481,1,9999,300
30.042181981254306,X,376,1,9999,500
30.1848702170871,X,441,-1,10005,100
30.260476725611145,X,363,-1,10001,100
30.28040804287824,A,546,1,9998,200
30.28625551807033,X,403,1,9998,200
30.302884944674215,X,277,1,9999,200
30.347996955927947,A,547,1,9998,100
30.36033039805456,A,548,-1,10003,100
30.369013015423658,A,549,-1,10000,400
30.419506353931528,A,550,1,9999,200
30.469655747251515,X,132,1,9999,100
30.4839764147421,X,96,-1,10006,100
30.499022281590875,A,551,-1,10001,500
30.512461466250837,A,552,-1,10009,100
30.520970324055515,X,244,1,9993,100
30.570703902882933,X,495,-1,10000,100
30.693750297698696,A,553,-1,10001,100
30.69869757110385,X,486,1,9999,100
30.74501633376924,X,478,1,9999,500
30.745865308952766,A,554,-1,10007,100
30.75185640702274,A,555,-1,10001,200
30.767107892461553,A,556,1,9997,700
30.772180617183817,X,165,-1,10001,100
30.803144262088473,X,474,-1,10000,100
30.816843813389266,X,489,1,9999,100
30.822482975055266,A,557,-1,10000,200
30.85078837455469,A,558,1,9998,100
30.860820158174246,X,550,1,9999,200
30.861998047409738,X,508,1,9999,100
30.865345073267356,X,116,-1,10004,100
30.919765514403807,A,559,-1,10000,100
30.922993984741314,A,560,1,9994,300
30.93679104218352,X,379,1,9999,200
30.952146871463153,X,480,1,9999,100
30.980443484212582,A,561,1,9994,100
31.007721075080077,X,189,-1,10003,200
31.035611772800117,X,469,-1,10002,200
31.223737615644737,X,532,1,9999,100
31.232390029452773,X,540,1,9993,100
31.23948882349986,A,562,1,9993,500
31.269958256041267,X,251,1,9999,300
31.275145487629533,X,552,-1,10009,100
31.312165334562618,A,563,1,9999,400
31.314497770631448,A,564,1,9999,100
31.354215289598383,A,565,-1,10002,100
31.35783172028859,X,113,1,9997,100
31.420414093345297,A,566,1,9994,200
31.443122902965097,A,567,-1,10006,700
31.501177217249865,X,563,1,9999,400
31.55402238209067,X,564,1,9999,100
31.554991007791223,A,568,-1,10008,300
31.675407088271516,X,529,-1,10003,300
31.710319112420706,X,69,1,9993,100
31.75770803971085,X,235,1,9999,100
31.762866860449748,A,569,1,9995,200
31.776051174125108,A,570,1,9999,100
31.817156661905226,A,571,1,9995,100
31.91032399653233,X,442,-1,10001,200
31.945516958362965,A,572,-1,10000,300
32.01430260497288,X,537,1,9998,200
32.015797377159274,X,526,1,9999,100
32.03087210801534,A,573,1,9996,100
32.04422396499885,A,574,-1,10003,100
32.058991638862395,X,294,1,9997,100
32.13082710216335,X,462,1,9999,300
32.143919963672275,X,202,1,9996,100
32.163075052376435,X,409,-1,10000,100
32.21943228489585,A,575,1,9998,200
32.32712805185803,X,423,-1,10006,200
32.367136295795255,A,576,1,9997,100
32.37074555188632,X,500,-1,10002,100
32.387545043879854,A,577,-1,10005,100
32.38895838195809,X,551,-1,10001,500
32.389745477640375,X,87,-1,10001,200
32.39911894464302,A,578,1,9993,100
32.41706451270203,A,579,1,9991,400
32.471189299454096,X,214,-1,10001,300
32.47538150327085,A,580,1,9991,100
32.56177095875846,A,581,-1,10001,300
32.625110175463185,X,543,1,9999,200
32.704248166566266,E,301,1,9999,100
32.75781026299126,A,582,1,9999,300
32.83137630389326,A,583,1,9999,600
32.90146758193523,A,584,1,9999,100
32.91561781343987,A,585,-1,10005,100
32.92662863183168,A,586,1,9993,300
32.971623959172,A,587,-1,10004,200
32.99380083597372,A,588,1,9999,300
32.99590660506888,A,589,1,9996,300
33.02698166110288,X,413,1,9991,100
33.04203402989408,X,545,-1,10001,400
33.046935539300854,A,590,-1,10001,100
33.04972135863182,X,217,1,9996,300
33.06246839518376,X,544,-1,10004,300
33.12304973481719,X,570,1,9999,100
33.13903836562811,X,106,-1,10006,100
33.14134898902278,X,561,1,9994,100
33.17534169478551,A,591,-1,10007,300
33.2429986629951,X,55,1,9991,100
33.26584886643177,X,539,1,9998,100
33.30040354391693,X,160,1,9993,200
33.38604510573947,A,592,-1,10002,100
33.40904741742973,A,593,-1,10004,300
33.49166208859407,A,594,1,9993,300
33.55101100071911,X,494,1,9999,100
33.5818720072568,A,595,-1,10008,200
33.671421342715455,X,590,-1,10001,100
33.68563513303942,A,596,-1,10004,200
33.68692736737294,X,511,-1,10002,100
33.71514443601163,A,597,1,9993,100
33.89858961168139,A,598,1,9996,100
33.91464856891162,X,584,1,9999,100
34.00031882037179,A,599,1,9998,200
34.02918737646369,A,600,1,9996,300
34.07277944570366,X,582,1,9999,300
34.100342124695985,A,601,-1,10001,200
34.108234260456086,X,583,1,9999,600
34.224308908764115,A,602,1,9998,100
34.24471307511373,X,61,1,9994,300
34.24877394935443,A,603,-1,10009,100
34.29266864251507,X,398,1,9999,200
34.40144865701992,X,381,-1,10008,100
34.528374054403734,X,155,-1,10003,100
34.54475344345973,A,604,1,9999,100
34.631376840517625,A,605,1,9995,100
34.65843726403307,X,428,1,9994,200
34.65947297943553,X,604,1,9999,100
34.66490082481752,X,558,1,9998,100
34.66865752902674,A,606,-1,10004,100
34.745267863137315,A,607,1,9999,100
34.7548465351109,X,350,-1,10001,100
34.765561074381495,A,608,1,9998,200
34.78328241264796,E,588,1,9999,100
34.79586376140376,X,422,1,9997,200
34.83448932839477,X,68,1,9994,400
34.84807894201585,A,609,-1,10008,100
34.850709050818075,A,610,-1,10005,100
34.85140921820413,X,588,1,9999,200
34.85644677370895,A,611,1,9999,400
34.87082852016613,X,611,1,9999,400
34.9262502948926,X,276,-1,10002,100
34.952612481068094,X,509,1,9991,100
35.02082748096274,X,345,-1,10006,400
35.09973863823071,A,612,-1,10001,100
35.14163965470816,X,607,1,9999,100
35.174391872033624,A,613,-1,9999,400
35.17553429009139,A,614,-1,10008,100
35.18664571627944,X,356,-1,10000,400
35.20441195259723,A,615,-1,9999,200
35.265419230938576,X,411,1,9991,100
35.35480153732144,A,616,1,9993,100
35.40913199886763,A,617,1,9998,300
35.41872099358949,A,618,1,9996,100
35.42207856959972,X,375,1,9997,100
35.43629094249681,A,619,-1,9999,200
35.45710401709301,A,620,-1,10000,400
35.45991169791712,A,621,1,9993,100
35.509247026112085,X,488,-1,10003,100
35.52984667711169,A,622,-1,10007,200
35.57629233786039,A,623,-1,9999,100
35.5832555286749,A,624,1,9995,200
35.63219529035867,A,625,1,9994,200
35.658362642375415,A,626,1,9994,100
35.69114516057338,A,627,-1,10003,100
35.724896776401295,A,628,-1,10002,200
35.72844929739839,A,629,-1,10002,300
35.73778568687086,X,318,1,9996,500
35.76283025067621,A,630,-1,10002,200
35.84145092413025,E,613,-1,9999,200
35.86748040154783,A,631,1,9995,200
35.93460090874547,X,353,-1,10002,700
35.96432201912454,E,14,1,9998,200
35.96432201912454,E,323,1,9998,100
36.05736144860315,A,632,-1,10000,100
36.20671142417931,A,633,-1,10006,100
36.239694097203156,A,634,-1,10000,100
36.24732164667893,A,635,1,9997,200
36.33483281214351,X,315,1,9990,300
36.364485807319035,X,425,1,9997,100
36.42178742051424,A,636,1,9997,100
36.45665920117273,X,417,-1,10000,100
36.507361648513594,A,637,1,9992,100
36.541656449875916,X,393,1,9997,200
36.563793896781426,A,638,1,9990,600
36.59501467686197,A,639,-1,10006,100
36.61846428080907,X,264,-1,10001,100
36.633739659846206,A,640,1,9991,200
36.64206743660563,X,483,1,9998,200
36.65065589645048,X,394,-1,10009,400
36.73167955153898,A,641,-1,10006,200
36.78645216924956,X,364,-1,10006,700
36.82016202672354,X,562,1,9993,500
36.869928151312976,A,642,-1,10003,100
36.93659869634364,X,344,-1,10004,200
36.941771574353766,X,453,-1,10002,600
37.07745301290352,X,450,-1,10001,100
37.1780932638941,X,600,1,9996,300
37.23120986880799,A,643,-1,10007,200
37.26528511034317,X,437,1,9992,200
37.38422234163966,X,320,-1,10001,300
37.41801730493261,X,484,1,9997,100
37.427110357758615,A,644,-1,10000,100
37.43100678670087,X,623,-1,9999,100
37.44783641973859,A,645,-1,9999,100
37.46300312526007,A,646,-1,10001,500
37.4951284309015,A,647,1,9991,200
37.51526582050971,X,520,1,9998,100
37.54371664699521,A,648,-1,10001,100
37.61272509855457,X,603,-1,10009,100
37.652122428578124,X,446,1,9996,700
37.66756639374542,X,548,-1,10003,100
37.69019299716714,A,649,-1,9999,400
37.70155122470075,A,650,1,9996,100
37.72028736890114,A,651,1,9998,100
37.76244894920323,X,535,1,9995,600
37.88184855094784,A,652,1,9994,100
37.99010978923235,A,653,-1,10005,300
38.15858783217769,A,654,1,9997,400
38.20255688024053,A,655,-1,10000,300
38.21625679292916,A,656,-1,9999,100
38.25640111402905,A,657,-1,9999,200
38.25960767541239,A,658,-1,10001,200
38.32281807310133,X,553,-1,10001,100
38.32860753048972,A,659,1,9993,300
38.3542241924158,A,660,1,9990,100
38.35997958317925,E,613,-1,9999,100
38.37268377043104,A,661,-1,9999,100
38.375561285505526,X,576,1,9997,100
38.49285280524153,E,333,1,9998,200
38.49285280524153,E,336,1,9998,100
38.53419989827213,X,448,1,9991,100
38.57127089545661,X,596,-1,10004,200
38.62165412745695,X,429,-1,10004,800
38.65758732940561,A,662,1,9997,200
38.68846026179781,A,663,1,9998,300
38.697157643985065,X,609,-1,10008,100
38.76737535813523,X,75,1,9995,200
38.83848744501309,X,371,-1,10001,100
38.85985524047878,A,664,-1,10000,200
38.912802622606385,A,665,-1,9999,200
38.98614853295471,A,666,-1,9999,200
38.99809230766516,A,667,-1,10000,100
39.00759467922385,X,285,-1,10001,100
39.06197254918632,X,527,-1,10006,100
39.160918588943765,A,668,-1,10006,200
39.19296629604966,A,669,1,9995,200
39.25879256182597,X,327,-1,10002,300
39.26515242585291,X,640,1,9991,200
39.29444771798504,A,670,1,9997,200
39.35900765885399,X,541,1,9997,200
39.382241800409005,A,671,1,9997,200
39.40391016191679,X,360,-1,10005,100
39.47247313505074,X,518,-1,10002,200
39.53704523819292,X,519,-1,10002,300
39.60116462021422,E,613,-1,9999,100
39.60268874685578,A,672,1,9993,100
39.665898551765416,X,516,1,9996,400
39.67244576650217,X,433,-1,10005,200
39.709205340900134,X,419,1,9998,400
39.72848913425303,X,317,-1,10008,300
39.77021977645017,A,673,-1,10000,100
39.77843744586312,A,674,-1,10002,100
39.77994560624487,A,675,1,9990,200
39.79883157552207,A,676,1,9998,100
39.801306812742446,X,309,-1,10007,500
39.876249022265895,E,615,-1,9999,100
39.95328003747569,A,677,-1,10000,200
39.991705495702384,A,678,1,9992,200
39.99255982650866,X,555,-1,10001,200
40.113227215093936,X,60,-1,10010,300
40.19406144832477,X,659,1,9993,300
40.24134660532322,A,679,-1,10003,100
40.25609276012741,A,680,1,9991,200
40.30988892196241,X,662,1,9997,200
40.325059836149975,X,505,1,9998,100
40.39561679761784,A,681,1,9993,100
40.414971624871356,X,620,-1,10000,400
40.43095044939242,A,682,1,9997,400
40.506433325990244,A,683,-1,10008,200
40.53785465017311,A,684,-1,9999,500
40.62514369494356,X,176,1,9996,100
40.6876972699922,A,685,1,9992,100
40.7144903783638,A,686,-1,10007,100
40.7268757784429,A,687,-1,10008,300
40.75499812563825,A,688,1,9995,100
40.759326605646386,X,443,-1,10003,1000
40.76913588259493,X,366,-1,10006,200
40.776986806959655,A,689,-1,9999,100
40.806859458326905,A,690,1,9996,200
40.832227828256244,X,572,-1,10000,300
40.84564153035211,X,490,-1,10007,100
40.889150480074996,A,691,1,9995,200
40.89487281507891,E,401,1,9998,100
40.903023318986804,A,692,-1,10001,200
40.93432348768192,A,693,1,9995,100
40.949307389619285,A,694,1,9994,200
40.961693085764146,X,342,1,9992,200
41.04967915855821,A,695,1,9995,400
41.0525176261278,A,696,-1,9999,100
41.15248521094418,A,697,-1,10002,100
41.17039290317998,X,557,-1,10000,200
41.18930027653115,X,391,1,9997,100
41.20209327694047,A,698,-1,10002,500
41.23190451042183,A,699,-1,10002,300
41.23413435760329,E,615,-1,9999,100
41.29649099339117,X,536,1,9993,100
41.31255986991742,A,700,1,9995,200
41.31666869864507,A,701,-1,10005,100
41.364158036012924,A,702,1,9990,100
41.37280304830714,X,568,-1,10008,300
41.391921409440585,X,378,-1,10001,200
41.39357614863798,X,321,1,9997,100
41.40242586248819,X,397,-1,10001,100
41.40842174226425,X,458,-1,10002,100
41.409536488893565,X,599,1,9998,200
41.42575570019183,E,619,-1,9999,100
41.454540287501466,X,651,1,9998,100
41.46326804566687,X,676,1,9998,100
41.50581737550107,X,556,1,9997,700
41.52600117525092,A,703,-1,10001,200
41.53335796369807,X,581,-1,10001,300
41.54741472192156,A,704,-1,10003,200
41.563259483952805,X,608,1,9998,200
41.571440142442874,A,705,-1,10000,100
41.63574240480119,X,663,1,9998,300
41.664194599442986,X,464,1,9998,400
41.66699217494717,X,696,-1,9999,100
41.66930595613629,X,46,-1,10008,500
41.68781469156639,X,338,-1,10005,200
41.72662066329364,X,547,1,9998,100
41.73899081843177,X,566,1,9994,200
41.746973471419736,A,706,-1,10000,100
41.79045455016474,X,127,-1,10008,100
41.85083064464409,X,512,1,9997,200
41.87456037812302,A,707,-1,9999,300
41.892037190495856,X,671,1,9997,200
41.8997336763711,X,460,1,9997,200
41.92087107168735,X,690,1,9996,200
41.93268677032228,A,708,-1,10000,400
41.97670995598906,X,586,1,9993,300
42.083821492154044,X,28,-1,10005,200
42.10596177068916,X,517,1,9998,100
42.11561763413163,X,348,-1,10009,100
42.148941573188715,X,538,1,9997,100
42.15069135737234,A,709,-1,10007,200
42.162033157012374,A,710,1,9997,100
42.175183299854915,A,711,-1,10007,200
42.23825208023765,A,712,-1,10004,200
42.238594725937375,X,184,1,9997,100
42.23879839523202,X,710,1,9997,100
42.28801866069834,A,713,1,9995,100
42.28806858754628,A,714,-1,10006,400
42.30094770669944,X,449,1,9998,100
42.304330345521656,A,715,-1,10003,200
42.34921542135008,X,617,1,9998,300
42.37135120766982,X,504,1,9997,100
42.379120647198924,X,636,1,9997,100
42.37947704024708,X,626,1,9994,100
42.38729214670203,A,716,1,9998,100
42.388799313180144,A,717,-1,10004,100
42.38931253654268,A,718,-1,10007,100
42.4053877861413,A,719,-1,9999,200
42.42664174351173,X,199,-1,10005,100
42.442896043302184,X,273,1,9997,300
42.446567672276984,X,426,-1,10009,100
42.46181060531429,A,720,1,9997,100
42.46292485539098,E,401,1,9998,100
42.571476639548436,A,721,-1,10001,100
42.59860567463051,A,722,-1,9999,100
42.679662573873884,A,723,-1,10002,300
42.727960708154704,X,349,-1,10004,100
42.75545430836885,A,724,-1,10004,300
42.76478129534352,X,399,1,9997,100
42.82137289903733,X,287,1,9996,100
42.86616222616025,X,670,1,9997,200
42.86669040463827,A,725,-1,10004,400
42.87801620188806,A,726,1,9997,100
42.905712460918124,X,694,1,9994,200
42.96923223029203,X,575,1,9998,200
42.97891563008704,X,654,1,9997,400
43.01980500205488,A,727,-1,10002,100
43.05586227652802,X,546,1,9998,200
43.07456640792813,A,728,-1,10002,100
43.12413463168393,A,729,-1,10000,100
43.13625310862708,X,420,1,9996,100
43.147859896499455,A,730,-1,10001,200
43.277801530840414,X,721,-1,10001,100
43.292466126475816,A,731,1,9995,600
43.31712156345773,X,201,1,9994,200
43.35575233493081,X,436,1,9993,100
43.37901271774783,A,732,1,9996,300
43.3893475268346,X,476,1,9996,400
43.39786255016559,X,684,-1,9999,500
43.47338324468902,X,470,1,9995,200
43.50717392116726,X,492,-1,10006,100
43.510813767681775,A,733,-1,10001,100
43.525545524982505,A,734,1,9998,100
43.534361660368845,E,619,-1,9999,100
43.53729107422763,X,720,1,9997,100
43.54520620095883,X,227,1,9996,200
43.59504998098863,A,735,-1,10002,400
43.63550499953986,X,451,1,9998,100
43.64925965637133,A,736,-1,10000,400
43.663127094369514,X,635,1,9997,200
43.66990022251278,A,737,1,9995,400
43.67827796536345,X,456,1,9997,100
43.68063325489851,A,738,1,9998,100
43.68949199494541,X,542,1,9993,100
43.6910081943624,X,718,-1,10007,100
43.73787496691808,X,487,1,9997,100
43.739143315362696,A,739,-1,10000,400
43.74424755880793,A,740,-1,10003,100
43.75713362158923,X,602,1,9998,100
43.795160804096845,X,240,-1,10007,200
43.838203137531906,A,741,-1,10003,100
43.852599011566475,A,742,1,9991,100
43.8719541404207,A,743,1,9998,100
43.94293425225241,A,744,-1,10002,100
43.96927618421248,A,745,-1,10006,100
43.97458262242682,X,697,-1,10002,100
43.97592558054769,X,743,1,9998,100
44.025924052522946,A,746,-1,10000,300
44.03782368967507,A,747,-1,10002,100
44.04849316024416,X,427,1,9995,300
44.05601427258333,E,716,1,9998,100
44.085126043561075,X,744,-1,10002,100
44.1011639659911,X,396,1,9997,100
44.114328758279214,X,734,1,9998,100
44.14640391520569,X,191,-1,10001,100
44.16443127073941,X,592,-1,10002,100
44.20636905724221,X,715,-1,10003,200
44.38255082759102,A,748,1,9996,300
44.435128363635606,A,749,-1,10005,100
44.44230154327557,A,750,1,9995,100
44.4612595870383,A,751,-1,10001,100
44.471334287332645,A,752,1,9992,300
44.4770482750699,X,347,-1,10002,600
44.48239598670706,A,753,1,9992,200
44.520144509311606,A,754,1,9992,100
44.55296128370422,A,755,1,9998,100
44.601264053913845,X,728,-1,10002,100
44.6574537084807,X,755,1,9998,100
44.6723044023749,A,756,1,9996,400
44.703754608042075,X,131,1,9997,100
44.75890429510894,A,757,-1,10001,100
44.80087726077747,X,475,1,9997,100
44.83188091059167,A,758,-1,10003,100
44.85316890395164,X,726,1,9997,100
44.86894731960622,A,759,1,9998,100
44.917404393513195,X,735,-1,10002,400
44.94152015362993,A,760,1,9989,100
44.95982119050067,A,761,1,9995,600
44.99546419079201,X,665,-1,9999,200
45.013665282994154,X,78,1,9991,100
45.01422174446344,E,738,1,9998,100
45.04029835385085,A,762,1,9997,100
45.2414648339399,X,682,1,9997,400
45.25690515300357,E,645,-1,9999,100
45.25690515300357,E,649,-1,9999,100
45.3260224300104,X,506,1,9997,100
45.32686159925416,X,305,-1,10007,200
45.367527845313006,X,308,-1,10007,100
45.459247085571434,A,763,-1,10003,700
45.5244808302357,X,337,-1,10003,100
45.55311386414497,X,687,-1,10008,300
45.63573046431613,A,764,1,9997,100
45.65545433742047,A,765,-1,10001,200
45.687851586976024,A,766,-1,9999,200
45.79903677958387,X,34,-1,10006,100
45.816139533482676,A,767,-1,10002,100
45.818398708091344,X,498,-1,10004,400
45.86008458268068,X,580,1,9991,100
45.86048361783588,X,693,1,9995,100
45.88565873583604,X,729,-1,10000,100
45.8878686676154,A,768,-1,10000,100
45.922532495733805,X,625,1,9994,200
45.987262592747484,X,610,-1,10005,100
45.990133413622445,X,648,-1,10001,100
46.00950055501078,A,769,1,9995,100
46.01446315720459,A,770,1,9993,200
46.11261554937502,X,633,-1,10006,100
46.11765739013929,E,759,1,9998,100
46.15694436162268,E,196,1,9997,100
46.200715777027625,X,766,-1,9999,200
46.29127777366491,A,771,-1,10000,300
46.30152199581659,A,772,-1,9999,100
46.314979717790266,X,764,1,9997,100
46.32025978203835,X,136,-1,10001,100
46.32145755168786,A,773,-1,10005,100
46.40170217276985,A,774,1,9988,200
46.42473023422457,A,775,1,9992,200
46.43947878514648,A,776,-1,10001,100
46.450614580079815,A,777,1,9997,800
46.4542838362708,A,778,-1,10003,200
46.456245188952536,X,631,1,9995,200
46.48316072905614,A,779,-1,9998,100
46.51473868337388,X,606,-1,10004,100
46.57756402908241,X,777,1,9997,800
46.588127331595764,A,780,-1,9999,200
46.67928694969853,A,781,1,9993,300
46.6934530374024,A,782,1,9995,600
46.80422166949327,A,783,-1,10000,300
46.87700394735404,X,765,-1,10001,200
46.904261627171124,X,772,-1,9999,100
46.955110782864054,A,784,1,9996,200
47.00260372236083,A,785,1,9990,100
47.02699759390245,X,515,1,9993,300
47.09051778842688,A,786,1,9993,200
47.1117153392516,A,787,1,9988,100
47.15168635432553,A,788,1,9993,100
47.159942096493644,A,789,-1,9998,100
47.168761967924965,X,211,-1,10002,400
47.17031687382481,A,790,-1,10006,100
47.19056814762076,X,421,1,9992,500
47.24825951624975,A,791,1,9997,300
47.25170630116695,A,792,1,9990,200
47.31450304502868,A,793,-1,9999,200
47.38926220403303,A,794,1,9990,100
47.40155946688022,A,795,1,9992,100
47.43895870441389,X,762,1,9997,100
47.46481971587011,X,622,-1,10007,200
47.508647896058584,X,242,1,9991,100
47.53402664319444,X,704,-1,10003,200
47.579168997694,X,549,-1,10000,400
47.59246898522467,X,791,1,9997,300
47.619648040113226,A,796,-1,9997,100
47.69298760731526,A,797,1,9989,200
47.71739894598708,A,798,1,9987,100
47.82755460899412,A,799,-1,10000,600
47.85695118642199,A,800,-1,10002,100
47.875251521843104,A,801,-1,10001,300
47.88899175623523,X,367,-1,10004,100
47.97710413055917,A,802,1,9995,100
48.00562402656224,A,803,-1,10004,100
48.030128924357705,A,804,1,9992,100
48.082337310709434,E,26,1,9996,100
48.08503679845971,X,668,-1,10006,200
48.152465626231646,X,605,1,9995,100
48.19477368596559,A,805,-1,9997,200
48.23555287370613,A,806,1,9992,200
48.26359022127422,A,807,-1,9998,200
48.312081145143566,X,12,-1,10002,100
48.317819450446365,X,630,-1,10002,200
48.37946310969447,A,808,-1,9998,100
48.38887001176017,A,809,1,9993,100
48.389217334624945,A,810,-1,9997,100
48.43353431166733,X,84,-1,10001,300
48.47233892131181,X,666,-1,9999,200
48.48110262039264,A,811,1,9996,300
48.52683461748927,A,812,-1,9997,100
48.538487080745575,X,747,-1,10002,100
48.55180233823094,X,723,-1,10002,300
48.59549886153986,A,813,1,9989,400
48.6340075907319,X,524,-1,10005,100
48.66356538081263,X,554,-1,10007,100
48.75146602486601,A,814,-1,10001,100
48.76823194273436,A,815,-1,10000,300
48.77910827330676,X,284,-1,10002,100
48.82765685227806,X,594,1,9993,300
48.840294421912006,A,816,-1,10003,500
48.857402702730404,A,817,1,9996,400
48.86060771245339,A,818,1,9994,100
48.91979491096485,X,756,1,9996,400
48.97227658620599,X,725,-1,10004,400
48.97258750065968,A,819,1,9993,400
49.00959396480311,X,533,-1,10000,300
49.01022799427845,X,169,1,9993,100
49.04372023087987,A,820,-1,9998,100
49.07935380985448,A,821,1,9996,300
49.08443105427278,A,822,-1,10004,300
49.085086574777705,A,823,1,9993,400
49.10268895475524,X,266,1,9993,800
49.15294479902177,X,818,1,9994,100
49.15610300303957,A,824,-1,9999,800
49.17691992480257,A,825,1,9992,200
49.19817411090815,A,826,-1,10000,200
49.23132034803599,X,714,-1,10006,400
49.301600702297364,A,827,-1,10002,200
49.30611859245696,A,828,-1,10005,200
49.344395042154815,X,712,-1,10004,200
49.45815719046992,X,225,1,9992,200
49.488066815593086,A,829,1,9990,600
49.50762431497067,A,830,1,9995,100
49.58753001773021,X,373,-1,10002,100
49.601776871673124,X,809,1,9993,100
49.605909127520334,A,831,1,9991,100
49.63956026234089,A,832,1,9992,100
49.67190132408646,A,833,1,9993,100
49.72399080967619,X,789,-1,9998,100
49.732481321263364,X,748,1,9996,300
49.736284351779986,X,793,-1,9999,200
49.738571121512216,X,374,-1,10008,300
49.78222869579809,X,213,-1,10007,100
49.79817272556433,A,834,-1,9998,100
49.801973437790494,X,686,-1,10007,100
49.806662342060264,A,835,1,9994,100
49.91809914630134,A,836,-1,10001,100
49.93517439486656,A,837,1,9993,200
49.95608428830404,A,838,-1,9999,100
50.011297257323335,A,839,-1,10005,300
50.08075146621441,A,840,1,9991,200
50.11506330389326,A,841,-1,10002,100
50.13132604422531,E,142,1,9996,100
50.134603576157495,X,815,-1,10000,300
50.23414568794767,A,842,1,9995,100
50.2996481970593,X,813,1,9989,400
50.30711757686137,X,820,-1,9998,100
50.323015187412594,A,843,-1,9999,100
50.35100689865562,X,674,-1,10002,100
50.37447043886192,X,741,-1,10003,100
50.383571366360705,A,844,1,9995,400
50.387676288885956,A,845,1,9993,300
50.39448528199088,A,846,-1,9998,400
50.47446334409931,X,778,-1,10003,200
50.50290889219965,A,847,-1,10001,500
50.51601539780031,X,216,-1,10002,200
50.55941778364853,A,848,1,9989,200
50.61251554030983,A,849,1,9995,100
50.61487262995118,X,749,-1,10005,100
50.6846741738247,A,850,-1,9998,100
50.72080718427479,A,851,1,9995,200
50.73765546840176,A,852,1,9996,300
50.77140084053776,A,853,-1,9998,100
50.86974462429543,A,854,1,9996,200
50.886334265702885,X,787,1,9988,100
51.008675117003925,A,855,1,9991,300
51.00913835598219,A,856,-1,10000,200
51.018925304413415,A,857,-1,10006,200
51.020796525348906,X,573,1,9996,100
51.06997643732147,A,858,1,9993,100
51.075385390117745,A,859,-1,9998,200
51.116188118740205,A,860,1,9993,300
51.11979789414479,X,311,1,9996,100
51.13475577063272,A,861,1,9995,100
51.15601908914912,A,862,-1,10001,100
51.216437917635325,A,863,-1,9999,100
51.240336096237364,A,864,-1,9997,600
51.25692923005054,A,865,-1,9997,100
51.25699631151713,X,274,-1,10002,100
51.25849804045898,X,736,-1,10000,400
51.27517291201086,A,866,-1,9999,100
51.28665911815123,X,161,1,9995,200
51.289274896436666,A,867,1,9994,500
51.30336884593854,X,803,-1,10004,100
51.38541002226615,A,868,1,9995,100
51.462847425169485,A,869,-1,10000,300
51.500996859689934,X,589,1,9996,300
51.53912916216429,A,870,1,9994,200
51.57532488086935,A,871,-1,9998,500
51.57818567929427,X,621,1,9993,100
51.622756301543106,A,872,-1,9997,200
51.722140639775034,A,873,1,9992,400
51.7809789120118,X,638,1,9990,600
51.857094364862064,X,624,1,9995,200
51.899489468773645,A,874,-1,9999,100
51.969528163313946,A,875,-1,10001,200
51.99506835499515,A,876,1,9995,200
52.037837661475834,X,724,-1,10004,300
52.03814090055789,A,877,1,9994,200
52.08030366957829,A,878,-1,10001,100
52.115256158748075,A,879,1,9990,300
52.13606371274376,X,865,-1,9997,100
52.16847417102963,A,880,1,9996,100
52.204187025249375,X,591,-1,10007,300
52.21300557530859,X,49,1,9992,300
52.25127208655929,A,881,-1,9998,300
52.27436296527252,A,882,-1,9999,100
52.402156740145315,X,678,1,9992,200
52.40349527733928,X,742,1,9991,100
52.405497786345585,A,883,-1,10006,200
52.50834815245825,A,884,1,9993,500
52.53415652797943,A,885,-1,10004,200
52.5642701429171,E,796,-1,9997,100
52.573719810599286,A,886,1,9995,300
52.578621739925545,X,812,-1,9997,100
52.59867304556632,A,887,1,9992,100
52.60149303422764,A,888,1,9987,100
52.62296656497791,X,784,1,9996,200
52.62309428989272,X,872,-1,9997,200
52.634089441543594,A,889,-1,10000,100
52.79486229917051,A,890,1,9991,200
52.84414508430425,E,805,-1,9997,200
52.84414508430425,E,810,-1,9997,100
52.87250367947756,A,891,-1,9999,100
52.89082788389713,A,892,-1,9997,200
52.95048614722286,A,893,-1,10005,200
52.95390446489617,A,894,-1,10002,100
53.047130690670144,X,587,-1,10004,200
53.14228448497567,X,814,-1,10001,100
53.153854806468146,A,895,1,9995,200
53.24306577713013,A,896,-1,10002,100
53.25699319590828,A,897,1,9995,600
53.4123442479746,X,679,-1,10003,100
53.4706845169132,A,898,1,9993,100
53.47392434528045,X,143,-1,10005,100
53.480973533471065,A,899,1,9995,100
53.48241028515433,A,900,-1,9998,100
53.55268461198171,A,901,1,9989,300
53.588381801542724,X,180,-1,10004,100
53.63075508494266,A,902,-1,10001,100
53.64758802317622,X,673,-1,10000,100
53.699362317099954,A,903,-1,10002,600
53.712446705046894,A,904,-1,10004,200
53.73606992418888,X,695,1,9995,400
53.74333910622198,A,905,-1,10003,600
53.786291843605596,A,906,-1,10001,200
53.81411403077297,A,907,-1,10004,500
53.81824408092214,A,908,1,9991,700
53.84233014453369,A,909,1,9994,100
53.898273277072484,X,836,-1,10001,100
53.907764170958046,A,910,-1,10000,100
53.909016181898515,X,334,1,9996,300
53.9351197718596,X,650,1,9996,100
53.949669864361766,X,655,-1,10000,300
53.9629807947361,X,206,-1,10002,200
53.9692302673117,X,833,1,9993,100
53.99158491467013,X,496,1,9990,100
53.99471974856983,X,892,-1,9997,200
53.99512630183235,X,862,-1,10001,100
54.01334689606919,X,713,1,9995,100
54.05212269062475,A,911,-1,10001,200
54.057921750390264,X,801,-1,10001,300
54.10580925608859,X,629,-1,10002,300
54.11626278214495,A,912,1,9995,200
54.12356933552134,A,913,1,9995,200
54.13248260433933,A,914,1,9996,400
54.14569915038214,A,915,1,9995,100
54.178191195234604,X,383,-1,10000,100
54.209781975558414,X,864,-1,9997,600
54.38241718944827,X,637,1,9992,100
54.394190570643005,A,916,1,9987,300
54.41084502003937,X,767,-1,10002,100
54.41136192808378,A,917,-1,10005,300
54.47188411582255,X,829,1,9990,600
54.50282841501012,X,465,-1,10002,200
54.510751677719995,A,918,1,9988,300
54.515417700249365,X,885,-1,10004,200
54.5373201567006,A,919,1,9997,100
54.58156840790524,A,920,-1,9999,100
54.64521291544119,X,477,1,9993,200
54.6474930068544,A,921,-1,9998,200
54.64860324734667,A,922,-1,10003,100
54.67251757079609,A,923,1,9994,100
54.6888611090889,X,858,1,9993,100
54.690618096396584,X,848,1,9989,200
54.701891988520536,X,891,-1,9999,100
54.76713038750691,X,781,1,9993,300
54.805934306516875,X,799,-1,10000,600
54.85410396043127,A,924,1,9996,200
54.88688933652285,A,925,-1,10003,200
54.943036570923155,X,159,-1,10004,200
55.01874178471955,X,831,1,9991,100
55.02999417395106,A,926,1,9991,300
55.09378355212035,A,927,-1,10002,100
55.16163561523064,A,928,1,9990,200
55.23025028765555,A,929,1,9995,200
55.25043286529702,X,912,1,9995,200
55.26775718983397,X,646,-1,10001,500
55.28403655354471,A,930,-1,10001,200
55.293763734447765,X,922,-1,10003,100
55.41443435465261,A,931,-1,10000,100
55.42097633712185,A,932,1,9997,100
55.44747632867795,A,933,1,9994,100
55.510431489811985,A,934,-1,10005,200
55.55889137954156,X,844,1,9995,400
55.58828118480256,A,935,1,9997,100
55.58977180505861,A,936,-1,10003,200
55.66133987713351,A,937,1,9991,100
55.703934045862496,X,839,-1,10005,300
55.89651597606703,A,938,-1,9999,100
55.910244733468126,A,939,-1,10000,100
56.083479145843164,X,826,-1,10000,200
56.08769245815509,A,940,1,9989,200
56.12467000876094,A,941,1,9996,700
56.14831642319262,A,942,1,9997,100
56.16487710145182,A,943,1,9996,200
56.200159714187954,X,445,1,9990,100
56.206605072672346,A,944,1,9997,600
56.23330060667956,A,945,1,9996,300
56.28178547973178,A,946,-1,10007,200
56.36464754591686,A,947,-1,9998,200
56.400460285166815,X,909,1,9994,100
56.40290512902729,X,454,1,9995,200
56.4204977948147,A,948,1,9995,300
56.429626213966976,X,780,-1,9999,200
56.47325695155822,E,779,-1,9998,100
56.474901974837515,X,739,-1,10000,400
56.50354574501076,A,949,1,9994,200
56.50999702011981,X,919,1,9997,100
56.61881516885959,X,432,1,9996,300
56.70421459983302,X,886,1,9995,300
56.70558806187335,E,932,1,9997,100
56.70558806187335,E,935,1,9997,100
56.802753304308624,A,950,1,9992,200
56.81577495978675,X,811,1,9996,300
56.86031457058576,A,951,-1,10001,200
56.93913198339458,E,942,1,9997,100
56.93913198339458,E,944,1,9997,200
56.969337104617324,A,952,1,9988,100
57.062810832925685,A,953,-1,9998,100
57.063472275029106,A,954,-1,9999,100
57.07359385291322,A,955,1,9994,1200
57.0816029483246,X,851,1,9995,200
57.10377697302028,X,859,-1,9998,200
57.12058956130991,X,866,-1,9999,100
57.153357303095795,A,956,-1,10007,100
57.254472326261485,X,752,1,9992,300
57.26347841196506,A,957,-1,10004,100
57.26956280629105,A,958,-1,10001,200
57.27566012245838,X,649,-1,9999,300
57.29837661023378,X,392,-1,10007,300
57.31225028635266,X,652,1,9994,100
57.36880549767479,A,959,1,9993,100
57.37400567538848,A,960,-1,9998,300
57.38115173993437,A,961,-1,10000,200
57.42102801995066,A,962,-1,10005,300
57.489254828951154,E,944,1,9997,100
57.682279891802644,X,773,-1,10005,100
57.68646977887542,A,963,-1,10002,400
57.687960525405735,A,964,1,9993,400
57.728395623618304,X,804,1,9992,100
57.77541295090106,X,324,-1,10003,400
57.78207443488999,X,658,-1,10001,200
57.81785124737449,A,965,-1,10004,100
57.843881948818826,X,899,1,9995,100
57.86950894595001,A,966,-1,10003,500
57.87707677902078,A,967,1,9996,300
57.945197477911584,X,664,-1,10000,200
57.96439519154592,A,968,-1,10003,1000
58.01691788472798,X,746,-1,10000,300
58.07424647716983,A,969,-1,10001,100
58.15833699742988,A,970,-1,9998,100
58.207957088490105,X,691,1,9995,200
58.24233357533723,X,750,1,9995,100
58.2482137572565,A,971,-1,9998,100
58.32755287933949,A,972,-1,10007,100
58.41548846282207,X,569,1,9995,200
58.42875557210559,A,973,1,9995,300
58.429261413714364,X,937,1,9991,100
58.52524493116069,X,685,1,9992,100
58.572991487396095,X,970,-1,9998,100
58.618223331862815,A,974,1,9995,200
58.654604110563895,X,883,-1,10006,200
58.85104961209486,A,975,-1,9998,100
58.856453482725165,A,976,-1,9998,100
58.9491656301738,X,822,-1,10004,300
58.96993772663681,A,977,1,9997,100
58.987149971962964,A,978,-1,9999,400
59.16793047067443,A,979,-1,10007,100
59.17072946033015,A,980,1,9988,300
59.188434339482185,X,881,-1,9998,300
59.2252052329661,X,404,-1,10008,300
59.24473825853623,X,701,-1,10005,100
59.2730345642924,X,832,1,9992,100
59.320275685534206,X,877,1,9994,200
59.32936501206507,X,807,-1,9998,200
59.353615305620025,A,981,-1,9998,100
59.38793124533837,A,982,1,9992,200
59.43701233456921,A,983,-1,9999,100
59.437719496383096,A,984,-1,9998,100
59.45339867318254,A,985,-1,10002,300
59.51554392898744,A,986,1,9994,200
59.51728259189878,X,672,1,9993,100
59.522373249875976,A,987,1,9994,400
59.53624058102973,A,988,1,9990,100
59.572204331056966,A,989,-1,10004,200
59.60900327784907,X,567,-1,10006,700
59.61018712150692,A,990,-1,10001,300
59.63484578649975,X,887,1,9992,100
59.667170274720235,A,991,-1,10001,100
59.67391991732531,A,992,-1,10002,200
59.7425381799932,X,702,1,9990,100
59.85757342320517,A,993,-1,10002,100
59.9063084260842,A,994,-1,9998,100
59.93040377817778,A,995,1,9990,100
59.97818242028872,X,513,-1,10006,100
59.99327304463306,A,996,-1,10003,200
59.993717381613735,A,997,1,9996,300
60.03914312471233,X,745,-1,10006,100
60.04302232541859,X,854,1,9996,200
60.04659519931455,X,857,-1,10006,200
60.05461509404949,X,974,1,9995,200
60.08290493710896,X,930,-1,10001,200
60.09560849431203,A,998,1,9997,100
60.097802304565654,X,698,-1,10002,500
60.11303842064061,A,999,-1,10000,100
60.18885199949123,A,1000,-1,9999,100
60.20485081018899,X,459,-1,10003,200
60.21001506204169,A,1001,1,9996,100
60.222152642427396,A,1002,1,9990,100
60.23361250693487,A,1003,1,9989,100
60.245014716690385,X,355,-1,10000,200
60.2856467964988,X,382,-1,10003,200
60.29733903472535,X,792,1,9990,200
60.31365938926006,A,1004,-1,10000,500
60.35326447325469,X,168,-1,10001,100
60.406035568404675,X,837,1,9993,200
60.42022982328542,A,1005,1,9995,100
60.426739300515386,A,1006,-1,10000,700
60.4281301360184,A,1007,1,9988,200
60.45143831696062,X,389,-1,10004,100
60.4530488679215,A,1008,1,9997,100
60.49330728462407,A,1009,-1,10006,100
60.553269471043556,A,1010,-1,10005,100
60.55535727231704,A,1011,1,9991,100
60.58781756938148,X,365,1,9995,100
60.59917494267667,A,1012,1,9990,100
60.71893364410079,X,961,-1,10000,200
60.75258681915486,A,1013,1,9994,100
60.76405128337217,A,1014,1,9997,400
60.77404059923274,X,989,-1,10004,200
60.79728053752254,E,944,1,9997,100
60.81808746679962,X,522,1,9994,400
60.81814939266358,X,921,-1,9998,200
60.9062829367505,A,1015,-1,10002,100
61.00229464265257,A,1016,1,9990,300
61.01650571987193,A,1017,-1,9998,100
61.020900936230085,A,1018,-1,10006,100
61.098463712626874,X,1015,-1,10002,100
61.177570111049725,X,835,1,9994,100
61.18750412220267,A,1019,1,9992,200
61.19007411038312,E,944,1,9997,200
61.19007411038312,E,977,1,9997,100
61.19007411038312,E,998,1,9997,100
61.24835541035587,X,326,-1,10001,100
61.267863916963755,X,995,1,9990,100
61.268959312040316,E,808,-1,9998,100
61.293551074443194,E,1008,1,9997,100
61.293551074443194,E,1014,1,9997,100
61.29418696168991,A,1020,1,9994,100
61.310244283055944,E,1014,1,9997,100
61.311458578409244,X,790,-1,10006,100
61.31354143305869,X,875,-1,10001,200
61.32493930310988,X,900,-1,9998,100
61.38615980645741,A,1021,1,9992,200
61.39338528476277,A,1022,1,9995,100
61.425158547552726,A,1023,1,9997,300
61.52852999165288,A,1024,1,9996,200
61.546826616359716,A,1025,1,9997,200
61.58365706294036,A,1026,1,9996,100
61.63501117760398,A,1027,-1,10004,100
61.75939870631152,A,1028,1,9990,500
61.76351038124013,A,1029,1,9995,300
61.83408836856648,A,1030,1,9995,200
61.876180283059945,A,1031,1,9991,100
61.90182005889233,X,975,-1,9998,100
61.958168597133565,A,1032,1,9989,100
61.983610666186564,X,431,1,9993,100
61.98858701200398,A,1033,1,9997,100
61.992541359509794,X,675,1,9990,200
62.00802366701125,A,1034,1,9990,400
62.049168442443275,A,1035,-1,10006,400
62.05102603926037,X,1013,1,9994,100
62.07818382572539,X,923,1,9994,100
62.13379198545946,X,705,-1,10000,100
62.20358046944821,E,834,-1,9998,100
62.20358046944821,E,846,-1,9998,100
62.2896988551859,A,1036,1,9990,100
62.30095051344316,A,1037,1,9995,100
62.46911039124428,X,523,-1,10000,400
62.51380867888954,X,560,1,9994,300
62.5212958656936,A,1038,1,9994,100
62.54411047296499,A,1039,-1,10002,400
62.55861294392173,X,870,1,9994,200
62.56235659778236,X,703,-1,10001,200
62.56515066102081,E,846,-1,9998,100
62.59504934121914,A,1040,-1,9998,100
62.63493235736934,X,237,-1,10006,300
62.68141872229552,X,951,-1,10001,200
62.7559303881227,A,1041,-1,10003,200
62.771536792212075,A,1042,1,9995,600
62.78428353691921,X,239,-1,10002,100
62.796388722453486,A,1043,1,9994,800
62.806972293542586,A,1044,1,9995,200
62.86691867443525,E,1014,1,9997,200
62.86691867443525,E,1023,1,9997,100
62.876538746283295,X,946,-1,10007,200
62.91117171039749,X,824,-1,9999,800
62.917083916255336,A,1045,-1,9998,100
62.91778288395481,A,1046,1,9993,300
62.93291330319516,X,940,1,9989,200
62.93447101253025,A,1047,-1,9999,200
62.96069702008649,A,1048,1,9996,200
63.00155925765276,X,852,1,9996,300
63.033900637070246,A,1049,1,9997,300
63.06747254302527,A,1050,-1,9998,100
63.088860676067156,X,120,-1,10001,400
63.137126646541255,A,1051,-1,10000,100
63.191133387491945,X,661,-1,9999,100
63.20531419254447,X,884,1,9993,500
63.2213498203673,A,1052,-1,10007,200
63.22864055969898,X,888,1,9987,100
63.23504295751537,A,1053,1,9996,200
63.275006189522536,A,1054,-1,10005,100
63.285865333872025,X,981,-1,9998,100
63.352565528064396,X,578,1,9993,100
63.38350350080882,X,559,-1,10000,100
63.425451501771285,X,681,1,9993,100
63.45836909388112,X,825,1,9992,200
63.50289388709421,X,907,-1,10004,500
63.55920085748764,A,1055,-1,9998,200
63.58068847604254,X,783,-1,10000,300
63.73431349357618,A,1056,-1,10004,200
63.73973083427703,X,973,1,9995,300
63.79593462554668,X,845,1,9993,300
63.880951662802296,A,1057,1,9992,100
63.9027243913652,X,288,1,9996,100
63.997920446903336,A,1058,1,9996,500
64.02902412002324,A,1059,-1,10005,100
64.05760354237184,A,1060,-1,10005,400
64.06205569485287,A,1061,-1,10001,100
64.06817588862374,X,908,1,9991,700
64.10170267097922,A,1062,1,9989,300
64.14536898564006,X,993,-1,10002,100
64.14865116981757,X,118,1,9994,100
64.1494929281312,A,1063,-1,9999,300
64.19624716175859,X,525,-1,10004,100
64.24395989462789,A,1064,-1,10003,100
64.24484182779054,A,1065,1,9991,200
64.25868304127887,A,1066,1,9988,200
64.26374572240836,X,1041,-1,10003,200
64.27993415194383,A,1067,-1,9999,100
64.29647147555043,A,1068,-1,9998,300
64.43554885811284,A,1069,1,9992,100
64.53096001656704,X,997,1,9996,300
64.57858682989173,A,1070,1,9992,100
64.63706950455757,X,1019,1,9992,200
64.67004937980235,X,996,-1,10003,200
64.6801153468931,A,1071,1,9995,100
64.7327896353748,A,1072,-1,10003,400
64.74786308105367,A,1073,-1,9998,100
64.8087541018486,A,1074,-1,9998,200
64.81113652411187,X,960,-1,9998,300
64.9186762525935,X,1062,1,9989,300
64.9479877882665,X,644,-1,10000,100
64.99481947359233,A,1075,1,9993,200
65.00918452875875,A,1076,-1,10006,100
65.00938562830984,A,1077,-1,10004,100
65.24088816674362,A,1078,-1,10001,100
65.26404581310047,E,1023,1,9997,100
65.26975919643179,X,1051,-1,10000,100
65.30439349050748,X,1064,-1,10003,100
65.31279079239785,X,711,-1,10007,200
65.3180945547883,A,1079,-1,9998,100
65.32260886261223,X,507,-1,10003,100
65.35789281034258,A,1080,1,9995,100
65.35826617149793,A,1081,1,9993,400
65.35897841603963,A,1082,-1,10000,100
65.41153169279032,A,1083,1,9992,500
65.42648885507995,A,1084,-1,10000,200
65.43243321077827,A,1085,-1,10005,100
65.46433571734792,X,1017,-1,9998,100
65.47655882905673,A,1086,-1,10004,100
65.57158090404806,X,1081,1,9993,400
65.59735050295478,A,1087,-1,10007,100
65.62801238867677,A,1088,1,9992,100
65.66569112516946,X,380,-1,10002,100
65.7483917929611,X,962,-1,10005,300
65.7562738310498,A,1089,-1,10000,100
65.82158821162295,A,1090,-1,10002,200
65.86006845095649,A,1091,-1,9998,300
65.87593900980352,X,758,-1,10003,100
65.88410697629168,X,1055,-1,9998,200
65.89012184503359,A,1092,-1,10007,200
65.94812071154772,A,1093,1,9993,600
65.94910066039293,X,528,-1,10001,600
65.982456282863,A,1094,-1,10004,100
65.99647671486527,A,1095,1,9992,200
65.99802350665195,X,976,-1,9998,100
66.00767670132115,A,1096,-1,9999,300
66.08193420139027,A,1097,1,9997,100
66.09334607997572,X,939,-1,10000,100
66.19675321441962,X,1096,-1,9999,300
66.21801158465549,A,1098,-1,9999,100
66.25329502541986,A,1099,1,9995,400
66.27178300307119,A,1100,1,9997,100
66.2757633877603,X,643,-1,10007,200
66.29474159237968,X,964,1,9993,400
66.37353547892695,X,530,-1,10005,100
66.41705147583794,A,1101,1,9991,400
66.43640047601232,X,1100,1,9997,100
66.45932700611428,A,1102,1,9993,100
66.58519286600345,A,1103,-1,10004,100
66.63379583529421,A,1104,-1,10006,100
66.63783328565961,X,889,-1,10000,100
66.64548443260095,A,1105,-1,10004,800
66.6523936679148,A,1106,-1,10001,200
66.69830898528774,X,915,1,9995,100
66.74230249762296,A,1107,-1,10000,300
66.74784852295333,X,983,-1,9999,100
66.75545416464283,X,841,-1,10002,100
66.78051069138083,A,1108,-1,10003,100
66.8055214310227,X,760,1,9989,100
66.80715480045518,X,782,1,9995,600
66.84553170996337,X,722,-1,9999,100
66.85717616941608,A,1109,-1,10000,100
66.96192973240375,A,1110,1,9997,200
66.99492862695645,A,1111,-1,9998,400
67.01230398008244,A,1112,1,9997,100
67.02033693769698,X,893,-1,10005,200
67.03031170662162,A,1113,-1,9998,100
67.0717537048152,A,1114,-1,9998,300
67.1042890903664,X,1050,-1,9998,100
67.17988848459052,A,1115,1,9995,100
67.21622631347682,X,1101,1,9991,400
67.23543309361452,A,1116,1,9996,100
67.24351929877574,X,850,-1,9998,100
67.2520181366197,X,843,-1,9999,100
67.26717908873823,X,903,-1,10002,600
67.27718736238101,X,593,-1,10004,300
67.28374724307912,X,916,1,9987,300
67.28894992900666,X,849,1,9995,100
67.30468998107169,A,1117,1,9993,200
67.3171723920792,A,1118,-1,9998,600
67.3458169871634,A,1119,1,9997,200
67.35009496475725,A,1120,1,9997,100
67.35564930307814,A,1121,-1,9998,300
67.37544414891848,A,1122,1,9992,100
67.4933652708822,X,579,1,9991,400
67.50997903802666,X,1049,1,9997,300
67.56186475409014,A,1123,-1,9999,300
67.6787445045346,A,1124,1,9995,500
67.68154614343504,X,952,1,9988,100
67.6956036411427,A,1125,-1,9999,200
67.72401037147793,A,1126,-1,10000,300
67.80284790017163,X,455,-1,10003,500
67.8214003336967,A,1127,-1,10000,500
67.84143690685008,A,1128,1,9996,100
67.84329017215458,X,1112,1,9997,100
67.87069077869289,A,1129,-1,9999,100
67.92302828851258,X,1121,-1,9998,300
67.92940666700486,A,1130,-1,9998,100
67.93583785798249,A,1131,-1,10007,600
67.95277543086193,A,1132,-1,10003,300
67.9631539356741,A,1133,1,9996,300
68.02186725298851,A,1134,1,9992,100
68.07091066131696,A,1135,1,9993,100
68.09496552667777,X,869,-1,10000,300
68.10026395767672,X,1018,-1,10006,100
68.1024791286035,X,992,-1,10002,200
68.13596731130438,A,1136,1,9990,500
68.21197524554374,A,1137,1,9996,100
68.22728981151045,A,1138,-1,10001,300
68.23261560005045,X,1058,1,9996,500
68.24081618140622,X,1116,1,9996,100
68.24248821630177,A,1139,-1,9999,100
68.29423878134257,A,1140,-1,10001,100
68.33760625007078,X,1118,-1,9998,600
68.36340925990638,A,1141,-1,9998,100
68.39567925534139,X,947,-1,9998,200
68.41591404092956,X,1035,-1,10006,400
68.42140588394552,A,1142,1,9997,200
68.45614262339069,A,1143,1,9996,100
68.45963766057685,A,1144,1,9995,100
68.46159705163667,X,1141,-1,9998,100
68.47205350133387,A,1145,1,9990,200
68.47515860684533,X,1068,-1,9998,300
68.51710070436981,X,1012,1,9990,100
68.55067827035676,X,141,-1,10005,100
68.55070481075349,A,1146,1,9994,100
68.56794277627651,X,871,-1,9998,500
68.56882143687832,X,953,-1,9998,100
68.59082879019185,X,846,-1,9998,200
68.59988025565637,X,874,-1,9999,100
68.61054665495378,A,1147,-1,10000,200
68.61814988154543,A,1148,-1,9998,100
68.62901797768266,X,1045,-1,9998,100
68.6297072935287,A,1149,1,9996,200
68.64010425390245,X,838,-1,9999,100
68.66879877925072,X,1073,-1,9998,100
68.73884903880636,A,1150,1,9993,500
68.79717482464042,X,699,-1,10002,300
68.84961198531394,A,1151,-1,10006,200
68.8584459216333,X,896,-1,10002,100
68.86304946422365,A,1152,-1,10000,100
68.89712623010108,A,1153,-1,10001,200
68.99216855978244,X,980,1,9988,300
69.0081020176254,X,1111,-1,9998,400
69.0219228801474,X,830,1,9995,100
69.05647399299953,X,1091,-1,9998,300
69.0946313326485,A,1154,-1,10000,200
69.10895374922508,X,1036,1,9990,100
69.11269601259772,X,434,1,9995,100
69.11808065349204,X,819,1,9993,400
69.14980685891622,A,1155,-1,9999,100
69.17702455214021,A,1156,1,9996,200
69.20808573038029,X,798,1,9987,100
69.26786893049015,X,853,-1,9998,100
69.32636582995742,A,1157,1,9997,300
69.3538105933108,X,1040,-1,9998,100
69.35993035205608,A,1158,1,9996,200
69.37958559607503,X,1054,-1,10005,100
69.38630028148354,A,1159,1,9991,200
69.3883630020271,A,1160,-1,10005,400
69.39290547792673,X,994,-1,9998,100
69.43519991149549,X,1079,-1,9998,100
69.4469130340939,X,1069,1,9992,100
69.45823534748102,X,985,-1,10002,300
69.5211199618101,X,1010,-1,10005,100
69.60129951239875,X,978,-1,9999,400
69.66415170170343,A,1161,-1,10004,400
69.6910188023967,X,901,1,9989,300
69.71041989794816,A,1162,1,9990,100
69.74000795178752,X,786,1,9993,200
69.85566703272647,A,1163,-1,9998,100
69.93972311379953,A,1164,1,9995,900
69.95842393151912,A,1165,1,9995,200
69.97946585976476,A,1166,1,9996,100
70.00465206991589,X,503,1,9995,100
70.04928522234667,A,1167,-1,10003,100
70.07875324793157,X,1114,-1,9998,300
70.08605177571489,E,971,-1,9998,100
70.11080730937334,A,1168,-1,10004,200
70.11247765362307,A,1169,1,9993,200
70.13333391348877,A,1170,1,9995,200
70.13500579187892,X,954,-1,9999,100
70.22800239238013,A,1171,1,9994,300
70.2364000322232,A,1172,1,9989,100
70.24496439966623,A,1173,-1,9999,100
70.32009918042179,X,1053,1,9996,200
70.32734727285235,X,634,-1,10000,100
70.35996611556631,A,1174,1,9995,200
70.36813623022668,X,1032,1,9989,100
70.41635786455778,A,1175,-1,9998,100
70.42972207723088,E,1023,1,9997,100
70.48005303147501,X,1173,-1,9999,100
70.49254079358587,A,1176,1,9990,200
70.49263608254431,A,1177,-1,9998,200
70.51459095880313,A,1178,1,9996,100
70.53799753741627,X,1074,-1,9998,200
70.6303883909623,X,1059,-1,10005,100
70.64017358741309,X,692,-1,10001,200
70.64351682162318,A,1179,-1,9998,100
70.65405255170393,X,1134,1,9992,100
70.65672446031218,A,1180,1,9995,300
70.6697537934989,A,1181,1,9989,200
70.6743470722332,X,1129,-1,9999,100
70.73494181790045,A,1182,1,9992,100
70.75502004835144,X,700,1,9995,200
70.77025888562945,A,1183,1,9997,100
70.7816136186415,X,984,-1,9998,100
70.85692347281223,X,1163,-1,9998,100
70.86309481506711,X,1148,-1,9998,100
70.87187862419201,X,1031,1,9991,100
70.91934374034857,X,1105,-1,10004,800
70.98591333444595,X,1130,-1,9998,100
71.00470062126924,X,1046,1,9993,300
71.02313823139006,A,1184,1,9991,200
71.04980971367323,E,1025,1,9997,100
71.06231929507197,X,732,1,9996,300
71.08017479352225,X,917,-1,10005,300
71.10542713252751,X,657,-1,9999,200
71.14074598226057,X,1117,1,9993,200
71.14598856545636,A,1185,1,9997,400
71.16512394927412,A,1186,1,9997,200
71.18722332571312,A,1187,-1,9999,800
71.22749065150451,A,1188,-1,10000,200
71.24243335982392,A,1189,1,9989,100
71.28468582374411,X,918,1,9988,300
71.3974495557323,A,1190,1,9996,200
71.4241565098241,A,1191,-1,10001,100
71.43243036007742,A,1192,-1,10004,500
71.4824375143808,A,1193,1,9996,100
71.50000772605165,A,1194,-1,9999,400
71.50719217960324,A,1195,1,9992,100
71.54820303844141,X,949,1,9994,200
71.56915555500517,A,1196,-1,9999,100
71.6193922784601,A,1197,1,9997,300
71.63627845391247,A,1198,-1,10001,100
71.704120381868,A,1199,-1,9998,100
71.70492764202686,X,1056,-1,10004,200
71.76961014035369,X,1038,1,9994,100
71.79886599088456,A,1200,1,9991,100
71.80195197332465,X,471,-1,10001,200
71.80604421015535,X,1185,1,9997,400
71.87694132477577,A,1201,1,9992,100
71.8940005326761,A,1202,1,9995,100
71.94775286074777,X,1047,-1,9999,200
72.00447677714214,X,166,-1,10001,100
72.04798007172585,A,1203,-1,9998,100
72.07097380977058,A,1204,-1,10001,400
72.10266649013343,A,1205,1,9996,100
72.12591213708323,X,1004,-1,10000,500
72.13053036453199,X,1011,1,9991,100
72.1465360212754,X,880,1,9996,100
72.2231274683176,A,1206,-1,9998,200
72.2295720433287,X,768,-1,10000,100
72.2770468551549,A,1207,1,9996,700
72.33941544982903,X,1078,-1,10001,100
72.3524564327207,X,642,-1,10003,100
72.40273421045079,A,1208,1,9994,100
72.49639370970249,A,1209,1,9997,100
72.54390506586122,X,1184,1,9991,200
72.5608646629407,A,1210,-1,10002,100
72.6136530673242,X,302,1,9992,200
72.66187790639053,A,1211,-1,10003,600
72.67092657018043,A,1212,-1,9998,200
72.69706340077624,A,1213,1,9997,200
72.72184617255257,A,1214,-1,9999,300
72.7385131456304,A,1215,1,9996,200
72.7469628610899,A,1216,1,9996,100
72.75902580229945,A,1217,1,9995,200
72.76671032339556,A,1218,-1,10004,200
72.78772889930859,X,894,-1,10002,100
72.79892248234516,X,669,1,9995,200
72.84796643921081,A,1219,-1,9998,100
72.87214308647853,X,800,-1,10002,100
72.91015241656972,X,656,-1,9999,100
72.91581921201514,A,1220,1,9995,200
72.98359193225517,A,1221,1,9994,200
73.0059962224346,A,1222,1,9996,100
73.00738130137894,A,1223,1,9993,100
73.05757385543589,A,1224,-1,9999,100
73.07767582855571,A,1225,-1,10002,300
73.10414792485253,A,1226,-1,9999,300
73.12470631826703,A,1227,-1,10000,300
73.2241908993044,A,1228,-1,10001,100
73.2402277204917,A,1229,-1,10004,500
73.28279212675568,A,1230,-1,10004,300
73.31957737599978,X,751,-1,10001,100
73.32150379076107,A,1231,-1,9999,100
73.38446312940981,X,1153,-1,10001,200
73.39795561291643,A,1232,-1,10001,300
73.44789988415079,A,1233,1,9994,200
73.44833798542187,A,1234,-1,10001,200
73.44973605689249,X,1218,-1,10004,200
73.45830141982242,A,1235,-1,10001,200
73.48831542030692,A,1236,-1,10002,100
73.49831727258578,X,827,-1,10002,200
73.52489686687007,A,1237,1,9992,100
73.56847896643184,X,204,-1,10004,400
73.63284765839353,X,1220,1,9995,200
73.63520402073746,A,1238,-1,9998,200
73.65547976018408,A,1239,1,9995,100
73.69086464182544,A,1240,1,9990,200
73.70511129216149,X,1140,-1,10001,100
73.79444669415686,A,1241,1,9996,100
73.89229162468484,A,1242,-1,9998,200
73.90297229049442,X,1120,1,9997,100
73.90747900932817,A,1243,1,9990,100
73.92986488762801,A,1244,-1,10007,300
74.02720122498089,E,1025,1,9997,100
74.02720122498089,E,1033,1,9997,100
74.04419694890402,A,1245,-1,9998,300
74.10312220011666,A,1246,1,9996,100
74.11037378364703,A,1247,-1,10005,200
74.11478311963015,A,1248,-1,9998,100
74.12826928281011,A,1249,-1,9999,200
74.19346915783669,A,1250,-1,10000,100
74.21070957790914,A,1251,1,9992,200
74.23179796938487,A,1252,-1,9998,100
74.28323529966241,A,1253,1,9995,300
74.32078288620055,A,1254,-1,10000,100
74.33523218304175,A,1255,-1,9998,200
74.37510837118526,A,1256,-1,10002,300
74.42203776839492,A,1257,1,9997,100
74.42898103236443,A,1258,1,9990,200
74.44133755862227,A,1259,1,9991,200
74.50517313703607,A,1260,1,9988,100
74.57374611951411,A,1261,1,9989,300
74.58775999466324,X,904,-1,10004,200
74.60540956826661,X,1002,1,9990,100
74.61942299388178,A,1262,1,9993,100
74.623498609308,A,1263,1,9990,100
74.6259343562309,A,1264,-1,10005,100
74.6283047291808,A,1265,-1,9999,100
74.6355498999925,X,1154,-1,10000,200
74.63901259713286,A,1266,-1,10004,200
74.67332214666702,A,1267,1,9996,200
74.67961558385213,A,1268,1,9997,200
74.71608036644389,A,1269,1,9995,400
74.73572354937265,A,1270,1,9988,100
74.73871769311515,X,628,-1,10002,200
74.79966240548251,X,943,1,9996,200
74.80396402726124,A,1271,-1,10000,700
74.8259783629143,X,1092,-1,10007,200
74.83043759796185,X,1187,-1,9999,800
74.87001785083767,A,1272,1,9990,100
74.87438243926887,A,1273,1,9997,100
74.88075189574539,A,1274,1,9990,200
74.8979747416182,A,1275,1,9993,300
74.91986558176093,A,1276,-1,10003,100
74.92074069096995,A,1277,1,9992,200
74.93437887785977,A,1278,-1,10005,100
75.03309298676626,A,1279,-1,10005,100
75.04763821234727,X,1125,-1,9999,200
75.05798712590247,X,963,-1,10002,400
75.11343654590986,A,1280,1,9988,100
75.13097471597777,A,1281,1,9996,400
75.13874021380973,A,1282,-1,10005,100
75.14130294258958,X,1063,-1,9999,300
75.17026481680814,A,1283,1,9997,200
75.18818746878497,X,1093,1,9993,600
75.20505601665113,A,1284,-1,10002,100
75.22007760742082,X,868,1,9995,100
75.22675272608224,A,1285,-1,10002,200
75.23996390619726,A,1286,-1,9999,300
75.2946229343505,A,1287,1,9996,100
75.31069922668559,A,1288,-1,10005,100
75.3232320874691,A,1289,-1,10001,400
75.42468408580164,X,1000,-1,9999,100
75.4753544768596,A,1290,-1,10001,100
75.51737956498967,X,1272,1,9990,100
75.53306435819272,X,757,-1,10001,100
75.58245722202156,A,1291,-1,10006,100
75.69488997426478,A,1292,1,9995,200
75.73379132261223,A,1293,-1,9999,300
75.75737577307311,X,1122,1,9992,100
75.76110726626986,A,1294,-1,10000,200
75.85932251465076,A,1295,1,9993,100
75.87678907487991,A,1296,1,9995,300
75.92986161630748,X,1028,1,9990,500
75.97285702794791,A,1297,-1,10003,600
75.98617488561838,X,794,1,9990,100
75.988915931123,X,1080,1,9995,100
76.007783197254,A,1298,1,9997,100
76.02583690662826,X,514,-1,10004,100
76.08365960392618,A,1299,1,9990,100
76.1080721010187,A,1300,1,9993,100
76.1124506879562,A,1301,1,9994,100
76.12064517919167,A,1302,-1,10002,100
76.12165550376972,A,1303,-1,10002,100
76.13793289240755,X,24,-1,10004,200
76.14155189477697,X,35,-1,10006,400
76.14173013748969,X,1021,1,9992,200
76.15769545501006,X,1009,-1,10006,100
76.2115362934768,X,1171,1,9994,300
76.23007684948563,X,689,-1,9999,100
76.28540282960651,A,1304,1,9997,300
76.28614029858726,X,1206,-1,9998,200
76.30383026318918,A,1305,1,9990,200
76.37411563959333,A,1306,-1,9998,100
76.38043545285085,A,1307,-1,10003,100
76.41694875183333,A,1308,-1,9999,300
76.47449166909355,X,1302,-1,10002,100
76.5607660002234,X,1295,1,9993,100
76.58686211004783,A,1309,-1,10002,300
76.67596472447664,A,1310,-1,10004,200
76.70044678847326,X,967,1,9996,300
76.74822273895198,A,1311,-1,10007,300
76.76090148449462,X,737,1,9995,400
76.78329725846116,A,1312,1,9996,200
76.82070187330899,X,1060,-1,10005,400
76.82587759625343,X,680,1,9991,200
76.8287262080717,A,1313,1,9996,100
76.92818770347375,A,1314,1,9992,200
76.92918828549662,A,1315,1,9995,100
76.93406302355638,A,1316,-1,9998,100
76.93790937347833,X,754,1,9992,100
76.94142503360803,A,1317,1,9994,100
76.99694340034853,A,1318,1,9993,100
77.00678989826767,X,1276,-1,10003,100
77.00940668447807,X,706,-1,10000,100
77.01757195873851,A,1319,1,9995,100
77.03333156174652,A,1320,-1,10001,200
77.05559989887264,X,372,-1,10001,100
77.09051501615724,A,1321,1,9997,200
77.11359326824712,A,1322,-1,10007,100
77.12618669390429,A,1323,-1,10003,300
77.16393143109181,X,1203,-1,9998,100
77.17065077709191,X,911,-1,10001,200
77.19053319589781,X,1266,-1,10004,200
77.2254157100862,A,1324,-1,9998,100
77.23143273294316,X,1232,-1,10001,300
77.25564304560122,A,1325,1,9996,100
77.271538678945,X,1251,1,9992,200
77.29575128269643,A,1326,-1,10006,100
77.32443751327814,X,821,1,9996,300
77.33365835865465,A,1327,-1,10002,300
77.34726178628355,A,1328,-1,10003,100
77.37232624978614,A,1329,1,9997,100
77.38765476454444,A,1330,-1,10003,100
77.39094572093403,X,769,1,9995,100
77.41422117697216,X,1162,1,9990,100
77.41706123095993,A,1331,-1,10004,100
77.44275193405043,E,1097,1,9997,100
77.44275193405043,E,1110,1,9997,100
77.45423621390708,A,1332,-1,9998,100
77.53428558816692,A,1333,-1,10005,200
77.53556688660281,A,1334,1,9988,200
77.5520972878302,A,1335,1,9996,500
77.5723104169094,A,1336,1,9990,200
77.58249038178027,A,1337,-1,10005,100
77.58839463720656,E,1110,1,9997,100
77.58839463720656,E,1119,1,9997,100
77.68137150355173,A,1338,1,9995,300
77.70188189265605,X,986,1,9994,200
77.75497013668759,X,683,-1,10008,200
77.77729050334867,X,1230,-1,10004,300
77.79197390130224,X,902,-1,10001,100
77.79659131124079,A,1339,-1,10006,100
77.84679360425528,E,1119,1,9997,100
77.84679360425528,E,1142,1,9997,200
77.84679360425528,E,1157,1,9997,100
77.8894009442709,A,1340,1,9995,100
77.93083959825836,A,1341,-1,9998,500
77.95655530825358,X,618,1,9996,100
78.00121059239265,X,898,1,9993,100
78.00491321104222,A,1342,-1,10006,300
78.02332366951875,A,1343,1,9993,200
78.02457065219636,E,1157,1,9997,100
78.03882499021171,A,1344,1,9995,100
78.10279678709252,X,1197,1,9997,300
78.17388835484083,A,1345,-1,9998,100
78.23945346157758,A,1346,1,9996,400
78.28385252994845,A,1347,-1,9999,100
78.32957201523638,X,1248,-1,9998,100
78.35206179393816,X,1095,1,9992,200
78.38429956287733,X,1034,1,9990,400
78.38561813579604,A,1348,-1,10000,200
78.38908824372605,A,1349,-1,9999,500
78.43899652178781,A,1350,-1,10001,100
78.48885854269739,A,1351,-1,10000,300
78.49442517605003,X,1314,1,9992,200
78.50963817402658,A,1352,-1,10005,100
78.53250220542044,X,247,-1,10008,100
78.53746167616525,E,1157,1,9997,100
78.56580132628757,A,1353,1,9995,100
78.5680419249054,X,1048,1,9996,200
78.58011080523744,A,1354,1,9996,400
78.58727058126387,A,1355,1,9991,200
78.58856524439665,X,639,-1,10006,100
78.61638744259886,A,1356,1,9990,100
78.66238536867976,A,1357,1,9996,200
78.67220139812866,X,1344,1,9995,100
78.7190676973684,A,1358,1,9990,200
78.75285548646166,A,1359,1,9996,200
78.75415758888542,X,1006,-1,10000,700
78.756120504857,A,1360,1,9989,100
78.83501985712016,X,1291,-1,10006,100
78.9414452921249,A,1361,1,9988,100
79.01418486522088,X,1030,1,9995,200
79.01923659491166,A,1362,-1,10003,300
79.02342185253133,A,1363,1,9995,200
79.0407810664598,A,1364,-1,9998,100
79.04590061868983,A,1365,-1,10001,200
79.12650617587401,X,577,-1,10005,100
79.1338901933485,X,1340,1,9995,100
79.13622522200475,X,788,1,9993,100
79.17854146289432,A,1366,1,9989,500
79.1884570934772,A,1367,-1,10001,200
79.19339864848195,A,1368,-1,9999,100
79.24587407476257,A,1369,-1,9998,300
79.26492435847187,A,1370,1,9997,400
79.2753066768618,A,1371,-1,9998,400
79.29544107723538,A,1372,-1,10007,100
79.31594248521692,X,1315,1,9995,100
79.34669599935688,A,1373,1,9990,400
79.35375808025965,A,1374,1,9996,400
79.37934610456652,X,660,1,9990,100
79.4461068766252,X,1256,-1,10002,300
79.52537433117129,X,1259,1,9991,200
79.56741013091589,A,1375,1,9992,100
79.58708599159019,A,1376,-1,9999,100
79.63495651887183,X,1216,1,9996,100
79.68766325440491,X,1090,-1,10002,200
79.79319149173101,X,1139,-1,9999,100
79.82674761939825,A,1377,-1,10007,100
79.87380313299427,A,1378,1,9992,200
79.87487818195119,X,1271,-1,10000,700
79.88505526924655,X,987,1,9994,400
79.95289731828768,A,1379,-1,10000,100
79.98462009952833,A,1380,-1,10003,300
79.98762011215047,A,1381,-1,9998,200
79.98852508059097,A,1382,-1,10007,100
80.11854815292413,X,614,-1,10008,100
80.1822788386163,A,1383,1,9994,100
80.19816412196563,X,1372,-1,10007,100
80.20188243681974,X,499,-1,10007,100
80.21105294463406,A,1384,-1,10003,300
80.21547880320688,X,1317,1,9994,100
80.2454223030501,A,1385,-1,10007,100
80.25397413620043,A,1386,-1,10003,200
80.27318422362127,X,1071,1,9995,100
80.29678230690652,A,1387,-1,10002,100
80.31902775307253,X,817,1,9996,400
80.33130186835785,A,1388,1,9996,600
80.35541650173141,A,1389,-1,10000,200
80.36692941182561,A,1390,-1,10001,100
80.39314686408521,X,1260,1,9988,100
80.41025108847502,A,1391,-1,9998,100
80.42399368360286,A,1392,1,9995,100
80.47055179435911,A,1393,-1,10001,100
80.47298086484166,A,1394,1,9997,100
80.50149277739509,A,1395,1,9989,100
80.50568645605583,X,653,-1,10005,300
80.52885301810471,X,890,1,9991,200
80.53071160144368,A,1396,-1,10003,300
80.55661239120191,A,1397,-1,10003,200
80.63945386688445,A,1398,-1,10002,200
80.64294291934047,X,934,-1,10005,200
80.64923397507776,X,415,-1,10005,200
80.66586769004908,A,1399,1,9996,100
80.67096572868019,A,1400,1,9990,100
80.69703945343439,A,1401,-1,9999,100
80.73191539423517,A,1402,1,9990,100
80.73843548808442,A,1403,-1,10000,100
80.83143388418235,X,1144,1,9995,100
80.8681129739534,X,1274,1,9990,200
80.86819120196319,A,1404,-1,10003,100
80.87661399531181,A,1405,-1,9999,300
80.98188672453914,X,304,1,9994,100
80.98327633735671,A,1406,-1,10002,100
81.0092757822925,A,1407,-1,10002,200
81.05598447234055,A,1408,-1,9998,100
81.06982720947761,X,1350,-1,10001,100
81.08183000271494,A,1409,-1,9999,100
81.15437898299447,A,1410,1,9990,100
81.20514489349394,X,957,-1,10004,100
81.20533881662554,A,1411,1,9994,200
81.23717988317838,X,1298,1,9997,100
81.2922678620983,A,1412,-1,10005,100
81.3105669692298,X,1138,-1,10001,300
81.32717450887947,A,1413,-1,10002,100
81.35393650883968,A,1414,1,9995,100
81.3667431842763,X,641,-1,10006,200
81.38891259947464,X,1367,-1,10001,200
81.40331139600518,A,1415,1,9990,100
81.43788561927482,A,1416,1,9990,300
81.47747312177896,A,1417,1,9991,300
81.48511008460508,A,1418,-1,10005,100
81.49826906709282,A,1419,1,9994,900
81.54200061715524,A,1420,1,9988,100
81.57046962906739,A,1421,1,9997,500
81.58748525718985,X,816,-1,10003,500
81.60025923775946,A,1422,-1,10002,100
81.6615962428669,A,1423,-1,9998,400
81.76034569541606,A,1424,1,9994,100
81.79710997977193,X,1189,1,9989,100
81.82775174735546,A,1425,1,9994,200
81.88578364642876,X,1211,-1,10003,600
81.9036630131901,A,1426,1,9993,100
81.91468127025212,X,842,1,9995,100
81.9246198858521,X,1065,1,9991,200
81.97042311044908,X,860,1,9993,300
81.98507004748936,X,246,1,9996,100
82.05018872924653,A,1427,-1,9998,100
82.07992680082738,X,1123,-1,9999,300
82.09912172248953,X,982,1,9992,200
82.11100699894432,A,1428,1,9996,100
82.11763262594224,A,1429,1,9996,100
82.14772913331083,A,1430,-1,10006,200
82.16206769004161,A,1431,-1,10007,400
82.23108548171557,A,1432,1,9994,100
82.2380692851865,A,1433,-1,10000,100
82.25060249763125,A,1434,1,9994,100
82.26338791743365,A,1435,1,9996,500
82.27673400950148,A,1436,1,9997,100
82.27806700149455,A,1437,-1,9999,200
82.36169410875148,A,1438,-1,9998,200
82.38845111980446,A,1439,1,9992,200
82.42714437767367,A,1440,-1,9999,500
82.43544633558892,X,1312,1,9996,200
82.44833036186034,A,1441,-1,10002,200
82.53656899551906,A,1442,-1,10001,100
82.54320058897544,X,1310,-1,10004,200
82.55096549932169,X,1109,-1,10000,100
82.55661255101039,X,1306,-1,9998,100
82.57513036873341,A,1443,1,9993,200
82.58527518530737,X,1226,-1,9999,300
82.59409676938932,A,1444,1,9995,100
82.6149654934558,A,1445,1,9997,100
82.62908270190384,X,595,-1,10008,200
82.63513404315859,A,1446,1,9995,200
82.69908613331769,A,1447,1,9994,200
82.73128374173068,X,1446,1,9995,200
82.73162951927357,A,1448,1,9994,300
82.75690576088446,X,1380,-1,10003,300
82.77898834999581,A,1449,-1,9998,100
82.79790000702825,A,1450,1,9992,500
82.84900019974795,A,1451,1,9994,100
82.86986893469985,X,430,-1,10004,100
82.87686102541831,A,1452,-1,10000,100
82.87924890504766,A,1453,1,9996,100
82.89675069047772,A,1454,1,9993,100
82.89981793083105,X,1309,-1,10002,300
82.97793525015807,A,1455,-1,10000,100
83.05214813509555,X,840,1,9991,200
83.06513015870243,A,1456,1,9991,200
83.07700991550652,A,1457,-1,10001,100
83.08884607919695,A,1458,1,9997,100
83.15345900546149,X,1430,-1,10006,200
83.17006519910915,A,1459,1,9990,100
83.22037349974737,X,1382,-1,10007,100
83.25678352556467,A,1460,1,9995,100
83.27198367068411,A,1461,1,9989,100
83.27850769710854,X,1341,-1,9998,500
83.28093619395975,A,1462,-1,9999,100
83.43624313733014,X,1281,1,9996,400
83.44467322795367,X,1070,1,9992,100
83.4894604470052,E,1183,1,9997,100
83.4894604470052,E,1186,1,9997,200
83.4894604470052,E,1209,1,9997,100
83.4983308408592,X,1461,1,9989,100
83.52033571057284,A,1463,1,9995,100
83.54722448065424,A,1464,-1,9999,100
83.62282242813816,A,1465,1,9993,300
83.623273085928,X,1438,-1,9998,200
83.68503883950838,X,1436,1,9997,100
83.72573801554603,X,1234,-1,10001,200
83.75042176881173,A,1466,1,9993,200
83.75326378537123,A,1467,1,9996,200
83.78533751811554,A,1468,-1,10005,300
83.84845758799179,A,1469,-1,10004,100
83.98695657912678,X,1231,-1,9999,100
84.00739745164839,X,296,-1,10003,100
84.0253513693922,X,1133,1,9996,300
84.0462545066459,X,1404,-1,10003,100
84.05572576757802,A,1470,1,9996,100
84.09853960369603,A,1471,1,9993,200
84.13363722719241,A,1472,-1,10000,500
84.1804773834992,X,1131,-1,10007,600
84.19652743457634,X,1377,-1,10007,100
84.22030266903047,X,1089,-1,10000,100
84.22639774860843,X,521,1,9994,100
84.22994904538925,A,1473,1,9991,100
84.28892803206189,X,1326,-1,10006,100
84.31278109428048,X,1416,1,9990,300
84.32918996609698,A,1474,-1,10006,600
84.33014672320023,A,1475,1,9995,100
84.34086799756346,A,1476,1,9995,200
84.36129770144996,X,913,1,9995,200
84.3721110571172,X,1180,1,9995,300
84.3758409509704,A,1477,1,9994,100
84.38726160990946,X,1022,1,9995,100
84.43634054094835,X,1460,1,9995,100
84.4369722349667,A,1478,-1,10005,400
84.45194730470013,X,1361,1,9988,100
84.54049684650307,A,1479,1,9996,100
84.5621801761348,E,1213,1,9997,100
84.58264441993954,X,1195,1,9992,100
84.59217966535579,A,1480,-1,10001,100
84.60200803901074,A,1481,-1,10003,100
84.61385075676405,A,1482,1,9997,100
84.69896541868341,X,955,1,9994,1200
84.70799365812671,A,1483,-1,10001,200
84.71815763631437,A,1484,-1,10002,100
84.76394890899091,A,1485,1,9997,100
84.7757737732211,A,1486,-1,10002,300
84.78425816008333,A,1487,-1,10007,200
84.86782704766982,X,867,1,9994,500
84.99982876861971,X,1202,1,9995,100
85.03826821321309,A,1488,1,9996,300
85.06588241666735,A,1489,-1,10004,100
85.0668007932886,X,1373,1,9990,400
85.1098895663542,A,1490,-1,10001,200
85.11972130065833,A,1491,1,9995,300
85.12410286661552,X,1464,-1,9999,100
85.13692386168903,X,1052,-1,10007,200
85.1875063568613,X,966,-1,10003,500
85.19044415045776,A,1492,1,9992,200
85.20465850776736,X,1287,1,9996,100
85.20500177726443,A,1493,1,9996,100
85.20959929734299,X,1359,1,9996,200
85.22876924130115,X,1353,1,9995,100
85.24432652878261,X,1135,1,9993,100
85.31598831205513,X,1469,-1,10004,100
85.37337617571379,X,1057,1,9992,100
85.38794797350715,X,1307,-1,10003,100
85.41218596955613,A,1494,-1,9998,1300
85.46307412186482,X,878,-1,10001,100
85.46784249369739,X,1390,-1,10001,100
85.46904345797978,X,1240,1,9990,200
85.47751017446105,X,1407,-1,10002,200
85.49083312566638,A,1495,1,9988,600
85.50175713151025,A,1496,1,9994,200
85.56933811471926,X,905,-1,10003,600
85.57650683950958,A,1497,-1,10001,200
85.59930865861034,A,1498,-1,10001,100
85.6138095677108,A,1499,1,9996,100
85.6342782812694,A,1500,1,9997,100
85.65575669346458,A,1501,1,9994,200
85.66871604837641,X,1241,1,9996,100
85.79632637623827,A,1502,-1,10003,100
85.81591031184034,X,1243,1,9990,100
85.87884008532055,A,1503,-1,10002,100
85.8873440645484,A,1504,-1,9999,200
85.91194251058388,X,1289,-1,10001,400
85.93841480026212,X,1161,-1,10004,400
85.96302128004398,A,1505,-1,10000,300
86.0182465255438,A,1506,-1,10003,100
86.1069269334476,X,1491,1,9995,300
86.14536932422212,A,1507,1,9992,100
86.15473902355144,A,1508,1,9997,100
86.20169814227616,X,1453,1,9996,100
86.21109903230212,X,1076,-1,10006,100
86.21281258572695,A,1509,-1,10001,100
86.27193933228756,A,1510,-1,10001,100
86.29412121409182,A,1511,1,9993,100
86.39623286547686,A,1512,-1,10004,100
86.39780208038628,X,377,-1,10000,100
86.51193364734523,X,205,-1,10001,300
86.52013554980438,A,1513,-1,10006,100
86.52143959608364,X,1399,1,9996,100
86.52373333380888,X,1331,-1,10004,100
86.63368244690486,X,1308,-1,9999,300
86.6770253060247,A,1514,1,9989,100
86.6781136538375,X,1156,1,9996,200
86.70346978781333,A,1515,1,9993,200
86.73931383111511,X,1505,-1,10000,300
86.7649803619956,A,1516,1,9995,100
86.7737568125983,X,774,1,9988,200
86.80726923008751,X,1351,-1,10000,300
86.82426035503599,X,876,1,9995,200
86.8327962247958,A,1517,1,9997,300
86.84308017458807,A,1518,-1,10004,400
86.85418454703517,A,1519,-1,10001,300
86.88006459302366,X,466,1,9990,200
86.88599630523801,A,1520,-1,10007,100
86.93501571993768,X,1379,-1,10000,100
87.01723117674938,X,1227,-1,10000,300
87.03147191005301,X,856,-1,10000,200
87.0986795963633,X,1494,-1,9998,1300
87.10338997144878,X,1397,-1,10003,200
87.15222668505152,X,938,-1,9999,100
87.18827676581368,A,1521,-1,9999,100
87.21316140521732,A,1522,-1,9998,100
87.24824605384413,X,1077,-1,10004,100
87.25984123451869,X,1279,-1,10005,100
87.31668623568353,A,1523,1,9996,100
87.32460679035141,A,1524,1,9995,100
87.32508072743083,X,1504,-1,9999,200
87.4060133884567,A,1525,-1,10001,200
87.4097620213233,A,1526,-1,9999,100
87.44860957083014,X,1150,1,9993,500
87.45985316639023,X,1264,-1,10005,100
87.48112966502968,A,1527,1,9992,200
87.49580114370272,A,1528,-1,10001,300
87.5349830220085,A,1529,1,9997,100
87.57525896731386,A,1530,1,9997,100
87.61730266638881,X,1233,1,9994,200
87.62553202947888,X,1087,-1,10007,100
87.63660255767164,A,1531,-1,10002,100
87.66370174387075,A,1532,-1,9999,200
87.69247593282208,X,1086,-1,10004,100
87.6941423872016,A,1533,-1,10001,200
87.72644218714514,X,1166,1,9996,100
87.73312397613333,A,1534,-1,9998,100
87.73498376427092,E,1213,1,9997,100
87.73498376427092,E,1257,1,9997,100
87.73498376427092,E,1268,1,9997,100
87.85846830566572,A,1535,1,9997,100
87.86483165807824,A,1536,-1,10004,300
87.89073860403359,X,1254,-1,10000,100
87.91389362275889,A,1537,1,9996,100
87.93638395487928,X,632,-1,10000,100
87.95395229878686,A,1538,1,9997,200
87.95469774576172,X,1249,-1,9999,200
87.98363458184457,X,1293,-1,9999,300
88.02448044697145,X,1082,-1,10000,100
88.09114747565403,X,145,1,9994,100
88.09171815955766,A,1539,1,9996,600
88.14107196287735,X,988,1,9990,100
88.19785262621234,A,1540,1,9994,100
88.2226584790908,A,1541,-1,9999,200
88.22619366615858,A,1542,-1,10001,100
88.26746033110886,X,1477,1,9994,100
88.29192585770645,A,1543,1,9993,500
88.30552338326908,A,1544,1,9997,200
88.33139449527353,X,571,1,9995,100
88.33657161391957,A,1545,-1,10003,200
88.36797399927558,A,1546,1,9995,100
88.46496589790483,X,1085,-1,10005,100
88.48204521916148,A,1547,1,9994,100
88.51796176627442,A,1548,1,9990,200
88.5476738071917,X,1061,-1,10001,100
88.57134851133134,A,1549,1,9993,600
88.58677810783419,X,1428,1,9996,100
88.7476367043695,X,1481,-1,10003,100
88.77670080195756,X,1392,1,9995,100
88.808920705092,X,1388,1,9996,600
88.88683006654385,A,1550,-1,10003,300
88.89699961183923,A,1551,-1,10000,400
88.91529652983789,A,1552,1,9995,300
88.93779144259433,X,77,1,9995,100
88.99343825891287,X,1516,1,9995,100
89.02240835433605,A,1553,-1,9998,100
89.08178585450287,X,1470,1,9996,100
89.10274359034881,A,1554,1,9993,100
89.11909042924914,X,1425,1,9994,200
89.24259952942415,X,1405,-1,9999,300
89.27993727229278,A,1555,1,9993,100
89.30297711003509,A,1556,-1,9999,100
89.30414678093433,X,1193,1,9996,100
89.32083215547863,X,1495,1,9988,600
89.33494922994626,X,1509,-1,10001,100
89.35252922180432,A,1557,-1,9999,100
89.38193408300711,A,1558,1,9995,100
89.39644777347893,A,1559,1,9995,200
89.42116691319069,A,1560,-1,9999,100
89.42718239773767,A,1561,1,9996,100
89.43554350587667,X,1174,1,9995,200
89.44011647740867,A,1562,-1,10003,300
89.44508469127926,A,1563,1,9996,300
89.45284070083628,A,1564,-1,10006,500
89.45497549534572,X,1378,1,9992,200
89.48379939526697,A,1565,-1,9999,100
89.52384176508536,X,1165,1,9995,200
89.53186476607497,A,1566,-1,10000,100
89.54361912092462,X,1466,1,9993,200
89.57193966184998,A,1567,1,9996,100
89.6212971588487,A,1568,1,9990,200
89.63803137823737,E,1268,1,9997,100
89.6394448123937,A,1569,-1,10000,100
89.64127151215692,X,1553,-1,9998,100
89.65292840376246,A,1570,-1,9998,100
89.66063535860782,A,1571,1,9991,300
89.6881061638434,A,1572,1,9988,100
89.69711463107464,A,1573,1,9994,300
89.74407224136807,X,1327,-1,10002,300
89.76045626134042,X,1024,1,9996,200
89.79100183230032,X,1275,1,9993,300
89.80408217935613,X,740,-1,10003,100
89.87946892640672,X,1555,1,9993,100
89.88693389528038,X,1177,-1,9998,200
89.92849141515107,A,1574,1,9989,100
89.95245077014094,A,1575,-1,10003,100
89.96846489364253,X,1258,1,9990,200
89.99122559654462,A,1576,-1,10006,500
90.03224196826395,A,1577,1,9995,500
90.0475457732035,A,1578,-1,10000,200
90.1147590429721,X,1137,1,9996,100
90.18018940261051,X,1192,-1,10004,500
90.24847071573623,A,1579,1,9992,200
90.2506070595405,A,1580,-1,10004,100
90.2941200114477,A,1581,-1,9998,200
90.33358463062325,X,1204,-1,10001,400
90.39247457879338,A,1582,1,9989,100
90.42959397070008,X,1457,-1,10001,100
90.4795352927339,A,1583,1,9991,300
90.49922570063717,X,1261,1,9989,300
90.51932860569278,A,1584,1,9995,200
90.53912676422021,A,1585,1,9991,100
90.55274609728743,A,1586,1,9992,100
90.59360292514192,A,1587,1,9989,700
90.60576497181255,A,1588,1,9991,800
90.61495978554389,X,1526,-1,9999,100
90.68748482290617,X,1441,-1,10002,200
90.72249843865937,A,1589,1,9989,100
90.73029538007978,A,1590,1,9993,100
90.75183524450898,A,1591,1,9993,200
90.75520285906735,A,1592,1,9994,100
90.76877064348922,A,1593,-1,9998,100
90.84115572988188,X,776,-1,10001,100
90.89035088958721,A,1594,-1,10004,200
90.89634160168595,X,1221,1,9994,200
90.95943322407477,X,1236,-1,10002,100
90.97665195127452,A,1595,1,9997,100
90.98827070732308,A,1596,1,9997,200
90.98929465606213,X,1037,1,9995,100
91.01188171276011,X,1408,-1,9998,100
91.03119227616712,A,1597,-1,10001,100
91.06138409552538,X,1324,-1,9998,100
91.06573462267392,A,1598,1,9996,500
91.08806076896853,X,1222,1,9996,100
91.11280340195644,A,1599,1,9993,200
91.12370063916865,X,1358,1,9990,200
91.16230006100213,A,1600,1,9988,100
91.19847925088995,A,1601,1,9992,300
91.24728399389281,A,1602,-1,10007,100
91.25441037623004,X,1591,1,9993,200
91.3193932278224,X,1364,-1,9998,100
91.32522402873867,A,1603,-1,9998,600
91.3770700336822,A,1604,-1,10001,200
91.44284414020898,A,1605,-1,9998,200
91.50186758479586,A,1606,-1,10002,100
91.5120388827371,A,1607,-1,9998,100
91.55688173032314,X,339,-1,10000,400
91.56903872196986,A,1608,1,9995,400
91.57485155647385,A,1609,-1,10000,200
91.59803196724577,A,1610,-1,9998,300
91.61253441988228,X,1200,1,9991,100
91.62743732759041,A,1611,1,9997,100
91.72031593498902,X,936,-1,10003,200
91.74296336128003,A,1612,1,9989,100
91.78149803538878,A,1613,-1,10006,300
91.8199782994952,X,1508,1,9997,100
91.84114705441436,X,1577,1,9995,500
92.00407000760843,X,1215,1,9996,200
92.01589257761968,A,1614,1,9993,100
92.04659486015473,X,1561,1,9996,100
92.10282161781151,A,1615,1,9996,200
92.19030162440458,A,1616,-1,10004,200
92.20842762294913,A,1617,-1,10003,100
92.27857155532185,A,1618,1,9995,300
92.28075620452711,A,1619,-1,10001,100
92.29579606874587,X,1282,-1,10005,100
92.32777894468718,A,1620,1,9994,500
92.36777060792676,A,1621,-1,10000,100
92.41036847714545,X,1589,1,9989,100
92.43921416916726,X,1579,1,9992,200
92.45823766366563,A,1622,1,9991,100
92.49125728045347,A,1623,1,9994,100
92.53371226370952,X,1339,-1,10006,100
92.54567169209055,A,1624,-1,9998,200
92.5519446511198,A,1625,1,9991,100
92.55719109007157,A,1626,-1,10004,100
92.57855471357368,X,1486,-1,10002,300
92.58308865370975,A,1627,-1,10000,200
92.62134229062177,A,1628,1,9992,100
92.62142753351512,E,1113,-1,9998,100
92.62839350112434,A,1629,-1,9998,200
92.6676766552121,X,1029,1,9995,300
92.75464584922685,X,1292,1,9995,200
92.78206156345583,A,1630,1,9997,500
92.7860667071349,A,1631,1,9990,300
92.79087822027692,X,719,-1,9999,200
92.80568540196005,X,1607,-1,9998,100
92.82874953081117,A,1632,-1,10001,100
92.8385805260652,X,1604,-1,10001,200
92.848485875442,X,1492,1,9992,200
92.84858550197661,A,1633,1,9991,400
92.87231560341026,X,1328,-1,10003,100
92.87262953450012,X,1520,-1,10007,100
92.98540350835353,A,1634,1,9995,500
93.00493350724392,X,1573,1,9994,300
93.0176067790024,A,1635,1,9992,900
93.03118042606133,A,1636,1,9997,300
93.08868147291984,A,1637,1,9997,100
93.09995079753547,A,1638,1,9994,100
93.12129934452987,A,1639,1,9992,100
93.12768428109422,A,1640,-1,10003,200
93.17565614760728,X,1556,-1,9999,100
93.21552689239779,A,1641,1,9993,100
93.21995375580771,X,1476,1,9995,200
93.23604241902164,A,1642,-1,9998,100
93.25686902176403,A,1643,-1,9998,200
93.300613184704,A,1644,-1,9999,200
93.3087923086442,A,1645,-1,9998,100
93.33736936113623,X,1445,1,9997,100
93.34109757380277,A,1646,1,9996,100
93.3412627256132,A,1647,1,9995,200
93.34256540482065,A,1648,1,9995,100
93.34748485436471,X,1502,-1,10003,100
93.38531294900362,X,1535,1,9997,100
93.38787226977122,A,1649,1,9994,200
93.4393750070219,X,1542,-1,10001,100
93.44537230992897,X,1212,-1,9998,200
93.52331258307831,X,1424,1,9994,100
93.57316038109924,A,1650,1,9995,100
93.57723275820689,X,612,-1,10001,100
93.59983250846194,X,1385,-1,10007,100
93.60351532625603,A,1651,1,9992,100
93.60423305769432,X,1587,1,9989,700
93.60545465293427,X,1346,1,9996,400
93.60765899741857,X,565,-1,10002,100
93.61899106777477,A,1652,1,9994,300
93.633586594567,X,1462,-1,9999,100
93.69741670640539,A,1653,-1,9998,400
93.71066946077451,X,1108,-1,10003,100
93.77033415500243,X,1115,1,9995,100
93.79280646933233,A,1654,1,9991,200
93.79296621615619,X,730,-1,10001,200
93.79374181496598,X,753,1,9992,200
93.8105347407366,X,1322,-1,10007,100
93.82260904848785,A,1655,1,9997,100
93.85849093066838,A,1656,-1,9999,100
93.85936347052781,A,1657,-1,9999,300
93.88236185875488,A,1658,1,9993,300
93.91514750564659,A,1659,-1,10007,200
93.95309995585816,X,1319,1,9995,100
93.96190645455586,A,1660,-1,10002,200
93.96378356808356,X,1479,1,9996,100
93.97579838106836,X,1149,1,9996,200
94.05617555111243,A,1661,1,9997,100
94.07017415374078,X,1207,1,9996,700
94.07099384228846,E,1175,-1,9998,100
94.08051284976679,X,709,-1,10007,200
94.11879323724247,E,1273,1,9997,100
94.12514068412446,A,1662,1,9994,200
94.15976641255334,X,1554,1,9993,100
94.16237889427516,A,1663,1,9996,500
94.18196281501407,X,1435,1,9996,500
94.22791307115334,X,828,-1,10005,200
94.24619163515787,A,1664,1,9996,600
94.25247764144,A,1665,1,9989,100
94.25611437676253,E,1283,1,9997,200
94.36156087348425,A,1666,-1,9998,300
94.39190795871262,A,1667,-1,10000,100
94.41242820720825,A,1668,1,9992,400
94.45740722887207,A,1669,-1,10005,100
94.49709324632961,X,1160,-1,10005,400
94.5243045287694,X,677,-1,10000,200
94.52910732966352,X,1188,-1,10000,200
94.54687062975331,A,1670,-1,10003,400
94.58234222979442,A,1671,-1,9998,300
94.61655067155965,X,1124,1,9995,500
94.63593043069528,X,1253,1,9995,300
94.66021427284086,A,1672,1,9991,100
94.70341472976165,A,1673,1,9996,100
94.72017163342855,A,1674,1,9993,100
94.72563550116607,X,601,-1,10001,200
94.7740296216034,A,1675,1,9997,100
94.78071064382307,A,1676,-1,10002,100
94.84293437046458,A,1677,-1,10002,200
94.85094471635003,X,1538,1,9997,200
94.85949759256346,A,1678,-1,10000,100
94.87659320948032,X,1198,-1,10001,100
94.96897181808251,X,1394,1,9997,100
94.9711656942984,X,785,1,9990,100
95.02039807650483,A,1679,-1,10006,100
95.04204013460992,A,1680,-1,9999,200
95.05582370837469,X,1655,1,9997,100
95.0606345316143,X,1246,1,9996,100
95.09050832714266,E,1179,-1,9998,100
95.14718598981045,A,1681,-1,10002,100
95.18681661771005,A,1682,1,9997,200
95.19511547777758,X,1313,1,9996,100
95.19732138127162,X,1421,1,9997,500
95.20362066684446,A,1683,-1,9998,200
95.21891517857297,A,1684,1,9997,100
95.26009404633196,X,1485,1,9997,100
95.28939151419975,X,1588,1,9991,800
95.31702080665694,X,1458,1,9997,100
95.32990206507884,A,1685,1,9995,100
95.34988158695319,X,1661,1,9997,100
95.3570782787811,A,1686,1,9997,200
95.38459303809854,A,1687,-1,10005,100
95.38923986750383,X,1611,1,9997,100
95.38960651666387,A,1688,1,9996,400
95.4010764252305,A,1689,1,9995,300
95.41735314939841,A,1690,-1,10001,100
95.44559676872287,X,1536,-1,10004,300
95.56197090934535,A,1691,-1,10002,100
95.63466922959641,X,1596,1,9997,200
95.65776812170827,X,1363,1,9995,200
95.6664524312143,X,1563,1,9996,300
95.68414527468471,A,1692,-1,10001,400
95.73199855874104,X,1342,-1,10006,300
95.7573343024207,A,1693,-1,10002,100
95.77318478507027,X,1659,-1,10007,200
95.7793262425445,X,1544,1,9997,200
95.80089229146478,X,1301,1,9994,100
95.80868973532796,X,1529,1,9997,100
95.83480828509687,X,1500,1,9997,100
95.87468100443611,X,1190,1,9996,200
95.87764239305908,A,1694,-1,10003,100
95.92119779313867,X,1684,1,9997,100
95.93247533771071,A,1695,1,9997,100
95.93867061054196,X,1592,1,9994,100
95.94756740557082,X,1297,-1,10003,600
95.94953162441132,X,1210,-1,10002,100
95.9560750345053,A,1696,1,9996,100
95.95694761713175,A,1697,1,9995,100
95.97165953420392,X,1533,-1,10001,200
95.9750537355197,X,1627,-1,10000,200
95.97571045857671,X,1685,1,9995,100
95.99536032216363,X,761,1,9995,600
96.00217913755696,X,1370,1,9997,400
96.00838470114894,X,115,-1,10005,100
96.01366583454099,X,1400,1,9990,100
96.01717392550343,A,1698,1,9992,200
96.02581970188132,X,1643,-1,9998,200
96.02901196643282,X,1391,-1,9998,100
96.03503839557561,A,1699,1,9989,200
96.06901914368596,X,1682,1,9997,200
96.08196127780211,A,1700,1,9996,100
96.08449913975984,X,1136,1,9990,500
96.08903210588801,X,1208,1,9994,100
96.11729450707291,X,1517,1,9997,300
96.1238962940653,X,1201,1,9992,100
96.14695989958574,A,1701,-1,10001,100
96.15795561444476,A,1702,-1,10002,100
96.16546455051449,X,717,-1,10004,100
96.23015749778008,X,314,1,9990,300
96.23055639797059,X,1442,-1,10001,100
96.24416538198322,X,1334,1,9988,200
96.24755675621078,X,1545,-1,10003,200
96.25792116607916,A,1703,1,9995,200
96.28105105023661,A,1704,-1,9999,400
96.31766723114201,A,1705,-1,10004,100
96.32891518402768,X,1263,1,9990,100
96.36677733664695,A,1706,-1,10006,200
96.40098077752504,X,1255,-1,9998,200
96.4162235252113,A,1707,1,9993,200
96.49301305655526,X,1594,-1,10004,200
96.49389542314016,X,1181,1,9989,200
96.49527363919807,E,1304,1,9997,100
96.52341834097138,X,1471,1,9993,200
96.53798659591598,X,1398,-1,10002,200
96.5498140470205,X,1152,-1,10000,100
96.55495685486302,X,1636,1,9997,300
96.6182514765689,X,1675,1,9997,100
96.66476777152172,A,1708,1,9996,100
96.6987863515036,X,1635,1,9992,900
96.72894917386468,A,1709,1,9996,200
96.7685778180389,A,1710,-1,10002,200
96.79427240661902,X,1482,1,9997,100
96.80456777797374,A,1711,-1,10000,100
96.82280701751688,X,1537,1,9996,100
96.82841540418525,A,1712,1,9991,100
96.85411179810754,X,1534,-1,9998,100
96.85839632959924,A,1713,1,9997,100
96.85944521964701,X,1196,-1,9999,100
96.86874054173363,A,1714,-1,10005,100
96.89509113525575,A,1715,1,9997,200
96.89835970478961,X,1333,-1,10005,200
96.91451459253912,A,1716,1,9997,200
96.92117969228495,X,1439,1,9992,200
96.93642965720798,X,1132,-1,10003,300
96.93665024954723,A,1717,-1,10005,700
96.96284327777349,X,1321,1,9997,200
96.98900687440846,X,1269,1,9995,400
97.01169751323468,X,1455,-1,10000,100
97.02061060789889,X,1657,-1,9999,300
97.02123989602939,A,1718,1,9990,200
97.04007652702695,X,1451,1,9994,100
97.0403385346855,A,1719,1,9996,300
97.08643655976023,X,1716,1,9997,200
97.10208272974671,A,1720,-1,10004,100
97.10689685569227,A,1721,1,9997,100
97.16557698846066,A,1722,1,9994,300
97.19632642595897,X,1084,-1,10000,200
97.19994857016134,X,598,1,9996,100
97.24076522880279,X,1715,1,9997,200
97.26881705564254,X,1447,1,9994,200
97.28485474500224,A,1723,-1,10000,200
97.30996229675995,X,1414,1,9995,100
97.32552718838981,A,1724,-1,10006,100
97.3491123532212,A,1725,-1,9998,100
97.36902817853905,X,1713,1,9997,100
97.40140888347706,X,1653,-1,9998,400
97.47334707121705,X,1304,1,9997,200
97.49756177298977,A,1726,-1,9999,700
97.53207884668662,A,1727,1,9990,300
97.53474758046504,A,1728,-1,10003,200
97.60636286332729,X,1170,1,9995,200
97.61474049902642,A,1729,1,9988,100
97.63620420210437,A,1730,1,9996,200
97.65911871133704,X,1602,-1,10007,100
97.66657379380354,X,1410,1,9990,100
97.66813332413702,A,1731,-1,9998,200
97.68027428959309,E,1329,1,9997,100
97.68027428959309,E,1530,1,9997,100
97.77480593509843,A,1732,1,9997,100
97.79684740445248,X,1557,-1,9999,100
97.79796250272467,X,1518,-1,10004,400
97.80436478005711,A,1733,-1,10003,200
97.83673693668719,A,1734,-1,9998,100
97.84626224820322,X,1630,1,9997,500
97.85336027747405,X,1574,1,9989,100
97.8538258897885,A,1735,-1,9999,400
97.85639261855025,X,1718,1,9990,200
97.86576115514247,A,1736,1,9997,100
97.89475781721454,X,1278,-1,10005,100
97.9077427764717,X,1549,1,9993,600
97.94038602694775,X,1600,1,9988,100
97.95889630566606,A,1737,-1,10005,100
97.97381472349242,X,1267,1,9996,200
98.0225612594217,A,1738,-1,10001,100
98.07818202914152,A,1739,1,9997,200
98.12025905083959,A,1740,1,9990,100
98.13202129162931,A,1741,1,9989,100
98.16229338403852,A,1742,-1,10002,100
98.19062122659321,X,1595,1,9997,100
98.22443133931317,X,1707,1,9993,200
98.24722821539865,A,1743,-1,10002,700
98.26896189247705,A,1744,1,9991,200
98.3191391812929,X,1507,1,9992,100
98.35515651805883,X,1668,1,9992,400
98.45719453553552,A,1745,-1,10003,100
98.45802003578956,A,1746,1,9997,100
98.46173302416467,X,1676,-1,10002,100
98.46650096344062,A,1747,-1,9999,800
98.51114868210513,A,1748,-1,10000,100
98.51184269143458,X,926,1,9991,300
98.51603371849892,X,802,1,9995,100
98.53713863075822,A,1749,1,9990,100
98.54309359524453,X,1151,-1,10006,200
98.55547890164392,X,1225,-1,10002,300
98.5585152918252,E,1637,1,9997,100
98.5585152918252,E,1686,1,9997,100
98.61979276396235,A,1750,1,9995,100
98.623450331887,X,1673,1,9996,100
98.66629783677344,X,999,-1,10000,100
98.66637397932557,A,1751,-1,10004,600
98.67364231145515,X,1565,-1,9999,100
98.82141821515752,A,1752,-1,9998,500
98.8373387661822,X,1739,1,9997,200
98.84707608675964,A,1753,-1,10001,100
98.90876981664039,X,1633,1,9991,400
98.94228699981166,A,1754,-1,10004,100
98.9895121864037,A,1755,1,9996,100
98.99871686333682,X,1601,1,9992,300
99.03035510670313,X,1396,-1,10003,300
99.07214321121714,A,1756,1,9996,100
99.0725528847655,E,1686,1,9997,100
99.08391607332725,X,1674,1,9993,100
99.09845414447895,A,1757,-1,10002,100
99.11106036351468,X,1325,1,9996,100
99.23694137705412,X,1250,-1,10000,100
99.35613902236584,X,1721,1,9997,100
99.35731116034574,E,1695,1,9997,100
99.42397092789123,X,731,1,9995,600
99.43399354149423,A,1758,1,9990,700
99.4874096432539,A,1759,1,9996,500
99.50351492032999,A,1760,-1,9999,100
99.5037780329367,X,1290,-1,10001,100
99.51773136772182,X,1338,1,9995,300
99.52938343439828,X,1417,1,9991,300
99.56227891091994,A,1761,-1,10002,400
99.65018312518447,A,1762,1,9997,200
99.67047989090483,X,1480,-1,10001,100
99.67097007279177,A,1763,-1,10000,200
99.67926846268652,X,1127,-1,10000,500
99.67928444426087,A,1764,-1,9999,200
99.72471959830924,X,991,-1,10001,100
99.7422969891811,A,1765,-1,10007,400
99.75349611084864,X,1356,1,9990,100
99.84223654987738,A,1766,1,9995,300
99.87766507145345,X,1102,1,9993,100
99.91593246907861,X,1415,1,9990,100
99.92535052359709,X,1623,1,9994,100
99.92715153480142,X,1736,1,9997,100
99.94157236035805,X,1701,-1,10001,100
99.9765922254163,A,1767,-1,10002,200
99.98091849815484,A,1768,-1,10000,500
99.98307643787263,X,1762,1,9997,200
99.99600065587923,X,1043,1,9994,800
100.00425510292945,X,965,-1,10004,100
100.035202000536,X,1449,-1,9998,100
100.1282332190864,X,1647,1,9995,200
100.15058470500698,X,1618,1,9995,300
100.15726698106728,X,1277,1,9992,200
100.16114459480099,X,1745,-1,10003,100
100.2028169547265,X,733,-1,10001,100
100.2819337867444,A,1769,-1,10000,100
100.28204917307775,A,1770,1,9996,200
100.29269685440622,X,1320,-1,10001,200
100.32631251462752,A,1771,1,9994,1500
100.35207740691408,X,1224,-1,9999,100
100.35319216375515,X,1519,-1,10001,300
100.35911050097985,A,1772,-1,10004,100
100.3963320571598,A,1773,1,9995,400
100.40253559146039,X,1365,-1,10001,200
100.44217498396262,A,1774,1,9994,700
100.45162497732798,X,1280,1,9988,100
100.47447184863502,A,1775,1,9997,300
100.47824463076776,A,1776,-1,10000,100
100.57660361021922,X,1746,1,9997,100
100.57884274820242,A,1777,1,9997,100
100.6171783547416,A,1778,-1,10007,100
100.66555516921653,A,1779,1,9993,100
100.71414515211013,A,1780,1,9997,100
100.71754644898589,A,1781,1,9997,300
100.71821949325032,A,1782,-1,10000,300
100.7384779318678,X,1374,1,9996,400
100.74179194570934,A,1783,-1,10006,100
100.75654447238902,X,1454,1,9993,100
100.84486765104211,X,1724,-1,10006,100
100.85407970737191,X,1609,-1,10000,200
100.9198058829655,A,1784,1,9995,100
100.9653791498745,A,1785,1,9996,100
101.01071371491444,A,1786,1,9996,100
101.06975376858706,A,1787,1,9990,400
101.07739634903427,A,1788,1,9996,400
101.08285174720092,X,1687,-1,10005,100
101.13649848053745,A,1789,-1,9998,300
101.20500544377205,A,1790,-1,9998,200
101.22935734633013,X,1167,-1,10003,100
101.2586638305629,X,1780,1,9997,100
101.31607809804555,A,1791,1,9996,100
101.31750687120389,A,1792,1,9995,200
101.33624730899956,X,1732,1,9997,100
101.34078691350918,X,1585,1,9991,100
101.38303001539708,X,1775,1,9997,300
101.38622561722693,X,502,-1,10001,300
101.38863641906724,E,1777,1,9997,100
101.39079610014468,A,1793,-1,9998,200
101.40090174347777,A,1794,-1,9998,100
101.41950164058532,X,616,1,9993,100
101.43228736190815,A,1795,1,9992,100
101.43428684762195,A,1796,1,9997,100
101.47018059125834,A,1797,-1,10001,100
101.47626311596296,A,1798,1,9997,200
101.48184336735369,A,1799,-1,9999,100
101.5062741506263,A,1800,-1,9999,300
101.60725410545282,A,1801,1,9990,100
101.67357025390336,X,1540,1,9994,100
101.7374861598425,A,1802,1,9989,100
101.74999749734606,E,1781,1,9997,200
101.76196551667479,X,990,-1,10001,300
101.76663312941378,X,1217,1,9995,200
101.78038413041108,E,1781,1,9997,100
101.82714120403865,X,1348,-1,10000,200
101.8344425469304,X,1678,-1,10000,100
101.8416405320595,A,1803,-1,9999,100
101.8460658927201,X,1658,1,9993,300
101.8515735796801,E,1796,1,9997,100
101.8515735796801,E,1798,1,9997,100
101.87202190594073,X,1727,1,9990,300
101.89434919537499,X,1615,1,9996,200
101.90232789797997,X,1798,1,9997,100
101.91640669336036,A,1804,1,9995,400
101.94322824271144,A,1805,1,9996,100
101.97409364630361,A,1806,-1,10002,100
102.14299727451017,X,1793,-1,9998,200
102.20674877447627,A,1807,1,9996,200
102.24659840745423,X,925,-1,10003,200
102.27213709683069,A,1808,-1,9998,200
102.3482750787608,A,1809,-1,10007,700
102.35864220264826,X,1450,1,9992,500
102.39701102937089,A,1810,1,9996,100
102.4004919037563,A,1811,-1,9998,100
102.43161223037276,X,1039,-1,10002,400
102.44303115459184,X,895,1,9995,200
102.44946649601485,A,1812,1,9996,500
102.5146508434275,X,1223,1,9993,100
102.65811286605856,X,1426,1,9993,100
102.67368560379347,A,1813,-1,10003,300
102.68533265223148,A,1814,1,9987,100
102.68636869425788,A,1815,1,9989,100
102.7038415872135,A,1816,-1,10003,300
102.73272888299064,A,1817,-1,10001,100
102.86029892071207,A,1818,1,9996,200
102.86261185253356,A,1819,1,9988,100
102.86406148860104,X,958,-1,10001,200
102.87023834143166,A,1820,1,9994,400
102.8867693784047,A,1821,-1,9999,100
102.90251346003957,X,933,1,9994,100
102.9079429127298,A,1822,-1,10000,100
102.95908812917327,E,914,1,9996,100
102.96413975385124,E,1199,-1,9998,100
102.98931567028866,A,1823,1,9992,400
103.00766061860386,A,1824,1,9997,200
103.16649480252788,X,1393,-1,10001,100
103.20276776159038,X,1566,-1,10000,100
103.22096392836927,X,1665,1,9989,100
103.24244641095584,A,1825,-1,10004,100
103.24834541139079,A,1826,1,9995,200
103.26523642320143,X,1330,-1,10003,100
103.31172927003874,X,1705,-1,10004,100
103.31262203005912,X,444,-1,10007,200
103.31704845380898,X,1644,-1,9999,200
103.32446807889966,X,1252,-1,9998,100
103.34239450884746,X,1194,-1,9999,400
103.36136311641674,X,873,1,9992,400
103.40794348526181,X,910,-1,10000,100
103.43710390050292,A,1827,-1,10002,400
103.44481927921717,X,1487,-1,10007,200
103.4804737993288,A,1828,1,9996,300
103.48869637743742,X,929,1,9995,200
103.50983080302265,A,1829,1,9996,100
103.55336509917792,X,1757,-1,10002,100
103.59272526307878,A,1830,1,9991,200
103.64652428572231,X,172,-1,10009,100
103.65738173395947,X,950,1,9992,200
103.65928748540426,X,312,1,9994,200
103.66281536687609,X,1489,-1,10004,100
103.70872803798393,X,369,-1,10000,100
103.71242095656297,X,1619,-1,10001,100
103.7267848487062,A,1831,1,9991,500
103.75426166984988,X,1831,1,9991,500
103.8180882145256,A,1832,-1,9998,100
103.83378057438586,X,1294,-1,10000,200
103.85373390731117,A,1833,1,9995,200
103.94821786893208,E,1219,-1,9998,100
103.94821786893208,E,1238,-1,9998,100
103.94859856539712,X,1621,-1,10000,100
103.98337013675028,X,1646,1,9996,100
104.01994942006499,X,463,-1,10004,100
104.03093614758158,X,1711,-1,10000,100
104.06302769634988,X,1020,1,9994,100
104.07219999518061,X,1824,1,9997,200
104.08295713458108,X,1498,-1,10001,100
104.08809363501466,X,1284,-1,10002,100
104.10896091707315,A,1834,-1,10004,300
104.11129812907552,A,1835,1,9993,300
104.11254237786952,X,1075,1,9993,200
104.1338235706687,X,861,1,9995,100
104.14186141596139,A,1836,1,9993,300
104.15317819017538,X,117,-1,10004,100
104.15427366981069,X,1773,1,9995,400
104.1650690659506,X,647,1,9991,200
104.17603431638207,A,1837,-1,10000,100
104.17700662922162,A,1838,1,9995,200
104.19976979154357,A,1839,-1,9997,200
104.24153440365741,X,1772,-1,10004,100
104.24292687480727,A,1840,1,9994,200
104.24559711673014,X,1764,-1,9999,200
104.26891814019838,X,1834,-1,10004,300
104.28604496794095,A,1841,1,9990,100
104.29062676809308,A,1842,-1,10003,200
104.29162945818521,X,1697,1,9995,100
104.29363677429168,X,1837,-1,10000,100
104.34862925525616,X,667,-1,10000,100
104.36283707320821,A,1843,-1,10004,100
104.43075851179616,A,1844,1,9996,200
104.44558220111317,X,1696,1,9996,100
104.4517139240324,X,1104,-1,10006,100
104.4567985620561,A,1845,-1,10000,100
104.48283811725364,A,1846,-1,10002,200
104.48504001815589,A,1847,-1,10002,200
104.49176583346171,A,1848,-1,10005,200
104.62012874611041,A,1849,1,9993,100
104.74374649257932,X,1756,1,9996,100
104.7705806924404,X,1708,1,9996,100
104.78760706363896,X,1667,-1,10000,100
104.83040231180463,A,1850,-1,9999,500
104.8333962189445,X,1027,-1,10004,100
104.9061428854727,X,941,1,9996,700
104.90787503755404,A,1851,-1,9997,200
104.92461961851983,X,1527,1,9992,200
104.92578367309389,X,882,-1,9999,100
104.97469259988146,X,1629,-1,9998,200
105.01593896898221,A,1852,-1,9999,300
105.05843647516575,A,1853,1,9996,200
105.06051215831027,A,1854,-1,9999,200
105.0910623347232,A,1855,1,9989,100
105.10247834257704,X,1581,-1,9998,200
105.17790618507935,A,1856,1,9991,300
105.19196393700904,A,1857,1,9988,100
105.20085654370253,X,1368,-1,9999,100
105.21696282134818,X,945,1,9996,300
105.27583348935804,X,1723,-1,10000,200
105.30729590064365,X,1735,-1,9999,400
105.44521573041322,X,1191,-1,10001,100
105.46343052711984,A,1858,1,9995,100
105.50082209026199,X,1709,1,9996,200
105.53361550734773,A,1859,-1,10004,100
105.54051375054597,E,914,1,9996,100
105.65784704860482,A,1860,-1,9997,200
105.69267064819277,X,1432,1,9994,100
105.76052701600045,A,1861,1,9992,100
105.77421377298744,A,1862,-1,9997,100
105.77853063654644,A,1863,1,9996,300
105.80712461156466,X,1679,-1,10006,100
105.82642700103202,A,1864,1,9993,100
105.83754674133269,A,1865,-1,10001,300
105.92257695926533,A,1866,-1,10006,200
105.95113059712331,X,1631,1,9990,300
105.96487345396908,A,1867,1,9996,200
105.99323621115663,A,1868,-1,10005,100
106.04074663434464,X,1712,1,9991,100
106.0497349284462,A,1869,1,9992,200
106.0508979149972,A,1870,1,9996,100
106.05835002857553,X,1728,-1,10003,200
106.15899794822029,A,1871,-1,10003,100
106.18133448462284,X,1702,-1,10002,100
106.19207741599175,X,1570,-1,9998,100
106.19331496940998,X,1262,1,9993,100
106.19912841808575,X,1434,1,9994,100
106.2049152508111,X,1597,-1,10001,100
106.21115032457861,X,1496,1,9994,200
106.22283492519124,A,1872,1,9990,100
106.2818549156336,X,1147,-1,10000,200
106.2968802975809,X,1375,1,9992,100
106.34434540148152,X,1305,1,9990,200
106.36636902360176,A,1873,-1,10004,100
106.4281896028943,A,1874,-1,10004,100
106.46263711890788,X,1336,1,9990,200
106.50613407209745,X,1860,-1,9997,200
106.51821189317923,X,1571,1,9991,300
106.51924538677504,A,1875,-1,10001,100
106.5285357034917,X,1620,1,9994,500
106.63219456320664,A,1876,1,9987,400
106.64539383266971,A,1877,1,9996,200
106.65037525440414,A,1878,-1,9999,400
106.68965131054279,A,1879,-1,10000,600
106.75518282325395,X,1656,-1,9999,100
106.76861368246104,X,1335,1,9996,500
106.80308824445,X,1419,1,9994,900
106.82233798558363,A,1880,-1,9999,700
106.83017386218835,X,1067,-1,9999,100
106.88522468059234,A,1881,1,9992,100
106.89192061078317,X,1444,1,9995,100
106.90522771815478,X,1547,1,9994,100
106.93792167673263,X,1472,-1,10000,500
106.94394236412752,A,1882,1,9995,400
106.96706860805207,X,1790,-1,9998,200
106.98775439328121,X,1699,1,9989,200
107.01858181675955,X,627,-1,10003,100
107.06359970126942,X,914,1,9996,200
107.06468113178114,A,1883,-1,10006,200
107.07323511280009,X,847,-1,10001,500
107.09252482247986,X,1478,-1,10005,400
107.24823780522098,A,1884,-1,10000,300
107.25401624165113,A,1885,-1,10004,200
107.26426210586553,X,1851,-1,9997,200
107.30066175015648,X,1159,1,9991,200
107.31129856461425,A,1886,-1,10000,200
107.37580136472646,E,1839,-1,9997,100
107.39738871629876,A,1887,-1,10006,400
107.40173238292657,X,1838,1,9995,200
107.40256782751243,A,1888,-1,9999,100
107.47169769635343,X,1376,-1,9999,100
107.49519501950996,A,1889,-1,10000,200
107.64022065518382,X,1448,1,9994,300
107.67201457436889,A,1890,-1,10002,200
107.70080192542638,A,1891,1,9989,200
107.70382575485759,A,1892,-1,10006,100
107.70608669670683,A,1893,-1,9997,300
107.72029555927028,X,1700,1,9996,100
107.73895076084644,A,1894,-1,9999,100
107.79713368975185,X,1825,-1,10004,100
107.80794696512983,A,1895,1,9993,200
107.8163210741891,X,1893,-1,9997,300
107.8298613737662,A,1896,-1,10000,400
107.83713907141112,A,1897,-1,10002,200
107.90287879264532,A,1898,1,9992,200
107.91829195269662,X,1632,-1,10001,100
107.94676108165157,A,1899,1,9994,200
108.00218919961647,X,1523,1,9996,100
108.00407748275343,A,1900,-1,9998,100
108.02227851489191,X,1387,-1,10002,100
108.02658193938528,A,1901,1,9988,400
108.03358655422579,A,1902,1,9995,200
108.07473265766853,X,493,-1,10004,200
108.08098904416651,X,1628,1,9992,100
108.12554306176571,A,1903,-1,10002,100
108.16419939156744,A,1904,1,9995,100
108.16934079384299,X,1862,-1,9997,100
108.2128113277017,A,1905,1,9987,100
108.2131247704264,X,1569,-1,10000,100
108.26253876995926,X,1766,1,9995,300
108.279611793408,X,1747,-1,9999,800
108.28022917476903,X,1066,1,9988,200
108.2964266012538,A,1906,1,9996,400
108.29983139693768,X,1528,-1,10001,300
108.33337078996078,E,1839,-1,9997,100
108.33337078996078,E,1238,-1,9998,100
108.34893235130188,X,1172,1,9989,100
108.35184845774452,A,1907,1,9992,100
108.38384857614517,X,1369,-1,9998,300
108.41633620574977,A,1908,1,9997,200
108.44359713624824,X,1337,-1,10005,100
108.44746606179639,A,1909,-1,10001,300
108.48031391308416,X,1669,-1,10005,100
108.48101402611587,A,1910,-1,9999,200
108.48816316649116,X,1730,1,9996,200
108.59572813830735,X,1483,-1,10001,200
108.60089571268523,A,1911,-1,10002,200
108.66660532905442,A,1912,-1,10000,100
108.7737029938492,A,1913,1,9996,500
108.77949210854919,A,1914,1,9994,700
108.796000596858,X,928,1,9990,200
108.9134251974756,A,1915,1,9995,100
108.93682147285456,X,1146,1,9994,100
108.94229444425594,A,1916,1,9997,100
108.97323545315943,A,1917,-1,10001,100
108.97348147602976,X,1889,-1,10000,200
108.99957864485428,X,1640,-1,10003,200
109.01657442501794,X,1864,1,9993,100
109.06785150536409,A,1918,1,9993,100
109.08313537661076,X,1912,-1,10000,100
109.09227446320205,A,1919,-1,10007,100
109.1379008050716,X,1740,1,9990,100
109.18033281352878,A,1920,-1,10002,100
109.26669002052837,X,1214,-1,9999,300
109.33809826414344,A,1921,1,9991,100
109.349881580842,A,1922,-1,10001,100
109.35720775566934,A,1923,1,9990,1200
109.4076998505374,A,1924,-1,10000,300
109.40845721232381,X,457,-1,10008,200
109.4442417103702,A,1925,1,9994,200
109.5860980214655,A,1926,-1,10003,100
109.65806081253818,X,1874,-1,10004,100
109.67526802819032,X,1900,-1,9998,100
109.68124502990483,A,1927,1,9992,100
109.69708489383201,X,1383,1,9994,100
109.7063370636384,A,1928,1,9997,100
109.75280815208862,X,1873,-1,10004,100
109.77350388780256,X,855,1,9991,300
109.7780555316389,X,1903,-1,10002,100
109.7870799322463,A,1929,1,9997,100
109.79411646943812,A,1930,-1,9998,300
109.84972121759982,X,1677,-1,10002,200
109.88312950358852,X,1879,-1,10000,600
109.93403984627341,A,1931,-1,10003,100
110.02621414329677,X,1808,-1,9998,200
110.04225569294839,X,1883,-1,10006,200
110.04882736102734,A,1932,1,9989,200
110.07123327292538,X,1688,1,9996,400
110.10505197806985,A,1933,-1,9998,100
110.11925845161524,X,1512,-1,10004,100
110.16798723898053,A,1934,-1,10007,100
110.28390018333904,X,1634,1,9995,500
110.28822802908486,A,1935,1,9992,300
110.31693684178798,A,1936,-1,10005,200
110.36879932763857,X,1650,1,9995,100
110.38478002780548,X,1546,1,9995,100
110.38531562146756,A,1937,1,9994,100
110.43000546416316,X,1169,1,9993,200
110.44249665978552,A,1938,1,9994,100
110.46308215617502,A,1939,-1,9999,100
110.4687202004187,X,1888,-1,9999,100
110.48456881058884,X,1345,-1,9998,100
110.51896420256182,X,1865,-1,10001,300
110.58562553380872,X,1853,1,9996,200
110.67347421756968,X,1692,-1,10001,400
110.71827191262227,A,1940,-1,10004,400
110.74743551535016,X,1786,1,9996,100
110.78610836268459,A,1941,-1,10002,100
110.79651069556895,X,1098,-1,9999,100
110.8144786069063,X,1933,-1,9998,100
110.8259569894181,A,1942,1,9993,200
110.83531498814295,A,1943,1,9997,200
110.83766426030778,X,1752,-1,9998,500
110.85470406359055,X,1429,1,9996,100
110.88107204261303,X,1575,-1,10003,100
110.90579007596196,A,1944,-1,10001,200
110.95041242041152,A,1945,1,9995,100
110.95719251976153,A,1946,-1,10002,100
111.06026130802151,X,1681,-1,10002,100
111.06106106392414,A,1947,-1,9998,100
111.07846333066928,X,1731,-1,9998,200
111.10318505803279,A,1948,1,9997,100
111.10925385169236,A,1949,-1,10000,200
111.11877324399545,A,1950,1,9993,100
111.21946199685307,A,1951,1,9995,200
111.23991027112443,X,1816,-1,10003,300
111.24393438613836,X,1950,1,9993,100
111.24772860727253,X,1642,-1,9998,100
111.25293346468943,X,1645,-1,9998,100
111.25581529328288,X,1720,-1,10004,100
111.29704958505091,A,1952,1,9997,200
111.31323571881735,A,1953,1,9992,200
111.3619309386515,X,1437,-1,9999,200
111.3949141600144,A,1954,1,9994,300
111.39755269726508,A,1955,1,9997,100
111.40594367960016,X,1423,-1,9998,400
111.4756208198668,X,1551,-1,10000,400
111.48257954969431,A,1956,-1,10005,200
111.4853103459207,X,1887,-1,10006,400
111.49582170724868,A,1957,1,9989,100
111.51742854699711,X,1947,-1,9998,100
111.53806209023892,A,1958,1,9993,700
111.5533382014623,X,1525,-1,10001,200
111.57204886310039,A,1959,1,9997,200
111.57661846299608,X,1639,1,9992,100
111.58191938834635,X,1844,1,9996,200
111.58289291384989,A,1960,-1,10006,200
111.58546177855048,X,1906,1,9996,400
111.6095778714223,E,1908,1,9997,200
111.6095778714223,E,1916,1,9997,100
111.71440074718834,X,1484,-1,10002,100
111.74062430912406,X,1412,-1,10005,100
111.74358180865289,X,1910,-1,9999,200
111.74544798761015,A,1961,-1,10002,200
111.75196566298327,X,1613,-1,10006,300
111.75985381387183,E,1242,-1,9998,100
111.78780501726453,X,1666,-1,9998,300
111.8086776466831,X,1242,-1,9998,100
111.8131623367902,A,1962,-1,9998,100
111.82561545913634,X,1891,1,9989,200
111.83047301419163,A,1963,-1,10000,100
111.85128335076469,X,1734,-1,9998,100
111.85961761863328,A,1964,-1,9998,200
111.86692272382159,X,1761,-1,10002,400
111.91180572713075,X,1854,-1,9999,200
111.91225015270281,X,1083,1,9992,500
111.91521189206944,A,1965,-1,9999,200
111.92938219294238,A,1966,-1,9998,100
111.93171723283464,X,1789,-1,9998,300
111.94037485970719,A,1967,1,9996,100
111.97419994704367,A,1968,1,9994,100
112.00034640081469,A,1969,1,9997,100
112.15068202509762,X,1955,1,9997,100
112.1637122565526,A,1970,1,9996,100
112.1723565709643,A,1971,1,9995,100
112.21975929317685,A,1972,-1,9998,100
112.2380081861943,X,972,-1,10007,100
112.24832939006146,X,1785,1,9996,100
112.25307773556337,X,74,1,9993,200
112.28777370028014,X,1316,-1,9998,100
112.29956966315699,X,1245,-1,9998,300
112.37127097169251,X,1559,1,9995,200
112.38220154245897,X,1671,-1,9998,300
112.4204791005398,A,1973,-1,9998,200
112.43249491858816,X,1876,1,9987,400
112.43969522253335,A,1974,-1,10003,800
112.47159133571382,X,1794,-1,9998,100
112.49331392867552,A,1975,-1,10000,200
112.50376117415989,X,1811,-1,9998,100
112.53524899026804,E,1332,-1,9998,100
112.53524899026804,E,1371,-1,9998,100
112.57960177897687,X,1971,1,9995,100
112.59729130882548,X,1872,1,9990,100
112.61585426694273,X,1821,-1,9999,100
112.61590190862448,X,1626,-1,10004,100
112.61655226137273,A,1976,-1,10001,100
112.61708813795586,X,1522,-1,9998,100
112.62458269302246,A,1977,-1,10004,400
112.64407889576621,A,1978,-1,10002,100
112.6575058214479,X,1959,1,9997,200
112.6724532129627,X,1381,-1,9998,200
112.69334503062427,A,1979,-1,10003,100
112.69494118171801,A,1980,1,9989,200
112.70228043170248,X,1806,-1,10002,100
112.74001913731693,X,1003,1,9989,100
112.74863125718593,A,1981,-1,10001,200
112.74941980221273,X,1431,-1,10007,400
112.77563121371296,A,1982,1,9993,100
112.79781158395672,A,1983,1,9996,200
112.81203044422575,A,1984,-1,10001,300
112.83157338763826,X,1797,-1,10001,100
112.85452440218657,X,1845,-1,10000,100
112.86616033624477,A,1985,-1,10000,100
112.8760553912771,X,1949,-1,10000,200
112.87781823234063,X,1962,-1,9998,100
112.9103736848207,X,1670,-1,10003,400
112.95547658551875,X,1427,-1,9998,100
112.97963826603836,A,1986,1,9988,300
112.97997249278819,X,1103,-1,10004,100
112.9834891149109,A,1987,1,9992,300
113.00769266796706,X,1510,-1,10001,100
113.06824753576966,A,1988,-1,10000,100
113.08289926866082,X,1828,1,9996,300
113.10369285470568,A,1989,1,9990,100
113.13411697299942,X,1094,-1,10004,100
113.14168818757328,X,1593,-1,9998,100
113.14515408168424,A,1990,-1,9998,100
113.15744873938789,X,1443,1,9993,200
113.16473179103875,X,1930,-1,9998,300
113.19137199985074,X,1539,1,9996,600
113.21735972481757,X,331,1,9993,100
113.27103304095941,A,1991,1,9995,200
113.30045362091649,A,1992,-1,10005,200
113.37409030739289,A,1993,-1,9998,300
113.43236439668732,X,1993,-1,9998,300
113.44660793464614,A,1994,-1,10000,300
113.44798024841016,X,1610,-1,9998,300
113.45468095155334,X,1624,-1,9998,200
113.46008303347257,X,1964,-1,9998,200
113.46801824317421,A,1995,-1,9999,100
113.46852086897977,X,1007,1,9988,200
113.50434669299196,X,1371,-1,9998,300
113.50972286012984,X,1832,-1,9998,100
113.53313192563319,X,1401,-1,9999,100
113.555688602939,X,1927,1,9992,100
113.5585756625554,X,1882,1,9995,400
113.5904572053227,X,1463,1,9995,100
113.69077486804629,X,1107,-1,10000,300
113.69296903186476,X,1870,1,9996,100
113.71373447922161,X,1690,-1,10001,100
113.75768765229945,A,1996,1,9996,100
113.79341604193324,A,1997,-1,10001,100
113.84344951775508,X,1725,-1,9998,100
113.84949131931785,A,1998,1,9989,200
113.86270515124112,A,1999,-1,10003,300
113.88185627189522,A,2000,-1,9998,200
113.89977543184904,A,2001,1,9996,200
113.93193150733681,A,2002,-1,10001,200
113.9473949254187,A,2003,-1,10000,100
113.97142432656472,X,1990,-1,9998,100
113.97937964153901,A,2004,-1,10002,100
113.99762092053477,A,2005,-1,10001,200
114.06598025635506,X,1409,-1,9999,100
114.10102834333661,A,2006,1,9995,500
114.11863380725376,A,2007,1,9991,200
114.13503503812095,A,2008,1,9994,200
114.16766410538072,A,2009,1,9993,100
114.22820419123605,X,1957,1,9989,100
114.2331959693848,X,1572,1,9988,100
114.28838162090068,X,1986,1,9988,300
114.3319362821928,X,1300,1,9993,100
114.3529036496378,A,2010,1,9997,300
114.35895141490279,X,1683,-1,9998,200
114.35967923704031,X,2000,-1,9998,200
114.36342087494224,X,1605,-1,9998,200
114.37016348840146,X,1578,-1,10000,200
114.43629700450705,A,2011,1,9995,100
114.45740103038278,X,1143,1,9996,100
114.46321879782757,X,1357,1,9996,200
114.54905430042467,A,2012,-1,10000,600
114.55544060028495,X,1411,1,9994,200
114.55678839609439,X,1560,-1,9999,100
114.568862017165,E,1603,-1,9998,100
114.5814711428651,X,1802,1,9989,100
114.61690679595371,X,1769,-1,10000,100
114.64926500838348,A,2013,1,9990,100
114.66678870636702,X,1892,-1,10006,100
114.69811302599587,X,1776,-1,10000,100
114.76577526010212,A,2014,1,9992,100
114.79588976048505,X,1016,1,9990,300
114.80058031468647,A,2015,-1,10001,100
114.8017679206953,X,1568,1,9990,200
114.81604396683507,X,1868,-1,10005,100
114.82219045900273,A,2016,1,9994,200
114.85850744195629,X,1972,-1,9998,100
114.90005532430827,A,2017,-1,10005,400
115.0109960982011,A,2018,1,9995,100
115.03146046646421,A,2019,-1,10000,100
115.03264063916829,X,1826,1,9995,200
115.03981049809167,X,1541,-1,9999,200
115.04424463545612,A,2020,1,9997,100
115.0485890352161,A,2021,-1,10001,200
115.09679645801542,A,2022,1,9992,100
115.11204949696597,X,1433,-1,10000,100
115.16732323842218,X,1748,-1,10000,100
115.21174086035661,X,1966,-1,9998,100
115.22417851859866,X,574,-1,10003,100
115.26556795156152,X,1899,1,9994,200
115.29470388570655,A,2023,1,9996,100
115.29708562666478,X,1857,1,9988,100
115.32350341985776,X,1422,-1,10002,100
115.35056136454462,A,2024,-1,10003,100
115.4665667660151,X,1352,-1,10005,100
115.51193472905716,A,2025,-1,9999,200
115.6045225759592,X,1704,-1,9999,400
115.60637101623075,A,2026,1,9994,100
115.61158959426952,X,1979,-1,10003,100
115.63005314143432,X,1680,-1,9999,200
115.64368506890288,X,1440,-1,9999,500
115.64782074117737,X,1803,-1,9999,100
115.66986956760918,A,2027,-1,9998,200
115.67753130267388,X,1996,1,9996,100
115.68007494547925,A,2028,-1,9999,400
115.68050205207406,X,795,1,9992,100
115.70386632138361,X,1603,-1,9998,500
115.72551622462885,X,2004,-1,10002,100
115.76082060849433,E,1928,1,9997,100
115.7705859329355,A,2029,1,9989,100
115.82346103719594,A,2030,-1,9999,300
115.83780342726911,X,1973,-1,9998,200
115.88613116451413,X,1651,1,9992,100
115.90035708636556,X,707,-1,9999,300
115.90672726806339,X,1521,-1,9999,100
115.92411018401319,X,770,1,9993,200
115.92534736139956,A,2031,1,9997,100
115.97828534288054,X,1349,-1,9999,500
115.9974253108898,X,1726,-1,9999,700
116.06119618587827,A,2032,-1,10007,300
116.14636829626143,A,2033,1,9993,200
116.15100383312331,E,2027,-1,9998,100
116.15675076905124,X,1347,-1,9999,100
116.18705992084367,X,1532,-1,9999,200
116.193463202977,X,2027,-1,9998,100
116.2157744389459,X,1850,-1,9999,500
116.22973620136158,X,1965,-1,9999,200
116.23704769432285,A,2034,1,9997,100
116.23760658827217,A,2035,-1,10001,100
116.25028768817569,A,2036,1,9998,500
116.26168987460089,A,2037,-1,9999,200
116.2805149201674,X,1995,-1,9999,100
116.3122001267732,A,2038,-1,9999,100
116.3330234519682,A,2039,1,9993,100
116.40366239631199,X,597,1,9993,100
116.49348888859629,X,1800,-1,9999,300
116.54357502878807,A,2040,-1,9999,100
116.56795511205357,X,920,-1,9999,100
116.59920574001035,A,2041,-1,9999,100
116.60010497728723,X,1155,-1,9999,100
116.67714925698596,X,1402,1,9990,100
116.70191105874717,A,2042,-1,9999,300
116.73752743606975,A,2043,-1,10001,600
116.74146940401477,X,1493,1,9996,100
116.7966969494128,X,1729,1,9988,100
116.80062535375252,X,1935,1,9992,300
116.84505996140224,X,1904,1,9995,100
116.85613182472267,A,2044,-1,9999,100
116.87210344390581,A,2045,-1,9999,100
116.87226610372187,A,2046,1,9995,200
116.87244885892046,X,1987,1,9992,300
116.88421441644563,X,1760,-1,9999,100
116.96240134193592,X,1737,-1,10005,100
117.0613660617586,A,2047,-1,10001,100
117.06540287671118,A,2048,-1,10003,100
117.09100708096088,X,1286,-1,9999,300
117.10004282430846,E,863,-1,9999,100
117.1410939064793,A,2049,-1,10008,300
117.15504235890853,A,2050,-1,10001,500
117.16703583467054,A,2051,1,9997,300
117.18797987112123,A,2052,1,9998,400
117.22014297086723,A,2053,1,9992,200
117.26952240700125,X,2041,-1,9999,100
117.31654754525474,A,2054,1,9997,400
117.32666128906419,A,2055,-1,10007,300
117.34862169281114,X,1820,1,9994,400
117.36703181570742,X,1774,1,9994,700
117.38654144629773,X,1878,-1,9999,400
117.4577288763178,X,1270,1,9988,100
117.47905409205949,A,2056,-1,10002,100
117.52346782082459,X,2028,-1,9999,400
117.52469043819667,X,1894,-1,9999,100
117.5259576484404,X,1823,1,9992,400
117.53142324512658,X,1809,-1,10007,700
117.55236694273698,A,2057,-1,10005,100
117.60510351174807,X,1822,-1,10000,100
117.61153534266566,X,2044,-1,9999,100
117.62604133665052,A,2058,1,9995,100
117.66487810542918,X,1178,1,9996,100
117.6650869964943,X,1265,-1,9999,100
117.68882251307124,X,2010,1,9997,300
117.69106794935217,X,1689,1,9995,300
117.7087190030183,A,2059,-1,10001,100
117.72284440084073,A,2060,-1,10006,100
117.7296027203106,A,2061,1,9996,300
117.74259016912067,A,2062,-1,9999,200
117.78494559879121,X,1918,1,9993,100
117.79087795663443,X,1468,-1,10005,300
117.80523972162922,A,2063,1,9998,100
117.81207019988588,X,1741,1,9989,100
117.84803403175928,A,2064,1,9993,100
117.85896912440674,X,2030,-1,9999,300
117.89594520447254,A,2065,-1,10002,100
117.90813477889452,X,1863,1,9996,300
117.95325084614421,X,2042,-1,9999,300
117.98324339432152,A,2066,1,9998,200
118.08469568532772,X,1926,-1,10003,100
118.09747740258535,A,2067,-1,10003,100
118.15221795377265,X,1503,-1,10002,100
118.16459576893725,A,2068,-1,10005,100
118.18258360069915,A,2069,1,9996,200
118.21401945897014,X,1787,1,9990,400
118.27930753234108,X,1852,-1,9999,300
118.29452724810739,X,2045,-1,9999,100
118.3082378934681,X,1943,1,9997,200
118.38379514112638,X,2065,-1,10002,100
118.42225074694129,A,2070,1,9995,100
118.43179434309387,A,2071,-1,9999,100
118.47758579629173,X,1366,1,9989,500
118.49782121167907,X,1418,-1,10005,100
118.53114176251908,X,2002,-1,10001,200
118.53149598612123,X,2026,1,9994,100
118.56228906370036,X,1168,-1,10004,200
118.6070338310121,A,2072,1,9997,100
118.63561393818368,A,2073,1,9993,100
118.64109197055524,X,1952,1,9997,200
118.65785477895439,X,1662,1,9994,200
118.66250497734677,A,2074,1,9998,100
118.68619034401229,A,2075,1,9996,100
118.72061688404973,A,2076,-1,10001,100
118.76458191599743,A,2077,1,9992,400
118.80446989671302,A,2078,-1,10002,100
118.82086958081986,X,2058,1,9995,100
118.82345433755506,A,2079,-1,10000,200
118.90079072822878,X,968,-1,10003,1000
118.91032584490875,A,2080,1,9998,200
118.9804782140146,X,2025,-1,9999,200
118.99483469018003,E,1799,-1,9999,100
119.01083763330348,A,2081,1,9998,600
119.01758176332683,A,2082,-1,10001,100
119.02526173541914,X,1514,1,9989,100
119.06041421835224,X,1999,-1,10003,300
119.09713682081174,X,1920,-1,10002,100
119.12990679380933,X,1660,-1,10002,200
119.13074790228963,A,2083,-1,10000,200
119.14278605139904,X,1938,1,9994,100
119.14636750223175,X,2038,-1,9999,100
119.16819546807614,A,2084,-1,9999,100
119.18518471650991,X,2051,1,9997,300
119.19099880519227,A,2085,1,9989,100
119.20493586741483,A,2086,1,9998,200
119.2222980815486,A,2087,-1,9999,100
119.23499375383729,A,2088,-1,10001,200
119.25331958406733,A,2089,-1,10000,100
119.30035570436495,X,1608,1,9995,400
119.3055872981435,X,2062,-1,9999,200
119.3057027251976,X,2075,1,9996,100
119.37266608059655,A,2090,-1,10001,100
119.38702419078349,X,1531,-1,10002,100
119.42991067703798,A,2091,1,9989,200
119.43380926673234,A,2092,-1,9999,100
119.52116783757594,A,2093,1,9995,200
119.55324878501742,X,2087,-1,9999,100
119.62470275560582,E,1880,-1,9999,100
119.62862076759015,X,2082,-1,10001,100
119.63574284072068,A,2094,1,9994,200
119.66204742916305,X,2072,1,9997,100
119.68489680198627,A,2095,1,9996,100
119.70093522521971,X,1795,1,9992,100
119.7031972716164,A,2096,-1,10001,100
119.739714276966,X,771,-1,10000,300
119.73998179481438,X,1997,-1,10001,100
119.77516617868108,X,1958,1,9993,700
119.77521552288135,X,1599,1,9993,200
119.7767117904039,X,1939,-1,9999,100
119.82296495379481,A,2097,1,9997,100
119.85538431721929,A,2098,-1,10008,400
119.87975112386958,A,2099,-1,10007,100
119.88878674707591,A,2100,1,9996,100
119.9181427137396,X,2084,-1,9999,100
119.92215505420687,A,2101,-1,9999,800
119.93688970081085,X,1506,-1,10003,100
120.00544449301364,X,1753,-1,10001,100
120.01114615794076,A,2102,1,9997,400
120.0122425363725,X,1988,-1,10000,100
120.01333417917385,X,2071,-1,9999,100
120.01533789164017,A,2103,-1,10000,200
120.02336307561377,A,2104,-1,10007,200
120.02870325798008,X,1922,-1,10001,100
120.03367816250667,A,2105,1,9994,300
120.05365663508373,X,1205,1,9996,100
120.070788237696,X,1389,-1,10000,200
120.07603691327928,A,2106,-1,10000,100
120.16446628245104,X,956,-1,10007,100
120.16668918257268,A,2107,-1,10000,200
120.18098770943861,X,2005,-1,10001,200
120.1846726305663,X,2059,-1,10001,100
120.22126602627078,X,1285,-1,10002,200
120.2285919982715,X,1963,-1,10000,100
120.25177300416608,X,775,1,9992,200
120.25511188050706,A,2108,1,9998,100
120.26463431509727,X,2040,-1,9999,100
120.27033528869435,A,2109,-1,10000,400
120.28410110836364,A,2110,1,9998,400
120.30673515565056,X,2109,-1,10000,400
120.32233389406842,X,2083,-1,10000,200
120.33087840881873,A,2111,-1,10003,100
120.33256315093442,X,1452,-1,10000,100
120.378335246224,X,1880,-1,9999,600
120.37835835350702,X,1768,-1,10000,500
120.39041806189147,X,2106,-1,10000,100
120.44499249281007,A,2112,1,9993,300
120.45564961046951,X,1909,-1,10001,300
120.4695935047384,X,2103,-1,10000,200
120.56064405680932,A,2113,1,9996,300
120.56272338202052,X,1567,1,9996,100
120.60646180476519,A,2114,-1,10001,100
120.63044115184303,X,1751,-1,10004,600
120.63822736793912,A,2115,1,9993,200
120.67698508360613,A,2116,-1,10001,200
120.69018477489934,X,1616,-1,10004,200
120.73297345938312,X,2092,-1,9999,100
120.73508735076719,A,2117,-1,10000,200
120.74223822960427,X,1237,1,9992,100
120.7519193475244,A,2118,1,9992,200
120.75810270137406,A,2119,1,9997,200
120.76285183857365,E,2037,-1,9999,100
120.77211267509978,X,2117,-1,10000,200
120.82089543566062,X,931,-1,10000,100
120.82537435228681,X,1384,-1,10003,300
120.84125013934101,X,2081,1,9998,600
120.84814234337712,X,1126,-1,10000,300
120.84929522165865,A,2120,1,9996,300
120.88502205409793,X,927,-1,10002,100
120.90824212246774,X,1994,-1,10000,300
120.91298235745234,A,2121,-1,10008,300
120.93332545011685,X,1913,1,9996,500
120.97286930178109,X,2107,-1,10000,200
121.05797547406175,X,2008,1,9994,200
121.07066548078633,X,1975,-1,10000,200
121.09503605672037,X,335,1,9993,100
121.1059037633395,A,2122,1,9995,200
121.12802189821399,X,2079,-1,10000,200
121.12817831735485,X,1818,1,9996,200
121.12940256701046,X,1576,-1,10006,500
121.15259681347908,A,2123,-1,10006,200
121.24985729570884,X,2012,-1,10000,600
121.26665251212006,A,2124,-1,10001,300
121.272655686306,X,1881,1,9992,100
121.2818595666141,X,1907,1,9992,100
121.28704882464467,A,2125,1,9997,100
121.3270782761402,X,2037,-1,9999,100
121.3344198116564,X,1360,1,9989,100
121.41006907566145,A,2126,1,9991,100
121.41358398317556,X,1886,-1,10000,200
121.42512997948383,X,1763,-1,10000,200
121.42665854985611,X,1983,1,9996,200
121.44767475620017,X,1980,1,9989,200
121.45351415462862,A,2127,-1,10001,100
121.45568754649535,X,1106,-1,10001,200
121.51614757765357,X,2101,-1,9999,800
121.51826687747005,X,1867,1,9996,200
121.56598725603595,X,1403,-1,10000,100
121.58928809319792,X,1782,-1,10000,300
121.61366395907021,X,1985,-1,10000,100
121.65384422382071,X,2019,-1,10000,100
121.6822059384105,X,1884,-1,10000,300
121.68793784413397,A,2128,1,9998,300
121.74310536991338,X,1672,1,9991,100
121.7748537058367,A,2129,-1,10007,400
121.80371402000121,A,2130,-1,10000,200
121.81618855660963,A,2131,1,9992,200
121.860027283523,X,1924,-1,10000,300
121.8813964328483,X,1691,-1,10002,100
121.95321125382547,A,2132,-1,10009,200
122.03474078456227,X,1750,1,9995,100
122.04108811888929,A,2133,1,9999,100
122.06092817312123,A,2134,1,9997,300
122.10985284034075,X,2096,-1,10001,100
122.13148054696165,A,2135,1,9996,400
122.1457822630262,A,2136,-1,10001,800
122.351608303236,A,2137,-1,10002,100
122.35727013859636,X,1467,1,9996,200
122.5018911361867,A,2138,1,9999,100
122.55664964338838,X,2007,1,9991,200
122.6231812216254,A,2139,1,9996,100
122.62350808971806,X,2090,-1,10001,100
122.62545934580046,X,1247,-1,10005,200
122.63500310199457,X,2114,-1,10001,100
122.66036010434603,X,708,-1,10000,400
122.66272622542022,X,1896,-1,10000,400
122.75567083873288,X,1622,1,9991,100
122.76641998191083,A,2140,-1,10000,100
122.82750001193564,X,2089,-1,10000,100
122.83377321624057,X,1992,-1,10005,200
122.84828512170226,A,2141,1,9996,100
122.8539050966321,X,2053,1,9992,200
122.92533588288964,A,2142,1,9995,100
122.96263098355458,X,1044,1,9995,200
122.97198473830505,A,2143,1,9996,100
122.97766103712839,A,2144,1,9993,100
123.02014550172896,X,1698,1,9992,200
123.05233381870954,A,2145,-1,10000,400
123.08034814217882,A,2146,1,9994,700
123.1166403147341,A,2147,1,9998,400
123.14435456471516,X,2145,-1,10000,400
123.18126676531169,A,2148,-1,10006,300
123.19038925134632,A,2149,-1,10000,500
123.20185164366791,A,2150,-1,10005,100
123.20385230170164,A,2151,-1,10007,100
123.20724886363114,X,2125,1,9997,100
123.2996735438038,X,2140,-1,10000,100
123.3241933464086,A,2152,-1,10001,300
123.46036885747961,A,2153,1,9998,200
123.58015823705263,A,2154,1,9991,200
123.58754467327616,X,1778,-1,10007,100
123.62974065318144,A,2155,1,9993,400
123.79347592453836,A,2156,-1,10000,100
123.8371040184101,A,2157,-1,10000,300
123.84000662002154,A,2158,-1,10009,100
123.86026766483837,A,2159,-1,10000,200
123.89402296100424,X,1970,1,9996,100
123.89536465622447,A,2160,1,9997,100
123.98469802308631,A,2161,-1,10009,200
124.02861163365962,X,2003,-1,10000,100
124.04752066330263,A,2162,1,9999,100
124.13733982990608,A,2163,1,9999,200
124.14221952736287,X,2156,-1,10000,100
124.1753988539937,A,2164,-1,10000,100
124.2036774607341,X,2054,1,9997,400
124.22791872245539,X,1749,1,9990,100
124.22992493201998,A,2165,1,9996,100
124.23236474325894,X,2055,-1,10007,300
124.24748111946423,A,2166,1,9997,300
124.29405455087206,X,2066,1,9998,200
124.31502748845887,A,2167,1,9993,100
124.35501590741724,A,2168,-1,10005,200
124.37569270173552,X,2130,-1,10000,200
124.38843039345173,X,2129,-1,10007,400
124.40516356723366,A,2169,1,9993,100
124.40816381459011,A,2170,-1,10001,300
124.49948859473042,X,2078,-1,10002,100
124.55693556334565,A,2171,-1,10004,100
124.60255408036265,X,2110,1,9998,400
124.67109647516558,X,1815,1,9989,100
124.6737427190161,A,2172,-1,10005,400
124.6968684997932,A,2173,1,9990,100
124.70765570627074,X,195,-1,10002,400
124.73212179064208,A,2174,-1,10003,300
124.75479864616096,X,1511,1,9993,100
124.83269226434722,A,2175,-1,10001,200
124.83859029616048,A,2176,-1,10006,100
124.86567007473643,X,1299,1,9990,100
124.88740714184581,A,2177,-1,10000,100
124.89375684798469,A,2178,1,9998,200
124.89970275842171,X,2111,-1,10003,100
124.92277705961936,A,2179,-1,10001,200
124.98504814419415,A,2180,-1,10000,200
125.0028542690169,A,2181,-1,10000,200
125.06151278654556,A,2182,-1,10001,100
125.07195893970803,X,1898,1,9992,200
125.08133404598541,A,2183,1,9996,200
125.08256594205301,A,2184,-1,10002,100
125.08745177986634,A,2185,1,9990,200
125.09810366228012,A,2186,-1,10005,100
125.10440136679901,A,2187,1,9995,100
125.25141063627147,X,2093,1,9995,200
125.25153451173024,A,2188,1,9994,100
125.40723904741813,X,1128,1,9996,100
125.42753596185824,A,2189,1,9995,200
125.42823619188496,X,2180,-1,10000,200
125.47587357371526,X,2172,-1,10005,400
125.4762337050084,X,2159,-1,10000,200
125.48104072062681,A,2190,-1,10005,200
125.53335440655742,A,2191,1,9999,100
125.56562815012754,X,1945,1,9995,100
125.5994159581166,X,727,-1,10002,100
125.67133067510098,X,330,-1,10003,100
125.71560401662619,A,2192,-1,10008,100
125.79040751535051,X,2181,-1,10000,200
125.83053555997562,X,2191,1,9999,100
125.86211643439519,X,1754,-1,10004,100
125.92515293747219,X,2047,-1,10001,100
125.94223358710516,A,2193,1,9992,500
126.00420776202718,X,1810,1,9996,100
126.05182058180273,X,2149,-1,10000,500
126.05312219355781,A,2194,1,9996,100
126.07740295337715,X,1386,-1,10003,200
126.13982438584326,A,2195,-1,10007,200
126.1799149044334,A,2196,-1,10004,100
126.18483576004019,A,2197,1,9996,300
126.19123427443347,A,2198,-1,10000,100
126.19252860877702,A,2199,-1,10001,100
126.21515863709543,X,2032,-1,10007,300
126.21543923015594,X,2198,-1,10000,100
126.25386906110626,A,2200,1,9994,300
126.26613322657582,X,2164,-1,10000,100
126.28668793530241,X,2104,-1,10007,200
126.32184192630625,A,2201,1,9991,100
126.3668011343147,X,2157,-1,10000,300
126.39537844864942,A,2202,-1,10006,200
126.4132490221981,A,2203,1,9997,100
126.47449642428931,A,2204,1,9999,300
126.51158786909423,A,2205,1,9998,300
126.63032322476762,X,1792,1,9995,200
126.63843488601321,X,2192,-1,10008,100
126.64306366684411,A,2206,-1,10004,300
126.74069508516216,X,2023,1,9996,100
126.7421756077916,X,1362,-1,10003,300
126.74537370051631,A,2207,1,9994,200
126.77394776763346,X,2177,-1,10000,100
126.80834029983,A,2208,-1,10007,200
126.82466014792888,A,2209,1,10000,100
126.89759984480644,A,2210,1,9997,300
126.92348172051358,X,1625,1,9991,100
126.9589994940871,A,2211,1,9998,200
127.03771939275147,X,2064,1,9993,100
127.1028041741632,A,2212,-1,10010,100
127.13516138904622,X,1846,-1,10002,200
127.21772801762391,E,2209,1,10000,100
127.22635182819623,X,1897,-1,10002,200
127.22796712790887,A,2213,1,9996,200
127.27245650308278,X,906,-1,10001,200
127.29102034823997,A,2214,1,10000,300
127.29423059325636,X,1501,1,9994,200
127.30433619926019,X,2161,-1,10009,200
127.35827401021105,A,2215,-1,10001,100
127.37234821149367,X,1323,-1,10003,300
127.3953861720115,E,2214,1,10000,100
127.41853191537766,A,2216,1,9999,500
127.5031625250741,A,2217,-1,10007,500
127.53125825691146,A,2218,1,9999,100
127.53172722881727,A,2219,1,10000,100
127.5422149535575,A,2220,1,9998,200
127.65150425675704,A,2221,1,9998,300
127.66895559592255,A,2222,-1,10001,400
127.71091042595053,A,2223,-1,10008,200
127.7658003320775,X,2168,-1,10005,200
127.78069684539142,X,1606,-1,10002,100
127.81146091937535,X,2185,1,9990,200
127.82265656806376,X,1805,1,9996,100
127.82913940641679,X,2108,1,9998,100
127.95265238632565,X,1072,-1,10003,400
127.95632782897532,X,2179,-1,10001,200
127.98021487276557,A,2224,1,9997,400
127.99132656187824,X,2176,-1,10006,100
128.04398477572371,A,2225,-1,10005,400
128.11907566053605,X,1866,-1,10006,200
128.154467736514,A,2226,1,9991,100
128.16670722426275,X,2200,1,9994,300
128.22968274880142,X,2221,1,9998,300
128.2538471505222,A,2227,-1,10001,200
128.27290857819472,A,2228,1,9991,100
128.2832843482545,A,2229,-1,10003,100
128.32347789284313,A,2230,1,10000,200
128.37278938562707,A,2231,1,9996,100
128.37626384791503,X,1911,-1,10002,200
128.3930149612754,A,2232,1,9998,300
128.5196389643787,A,2233,-1,10002,100
128.52070288150364,A,2234,1,9995,100
128.52958308517535,X,1981,-1,10001,200
128.53906812445751,A,2235,1,9993,400
128.5452160813385,A,2236,1,9998,400
128.55132421335804,X,2091,1,9989,200
128.5514870426705,X,1694,-1,10003,100
128.5741464963437,X,1706,-1,10006,200
128.5983589314398,X,2088,-1,10001,200
128.60443144021286,A,2237,1,9996,200
128.62799821142895,A,2238,1,9992,200
128.68837280413535,X,2080,1,9998,200
128.7307171083242,A,2239,-1,10005,200
128.74383510434512,X,1967,1,9996,100
128.76716633466373,A,2240,1,9997,100
128.76810707305023,X,1182,1,9992,100
128.7738935237373,X,2021,-1,10001,200
128.7741122495629,X,1759,1,9996,500
128.79543316183495,X,1788,1,9996,400
128.80449490491344,X,969,-1,10001,100
128.8882914341467,A,2241,1,9995,400
128.91754094005069,X,1614,1,9993,100
128.9286687947919,X,2085,1,9989,100
128.9875825025649,X,1902,1,9995,200
129.00181044086943,A,2242,-1,10001,200
129.01911268760608,X,823,1,9993,400
129.0319864706784,A,2243,-1,10002,100
129.08040268813087,A,2244,1,9997,100
129.13571051464197,A,2245,1,9999,300
129.13818342861725,X,2061,1,9996,300
129.18759613330826,A,2246,-1,10008,300
129.19235967715954,A,2247,-1,10002,100
129.2242810920956,A,2248,-1,10004,100
129.25889324206136,A,2249,1,9995,200
129.30083793851435,X,2112,1,9993,300
129.30225957797333,A,2250,-1,10001,300
129.30366392237437,A,2251,1,9997,100
129.3068269193165,A,2252,-1,10005,200
129.35984989784632,X,1456,1,9991,200
129.38873581909803,X,2015,-1,10001,100
129.41558168447483,A,2253,-1,10006,100
129.4547933086715,A,2254,-1,10004,100
129.51582273900448,X,1914,1,9994,700
129.55737189081756,A,2255,-1,10002,300
129.559713938239,A,2256,1,9998,300
129.58450233714757,A,2257,-1,10003,200
129.72950157603447,A,2258,1,10000,300
129.73988591923788,X,1848,-1,10005,200
129.83239583336714,X,2205,1,9998,300
129.83489239501668,A,2259,-1,10006,200
129.99377235752533,X,1836,1,9993,300
130.0717512173867,A,2260,1,9994,100
130.13836976236087,A,2261,1,9999,100
130.1743073860728,A,2262,1,9992,300
130.207490003425,A,2263,-1,10006,100
130.33179445294613,A,2264,-1,10004,100
130.34273697269887,X,2239,-1,10005,200
130.42944525511604,A,2265,-1,10005,100
130.44891839074504,X,2160,1,9997,100
130.45937576648618,A,2266,1,9997,100
130.4960498571256,X,1937,1,9994,100
130.5187793342486,X,2258,1,10000,300
130.528235713954,X,1652,1,9994,300
130.53722229980772,X,2212,-1,10010,100
130.53796044319876,A,2267,1,9997,100
130.64873225159744,A,2268,-1,10001,200
130.69330597463124,X,2147,1,9998,400
130.69509079417645,X,2232,1,9998,300
130.69546614792566,X,2261,1,9999,100
130.69887752652681,X,2118,1,9992,200
130.71109828276244,X,1664,1,9996,600
130.71141227843003,X,2216,1,9999,500
130.71731537880981,A,2269,1,9991,100
130.73024530468336,X,2128,1,9998,300
130.7739883502388,X,2063,1,9998,100
130.78678831552844,X,2043,-1,10001,600
130.7922968282564,X,2143,1,9996,100
130.79955462798046,X,2224,1,9997,400
130.82324970379136,X,2173,1,9990,100
130.84089528538738,X,2211,1,9998,200
130.87398055308648,X,2074,1,9998,100
130.8771577700549,X,1968,1,9994,100
130.87933735663682,X,2231,1,9996,100
130.88962957096533,X,2068,-1,10005,100
130.940400198156,X,1395,1,9989,100
130.94053423984462,A,2270,-1,10002,200
130.98031368295662,X,2195,-1,10007,200
131.00094552148715,X,2214,1,10000,200
131.00491907123248,A,2271,-1,10007,100
131.00586687086542,A,2272,-1,10010,100
131.07120313083993,X,2133,1,9999,100
131.09573404043442,X,1807,1,9996,200
131.1082790345981,X,2052,1,9998,400
131.10984262557835,X,2165,1,9996,100
131.11336024668987,X,2036,1,9998,500
131.13923185438117,E,2219,1,10000,100
131.16845021564438,X,2265,-1,10005,100
131.1997859021397,X,1946,-1,10002,100
131.2124753452685,X,1877,1,9996,200
131.24861095950308,X,2134,1,9997,300
131.25429828566052,X,2267,1,9997,100
131.27726484106967,X,2031,1,9997,100
131.2976669846838,X,2102,1,9997,400
131.30492646353244,X,1940,-1,10004,400
131.3062575921706,X,2245,1,9999,300
131.3086839499154,X,2153,1,9998,200
131.32866138478028,X,2119,1,9997,200
131.33501137174267,X,2163,1,9999,200
131.33562975472844,X,2138,1,9999,100
131.33676538229244,X,2236,1,9998,400
131.34260817954686,X,924,1,9996,200
131.37083324253194,X,2204,1,9999,300
131.37820535159415,X,2234,1,9995,100
131.38647253862263,X,2034,1,9997,100
131.3894518463696,X,1847,-1,10002,200
131.40612607342644,X,1026,1,9996,100
131.42128857083262,X,2120,1,9996,300
131.4320955438637,X,1499,1,9996,100
131.48717224644423,X,1969,1,9997,100
131.4972338829932,X,2113,1,9996,300
131.50968005080344,X,2139,1,9996,100
131.5167737445217,X,2029,1,9989,100
131.5278799243986,X,2151,-1,10007,100
131.54430695827153,X,2237,1,9996,200
131.5522586299851,X,2230,1,10000,200
131.55365362603126,X,2166,1,9997,300
131.58164518222083,X,2167,1,9993,100
131.58986174778488,A,2273,1,9992,400
131.5909179970133,A,2274,-1,10000,100
131.61772432137985,X,2162,1,9999,100
131.62429451344286,A,2275,-1,10000,200
131.65133148228685,A,2276,1,9995,300
131.6930157605784,X,1812,1,9996,500
131.7697731991421,X,2240,1,9997,100
131.77023103149287,X,2218,1,9999,100
131.7731354473418,A,2277,-1,10006,200
131.8002400045998,X,2086,1,9998,200
131.80962546920335,X,2244,1,9997,100
131.82113407717944,A,2278,-1,10007,100
131.8380396515531,X,2100,1,9996,100
131.84086895975923,A,2279,1,9994,700
131.92556267652975,X,2256,1,9998,300
131.95942449700965,A,2280,-1,10004,100
131.97892200105966,X,1663,1,9996,500
131.99762014060596,X,2203,1,9997,100
132.00601233234406,X,2210,1,9997,300
132.02830736476866,E,2178,1,9998,100
132.03366046364553,X,1829,1,9996,100
132.04386126047012,X,2123,-1,10006,200
132.06585801952698,E,2178,1,9998,100
132.07134509197198,X,2220,1,9998,200
132.0918135203329,X,1956,-1,10005,200
132.10282334225045,E,1929,1,9997,100
132.10282334225045,E,1948,1,9997,100
132.11164632322,X,1784,1,9995,100
132.13642777446984,X,1791,1,9996,100
132.14190347976665,X,1755,1,9996,100
132.14205383885425,A,2281,1,9993,200
132.14866470585,X,2266,1,9997,100
132.16943796681502,A,2282,-1,9999,100
132.1808968186139,A,2283,1,9993,200
132.2064529526565,X,2213,1,9996,200
132.21770321580152,X,806,1,9992,200
132.23949191073947,A,2284,-1,10001,100
132.27016106819548,A,2285,-1,10006,600
132.28040623159387,X,1817,-1,10001,100
132.28824120877047,X,1858,1,9995,100
132.33455314911367,X,1770,1,9996,200
132.35403040360143,A,2286,-1,10002,200
132.42579165605235,A,2287,-1,10005,100
132.448599263087,A,2288,1,9997,100
132.5567618254752,A,2289,1,9997,100
132.56647738761498,X,2289,1,9997,100
132.57224787886418,X,2187,1,9995,100
132.61081179551593,X,1841,1,9990,100
132.62386888213732,X,1311,-1,10007,300
132.6264458719528,A,2290,-1,10001,300
132.6667784318138,X,2095,1,9996,100
132.67274186267525,X,1598,1,9996,500
132.67755802822694,X,1917,-1,10001,100
132.67896568190602,A,2291,-1,9998,100
132.6934170033833,X,2251,1,9997,100
132.74559099622587,X,1638,1,9994,100
132.7681631972743,X,1465,1,9993,300
132.82090059993374,A,2292,1,9989,100
132.83816325437158,X,1001,1,9996,100
132.908559985246,A,2293,-1,9999,100
132.9100238634777,X,2020,1,9997,100
132.94582137109995,X,2197,1,9996,300
132.99932844984488,A,2294,-1,9998,100
133.02962474415705,X,2049,-1,10008,300
133.04153602912328,X,879,1,9990,300
133.0439635985768,A,2295,-1,9998,100
133.06711520207216,X,2288,1,9997,100
133.0735979438214,A,2296,1,9996,500
133.11376269186513,X,1710,-1,10002,200
133.11768389932334,X,1488,1,9996,300
133.148306694148,X,2222,-1,10001,400
133.18226525393197,A,2297,-1,10001,300
133.19373303813313,X,1843,-1,10004,100
133.2113159728211,X,2141,1,9996,100
133.21286761724383,X,2269,1,9991,100
133.22878344630263,X,1779,1,9993,100
133.25263398823054,X,1158,1,9996,200
133.2599402888374,X,2135,1,9996,400
133.27439129365945,A,2298,1,9991,100
133.29680162422437,X,1548,1,9990,200
133.37525439371115,A,2299,-1,9999,200
133.37961580654493,X,1905,1,9987,100
133.46320093011556,A,2300,-1,10004,200
133.4685844310292,X,2001,1,9996,200
133.58314643374297,X,2246,-1,10008,300
133.6021543688085,A,2301,1,9996,100
133.62450067527888,A,2302,-1,10005,100
133.65963144844525,X,1849,1,9993,100
133.6678589987101,A,2303,1,9997,200
133.69810306438458,X,2223,-1,10008,200
133.72005442897122,X,2183,1,9996,200
133.72726998110295,X,2296,1,9996,500
133.7353897682193,A,2304,-1,10000,400
133.75749861777072,X,1875,-1,10001,100
133.78092317665116,A,2305,1,9996,200
133.8545430465164,X,2273,1,9992,400
133.9606263502676,A,2306,-1,10007,100
134.00469075847408,X,1497,-1,10001,200
134.0109579718623,X,1582,1,9989,100
134.02009569525046,A,2307,1,9994,200
134.14785853365726,A,2308,1,9997,200
134.16325440803243,A,2309,1,9993,100
134.22761557760143,A,2310,1,9992,200
134.24311830949713,A,2311,1,9989,200
134.24887180662932,X,2301,1,9996,100
134.2682707029771,X,2226,1,9991,100
134.27932880971463,A,2312,1,9995,400
134.28630022473928,A,2313,1,9988,100
134.38069879408857,X,1354,1,9996,400
134.39468289171305,X,2009,1,9993,100
134.4157406153338,X,2303,1,9997,200
134.43749163526314,A,2314,-1,10003,200
134.48399658640184,X,1719,1,9996,300
134.51833800041535,X,2305,1,9996,200
134.53479392571677,X,2131,1,9992,200
134.5349536415433,A,2315,1,9996,100
134.54531885966753,X,2132,-1,10009,200
134.5610911255747,X,2308,1,9997,200
134.56592034039716,A,2316,1,9993,200
134.574538241386,X,1296,1,9995,300
134.66073220920921,X,1413,-1,10002,100
134.69193023663598,X,2285,-1,10006,600
134.70025995644318,A,2317,-1,9999,500
134.70398062694647,A,2318,-1,10002,100
134.71169445053613,A,2319,1,9995,200
134.73157803101037,X,2274,-1,10000,100
134.75412659838457,A,2320,-1,9999,200
134.7609724378956,X,2315,1,9996,100
134.8580069459516,X,2262,1,9992,300
134.86743001890997,A,2321,1,9996,100
134.8752913170011,A,2322,1,9991,100
134.92318516524293,X,1819,1,9988,100
134.96077516674723,A,2323,1,9996,100
134.99658574342482,X,2073,1,9993,100
135.11169898158553,X,1239,1,9995,100
135.14566694011168,X,763,-1,10003,700
135.15199240568032,X,2287,-1,10005,100
135.15705964437606,A,2324,-1,9998,100
135.16411392185952,A,2325,-1,10000,400
135.23872866428545,X,1543,1,9993,500
135.2483630393162,A,2326,1,9991,200
135.25511348677463,X,2268,-1,10001,200
135.2903813319815,A,2327,1,9995,200
135.29424712664394,A,2328,1,9995,400
135.33517595225945,X,2097,1,9997,100
135.3909001920844,A,2329,-1,9998,100
135.42704949225853,A,2330,-1,9997,100
135.52685628488763,A,2331,-1,10004,100
135.64374208601606,A,2332,1,9992,100
135.644669970858,A,2333,-1,9997,200
135.70238484609433,A,2334,1,9996,100
135.7360219218911,X,2297,-1,10001,300
135.79169821868425,A,2335,-1,9998,100
135.81005215488284,A,2336,1,9992,100
135.86278346082108,X,2094,1,9994,200
135.8634873570209,X,2334,1,9996,100
135.87241412676366,A,2337,1,9989,100
135.87276320141572,A,2338,1,9994,100
135.96212878874252,A,2339,-1,10000,100
136.03651922540536,X,2194,1,9996,100
136.0413068711992,X,1942,1,9993,200
136.08693675198427,X,2144,1,9993,100
136.1194585033675,X,1738,-1,10001,100
136.1676649618966,A,2340,1,9988,100
136.22848179015173,A,2341,-1,9999,300
136.29249479453972,A,2342,1,9995,300
136.30309946058006,X,2069,1,9996,200
136.33186038813687,X,2291,-1,9998,100
136.33714658875545,X,1951,1,9995,200
136.36567241132315,A,2343,1,9996,100
136.37416805590712,A,2344,1,9996,100
136.39389615849123,A,2345,-1,9997,200
136.41044925275907,X,897,1,9995,600
136.4634776176725,X,2255,-1,10002,300
136.5023808817354,X,2169,1,9993,100
136.62952450973222,A,2346,1,9987,700
136.685692288578,A,2347,-1,9999,100
136.72782361710836,A,2348,-1,9998,400
136.75595001654818,X,2335,-1,9998,100
136.77839671875262,A,2349,-1,10003,100
136.78854841453685,X,2188,1,9994,100
136.79154952204053,A,2350,-1,10003,200
136.81106036403642,A,2351,1,9996,100
136.8454100828199,X,1978,-1,10002,100
136.86408249664407,E,2330,-1,9997,100
136.89283584963215,X,1856,1,9991,300
136.89882125936742,X,2229,-1,10003,100
136.9402481358184,X,2304,-1,10000,400
136.94121146742535,A,2352,1,9992,200
136.95358463176575,E,2321,1,9996,100
137.00116663665128,X,948,1,9995,300
137.04072148903208,A,2353,1,9991,300
137.08168619183724,X,1984,-1,10001,300
137.1141368264379,A,2354,1,9991,400
137.11568190733243,A,2355,-1,9997,200
137.19081866620618,A,2356,1,9996,500
137.1918661898115,X,2323,1,9996,100
137.1934837018301,X,1767,-1,10002,200
137.2044644754582,A,2357,1,9996,100
137.2528503778665,X,2276,1,9995,300
137.303527225478,A,2358,1,9995,400
137.3997036079274,X,2357,1,9996,100
137.4491790355207,A,2359,-1,9997,300
137.49266434642277,A,2360,1,9995,500
137.57611372687174,A,2361,1,9992,200
137.5805890628545,X,2359,-1,9997,300
137.63829128006694,A,2362,1,9995,100
137.6808271734533,X,2278,-1,10007,100
137.70144772756746,A,2363,1,9993,100
137.77185839054064,X,2351,1,9996,100
137.8640185751547,A,2364,-1,9999,400
137.96032860642882,X,2024,-1,10003,100
137.98738219720454,X,1145,1,9990,200
138.00542510933346,X,2057,-1,10005,100
138.0417465056759,X,1974,-1,10003,800
138.10362241968025,A,2365,-1,9999,200
138.22130717095453,A,2366,-1,10005,100
138.27103056064828,X,2344,1,9996,100
138.302899593761,X,2356,1,9996,500
138.31785739855025,A,2367,-1,9997,100
138.4007549957606,X,2320,-1,9999,200
138.41339771051523,X,2358,1,9995,400
138.5967450710606,A,2368,-1,9998,100
138.6838903977902,A,2369,-1,9997,300
138.74171652167726,A,2370,1,9991,200
138.74312085429227,X,1869,1,9992,200
138.7563135066212,X,2277,-1,10006,200
138.77345111854484,A,2371,1,9988,100
138.78757491101823,A,2372,1,9995,100
138.80826101076624,X,2340,1,9988,100
138.81481355743023,A,2373,1,9992,100
138.83092585576023,X,2017,-1,10005,400
138.86899609435102,A,2374,-1,9999,200
138.883701515275,X,1758,1,9990,700
138.92493613490282,A,2375,-1,10005,100
138.93311896588128,X,2362,1,9995,100
138.96728704097794,A,2376,-1,9998,100
138.97444564022197,A,2377,1,9988,100
139.08351005522866,A,2378,-1,10002,300
139.10216843416578,A,2379,-1,9997,200
139.12844499132822,A,2380,-1,10005,400
139.1874168391193,X,2193,1,9992,500
139.20586283215994,A,2381,1,9996,100
139.23614566563435,A,2382,-1,10006,100
139.36157566675743,A,2383,-1,10004,100
139.41131441731372,X,2325,-1,10000,400
139.4478133593055,X,1931,-1,10003,100
139.48679145187694,X,2202,-1,10006,200
139.51854262452832,A,2384,-1,10002,200
139.53852309089555,A,2385,1,9993,100
139.5926974257627,X,2385,1,9993,100
139.61356950193866,A,2386,-1,10003,100
139.6876572495232,A,2387,-1,10000,100
139.75020453168077,X,2186,-1,10005,100
139.76659308360811,X,2039,1,9993,100
139.8542205277852,A,2388,1,9990,200
139.88944557691434,X,1901,1,9988,400
139.89267350654316,A,2389,1,9994,200
139.93609873965394,A,2390,-1,10003,100
139.95283419942902,X,2365,-1,9999,200
139.97486597650956,X,108,-1,10007,500
140.02996331081516,X,1743,-1,10002,700
140.04425366413588,X,2346,1,9987,700
140.05528053454373,X,2035,-1,10001,100
140.1424652429627,X,2353,1,9991,300
140.1499073005696,A,2391,-1,9999,300
140.1580833739962,A,2392,-1,10001,100
140.16127375000033,A,2393,-1,9998,100
140.1713331250699,A,2394,-1,9997,400
140.19372511353117,A,2395,-1,9997,100
140.20374073893973,X,2282,-1,9999,100
140.23218636083033,A,2396,1,9996,400
140.28068242092263,X,2366,-1,10005,100
140.51708991440725,A,2397,-1,10000,100
140.53146236928578,A,2398,1,9989,100
140.5642788008247,X,2328,1,9995,400
140.6162606961366,A,2399,-1,9999,100
140.63072102704558,X,2337,1,9989,100
140.67501867368733,A,2400,1,9990,100
140.7130288702722,A,2401,-1,9998,100
140.74589157648379,X,2238,1,9992,200
140.787281578619,A,2402,1,9988,100
140.83046698921632,A,2403,-1,10001,100
140.83968938509523,A,2404,-1,9997,400
140.8445945670663,A,2405,1,9992,200
140.88630110209266,A,2406,1,9996,100
140.93834697468128,X,2189,1,9995,200
140.94808487072092,A,2407,-1,9998,200
140.95082669542612,A,2408,1,9995,200
140.96344184156558,X,2390,-1,10003,100
140.96862588224764,A,2409,1,9995,200
140.97144958298313,X,2199,-1,10001,100
140.97674050825216,A,2410,1,9993,100
140.98927374113512,A,2411,-1,9999,200
141.0034515805068,A,2412,-1,9997,500
141.0354392295062,A,2413,-1,10003,300
141.03769802651476,A,2414,1,9995,100
141.056752100703,A,2415,-1,10004,100
141.0697334180904,A,2416,-1,10005,200
141.07210368547496,A,2417,-1,10001,100
141.09386725765327,A,2418,-1,9998,100
141.10368399333672,A,2419,-1,10003,100
141.10502875423862,A,2420,1,9989,300
141.11233695648806,X,2014,1,9992,100
141.115006177985,A,2421,1,9996,100
141.1258721739852,A,2422,-1,9997,100
141.13433750432011,A,2423,-1,9998,400
141.1531569636658,A,2424,1,9994,300
141.21754666397283,A,2425,1,9996,400
141.24255379866338,X,1944,-1,10001,200
141.31894141459975,A,2426,-1,9998,1000
141.33229059544252,X,2387,-1,10000,100
141.33552510403905,A,2427,-1,10000,100
141.36012769885096,A,2428,-1,9998,100
141.498104120425,X,2076,-1,10001,100
141.57969701536896,A,2429,1,9994,100
141.598383188066,X,1420,1,9988,100
141.64380775038367,A,2430,1,9987,300
141.66081581286852,A,2431,-1,10001,600
141.670670558988,A,2432,1,9994,100
141.68424223835606,X,2207,1,9994,200
141.80639145965017,A,2433,1,9993,100
141.83857072754128,X,2290,-1,10001,300
141.86126115382848,A,2434,-1,9998,100
141.87389296974504,A,2435,-1,9998,100
141.87740474160432,X,2389,1,9994,200
141.95511597789175,X,1960,-1,10006,200
141.9672450557788,X,2421,1,9996,100
142.01260289015758,X,1871,-1,10003,100
142.12147381203974,X,2405,1,9992,200
142.15041809172328,X,2368,-1,9998,100
142.16280755767846,A,2436,1,9989,400
142.26853075694885,X,2018,1,9995,100
142.321098761064,A,2437,1,9989,100
142.42012006917034,A,2438,1,9989,100
142.44591819924048,A,2439,1,9996,100
142.53332012231323,X,2270,-1,10002,200
142.58985868304632,X,2378,-1,10002,300
142.63019783952728,A,2440,1,9995,100
142.63650140936656,A,2441,-1,9998,300
142.69235683652929,A,2442,-1,10003,100
142.70697346572894,X,2343,1,9996,100
142.71143532911762,A,2443,1,9992,200
142.7749003607296,A,2444,1,9987,100
142.80956211486964,X,1991,1,9995,200
142.829068798233,X,2319,1,9995,200
142.85672767260402,A,2445,1,9990,400
142.8691603118234,X,2306,-1,10007,100
142.87938637881294,A,2446,-1,9999,100
142.90728089206945,X,1099,1,9995,400
142.90935873515775,X,688,1,9995,100
142.95398211531884,A,2447,1,9988,100
142.96246319951004,X,2379,-1,9997,200
142.96815755753678,A,2448,-1,10000,400
143.05946059812314,X,2105,1,9994,300
143.06336972143285,A,2449,-1,9997,200
143.0929400502279,A,2450,1,9987,200
143.1110825005524,A,2451,1,9989,100
143.12826357813495,X,2299,-1,9999,200
143.23849142379143,X,2447,1,9988,100
143.26212567077405,A,2452,1,9991,100
143.38807187766875,X,2423,-1,9998,400
143.3899857340961,X,1564,-1,10006,500
143.4114117851266,A,2453,1,9993,100
143.41446906924986,X,1590,1,9993,100
143.4572178682648,A,2454,-1,10006,300
143.4777977291597,A,2455,-1,9997,200
143.4791536617634,X,2294,-1,9998,100
143.57385412279055,A,2456,-1,9999,300
143.58932088915748,X,1977,-1,10004,400
143.59309199937434,A,2457,1,9995,100
143.60701555884867,A,2458,-1,9997,100
143.60808749847743,X,2341,-1,9999,300
143.61324274724427,A,2459,1,9993,100
143.62294495893482,A,2460,-1,10001,100
143.6416841152913,X,2293,-1,9999,100
143.69981972846415,A,2461,-1,9997,700
143.70123544498009,A,2462,-1,9999,500
143.87405775186053,X,1934,-1,10007,100
143.9313308467793,X,2060,-1,10006,100
143.95390917074198,A,2463,-1,9998,200
143.97885412236707,X,1649,1,9994,200
144.00717233487222,A,2464,1,9990,100
144.10344744177897,E,2381,1,9996,100
144.10344744177897,E,2396,1,9996,200
144.1148787435141,A,2465,1,9992,300
144.20943458973602,X,1228,-1,10001,100
144.22293554488795,X,2450,1,9987,200
144.2757477236271,A,2466,1,9996,200
144.34685360459355,A,2467,-1,9998,300
144.39344197037667,X,1915,1,9995,100
144.45048246861853,X,1813,-1,10003,300
144.45839431668043,A,2468,1,9995,100
144.52573369077228,A,2469,1,9990,100
144.5341726456425,A,2470,-1,10004,400
144.5446229133379,A,2471,1,9992,200
144.56724922226834,A,2472,1,9987,500
144.59281854109727,A,2473,-1,10001,100
144.6499082807748,A,2474,-1,10002,100
144.68341734059155,A,2475,1,9990,100
144.70401051018447,X,2470,-1,10004,400
144.7379771711451,X,2116,-1,10001,200
144.7398358324306,A,2476,1,9991,200
144.8267958327201,X,2310,1,9992,200
144.85125250527398,A,2477,1,9991,100
144.94394072154137,X,2252,-1,10005,200
144.96354912782644,A,2478,1,9989,200
145.01104365585576,A,2479,1,9995,400
145.0205012478999,A,2480,-1,10001,100
145.03381129720012,A,2481,-1,9998,100
145.03680891576002,X,2314,-1,10003,200
145.0379021793538,A,2482,1,9996,1200
145.07351045634346,X,1833,1,9995,200
145.11258138929836,A,2483,1,9995,100
145.18566955835988,X,2409,1,9995,200
145.20262408974358,E,2396,1,9996,100
145.2161498060009,A,2484,-1,9998,100
145.2542973559184,X,2307,1,9994,200
145.27193422245261,A,2485,1,9994,100
145.29151593339137,X,1890,-1,10002,200
145.3918314123621,A,2486,-1,10005,100
145.44634866625972,A,2487,-1,9999,100
145.50973169760158,A,2488,-1,9999,100
145.51960628550756,X,2206,-1,10004,300
145.58073222623827,A,2489,1,9993,100
145.6502821255932,A,2490,-1,10003,600
145.76195165863746,X,2150,-1,10005,100
145.85350701003674,A,2491,-1,10006,200
145.97599054458118,A,2492,1,9995,300
145.9992730785947,E,2333,-1,9997,200
146.0142642860846,A,2493,-1,10002,200
146.05351140817584,A,2494,-1,10004,100
146.189397520442,A,2495,-1,10001,400
146.2110954306029,A,2496,1,9990,100
146.2482158877252,A,2497,1,9995,300
146.2783664782022,X,2455,-1,9997,200
146.2872237818632,A,2498,-1,9998,100
146.29062907428684,A,2499,-1,9998,200
146.40720645463537,A,2500,1,9993,100
146.44345774499575,A,2501,-1,10001,100
146.47472349950502,A,2502,-1,10003,300
146.5344655095034,X,2272,-1,10010,100
146.61079161375994,A,2503,1,9993,100
146.6671196610039,X,1855,1,9989,100
146.6957176605998,X,2284,-1,10001,100
146.75123538897498,E,2345,-1,9997,100
146.799669284587,A,2504,-1,9999,100
146.80315851574608,A,2505,1,9995,100
146.83914332542244,A,2506,1,9996,600
146.88193948786335,A,2507,-1,9998,500
146.91024076413146,A,2508,-1,10001,300
146.98349234517136,X,2124,-1,10001,300
146.99626802098453,X,2148,-1,10006,300
147.01435510650694,A,2509,-1,10000,100
147.09919834852874,X,2398,1,9989,100
147.1039895098892,X,2033,1,9993,200
147.1223161674292,A,2510,-1,9998,200
147.15513765421866,A,2511,-1,10006,300
147.17603853842002,A,2512,-1,10003,100
147.210234666143,X,1244,-1,10007,300
147.21728779525046,A,2513,-1,9998,100
147.32133643336002,A,2514,1,9989,400
147.36870494263067,A,2515,-1,9999,300
147.40872268026715,X,2505,1,9995,100
147.45259407008962,A,2516,-1,10002,200
147.47289297911615,A,2517,-1,10005,100
147.5550056890453,A,2518,1,9994,100
147.5783825070527,X,1717,-1,10005,700
147.58687374411525,X,1703,1,9995,200
147.62707536390928,A,2519,1,9994,300
147.6511055375139,A,2520,1,9995,100
147.6543727493824,X,2377,1,9988,100
147.66932067252026,A,2521,1,9992,100
147.68392884446627,A,2522,1,9990,100
147.78242000458894,A,2523,-1,9998,100
147.78788957049048,X,2514,1,9989,400
147.8662656514711,X,2393,-1,9998,100
147.87969302959542,A,2524,1,9995,100
147.96768632238206,X,2411,-1,9999,200
147.9944718762881,A,2525,1,9990,200
148.01979041151782,A,2526,1,9991,100
148.0246811459781,X,1515,1,9993,200
148.0409940290863,A,2527,-1,9999,400
148.10435782910156,A,2528,-1,10001,100
148.1667264143174,A,2529,-1,10006,400
148.2590070260494,A,2530,-1,10005,100
148.27447344465597,X,1648,1,9995,100
148.2797446533085,X,2243,-1,10002,100
148.31626409551197,A,2531,-1,9998,100
148.327057076111,X,2227,-1,10001,200
148.46796683394766,A,2532,1,9987,100
148.4814199933264,X,1804,1,9995,400
148.4897791144612,A,2533,-1,9998,300
148.50452136946734,A,2534,1,9988,200
148.53469011700295,A,2535,-1,10005,200
148.5414579389607,A,2536,1,9996,100
148.62437369034004,X,1925,1,9994,200
148.7422866532497,X,2311,1,9989,200
148.79328121796485,A,2537,-1,10003,200
148.8476132425127,A,2538,1,9993,400
148.9070850746327,A,2539,1,9991,200
148.98637323180702,X,2424,1,9994,300
149.0471841469512,A,2540,-1,9997,100
149.05387467227936,X,959,1,9993,100
149.05763287538733,X,2537,-1,10003,200
149.05979748651248,E,2345,-1,9997,100
149.05979748651248,E,2355,-1,9997,200
149.05979748651248,E,2367,-1,9997,100
149.05979748651248,E,2369,-1,9997,100
149.1370584133726,A,2541,1,9996,100
149.14997375039178,X,2182,-1,10001,100
149.15490597711803,A,2542,-1,10004,300
149.2313981610507,X,2386,-1,10003,100
149.256016605526,X,2527,-1,9999,400
149.26564028618944,A,2543,1,9992,300
149.33974097986768,X,2070,1,9995,100
149.37434275100333,A,2544,-1,9998,100
149.37454484015845,X,2056,-1,10002,100
149.37502699583254,A,2545,1,9987,100
149.50483544565802,X,2392,-1,10001,100
149.58329949901636,X,1235,-1,10001,200
149.67431914308656,A,2546,1,9993,100
149.692735420037,X,2048,-1,10003,100
149.70829022263544,A,2547,-1,10001,100
149.76970316949956,X,2264,-1,10004,100
149.78952980761264,A,2548,-1,9997,700
149.7932364710184,A,2549,1,9993,100
149.7983866082814,A,2550,-1,9998,200
149.82945270385028,X,1827,-1,10002,400
149.87653320137306,X,2471,1,9992,200
149.8779999124379,A,2551,-1,9999,300
149.94704390405064,X,2451,1,9989,100
149.97642309036317,A,2552,-1,10002,100
149.98066626747539,X,2532,1,9987,100
149.98362200040708,X,2225,-1,10005,400
149.9845506239149,X,1088,1,9992,100
150.02713779879394,X,2446,-1,9999,100
150.08620627679227,X,2412,-1,9997,500
150.104466757755,X,2425,1,9996,400
150.1575203310551,X,2406,1,9996,100
150.1763837901186,X,2407,-1,9998,200
150.2936992232132,A,2553,-1,9997,100
150.37206235708166,X,2502,-1,10003,300
150.38684422645545,A,2554,1,9996,100
150.42223898511097,X,2538,1,9993,400
150.50718042785306,A,2555,1,9996,100
150.52620360000836,A,2556,-1,9997,200
150.52963008658793,A,2557,1,9990,100
150.57149511041263,X,2259,-1,10006,200
150.65077844130136,X,2530,-1,10005,100
150.65856944723072,X,2013,1,9990,100
150.6665408548949,A,2558,1,9994,700
150.6771837924738,A,2559,1,9988,300
150.69645227866323,A,2560,-1,10000,400
150.70884340152568,X,2523,-1,9998,100
150.7724200505206,A,2561,1,9993,100
150.82042236956693,A,2562,-1,10004,100
150.8300787648063,X,2555,1,9996,100
150.89337584491338,E,2396,1,9996,100
150.97588895269348,A,2563,-1,9999,100
151.0577561344054,X,2332,1,9992,100
151.08693587890136,A,2564,-1,10000,200
151.09166657885885,X,2536,1,9996,100
151.16969375075453,X,1953,1,9992,200
151.19029629782864,X,2524,1,9995,100
151.20354713803604,X,2363,1,9993,100
151.2042646733759,X,1921,1,9991,100
151.28087434591757,X,2279,1,9994,700
151.29248810859409,X,1318,1,9993,100
151.4181909186952,X,2126,1,9991,100
151.5519738985496,A,2565,-1,10000,500
151.56351845378643,X,2485,1,9994,100
151.5891824522767,X,2383,-1,10004,100
151.59798387339197,A,2566,-1,10000,200
151.68348750897968,X,2254,-1,10004,100
151.70490141864406,X,2342,1,9995,300
151.75317755909643,A,2567,-1,10001,100
151.78680252550444,X,1176,1,9990,200
151.85087023721724,A,2568,1,9992,600
151.8742418773526,X,2403,-1,10001,100
151.88180790668173,A,2569,-1,10002,100
151.88483849172127,X,1840,1,9994,200
151.94465874219782,A,2570,-1,9997,100
152.0524158702031,A,2571,-1,10003,100
152.1386978806203,A,2572,1,9992,300
152.1461594748733,A,2573,-1,10004,400
152.23235992892174,X,2420,1,9989,300
152.23845123586935,X,2549,1,9993,100
152.2802657686352,X,2350,-1,10003,200
152.29228203912513,X,2444,1,9987,100
152.3410348400833,X,2522,1,9990,100
152.34601247426826,X,2525,1,9990,200
152.40191855640282,X,1005,1,9995,100
152.40941946591676,X,2022,1,9992,100
152.40944107109314,E,2439,1,9996,100
152.41990234987705,A,2574,1,9991,100
152.43608369409745,E,2369,-1,9997,100
152.4730052368297,X,2391,-1,9999,300
152.49255334453684,A,2575,1,9987,300
152.5002866998727,E,2466,1,9996,100
152.53431501520703,A,2576,1,9992,200
152.53708755177965,X,2552,-1,10002,100
152.5382016332965,A,2577,1,9991,800
152.57260944984245,X,2510,-1,9998,200
152.58132740252714,A,2578,1,9990,500
152.67691474206887,A,2579,1,9988,300
152.7763262793214,X,2426,-1,9998,1000
152.8012753460363,X,2174,-1,10003,300
152.8088327333937,A,2580,1,9995,100
152.81191997863073,A,2581,-1,10001,100
152.83506724522664,A,2582,1,9993,300
152.86607564302568,X,2324,-1,9998,100
152.87477223918432,X,2352,1,9992,200
152.896265585654,A,2583,-1,10004,200
152.89752991144294,X,2472,1,9987,500
152.91716190111865,X,2544,-1,9998,100
152.99139007391335,X,2208,-1,10007,200
152.9918407782581,X,2572,1,9992,300
153.14925192431176,X,2300,-1,10004,200
153.203412708317,A,2584,-1,10004,100
153.23751776851356,A,2585,-1,10003,100
153.26102054500092,X,2498,-1,9998,100
153.28514799048395,X,1586,1,9992,100
153.37465605289538,X,2539,1,9991,200
153.42637249145807,E,2369,-1,9997,100
153.42637249145807,E,2394,-1,9997,200
153.49221470297925,A,2586,1,9993,200
153.52443589369182,A,2587,-1,9997,500
153.54536816199823,X,2316,1,9993,200
153.56032102820313,A,2588,-1,10000,100
153.63463679500234,A,2589,-1,10001,100
153.68711040359582,X,2541,1,9996,100
153.708018382872,A,2590,-1,9999,100
153.72310311441188,A,2591,-1,10002,200
153.76121672096775,X,2565,-1,10000,500
153.7626660891383,E,2466,1,9996,100
153.79268628280937,X,2154,1,9991,200
153.8012502998383,A,2592,1,9992,200
153.826559512158,X,2587,-1,9997,500
153.85169207924275,X,2384,-1,10002,200
153.9524417816592,X,2432,1,9994,100
153.96450240008815,X,1982,1,9993,100
153.99819714969072,X,1961,-1,10002,200
154.03043885979142,A,2593,-1,9999,100
154.0444801031575,A,2594,-1,10003,300
154.07141178694667,A,2595,1,9989,300
154.07551885821698,A,2596,-1,10000,600
154.11485400923706,E,2394,-1,9997,100
154.11508090833672,A,2597,-1,10001,200
154.12186692060138,A,2598,-1,9999,200
154.31849314361753,X,2146,1,9994,700
154.34434839418674,A,2599,1,9995,200
154.3602014607948,A,2600,-1,10000,200
154.37887607679895,X,2292,1,9989,100
154.38831742641338,X,1550,-1,10003,300
154.39270392374587,X,2435,-1,9998,100
154.40706815877667,X,2531,-1,9998,100
154.41954825631254,A,2601,-1,10000,200
154.42366653477322,X,2482,1,9996,1200
154.45708475284528,X,1580,-1,10004,100
154.51483042364885,X,2548,-1,9997,700
154.52293614574052,X,2551,-1,9999,300
154.5289428414758,A,2602,-1,10001,100
154.61828066769345,E,2506,1,9996,200
154.67475053724732,A,2603,-1,9997,100
154.682555962868,A,2604,-1,9999,900
154.70268250978066,A,2605,-1,10001,200
154.73180101293718,A,2606,-1,9997,100
154.7455448065704,X,2509,-1,10000,100
154.74722562742718,A,2607,1,9995,300
154.75193003273895,X,2601,-1,10000,200
154.767989115499,X,2329,-1,9998,100
154.80398619697758,X,2388,1,9990,200
154.8904249339476,A,2608,1,9991,200
154.90464925907946,A,2609,-1,9997,100
154.91827424416812,X,2152,-1,10001,300
154.94340433213006,A,2610,-1,10003,300
154.97563629637958,X,1783,-1,10006,100
154.98579230079227,A,2611,1,9995,400
154.9918071809778,X,2574,1,9991,100
154.99331054809645,A,2612,-1,10000,100
155.02106335022032,A,2613,1,9995,200
155.03993524520914,X,2437,1,9989,100
155.06241318243488,X,1744,1,9991,200
155.17275938495047,X,2513,-1,9998,100
155.1968292641436,X,2349,-1,10003,100
155.28618785855195,A,2614,1,9996,100
155.30396683814925,X,2429,1,9994,100
155.34217781804693,A,2615,-1,10001,100
155.36030102414256,X,1989,1,9990,100
155.45350025345587,A,2616,-1,9998,200
155.47926585099816,E,2506,1,9996,300
155.5222831802372,A,2617,1,9994,200
155.59753715956654,A,2618,1,9988,200
155.7186905483244,A,2619,-1,10005,200
155.7917376278799,X,1475,1,9995,100
155.84133961031992,X,2322,1,9991,100
155.8633251352105,X,2608,1,9991,200
155.9398214432984,A,2620,-1,10006,100
156.016136735235,A,2621,1,9994,200
156.0263796163457,X,2491,-1,10006,200
156.0393289292172,A,2622,-1,9999,500
156.0452477266664,A,2623,1,9996,100
156.08080897526662,X,2431,-1,10001,600
156.08868925805695,A,2624,-1,9998,200
156.23779969629658,X,2263,-1,10006,100
156.2451711490276,X,2478,1,9989,200
156.27073085070663,X,2453,1,9993,100
156.30366136608774,A,2625,1,9989,100
156.30690581659826,X,2459,1,9993,100
156.3234567474724,A,2626,1,9992,100
156.38204631610918,A,2627,1,9990,100
156.42959147500878,A,2628,1,9994,100
156.52146906256024,A,2629,1,9996,400
156.56317312397564,A,2630,1,9996,300
156.56421943353197,X,1941,-1,10002,100
156.60720222170508,A,2631,-1,10003,600
156.60975924632413,X,2428,-1,9998,100
156.64198303424052,A,2632,1,9994,400
156.6537415325185,X,2408,1,9995,200
156.6741818969094,A,2633,-1,10001,100
156.71672971228236,X,1583,1,9991,300
156.75257306639614,X,2184,-1,10002,100
156.78382292353652,A,2634,-1,9998,100
156.79006912891066,X,2617,1,9994,200
156.79168370145493,A,2635,1,9989,400
156.86865604857854,A,2636,1,9991,400
156.91237074838426,X,2457,1,9995,100
156.91866312247075,A,2637,-1,9998,100
156.9224298101552,A,2638,1,9996,300
156.9734265462424,X,2122,1,9995,200
157.14634071664292,A,2639,1,9991,100
157.16044140971565,A,2640,-1,10001,300
157.166095063859,X,1771,1,9994,1500
157.2144434923733,A,2641,1,9993,100
157.31803077559752,X,2528,-1,10001,100
157.34894238679698,A,2642,-1,9997,500
157.35982337336324,X,2511,-1,10006,300
157.4995311172211,A,2643,-1,10004,100
157.53629440026788,A,2644,1,9996,600
157.56869055200858,A,2645,-1,9998,100
157.60086733567073,X,2448,-1,10000,400
157.6569906337318,X,2526,1,9991,100
157.67108065708868,X,2404,-1,9997,400
157.75812403030037,A,2646,1,9994,100
157.78738176907171,A,2647,-1,10005,100
157.7887444355221,X,2417,-1,10001,100
157.78884365250823,X,2260,1,9994,100
157.81044581264953,A,2648,1,9996,100
157.81357775617803,E,2506,1,9996,100
157.83533166104422,A,2649,-1,10006,200
157.85289038916738,X,1722,1,9994,300
157.85334321718196,A,2650,1,9990,200
157.87511243171187,X,2501,-1,10001,100
157.8857789951455,A,2651,-1,10003,500
157.90387660867535,X,2639,1,9991,100
157.91852082645937,X,2347,-1,9999,100
157.92450193812718,X,2217,-1,10007,500
157.93707311854317,X,2011,1,9995,100
157.98377053931466,A,2652,-1,10000,200
158.02248441040692,A,2653,1,9996,400
158.02251884937436,X,2648,1,9996,100
158.12008042563124,X,2637,-1,9998,100
158.2051435537893,X,2201,1,9991,100
158.25185690991873,X,2558,1,9994,700
158.31707253627144,X,2121,-1,10008,300
158.38961367458108,A,2654,1,9994,100
158.54944693117636,X,1936,-1,10005,200
158.56201920814703,A,2655,1,9995,300
158.59627530552723,A,2656,1,9995,100
158.6177080388558,X,2394,-1,9997,100
158.62686785975478,X,2571,-1,10003,100
158.66161631546012,A,2657,1,9990,300
158.67889571566653,X,2098,-1,10008,400
158.73890009099244,A,2658,1,9995,300
158.74013486503395,A,2659,-1,9998,200
158.74651570992842,A,2660,1,9996,500
158.7555285964581,A,2661,-1,9997,100
158.79908917435776,X,2559,1,9988,300
158.85572820416954,A,2662,1,9992,200
158.862563685549,X,2654,1,9994,100
158.88317984246723,A,2663,-1,10002,100
158.92346220047904,A,2664,-1,9999,200
158.93347783257585,X,2338,1,9994,100
158.95002185470636,A,2665,1,9995,200
158.96299944454927,A,2666,-1,9997,300
158.97102045711577,X,2647,-1,10005,100
158.97846060146563,A,2667,-1,10001,100
159.03658403465,X,2479,1,9995,400
159.12076940565265,A,2668,1,9992,200
159.19724433312922,A,2669,1,9991,100
159.20497557349677,X,2579,1,9988,300
159.22841273347805,X,2577,1,9991,800
159.25883287940098,X,2452,1,9991,100
159.31239057097645,X,1513,-1,10006,100
159.32564207746364,A,2670,-1,10002,200
159.35806448206748,A,2671,-1,10003,100
159.43292878862343,X,2533,-1,9998,300
159.4547875870812,X,2625,1,9989,100
159.48826011740726,A,2672,-1,9998,200
159.5710482079607,X,1919,-1,10007,100
159.5858207997455,A,2673,1,9994,100
159.59574318042692,A,2674,1,9991,400
159.65816760754444,X,2598,-1,9999,200
159.65872978381128,A,2675,-1,10005,100
159.72241313622578,A,2676,-1,10002,200
159.75156612749888,A,2677,-1,9998,100
159.79997318953457,A,2678,1,9990,200
159.80852302969535,X,2467,-1,9998,300
159.8166874417411,A,2679,-1,9997,100
159.91147660584824,X,2613,1,9995,200
159.91860668662088,A,2680,1,9992,300
159.9358344379152,X,2602,-1,10001,100
159.94105114247242,A,2681,1,9991,100
159.9533145395976,A,2682,-1,9998,200
159.9877996003139,A,2683,1,9989,100
160.0073567350665,X,2520,1,9995,100
160.02349568560734,X,2540,-1,9997,100
160.07520285600293,X,1932,1,9989,200
160.26340710686617,A,2684,-1,9997,200
160.26452605264535,X,2458,-1,9997,100
160.2858569192733,A,2685,1,9996,100
160.35241668603237,A,2686,-1,9999,200
160.36390669950103,X,2309,1,9993,100
160.36899780652632,X,2664,-1,9999,200
160.41983788875154,X,2215,-1,10001,100
160.58881651898855,X,2286,-1,10002,200
160.60074833154133,A,2687,1,9996,500
160.67263879262615,A,2688,1,9995,100
160.70467679589083,X,1474,-1,10006,600
160.71031764284314,X,2190,-1,10005,200
160.82776212770915,X,2624,-1,9998,200
160.8868268787437,A,2689,1,9989,100
160.92288821655995,A,2690,1,9988,200
160.94526218664902,A,2691,1,9996,200
161.20565636898033,A,2692,-1,9998,100
161.22305681107852,X,1693,-1,10002,100
161.24146454554648,X,2560,-1,10000,400
161.2509425204717,E,2395,-1,9997,100
161.26060888608956,A,2693,-1,9997,300
161.2735168251155,X,2484,-1,9998,100
161.29713842831728,A,2694,1,9994,500
161.2982126031688,X,2249,1,9995,200
161.30645219092423,X,2483,1,9995,100
161.42112608484913,X,2241,1,9995,400
161.45904681673946,A,2695,-1,10001,300
161.57560675071116,X,2671,-1,10003,100
161.68941527562302,A,2696,1,9989,100
161.72999805419545,X,2046,1,9995,200
161.73096508652054,A,2697,1,9996,100
161.81445823181187,X,2414,1,9995,100
161.85306605894618,A,2698,-1,9998,100
161.88927269586713,X,2250,-1,10001,300
161.92056429412892,X,2494,-1,10004,100
161.9266131265981,X,2397,-1,10000,100
161.94034839875812,X,2693,-1,9997,300
162.0145275391135,X,2604,-1,9999,900
162.04184705155149,A,2699,-1,9998,100
162.06858224209805,A,2700,1,9994,100
162.096622045367,X,2696,1,9989,100
162.10846668750924,X,2576,1,9992,200
162.19346464157059,A,2701,-1,9997,200
162.2118950162672,X,2661,-1,9997,100
162.2486694328275,X,2142,1,9995,100
162.27311366782533,A,2702,-1,10003,100
162.28541760955312,A,2703,1,9996,300
162.38532084567376,A,2704,1,9991,100
162.50302519671905,X,2610,-1,10003,300
162.61141828438286,X,2543,1,9992,300
162.61642481414356,X,2568,1,9992,600
162.62354357399087,X,2580,1,9995,100
162.66384355421388,X,1584,1,9995,200
162.6929496285892,A,2705,1,9994,300
162.72606855680408,A,2706,-1,10001,100
162.73232471315185,A,2707,1,9994,100
162.73734179580924,A,2708,-1,10001,100
162.7406003593809,A,2709,1,9992,300
162.797031291091,A,2710,-1,10001,100
162.81451533119096,A,2711,-1,9997,100
162.89118925280826,A,2712,1,9991,200
162.89515491707323,A,2713,1,9991,200
162.91553897955555,A,2714,-1,10000,200
162.98067253792647,A,2715,1,9995,100
162.98880357226477,A,2716,-1,9997,100
162.99836085386872,X,2493,-1,10002,200
163.02446368709533,A,2717,-1,10001,400
163.0318982467505,A,2718,1,9995,100
163.09479918783248,A,2719,1,9990,100
163.10449195411158,A,2720,1,9994,100
163.23408785276374,X,2656,1,9995,100
163.31249771918252,X,2695,-1,10001,300
163.3388690256562,X,2542,-1,10004,300
163.47463834126015,X,2698,-1,9998,100
163.4847586156544,X,2581,-1,10001,100
163.51643455533153,X,2475,1,9990,100
163.52643939669713,A,2721,1,9992,200
163.70239381341636,A,2722,1,9995,100
163.7482704925547,A,2723,-1,9998,200
163.75326391710695,A,2724,-1,10000,100
163.81433592532082,A,2725,-1,9997,200
163.82383690582196,X,2099,-1,10007,100
164.02119819837753,A,2726,1,9996,100
164.02313968017324,X,2463,-1,9998,200
164.06904471434797,X,2438,1,9989,100
164.13718736288877,X,2663,-1,10002,100
164.13920020744072,A,2727,-1,10004,300
164.14481393487995,X,1042,1,9995,600
164.2011441028338,X,2469,1,9990,100
164.22176514461032,A,2728,1,9990,600
164.31322168640463,A,2729,-1,10001,100
164.31653687098745,A,2730,-1,10000,100
164.3252402421315,A,2731,-1,9999,300
164.34343304309536,A,2732,1,9993,100
164.34470649281374,X,2728,1,9990,600
164.43016244142646,A,2733,1,9996,200
164.4944767767611,X,2473,-1,10001,100
164.49763984464505,X,1406,-1,10002,100
164.63044359234166,X,2564,-1,10000,200
164.65280908149867,A,2734,1,9994,200
164.71805382439837,X,2370,1,9991,200
164.75194139159473,A,2735,1,9993,300
164.76102783200741,X,1814,1,9987,100
164.79368168787977,X,2718,1,9995,100
164.8288883441958,A,2736,-1,9997,100
164.82957144304225,A,2737,-1,10002,100
164.83187076944415,X,2481,-1,9998,100
164.86582917752688,X,1885,-1,10004,200
164.87664018455538,A,2738,-1,9997,400
164.8847126299861,A,2739,-1,9997,100
164.89815455813533,A,2740,1,9996,100
164.93062692399528,X,2519,1,9994,300
164.94676969732325,A,2741,-1,9997,100
165.0057373878301,X,2248,-1,10004,100
165.01054522526005,X,2242,-1,10001,200
165.08492448351464,X,2582,1,9993,300
165.088391630665,X,2686,-1,9999,200
165.09417010377035,X,2016,1,9994,200
165.12572967882707,A,2742,1,9996,300
165.1378063203609,A,2743,1,9995,100
165.15428602204167,X,1459,1,9990,100
165.1648325134989,X,2672,-1,9998,200
165.16614741814436,A,2744,-1,10003,100
165.1933519707909,X,2534,1,9988,200
165.230878002707,A,2745,-1,10005,100
165.3314576567089,A,2746,-1,9997,100
165.34266243210635,X,2127,-1,10001,100
165.36308433582593,X,2619,-1,10005,200
165.3940643080734,X,2171,-1,10004,100
165.41458792327677,A,2747,1,9992,100
165.43670963803578,X,2591,-1,10002,200
165.47792404037355,A,2748,1,9987,200
165.52671968077752,X,2155,1,9993,400
165.60483845139981,A,2749,-1,10002,200
165.9504840676365,A,2750,1,9991,200
165.9575998428694,X,2633,-1,10001,100
165.96063266298847,A,2751,-1,9998,200
166.01448698039798,X,797,1,9989,200
166.2107339547103,A,2752,1,9988,100
166.22888667223532,X,2422,-1,9997,100
166.24411218705688,X,2584,-1,10004,100
166.25569690999492,A,2753,1,9994,200
166.27347866204352,A,2754,-1,10001,100
166.3276996978035,A,2755,1,9995,100
166.33980044292858,X,1355,1,9991,200
166.35972841144246,X,2649,-1,10006,200
166.46294168435534,A,2756,1,9988,100
166.48563822154284,X,2634,-1,9998,100
166.4906223182915,A,2757,-1,10003,100
166.56039180842856,A,2758,1,9991,100
166.59174857528564,X,2627,1,9990,100
166.60377025018732,A,2759,-1,9998,100
166.676658050438,X,2689,1,9989,100
166.69406224045574,A,2760,-1,9998,400
166.7105909138678,A,2761,-1,9997,200
166.73539758096442,A,2762,1,9996,200
166.74339694294846,X,485,1,9991,100
166.74729282111446,X,2723,-1,9998,200
166.75179933482167,A,2763,1,9996,200
166.75634919571485,A,2764,-1,9998,100
166.84806096508112,X,2642,-1,9997,500
166.85824920839906,X,2678,1,9990,200
166.9972234953072,A,2765,1,9994,100
167.09867707616493,A,2766,1,9992,500
167.10992455159965,A,2767,-1,9997,100
167.11087811604884,X,2364,-1,9999,400
167.1147903552826,X,2589,-1,10001,100
167.12888162263502,A,2768,1,9993,300
167.15626813907335,A,2769,1,9989,100
167.19771107091495,A,2770,1,9991,200
167.21654934287082,A,2771,-1,10003,600
167.25836682446186,X,2616,-1,9998,200
167.32416761303142,A,2772,1,9993,100
167.33839534046564,X,2443,1,9992,200
167.3915980659739,X,2605,-1,10001,200
167.42240273513255,A,2773,1,9987,300
167.42421143266148,X,2705,1,9994,300
167.51928447428548,X,2721,1,9992,200
167.58651778090174,X,1473,1,9991,100
167.5986270746591,X,2596,-1,10000,600
167.61206549500767,X,1733,-1,10003,200
167.67436351846703,X,2283,1,9993,200
167.67442603924567,A,2774,1,9995,300
167.69802746197175,X,2500,1,9993,100
167.70625928503117,X,2360,1,9995,500
167.78132276064815,A,2775,1,9995,100
167.87863278408804,A,2776,-1,10004,200
167.9412035618902,A,2777,1,9992,100
167.94716982374226,A,2778,1,9994,500
167.97426749028816,A,2779,-1,10003,100
168.0420448978679,X,2755,1,9995,100
168.10674894417582,X,2767,-1,9997,100
168.12784841947524,E,2449,-1,9997,100
168.14481125358589,A,2780,1,9994,100
168.1688668733755,X,1976,-1,10001,100
168.23711701126567,X,2747,1,9992,100
168.25256809465012,X,1742,-1,10002,100
168.25974693802772,A,2781,1,9993,500
168.28020303236522,A,2782,-1,10006,200
168.32591294194367,A,2783,-1,9997,100
168.40870918028685,A,2784,1,9988,300
168.49316763323492,A,2785,-1,10001,200
168.5272251843947,X,2770,1,9991,200
168.5607311243037,A,2786,-1,9997,100
168.56326806739926,X,2410,1,9993,100
168.65213093540464,X,2566,-1,10000,200
168.69708196144595,X,1558,1,9995,100
168.71241269054724,A,2787,-1,9997,200
168.84806069143784,A,2788,-1,9999,100
168.86839752451706,A,2789,1,9994,100
168.90789718997627,X,2777,1,9992,100
168.93366998682703,A,2790,-1,10005,400
168.93541959955178,A,2791,-1,10002,200
169.15886079435995,X,2697,1,9996,100
169.3174214820921,A,2792,-1,10001,200
169.36465275076165,X,2419,-1,10003,100
169.39353472262033,X,2490,-1,10003,600
169.42625847511246,X,2465,1,9992,300
169.42811477791525,X,2603,-1,9997,100
169.45851278559812,A,2793,1,9993,300
169.50357886011383,A,2794,1,9994,100
169.55409089773593,A,2795,-1,9997,300
169.58132537599653,X,2067,-1,10003,100
169.59428244319702,A,2796,-1,9999,100
169.61693614522386,X,2683,1,9989,100
169.6218526895883,A,2797,1,9991,200
169.62197706307168,X,2643,-1,10004,100
169.65295089289884,A,2798,-1,9997,100
169.6699606836614,X,979,-1,10007,100
169.7102717508838,A,2799,1,9993,300
169.73133135043025,X,2630,1,9996,300
169.7471446572834,A,2800,1,9991,100
169.78165706479058,A,2801,1,9992,200
169.7974346609972,A,2802,1,9988,200
169.81041286365837,X,2741,-1,9997,100
169.8121883415615,A,2803,-1,10001,200
169.85915193923685,X,2651,-1,10003,500
169.86221325012147,X,2709,1,9992,300
169.96187221883653,A,2804,-1,9999,100
169.98666737370635,A,2805,-1,10004,500
170.0007755351069,A,2806,-1,10004,100
170.02108098540114,A,2807,1,9996,100
170.1568061852821,X,2372,1,9995,100
170.15790377224442,X,2680,1,9992,300
170.15982049012618,X,1923,1,9990,1200
170.1851756812478,A,2808,1,9993,100
170.2355083579706,A,2809,-1,9998,100
170.25545848727512,A,2810,-1,10003,300
170.2759547157644,X,2586,1,9993,200
170.33084413260755,A,2811,1,9994,100
170.373370577216,A,2812,1,9993,400
170.39054559049322,A,2813,-1,9999,300
170.46298363335043,A,2814,-1,9998,100
170.47735935806114,X,2641,1,9993,100
170.4857751613193,A,2815,1,9992,600
170.51805097733137,X,2281,1,9993,200
170.5283488404246,X,2468,1,9995,100
170.53005739025875,X,2677,-1,9998,100
170.60303855366828,E,2554,1,9996,100
170.68292882020185,X,2765,1,9994,100
170.68668540381697,X,2730,-1,10000,100
170.75379335624132,A,2816,-1,9997,100
170.75668562514883,A,2817,1,9995,100
170.76928518793218,X,2247,-1,10002,100
170.79179783168573,X,2563,-1,9999,100
170.80253713402794,A,2818,1,9991,100
170.83121694298052,A,2819,-1,10002,100
170.91800320806382,A,2820,1,9989,100
170.95136610943058,A,2821,1,9990,300
170.98517979834065,X,2746,-1,9997,100
170.9894017817866,X,1861,1,9992,100
171.00819938620862,X,2674,1,9991,400
171.02983251863287,A,2822,1,9992,200
171.1046765529335,X,2715,1,9995,100
171.12539656355577,A,2823,1,9996,100
171.20404071686997,X,2783,-1,9997,100
171.25131167994317,A,2824,-1,10000,700
171.26399689099327,X,2445,1,9990,400
171.31981697337335,X,2646,1,9994,100
171.35001982076972,A,2825,1,9996,200
171.36119580281238,A,2826,1,9995,300
171.38241023042315,X,2521,1,9992,100
171.40489204808424,A,2827,1,9988,100
171.4451657538995,X,2599,1,9995,200
171.45147403523123,A,2828,1,9991,300
171.460115663906,A,2829,-1,10003,200
171.52131034197646,X,2690,1,9988,200
171.5619337626221,X,2529,-1,10006,400
171.5728794105764,A,2830,-1,10002,400
171.5809238121585,X,2327,1,9995,200
171.58692628653583,A,2831,1,9993,200
171.6474576412861,X,2375,-1,10005,100
171.70206658399255,A,2832,1,9995,200
171.81154028446764,X,1859,-1,10004,100
171.83308776708736,X,2828,1,9991,300
171.92325952136449,A,2833,1,9996,100
171.93662538143502,A,2834,-1,10000,100
171.95004387123308,X,2476,1,9991,200
171.98787042998748,X,2615,-1,10001,100
171.9994913807473,X,2801,1,9992,200
172.19488715676357,A,2835,1,9994,600
172.23485872446315,X,2170,-1,10001,300
172.23667093237881,A,2836,-1,9998,200
172.25475038431262,A,2837,-1,10003,200
172.361912369307,A,2838,-1,10002,100
172.36258883275053,A,2839,-1,9999,100
172.38326249860992,X,2830,-1,10002,400
172.43290967711346,X,2436,1,9989,400
172.47212589170334,A,2840,-1,10004,300
172.48932505403906,A,2841,1,9993,100
172.58309990637443,X,2831,1,9993,200
172.62975198573983,X,2717,-1,10001,400
172.63088963171563,X,2492,1,9995,300
172.6550632889917,A,2842,-1,9999,200
172.67112517357523,A,2843,1,9988,100
172.67935381712365,A,2844,1,9993,100
172.689873796331,A,2845,1,9988,100
172.7270598030281,A,2846,-1,9997,200
172.78649962287182,X,2688,1,9995,100
172.83830014104527,X,1954,1,9994,300
172.8647784890475,X,2667,-1,10001,100
172.90929616856522,A,2847,-1,10000,200
172.94706949876485,X,2607,1,9995,300
173.0635144705608,A,2848,1,9993,100
173.09974825394477,A,2849,-1,9998,100
173.12353524188154,A,2850,1,9993,100
173.14667957937513,X,1765,-1,10007,400
173.23372240975738,A,2851,1,9991,200
173.3005764303853,X,2317,-1,9999,500
173.41751251687697,A,2852,-1,10002,100
173.44843681439392,A,2853,1,9995,300
173.55785428047224,X,2430,1,9987,300
173.60589760146038,A,2854,-1,10005,300
173.61388160510228,A,2855,-1,10000,100
173.63947773664208,X,2496,1,9990,100
173.64218374967817,A,2856,-1,10001,300
173.7664089908237,X,1641,1,9993,100
173.80415592439172,X,2812,1,9993,400
173.81639177085088,X,2810,-1,10003,300
173.82906502413522,A,2857,1,9995,300
173.87629951399302,X,2622,-1,9999,500
173.88522643050047,A,2858,1,9988,100
173.94806706871412,A,2859,1,9994,300
173.9812434428802,X,2257,-1,10003,200
174.0386634216089,A,2860,-1,10004,100
174.10822262360813,A,2861,-1,9999,200
174.22707246175267,A,2862,1,9993,100
174.27528177267487,X,2700,1,9994,100
174.32167268778534,X,2712,1,9991,200
174.3544575071843,X,2382,-1,10006,100
174.35802119854085,X,2687,1,9996,500
174.39095440630717,X,2737,-1,10002,100
174.53194456431234,A,2863,-1,10001,200
174.58095680860728,A,2864,1,9994,400
174.585436441132,A,2865,1,9989,600
174.5863863067962,A,2866,1,9994,100
174.69746044819067,X,2662,1,9992,200
174.80835804283407,A,2867,1,9992,100
174.8834225763869,A,2868,-1,10000,100
174.90298702114268,A,2869,1,9991,200
174.90841991487562,X,2731,-1,9999,300
174.97570957268928,X,2400,1,9990,100
174.98126688998127,A,2870,-1,10002,400
174.98647997874005,A,2871,-1,10000,100
175.05911616967762,A,2872,1,9991,100
175.06236813617815,X,2621,1,9994,200
175.1036494802088,A,2873,-1,9997,100
175.1369483143048,A,2874,1,9992,100
175.14484518055178,A,2875,-1,10005,300
175.15840165928785,A,2876,-1,9998,500
175.22550830020654,X,2858,1,9988,100
175.26464723150258,X,2547,-1,10001,100
175.3021910469164,A,2877,-1,9999,200
175.32365893504735,A,2878,1,9995,600
175.3302570578895,A,2879,1,9991,200
175.37439814850293,X,2771,-1,10003,600
175.54212720565474,X,2732,1,9993,100
175.5465087640396,X,2376,-1,9998,100
175.61999485178026,A,2880,1,9993,100
175.66233500668804,A,2881,-1,10003,200
175.68013927352902,X,2442,-1,10003,100
175.72741821433004,X,2780,1,9994,100
175.74323860327132,X,2659,-1,9998,200
175.8026820818219,A,2882,-1,9998,300
175.85077967479165,X,2722,1,9995,100
175.93537989220678,X,2557,1,9990,100
175.97496721147004,A,2883,-1,9998,200
176.02586099340363,A,2884,-1,10004,200
176.1217217686466,X,2840,-1,10004,300
176.14161846033574,A,2885,-1,10000,100
176.15635068016624,A,2886,1,9989,100
176.16012863196593,X,2814,-1,9998,100
176.1687308099242,A,2887,1,9996,400
176.27391993649547,A,2888,1,9994,100
176.27711215426126,A,2889,-1,10003,200
176.324425631374,X,2628,1,9994,100
176.35147173142371,X,2669,1,9991,100
176.36412749869598,A,2890,1,9993,300
176.36627370519847,A,2891,-1,9999,300
176.4201843877494,A,2892,1,9989,500
176.49344220480003,A,2893,1,9996,100
176.51306094509522,X,2804,-1,9999,100
176.60982002743754,A,2894,-1,9999,200
176.62217130595872,X,2371,1,9988,100
176.62425820102942,A,2895,-1,9997,100
176.65370608511373,X,2742,1,9996,300
176.74326651570829,A,2896,-1,9997,100
176.8011900964721,A,2897,1,9995,400
176.80766930456457,A,2898,1,9993,100
176.84146667825155,X,1524,1,9995,100
176.86251026449148,A,2899,1,9992,200
176.92650060010743,X,2789,1,9994,100
176.9764668768669,X,2871,-1,10000,100
177.00380384243263,X,2734,1,9994,200
177.06198068425687,X,2681,1,9991,100
177.21781993439754,X,2666,-1,9997,300
177.25350976900629,X,2743,1,9995,100
177.27779690669138,A,2900,-1,10000,100
177.3408548742195,A,2901,1,9992,100
177.36113554742374,A,2902,-1,10000,100
177.37314073715987,X,2775,1,9995,100
177.38762966144822,X,2692,-1,9998,100
177.39613371667323,A,2903,1,9996,200
177.45083685759175,A,2904,-1,9998,200
177.4538224421744,A,2905,-1,10006,200
177.49921473224597,A,2906,-1,9997,100
177.54626273239276,A,2907,-1,10002,200
177.5718470473024,X,2535,-1,10005,200
177.5731361152267,X,2724,-1,10000,100
177.60776695274217,A,2908,-1,9997,200
177.63993667793878,A,2909,1,9996,200
177.69894294493582,A,2910,1,9989,600
177.77539277806991,A,2911,-1,9999,300
177.81686986224406,A,2912,1,9992,100
177.87231971105777,X,2906,-1,9997,100
177.88253105990674,A,2913,-1,9999,100
177.9200969203734,X,2791,-1,10002,200
177.9372202965593,A,2914,1,9991,400
177.95120502594798,A,2915,1,9989,100
177.9665619116527,A,2916,-1,10003,100
178.03980620931077,A,2917,1,9993,100
178.04198610769546,X,2815,1,9992,600
178.09524188091652,A,2918,1,9996,100
178.09786004040902,X,2825,1,9996,200
178.11700311681534,A,2919,1,9996,400
178.11870150663538,E,2614,1,9996,100
178.16537094567568,A,2920,-1,9998,100
178.21386674694003,X,2895,-1,9997,100
178.2292566693971,X,2880,1,9993,100
178.23645063668786,A,2921,-1,9998,100
178.28259991410135,A,2922,-1,10002,100
178.29100107105054,A,2923,-1,9998,100
178.3188885595398,A,2924,1,9989,400
178.335398350515,X,2486,-1,10005,100
178.363766569961,X,1164,1,9995,900
178.37076938317,X,2228,1,9991,100
178.40493018611778,X,2760,-1,9998,400
178.51622845555647,X,2515,-1,9999,300
178.52023161284652,A,2925,1,9993,100
178.53226831140714,X,2798,-1,9997,100
178.56242433276338,A,2926,1,9990,100
178.58716537615393,A,2927,-1,10000,100
178.65823956694675,X,1714,-1,10005,100
178.6695278854812,A,2928,-1,9997,100
178.67503591047927,A,2929,-1,9999,100
178.67696626558634,A,2930,1,9994,300
178.74240252534653,A,2931,-1,10005,100
178.7518883409714,X,2920,-1,9998,100
178.79699158753203,A,2932,1,9991,200
178.79970850429257,X,2685,1,9996,100
178.84951803952595,A,2933,-1,9997,200
178.87530367598583,X,2553,-1,9997,100
178.90278626378057,X,2781,1,9993,500
178.92860806139123,X,2883,-1,9998,200
178.9510907586124,A,2934,1,9993,100
178.95456041740005,A,2935,1,9990,100
178.9660131628897,A,2936,-1,10006,300
178.99036737891095,A,2937,-1,10000,200
179.0262014170831,A,2938,1,9994,200
179.02841612998415,X,2837,-1,10003,200
179.09294211372404,E,2623,1,9996,100
179.1145424852875,A,2939,-1,10004,100
179.12427550770883,X,2859,1,9994,300
179.17778764812377,A,2940,-1,10002,200
179.25631576456777,X,2838,-1,10002,100
179.280552102115,E,2629,1,9996,100
179.44953746538462,A,2941,1,9988,300
179.45280584721476,A,2942,-1,9997,100
179.46809924763116,A,2943,-1,9999,100
179.47230378545663,A,2944,-1,10000,100
179.5377183222778,X,2694,1,9994,500
179.56422926377252,A,2945,-1,10002,200
179.57050829287755,A,2946,-1,9998,200
179.59982628448114,X,2792,-1,10001,200
179.6407709968877,A,2947,-1,9998,200
179.6432042198486,A,2948,-1,10001,100
179.67444048558846,X,2842,-1,9999,200
179.73215016735588,A,2949,-1,10000,200
179.73807687620854,A,2950,1,9989,100
179.77263495630547,A,2951,1,9992,100
179.82483534507514,A,2952,-1,10001,200
179.82732184809532,A,2953,1,9994,100
179.941695154103,A,2954,-1,9999,300
180.0713045719121,X,1552,1,9995,300
180.08065768711182,X,2736,-1,9997,100
180.0888496818109,A,2955,1,9991,100
180.09626856858748,A,2956,1,9996,100
180.16127424053212,A,2957,1,9996,200
180.16316175146403,X,2354,1,9991,400
180.2295968248087,A,2958,1,9988,200
180.2523126551375,A,2959,-1,10001,100
180.31388185693802,X,2638,1,9996,300
180.39057440609287,X,2877,-1,9999,200
180.39971118773147,X,2941,1,9988,300
180.40801817107737,A,2960,1,9995,100
180.43191319645987,A,2961,-1,9999,100
180.43611731221458,X,2849,-1,9998,100
180.45876381152067,A,2962,1,9994,300
180.5973407364248,A,2963,-1,9997,200
180.67117427714973,X,2487,-1,9999,100
180.70528768225515,A,2964,-1,9997,100
180.71610383814925,A,2965,-1,10002,500
180.73863141266483,A,2966,-1,9998,300
180.7589054217552,A,2967,1,9995,100
180.76212788154317,A,2968,1,9992,100
180.77090776520822,X,2913,-1,9999,100
180.8584962135092,A,2969,1,9992,200
180.90247871054515,X,2891,-1,9999,300
180.95016521986867,X,2516,-1,10002,200
180.98501180447698,A,2970,-1,9997,100
181.02236217638583,X,2854,-1,10005,300
181.0428051497631,A,2971,1,9992,200
181.0950715503463,X,2573,-1,10004,400
181.1092436139621,X,2947,-1,9998,200
181.1140664447824,X,1288,-1,10005,100
181.13313670124123,A,2972,-1,10003,100
181.15795514666738,A,2973,1,9994,300
181.16618195255353,X,2348,-1,9998,400
181.22799002752555,X,2413,-1,10003,300
181.31869646133003,A,2974,-1,9997,100
181.4449319138571,A,2975,-1,10005,100
181.45100413401008,X,2925,1,9993,100
181.45808687468815,A,2976,-1,10005,200
181.5346602145306,X,2786,-1,9997,100
181.66654253374145,A,2977,1,9990,100
181.66955266315657,X,2923,-1,9998,100
181.6817588708677,A,2978,1,9993,400
181.79024307839157,A,2979,-1,10001,600
181.79448292729245,X,2752,1,9988,100
181.8098907646693,X,2652,-1,10000,200
181.88631764000513,A,2980,1,9993,100
181.89604248959154,A,2981,-1,9997,100
181.94048338464992,X,2960,1,9995,100
181.96911517637756,X,2750,1,9991,200
182.02572190504816,A,2982,1,9994,300
182.02742373212368,X,2716,-1,9997,100
182.11903251670023,A,2983,1,9993,100
182.19313061651087,A,2984,1,9988,100
182.26885635498627,X,1490,-1,10001,200
182.27444903643917,A,2985,1,9991,100
182.3352080099636,A,2986,-1,10000,100
182.3598352722504,X,2618,1,9988,200
182.4069950757676,A,2987,1,9989,100
182.48249920504537,X,2593,-1,9999,100
182.48968585831082,A,2988,1,9994,500
182.5026249738319,A,2989,-1,10003,100
182.5188668060808,X,2939,-1,10004,100
182.55285443548362,A,2990,1,9994,200
182.5586935445163,X,2645,-1,9998,100
182.57213650309694,X,2787,-1,9997,200
182.5942167693428,X,2302,-1,10005,100
182.60937021177728,X,2701,-1,9997,200
182.6614145656388,X,2816,-1,9997,100
182.6665212631275,X,2556,-1,9997,200
182.67629975777632,X,2711,-1,9997,100
182.70074810349925,X,2665,1,9995,200
182.7030990702894,X,2609,-1,9997,100
182.8127295890465,X,2964,-1,9997,100
182.81624901259855,A,2991,1,9996,100
182.82130591972344,X,2710,-1,10001,100
182.83047707026907,X,2974,-1,9997,100
182.84272906997236,X,2896,-1,9997,100
182.84675083479968,A,2992,1,9995,100
182.9217890418956,A,2993,1,9992,100
182.94724221668983,A,2994,1,9991,300
182.95707862366496,X,2988,1,9994,500
182.98444663643673,A,2995,-1,10002,100
182.99240347978798,A,2996,1,9994,200
183.02311739815394,A,2997,1,9990,100
183.05193223407383,X,2570,-1,9997,100
183.05631552187708,X,2997,1,9990,100
183.05738486081682,X,2928,-1,9997,100
183.06555049356047,A,2998,-1,9998,300
183.09407206543702,X,2881,-1,10003,200
183.12880300192265,X,2951,1,9992,100
183.13550203941674,A,2999,-1,9997,500
183.17952004452482,X,2795,-1,9997,300
183.18911005063336,X,2461,-1,9997,700
183.2153484080922,X,2981,-1,9997,100
183.28092659856839,A,3000,-1,10002,200
183.30009878839093,A,3001,-1,10000,400
183.36496477962137,A,3002,1,9990,300
183.37995688237197,A,3003,1,9994,300
183.40972490013394,X,2933,-1,9997,200
183.42111611749854,A,3004,-1,9999,300
183.43419595281037,X,2879,1,9991,200
183.46114367034653,A,3005,1,9989,100
183.51484119003462,X,2909,1,9996,200
183.5234074994887,A,3006,-1,9997,100
183.56898179719033,A,3007,-1,9997,100
183.63335814084797,A,3008,-1,10004,300
183.63670157536427,A,3009,1,9994,300
183.66226749470997,A,3010,-1,9998,600
183.66699835460952,A,3011,-1,10003,100
183.6863742569349,A,3012,-1,10002,100
183.7186739086708,A,3013,1,9995,400
183.7569094352269,X,2702,-1,10003,100
183.77328023668352,A,3014,-1,10005,100
183.7787050731345,X,2503,1,9993,100
183.8468889344123,X,2839,-1,9999,100
183.88530345803184,X,2937,-1,10000,200
183.88790567638446,X,2739,-1,9997,100
183.88827887483365,A,3015,1,9988,200
183.94979108561137,X,3006,-1,9997,100
183.95782591466724,X,2793,1,9993,300
183.96278583354322,A,3016,-1,10000,200
183.96840216931315,X,2594,-1,10003,300
183.97973666718718,X,2901,1,9992,100
183.99040394049473,X,2873,-1,9997,100
183.99557174689284,X,2449,-1,9997,100
184.01309524465395,X,2921,-1,9998,100
184.04325397858793,X,2704,1,9991,100
184.0661229237726,X,2995,-1,10002,100
184.1681528612345,A,3017,-1,9998,100
184.18844419814658,X,2959,-1,10001,100
184.1995182899997,A,3018,1,9987,100
184.23159576338168,X,2832,1,9995,200
184.27208687486143,X,2778,1,9994,500
184.28727611089388,X,2999,-1,9997,500
184.30366055256252,X,2844,1,9993,100
184.319665661698,X,2684,-1,9997,200
184.35655471579352,X,2932,1,9991,200
184.39803003426087,A,3019,1,9993,100
184.39980190486287,A,3020,1,9991,100
184.4405738186987,A,3021,1,9995,200
184.443473867604,X,2813,-1,9999,300
184.45300037423885,X,2507,-1,9998,500
184.4743358780869,X,2454,-1,10006,300
184.477726762898,X,2916,-1,10003,100
184.4944549983376,A,3022,1,9993,100
184.50279577310144,A,3023,1,9996,400
184.5137943355517,X,2970,-1,9997,100
184.52204075271402,X,2822,1,9992,200
184.54668018643082,X,3022,1,9993,100
184.6736187113908,X,2504,-1,9999,100
184.67458621375343,A,3024,1,9995,500
184.6873438715434,X,2998,-1,9998,300
184.7200295960995,A,3025,1,9995,200
184.7386992052323,X,2817,1,9995,100
184.75445987702142,A,3026,-1,10002,100
184.75947205074473,X,2761,-1,9997,200
184.77896791772667,X,2738,-1,9997,400
184.91522956814612,A,3027,1,9995,100
184.94513219291377,X,2912,1,9992,100
184.95113994076803,A,3028,1,9995,200
184.9745129160832,A,3029,-1,10000,400
185.02324435981205,A,3030,1,9996,100
185.0579033013549,A,3031,-1,10001,200
185.15680341715154,A,3032,-1,9999,500
185.16990651473085,X,2606,-1,9997,100
185.17564779784604,X,2942,-1,9997,100
185.19428920416914,X,2806,-1,10004,100
185.20428774518624,A,3033,-1,9998,100
185.24878403706992,A,3034,1,9995,100
185.28920985228464,X,2416,-1,10005,200
185.34167272623836,X,2991,1,9996,100
185.47371357318903,A,3035,-1,10001,100
185.50045763070187,X,3016,-1,10000,200
185.51521382317532,X,3001,-1,10000,400
185.54405748446345,E,2679,-1,9997,100
185.54405748446345,E,2725,-1,9997,200
185.54490116889903,A,3036,-1,9999,100
185.55012520393825,X,2271,-1,10007,100
185.57528165875559,X,2480,-1,10001,100
185.61596346018095,A,3037,-1,9997,100
185.62123978023368,A,3038,-1,10001,100
185.6714601691032,A,3039,1,9988,100
185.74473597166565,X,3037,-1,9997,100
185.74529452964052,X,2768,1,9993,300
185.78830742439868,X,2892,1,9989,500
185.86937246606692,X,2931,-1,10005,100
185.95423886067817,X,2846,-1,9997,200
185.95701203273367,A,3040,-1,10000,100
185.96900272131603,X,2845,1,9988,100
186.00057361473228,A,3041,1,9990,100
186.01839834183187,A,3042,-1,10002,100
186.04674282974042,A,3043,1,9995,800
186.05185658796876,X,2888,1,9994,100
186.09788873730326,X,2904,-1,9998,200
186.26452989962274,A,3044,1,9990,300
186.27296558204517,X,2518,1,9994,100
186.27911961085223,X,2275,-1,10000,200
186.28115835082474,A,3045,1,9991,200
186.2963811082424,A,3046,1,9996,100
186.35685853775212,X,2313,1,9988,100
186.37041938000155,X,2929,-1,9999,100
186.43240030696714,X,3018,1,9987,100
186.47062940004682,X,2567,-1,10001,100
186.47246442632257,X,2865,1,9989,600
186.5034555339464,A,3047,-1,9997,100
186.5673618442254,X,2474,-1,10002,100
186.5840524496365,A,3048,-1,9998,100
186.61472025908915,A,3049,1,9987,100
186.6193190639575,X,2976,-1,10005,200
186.6995480801691,A,3050,-1,9998,100
186.7670887769373,X,3010,-1,9998,600
186.77130429112205,E,2629,1,9996,100
186.79163663346066,A,3051,1,9990,100
186.79910139376312,X,2600,-1,10000,200
186.94784916042792,A,3052,1,9995,400
186.9536198769804,E,2629,1,9996,100
186.9886168901719,E,2629,1,9996,100
186.98961969089902,X,2499,-1,9998,200
187.00734040779932,E,2908,-1,9997,100
187.02765783170344,X,2373,1,9992,100
187.0305815348557,A,3053,-1,9997,200
187.04223091984244,X,3041,1,9990,100
187.07170367246098,X,3007,-1,9997,100
187.07399567043717,X,3053,-1,9997,200
187.0742933397133,X,2851,1,9991,200
187.0816205558033,X,1343,1,9993,200
187.08617800053415,A,3054,-1,9997,100
187.10331424248295,A,3055,1,9991,100
187.1111929264033,X,2967,1,9995,100
187.15290626946023,A,3056,1,9996,400
187.22661522639848,X,2592,1,9992,200
187.23639266670304,E,2644,1,9996,100
187.24136148409121,X,2824,-1,10000,700
187.24381038839329,A,3057,-1,10001,100
187.25946424467952,A,3058,-1,9998,100
187.28417802254125,A,3059,-1,10003,400
187.2851944464814,A,3060,-1,9998,100
187.29836327324153,X,3029,-1,10000,400
187.32671152203912,E,2908,-1,9997,100
187.37580305362007,X,2597,-1,10001,200
187.39518470210754,X,2006,1,9995,500
187.44393009557393,X,3047,-1,9997,100
187.47016970552446,A,3061,1,9995,200
187.55201790902618,A,3062,-1,10005,100
187.6086965872585,E,2963,-1,9997,100
187.6504039055428,A,3063,1,9992,200
187.65275936351208,A,3064,1,9995,400
187.66607126544216,A,3065,1,9988,100
187.67453679276804,X,2749,-1,10002,200
187.7068435055567,X,2740,1,9996,100
187.72055840473132,X,2726,1,9996,100
187.73149849235423,A,3066,-1,10004,100
187.77706732985854,A,3067,-1,10003,200
187.79323706728997,X,3042,-1,10002,100
187.8196510256793,A,3068,-1,9998,400
187.8217967327894,X,2986,-1,10000,100
187.84991523535837,X,2764,-1,9998,100
187.85788249723086,X,3058,-1,9998,100
187.88260414032516,A,3069,-1,10002,100
187.94451110555337,A,3070,-1,9998,100
187.9493309588031,A,3071,1,9989,100
187.95895817423667,X,3030,1,9996,100
188.00336911896932,A,3072,-1,9999,200
188.00601793031976,X,2898,1,9993,100
188.00891684685266,A,3073,1,9995,100
188.01039019807962,X,2963,-1,9997,100
188.06682761231636,A,3074,1,9995,100
188.12031854391446,A,3075,1,9989,200
188.14447445668424,A,3076,1,9995,400
188.1750215785073,X,3035,-1,10001,100
188.20082296530492,X,3027,1,9995,100
188.20422374616976,A,3077,-1,9997,200
188.206046614727,A,3078,1,9991,200
188.26203230569217,X,3054,-1,9997,100
188.34476557200264,X,2611,1,9995,400
188.36350540102114,A,3079,-1,10003,200
188.40545370099522,A,3080,1,9995,200
188.41000454594007,A,3081,1,9995,200
188.4158299439951,X,2887,1,9996,400
188.42776598520211,X,3081,1,9995,200
188.5002094747383,X,1830,1,9991,200
188.52383506793234,A,3082,1,9993,300
188.5658467863635,X,1303,-1,10002,100
188.58161884869418,A,3083,-1,10006,300
188.58566286325052,A,3084,-1,10002,100
188.58701072454323,A,3085,1,9995,200
188.62682038728127,X,2512,-1,10003,100
188.63728219525785,X,2807,1,9996,100
188.66704924211257,A,3086,1,9996,200
188.69351002684783,X,3085,1,9995,200
188.77530814947886,A,3087,-1,9998,100
188.79915578655593,A,3088,-1,10004,100
188.82572584073,A,3089,-1,10000,300
188.83215969754755,X,2650,1,9990,200
188.91176606550394,A,3090,-1,9999,100
188.9937393336629,X,2233,-1,10002,100
188.99483733451996,A,3091,1,9996,200
189.0052577960191,X,3072,-1,9999,200
189.01349439245337,X,2790,-1,10005,400
189.07070120146832,A,3092,1,9987,100
189.08386117156687,X,2298,1,9991,100
189.12471881638822,A,3093,-1,9997,100
189.25409557048457,A,3094,-1,9998,200
189.27581358247036,X,2914,1,9991,400
189.30597674301924,A,3095,-1,10001,100
189.36817857330237,A,3096,1,9988,100
189.36843229897218,A,3097,-1,9999,400
189.4463797695434,X,2957,1,9996,200
189.64297866102487,E,3077,-1,9997,100
189.6660747165235,X,2862,1,9993,100
189.67586146763907,X,3077,-1,9997,100
189.70331249403594,A,3098,-1,10003,200
189.70820016694913,A,3099,-1,10002,200
189.83866538222154,A,3100,1,9992,500
189.91632583351614,X,3093,-1,9997,100
189.93858685728748,X,3026,-1,10002,100
189.94755639126126,A,3101,-1,10003,200
189.9532759726011,X,2956,1,9996,100
189.96533680053741,A,3102,1,9995,100
189.9921038020996,X,2835,1,9994,600
190.0416109226099,X,2788,-1,9999,100
190.06401474650778,X,2863,-1,10001,200
190.09441383497258,X,2803,-1,10001,200
190.14311666973273,A,3103,1,9997,100
190.17817450891823,A,3104,-1,9998,200
190.20466987376847,A,3105,-1,10007,100
190.20704103832713,A,3106,-1,10002,100
190.28919307347556,X,3078,1,9991,200
190.3970065968425,A,3107,-1,10004,200
190.42317772613856,A,3108,-1,10004,100
190.43505387417963,X,2905,-1,10006,200
190.44956128827164,X,3034,1,9995,100
190.48071016189934,A,3109,1,9989,100
190.4847250529766,E,3103,1,9997,100
190.50992923452128,A,3110,-1,10002,300
190.52920797969387,X,3050,-1,9998,100
190.57672773952524,X,2699,-1,9998,100
190.61513373318317,A,3111,1,9997,100
190.6874645876049,X,2626,1,9992,100
190.73942566824113,A,3112,-1,10000,100
190.74291717067234,X,2917,1,9993,100
190.8546677918579,A,3113,1,9988,100
190.87382258176586,X,2585,-1,10003,100
190.92286096942735,X,2588,-1,10000,100
190.94131067680348,A,3114,1,9992,500
190.9656704414187,A,3115,-1,9998,300
190.98922926364196,A,3116,1,9996,100
191.01022734829087,X,2874,1,9992,100
191.07129592644532,A,3117,-1,9998,100
191.07284782119842,A,3118,1,9988,100
191.0944975957107,X,2562,-1,10004,100
191.12193033569727,X,3059,-1,10003,400
191.12786150913965,A,3119,-1,9998,400
191.14564120399442,A,3120,-1,10003,100
191.18757664251353,A,3121,-1,10003,300
191.30986428395,A,3122,-1,9998,300
191.35959161947574,A,3123,1,9991,100
191.49499602478195,X,3120,-1,10003,100
191.52887423414705,A,3124,-1,10002,100
191.70849255844192,X,2855,-1,10000,100
191.7085083053486,X,2517,-1,10005,100
191.74410410792538,X,2595,1,9989,300
191.77022946234433,X,2776,-1,10004,200
191.78625148342985,X,2745,-1,10005,100
191.79355387819382,A,3125,-1,9999,100
191.82455497349923,E,3111,1,9997,100
191.85747446838195,X,2691,1,9996,200
191.8981548083028,X,2894,-1,9999,200
191.92718858977778,A,3126,-1,10001,200
191.98718935501458,X,2676,-1,10002,200
192.02629254303673,A,3127,1,9997,200
192.03947086215,X,3115,-1,9998,300
192.06548531785396,E,3127,1,9997,200
192.06548531785396,E,2644,1,9996,100
192.06798088120323,X,3116,1,9996,100
192.07267626894696,X,3045,1,9991,200
192.08149211510352,X,3107,-1,10004,200
192.08744562728,X,3079,-1,10003,200
192.10630583243608,E,2295,-1,9998,100
192.1269711846279,X,3100,1,9992,500
192.12856537992633,X,2773,1,9987,300
192.21472829566727,X,2973,1,9994,300
192.21983454515689,X,2943,-1,9999,100
192.22340876103766,E,2644,1,9996,100
192.28526374010298,A,3128,-1,9999,300
192.30049942803402,A,3129,1,9997,100
192.32549461659795,X,2968,1,9992,100
192.32553847695482,X,2402,1,9988,100
192.33006695199393,X,2924,1,9989,400
192.36537588559727,X,2994,1,9991,300
192.36589369835417,X,2799,1,9993,300
192.38552077956237,A,3130,-1,10001,100
192.443830092114,X,3083,-1,10006,300
192.48044940295893,X,3113,1,9988,100
192.52324425534204,A,3131,-1,10001,100
192.52593480712534,A,3132,1,9996,500
192.52994351658162,A,3133,-1,9999,100
192.56229352347717,X,2158,-1,10009,100
192.58273533360608,X,2965,-1,10002,500
192.5984688758168,E,2401,-1,9998,100
192.5984688758168,E,2418,-1,9998,100
192.5984688758168,E,2434,-1,9998,100
192.5984688758168,E,2441,-1,9998,100
192.6019506545481,X,3070,-1,9998,100
192.64455400928577,X,3096,1,9988,100
192.65669840411232,E,3129,1,9997,100
192.67005513434435,A,3134,1,9997,100
192.67175211349107,A,3135,1,9992,300
192.72677636359055,X,2779,-1,10003,100
192.75811969104345,A,3136,-1,9999,100
192.811803108864,A,3137,-1,9998,100
192.85019696356775,X,2575,1,9987,300
192.87619684895236,A,3138,1,9993,300
192.88489032012512,A,3139,-1,10000,300
192.8863230594483,A,3140,-1,9998,200
192.962377660271,X,2497,1,9995,300
192.9973705558849,A,3141,-1,9998,200
193.02251636533958,X,2979,-1,10001,600
193.03365225084812,A,3142,-1,9999,100
193.05131155978896,A,3143,1,9995,300
193.05842037885017,X,2878,1,9995,600
193.11570133925207,A,3144,-1,9998,100
193.12082725129292,A,3145,-1,10002,200
193.2026374060503,A,3146,1,9992,100
193.25551932650436,X,3124,-1,10002,100
193.26540441216875,A,3147,-1,10002,100
193.3295938559386,A,3148,-1,9999,100
193.33618991523707,X,2962,1,9994,300
193.356864523566,A,3149,-1,10002,100
193.37842871309297,X,2644,1,9996,300
193.38932956338715,X,2927,-1,10000,100
193.4378146386137,X,2785,-1,10001,200
193.46890802242703,X,3133,-1,9999,100
193.4799484098646,X,2876,-1,9998,500
193.49463185547458,X,2900,-1,10000,100
193.49606800037725,A,3150,-1,9998,200
193.50424743215072,X,3126,-1,10001,200
193.52669243107684,A,3151,1,9997,200
193.5308658817561,X,2754,-1,10001,100
193.5420159867245,X,2971,1,9992,200
193.59919102438806,X,2805,-1,10004,500
193.62136890545662,A,3152,-1,10005,100
193.7027489220908,A,3153,1,9989,100
193.73166843741967,X,2985,1,9991,100
193.7665672689279,X,3074,1,9995,100
193.7814898226712,X,585,-1,10005,100
193.7998810053627,E,2441,-1,9998,100
193.88136253705727,X,2984,1,9988,100
193.90753093420804,X,2326,1,9991,200
193.93305984330482,E,3134,1,9997,100
194.081953070435,A,3154,-1,9999,200
194.09078378990114,X,2820,1,9989,100
194.15007917367882,A,3155,1,9993,100
194.1525850080675,A,3156,1,9991,700
194.22582496972487,X,3044,1,9990,300
194.2941941994272,X,2546,1,9993,100
194.30301763385742,A,3157,1,9995,100
194.43130547673587,A,3158,-1,10005,100
194.44097831900442,X,2561,1,9993,100
194.4554321652542,A,3159,-1,9998,200
194.49683374025756,A,3160,1,9997,200
194.52052363233216,X,2797,1,9991,200
194.56985027391605,A,3161,-1,10000,100
194.57731617980144,A,3162,-1,9998,100
194.59945756962347,X,2866,1,9994,100
194.60787839232114,A,3163,-1,9999,200
194.6644332978182,A,3164,1,9997,300
194.67279378427955,A,3165,1,9989,100
194.70772517239033,X,3128,-1,9999,300
194.9061462530451,A,3166,-1,10005,100
194.9212012241358,X,2860,-1,10004,100
194.9386188192995,A,3167,1,9991,200
194.95549337484164,A,3168,1,9992,1200
195.09136400174586,X,2583,-1,10004,200
195.20058056823223,X,2631,-1,10003,600
195.20973292145607,A,3169,1,9994,100
195.2247235823915,A,3170,1,9993,100
195.34680510137161,X,3046,1,9996,100
195.35933830980883,A,3171,1,9996,100
195.37081601775884,X,2756,1,9988,100
195.37256374440423,A,3172,1,9996,100
195.44306072752468,X,2415,-1,10004,100
195.45778293059016,X,3024,1,9995,500
195.54048720176505,A,3173,1,9996,200
195.54363221246825,X,3002,1,9990,300
195.55424095122783,X,3122,-1,9998,300
195.56110577596763,X,3039,1,9988,100
195.5734357611125,A,3174,1,9991,200
195.6746660398412,X,2936,-1,10006,300
195.7018472512334,X,2944,-1,10000,100
195.70858106762955,X,1229,-1,10004,500
195.70913838680295,X,1835,1,9993,300
195.7290196365213,A,3175,1,9994,100
195.95412567087735,A,3176,-1,10003,100
195.96611899911062,A,3177,1,9997,100
196.00432979416038,A,3178,-1,10002,100
196.02994963081764,A,3179,1,9988,100
196.06653735334848,X,3156,1,9991,700
196.0725887236589,A,3180,1,9997,200
196.08251790810488,X,3101,-1,10003,200
196.09847973406738,A,3181,-1,10000,300
196.19791696138913,A,3182,-1,10004,100
196.296553415887,A,3183,-1,9998,100
196.30268524202688,X,3117,-1,9998,100
196.3923509677433,X,2961,-1,9999,100
196.6124303561988,X,2318,-1,10002,100
196.6449208455402,A,3184,1,9995,200
196.71289108093032,A,3185,-1,10000,200
196.7203022581136,A,3186,1,9989,300
196.7363773535348,X,3048,-1,9998,100
196.79497639885554,X,1654,1,9991,200
196.86184036452318,X,3147,-1,10002,100
196.87735793560762,A,3187,1,9988,100
196.88255888296567,A,3188,1,9997,200
197.01918022917314,X,3159,-1,9998,200
197.3311404390712,X,2993,1,9992,100
197.3968564789467,X,2440,1,9995,100
197.44591954449314,A,3189,-1,10006,200
197.46577237050963,A,3190,-1,9998,300
197.47902089545576,X,2719,1,9990,100
197.55886570106196,X,2668,1,9992,200
197.6099002240453,X,3056,1,9996,400
197.73539411870215,X,2826,1,9995,300
197.75162397589082,X,3061,1,9995,200
197.83919037636218,A,3191,-1,9998,100
197.8953566828651,X,3177,1,9997,100
197.90146574491655,A,3192,-1,10005,100
197.91771930604122,X,3189,-1,10006,200
197.96474041892725,X,3141,-1,9998,200
198.0102928981987,A,3193,-1,10006,100
198.02742704682515,A,3194,1,9993,100
198.0284151050466,A,3195,1,9988,100
198.037490930342,A,3196,-1,10005,100
198.0409723727129,A,3197,1,9991,100
198.07387469539168,X,2926,1,9990,100
198.1123307094999,X,2658,1,9995,300
198.12090731308712,A,3198,1,9994,100
198.22024228079522,A,3199,-1,10001,300
198.24779484374938,A,3200,1,9989,300
198.26100448038207,X,3161,-1,10000,100
198.2881717157591,A,3201,-1,9998,600
198.31199137144728,A,3202,1,9996,400
198.3519613250629,X,3043,1,9995,800
198.41403385262132,X,2477,1,9991,100
198.60212858679307,X,3106,-1,10002,100
198.76108868049715,X,3094,-1,9998,200
198.87301858770118,X,3182,-1,10004,100
198.87775002657838,A,3203,-1,10001,200
198.97017736495428,X,3140,-1,9998,200
199.01437896028668,X,2946,-1,9998,200
199.06049863378627,X,3191,-1,9998,100
199.0953878405702,A,3204,1,9993,200
199.15957849963158,X,3173,1,9996,200
199.29404934464446,A,3205,-1,10000,100
199.31897775363362,A,3206,1,9996,100
199.36302638743683,X,2899,1,9992,200
199.4429793390816,A,3207,-1,10001,100
199.44841217854324,A,3208,1,9992,200
199.468293784361,X,3105,-1,10007,100
199.58022501975623,X,3062,-1,10005,100
199.6085996752241,X,2954,-1,9999,300
199.68565854203877,A,3209,-1,10002,300
199.70124996341568,X,3084,-1,10002,100
199.75411157372497,X,2990,1,9994,200
199.81539550554945,A,3210,1,9993,100
199.82370972507624,X,2930,1,9994,300
199.89831714018493,X,3139,-1,10000,300
199.91002621767572,X,3110,-1,10002,300
199.948915553189,A,3211,-1,9999,200
200.0187154232616,A,3212,-1,10002,300
200.08264968761964,A,3213,-1,10002,300
200.10017369303796,A,3214,1,9996,100
200.13877905996443,A,3215,-1,10003,200
200.15194946327082,X,2136,-1,10001,800
200.171564887151,X,3095,-1,10001,100
200.18189857258466,X,3063,1,9992,200
200.18923250782652,X,3194,1,9993,100
200.21250793948312,X,3209,-1,10002,300
200.2236659937972,X,1998,1,9989,200
200.22751023502977,X,2660,1,9996,500
200.25273101982376,A,3216,-1,10002,300
200.2550488323586,A,3217,-1,9998,100
200.2889394231846,A,3218,1,9992,200
200.30356016926373,A,3219,1,9991,200
200.3094950509385,A,3220,-1,9998,400
200.31812637150486,X,3181,-1,10000,300
200.33580790658388,X,2508,-1,10001,300
200.4373215600979,A,3221,1,9994,200
200.4490066674611,A,3222,-1,10004,200
200.5249120627166,X,2744,-1,10003,100
200.58449374242454,X,3208,1,9992,200
200.599544286942,X,2843,1,9988,100
200.60266937383943,A,3223,1,9991,500
200.6297939106391,X,3200,1,9989,300
200.6462869249182,A,3224,-1,10002,200
200.66340538003217,X,2903,1,9996,200
200.66401388705015,X,3108,-1,10004,100
200.73249917341693,A,3225,1,9997,400
200.7461308435795,A,3226,-1,10000,100
200.87708973138717,X,3151,1,9997,200
201.01681354310762,A,3227,1,9996,200
201.0333991549475,A,3228,-1,10004,200
201.11588365597413,X,2569,-1,10002,100
201.17228979322329,X,3176,-1,10003,100
201.17867838874662,A,3229,1,9997,400
201.33176125176198,A,3230,1,9993,300
201.36506610007845,A,3231,-1,10005,200
201.37284284568761,A,3232,1,9992,300
201.38576344901026,X,2433,1,9993,100
201.3868273178806,A,3233,-1,10007,100
201.38967802235703,X,2847,-1,10000,200
201.429535085929,X,2911,-1,9999,300
201.51148511742036,X,3089,-1,10000,300
201.55950511666632,A,3234,1,9992,100
201.56029492586217,A,3235,-1,10003,200
201.5653230765915,A,3236,-1,10007,400
201.573051397373,X,2949,-1,10000,200
201.57937622135452,X,3075,1,9989,200
201.6085930352155,A,3237,-1,9998,400
201.66238309419563,X,2977,1,9990,100
201.6679329400758,A,3238,1,9997,100
201.70777047116064,X,3203,-1,10001,200
201.76430531286508,A,3239,-1,9998,300
201.76481384472174,A,3240,-1,10005,100
201.76869563775298,X,3170,1,9993,100
201.77297881468866,X,3205,-1,10000,100
201.83826615038114,A,3241,1,9994,100
201.9566860493503,X,2982,1,9994,300
201.97487838665043,X,3121,-1,10003,300
201.99654084002074,A,3242,-1,10003,400
202.00770670725285,X,3040,-1,10000,100
202.16207133288222,X,3163,-1,9999,200
202.2806122163936,A,3243,1,9990,100
202.33844170759485,X,3216,-1,10002,300
202.35053063091786,A,3244,-1,9999,1000
202.45335679703635,X,3207,-1,10001,100
202.52066467765363,X,3243,1,9990,100
202.61248147931443,X,2782,-1,10006,200
202.61938504757504,A,3245,1,9997,200
202.65311535378706,A,3246,1,9993,300
202.66551811666935,A,3247,-1,10001,100
202.68488449325164,A,3248,1,9994,100
202.7695518376697,X,3020,1,9991,100
202.804045460856,A,3249,1,9997,700
202.98106163241283,A,3250,1,9994,200
203.0040771034264,X,3224,-1,10002,200
203.08308229926146,A,3251,-1,9998,200
203.09202501622957,A,3252,-1,10004,100
203.10270059275967,X,3132,1,9996,500
203.11260323190595,X,2989,-1,10003,100
203.11371176256387,A,3253,-1,10002,100
203.13324992520882,A,3254,1,9990,200
203.17915690834758,A,3255,1,9996,100
203.2283075693493,A,3256,-1,10003,100
203.24314450982916,A,3257,-1,9998,200
203.24967375816883,A,3258,1,9992,100
203.267379463893,A,3259,1,9995,600
203.26874289213305,X,3049,1,9987,100
203.30607191770653,X,1617,-1,10003,100
203.33069533588733,A,3260,1,9997,200
203.34033546221485,A,3261,-1,10002,200
203.35950837357262,A,3262,-1,10000,100
203.36185206313192,A,3263,-1,10002,100
203.47312315153633,X,2934,1,9993,100
203.48788019710838,X,3254,1,9990,200
203.4929514887406,A,3264,-1,9999,100
203.50702481684806,A,3265,-1,10000,300
203.5176320649982,A,3266,1,9996,200
203.64666217412048,A,3267,-1,10001,100
203.67904039893637,X,2115,1,9993,200
203.6932353391794,X,3131,-1,10001,100
203.73575075203732,X,3032,-1,9999,500
203.74406537611824,X,3169,1,9994,100
203.7646635767403,A,3268,-1,9998,100
203.76770963153928,X,3228,-1,10004,200
203.8538142150056,X,3057,-1,10001,100
203.9023806066399,A,3269,-1,10006,500
203.9094726729454,X,3249,1,9997,700
203.9200861045842,X,3123,1,9991,100
203.97482291093294,X,3149,-1,10002,100
203.98166746709614,A,3270,-1,10000,500
204.07273488523575,X,2890,1,9993,300
204.12957330526177,A,3271,1,9996,100
204.1602778022789,A,3272,-1,9998,100
204.21297754384221,X,2848,1,9993,100
204.24543109794126,A,3273,1,9994,200
204.2501765043174,X,3154,-1,9999,200
204.27178152091028,A,3274,-1,9999,100
204.29409550081198,X,2769,1,9989,100
204.29660982918864,A,3275,-1,10005,100
204.3460573665686,A,3276,-1,10003,100
204.3696586311587,A,3277,-1,10001,100
204.38031762203593,A,3278,1,9993,100
204.4684248655545,A,3279,1,9994,100
204.53788742634583,A,3280,1,9995,200
204.5418660448109,A,3281,-1,9999,100
204.54916128710403,A,3282,1,9995,200
204.57406939747526,E,2441,-1,9998,100
204.57406939747526,E,2550,-1,9998,100
204.57941174483588,A,3283,-1,10001,300
204.6302377416013,A,3284,-1,10002,500
204.67420021552664,A,3285,-1,9998,100
204.6806136993768,X,2331,-1,10004,100
204.69065677732422,X,3236,-1,10007,400
204.74124769298342,X,2948,-1,10001,100
204.7446087911846,X,2636,1,9991,400
204.7549743609116,X,2987,1,9989,100
204.78283496004076,X,3143,1,9995,300
204.7955179490947,A,3286,1,9997,100
204.82089029658158,A,3287,1,9991,100
204.93877207945394,X,3276,-1,10003,100
204.96033590092603,A,3288,1,9994,100
205.01904330342163,A,3289,-1,9999,100
205.03841838208956,X,2864,1,9994,400
205.04651882277295,A,3290,1,9991,300
205.07208741902116,A,3291,-1,10004,300
205.08580486239015,A,3292,1,9996,100
205.23913356428662,A,3293,1,9997,100
205.26546736870898,A,3294,-1,9998,100
205.30618940455454,A,3295,-1,10004,100
205.37856807497417,X,2875,-1,10005,300
205.40331381459384,A,3296,-1,9998,200
205.4068139331195,X,3167,1,9991,200
205.41807535914145,X,2312,1,9995,400
205.4525189877455,A,3297,1,9994,300
205.58232131986898,X,2464,1,9990,100
205.61232449254763,A,3298,-1,10004,100
205.62140268246952,A,3299,1,9993,100
205.66109644253822,A,3300,1,9993,200
205.66190105417982,X,3241,1,9994,100
205.6722515514058,A,3301,-1,10001,200
205.6746037612866,A,3302,-1,9999,100
205.6873566511081,A,3303,-1,10000,100
205.70804938358125,A,3304,-1,10007,500
205.7520803116741,X,2550,-1,9998,100
205.75624418298534,X,2886,1,9989,100
205.7719791797374,A,3305,-1,10005,100
205.95431633876692,X,3215,-1,10003,200
205.981269122324,X,3102,1,9995,100
206.0004997912109,X,3247,-1,10001,100
206.1214549011336,A,3306,1,9992,300
206.23588018012708,X,3130,-1,10001,100
206.37829791245926,A,3307,-1,10001,400
206.393957811212,A,3308,-1,10001,300
206.3956171015298,X,2655,1,9995,300
206.53309618151724,A,3309,1,9991,100
206.5441304816123,A,3310,-1,10000,100
206.54913028367116,X,3277,-1,10001,100
206.65339211747425,A,3311,-1,10006,400
206.72150226688566,X,3310,-1,10000,100
206.73605056282986,X,3051,1,9990,100
206.74916280205562,A,3312,-1,10000,100
206.7958965846449,X,2578,1,9990,500
206.83661360439663,A,3313,-1,9998,300
206.83860983260473,A,3314,-1,9999,100
206.86934274905718,A,3315,1,9996,200
206.8746118043963,A,3316,-1,10002,100
206.92463536232273,A,3317,-1,10001,200
206.94593410317412,X,2670,-1,10002,200
206.9719520883877,A,3318,-1,9998,200
206.97678296560395,X,2720,1,9994,100
206.9825438102549,A,3319,1,9991,100
207.08171655423146,A,3320,1,9996,100
207.1130324060234,A,3321,-1,9998,200
207.21817428410205,X,3271,1,9996,100
207.2366117230611,X,3258,1,9992,100
207.25054152879827,X,2882,-1,9998,300
207.39934374022664,A,3322,1,9996,100
207.39980748905708,X,3246,1,9993,300
207.5987222751674,X,3311,-1,10006,400
207.6054863982675,A,3323,-1,9998,100
207.61165321986957,A,3324,1,9992,100
207.6250910444629,A,3325,-1,10000,200
207.671527693206,X,3188,1,9997,200
207.7054333847112,X,2861,-1,9999,200
207.84664896946177,A,3326,-1,10000,100
207.87513334946604,A,3327,-1,9998,200
207.9317096822814,A,3328,1,9996,200
207.9574418263694,X,3088,-1,10004,100
207.97379857951938,A,3329,1,9993,400
208.008263499918,X,2753,1,9994,200
208.01008320369644,A,3330,-1,10007,100
208.06802740631232,A,3331,1,9997,300
208.11170732712384,A,3332,1,9996,200
208.11650700962858,A,3333,1,9991,400
208.23152647829275,X,3152,-1,10005,100
208.30437147552132,X,3086,1,9996,200
208.3222231994429,X,2632,1,9994,400
208.33283704709623,A,3334,-1,10004,200
208.36239211631948,A,3335,-1,10007,300
208.38415080908143,A,3336,1,9993,400
208.40103217411837,A,3337,-1,10000,100
208.40652695630357,A,3338,-1,10002,200
208.44375724021762,A,3339,-1,9998,200
208.54680277090168,A,3340,1,9989,300
208.55334038543455,A,3341,-1,10007,100
208.57633924900136,X,3195,1,9988,100
208.6109478589799,A,3342,-1,10007,100
208.61887687461657,X,2958,1,9988,200
208.74733317609846,A,3343,-1,10003,200
208.74969947179707,X,2374,-1,9999,200
208.7986359156569,X,3321,-1,9998,200
208.89072386216552,A,3344,1,9995,100
208.90327981646456,X,3329,1,9993,400
208.92176478595823,A,3345,1,9997,100
208.93261233399946,X,2938,1,9994,200
208.93360769831395,A,3346,-1,10004,300
208.9347892752863,X,3213,-1,10002,300
208.9703949526282,A,3347,1,9989,100
208.97601842269265,A,3348,1,9997,500
208.97885196662472,X,3192,-1,10005,100
209.01859384045886,X,2196,-1,10004,100
209.03877776665644,X,3136,-1,9999,100
209.13106353949382,X,3031,-1,10001,200
209.29199813008844,A,3349,-1,10003,100
209.32691590275508,A,3350,-1,10006,200
209.3416707401005,A,3351,1,9991,100
209.42058488916877,A,3352,1,9992,400
209.5274029517902,A,3353,1,9994,300
209.55970358176685,X,2889,-1,10003,200
209.56937439281268,A,3354,1,9991,200
209.57079518524714,E,2682,-1,9998,100
209.61509022693912,X,1895,1,9993,200
209.69410119345008,X,3229,1,9997,400
209.70579358286096,X,3003,1,9994,300
209.74641444780576,X,3262,-1,10000,100
209.77476102669445,X,3322,1,9996,100
209.7906695536386,A,3355,-1,10003,100
209.79673029566138,X,2915,1,9989,100
209.7990111599984,X,3184,1,9995,200
209.80962446952856,X,2819,-1,10002,100
209.8530895803809,X,3172,1,9996,100
209.8850524913069,A,3356,-1,10001,200
209.9175517239413,X,3174,1,9991,200
209.9634836683844,X,3055,1,9991,100
209.98536026953693,X,3199,-1,10001,300
210.0382333868266,A,3357,1,9995,400
210.17901078942447,X,3071,1,9989,100
210.17964050076924,X,3287,1,9991,100
210.2239068009873,X,2727,-1,10004,300
210.2706559588763,X,3214,1,9996,100
210.2718493876354,X,2772,1,9993,100
210.30980916545684,X,3314,-1,9999,100
210.38327790770944,A,3358,-1,9999,200
210.42178081533217,A,3359,-1,9998,100
210.43484106684977,X,3219,1,9991,200
210.43598554436724,A,3360,-1,9999,200
210.48710360535958,X,3033,-1,9998,100
210.57997384259232,X,3210,1,9993,100
210.6233924680533,A,3361,1,9991,100
210.63506256450515,X,2852,-1,10002,100
210.71001058842953,A,3362,1,9994,200
210.78819449602636,X,3345,1,9997,100
210.79859004934232,X,3356,-1,10001,200
210.8182537170582,X,3257,-1,9998,200
210.82127611153524,X,3202,1,9996,400
210.8624383008664,A,3363,-1,10000,200
211.0059131556586,X,3080,1,9995,200
211.04749731109504,A,3364,-1,10005,200
211.11441340253515,A,3365,1,9994,100
211.15315875873227,A,3366,-1,10001,100
211.15512340100673,A,3367,-1,10003,700
211.20200525636153,A,3368,1,9996,100
211.22164403603196,X,3021,1,9995,200
211.24421710017722,X,2969,1,9992,200
211.2827376768185,A,3369,1,9994,100
211.28572573941176,A,3370,1,9992,100
211.33523545240462,X,3286,1,9997,100
211.35457193119535,X,3232,1,9992,300
211.51564763118574,X,3160,1,9997,200
211.5243857300388,X,3275,-1,10005,100
211.53862248337074,X,3352,1,9992,400
211.5477621237605,X,3344,1,9995,100
211.63770945774345,X,3269,-1,10006,500
211.66753045187858,X,3272,-1,9998,100
211.7125661862712,X,3302,-1,9999,100
211.73846371538298,A,3371,-1,9998,300
211.75709305511586,X,3090,-1,9999,100
211.85167872896776,A,3372,-1,10001,200
211.8955488934477,A,3373,1,9992,100
211.9980196339913,X,3193,-1,10006,100
212.05440666007604,X,3297,1,9994,300
212.06956486392724,A,3374,1,9992,100
212.07435242114434,A,3375,1,9992,100
212.11769983373586,X,3104,-1,9998,200
212.20985056020322,X,1801,1,9990,100
212.22876887779358,A,3376,-1,10007,100
212.23859837369858,X,3280,1,9995,200
212.24912016911856,X,3349,-1,10003,100
212.2506460484403,X,3242,-1,10003,400
212.26473833904646,A,3377,-1,9999,100
212.29215433161568,X,3082,1,9993,300
212.36437401318955,A,3378,1,9995,100
212.38973750475458,X,2784,1,9988,300
212.4123234782643,A,3379,1,9996,300
212.56139026125848,X,2361,1,9992,200
212.59444836304604,X,3315,1,9996,200
212.5970604568408,X,3068,-1,9998,400
212.639215598065,A,3380,-1,10002,800
212.65411487896597,X,2545,1,9987,100
212.66207236170823,X,3340,1,9989,300
212.70319288773788,X,3266,1,9996,200
212.70968593293654,A,3381,-1,10000,200
212.73149769308407,A,3382,-1,9999,300
212.87747156817025,X,3357,1,9995,400
212.89966345431486,A,3383,1,9997,100
212.93176330741449,X,3190,-1,9998,300
212.94639052497462,A,3384,-1,9999,100
213.02321654343925,A,3385,1,9996,100
213.0722854251792,X,2869,1,9991,200
213.07495121211386,A,3386,-1,10003,100
213.45105097086443,A,3387,1,9996,100
213.50097347768315,A,3388,1,9993,200
213.50197562959767,A,3389,-1,9998,100
213.52156664216187,X,3368,1,9996,100
213.53168508847372,A,3390,-1,10004,500
213.54614089508038,A,3391,-1,10002,200
213.5686790580513,A,3392,-1,10000,100
213.6030624635663,A,3393,-1,10001,500
213.6461222768412,X,3196,-1,10005,100
213.64751905079441,A,3394,1,9993,400
213.67361518261828,A,3395,-1,9998,100
213.80594748101066,A,3396,1,9995,100
213.82276238269546,A,3397,1,9995,300
213.8242756071909,A,3398,1,9992,200
213.86410467779416,X,3307,-1,10001,400
213.87630609027264,A,3399,-1,10006,100
213.88993937329695,X,3347,1,9989,100
213.91870322239876,X,3290,1,9991,300
213.94443521798968,X,2280,-1,10004,100
213.94705406751893,X,2809,-1,9998,100
214.07634596603657,X,3025,1,9995,200
214.0946012009081,X,3036,-1,9999,100
214.14946876716803,X,3364,-1,10005,200
214.18177407069322,A,3400,1,9991,300
214.2326359610863,X,2823,1,9996,100
214.27249516490986,X,3306,1,9992,300
214.28988408627092,X,2868,-1,10000,100
214.29886922115057,X,3301,-1,10001,200
214.3208421341933,A,3401,-1,9998,300
214.50132832034745,X,3363,-1,10000,200
214.50574527379322,X,3150,-1,9998,200
214.50664640058102,X,3333,1,9991,400
214.5228067929086,X,2953,1,9994,100
214.5301472645805,A,3402,-1,10006,300
214.55951104712165,A,3403,-1,10004,100
214.58377462943827,A,3404,1,9996,100
214.6986415067703,A,3405,1,9997,100
214.70448393432028,X,2714,-1,10000,200
214.78933552949087,X,2978,1,9993,400
214.79628018591305,X,3281,-1,9999,100
214.81925634834226,X,3235,-1,10003,200
214.8335935117993,X,3146,1,9992,100
214.92004802729392,X,3014,-1,10005,100
214.97282490920074,X,3038,-1,10001,100
215.01204475094332,X,2827,1,9988,100
215.0229963062549,A,3406,-1,10002,200
215.02862777721907,X,3299,1,9993,100
215.06124319122105,A,3407,-1,10001,200
215.0809131879171,X,3162,-1,9998,100
215.18857361835913,A,3408,1,9997,500
215.20665455644766,X,3292,1,9996,100
215.2539459582766,A,3409,-1,10001,100
215.25485169620632,A,3410,1,9996,100
215.38328811854427,X,3367,-1,10003,700
215.43151209033732,A,3411,1,9991,700
215.46856232012317,X,3409,-1,10001,100
215.5162435790117,X,2922,-1,10002,100
215.5205378363992,A,3412,-1,9999,200
215.5421020179131,A,3413,-1,9998,200
215.54784749445017,X,3384,-1,9999,100
215.56602953488965,A,3414,-1,10000,500
215.74558612130792,X,3220,-1,9998,400
215.79169433130036,X,3366,-1,10001,100
215.83973603542046,X,3066,-1,10004,100
215.9414296697109,A,3415,1,9996,200
215.98416166532957,X,3355,-1,10003,100
216.05251678258284,A,3416,1,9994,100
216.1209751750134,A,3417,-1,10000,100
216.12552693137135,X,3155,1,9993,100
216.16543300208642,A,3418,1,9996,100
216.18295477098016,A,3419,-1,10000,500
216.21533515333752,X,2800,1,9991,100
216.24184170350645,X,3351,1,9991,100
216.35190375812718,X,3211,-1,9999,200
216.35660144316032,A,3420,1,9991,100
216.38210434435445,A,3421,1,9988,500
216.500541838111,X,3398,1,9992,200
216.5286550190049,X,3401,-1,9998,300
216.6369695734749,X,3392,-1,10000,100
216.6788057013193,X,3396,1,9995,100
216.68875996416557,X,3328,1,9996,200
216.77089303217974,A,3422,-1,9998,200
216.7926350451683,A,3423,1,9989,100
216.80023670251535,X,3222,-1,10004,200
216.80558609859648,A,3424,1,9993,100
216.8259772314604,A,3425,-1,10002,100
216.866812604967,A,3426,-1,9999,200
216.9537802062774,X,3125,-1,9999,100
217.07125307916138,X,3255,1,9996,100
217.13718811877825,A,3427,-1,9999,300
217.18485407248542,A,3428,1,9995,300
217.21712974522262,A,3429,1,9988,100
217.28056337721603,X,2885,-1,10000,100
217.3162075547076,A,3430,1,9997,300
217.32643286231237,A,3431,-1,9998,400
217.40256195297061,A,3432,-1,10005,100
217.45030152954547,A,3433,1,9995,100
217.48963791652983,A,3434,1,9989,300
217.63171084115473,A,3435,-1,10000,200
217.69952477166728,X,3289,-1,9999,100
217.76533323582328,X,2748,1,9987,200
217.8882221529305,A,3436,1,9995,300
217.89736331061297,X,2940,-1,10002,200
217.9380819690573,X,3377,-1,9999,100
217.99363457290127,A,3437,-1,9999,100
218.12040617156254,A,3438,1,9992,100
218.14283663017594,X,3318,-1,9998,200
218.20941225084815,X,3011,-1,10003,100
218.2388847693742,X,2972,-1,10003,100
218.29028065887096,X,2821,1,9990,300
218.36292911674062,A,3439,-1,10000,200
218.38097214370083,A,3440,-1,9998,200
218.40481433274107,X,3375,1,9992,100
218.454119772065,X,3362,1,9994,200
218.5726935005238,X,3185,-1,10000,200
218.5749974045219,A,3441,-1,9998,200
218.59648819301805,X,3212,-1,10002,300
218.6151806128234,E,2682,-1,9998,100
218.625032574154,A,3442,1,9991,200
218.64606756691808,X,3069,-1,10002,100
218.6921558711645,A,3443,1,9996,100
218.69348495278078,A,3444,-1,10003,200
218.7144106075204,X,3397,1,9995,300
218.74556391575058,X,3435,-1,10000,200
218.80666073749677,X,3359,-1,9998,100
218.8144213875837,A,3445,1,9996,100
218.81614655615007,A,3446,-1,10005,300
218.9236533134073,A,3447,-1,10007,200
218.9768378049309,A,3448,1,9988,100
219.01335527488982,X,3387,1,9996,100
219.05026828158768,X,3233,-1,10007,100
219.2783553331664,A,3449,-1,9998,300
219.30079740229664,X,3145,-1,10002,200
219.38305664836597,A,3450,-1,10002,100
219.38546487031212,X,2762,1,9996,200
219.4284168688835,X,2808,1,9993,100
219.43232000023804,X,2735,1,9993,300
219.43837954854916,E,3164,1,9997,100
219.47158546890154,X,3019,1,9993,100
219.61961268696183,A,3451,-1,9999,100
219.62799914939728,A,3452,1,9997,100
219.6644061628933,A,3453,-1,10006,300
219.68053035488535,A,3454,1,9997,400
219.6963459655556,X,3098,-1,10003,200
219.71523886867314,X,3317,-1,10001,200
219.7361741288175,A,3455,-1,10000,400
219.7386275304187,X,3248,1,9994,100
219.74755117822093,A,3456,-1,10000,200
219.76208080882452,A,3457,-1,10000,100
219.8487394623238,X,3261,-1,10002,200
219.86451036395562,A,3458,1,9994,300
219.9874681176371,A,3459,-1,10003,100
220.0217497798728,X,2893,1,9996,100
220.03657285987316,A,3460,-1,10003,100
220.05590437087486,X,3430,1,9997,300
220.13880899479673,A,3461,1,9997,100
220.15911924154966,X,3015,1,9988,200
220.1751611437336,A,3462,1,9992,200
220.19674025941296,X,2857,1,9995,300
220.3405143685844,X,3427,-1,9999,300
220.39442146815733,A,3463,-1,9998,400
220.51267543134773,X,3009,1,9994,300
220.5173408662711,A,3464,-1,10004,100
220.5458725968454,X,3201,-1,9998,600
220.6063960286477,A,3465,-1,9999,600
220.62437207183032,X,3298,-1,10004,100
220.64419621273066,X,3023,1,9996,400
220.64571880496632,X,3114,1,9992,500
220.6581827441202,X,3440,-1,9998,200
220.68586191924882,A,3466,-1,10003,300
220.83653861159976,A,3467,1,9988,200
220.85620910551592,A,3468,-1,9998,100
220.9281025280881,A,3469,-1,10003,200
220.9910174866231,A,3470,1,9991,100
221.00750800354783,X,2050,-1,10001,500
221.09091433552734,X,2992,1,9995,100
221.11300754971847,A,3471,-1,10001,800
221.15673448461982,X,3343,-1,10003,200
221.16062237200128,X,3379,1,9996,300
221.18013920075674,X,2175,-1,10001,200
221.20542560491825,X,3390,-1,10004,500
221.32385960528526,X,3245,1,9997,200
221.39368401626623,X,3346,-1,10004,300
221.48576163813274,A,3472,1,9996,100
221.5021672873172,X,3326,-1,10000,100
221.52536547388672,X,3217,-1,9998,100
221.66652606593547,X,3403,-1,10004,100
221.67636903510098,X,3153,1,9989,100
221.83433040138175,A,3473,1,9989,200
222.04043532822203,X,3470,1,9991,100
222.2464394171934,A,3474,1,9994,200
222.25208822618117,X,3305,-1,10005,100
222.2915813538438,A,3475,1,9995,200
222.29287132779402,A,3476,-1,10003,100
222.3750809792996,X,3303,-1,10000,100
222.5231498147043,X,3385,1,9996,100
222.6079629551998,A,3477,-1,9999,100
222.61752544774606,A,3478,1,9995,200
222.6858925095534,X,3288,1,9994,100
222.70336021573272,X,2729,-1,10001,100
222.73641982924698,X,3256,-1,10003,100
222.74130772593543,A,3479,-1,9998,100
222.783509902785,A,3480,1,9989,300
222.85485427868255,X,2774,1,9995,300
222.91379575407743,X,2707,1,9994,100
222.91997236820026,A,3481,-1,10005,100
223.0041390078917,A,3482,-1,10002,300
223.02124137641943,X,3426,-1,9999,200
223.08207423801207,A,3483,1,9992,100
223.08246868805347,A,3484,1,9997,200
223.08650281631722,X,3416,1,9994,100
223.1607040064645,X,3291,-1,10004,300
223.16525166720388,X,3389,-1,9998,100
223.1850426069608,X,3263,-1,10002,100
223.2060848944412,X,3227,1,9996,200
223.21000719157283,A,3485,1,9991,200
223.2626598751509,A,3486,1,9992,100
223.28413727402474,X,3421,1,9988,500
223.3225253660305,X,2983,1,9993,100
223.33649299610158,A,3487,1,9990,100
223.39319501224318,X,2640,-1,10001,300
223.45101554388637,X,3180,1,9997,200
223.49311421411892,A,3488,1,9996,200
223.49590544486804,A,3489,1,9997,300
223.56715219457342,X,3476,-1,10003,100
223.62513045131382,A,3490,1,9997,100
223.64916083721877,X,3474,1,9994,200
223.6658349671741,A,3491,-1,10000,100
223.70578228742053,A,3492,1,9994,300
223.81418633071578,A,3493,-1,10004,100
223.86189870396638,X,3274,-1,9999,100
223.91548232065603,X,2380,-1,10005,400
223.96153241523962,X,3451,-1,9999,100
223.98940008931572,A,3494,1,9996,100
224.0060853612394,X,3487,1,9990,100
224.0159332393792,A,3495,1,9994,100
224.01919946409754,X,2399,-1,9999,100
224.0674138818221,X,3065,1,9988,100
224.10517442503019,A,3496,1,9996,300
224.12023028812274,X,3112,-1,10000,100
224.19966889241869,X,3370,1,9992,100
224.35746646938546,A,3497,-1,10007,100
224.44339040376397,X,3296,-1,9998,200
224.5148985614364,X,3312,-1,10000,100
224.67903375305195,E,2751,-1,9998,100
224.73042645884706,X,2802,1,9988,200
224.78754596434806,X,3484,1,9997,200
225.00224405379686,A,3498,-1,10001,600
225.21003917239952,X,3268,-1,9998,100
225.23237548666845,X,2833,1,9996,100
225.24443557671515,A,3499,-1,10004,200
225.3260573895582,A,3500,1,9994,100
225.4677423314849,A,3501,1,9991,300
225.52290534129375,A,3502,-1,9999,1100
225.58458497837435,X,3424,1,9993,100
225.62206182844346,A,3503,1,9990,500
225.74024712706085,X,3438,1,9992,100
225.8112536784456,X,2850,1,9993,100
225.8783474127143,A,3504,1,9995,200
225.91599545226316,A,3505,-1,10001,100
225.96670301218722,X,3483,1,9992,100
225.98731448624824,X,3471,-1,10001,800
225.99935228943414,A,3506,1,9996,100
226.05033378501858,X,3186,1,9989,300
226.08725768593024,A,3507,-1,10000,300
226.10476139267092,X,3412,-1,9999,200
226.11142151408495,X,3408,1,9997,500
226.16668035008882,X,2077,1,9992,400
226.17732333752252,X,3372,-1,10001,200
226.2371310290391,A,3508,-1,10005,100
226.24036160286624,X,3479,-1,9998,100
226.41792789230024,A,3509,-1,10002,300
226.42130293924592,A,3510,1,9995,100
226.4240878257138,A,3511,-1,10001,200
226.43534141329076,X,3395,-1,9998,100
226.46570238659547,A,3512,-1,10002,100
226.6219975990585,A,3513,1,9994,200
226.6406092994027,X,2818,1,9991,100
226.66619264235166,A,3514,1,9992,100
226.72229583738826,A,3515,1,9996,100
226.77569572744963,A,3516,1,9996,100
226.79309901523197,A,3517,1,9990,200
226.86628539116083,X,2902,-1,10000,100
226.87015557107438,X,3428,1,9995,300
226.9315771799319,A,3518,-1,10003,100
226.99175969408032,A,3519,-1,10001,300
226.9975420616917,A,3520,1,9989,300
227.06005095705476,A,3521,-1,9998,200
227.0872527249002,X,2657,1,9990,300
227.15388505174013,X,2675,-1,10005,100
227.17681448908382,A,3522,1,9995,400
227.22707092688057,X,3388,1,9993,200
227.28439099699665,X,3323,-1,9998,100
227.32577192436182,X,3411,1,9991,700
227.52190565984645,X,3157,1,9995,100
227.55837651056996,X,3361,1,9991,100
227.57968569636614,A,3523,1,9990,700
227.6458667421183,A,3524,1,9993,300
227.70328950856822,X,3294,-1,9998,100
227.7270668274949,X,2456,-1,9999,300
227.7339126285377,X,2460,-1,10001,100
227.78060964847842,A,3525,1,9997,200
227.7815634076806,A,3526,1,9991,200
227.8859350338619,A,3527,-1,9998,100
227.94843343170848,X,3459,-1,10003,100
227.97957578054337,A,3528,-1,9999,200
228.0310802401411,A,3529,-1,10006,500
228.07505112806513,A,3530,1,9997,200
228.08031819914288,A,3531,1,9997,200
228.08694805448104,X,3480,1,9989,300
228.23013672798714,X,3279,1,9994,100
228.31111370835518,X,3221,1,9994,200
228.33786669194075,X,2766,1,9992,500
228.3526877986338,A,3532,1,9989,200
228.5025151280685,X,2841,1,9993,100
228.56414625076874,X,3417,-1,10000,100
228.59812376224556,X,3253,-1,10002,100
228.69333830977948,A,3533,-1,10007,200
228.69352775775013,X,3382,-1,9999,300
228.69847926411106,X,2137,-1,10002,100
228.74268700758537,A,3534,-1,9999,100
228.751839066918,X,2836,-1,9998,200
228.7739441100244,A,3535,1,9992,100
228.77612130735807,X,3507,-1,10000,300
228.80694994161712,X,2856,-1,10001,300
228.8870505578147,A,3536,1,9996,200
228.9088921763161,A,3537,1,9997,100
228.92550073135322,X,3532,1,9989,200
228.93024291865356,X,3028,1,9995,200
229.038306682463,X,3142,-1,9999,100
229.0490738193707,X,2910,1,9989,600
229.11775486164365,X,3445,1,9996,100
229.25145030183876,A,3538,-1,9998,100
229.35525899787066,A,3539,-1,10001,100
229.47734216055954,X,2708,-1,10001,100
229.56259978118206,X,2980,1,9993,100
229.61654518001052,X,3358,-1,9999,200
229.65642247780022,X,3309,1,9991,100
229.6723443391644,X,2834,-1,10000,100
229.73502429350089,A,3540,1,9994,100
229.8080656624213,X,3087,-1,9998,100
229.8700088399726,X,3319,1,9991,100
229.94568241243223,X,3414,-1,10000,500
229.9644163523885,A,3541,1,9996,400
230.05072873256393,X,3463,-1,9998,400
230.06654700674088,X,3515,1,9996,100
230.09035886005714,A,3542,-1,9998,100
230.11112011379012,X,3144,-1,9998,100
230.24617579587533,A,3543,-1,10001,100
230.31554381895975,A,3544,1,9995,100
230.32159577864599,A,3545,-1,9998,200
230.40681059852054,A,3546,1,9996,600
230.5410050578455,A,3547,-1,10001,100
230.55695513741472,A,3548,1,9997,800
230.5768226742492,X,3400,1,9991,300
230.60965069564497,X,2884,-1,10004,200
230.64026061701543,X,2945,-1,10002,200
230.6804591036155,A,3549,-1,9998,100
230.69345186688912,A,3550,-1,9998,100
230.79147070672917,A,3551,-1,10001,100
230.81241180405203,X,3502,-1,9999,1100
230.81936877828446,X,3539,-1,10001,100
230.84346285493942,X,3285,-1,9998,100
230.85518183114755,A,3552,1,9996,100
230.88149681677328,A,3553,-1,10006,300
230.90805420465108,X,3441,-1,9998,200
230.92609034838796,A,3554,-1,10000,100
230.937345659417,X,3000,-1,10002,200
230.94003835823227,X,3282,1,9995,200
231.0195856582621,X,3005,1,9989,100
231.02933078196367,A,3555,-1,10003,700
231.04188582707673,X,3475,1,9995,200
231.12278915280226,A,3556,-1,9999,200
231.13792298032828,X,3517,1,9990,200
231.1682346539059,A,3557,1,9996,200
231.1912223581246,A,3558,-1,9999,100
231.21527425537778,A,3559,1,9995,100
231.216246301578,A,3560,-1,9999,300
231.28742346085494,X,3481,-1,10005,100
231.3298442033568,X,3485,1,9991,200
231.33015633469688,X,3406,-1,10002,200
231.3908970408727,A,3561,1,9993,100
231.41327043047468,A,3562,-1,10001,200
231.46248827828165,A,3563,-1,10001,300
231.49058115911538,A,3564,1,9997,100
231.5018025494085,A,3565,-1,10003,400
231.5205131773943,A,3566,-1,10004,200
231.58467797053385,A,3567,1,9997,200
231.66324172098976,A,3568,1,9996,100
231.71614461361077,A,3569,1,9996,100
231.72524554654242,A,3570,1,9997,400
231.7416792497847,X,3526,1,9991,200
231.79193693623844,A,3571,-1,10005,100
231.79473460843923,X,3237,-1,9998,400
231.8214735009981,A,3572,1,9989,100
231.8919869253348,X,3560,-1,9999,300
231.90283413243574,X,3369,1,9994,100
231.9172220574232,X,3350,-1,10006,200
231.94832245237384,X,3494,1,9996,100
231.97591160219963,X,3386,-1,10003,100
231.99367966122065,X,2918,1,9996,100
231.99854373175907,X,3512,-1,10002,100
232.15102085609095,X,3419,-1,10000,500
232.1694150676072,A,3573,-1,10003,100
232.17145103239216,X,3119,-1,9998,400
232.19827011568833,A,3574,1,9997,400
232.24533123027464,X,2867,1,9992,100
232.33421494905755,X,3538,-1,9998,100
232.33709685894848,A,3575,1,9994,200
232.34902484323635,X,3442,1,9991,200
232.37771962155722,X,3244,-1,9999,1000
232.42506387847482,A,3576,1,9993,400
232.4612301449218,A,3577,1,9997,400
232.5816050602405,X,3543,-1,10001,100
232.68470599616708,A,3578,1,9990,100
232.74369228492213,A,3579,-1,9999,200
232.74661968595035,X,2758,1,9991,100
232.74774439653393,A,3580,-1,9998,500
232.75809850057217,A,3581,1,9992,200
232.7679469472755,A,3582,-1,9998,200
232.82988980913223,A,3583,-1,10000,400
232.84917135790855,A,3584,-1,10001,300
232.86567541962097,X,3067,-1,10003,200
232.89277967389307,X,3554,-1,10000,100
232.90127919977152,X,3572,1,9989,100
232.93878545847292,X,3265,-1,10000,300
232.9529717227141,A,3585,1,9997,200
233.04591968083284,A,3586,-1,10001,100
233.15082461491141,A,3587,-1,10000,200
233.3482121728304,X,2635,1,9989,400
233.37722551093196,A,3588,1,9997,200
233.42242472940077,A,3589,-1,10005,100
233.50814022993822,A,3590,1,9990,100
233.58407322480366,X,2763,1,9996,200
233.58493563025104,A,3591,-1,10001,200
233.59053866219085,X,3260,1,9997,200
233.75148580042546,A,3592,-1,10007,200
233.8861134988204,X,3444,-1,10003,200
233.9832741908541,X,3535,1,9992,100
234.17197412964785,A,3593,-1,10001,200
234.23495853914147,X,3118,1,9988,100
234.31000622175253,A,3594,-1,9998,100
234.39386182613248,X,1612,1,9989,100
234.42628065815705,X,3240,-1,10005,100
234.6742796182434,X,3365,1,9994,100
234.810047580173,X,3336,1,9993,400
234.90484892760568,X,3506,1,9996,100
235.05417872142942,X,3482,-1,10002,300
235.12829585969942,X,3528,-1,9999,200
235.13335501281708,A,3595,-1,10000,200
235.16817564591287,X,3251,-1,9998,200
235.24459602604273,A,3596,-1,10006,200
235.4156556335123,X,3581,1,9992,200
235.43784012095335,A,3597,-1,10007,100
235.47539165639813,A,3598,1,9990,100
235.4856850823989,X,2907,-1,10002,200
235.50100461811883,X,3284,-1,10002,500
235.50252053676817,X,3580,-1,9998,500
235.50710675949634,A,3599,-1,10007,100
235.52213242966607,A,3600,-1,10006,100
235.52459803976535,A,3601,1,9993,300
235.5268394444631,A,3602,-1,10006,100
235.5343604098774,X,3567,1,9997,200
235.53829379586765,X,3556,-1,9999,200
235.56517828893115,A,3603,-1,10000,100
235.654109410241,X,2975,-1,10005,100
235.6861476527048,A,3604,-1,10000,100
235.71453414513874,X,3332,1,9996,200
235.73592930124659,A,3605,-1,10004,300
235.7371961117656,A,3606,-1,10006,100
235.74164710991974,A,3607,-1,10004,100
235.8946620630935,A,3608,1,9991,100
235.9041506548271,A,3609,1,9992,700
235.99328608154363,A,3610,-1,9998,200
235.99551317731837,X,3576,1,9993,400
236.02482861730874,X,3542,-1,9998,100
236.05813618896272,A,3611,1,9997,100
236.07148439698705,A,3612,1,9991,100
236.08665053963435,X,3267,-1,10001,100
236.2729984139708,X,3354,1,9991,200
236.27735706606265,X,3447,-1,10007,200
236.30198112632317,X,3499,-1,10004,200
236.304882833784,A,3613,1,9995,200
236.30613259236148,X,3166,-1,10005,100
236.42215299081445,A,3614,1,9994,100
236.46053000462535,X,3552,1,9996,100
236.49980135800533,X,3547,-1,10001,100
236.53701094745625,X,2966,-1,9998,300
236.59499570002552,A,3615,1,9994,600
236.6167942229449,X,3238,1,9997,100
236.62553933269254,X,3324,1,9992,100
236.7635850028525,A,3616,-1,9998,100
236.76409041998687,A,3617,-1,9998,300
236.7856298025536,A,3618,-1,9998,200
236.79073384662877,X,3252,-1,10004,100
236.9025254407856,X,3524,1,9993,300
236.90829572754575,X,3520,1,9989,300
236.92075427072967,X,3568,1,9996,100
236.94839305220188,A,3619,1,9991,200
236.9900755830548,A,3620,1,9996,400
236.9944253015627,X,3513,1,9994,200
237.09114065296507,A,3621,-1,10005,200
237.12862868943094,X,3407,-1,10001,200
237.14484001161549,X,3226,-1,10000,100
237.23111168506853,A,3622,1,9992,400
237.28627943075276,X,3431,-1,9998,400
237.3138102031685,A,3623,1,9997,200
237.3343555964632,X,3339,-1,9998,200
237.41338388302438,A,3624,1,9995,100
237.47073472058034,X,3504,1,9995,200
237.48663575149644,A,3625,-1,10005,100
237.5711137125706,E,3164,1,9997,100
237.58351610327787,A,3626,1,9988,100
237.58647723941013,A,3627,-1,10001,200
237.6233829688157,X,3012,-1,10002,100
237.74362434633997,X,3097,-1,9999,400
237.8150272147406,A,3628,1,9996,100
237.8205342366048,A,3629,-1,10000,200
237.83839199219764,X,3629,-1,10000,200
237.87589602881667,A,3630,-1,10002,200
237.91216658310287,X,2488,-1,9999,100
237.97498160051765,A,3631,1,9996,200
237.99322539704582,X,3518,-1,10003,100
238.0289571451759,X,3489,1,9997,300
238.02929903065223,X,3458,1,9994,300
238.05050790211718,A,3632,-1,9999,200
238.09534996048484,A,3633,1,9997,100
238.1722485602543,X,3008,-1,10004,300
238.2792324859163,A,3634,1,9997,100
238.2845987042209,X,3628,1,9996,100
238.41165463415692,A,3635,-1,10005,100
238.42629881502913,A,3636,-1,10001,400
238.4789222644538,A,3637,-1,10001,100
238.56225197141293,A,3638,1,9996,300
238.6918520452308,A,3639,1,9997,100
238.77078816417406,X,3410,1,9996,100
238.80022087143823,A,3640,-1,10003,100
238.88176052433434,X,3293,1,9997,100
238.90850193268113,A,3641,1,9996,200
238.9549042771936,A,3642,1,9991,200
238.97091817065387,A,3643,-1,10001,100
239.064558176661,A,3644,-1,9998,100
239.08867257118737,A,3645,1,9996,300
239.11314090119134,A,3646,1,9993,1100
239.12453184523358,A,3647,-1,10003,500
239.14350164416487,A,3648,-1,9998,200
239.17202031630586,A,3649,1,9994,400
239.2638911694814,X,3469,-1,10003,200
239.35128872650097,A,3650,1,9996,300
239.40729880944812,A,3651,-1,10000,100
239.41125903771174,X,3250,1,9994,200
239.4334684079152,A,3652,-1,10003,200
239.46454614893406,A,3653,1,9994,400
239.4853379726387,A,3654,-1,10002,100
239.49407363567465,X,3636,-1,10001,400
239.55108778668713,A,3655,-1,9998,300
239.56658022078685,A,3656,-1,9999,200
239.57718551865275,E,2751,-1,9998,100
239.57718551865275,E,2759,-1,9998,100
239.6046168065624,X,3536,1,9996,200
239.61509459635076,A,3657,-1,10005,100
239.6174718480093,A,3658,1,9989,100
239.69213000891048,X,3651,-1,10000,100
239.72983024537666,X,3373,1,9992,100
239.7474025421074,A,3659,-1,9998,100
239.7646999415104,X,3446,-1,10005,300
239.79194534468635,X,3571,-1,10005,100
239.80023303103263,A,3660,1,9994,200
239.8090979930435,X,3464,-1,10004,100
239.84137868401737,X,3492,1,9994,300
239.92401536350488,A,3661,-1,10006,300
239.92477237842465,X,3383,1,9997,100
239.92666285592765,A,3662,-1,10004,100
239.97523469227377,A,3663,-1,9998,100
239.99201727697752,X,2706,-1,10001,100
240.0257055635787,X,3472,1,9996,100
240.0463913334324,X,3562,-1,10001,200
240.15679580841788,A,3664,-1,9998,200
240.15761833699918,X,3564,1,9997,100
240.24499220090414,A,3665,1,9995,100
240.30928343454775,A,3666,-1,9998,300
240.3147769930772,A,3667,1,9995,100
240.33587420960538,X,3642,1,9991,200
240.36916663050812,A,3668,-1,9999,200
240.39684588705666,A,3669,1,9992,100
240.4090201165193,A,3670,1,9991,100
240.52409948315918,A,3671,1,9994,300
240.54441851941135,X,2757,-1,10003,100
240.64688371909438,A,3672,-1,9999,300
240.65083484590622,X,3099,-1,10002,200
240.67093932902105,A,3673,1,9995,300
240.76743351901968,A,3674,-1,10006,200
240.80393203018608,X,3491,-1,10000,100
240.82360897151293,X,3540,1,9994,100
240.87554882221187,X,3641,1,9996,200
241.02985797902687,X,3614,1,9994,100
241.11598621458185,X,3391,-1,10002,200
241.1211652361001,A,3675,1,9997,100
241.13006713660096,A,3676,1,9995,100
241.17212149977522,A,3677,1,9994,200
241.21680193292568,X,3637,-1,10001,100
241.2588114774744,X,3060,-1,9998,100
241.32754576899208,A,3678,-1,10002,100
241.32998979673607,A,3679,1,9992,100
241.45707239386903,X,3587,-1,10000,200
241.49443247584222,X,3592,-1,10007,200
241.5396952375476,A,3680,-1,10006,100
241.55185925212993,A,3681,-1,9999,100
241.6309941153077,X,3586,-1,10001,100
241.6892033998273,X,3671,1,9994,300
241.7112616679487,A,3682,1,9995,100
241.72795836110058,A,3683,1,9993,300
241.7290427238162,X,3583,-1,10000,400
241.74191447517077,X,3551,-1,10001,100
241.7627067190424,A,3684,1,9995,200
241.8094992638282,X,3335,-1,10007,300
241.9064010099626,A,3685,-1,10001,200
242.02658723131117,X,3591,-1,10001,200
242.05290402315632,X,3655,-1,9998,300
242.06708855329384,A,3686,-1,10001,200
242.14622988477836,A,3687,1,9996,200
242.2129218307619,X,3425,-1,10002,100
242.223678503905,X,3264,-1,9999,100
242.22879756848795,X,3679,1,9992,100
242.2359014869107,A,3688,-1,9998,100
242.28366918501592,X,3165,1,9989,100
242.29978335054108,X,2489,1,9993,100
242.33324742092157,A,3689,1,9989,200
242.3503785658069,X,3076,1,9995,400
242.35512611976742,A,3690,1,9997,100
242.4479948462665,A,3691,-1,10007,100
242.51049362034144,X,3678,-1,10002,100
242.51587676323817,X,3549,-1,9998,100
242.5178409179268,A,3692,1,9996,500
242.5212597197992,A,3693,-1,9999,300
242.61178709654985,X,3017,-1,9998,100
242.6150057006209,A,3694,-1,10005,100
242.66030375050295,A,3695,1,9993,100
242.67690791317864,A,3696,-1,10003,100
242.76672344114962,X,3669,1,9992,100
242.77718115785322,X,2620,-1,10006,100
242.91236967976775,X,3590,1,9990,100
242.9257321710955,A,3697,-1,9999,100
242.9499064698288,A,3698,1,9992,300
242.96884862228458,A,3699,1,9995,200
242.97069483817057,X,3503,1,9990,500
242.9930755122054,X,2653,1,9996,400
243.01278443420463,X,3557,1,9996,200
243.09667648040642,A,3700,-1,9998,100
243.10810084101067,A,3701,1,9995,200
243.11883268006113,X,3453,-1,10006,300
243.16401972150854,A,3702,1,9995,100
243.18009212781777,A,3703,-1,10004,100
243.2147883411382,A,3704,-1,10000,200
243.2258268096658,A,3705,1,9997,100
243.2482143046923,A,3706,1,9996,300
243.50657900304262,A,3707,-1,9999,200
243.51829541594873,X,3705,1,9997,100
243.5460369556253,A,3708,-1,10000,100
243.5518933230538,A,3709,1,9988,1200
243.66219274422502,X,3558,-1,9999,100
243.66798960213686,X,2872,1,9991,100
243.6823237175732,X,3659,-1,9998,100
243.7007520283022,X,3573,-1,10003,100
243.74417608471674,A,3710,-1,9998,100
243.78520133462993,A,3711,1,9995,100
243.8270499247213,A,3712,-1,9998,200
243.8373866602183,A,3713,1,9997,400
243.98227095706045,X,3013,1,9995,400
244.10725282801712,A,3714,1,9996,100
244.13286356680905,X,3711,1,9995,100
244.15015146671684,X,3460,-1,10003,100
244.20890460136943,X,3467,1,9988,200
244.21030650512677,X,2811,1,9994,100
244.21217169657422,A,3715,-1,9998,300
244.22269047212282,X,3073,1,9995,100
244.2738710698217,X,1842,-1,10003,200
244.33808192707573,A,3716,-1,10002,100
244.35241494523777,X,3664,-1,9998,200
244.35386667182766,X,2495,-1,10001,400
244.37424608871143,A,3717,-1,9999,100
244.3761668842817,X,3496,1,9996,300
244.4526419602144,A,3718,-1,10000,100
244.5365155312379,X,3092,1,9987,100
244.57655352546087,X,3695,1,9993,100
244.62564790773956,A,3719,-1,10004,400
244.70425965974584,A,3720,-1,10005,100
244.77452852905037,A,3721,1,9995,100
244.77583043086815,X,2339,-1,10000,100
244.93781692401447,X,3559,1,9995,100
245.00115010042674,A,3722,1,9991,200
245.04014306880597,A,3723,-1,10003,100
245.04523077852156,A,3724,1,9989,200
245.04663858421785,X,3696,-1,10003,100
245.10519232248308,X,3689,1,9989,200
245.20061755349246,A,3725,1,9995,100
245.22614183250656,A,3726,-1,10002,100
245.23574575996687,X,3712,-1,9998,200
245.26338594091118,A,3727,1,9989,100
245.28835799864345,X,2952,-1,10001,200
245.30004963483717,X,3663,-1,9998,100
245.3556548501349,X,3525,1,9997,200
245.3620123518227,A,3728,1,9996,300
245.41700333372108,A,3729,1,9996,300
245.4691914371724,A,3730,1,9994,100
245.482132996623,A,3731,1,9992,200
245.4980069000219,A,3732,-1,10006,200
245.49940769695283,X,3331,1,9997,300
245.51042043788556,X,3109,1,9989,100
245.5434163365238,A,3733,1,9997,200
245.59245163529343,X,3295,-1,10004,100
245.71729009182837,A,3734,1,9991,100
245.75869172470595,A,3735,-1,10001,100
245.79991047055455,A,3736,-1,10001,200
245.8770535755647,X,3624,1,9995,100
245.90646765324797,A,3737,-1,9998,100
245.91816366469837,A,3738,1,9996,100
245.92433717604945,E,3137,-1,9998,100
245.96241154048053,A,3739,1,9995,300
245.96833791986845,X,3715,-1,9998,300
246.04487579271844,A,3740,1,9995,200
246.11200060589906,A,3741,-1,10003,300
246.1868318472289,A,3742,1,9990,300
246.19451953361272,A,3743,-1,9998,200
246.2001260299491,X,3091,1,9996,200
246.30989098582083,A,3744,1,9991,100
246.3519484934316,X,3437,-1,9999,100
246.35235839123825,A,3745,1,9993,100
246.432282591216,X,3064,1,9995,400
246.4355834987329,X,3702,1,9995,100
246.4511532200738,X,2733,1,9996,200
246.5023919077074,A,3746,-1,10000,100
246.59737309958703,X,3574,1,9997,400
246.7507235144863,X,3490,1,9997,100
246.75450916883003,A,3747,1,9996,200
246.79690232193965,A,3748,-1,10000,200
246.8054453156347,A,3749,-1,9998,100
246.88304106789136,A,3750,1,9994,100
246.97111045005843,X,3724,1,9989,200
246.9783012676614,A,3751,-1,10004,100
246.99726254803738,X,3234,1,9992,100
246.99726814343236,X,3341,-1,10007,100
247.02164178410047,X,3727,1,9989,100
247.0863126655715,X,2673,1,9994,100
247.1271898246132,A,3752,-1,9999,100
247.15938091047985,X,3723,-1,10003,100
247.17986462745452,A,3753,1,9996,200
247.19597142153526,X,3452,1,9997,100
247.19891410173258,A,3754,-1,10000,100
247.2903463657649,X,3734,1,9991,100
247.31857576741194,A,3755,1,9997,200
247.36813111559533,A,3756,-1,10005,100
247.4036162453339,X,3698,1,9992,300
247.44673471127967,X,3004,-1,9999,300
247.5010280890799,A,3757,-1,10002,100
247.50144220275925,X,3667,1,9995,100
247.54610473032417,A,3758,-1,10001,200
247.55062629027785,X,3138,1,9993,300
247.61806733044068,A,3759,1,9992,400
247.7198106422193,X,3697,-1,9999,100
247.81158445799412,A,3760,-1,10004,100
247.841838526854,X,3668,-1,9999,200
247.9184013179935,X,3650,1,9996,300
247.93193066684623,X,2590,-1,9999,100
247.9818297367,A,3761,-1,10007,100
248.03822144466935,X,3578,1,9990,100
248.16406902981376,X,3534,-1,9999,100
248.19716918669945,A,3762,1,9993,300
248.2181506848834,A,3763,1,9992,100
248.24233646757378,A,3764,-1,9999,200
248.29703978844023,A,3765,1,9993,200
248.31452400533004,X,3537,1,9997,100
248.32336144865477,A,3766,-1,10000,300
248.47032631740606,A,3767,-1,9999,100
248.51494888644544,A,3768,1,9994,100
248.56021817620115,X,3561,1,9993,100
248.56813897888466,X,3456,-1,10000,200
248.58137002282825,A,3769,-1,10007,100
248.63738367532915,X,3714,1,9996,100
248.77005617726246,X,3577,1,9997,400
248.82483816576135,X,3462,1,9992,200
248.82515450144587,X,3585,1,9997,200
248.8285007183856,A,3770,-1,10005,100
248.84225121429165,A,3771,1,9990,100
248.85144885232054,A,3772,-1,10005,300
248.90321873133573,X,3676,1,9995,100
248.92597475564557,X,3738,1,9996,100
248.95722401469405,A,3773,1,9997,300
248.97926944191798,X,3588,1,9997,200
249.02673436535784,X,3644,-1,9998,100
249.10703548267483,X,3617,-1,9998,300
249.12516412492673,X,3374,1,9992,100
249.15521919395565,A,3774,1,9992,100
249.2362925752675,A,3775,1,9992,200
249.23803697365128,A,3776,-1,10002,500
249.33906166187293,X,3380,-1,10002,800
249.348102336017,X,3575,1,9994,200
249.3814042360437,X,3457,-1,10000,100
249.38209778169272,A,3777,1,9997,300
249.43340354042985,X,3508,-1,10005,100
249.43775835305846,X,3598,1,9990,100
249.49938578319754,A,3778,-1,9998,300
249.55840624415168,X,3770,-1,10005,100
249.56057383401694,A,3779,-1,10003,300
249.70101073453245,X,3599,-1,10007,100
249.70741225136467,X,3594,-1,9998,100
249.71411233039245,X,3639,1,9997,100
249.76293659421762,X,3175,1,9994,100
249.85795971851513,X,3674,-1,10006,200
249.87565620656022,A,3780,-1,9998,100
249.92391096269986,A,3781,1,9993,200
249.98715989498086,X,2703,1,9996,300
250.03610584517364,A,3782,-1,9998,200
250.08485916488567,X,3455,-1,10000,400
250.10844606941222,A,3783,1,9992,100
250.13974532623854,A,3784,1,9993,100
250.1694593519461,X,3569,1,9996,100
250.17256669041944,A,3785,-1,9999,200
250.1845505148851,A,3786,1,9993,200
250.19563086596597,X,3533,-1,10007,200
250.21727514049653,X,3687,1,9996,200
250.2326069348779,A,3787,1,9990,100
250.2874725879347,A,3788,-1,9998,300
250.31031767529626,A,3789,1,9996,100
250.3875602301484,A,3790,1,9993,100
250.41778251487185,X,3566,-1,10004,200
250.42391807285298,A,3791,1,9996,200
250.4528024621283,X,3613,1,9995,200
250.5441786365623,A,3792,-1,10003,100
250.56062454706074,X,3742,1,9990,300
250.58058417915458,X,3686,-1,10001,200
250.59147339446588,X,3745,1,9993,100
250.63980730247548,X,3404,1,9996,100
250.68419024449707,A,3793,-1,10006,100
250.71852045034174,A,3794,-1,9998,200
250.76401990632834,A,3795,1,9988,100
250.8000039137978,X,3546,1,9996,600
250.85950003200003,A,3796,1,9993,200
250.9451922985213,X,3171,1,9996,100
251.10896244845003,X,3570,1,9997,400
251.11536011410385,A,3797,-1,9999,100
251.12843286542483,X,3756,-1,10005,100
251.19212848137636,A,3798,1,9991,100
251.1971165467696,A,3799,-1,10004,300
251.3760096781565,A,3800,-1,9998,400
251.41258029276122,A,3801,1,9997,800
251.4674210642218,X,3342,-1,10007,100
251.5592172868568,A,3802,1,9997,100
251.56511182360904,X,3656,-1,9999,200
251.64435334406662,A,3803,1,9994,100
251.88013399462292,X,3478,1,9995,200
251.89173908896197,X,3052,1,9995,400
251.99218102323277,X,3418,1,9996,100
251.99463055331717,A,3804,-1,10000,300
252.02827924252827,X,3158,-1,10005,100
252.03231028000485,X,3804,-1,10000,300
252.14206040523715,X,3786,1,9993,200
252.17694224471202,A,3805,1,9997,300
252.2756911959486,A,3806,1,9994,200
252.41760067623974,X,3422,-1,9998,200
252.43512839583147,A,3807,1,9994,200
252.57236361188865,X,2829,-1,10003,200
252.5742902660714,A,3808,-1,10005,200
252.63585010159213,A,3809,1,9991,100
252.66718628320967,A,3810,-1,9998,300
252.6689748549851,X,3555,-1,10003,700
252.67784646224547,A,3811,-1,9998,200
252.7455143231952,A,3812,1,9997,100
252.80387031182713,X,3273,1,9994,200
252.99851288176285,X,3198,1,9994,100
253.22276158413646,X,3439,-1,10000,200
253.32703684039157,X,3197,1,9991,100
253.3347482657438,X,3596,-1,10006,200
253.35191537646162,X,3736,-1,10001,200
253.36484329849833,X,3371,-1,9998,300
253.42206405627275,A,3813,-1,10000,100
253.42608838437172,A,3814,1,9997,200
253.44280511468602,X,3648,-1,9998,200
253.45735044029587,X,3704,-1,10000,200
253.48987641952417,X,3754,-1,10000,100
253.53596287146266,X,3699,1,9995,200
253.53837099832023,A,3815,1,9992,100
253.57012943085684,X,3531,1,9997,200
253.57205973820433,X,3523,1,9990,700
253.62822438279224,X,3643,-1,10001,100
253.79834128009537,X,2853,1,9995,300
253.8566930307171,X,3673,1,9995,300
253.89897520035836,X,2612,-1,10000,100
253.92055880148447,X,3611,1,9997,100
253.94564392903004,A,3816,-1,9999,300
254.02023870237258,A,3817,-1,10001,100
254.02236434774576,A,3818,1,9989,300
254.03624904127875,A,3819,-1,10000,200
254.10608737782073,A,3820,-1,10007,300
254.11030854929248,A,3821,1,9996,100
254.18025960664417,A,3822,1,9993,200
254.2585959457873,X,3680,-1,10006,100
254.28757681282812,A,3823,1,9991,100
254.30860558172338,A,3824,1,9995,100
254.33160429625303,A,3825,-1,9999,100
254.38185359634042,A,3826,1,9996,100
254.50612888483772,X,3776,-1,10002,500
254.51611865545374,A,3827,-1,10002,300
254.51780934681662,A,3828,1,9996,100
254.54985325928135,X,3565,-1,10003,400
254.57524900631478,X,3826,1,9996,100
254.59245157964992,X,3759,1,9992,400
254.60411348767198,A,3829,-1,10002,200
254.61878497002547,X,3300,1,9993,200
254.6756211297579,X,3703,-1,10004,100
254.70441920995506,A,3830,-1,9999,300
254.7179291688177,A,3831,-1,10007,200
254.78365031536836,X,3658,1,9989,100
254.79155219966978,A,3832,1,9992,100
254.86584369617586,X,3749,-1,9998,100
255.00856623234887,X,3231,-1,10005,200
255.01384472060758,A,3833,-1,10005,200
255.04272119116592,A,3834,1,9996,600
255.0523412167864,X,3760,-1,10004,100
255.0561351687564,X,3716,-1,10002,100
255.09854047277744,A,3835,1,9993,200
255.10196760202132,A,3836,-1,10004,200
255.18432270151973,X,3443,1,9996,100
255.2487676021675,X,3206,1,9996,100
255.2970067713709,E,3183,-1,9998,100
255.41472703572305,A,3837,-1,10000,200
255.41988155248697,A,3838,1,9992,400
255.42470773828882,A,3839,-1,10003,100
255.45031800945057,X,3631,1,9996,200
255.45933248404873,A,3840,-1,10005,100
255.51491029621621,X,3486,1,9992,100
255.54744208702965,X,2870,-1,10002,400
255.7163307346981,X,3511,-1,10001,200
255.7603928823334,A,3841,1,9995,200
255.7981476845517,X,3270,-1,10000,500
255.84527059737744,E,3239,-1,9998,200
255.9672033656196,X,3797,-1,9999,100
255.9954899538065,A,3842,-1,10007,100
256.0796510994228,A,3843,-1,10003,100
256.15019438988566,X,3325,-1,10000,200
256.16805318017447,A,3844,1,9989,100
256.1712078346191,A,3845,-1,10003,100
256.199979480881,X,3204,1,9993,200
256.243055817036,X,3313,-1,9998,300
256.25268786845544,X,3625,-1,10005,100
256.2555616021536,A,3846,-1,10000,100
256.2975473143644,X,3803,1,9994,100
256.3148219291994,A,3847,1,9996,100
256.37786562145607,X,3327,-1,9998,200
256.51210574494166,X,3816,-1,9999,300
256.53009788393035,A,3848,1,9991,100
256.5904769598798,X,3394,1,9993,400
256.5911674266736,A,3849,-1,10005,100
256.60233393495383,X,3178,-1,10002,100
256.6357254561487,A,3850,-1,10002,100
256.7124537369799,X,3743,-1,9998,200
256.72571207350563,A,3851,1,9996,100
256.75036453236896,A,3852,-1,10001,100
256.77565944257424,A,3853,1,9993,200
256.7896164008486,A,3854,1,9988,200
256.80359834348855,X,3500,1,9994,100
256.89278246640924,A,3855,-1,10001,100
256.9678530701393,X,2919,1,9996,400
256.9826791949547,X,3521,-1,9998,200
257.08246857184866,X,1562,-1,10003,300
257.28950293273607,X,2935,1,9990,100
257.30297003724434,E,3239,-1,9998,100
257.32038302315846,X,3824,1,9995,100
257.3739661394065,X,3854,1,9988,200
257.4084290953621,A,3856,1,9997,100
257.49454942246854,X,3813,-1,10000,100
257.4960936812503,X,3553,-1,10006,300
257.55088521429116,X,3815,1,9992,100
257.56448150569224,X,3684,1,9995,200
257.64764164322827,A,3857,1,9994,200
257.6749098447994,A,3858,1,9997,400
257.8763791807512,A,3859,-1,10003,100
257.9331519172937,X,3348,1,9997,500
257.98620243651965,X,3849,-1,10005,100
258.13692939787467,X,3829,-1,10002,200
258.18833037700887,X,3844,1,9989,100
258.18992220800857,X,3764,-1,9999,200
258.21144766475965,X,3718,-1,10000,100
258.24310417137974,X,3840,-1,10005,100
258.24868176837845,X,2235,1,9993,400
258.2576948320549,A,3860,-1,10002,300
258.27389412888294,X,3657,-1,10005,100
258.3143340231418,A,3861,-1,10002,100
258.3626583236999,A,3862,-1,9999,200
258.48046025432524,X,3337,-1,10000,100
258.504611688141,A,3863,1,9995,100
258.5477461148789,X,3728,1,9996,300
258.570873811575,X,3833,-1,10005,200
258.5897017805473,X,3609,1,9992,700
258.606428924356,A,3864,-1,9999,400
258.6068704016674,X,3179,1,9988,100
258.65888200041866,X,3649,1,9994,400
258.6841699031086,A,3865,1,9991,400
258.6993918461918,X,3739,1,9995,300
258.700796343154,X,3741,-1,10003,300
258.72015761839134,A,3866,-1,10002,900
258.73691373393086,A,3867,1,9997,300
258.7680741017581,A,3868,-1,10000,100
258.8343068443149,A,3869,1,9991,100
258.9313537168236,X,3692,1,9996,500
258.97476964279343,A,3870,-1,10000,500
259.35165458497556,A,3871,1,9995,400
259.4096346825262,A,3872,1,9994,100
259.4386106601507,X,3308,-1,10001,300
259.44342999127264,A,3873,-1,9998,100
259.5004350795886,X,3799,-1,10004,300
259.5314021654009,A,3874,1,9993,300
259.54459629101757,A,3875,-1,9998,100
259.5879891915165,A,3876,1,9994,100
259.6647282403016,X,3823,1,9991,100
259.73974564547245,A,3877,-1,9999,300
259.8195668862547,A,3878,-1,10003,100
259.87900458945785,X,3767,-1,9999,100
259.9310554635435,E,3413,-1,9998,100
259.9389591183888,X,3828,1,9996,100
259.9429209539612,X,3746,-1,10000,100
259.9652466376906,A,3879,1,9995,400
260.00693990293314,X,3847,1,9996,100
260.0150830500722,X,3794,-1,9998,200
260.1428359453855,A,3880,1,9997,100
260.28373618321797,X,3753,1,9996,200
260.40192974048966,X,3620,1,9996,400
260.43642142407367,X,3772,-1,10005,300
260.47202254764926,X,3744,1,9991,100
260.5720091614629,X,3381,-1,10000,200
260.65865949130233,A,3881,1,9997,300
260.6752473336842,X,3633,1,9997,100
260.6856639848936,X,3801,1,9997,800
260.70537134609515,A,3882,-1,10000,100
260.7292174241211,X,3713,1,9997,400
260.74014102414486,X,3505,-1,10001,100
260.7494521833884,X,3777,1,9997,300
260.8321742373078,X,3225,1,9997,400
260.9197537766667,X,3755,1,9997,200
260.96637025897553,X,3867,1,9997,300
260.9688461732279,A,3883,-1,10000,100
261.0093540021797,X,3454,1,9997,400
261.0170652751041,A,3884,-1,9999,200
261.01778088849073,A,3885,-1,10002,100
261.0591095733487,A,3886,1,9997,300
261.1255517418874,X,3805,1,9997,300
261.1587205291732,X,3886,1,9997,300
261.18240504806266,X,3880,1,9997,100
261.18842886618796,A,3887,-1,9999,100
261.21573815848444,X,3812,1,9997,100
261.26433080951017,A,3888,-1,9999,100
261.2701225624017,X,3548,1,9997,800
261.37072431456136,X,3845,-1,10003,100
261.376856785346,X,3858,1,9997,400
261.3936031880815,A,3889,-1,9998,100
261.42082777126814,X,3733,1,9997,200
261.46329568562504,X,3661,-1,10006,300
261.5462355111714,A,3890,1,9997,200
261.5860841008674,A,3891,-1,9999,100
261.59617788247175,A,3892,-1,10007,400
261.6344430882236,X,3890,1,9997,200
261.65628474686173,X,3781,1,9993,200
261.6664064222537,X,3881,1,9997,300
261.7650975183901,X,3230,1,9993,300
261.772411455074,X,3584,-1,10001,300
261.7885812822685,A,3893,1,9994,200
261.81878665694103,A,3894,1,9996,100
261.8431029129704,X,3541,1,9996,400
261.89725116023095,X,3884,-1,9999,200
261.90359759664113,X,3530,1,9997,200
261.9536863369707,A,3895,-1,10001,100
261.9590156677538,X,3891,-1,9999,100
261.9795975424405,X,3706,1,9996,300
262.1160375224332,X,3846,-1,10000,100
262.17683303617173,X,3675,1,9997,100
262.21775769388006,X,3477,-1,9999,100
262.2725437773965,X,3148,-1,9999,100
262.27328401752857,X,3773,1,9997,300
262.29887450582316,A,3896,-1,10000,200
262.30930936730755,X,3771,1,9990,100
262.3342997945247,X,3405,1,9997,100
262.342182992735,X,3448,1,9988,100
262.4148743069754,X,3856,1,9997,100
262.4550451947691,A,3897,1,9992,100
262.4619839329542,X,2427,-1,10000,100
262.49835174015146,X,3672,-1,9999,300
262.5031563882638,X,3688,-1,9998,100
262.5835373002066,X,3837,-1,10000,200
262.65939627716307,A,3898,1,9993,100
262.69132908760963,A,3899,1,9997,100
262.69899462871285,X,3304,-1,10007,500
262.7168950789718,X,3473,1,9989,200
262.7227186678764,A,3900,-1,10001,200
262.7324168165754,X,3870,-1,10000,500
262.81935290629076,A,3901,-1,9999,100
262.82915103411545,X,3825,-1,9999,100
262.8497784165469,A,3902,1,9989,200
262.8814460438546,X,3757,-1,10002,100
262.9910053902548,X,3869,1,9991,100
263.0172552731901,X,3709,1,9988,1200
263.10622720929524,X,3623,1,9997,200
263.10749688354423,X,3807,1,9994,200
263.1131245461513,X,3666,-1,9998,300
263.12535970368833,X,3682,1,9995,100
263.2304572593527,X,3802,1,9997,100
263.2575440080522,X,3589,-1,10005,100
263.3486628268411,X,3875,-1,9998,100
263.358011809479,X,3320,1,9996,100
263.381346434416,A,3903,1,9994,200
263.4005577262377,X,3662,-1,10004,100
263.4113082175296,X,3899,1,9997,100
263.4569180683517,A,3904,-1,10002,300
263.5371942931678,X,3843,-1,10003,100
263.572000599254,X,3866,-1,10002,900
263.5931794048419,A,3905,-1,10002,100
263.605294130305,A,3906,-1,9998,300
263.60573871021023,X,3737,-1,9998,100
263.641895476672,X,3690,1,9997,100
263.65791400478525,A,3907,-1,9998,100
263.6585003172927,A,3908,-1,9998,100
263.6932734447094,A,3909,1,9997,200
263.7667814263589,X,3710,-1,9998,100
263.7772749874924,A,3910,-1,10002,300
263.81868925957514,X,3766,-1,10000,300
263.83120765089507,X,3488,1,9996,200
263.85440582500684,X,3800,-1,9998,400
263.8704262642913,X,3612,1,9991,100
264.0210188540456,X,3514,1,9992,100
264.0476055737714,X,3135,1,9992,300
264.1177726965103,X,3660,1,9994,200
264.13851912630423,A,3911,-1,10001,100
264.180590606045,A,3912,1,9990,100
264.21434564271283,X,3908,-1,9998,100
264.27403025488195,X,3634,1,9997,100
264.31386666911015,A,3913,-1,9998,300
264.3452112364541,X,3783,1,9992,100
264.407558635063,A,3914,1,9993,100
264.476214335915,A,3915,-1,10001,100
264.59819642408917,X,3516,1,9996,100
264.6040195171273,A,3916,1,9991,200
264.64031537954577,A,3917,-1,10000,100
264.7678069750301,X,2996,1,9994,200
264.85935839995966,A,3918,1,9997,100
264.8625411026877,X,3785,-1,9999,200
264.89146018458945,X,3821,1,9996,100
264.95403916219686,A,3919,-1,10001,100
264.9669483375975,A,3920,-1,9999,100
265.0847660281929,X,3814,1,9997,200
265.1462384518146,X,3605,-1,10004,300
265.20048320452236,A,3921,-1,9998,100
265.24278834602,X,3879,1,9995,400
265.24535200991073,X,3883,-1,10000,100
265.25134750356335,A,3922,-1,10005,300
265.3106260068716,X,3360,-1,9999,200
265.36943017327246,A,3923,1,9997,100
265.5397222469966,A,3924,-1,10000,100
265.5399336291704,X,3461,1,9997,100
265.62361554522084,A,3925,-1,9998,100
265.81919079614505,X,3769,-1,10007,100
265.90997271461015,A,3926,1,9994,300
265.9148842054931,X,3550,-1,9998,100
265.95831257680555,A,3927,1,9995,300
266.00782677389196,A,3928,1,9988,100
266.11932765540007,A,3929,1,9993,100
266.16949127787984,A,3930,-1,10004,300
266.203345606006,A,3931,1,9997,200
266.2121153096108,X,3509,-1,10002,300
266.22842210833795,X,3498,-1,10001,600
266.24867148448647,X,3896,-1,10000,200
266.25081832187254,A,3932,1,9997,100
266.31061324329414,X,3932,1,9997,100
266.38747857700525,A,3933,1,9993,500
266.4098492872189,A,3934,-1,9998,500
266.4176107001124,X,3729,1,9996,300
266.4964454152617,A,3935,-1,10003,100
266.5521090805643,A,3936,1,9994,100
266.5642598623577,A,3937,-1,9998,200
266.6967601596953,A,3938,1,9993,300
266.74114027022495,A,3939,-1,9998,300
266.75091562841243,A,3940,-1,9999,300
266.8382138595008,A,3941,-1,10002,100
266.90585505102797,A,3942,1,9992,100
267.00064188448505,X,3942,1,9992,100
267.02563268935734,A,3943,1,9994,100
267.0653644275223,A,3944,-1,9998,100
267.11617164042127,X,3432,-1,10005,100
267.1167695303026,A,3945,1,9996,100
267.16908924183315,A,3946,-1,9998,300
267.21317417463547,A,3947,1,9997,100
267.25180703597385,A,3948,-1,10001,100
267.3709442434313,A,3949,-1,9999,100
267.37570054282065,A,3950,-1,10001,100
267.46476580086505,X,3817,-1,10001,100
267.4853095562117,X,3806,1,9994,200
267.50197155623766,X,3399,-1,10006,100
267.56206093964204,X,3809,1,9991,100
267.5813911704805,A,3951,1,9993,500
267.63139292124123,A,3952,-1,9998,300
267.70028020301606,X,3822,1,9993,200
267.7070908816663,X,3842,-1,10007,100
267.7679823099349,X,3683,1,9993,300
267.8214448712735,A,3953,-1,10007,200
267.9511996613393,X,3187,1,9988,100
267.98985182026007,X,3895,-1,10001,100
268.00685039919665,X,3935,-1,10003,100
268.04770474128634,A,3954,-1,10002,200
268.05375403608804,X,3923,1,9997,100
268.18365222200356,A,3955,-1,9998,400
268.1939413968188,A,3956,1,9995,100
268.1962113045947,A,3957,1,9995,200
268.22109433327677,X,3904,-1,10002,300
268.2359513386772,X,3665,1,9995,100
268.25031393563376,A,3958,-1,10000,300
268.2731608919916,A,3959,-1,10005,100
268.3077622832304,A,3960,-1,9999,100
268.3984817226406,X,3164,1,9997,100
268.4391057888067,X,3602,-1,10006,100
268.4498766246268,A,3961,1,9988,200
268.46945067601706,A,3962,-1,10002,100
268.54971909410204,A,3963,-1,10000,100
268.5894052198341,X,3911,-1,10001,100
268.6250659368716,X,3960,-1,9999,100
268.6398509508953,X,3909,1,9997,200
268.6705347393985,A,3964,1,9989,100
268.6806534194686,X,3861,-1,10002,100
268.72362835275015,X,3947,1,9997,100
268.79975902997523,A,3965,-1,10005,100
268.9326217091663,X,3918,1,9997,100
268.9926961397408,A,3966,-1,10000,200
269.1307129434549,A,3967,1,9989,100
269.14187467212207,X,3630,-1,10002,200
269.15674029558954,A,3968,-1,10002,100
269.18496607850614,A,3969,1,9992,100
269.2613824991582,X,3510,1,9995,100
269.2735689510339,X,3768,1,9994,100
269.28238519965066,A,3970,1,9995,200
269.37663119909337,A,3971,1,9997,300
269.3888006337243,X,3929,1,9993,100
269.4130695103504,A,3972,-1,9999,100
269.45057437227615,X,3907,-1,9998,100
269.4735918639523,A,3973,-1,10002,100
269.48371297841766,X,3949,-1,9999,100
269.4966613651557,X,3752,-1,9999,100
269.50855895841806,A,3974,-1,9998,400
269.54529572050956,X,3943,1,9994,100
269.57744630880126,A,3975,1,9988,400
269.5899085858593,X,3798,1,9991,100
269.5934355498543,A,3976,1,9997,100
269.6027800459142,X,3950,-1,10001,100
269.62696506427255,X,3976,1,9997,100
269.75576996997665,A,3977,-1,9998,100
269.7689457126217,A,3978,-1,10004,100
269.84912928545924,E,3931,1,9997,200
269.84912928545924,E,3971,1,9997,100
270.08100247846863,A,3979,-1,9999,100
270.1528456604569,E,3971,1,9997,100
270.1676238675829,X,3632,-1,9999,200
270.17947845983446,A,3980,-1,10000,300
270.2186223578294,A,3981,-1,10004,100
270.2607010569932,A,3982,-1,10002,100
270.29133273458285,A,3983,-1,10005,300
270.3015460280373,A,3984,-1,9998,100
270.30446753879613,A,3985,1,9989,600
270.3162006207302,E,3413,-1,9998,100
270.34471971203004,X,3223,1,9991,500
270.35049417221694,X,3466,-1,10003,300
270.3578368342705,A,3986,1,9995,100
270.42754794044924,X,3579,-1,9999,200
270.4513406996092,A,3987,1,9995,300
270.4599366836736,A,3988,-1,9999,500
270.49978589871495,A,3989,-1,10004,100
270.50868979724146,X,3902,1,9989,200
270.6058208606777,A,3990,-1,9998,100
270.63285762756215,X,3527,-1,9998,100
270.66046327401074,X,3836,-1,10004,200
270.67530012530494,A,3991,1,9994,100
270.70283243318784,A,3992,-1,10002,100
270.77709066586675,A,3993,1,9996,100
270.94080347904946,A,3994,1,9997,100
270.9420661184547,A,3995,1,9990,200
271.035473504729,A,3996,-1,10006,100
271.06787549652677,A,3997,-1,10007,200
271.09810945391246,X,3988,-1,9999,500
271.1065590816457,A,3998,-1,10002,100
271.1238798868603,A,3999,-1,9999,100
271.1692846527574,X,3971,1,9997,100
271.1983517444325,A,4000,1,9996,100
271.2166513950551,X,3720,-1,10005,100
271.265326073237,A,4001,1,9995,100
271.34011633496584,X,3259,1,9995,600
271.4245006976542,A,4002,-1,10005,100
271.4432751686759,X,4000,1,9996,100
271.47861308757155,X,3922,-1,10005,300
271.5474903620541,A,4003,1,9995,100
271.61979759345184,X,3951,1,9993,500
271.6337036233468,X,3985,1,9989,600
271.6359548363574,X,3465,-1,9999,600
271.65990130533703,X,3994,1,9997,100
271.7443345676413,X,3708,-1,10000,100
271.7658050804245,A,4004,-1,9997,400
271.78214551046136,A,4005,1,9993,700
271.8105087228622,X,3796,1,9993,200
271.8158732830692,A,4006,-1,10003,100
271.8438505483238,X,3730,1,9994,100
271.9146866588028,X,3529,-1,10006,500
271.92562962360125,X,3493,-1,10004,100
271.9269593600424,X,3944,-1,9998,100
271.97349187267037,A,4007,-1,10004,100
271.97692986164964,A,4008,1,9992,100
271.9962062168973,A,4009,-1,10001,300
272.03065622117737,E,4004,-1,9997,200
272.071536530576,X,3811,-1,9998,200
272.07375961641395,X,3946,-1,9998,300
272.0991371293776,A,4010,1,9996,100
272.1011713341685,A,4011,1,9988,100
272.1252773876054,X,3790,1,9993,100
272.1386686160567,X,3920,-1,9999,100
272.16157860979973,X,3604,-1,10000,100
272.1624689473734,A,4012,-1,9999,600
272.1738787669405,A,4013,-1,9998,100
272.22407864814187,A,4014,-1,10001,300
272.2551917976525,A,4015,1,9994,100
272.2721897583034,X,3912,1,9990,100
272.3126953422284,A,4016,1,9995,300
272.3335074530821,A,4017,-1,10002,100
272.4290117667156,A,4018,-1,9998,100
272.5217406152105,A,4019,-1,9999,100
272.54889573636035,A,4020,-1,9999,300
272.61017061474513,A,4021,1,9990,100
272.6397315266662,A,4022,1,9991,200
272.6466958871862,X,3850,-1,10002,100
272.7328537933958,X,3677,1,9994,200
272.73363082911607,X,3900,-1,10001,200
272.7343286764938,E,4004,-1,9997,100
272.7616505135471,A,4023,1,9992,200
272.80772410211716,A,4024,1,9987,100
272.8739055389835,A,4025,-1,10006,200
272.9859606987073,X,4001,1,9995,100
273.02135888667857,A,4026,1,9994,100
273.0995725525785,A,4027,-1,9999,600
273.22551359939587,A,4028,-1,9998,100
273.2983951931188,E,4004,-1,9997,100
273.3349985613609,A,4029,-1,9997,100
273.39919301161456,A,4030,1,9995,700
273.4289631521102,X,3973,-1,10002,100
273.4557469089145,A,4031,-1,10001,200
273.4854026243407,A,4032,-1,10002,200
273.50876102437326,A,4033,1,9988,600
273.51332577787423,A,4034,1,9996,400
273.52078149908164,A,4035,-1,10000,400
273.521693306227,A,4036,-1,9997,100
273.5411699250126,X,3626,1,9988,100
273.5760156318674,A,4037,1,9993,600
273.63547369910407,X,3834,1,9996,600
273.6934552205098,X,4022,1,9991,200
273.7194880141188,A,4038,1,9991,200
273.74006049002264,X,3774,1,9992,100
273.915006745061,X,4034,1,9996,400
274.0384755603804,A,4039,-1,10001,100
274.0744276911237,A,4040,-1,10002,100
274.08347477164756,X,3991,1,9994,100
274.0943113928614,A,4041,-1,9998,200
274.0974455196934,A,4042,-1,9999,100
274.13719188737315,A,4043,1,9990,300
274.19650525223784,X,3725,1,9995,100
274.22156110834163,A,4044,-1,9997,100
274.3653506572878,A,4045,1,9995,100
274.3848508797605,A,4046,1,9995,200
274.3999978994633,A,4047,-1,9998,100
274.40433795888686,A,4048,1,9991,300
274.5032402965007,X,3940,-1,9999,300
274.5770081430024,A,4049,-1,9998,200
274.652553258185,A,4050,1,9994,100
274.7235365096463,X,4009,-1,10001,300
274.7631450218619,A,4051,1,9991,400
274.76573304046127,X,3719,-1,10004,400
274.7835088202126,A,4052,-1,9997,100
274.82552257070245,A,4053,-1,9998,100
274.83016418729585,A,4054,-1,10001,300
274.83270148029305,A,4055,-1,10001,200
274.84692329008396,A,4056,-1,10003,200
274.8753387506587,A,4057,1,9995,400
274.9160311675785,X,3818,1,9989,300
274.9161258494372,X,3864,-1,9999,400
274.91788809545926,X,4014,-1,10001,300
274.97724044939025,A,4058,-1,9998,100
275.0947965545361,A,4059,-1,9997,100
275.14322711897364,A,4060,-1,10001,100
275.1785085014433,X,3989,-1,10004,100
275.18214823281176,A,4061,1,9994,100
275.2057448726897,A,4062,-1,9999,100
275.21671597240663,X,3830,-1,9999,300
275.23308958529594,X,3859,-1,10003,100
275.2810646210767,A,4063,1,9990,300
275.31174130432856,X,3638,1,9996,300
275.3561736590918,X,4005,1,9993,700
275.390061599721,A,4064,-1,10005,100
275.50109914085834,A,4065,1,9987,200
275.50413210035276,A,4066,-1,9998,200
275.55068913700006,A,4067,1,9996,300
275.5832905204186,X,3954,-1,10002,200
275.66746549780714,A,4068,-1,10001,100
275.69383079257346,X,4065,1,9987,200
275.6996408997138,X,3906,-1,9998,300
275.75652002936636,X,3953,-1,10007,200
275.76414443138884,A,4069,-1,10002,200
275.89624123475045,X,3707,-1,9999,200
275.9064232488007,A,4070,-1,9998,100
275.92870008168376,A,4071,-1,9998,500
275.94485006544295,A,4072,1,9996,700
275.955829824187,A,4073,-1,9998,100
275.958366160828,A,4074,-1,10000,200
275.97992772951153,A,4075,-1,10000,100
275.9902096778708,A,4076,-1,9998,200
276.0067148569657,X,3941,-1,10002,100
276.0951210766181,A,4077,-1,10000,100
276.17176461988197,X,3582,-1,9998,200
276.1923678640648,X,4071,-1,9998,500
276.2093474927236,A,4078,1,9993,200
276.2162089679672,A,4079,1,9996,200
276.22676991333867,X,3717,-1,9999,100
276.245644552125,A,4080,-1,10002,100
276.2529631754329,A,4081,1,9996,100
276.25956911714997,A,4082,1,9990,100
276.31090658523635,A,4083,-1,10001,100
276.3424461870346,A,4084,-1,10002,100
276.41819982933356,X,4007,-1,10004,100
276.4599444376333,X,3876,1,9994,100
276.465004109609,A,4085,1,9989,100
276.5629248892416,X,3751,-1,10004,100
276.59746905105254,A,4086,-1,9999,100
276.6725032234878,A,4087,1,9995,300
276.7758253022109,A,4088,1,9989,100
276.804962313335,A,4089,-1,9997,100
276.83901460333533,A,4090,1,9987,200
276.86204693405375,X,3938,1,9993,300
276.8690615387753,A,4091,1,9996,300
276.91075230888083,X,4041,-1,9998,200
276.9314747684942,X,3955,-1,9998,400
276.9365313427047,X,3726,-1,10002,100
277.0291680262923,A,4092,-1,9999,100
277.0437634899643,X,3968,-1,10002,100
277.07280777889594,X,3748,-1,10000,200
277.0784691199698,X,2950,1,9989,100
277.08043579944706,X,4025,-1,10006,200
277.1238885745857,A,4093,-1,10000,300
277.189002644805,X,3316,-1,10002,100
277.19818417289963,A,4094,1,9995,100
277.21059663906897,X,3449,-1,9998,300
277.2250121609589,X,3925,-1,9998,100
277.272368773122,X,4021,1,9990,100
277.2790254033501,X,3977,-1,9998,100
277.28963125945194,A,4095,1,9990,600
277.3309632877399,X,3982,-1,10002,100
277.4492808758269,X,3999,-1,9999,100
277.4978109038214,A,4096,1,9987,100
277.50253023280555,A,4097,1,9992,100
277.5191550689873,A,4098,1,9995,100
277.60388963451624,A,4099,-1,10000,100
277.60608222924895,A,4100,-1,9998,300
277.7263259486397,E,3415,1,9996,100
277.75114470531275,X,4049,-1,9998,200
277.814234544828,E,4029,-1,9997,100
277.8147281920399,X,4079,1,9996,200
277.87633311139894,X,3735,-1,10001,100
277.88907354798243,E,4036,-1,9997,100
277.99021437137367,A,4101,-1,9998,400
278.0174741245578,A,4102,-1,9998,100
278.04487772038675,A,4103,1,9996,500
278.10355154939595,X,4028,-1,9998,100
278.2845228022419,A,4104,1,9996,100
278.3322191895584,A,4105,-1,10006,100
278.34019974591513,X,4099,-1,10000,100
278.3568234496095,A,4106,1,9994,100
278.36400827262906,X,4046,1,9995,200
278.37127962372483,X,4100,-1,9998,300
278.37308339000526,X,4085,1,9989,100
278.4382601055539,A,4107,-1,10001,300
278.45264625078835,A,4108,1,9990,300
278.46605773234165,A,4109,-1,10003,100
278.4686046135272,A,4110,1,9996,200
278.4840733896368,X,3945,1,9996,100
278.4848258573858,A,4111,-1,9997,400
278.53729353895176,A,4112,1,9995,500
278.55917874341395,E,4044,-1,9997,100
278.55917874341395,E,4052,-1,9997,100
278.6520986120058,X,3965,-1,10005,100
278.6849521171925,X,4066,-1,9998,200
278.686901321623,X,3775,1,9992,200
278.68736436264794,A,4113,1,9996,100
278.7102816094639,A,4114,-1,10003,100
278.75684115368995,X,3930,-1,10004,300
278.79138988047254,A,4115,-1,9998,100
278.80487483182304,X,3970,1,9995,200
278.8171970730428,A,4116,1,9989,200
278.8183093265571,X,3974,-1,9998,400
278.8341667833581,A,4117,-1,10001,700
278.8494179501501,X,3616,-1,9998,100
278.85205274402165,X,4106,1,9994,100
278.9338732961875,X,3872,1,9994,100
278.937345563645,X,3997,-1,10007,200
278.94530616852603,X,3789,1,9996,100
278.94741604439,A,4118,-1,10006,200
278.959933916356,A,4119,1,9996,200
279.00785981793035,X,2336,1,9992,100
279.0499456463079,A,4120,-1,10000,100
279.0739094421062,X,4011,1,9988,100
279.09988328606636,A,4121,-1,10005,400
279.10495673352494,A,4122,-1,9998,100
279.10877379537885,A,4123,-1,9998,200
279.1111321631524,X,3972,-1,9999,100
279.13807302000134,X,3919,-1,10001,100
279.1632253259378,A,4124,-1,9998,300
279.18626099772956,A,4125,1,9995,200
279.20933045051686,X,4023,1,9992,200
279.2628903187291,X,4055,-1,10001,200
279.26376122049675,X,3168,1,9992,1200
279.3041691733763,X,3780,-1,9998,100
279.3205550539419,X,4024,1,9987,100
279.41809100804903,X,4062,-1,9999,100
279.486080945013,X,3857,1,9994,200
279.5658564533514,A,4126,1,9995,200
279.64241331908033,A,4127,-1,10004,200
279.6740147520882,X,3916,1,9991,200
279.67589541570317,X,3423,1,9989,100
279.73549968566624,X,4127,-1,10004,200
279.7727794708481,X,3600,-1,10006,100
279.77329788510195,X,4075,-1,10000,100
279.7936314869319,A,4128,1,9994,400
279.87098159508645,E,4059,-1,9997,100
279.87098159508645,E,4089,-1,9997,100
279.87098159508645,E,4111,-1,9997,100
279.8743005092145,A,4129,-1,10002,200
279.9321133702549,E,3415,1,9996,100
279.9321133702549,E,3645,1,9996,100
279.94760891619603,X,3615,1,9994,600
280.0036891809426,A,4130,1,9988,100
280.0524390923852,A,4131,-1,9997,100
280.1350074874684,A,4132,-1,10005,100
280.15413995099124,X,4098,1,9995,100
280.1886382641625,A,4133,1,9996,100
280.2043615107558,A,4134,-1,9997,100
280.2750316033735,X,3218,1,9992,200
280.30035741355204,X,4109,-1,10003,100
280.40457471977425,A,4135,1,9989,200
280.4544655476785,A,4136,-1,9997,300
280.4813641616027,X,3621,-1,10005,200
280.4943401825528,A,4137,1,9992,200
280.5121529458491,X,4101,-1,9998,400
280.51882157947585,X,3429,1,9988,100
280.5297411694618,A,4138,1,9989,100
280.643101856537,A,4139,-1,10002,500
280.65363263903447,E,3645,1,9996,100
280.71684560861667,X,4012,-1,9999,600
280.8374055043914,A,4140,-1,9998,100
280.8682720371988,X,4139,-1,10002,500
280.87223443054563,X,3820,-1,10007,300
280.93502479033526,A,4141,-1,9999,200
280.9458262916506,A,4142,1,9992,200
280.9627945630872,A,4143,-1,10003,200
281.0286726286926,X,3962,-1,10002,100
281.0391860844621,X,3402,-1,10006,300
281.06966503272355,X,4103,1,9996,500
281.08639619505516,A,4144,-1,9998,200
281.1329630929829,A,4145,-1,10003,200
281.21994789180167,A,4146,1,9991,600
281.2669726495176,A,4147,-1,10000,100
281.307211040268,A,4148,1,9995,100
281.31165388740993,X,4097,1,9992,100
281.3186524265016,X,3436,1,9995,300
281.3365403564508,X,3606,-1,10006,100
281.35044298998116,X,3700,-1,9998,100
281.3926745135534,A,4149,-1,9997,300
281.41361382469626,X,3885,-1,10002,100
281.51220921722484,X,3959,-1,10005,100
281.55515402783135,A,4150,-1,9998,400
281.61757764592795,A,4151,1,9994,300
281.6453070427188,X,4030,1,9995,700
281.68827812618673,X,4070,-1,9998,100
281.76322037457544,X,3595,-1,10000,200
281.8497185986012,A,4152,-1,9999,200
281.8840342442256,X,3779,-1,10003,300
281.8936601916487,X,3622,1,9992,400
282.04501737176685,A,4153,-1,10004,300
282.065391244864,X,4081,1,9996,100
282.0657675436714,A,4154,-1,10001,200
282.07287187467716,X,3871,1,9995,400
282.10738999600824,A,4155,-1,10003,100
282.12009517642025,A,4156,1,9996,300
282.24455824321336,A,4157,1,9996,400
282.4047147034646,X,3898,1,9993,100
282.64889576289187,A,4158,1,9990,500
282.7018583357714,X,4057,1,9995,400
282.72402758911886,X,4110,1,9996,200
282.7489031439436,X,3827,-1,10002,300
282.772674602193,X,3640,-1,10003,100
282.79298979298954,A,4159,1,9995,100
282.8244675880086,A,4160,-1,10005,200
282.9212445459244,A,4161,1,9995,100
282.9613848535586,A,4162,-1,9998,200
282.9954104076823,A,4163,-1,9998,100
283.0972180691063,X,3874,1,9993,300
283.13627626508605,A,4164,-1,10000,300
283.3458684761144,A,4165,-1,10005,600
283.3987102160166,X,4158,1,9990,500
283.4798926917662,A,4166,1,9989,200
283.4846996268934,A,4167,1,9991,200
283.4980775605254,X,4124,-1,9998,300
283.6156598235465,X,4069,-1,10002,200
283.61826500406363,X,3731,1,9992,200
283.7573185508813,X,4125,1,9995,200
283.8306866274724,X,3913,-1,9998,300
283.85553605555816,A,4168,-1,10000,300
283.9187374278134,A,4169,1,9995,100
283.9733634728664,A,4170,1,9994,100
283.98904707963464,X,4156,1,9996,300
283.99813114629325,X,4051,1,9991,400
284.05665428963147,X,3330,-1,10007,100
284.08353881359494,A,4171,1,9988,200
284.09624512582405,A,4172,-1,10006,100
284.1334639635181,A,4173,1,9995,300
284.14219575012,X,3810,-1,9998,300
284.18701303976326,A,4174,1,9988,900
284.25268418026263,X,3990,-1,9998,100
284.28996465992805,A,4175,1,9988,600
284.301265207861,A,4176,1,9996,100
284.3016596254554,X,4088,1,9989,100
284.3520254280493,X,4123,-1,9998,200
284.37901857199427,A,4177,1,9988,200
284.3790789546514,A,4178,1,9990,100
284.437502543511,X,3984,-1,9998,100
284.45584366116304,A,4179,1,9992,200
284.48030674618485,A,4180,1,9990,100
284.49159671383296,X,4039,-1,10001,100
284.5487514974842,X,3958,-1,10000,300
284.6234396671013,A,4181,-1,9999,200
284.6520038306112,A,4182,-1,10000,100
284.73201836225,X,3993,1,9996,100
284.74907134090125,X,3983,-1,10005,300
284.8265578832647,A,4183,-1,9998,200
284.88788205891086,X,3928,1,9988,100
284.9712996102424,X,4171,1,9988,200
284.99693348648316,A,4184,-1,9997,100
285.0385464892855,X,4086,-1,9999,100
285.1080327999013,A,4185,-1,10006,100
285.1632839913245,X,3652,-1,10003,200
285.17333989422906,A,4186,-1,10000,300
285.2512757541064,X,3808,-1,10005,200
285.26398303707145,X,4132,-1,10005,100
285.28833802899607,X,4130,1,9988,100
285.2980898638354,X,4077,-1,10000,100
285.29942352781046,A,4187,-1,10005,100
285.30633050721957,X,4174,1,9988,900
285.3161182381159,X,4050,1,9994,100
285.3704736584344,A,4188,-1,10000,200
285.4326693548442,A,4189,1,9993,100
285.44582817666645,X,3618,-1,9998,200
285.6524012200952,X,4153,-1,10004,300
285.6595873280617,A,4190,-1,9999,100
285.68563972754686,A,4191,1,9990,100
285.7014027552551,A,4192,1,9992,100
285.7891364207917,A,4193,-1,9997,200
285.8402838670558,X,3495,1,9994,100
285.84731800151053,A,4194,1,9992,100
285.9104707577293,X,3998,-1,10002,100
285.9798205019476,A,4195,-1,9999,200
285.9841706689072,A,4196,1,9995,100
286.0249533470733,X,4178,1,9990,100
286.0409949831446,A,4197,1,9994,100
286.04973453493506,A,4198,-1,9997,400
286.0718359511378,A,4199,1,9989,200
286.15882865218975,A,4200,1,9996,300
286.2165095730041,X,4144,-1,9998,200
286.22006281127983,X,4040,-1,10002,100
286.30374934578884,X,4155,-1,10003,100
286.3254197470483,X,3765,1,9993,200
286.37103019514245,A,4201,-1,10002,200
286.388423215404,A,4202,-1,10006,300
286.41017459147287,A,4203,1,9995,200
286.4352243706235,X,4120,-1,10000,100
286.49608637706507,X,3892,-1,10007,400
286.508768134793,E,4111,-1,9997,300
286.508768134793,E,4131,-1,9997,100
286.53660826380286,A,4204,-1,10003,100
286.5524055248366,X,4185,-1,10006,100
286.6147880564304,A,4205,1,9989,100
286.6341078308744,X,3607,-1,10004,100
286.64079443451294,X,3593,-1,10001,200
286.6756614572581,A,4206,-1,9997,300
286.68124862521313,X,3917,-1,10000,100
286.7195126245092,X,3791,1,9996,200
286.80533142832155,X,4197,1,9994,100
286.8426656079611,X,4203,1,9995,200
286.8701395568323,A,4207,-1,10001,100
286.89789922431646,A,4208,-1,9999,200
286.9138221799429,A,4209,-1,10001,500
286.91554917221964,A,4210,1,9989,200
286.94054270470133,X,4164,-1,10000,300
286.9451651812228,X,4095,1,9990,600
286.9465650436025,A,4211,1,9991,300
286.96597969855196,X,4148,1,9995,100
287.0690934423057,X,3334,-1,10004,200
287.0810156708797,A,4212,-1,9997,500
287.1710956642801,X,2796,-1,9999,100
287.2487266342156,A,4213,1,9993,100
287.292537283799,E,3645,1,9996,100
287.4054483885497,X,4121,-1,10005,400
287.43915449148926,A,4214,1,9996,100
287.49542182657603,X,3956,1,9995,100
287.57370844852585,A,4215,1,9996,100
287.65346764397674,X,4209,-1,10001,500
287.657898563849,X,3910,-1,10002,300
287.68361641700324,A,4216,1,9994,100
287.72509665423155,X,4108,1,9990,300
287.7889204432868,A,4217,1,9995,100
287.8387714174796,X,4180,1,9990,100
287.85673656705865,E,4134,-1,9997,100
287.85673656705865,E,4136,-1,9997,100
287.8897052540631,X,3933,1,9993,500
287.8912785014162,X,3966,-1,10000,200
287.89377125981036,X,4122,-1,9998,100
287.9290975594045,X,4053,-1,9998,100
288.0171292472196,X,3987,1,9995,300
288.0178417634733,A,4218,-1,10000,100
288.03541241683837,A,4219,1,9988,300
288.053985994891,A,4220,1,9996,100
288.057823714012,A,4221,1,9995,200
288.0750110303545,X,3980,-1,10000,300
288.09352744840044,A,4222,-1,10004,200
288.22645622501284,A,4223,1,9996,200
288.3952946798843,X,4157,1,9996,400
288.4004732942503,E,4136,-1,9997,100
288.50659361824916,A,4224,1,9991,100
288.5210636032546,A,4225,1,9994,100
288.5683222459664,A,4226,-1,10001,500
288.5831938473582,A,4227,1,9988,200
288.5907651867261,A,4228,-1,9998,200
288.59269918192,X,4002,-1,10005,100
288.61674871740746,E,4136,-1,9997,100
288.61674871740746,E,4149,-1,9997,100
288.6324270664961,A,4229,1,9996,300
288.65446101093636,X,4074,-1,10000,200
288.7532836156185,A,4230,-1,10000,100
288.7748551069662,E,4149,-1,9997,100
288.8904954166483,A,4231,-1,9998,200
288.9095292069791,A,4232,-1,9997,200
289.06271422184915,A,4233,-1,9997,400
289.19085299749844,X,3841,1,9995,200
289.2284182824696,X,3877,-1,9999,300
289.24817854741417,A,4234,-1,9997,100
289.33718664235124,X,3732,-1,10006,200
289.41348893069124,A,4235,-1,10002,300
289.41762102726113,A,4236,1,9994,100
289.4190146942609,X,3848,1,9991,100
289.430157857206,X,3961,1,9988,200
289.4498139415447,A,4237,1,9994,300
289.46621624350155,X,3853,1,9993,200
289.5203986198463,A,4238,-1,10003,100
289.5984010556942,X,3393,-1,10001,500
289.62222546907657,X,3905,-1,10002,100
289.64398935124035,A,4239,1,9996,100
289.686168916782,X,4199,1,9989,200
289.6867293238945,X,4184,-1,9997,100
289.71258402303255,X,3868,-1,10000,100
289.79957124004216,A,4240,1,9991,200
289.8092285252541,X,4056,-1,10003,200
290.1440339727968,A,4241,-1,9997,100
290.1826235599488,A,4242,-1,10000,100
290.2240415314529,A,4243,-1,10005,100
290.23473135891567,A,4244,1,9989,100
290.3356289094485,A,4245,1,9993,100
290.3427565669882,X,4165,-1,10005,600
290.4470214450627,X,3979,-1,9999,100
290.45802749146935,X,4235,-1,10002,300
290.71960584212815,X,4181,-1,9999,200
290.72710747738626,A,4246,-1,9997,200
290.76601911986734,X,4104,1,9996,100
290.8014012937899,A,4247,1,9991,600
290.8291500299392,X,3283,-1,10001,300
290.84653511236746,A,4248,-1,10004,100
290.8902333092845,A,4249,-1,9997,400
290.8974014337249,X,4226,-1,10001,500
290.94387083270806,X,3838,1,9992,400
290.94601796332574,A,4250,1,9996,200
290.9957295077603,X,4169,1,9995,100
291.17178267171363,A,4251,1,9996,100
291.2364464974369,A,4252,1,9994,100
291.26233372672823,A,4253,-1,9998,100
291.27283671858936,A,4254,1,9996,100
291.2878257672206,A,4255,1,9992,600
291.30000795099636,X,3721,1,9995,100
291.33213881958164,X,4092,-1,9999,100
291.3544893128742,X,3893,1,9994,200
291.3556281458204,X,4042,-1,9999,100
291.37563502954066,X,2462,-1,9999,500
291.4233689080824,X,4083,-1,10001,100
291.44755769545424,X,3378,1,9995,100
291.5064217367269,A,4256,1,9989,500
291.5631546769226,X,4096,1,9987,100
291.6086662478131,X,2955,1,9991,100
291.6456809178847,A,4257,-1,10004,100
291.7260432083131,A,4258,1,9992,100
291.75451697699066,X,4232,-1,9997,200
291.76351549347083,A,4259,1,9992,700
291.7851786471975,X,3915,-1,10001,100
291.8513199598439,A,4260,1,9989,300
291.9720854934374,A,4261,-1,10002,900
291.9822864764061,A,4262,1,9994,100
292.00796190830874,X,4242,-1,10000,100
292.06090743658297,X,3831,-1,10007,200
292.092536567226,X,4196,1,9995,100
292.127385530832,X,3873,-1,9998,100
292.1445819635968,A,4263,-1,9998,200
292.2932726326143,A,4264,-1,10001,600
292.50151366097117,A,4265,-1,9997,100
292.6164976954462,X,4038,1,9991,200
292.6295675333334,A,4266,1,9995,200
292.6403092624234,X,4076,-1,9998,200
292.7097935292064,A,4267,-1,9997,300
292.751379618645,A,4268,-1,9999,100
292.8132599003549,X,3975,1,9988,400
292.8708004132466,A,4269,1,9995,300
292.8741184459201,X,4082,1,9990,100
292.87747464192995,X,4176,1,9996,100
292.90375466698623,A,4270,-1,10000,300
292.918297852742,A,4271,1,9989,300
292.95488908356174,A,4272,-1,9997,100
293.09459346646446,A,4273,-1,10000,100
293.09938407614544,A,4274,1,9996,300
293.1088061772158,X,4119,1,9996,200
293.114320716554,A,4275,1,9989,200
293.1286854898031,X,3835,1,9993,200
293.13152874827085,A,4276,1,9996,100
293.13222030907406,A,4277,-1,10003,400
293.1652127884133,X,4087,1,9995,300
293.1974125466281,A,4278,-1,9998,400
293.21153429136143,A,4279,1,9990,100
293.23152159901605,X,4167,1,9991,200
293.31096094895366,A,4280,1,9987,100
293.48244636486544,X,3278,1,9993,100
293.48290879455425,X,3927,1,9995,300
293.4944040403598,A,4281,1,9988,100
293.60569955857073,A,4282,1,9992,400
293.6417952301848,E,4149,-1,9997,100
293.65130566152015,A,4283,-1,10006,100
293.6844965775342,A,4284,-1,10001,100
293.71907367079774,A,4285,1,9988,300
293.86296589371045,A,4286,-1,9998,100
293.8929155532572,X,3981,-1,10004,100
293.9605691050816,X,3934,-1,9998,500
294.11518864823864,X,4035,-1,10000,400
294.18907478062704,X,3610,-1,9998,200
294.23059689371144,A,4287,1,9996,200
294.23854145637944,X,4275,1,9989,200
294.2735277316149,A,4288,-1,9997,100
294.2826339756564,A,4289,1,9992,100
294.31993144829534,E,3747,1,9996,100
294.4186410932397,X,4193,-1,9997,200
294.55173406040194,X,3839,-1,10003,100
294.58692566375447,X,3420,1,9991,100
294.69404843821474,A,4290,-1,9998,100
294.71527664520505,A,4291,-1,10003,400
294.71765783695423,X,3851,1,9996,100
294.73643596048345,A,4292,-1,9999,100
294.78701826541044,A,4293,1,9995,300
294.90619153625454,A,4294,1,9991,100
295.03094802720085,X,4032,-1,10002,200
295.0647527575985,X,3740,1,9995,200
295.0920016695608,X,3992,-1,10002,100
295.1876575989083,X,4239,1,9996,100
295.2351874719222,A,4295,1,9996,600
295.2587524966843,X,4008,1,9992,100
295.278309076948,X,4114,-1,10003,100
295.2955168324102,X,3924,-1,10000,100
295.3342155245733,X,4257,-1,10004,100
295.34930999293994,X,4221,1,9995,200
295.4138835278501,X,3685,-1,10001,200
295.44800179860704,X,4222,-1,10004,200
295.53735871321055,A,4296,1,9991,200
295.6242287583069,X,4128,1,9994,400
295.62609854184564,X,4248,-1,10004,100
295.6680260284456,A,4297,-1,10004,600
295.703910155203,X,2713,1,9991,200
295.76664626002497,A,4298,1,9987,200
295.78889404689505,X,4237,1,9994,300
295.81175222956233,X,4072,1,9996,700
295.9129686313149,A,4299,-1,10005,100
295.93616602775313,A,4300,1,9992,100
295.95433595619744,X,4195,-1,9999,200
295.98425848836564,X,4250,1,9996,200
296.0162281733684,X,3670,1,9991,100
296.0256506691622,A,4301,-1,9998,300
296.0747211927772,X,4093,-1,10000,300
296.1030493615883,X,4107,-1,10001,300
296.1306667960594,A,4302,1,9989,100
296.16334710593844,X,4163,-1,9998,100
296.22277969941075,X,4058,-1,9998,100
296.2433528031537,A,4303,1,9993,300
296.3947011843591,A,4304,1,9990,100
296.4571226193012,A,4305,1,9995,300
296.597638314306,A,4306,1,9996,100
296.6899220340755,A,4307,1,9988,100
296.9911962140391,A,4308,-1,9998,100
297.05164424134875,X,4060,-1,10001,100
297.0662914365369,X,4306,1,9996,100
297.2131612778841,A,4309,-1,10003,100
297.2619667113767,A,4310,-1,10004,200
297.27799581473863,X,3653,1,9994,400
297.279894878191,A,4311,-1,9999,100
297.3437657051299,X,4288,-1,9997,100
297.35439808489906,A,4312,1,9996,200
297.3782256477875,X,3863,1,9995,100
297.3805311428163,A,4313,1,9989,100
297.4046862893608,A,4314,1,9995,400
297.41087607550975,A,4315,1,9996,200
297.53277473933304,X,4186,-1,10000,300
297.55433566457594,A,4316,1,9989,300
297.57863473230924,A,4317,1,9996,200
297.5960060522517,X,4137,1,9992,200
297.6841264074935,X,4211,1,9991,300
297.72535359211327,X,4048,1,9991,300
297.7256945205771,A,4318,1,9995,100
297.766123043339,A,4319,1,9990,300
297.80160154692106,X,4281,1,9988,100
297.8155233255863,A,4320,1,9993,300
297.8635298273108,X,3519,-1,10001,300
297.87147945998237,A,4321,-1,10000,100
297.9861559725897,A,4322,-1,9998,200
298.0515277844806,X,4223,1,9996,200
298.1291378952528,X,3914,1,9993,100
298.12963184821774,A,4323,1,9995,100
298.14398754075097,A,4324,1,9993,300
298.16922044421227,X,4031,-1,10001,200
298.1774227866485,X,4264,-1,10001,600
298.1865614892642,X,4003,1,9995,100
298.19800771332797,X,4173,1,9995,300
298.31802054792865,A,4325,-1,10006,100
298.32528077440645,X,3545,-1,9998,200
298.3763389864365,A,4326,1,9995,100
298.39117424443293,E,3747,1,9996,100
298.3914184039792,A,4327,1,9995,200
298.3968332918385,X,4068,-1,10001,100
298.41420013458645,X,3819,-1,10000,200
298.45020984873634,X,4227,1,9988,200
298.480496035828,X,4145,-1,10003,200
298.5283627673605,A,4328,-1,10001,200
298.5694759333875,A,4329,-1,10000,100
298.6374923738817,A,4330,1,9996,100
298.6985066101317,A,4331,1,9989,300
298.7668360086351,X,4261,-1,10002,900
298.9021400861182,A,4332,-1,9998,200
298.9142403097019,A,4333,-1,9997,100
299.07311841141967,A,4334,-1,9999,100
299.10517322508014,A,4335,1,9990,100
299.1057496818657,A,4336,-1,9999,100
299.1212344209059,A,4337,1,9995,400
299.1938816573959,A,4338,1,9995,100
299.25928949775135,A,4339,1,9993,100
299.3371044719868,A,4340,1,9991,300
299.40881972256466,A,4341,-1,9997,300
299.4896326091864,X,4236,1,9994,100
299.5619189013708,X,4019,-1,9999,100
299.6174148521144,A,4342,-1,10001,100
299.6189097979029,A,4343,-1,10004,300
299.6500043557747,X,3889,-1,9998,100
299.71112414190264,X,3903,1,9994,200
299.77980114214375,A,4344,1,9991,100
299.8980059013091,A,4345,1,9993,100
299.92422023794046,A,4346,1,9995,200
299.9424601624192,A,4347,-1,9997,200
299.99470780132975,X,4245,1,9993,100
