step,kind,t,side,targets,oid,qty
0,U,0.01415058511583843,1,999:100|998:100|997:100,0,0
1,A,0.014345657648813445,0,,3,0
2,U,0.02585231277581072,1,1000:300,0,0
3,A,0.04732632601010339,0,,2,0
4,F,0.05176775125775355,0,,3,200
5,F,0.11466121761915166,0,,2,100
6,A,0.12162867558719781,0,,1,0
7,U,0.12312990569450354,1,999:300|998:300,0,0
8,A,0.13263298377176813,0,,4,0
9,U,0.14316369261368453,1,999:300|998:300|997:100,0,0
10,U,0.1710952497997195,1,999:200|998:100|997:300,0,0
11,A,0.1991836956501472,0,,7,0
12,A,0.23414567992970364,0,,5,0
13,A,0.2401967564772546,0,,6,0
14,U,0.2631616616574043,-1,,0,0
15,U,0.2845193924062435,1,997:300,0,0
16,F,0.3219993935539563,0,,4,200
17,A,0.348120832445509,0,,4,0
18,U,0.35101778004751466,1,,0,0
19,F,0.35154484286123766,0,,5,200
20,U,0.3728289297927709,-1,,0,0
21,A,0.3858293532978961,0,,1,0
22,F,0.41982701554366575,0,,7,200
23,U,0.42205595692709574,-1,,0,0
24,F,0.42255177207425976,0,,7,200
25,U,0.4815890448225862,1,,0,0
26,F,0.4819766293506356,0,,6,100
27,A,0.49136234268477813,0,,6,0
28,U,0.4943061862221681,1,,0,0
29,U,0.4961417098111203,-1,998:300|999:200|1000:100,0,0
30,U,0.5177951610989017,-1,998:300,0,0
31,A,0.5246233898583654,0,,9,0
32,U,0.5475785842748517,-1,999:100,0,0
33,A,0.5756799987873878,0,,9,0
34,A,0.5892588989439074,0,,8,0
35,F,0.5895850390775745,0,,8,100
36,F,0.6125600368718819,0,,9,100
37,U,0.6163740359335886,1,996:200,0,0
38,A,0.6722320898504724,0,,10,0
39,U,0.6841997716104596,1,995:100|994:300|993:100,0,0
40,F,0.7091562192499746,0,,10,200
41,U,0.7141445376308249,-1,998:200,0,0
42,U,0.758331601532191,-1,997:200,0,0
43,A,0.7679062312451198,0,,12,0
44,A,0.785886245602992,0,,11,0
45,F,0.8197468189788906,0,,8,100
46,U,0.8316071290455136,1,,0,0
47,A,0.8778436542651203,0,,12,0
48,U,0.9042944763520049,-1,995:200,0,0
49,F,0.9088580094212088,0,,11,100
50,A,0.9170711187563538,0,,8,0
51,U,0.9173061562316724,-1,994:300|995:300,0,0
52,F,0.9215002491961696,0,,11,200
53,A,0.9486975425332714,0,,14,0
54,U,0.9922153166850753,1,992:100,0,0
55,U,0.9932904506166822,-1,,0,0
56,A,0.9939304676069596,0,,13,0
57,U,1.0107477802380518,1,992:300|991:300,0,0
58,A,1.0181638523296659,0,,15,0
59,U,1.0322532068281134,-1,994:100,0,0
60,F,1.0644310822360443,0,,15,200
61,U,1.0714706293957292,1,993:100,0,0
62,U,1.0910800971508134,-1,995:300,0,0
63,A,1.0957949573028325,0,,16,0
64,A,1.098817997478207,0,,13,0
65,F,1.1550955447686837,0,,16,200
66,F,1.160775760476839,0,,14,100
67,F,1.1753206284420266,0,,14,100
68,U,1.194575639410146,1,994:200,0,0
69,A,1.2000431617273808,0,,17,0
70,U,1.2076245506483048,1,993:300,0,0
71,U,1.2080086431974217,1,,0,0
72,U,1.2401556903514077,1,993:200|992:100,0,0
73,U,1.2448031425637576,1,992:100|991:200,0,0
74,U,1.3019995718373076,1,,0,0
75,U,1.3065785374933585,1,994:100|993:300,0,0
76,U,1.3227191029552672,-1,997:200,0,0
77,U,1.3302856294831487,1,994:100|993:300|992:200,0,0
78,A,1.336734496307427,0,,14,0
79,A,1.3543639767390705,0,,18,0
80,A,1.3565252243214625,0,,17,0
81,U,1.4019331724881043,-1,995:100,0,0
82,U,1.423198857570648,1,,0,0
83,A,1.4567793743420836,0,,20,0
84,A,1.4745968609013125,0,,19,0
85,U,1.499057218359834,-1,996:300|997:100,0,0
86,U,1.5145953262079708,1,995:100,0,0
87,A,1.5712010634079359,0,,18,0
88,A,1.5783671421637782,0,,21,0
89,F,1.5891965460402515,0,,20,100
90,U,1.6016603860986778,-1,998:300|999:100|1000:100,0,0
91,A,1.6117890903211536,0,,22,0
92,U,1.6184779326231542,-1,,0,0
93,A,1.625028417591387,0,,21,0
94,A,1.6399370605016128,0,,23,0
95,F,1.6494146895864035,0,,23,100
96,U,1.686522707613008,1,996:100,0,0
97,A,1.7219072489477363,0,,19,0
98,U,1.7286785617331748,-1,997:300,0,0
99,U,1.7636327000066743,1,994:200,0,0
100,A,1.764231818781635,0,,22,0
101,U,1.7717451636216812,-1,995:200|996:300,0,0
102,U,1.8086533503746072,-1,994:100|995:300|996:200,0,0
103,A,1.8622954551491282,0,,24,0
104,F,1.8726338612355422,0,,24,100
105,U,1.8765017198174145,1,993:300|992:300,0,0
106,F,1.8876309353249165,0,,24,200
107,A,1.8886026511806189,0,,25,0
108,U,1.9014003677854086,1,993:200,0,0
109,U,1.9049712104446004,-1,996:100,0,0
110,A,1.9458880956135771,0,,26,0
111,F,1.9573525737943258,0,,26,200
112,U,1.9616273036965641,1,,0,0
113,F,1.9639469113491286,0,,26,200
114,F,1.974464603003119,0,,25,200
115,A,1.9860513726609617,0,,25,0
116,U,1.9893940359141784,-1,997:100|998:100,0,0
117,A,2.024519767403018,0,,27,0
118,F,2.06310696465254,0,,27,100
119,U,2.0801355725550743,-1,997:200|998:200,0,0
120,A,2.088404978279756,0,,29,0
121,U,2.101365680702626,1,996:200|995:300,0,0
122,U,2.1139274428069186,-1,997:300|998:300,0,0
123,A,2.12229944977412,0,,28,0
124,F,2.141225077669196,0,,29,100
125,F,2.160774170105019,0,,28,200
126,F,2.161877793610547,0,,29,100
127,U,2.171986762486996,1,994:200|993:300,0,0
128,A,2.1912630363479773,0,,31,0
129,U,2.2433026303663084,-1,997:200|998:300,0,0
130,U,2.2535597687906987,1,994:100|993:300,0,0
131,U,2.270472495200217,-1,995:100|996:200|997:100,0,0
132,A,2.2870401699129292,0,,33,0
133,U,2.306521133956599,1,994:300|993:200,0,0
134,A,2.3115201536944148,0,,30,0
135,A,2.3234371937985516,0,,32,0
136,U,2.334649315048171,1,994:100,0,0
137,U,2.3398377252654496,1,994:100|993:200|992:300,0,0
138,F,2.3808901970099536,0,,31,100
139,U,2.392387655661995,-1,997:200,0,0
140,U,2.4675625982683473,1,994:200|993:200|992:100,0,0
141,A,2.4777128855363704,0,,31,0
142,U,2.517045577807859,1,995:300|994:200|993:200,0,0
143,U,2.5365069337097306,-1,997:300|998:200|999:100,0,0
144,A,2.5693267414364103,0,,34,0
145,A,2.5701144535096083,0,,35,0
146,A,2.582451933725723,0,,33,0
147,U,2.599529834960524,1,,0,0
148,U,2.6074886109503463,-1,997:100,0,0
149,U,2.6364702046657684,1,,0,0
150,A,2.6921725323612558,0,,36,0
151,U,2.6940257785016835,-1,996:200,0,0
152,A,2.807469691176726,0,,34,0
153,A,2.813849421991708,0,,30,0
154,U,2.8243316773165046,1,,0,0
155,U,2.8316012167984903,-1,996:100,0,0
156,U,2.835647448754218,-1,997:100,0,0
157,U,2.838217453666955,1,994:100|993:100|992:200,0,0
158,U,2.8479842731362375,1,995:200|994:200|993:100,0,0
159,A,2.8708068117225003,0,,35,0
160,F,2.880369433129757,0,,36,100
161,U,2.886476383336277,-1,998:200|999:200|1000:300,0,0
162,F,2.888253384383574,0,,36,100
163,U,2.891712625782603,1,997:300|996:300|995:300,0,0
164,A,2.9029346206693334,0,,36,0
165,A,2.934752211987093,0,,37,0
166,A,2.9430812114573768,0,,32,0
167,A,2.9544952649206015,0,,38,0
168,F,2.969532987992626,0,,32,200
169,U,2.976937480849562,1,998:100|997:100,0,0
170,F,2.9810267617596877,0,,37,100
171,A,3.0023398585013523,0,,39,0
172,U,3.028970211292391,1,,0,0
173,U,3.052697611228772,-1,,0,0
174,U,3.0640302764865575,-1,1001:100|1002:300|1003:300,0,0
175,A,3.0695021561942384,0,,39,0
176,F,3.0733718963331516,0,,38,100
177,F,3.0945086061459115,0,,38,100
178,U,3.0998002896372197,-1,1002:300|1003:100|1004:200,0,0
179,A,3.102898653758655,0,,40,0
180,F,3.11527141900832,0,,40,200
181,F,3.1310418064155976,0,,40,100
182,U,3.137665943900876,1,,0,0
183,U,3.1929634368826227,1,999:300|998:200|997:100,0,0
184,A,3.228434570331255,0,,41,0
185,U,3.2463277796863133,1,999:100|998:200|997:100,0,0
186,U,3.2535277085110965,1,1000:200,0,0
187,U,3.3124543151787873,-1,1003:200|1004:200,0,0
188,A,3.3202124834900877,0,,41,0
189,A,3.3301323456875056,0,,42,0
190,F,3.3435974152118715,0,,41,200
191,A,3.343636407442885,0,,43,0
192,F,3.351989744479902,0,,43,200
193,F,3.366951341217991,0,,42,100
194,U,3.3799604768289995,1,1002:200|1001:100|1000:300,0,0
195,U,3.385278729110019,-1,,0,0
196,A,3.4019941976486328,0,,44,0
197,A,3.4177270803791227,0,,42,0
198,F,3.4840041503476824,0,,44,100
199,U,3.498389717454507,-1,1005:200|1006:100|1007:100,0,0
200,A,3.5239758895695337,0,,46,0
201,A,3.537019575799766,0,,45,0
202,U,3.5549364686456895,1,1002:200|1001:200,0,0
203,U,3.598810055515189,-1,1005:300|1006:200,0,0
204,U,3.606655492550298,-1,,0,0
205,U,3.6082483885316097,1,1003:200,0,0
206,U,3.626938346056662,1,,0,0
207,A,3.635541241345204,0,,47,0
208,U,3.638919454909021,-1,1006:300|1007:300|1008:100,0,0
209,U,3.663943285755337,1,1005:200|1004:300|1003:200,0,0
210,A,3.687503438769278,0,,44,0
211,U,3.702866217424046,1,,0,0
212,U,3.7036574796353583,1,,0,0
213,A,3.718176974537504,0,,48,0
214,U,3.7199437896341636,-1,1007:100|1008:100|1009:200,0,0
215,U,3.7280132258101237,-1,1006:200|1007:100|1008:100,0,0
216,U,3.741410555656788,1,1005:200,0,0
217,U,3.7897761854226952,1,1005:300|1004:100,0,0
218,A,3.8282540067212025,0,,45,0
219,U,3.8441024597364013,1,1004:100|1003:100|1002:300,0,0
220,F,3.8449290077641183,0,,47,200
221,A,3.8461741872391038,0,,50,0
222,A,3.854315982002127,0,,49,0
223,F,3.875817227767415,0,,48,200
224,U,4.000950100654863,-1,1005:300|1006:100,0,0
225,U,4.005085266787282,-1,1006:300,0,0
226,F,4.035541984919322,0,,49,100
227,A,4.07035394703175,0,,51,0
228,U,4.08636122882034,1,1004:100|1003:100,0,0
229,A,4.130028708145593,0,,52,0
230,F,4.153848994377686,0,,46,200
231,U,4.165128055717512,1,1003:300|1002:300,0,0
232,A,4.173359250986048,0,,49,0
233,U,4.179406995389168,-1,1006:100|1007:100,0,0
234,U,4.201790568326618,-1,1007:300,0,0
235,A,4.20381389159706,0,,51,0
236,U,4.231228778940647,1,1004:200|1003:300,0,0
237,U,4.233781108335354,-1,,0,0
238,A,4.247504930218617,0,,52,0
239,U,4.2725447927634415,-1,1008:200|1009:100|1010:300,0,0
240,U,4.284541699460123,1,,0,0
241,U,4.28879493926502,1,,0,0
242,U,4.291707066517623,1,1007:300|1006:100|1005:200,0,0
243,U,4.292712634647275,-1,1010:300|1011:100,0,0
244,U,4.308924543670033,1,1008:100|1007:300|1006:100,0,0
245,A,4.309972999596033,0,,53,0
246,F,4.313298420473598,0,,50,100
247,U,4.3329166971544515,-1,1010:300|1011:100,0,0
248,U,4.373143407812593,1,,0,0
249,A,4.417434678665199,0,,55,0
250,F,4.417499042322917,0,,53,100
251,A,4.420901085400179,0,,57,0
252,U,4.455107371646436,1,1009:100|1008:100,0,0
253,U,4.476399470713689,-1,1012:200|1013:300|1014:100,0,0
254,U,4.49742678140748,1,1011:100,0,0
255,F,4.556550729094646,0,,57,200
256,U,4.56105257701374,-1,1014:200,0,0
257,U,4.561254947888474,-1,1014:300|1015:100|1016:200,0,0
258,U,4.566259576868015,-1,1014:300,0,0
259,U,4.57320154675825,-1,1013:300,0,0
260,A,4.616953154386431,0,,57,0
261,A,4.623208472687421,0,,55,0
262,U,4.645508658863256,1,1010:300,0,0
263,U,4.690823395105026,-1,1012:100,0,0
264,U,4.698229300804382,-1,1011:200|1012:300,0,0
265,A,4.706969909941598,0,,58,0
266,F,4.719190886035051,0,,53,200
267,U,4.737058704495945,1,1009:200|1008:300|1007:200,0,0
268,U,4.786827463483411,-1,,0,0
269,A,4.78803386280257,0,,62,0
270,U,4.809941603964389,1,1009:200,0,0
271,U,4.831871053742412,-1,,0,0
272,F,4.852180444145389,0,,62,200
273,F,4.862065772457995,0,,58,200
274,A,4.867961051654189,0,,56,0
275,A,4.879909187948177,0,,61,0
276,A,4.881574778045521,0,,60,0
277,U,4.886776624167488,-1,1009:300|1010:300|1011:100,0,0
278,U,4.888336691265733,1,,0,0
279,U,4.9242507309893915,1,1007:300,0,0
280,U,4.9411611750841695,1,1007:300|1006:300,0,0
281,U,4.945585756811222,-1,1008:200,0,0
282,F,4.9644385901302845,0,,60,200
283,U,4.976033715283811,1,1005:300|1004:100|1003:200,0,0
284,U,4.976281705848574,1,1006:100|1005:200|1004:200,0,0
285,U,4.995778096760915,-1,,0,0
286,A,5.044865170896276,0,,60,0
287,A,5.05951169978916,0,,54,0
288,F,5.075148765224808,0,,56,100
289,U,5.086384383653367,-1,1009:200|1010:300,0,0
290,F,5.089625604211077,0,,56,200
291,U,5.100888573901507,1,1008:300|1007:200|1006:200,0,0
292,F,5.1187927450092,0,,61,200
293,U,5.160449104068043,-1,1010:100|1011:300|1012:300,0,0
294,F,5.16787556934979,0,,54,200
295,A,5.169303065963098,0,,66,0
296,U,5.187888849796581,1,1009:100,0,0
297,U,5.18867766752377,1,1009:200|1008:100|1007:300,0,0
298,U,5.2119121270353315,1,1010:300|1009:200,0,0
299,U,5.221696165003059,-1,1012:100|1013:100|1014:100,0,0
300,F,5.231652894153073,0,,66,200
301,U,5.232363868041253,1,1010:100|1009:100|1008:300,0,0
302,A,5.247836392594765,0,,65,0
303,F,5.273434163168726,0,,66,100
304,F,5.315258152844783,0,,65,100
305,U,5.333511108592264,-1,1012:200,0,0
306,A,5.392474862219956,0,,59,0
307,A,5.393157013898686,0,,69,0
308,U,5.4002962925752485,-1,1013:200,0,0
309,U,5.496821446659163,1,1011:200,0,0
310,A,5.513235989551592,0,,64,0
311,A,5.549365650882798,0,,67,0
312,U,5.569196126748332,-1,1012:300,0,0
313,U,5.5699294494277165,1,1010:200|1009:200,0,0
314,U,5.648744280101892,1,1010:200,0,0
315,A,5.671711673913099,0,,71,0
316,U,5.777253017289556,-1,1012:100|1013:100,0,0
317,U,5.839276065400209,-1,,0,0
318,U,5.872409798197882,-1,1011:100,0,0
319,F,5.90047681456933,0,,64,100
320,F,5.907191422530386,0,,67,100
321,U,5.913596708414444,1,,0,0
322,F,5.9319196811333645,0,,65,200
323,U,5.934527889152315,-1,1013:300,0,0
324,U,5.9545178205864975,-1,1012:100|1013:100,0,0
325,U,5.9572874711941965,1,,0,0
326,F,5.961187935548847,0,,71,100
327,U,6.006366659157309,1,1012:200,0,0
328,A,6.007346074653687,0,,73,0
329,A,6.040653873384843,0,,75,0
330,A,6.1036386543683605,0,,74,0
331,A,6.109628624348064,0,,64,0
332,U,6.113641892369636,-1,1015:100|1016:200|1017:300,0,0
333,F,6.121770797580467,0,,75,200
334,U,6.127902655476201,1,,0,0
335,U,6.13239059648416,-1,,0,0
336,A,6.15603430679598,0,,73,0
337,U,6.1571873449732255,1,1015:100,0,0
338,A,6.192714166742658,0,,72,0
339,U,6.247968408037456,-1,,0,0
340,A,6.2590094867747466,0,,74,0
341,U,6.270635621399534,1,1014:200,0,0
342,F,6.310556811729258,0,,59,200
343,U,6.323520734998926,-1,1015:200|1016:100,0,0
344,U,6.341057527657267,-1,1015:200,0,0
345,A,6.3782580126384145,0,,76,0
346,A,6.393009360884211,0,,70,0
347,U,6.39510518769184,1,1013:100|1012:100|1011:100,0,0
348,U,6.398147827325381,-1,1015:200,0,0
349,A,6.423245291480544,0,,80,0
350,U,6.441736620946405,1,1012:300|1011:200,0,0
351,U,6.469204174826596,-1,1013:100|1014:300|1015:100,0,0
352,U,6.49137000404061,-1,1013:100,0,0
353,A,6.5069977595841175,0,,76,0
354,A,6.508541928334796,0,,68,0
355,A,6.520220040275725,0,,69,0
356,U,6.536404490731674,-1,1012:200|1013:100|1014:200,0,0
357,U,6.614153984183756,1,1011:100|1010:300,0,0
358,U,6.61891603934221,-1,1012:100|1013:300,0,0
359,U,6.658093881555525,1,1009:200|1008:300|1007:200,0,0
360,U,6.661773738309436,-1,1011:300|1012:100,0,0
361,U,6.688605155708335,-1,1011:200,0,0
362,U,6.724397544350469,1,1009:100|1008:200,0,0
363,U,6.7414380988502955,-1,,0,0
364,U,6.775771573072647,-1,,0,0
365,F,6.77686292780537,0,,68,100
366,U,6.797299384630856,1,,0,0
367,A,6.804249701719606,0,,72,0
368,A,6.834752087163705,0,,85,0
369,A,6.840426314107866,0,,77,0
370,A,6.857404454725805,0,,78,0
371,U,6.920153350992355,-1,1009:100,0,0
372,F,6.9461728407818955,0,,85,200
373,A,6.958330118046702,0,,86,0
374,U,6.965776583577648,-1,1010:300|1011:100,0,0
375,U,6.971570053432467,1,1007:300|1006:300,0,0
376,A,6.99215640170281,0,,78,0
377,U,7.0390929642000595,1,1008:300|1007:300,0,0
378,U,7.04088054194168,1,,0,0
379,F,7.085909150736798,0,,86,200
380,U,7.116680474644536,-1,1010:300|1011:100|1012:300,0,0
381,A,7.128432377334082,0,,80,0
382,A,7.156220471611152,0,,70,0
383,U,7.166360463119868,1,,0,0
384,U,7.170662125816189,-1,1011:200|1012:300|1013:200,0,0
385,A,7.179342051929153,0,,88,0
386,U,7.182097180210776,1,1008:300|1007:300|1006:300,0,0
387,A,7.241971078330861,0,,89,0
388,U,7.247116561267029,1,1008:200|1007:100,0,0
389,F,7.255233194279445,0,,69,100
390,F,7.264899810602676,0,,70,100
391,F,7.303948803667499,0,,77,200
392,U,7.317503392844579,1,,0,0
393,U,7.326472722887404,-1,1009:200|1010:300|1011:100,0,0
394,A,7.331037348875538,0,,88,0
395,U,7.331782535111788,1,1008:300|1007:100|1006:300,0,0
396,U,7.352287264532543,1,,0,0
397,A,7.354701278181451,0,,87,0
398,A,7.36913731809688,0,,59,0
399,F,7.3850239836973115,0,,88,200
400,U,7.386845223113969,1,,0,0
401,U,7.389575192103012,-1,1009:300|1010:300,0,0
402,U,7.402851631244358,1,1008:200|1007:100,0,0
403,A,7.4053004480204985,0,,81,0
404,U,7.406032351007543,-1,1010:200,0,0
405,U,7.495120965228953,1,1008:100,0,0
406,A,7.501924680448788,0,,92,0
407,U,7.5200812716825265,1,,0,0
408,A,7.578036264177896,0,,90,0
409,U,7.582836488866148,-1,1012:100|1013:200,0,0
410,U,7.594684138026965,-1,,0,0
411,F,7.614473366704291,0,,92,100
412,A,7.619427057992498,0,,83,0
413,U,7.623423811991664,-1,1011:300,0,0
414,U,7.642089326931435,1,1010:100|1009:300|1008:200,0,0
415,U,7.644950111142735,1,1010:100|1009:300,0,0
416,U,7.6600967751679,1,1009:300|1008:200,0,0
417,A,7.668209312239542,0,,63,0
418,U,7.695812785427621,-1,1012:300,0,0
419,A,7.704987251690304,0,,81,0
420,U,7.723948867271197,1,1009:300|1008:200|1007:100,0,0
421,F,7.731667454010284,0,,90,200
422,U,7.782160939729452,1,1009:200|1008:200,0,0
423,A,7.826970388818437,0,,84,0
424,U,7.839619577597704,1,1009:200,0,0
425,F,7.854874193392592,0,,90,100
426,U,7.870350895771213,1,,0,0
427,U,7.947723972110719,1,1009:100,0,0
428,A,7.957652901061602,0,,63,0
429,F,7.9726269977884145,0,,83,100
430,A,7.983633471397819,0,,93,0
431,F,7.996636678411604,0,,89,200
432,U,8.010847565603285,1,,0,0
433,U,8.034227056071293,1,1010:100,0,0
434,U,8.073074610064518,1,,0,0
435,U,8.080365106783198,-1,1011:200|1012:200|1013:200,0,0
436,A,8.105100377629917,0,,89,0
437,A,8.1537327146881,0,,96,0
438,U,8.17892383449927,1,1009:200|1008:100,0,0
439,U,8.185038268750931,-1,,0,0
440,A,8.1971568995296,0,,87,0
441,A,8.232479479859029,0,,82,0
442,U,8.234915369363163,1,1011:200,0,0
443,U,8.243527147664583,-1,1012:200|1013:300|1014:300,0,0
444,A,8.248628247218562,0,,94,0
445,U,8.281932418838386,-1,1013:200|1014:300,0,0
446,A,8.295374185413701,0,,93,0
447,U,8.31692661580651,1,1010:200,0,0
448,U,8.33695667028944,1,1011:100,0,0
449,F,8.337098486246731,0,,94,100
450,U,8.351264673347858,-1,,0,0
451,U,8.38090987527861,1,1010:300,0,0
452,A,8.413320645698198,0,,91,0
453,A,8.496627468506722,0,,84,0
454,A,8.499138438230574,0,,79,0
455,U,8.506650649860902,-1,1013:100,0,0
456,U,8.509848408373397,-1,1012:100|1013:200|1014:100,0,0
457,A,8.521767141630171,0,,95,0
458,U,8.53789940404313,-1,1011:100|1012:200|1013:300,0,0
459,A,8.543160553882892,0,,91,0
460,U,8.547010958504636,-1,1012:200,0,0
461,A,8.574080299655774,0,,102,0
462,U,8.581696511817162,1,,0,0
463,U,8.586154391373377,1,1010:100|1009:100|1008:300,0,0
464,U,8.587926915134261,1,1010:100|1009:100,0,0
465,A,8.592895046137887,0,,103,0
466,U,8.606003802271132,1,1011:100,0,0
467,U,8.628785018790026,-1,,0,0
468,U,8.664440545487073,1,1011:300|1010:200|1009:100,0,0
469,U,8.675677053606469,1,1010:300|1009:200,0,0
470,A,8.688524555319688,0,,106,0
471,U,8.695363178296521,1,1011:100,0,0
472,U,8.696096807886523,1,1012:100|1011:300,0,0
473,F,8.700464141350814,0,,95,100
474,A,8.718866641008411,0,,100,0
475,U,8.777693876524575,-1,1013:100|1014:200|1015:100,0,0
476,F,8.91633220862923,0,,94,200
477,F,8.918322869164589,0,,96,100
478,A,8.922282222958145,0,,101,0
479,F,8.943367282705248,0,,79,100
480,U,8.952625303262963,-1,1012:100,0,0
481,F,8.972839739707073,0,,82,100
482,A,8.977683688944008,0,,79,0
483,F,8.981582530612165,0,,96,200
484,A,8.983182135930806,0,,100,0
485,U,9.015420819071034,1,,0,0
486,U,9.028493613246857,-1,1011:300|1012:300,0,0
487,U,9.053618262475545,1,1009:200,0,0
488,U,9.072367111310806,-1,1010:200|1011:100,0,0
489,U,9.164042831816593,-1,1009:100|1010:300,0,0
490,A,9.211444026630543,0,,98,0
491,A,9.215831575906257,0,,108,0
492,U,9.222929688760807,-1,1009:100,0,0
493,F,9.224169572979962,0,,106,100
494,A,9.239513818806907,0,,100,0
495,A,9.27192330013827,0,,105,0
496,A,9.289070998764437,0,,101,0
497,A,9.302021113004152,0,,102,0
498,F,9.30726180265904,0,,108,100
499,A,9.329243675713123,0,,99,0
500,A,9.34313295129641,0,,97,0
501,U,9.380241932509666,-1,1009:300,0,0
502,F,9.380873385248268,0,,103,200
503,A,9.382248140304261,0,,97,0
504,A,9.395492415961757,0,,105,0
505,U,9.410890500197473,-1,1010:200|1011:300|1012:100,0,0
506,F,9.424966580949329,0,,98,100
507,U,9.449132515437492,1,1008:100|1007:200,0,0
508,A,9.451656708054648,0,,104,0
509,A,9.474077177126178,0,,110,0
510,A,9.481770334026029,0,,107,0
511,A,9.485403135492502,0,,111,0
512,F,9.496937917657737,0,,104,200
513,A,9.508464810872242,0,,99,0
514,F,9.510771599775365,0,,98,100
515,A,9.533145064095729,0,,109,0
516,F,9.585735018631759,0,,109,200
517,F,9.589435972254948,0,,107,200
518,F,9.618484273564713,0,,109,200
519,F,9.633842361793414,0,,110,200
520,F,9.688576417872452,0,,110,200
521,U,9.733827075019267,1,1007:200|1006:300|1005:300,0,0
522,A,9.749322730453077,0,,112,0
523,U,9.749653592768603,-1,1008:300,0,0
524,U,9.801738619429662,1,1005:200|1004:100,0,0
525,F,9.815417804495626,0,,112,200
526,A,9.831016747790432,0,,113,0
527,A,9.867586416988177,0,,111,0
528,F,9.888889898288715,0,,113,200
529,U,9.89120518914979,1,1006:300|1005:200|1004:200,0,0
530,A,9.892870838286393,0,,115,0
531,U,9.943595921210939,-1,1007:200,0,0
532,A,9.996217188228496,0,,117,0
533,U,10.000051952013369,1,,0,0
534,U,10.002403366007442,1,1007:300,0,0
535,A,10.014283870639783,0,,114,0
536,F,10.04378491783637,0,,115,200
537,U,10.088429425666577,1,1007:100|1006:200|1005:200,0,0
538,A,10.162011904081805,0,,118,0
539,U,10.229204552112224,1,1006:300|1005:100|1004:300,0,0
540,F,10.239021454723371,0,,113,200
541,A,10.26107601818108,0,,114,0
542,A,10.285455755525922,0,,116,0
543,F,10.293435627459314,0,,115,100
544,U,10.294431984037558,1,1005:300,0,0
545,A,10.315458812165394,0,,117,0
546,A,10.328335889213811,0,,118,0
547,U,10.333929976715106,-1,,0,0
548,A,10.351077687082899,0,,119,0
549,U,10.394214142983838,-1,,0,0
550,A,10.398916041098303,0,,114,0
551,F,10.412000858149975,0,,119,100
552,U,10.418309999831177,1,1003:100|1002:200,0,0
553,A,10.436456075225557,0,,116,0
554,U,10.437854520283901,1,1004:200|1003:200|1002:300,0,0
555,U,10.443782169170461,-1,1005:100|1006:300,0,0
556,U,10.46344187642755,1,,0,0
557,F,10.470137340857514,0,,119,100
558,A,10.470309661322794,0,,120,0
559,U,10.47045670016468,-1,,0,0
560,F,10.480929549749867,0,,120,100
561,U,10.510136503786956,-1,,0,0
562,A,10.51847774126113,0,,121,0
563,A,10.528088354431738,0,,122,0
564,F,10.550290039746335,0,,120,100
565,U,10.572084201487813,1,1003:300,0,0
566,A,10.578020619883645,0,,121,0
567,U,10.587030302026108,1,,0,0
568,A,10.604587251291111,0,,119,0
569,U,10.619303240170554,-1,,0,0
570,A,10.633202677099009,0,,122,0
571,U,10.682220353067896,1,1002:200|1001:300|1000:300,0,0
572,U,10.686517114344458,-1,,0,0
573,U,10.698446230933888,-1,1003:100|1004:100,0,0
574,A,10.71445652478083,0,,123,0
575,F,10.734246048979635,0,,123,100
576,A,10.757285387633438,0,,124,0
577,U,10.758223357858746,-1,1003:100|1004:300|1005:100,0,0
578,A,10.769904893700824,0,,125,0
579,U,10.803563428300041,1,,0,0
580,U,10.821594848908694,1,,0,0
581,F,10.826683409318749,0,,123,200
582,U,10.851550390782975,1,1002:200|1001:100|1000:300,0,0
583,A,10.87630243205421,0,,126,0
584,U,10.885177735563632,1,1003:100|1002:200,0,0
585,A,10.892164883440644,0,,127,0
586,F,10.893372684493503,0,,127,100
587,U,10.919886760307532,-1,1006:100,0,0
588,U,10.931331779297567,-1,1007:200|1008:200,0,0
589,F,11.006646717707683,0,,126,200
590,F,11.02523336033298,0,,125,200
591,U,11.099956019949257,1,1004:200|1003:100|1002:300,0,0
592,F,11.102560587629522,0,,124,100
593,U,11.117132964120017,1,,0,0
594,A,11.142215480872066,0,,129,0
595,F,11.14298077957868,0,,129,200
596,F,11.182389878030746,0,,125,100
597,A,11.183234662504235,0,,128,0
598,A,11.216370547673948,0,,130,0
599,F,11.264457923167734,0,,130,200
600,F,11.289419733946936,0,,128,100
601,U,11.309256481772493,1,1004:100|1003:300,0,0
602,U,11.328396949734907,1,,0,0
603,U,11.393472127154858,1,1003:200|1002:300,0,0
604,F,11.398489157687793,0,,128,100
605,U,11.431400826330739,-1,1006:200,0,0
606,U,11.436807490999978,-1,1005:300|1006:200|1007:200,0,0
607,F,11.478042778168355,0,,130,100
608,U,11.482436104386558,-1,1006:200|1007:200,0,0
609,U,11.493100498020757,1,1004:200,0,0
610,U,11.566937921882355,-1,1005:300,0,0
611,A,11.602021777610034,0,,131,0
612,A,11.624172324861505,0,,133,0
613,U,11.635589935627802,-1,1005:100|1006:200|1007:300,0,0
614,F,11.65177877685407,0,,133,100
615,U,11.72935873502533,-1,1005:100,0,0
616,U,11.741250323489433,-1,,0,0
617,U,11.743771587819108,-1,,0,0
618,U,11.746502933360418,-1,1007:300|1008:300|1009:300,0,0
619,A,11.747506684787526,0,,138,0
620,A,11.778971107571317,0,,134,0
621,U,11.780621382789375,-1,1008:200|1009:300|1010:100,0,0
622,A,11.780675365171303,0,,137,0
623,U,11.787713735162502,-1,1007:100|1008:100|1009:200,0,0
624,A,11.790232627185738,0,,135,0
625,F,11.793082467575537,0,,134,100
626,F,11.81563184322819,0,,135,100
627,F,11.820768526009324,0,,133,100
628,U,11.825536318261324,1,1004:200|1003:200,0,0
629,U,11.843795261215652,-1,1005:100,0,0
630,U,11.855723219065856,-1,,0,0
631,A,11.89776752620756,0,,136,0
632,U,11.911069482356387,1,1005:200|1004:300|1003:100,0,0
633,F,11.91139154066987,0,,138,200
634,U,11.929544353965957,-1,1008:200|1009:100|1010:200,0,0
635,F,11.983690607779288,0,,138,200
636,U,11.99939645608034,-1,1009:100|1010:200|1011:200,0,0
637,U,11.999887590817712,1,1007:100|1006:300,0,0
638,A,12.025169825426618,0,,141,0
639,A,12.03120536463562,0,,137,0
640,F,12.077324943603868,0,,136,100
641,U,12.079062132238233,1,1008:100,0,0
642,U,12.082134399407732,-1,1011:100|1012:300|1013:100,0,0
643,U,12.089326431852244,1,,0,0
644,A,12.131376656933591,0,,140,0
645,U,12.137643918608122,-1,1010:100,0,0
646,U,12.140646683810944,-1,1009:300,0,0
647,A,12.150964497692646,0,,141,0
648,U,12.1559644392627,-1,1010:100|1011:200|1012:100,0,0
649,F,12.180983622901401,0,,137,100
650,U,12.225731844022695,1,,0,0
651,U,12.23221709878048,-1,1009:300|1010:300|1011:300,0,0
652,U,12.245506865721076,-1,1010:300|1011:200,0,0
653,A,12.24992353618752,0,,136,0
654,F,12.266229854309689,0,,140,100
655,F,12.274226175867495,0,,134,200
656,U,12.290764795582055,1,1009:100|1008:200|1007:300,0,0
657,U,12.366936006374525,1,1009:100|1008:200|1007:100,0,0
658,U,12.386765524060229,1,1009:100|1008:200,0,0
659,A,12.392258175497693,0,,142,0
660,U,12.403977168127279,1,1008:300|1007:200,0,0
661,A,12.408496144044042,0,,135,0
662,U,12.431143050320262,-1,1011:200|1012:200,0,0
663,U,12.43469566929391,-1,1012:300|1013:100,0,0
664,A,12.441161658452684,0,,145,0
665,A,12.48218424282281,0,,142,0
666,F,12.490753882344615,0,,145,200
667,A,12.528247541206444,0,,132,0
668,U,12.584481386483887,-1,1012:300,0,0
669,A,12.588828615170797,0,,143,0
670,F,12.593560601476797,0,,143,200
671,U,12.601959425920775,-1,1012:200,0,0
672,U,12.604564466576093,1,1010:300|1009:300,0,0
673,A,12.653755696290576,0,,139,0
674,F,12.654634372806477,0,,132,200
675,F,12.711330617923288,0,,143,200
676,U,12.744984107277478,1,,0,0
677,U,12.74724947001423,-1,,0,0
678,U,12.74939468319117,-1,,0,0
679,A,12.760410018648564,0,,147,0
680,U,12.77128380999507,-1,1013:100,0,0
681,U,12.77840011154071,-1,,0,0
682,A,12.806637404607367,0,,148,0
683,F,12.83885385751905,0,,139,100
684,A,12.8591901195275,0,,147,0
685,U,12.86886452244129,-1,,0,0
686,F,12.87819318460912,0,,148,100
687,U,12.941796268077292,1,1011:300|1010:100|1009:300,0,0
688,F,12.94544662922496,0,,132,100
689,A,13.009795712724713,0,,131,0
690,U,13.1191824704072,1,1011:300|1010:300,0,0
691,A,13.135951187840623,0,,131,0
692,U,13.135974230014867,-1,,0,0
693,U,13.136130084898731,-1,,0,0
694,A,13.177818612014793,0,,148,0
695,F,13.18640800078234,0,,148,100
696,A,13.188550770435699,0,,146,0
697,A,13.198004051843736,0,,144,0
698,U,13.241238105347108,1,1008:100|1007:100,0,0
699,A,13.25234274718735,0,,149,0
700,U,13.265821324520097,-1,1011:300|1012:300|1013:300,0,0
701,U,13.288775615072092,-1,,0,0
702,U,13.313901410855678,-1,1011:300|1012:200,0,0
703,A,13.333781171929681,0,,152,0
704,A,13.342978739015193,0,,151,0
705,U,13.399890270279917,1,,0,0
706,U,13.411111610350106,1,1008:200|1007:200,0,0
707,U,13.41430702883967,-1,1009:100|1010:200|1011:200,0,0
708,A,13.44673500430358,0,,151,0
709,F,13.462683894165584,0,,152,100
710,F,13.497715607349157,0,,144,200
711,U,13.553077109152118,1,,0,0
712,A,13.585344542026993,0,,153,0
713,U,13.599897349092645,1,1008:200|1007:100|1006:300,0,0
714,U,13.648996971978335,-1,1009:100|1010:300,0,0
715,A,13.649937615697654,0,,146,0
716,U,13.694063666414579,-1,1008:200|1009:100,0,0
717,F,13.731976042112871,0,,149,100
718,U,13.78872411548624,1,,0,0
719,U,13.790063499602702,1,1004:300,0,0
720,U,13.812940193920802,1,1004:300|1003:100,0,0
721,U,13.821679725461436,-1,,0,0
722,A,13.854845654884999,0,,152,0
723,U,13.891624696553654,1,,0,0
724,U,13.913882755451326,-1,,0,0
725,A,13.932101592261805,0,,156,0
726,U,13.939462376572758,1,1003:300|1002:200,0,0
727,F,13.940463877886923,0,,149,200
728,U,13.955966602830797,1,1004:200,0,0
729,F,13.966176340452593,0,,146,200
730,U,13.997978773527151,1,1005:200|1004:200,0,0
731,U,13.998173115005098,1,,0,0
732,A,14.017589648626771,0,,155,0
733,A,14.02221607994956,0,,150,0
734,A,14.028363848346544,0,,161,0
735,A,14.051350848157002,0,,159,0
736,U,14.061552897756744,-1,,0,0
737,A,14.06228443676193,0,,157,0
738,A,14.074926174400384,0,,154,0
739,U,14.081987331187891,-1,1007:100,0,0
740,F,14.108594535089074,0,,157,100
741,A,14.149115531254466,0,,158,0
742,A,14.16025516645169,0,,155,0
743,U,14.163037340951178,-1,1008:100|1009:200|1010:300,0,0
744,F,14.181577956234259,0,,157,100
745,F,14.217039334478343,0,,159,100
746,U,14.25552776392746,1,1005:100,0,0
747,U,14.268073962970401,-1,1006:300,0,0
748,U,14.269652401871099,-1,,0,0
749,A,14.274366666221006,0,,161,0
750,U,14.298724684122117,-1,,0,0
751,A,14.338323666112862,0,,150,0
752,U,14.350314820142847,-1,1004:200|1005:100,0,0
753,U,14.357589031557936,-1,1005:100|1006:300|1007:200,0,0
754,U,14.385761579759496,-1,1005:200|1006:300,0,0
755,U,14.386943276090443,-1,1006:200|1007:200,0,0
756,A,14.417578270457723,0,,162,0
757,A,14.420354341282305,0,,159,0
758,F,14.427188329994667,0,,158,100
759,U,14.430517761961548,1,1004:200,0,0
760,U,14.536138591760961,-1,,0,0
761,U,14.55650386470989,-1,1005:200|1006:300|1007:100,0,0
762,U,14.556708558440262,-1,,0,0
763,A,14.562791853990298,0,,165,0
764,U,14.566727968853236,1,1004:100,0,0
765,A,14.570097359375412,0,,154,0
766,A,14.583481961072549,0,,160,0
767,U,14.599742737368976,-1,,0,0
768,A,14.620997295151515,0,,158,0
769,U,14.63903139713532,1,1004:100|1003:200,0,0
770,U,14.641160189806971,-1,1006:100|1007:300,0,0
771,U,14.650677919612825,1,1004:100|1003:200,0,0
772,A,14.661426708123805,0,,162,0
773,A,14.710187171819616,0,,164,0
774,F,14.715812190751961,0,,153,200
775,F,14.773518468084536,0,,156,100
776,A,14.796330702664518,0,,166,0
777,U,14.814971397029222,1,1003:200,0,0
778,U,14.816964136162651,-1,,0,0
779,U,14.844601585968235,-1,1007:300|1008:100|1009:100,0,0
780,U,14.858825791864142,1,1004:200|1003:200|1002:200,0,0
781,A,14.870614781087214,0,,164,0
782,U,14.872634355427834,1,1004:300|1003:300|1002:100,0,0
783,U,14.876684215440605,-1,1005:100|1006:100,0,0
784,A,14.903002854056625,0,,168,0
785,U,14.967666432204021,-1,,0,0
786,A,14.975153229457455,0,,156,0
787,A,15.048387265763381,0,,167,0
788,U,15.05051692327246,1,1002:300|1001:100|1000:300,0,0
789,U,15.06092266722584,1,1002:100|1001:300|1000:100,0,0
790,A,15.098073119108498,0,,168,0
791,U,15.107422400781102,1,1002:300,0,0
792,A,15.12049599156589,0,,160,0
793,A,15.155923103234619,0,,163,0
794,F,15.207803301697146,0,,167,200
795,A,15.235591419429946,0,,169,0
796,U,15.255377340789172,1,1003:200,0,0
797,A,15.27166769664025,0,,165,0
798,U,15.29040944827751,1,1002:200|1001:300|1000:200,0,0
799,U,15.31146883500384,-1,,0,0
800,A,15.312145882332794,0,,163,0
801,U,15.318233956963823,1,1003:300|1002:300,0,0
802,U,15.376977890623577,-1,1005:100|1006:300,0,0
803,F,15.39964292937423,0,,166,100
804,U,15.404105289876966,-1,1005:300,0,0
805,A,15.407324235239331,0,,171,0
806,A,15.414174220306212,0,,169,0
807,F,15.426467852327407,0,,167,200
808,U,15.440782072497571,-1,1004:100|1005:200,0,0
809,A,15.443716885521836,0,,174,0
810,U,15.557400945672677,-1,,0,0
811,U,15.557865234393502,-1,1006:200,0,0
812,A,15.559472898335512,0,,172,0
813,A,15.574621675208478,0,,174,0
814,U,15.584949835806938,-1,,0,0
815,F,15.616105436704439,0,,171,200
816,A,15.684544243978113,0,,170,0
817,F,15.691498153451983,0,,169,100
818,U,15.732478880386358,-1,1007:300|1008:200,0,0
819,U,15.742175117324685,1,1005:100|1004:200,0,0
820,F,15.762825855429712,0,,170,200
821,U,15.834434690883953,-1,1006:300,0,0
822,U,15.867239897227078,1,1003:200,0,0
823,U,15.877561148003121,-1,1005:300,0,0
824,U,15.889316648222277,1,1002:200|1001:300,0,0
825,U,15.905055571874184,1,1002:300|1001:100,0,0
826,A,15.92076351307319,0,,175,0
827,U,15.922188880810687,-1,1005:100|1006:300|1007:200,0,0
828,A,15.940136571592923,0,,180,0
829,U,15.953473490279722,1,,0,0
830,F,16.013591900899566,0,,180,200
831,F,16.02557469429656,0,,175,100
832,A,16.03802467762113,0,,173,0
833,A,16.04197991918228,0,,176,0
834,F,16.063888036648112,0,,176,100
835,A,16.126830653737986,0,,177,0
836,A,16.129262108485698,0,,172,0
837,U,16.136527584069615,1,1003:300|1002:200|1001:100,0,0
838,A,16.159926076012578,0,,179,0
839,F,16.165766401178658,0,,172,100
840,U,16.207137934461855,-1,1006:200|1007:300|1008:300,0,0
841,A,16.226710959901713,0,,178,0
842,U,16.25070071308332,1,,0,0
843,U,16.262899633187775,1,,0,0
844,U,16.332874547929595,-1,1003:300|1004:200,0,0
845,U,16.399664000576728,1,1001:100|1000:100,0,0
846,U,16.43157163159283,-1,1002:300,0,0
847,A,16.436989156737216,0,,175,0
848,U,16.448715207154898,-1,1002:300,0,0
849,A,16.473180585715017,0,,173,0
850,F,16.485579141047225,0,,169,100
851,F,16.499280034281988,0,,177,200
852,A,16.499497396144736,0,,176,0
853,U,16.500885223209817,1,1000:100,0,0
854,A,16.502136455533066,0,,178,0
855,F,16.502746038460554,0,,172,100
856,A,16.51509918074251,0,,181,0
857,U,16.518002707738088,1,1000:200|999:100,0,0
858,U,16.553120523105758,-1,1003:300,0,0
859,F,16.561960187861402,0,,179,100
860,F,16.59544082645574,0,,179,200
861,F,16.607075473403455,0,,181,100
862,A,16.64035434723346,0,,183,0
863,U,16.642679388078584,-1,1004:300|1005:200|1006:100,0,0
864,U,16.65635270162688,1,,0,0
865,A,16.659616898524472,0,,182,0
866,U,16.66841729147572,1,1002:100|1001:100,0,0
867,U,16.680889567562648,-1,,0,0
868,A,16.734149351061472,0,,186,0
869,U,16.737903648010946,-1,1004:200,0,0
870,F,16.7724580040977,0,,186,100
871,U,16.79918683977982,1,1002:100|1001:300,0,0
872,F,16.801829699299436,0,,186,200
873,U,16.82162261413247,-1,,0,0
874,U,16.839494272285975,-1,1004:300,0,0
875,A,16.84308666006967,0,,184,0
876,A,16.849553166751107,0,,187,0
877,A,16.851994187707913,0,,185,0
878,U,16.893511490251775,-1,,0,0
879,U,16.893869583312497,1,1003:100,0,0
880,A,16.89507325925039,0,,185,0
881,A,16.906942129986327,0,,184,0
882,A,16.9209187635359,0,,183,0
883,U,16.945799211285134,1,1002:100|1001:100|1000:100,0,0
884,A,16.975439503404367,0,,188,0
885,F,16.98493473462682,0,,187,100
886,U,16.993745630140545,1,1002:100,0,0
887,U,17.034261637770594,1,1002:200,0,0
888,U,17.068071135102926,-1,,0,0
889,F,17.084585848804885,0,,182,200
890,A,17.113853199846716,0,,187,0
891,F,17.1258228167679,0,,188,100
892,U,17.14462984310327,1,1002:300|1001:100|1000:100,0,0
893,U,17.151321612811998,1,1002:200,0,0
894,A,17.20931016639279,0,,189,0
895,A,17.227510481499507,0,,190,0
896,U,17.230507159832346,1,1002:200|1001:300,0,0
897,U,17.268443247123777,-1,,0,0
898,A,17.319867826378562,0,,191,0
899,A,17.346892593067416,0,,189,0
900,U,17.396521035136463,1,1002:200,0,0
901,U,17.459233928882394,-1,1005:300,0,0
902,U,17.48066524642612,1,,0,0
903,A,17.525311923958636,0,,189,0
904,U,17.53524508019384,1,1002:300,0,0
905,U,17.544094840758458,1,1002:200|1001:200,0,0
906,U,17.579996611970667,-1,1003:200,0,0
907,A,17.615405872142635,0,,191,0
908,F,17.682058475423396,0,,190,100
909,A,17.721670931726962,0,,192,0
910,A,17.726153312938816,0,,193,0
911,U,17.75376855355438,1,,0,0
912,U,17.77871679452935,-1,1001:300|1002:300|1003:200,0,0
913,F,17.790629393361755,0,,193,100
914,U,17.8009360464051,-1,1000:100|1001:100|1002:300,0,0
915,A,17.808969941504,0,,192,0
916,F,17.819790130553642,0,,193,200
917,A,17.830940395594336,0,,198,0
918,A,17.832131301458418,0,,194,0
919,A,17.880512300653358,0,,195,0
920,A,17.924492923830407,0,,197,0
921,U,17.939498080801062,1,999:200|998:300|997:300,0,0
922,A,17.950768652222987,0,,199,0
923,F,17.989523587063022,0,,198,200
924,A,18.00477765083727,0,,194,0
925,U,18.071857498883706,1,,0,0
926,F,18.08410099018138,0,,197,200
927,A,18.09425785433706,0,,196,0
928,U,18.09629733050449,-1,1003:200|1004:300,0,0
929,F,18.101879270042236,0,,197,100
930,A,18.129539748448714,0,,199,0
931,U,18.195228287364472,-1,1002:300|1003:300|1004:300,0,0
932,U,18.197909088238664,1,999:300|998:100|997:300,0,0
933,A,18.214913295088326,0,,196,0
934,A,18.26661297922248,0,,202,0
935,F,18.2729699537052,0,,195,100
936,U,18.281752261647203,1,1000:300|999:200|998:200,0,0
937,A,18.284587270203023,0,,201,0
938,A,18.30988476547796,0,,204,0
939,U,18.330506041467192,-1,1003:100|1004:300|1005:200,0,0
940,F,18.330737666480477,0,,195,200
941,A,18.33371681995441,0,,203,0
942,U,18.334583455440768,1,1000:100|999:300,0,0
943,U,18.392888504355852,1,1000:100|999:100,0,0
944,U,18.408645150419233,-1,1003:100|1004:100|1005:300,0,0
945,U,18.41839660354106,-1,1002:200|1003:100|1004:200,0,0
946,A,18.420470138614178,0,,200,0
947,A,18.425372227804313,0,,202,0
948,U,18.469426728364766,1,1001:300,0,0
949,U,18.48291334927038,-1,1003:200|1004:300|1005:100,0,0
950,U,18.48685544961567,-1,,0,0
951,U,18.49285249021204,1,1001:200|1000:100,0,0
952,U,18.51396421020069,-1,1002:300,0,0
953,U,18.611352779365777,-1,,0,0
954,F,18.617843623809343,0,,202,200
955,U,18.64795976496947,1,1000:100|999:100,0,0
956,F,18.65414875684739,0,,201,200
957,U,18.6766737730341,-1,1001:100|1002:200|1003:300,0,0
958,F,18.684794279876723,0,,200,200
959,A,18.691984636256873,0,,204,0
960,U,18.710355601458936,-1,1000:200|1001:300,0,0
961,F,18.710736185338362,0,,201,200
962,U,18.725742540000986,1,997:200|996:300|995:200,0,0
963,U,18.73836145196701,1,996:100|995:100|994:200,0,0
964,A,18.749926288812983,0,,205,0
965,U,18.750946200208485,1,997:200,0,0
966,U,18.75721823748782,1,,0,0
967,A,18.76383376717616,0,,207,0
968,U,18.805380884498934,-1,,0,0
969,U,18.830585714864668,-1,,0,0
970,F,18.84918671779004,0,,207,200
971,F,18.87315763933258,0,,204,200
972,A,18.942944058401796,0,,205,0
973,U,18.976514953509167,1,,0,0
974,A,19.01313727567453,0,,203,0
975,U,19.020341009940807,1,,0,0
976,U,19.030991657120722,-1,,0,0
977,U,19.08112916179195,1,998:300,0,0
978,U,19.13956174779555,-1,1000:200|1001:100|1002:100,0,0
979,A,19.200510299743698,0,,209,0
980,U,19.204015711406626,1,,0,0
981,A,19.20716289538803,0,,210,0
982,F,19.212312098325047,0,,209,100
983,A,19.21575544124288,0,,206,0
984,U,19.25780792448432,1,1000:300|999:100,0,0
985,U,19.2693799987888,-1,1002:300|1003:200,0,0
986,A,19.29565078193633,0,,209,0
987,A,19.307552338645465,0,,211,0
988,A,19.346194178247256,0,,212,0
989,U,19.35277922568279,-1,1001:200|1002:300,0,0
990,U,19.3661958184537,-1,1000:100|1001:100,0,0
991,U,19.387804840466853,1,997:300|996:100|995:300,0,0
992,U,19.390471144412572,1,998:100|997:100|996:100,0,0
993,A,19.407554575001186,0,,210,0
994,F,19.412312320871695,0,,206,100
995,F,19.41270698670104,0,,211,200
996,A,19.41913520289467,0,,203,0
997,U,19.425902779232857,-1,999:200,0,0
998,U,19.433308036328448,1,997:100|996:200,0,0
999,U,19.450678915187414,-1,,0,0
1000,U,19.457286920771452,-1,1000:100|1001:300|1002:300,0,0
1001,U,19.462698269427154,-1,999:200|1000:300|1001:200,0,0
1002,A,19.466133492132943,0,,216,0
1003,U,19.46866856075834,-1,999:100|1000:100,0,0
1004,U,19.472512058608128,1,996:300,0,0
1005,A,19.483409797837037,0,,214,0
1006,U,19.491651878435555,-1,,0,0
1007,F,19.49727453289554,0,,212,100
1008,A,19.516470672367102,0,,216,0
1009,U,19.52450992460507,1,,0,0
1010,U,19.540288846726074,1,994:100,0,0
1011,U,19.547954689887415,1,994:200|993:300,0,0
1012,F,19.575733719978057,0,,214,100
1013,U,19.576431786074224,1,993:100|992:300|991:200,0,0
1014,U,19.58045259800066,1,994:200,0,0
1015,U,19.597679554338782,1,995:200|994:200|993:200,0,0
1016,A,19.60559267897477,0,,215,0
1017,U,19.624358362160784,1,,0,0
1018,A,19.683290613677382,0,,217,0
1019,F,19.71825453121699,0,,215,100
1020,A,19.731073957128014,0,,208,0
1021,U,19.73318952066996,-1,996:300,0,0
1022,F,19.757581763917827,0,,214,200
1023,A,19.761687737556606,0,,211,0
1024,U,19.77815507700677,-1,997:300|998:300,0,0
1025,A,19.829575703779422,0,,213,0
1026,A,19.84863498275116,0,,218,0
1027,F,19.85412143475802,0,,218,100
1028,A,19.92674351998584,0,,219,0
1029,F,19.93419588949098,0,,219,100
1030,U,19.934614761044198,-1,996:200|997:300,0,0
1031,A,19.936723272282592,0,,213,0
1032,A,19.960850664912407,0,,220,0
1033,A,19.991061354516034,0,,216,0
1034,U,19.99786547399919,1,994:100,0,0
1035,U,20.030848587605977,1,,0,0
1036,F,20.034257923262047,0,,218,200
1037,U,20.040112620836325,1,993:200,0,0
1038,U,20.046327424094468,-1,995:200|996:100,0,0
1039,A,20.08583632379444,0,,221,0
1040,U,20.111576209131176,1,992:100,0,0
1041,U,20.120179365576778,1,993:300|992:200|991:300,0,0
1042,U,20.13127599778438,-1,995:300|996:100,0,0
1043,A,20.153744282360556,0,,223,0
1044,A,20.16250229613048,0,,217,0
1045,U,20.167808702459176,-1,994:200|995:100,0,0
1046,A,20.169800455045642,0,,222,0
1047,A,20.17005225837982,0,,219,0
1048,A,20.17027899443032,0,,208,0
1049,F,20.17462970318763,0,,222,100
1050,U,20.19617078006658,1,,0,0
1051,U,20.208713054212158,-1,,0,0
1052,A,20.22845800111924,0,,220,0
1053,F,20.237414618090117,0,,221,200
1054,U,20.239318149480116,-1,,0,0
1055,F,20.239947032117215,0,,223,100
1056,U,20.253056572294216,-1,994:300,0,0
1057,F,20.266135523905543,0,,223,200
1058,U,20.267729797643806,1,,0,0
1059,U,20.26800270955018,1,,0,0
1060,U,20.28452343114428,-1,,0,0
1061,U,20.303697554029064,1,,0,0
1062,U,20.349578395284194,1,994:300|993:300|992:100,0,0
1063,A,20.35110667556766,0,,225,0
1064,U,20.35143698136094,1,995:200|994:200,0,0
1065,A,20.373164025359642,0,,224,0
1066,F,20.375868290986645,0,,224,100
1067,U,20.398927979912347,1,994:200|993:200|992:100,0,0
1068,U,20.405308892147552,1,994:300,0,0
1069,F,20.43905512038159,0,,224,100
1070,F,20.457724188889255,0,,224,200
1071,U,20.458412425471746,-1,,0,0
1072,A,20.462377454800443,0,,225,0
1073,F,20.5092824847242,0,,225,100
1074,U,20.538758370410807,1,993:300,0,0
1075,U,20.55827044529651,1,,0,0
1076,A,20.559107563198864,0,,225,0
1077,U,20.580726230722366,-1,996:300|997:100,0,0
1078,A,20.660392005892014,0,,228,0
1079,U,20.678777758951693,1,994:300,0,0
1080,U,20.712206632076676,1,994:200|993:300,0,0
1081,F,20.719030303672398,0,,228,200
1082,U,20.721958326764707,-1,,0,0
1083,U,20.742564507167387,1,,0,0
1084,U,20.748372428170548,1,995:200|994:200,0,0
1085,U,20.84061630121016,-1,998:300|999:300|1000:100,0,0
1086,U,20.853693230010123,1,997:200,0,0
1087,A,20.861054202934945,0,,232,0
1088,U,20.88930778852013,1,996:200|995:100|994:300,0,0
1089,A,20.91988895930956,0,,231,0
1090,U,20.936653177399076,1,997:200|996:300,0,0
1091,U,20.940384707572818,1,998:100|997:100|996:200,0,0
1092,U,21.074243939538803,-1,,0,0
1093,A,21.093881466060967,0,,234,0
1094,U,21.16285954256709,-1,1000:300|1001:100|1002:300,0,0
1095,U,21.183047265213933,-1,999:200,0,0
1096,F,21.18550445783927,0,,234,200
1097,U,21.18837896185119,-1,998:200,0,0
1098,A,21.201521198484457,0,,233,0
1099,A,21.2779503670369,0,,230,0
1100,U,21.285696319710166,-1,997:100,0,0
1101,A,21.31296518173925,0,,236,0
1102,U,21.320709638683283,1,995:100|994:200|993:200,0,0
1103,U,21.356497437750733,1,994:300|993:200,0,0
1104,A,21.357764250924838,0,,229,0
1105,A,21.386243011880563,0,,239,0
1106,U,21.411280951931623,1,995:200,0,0
1107,U,21.482319898809173,1,995:300|994:300,0,0
1108,U,21.531737491449782,1,994:100,0,0
1109,A,21.54622624086476,0,,233,0
1110,A,21.549380861167197,0,,229,0
1111,U,21.607801922558565,1,995:100,0,0
1112,U,21.618693650837177,-1,996:100|997:100|998:200,0,0
1113,U,21.64338655583859,1,995:100|994:100,0,0
1114,F,21.645040175660032,0,,236,100
1115,A,21.646365758729885,0,,240,0
1116,U,21.655983229454886,1,995:300|994:100|993:100,0,0
1117,A,21.673562909105577,0,,227,0
1118,U,21.758807784747745,-1,,0,0
1119,A,21.77642106169462,0,,235,0
1120,A,21.77933780515582,0,,232,0
1121,A,21.780333484578364,0,,240,0
1122,U,21.802418863331862,-1,996:300|997:300,0,0
1123,A,21.82750912625137,0,,243,0
1124,U,21.839428349172554,1,995:100|994:100,0,0
1125,A,21.8441068979677,0,,230,0
1126,A,21.868914206023504,0,,226,0
1127,U,21.878917529241033,-1,997:100,0,0
1128,A,21.886174891874113,0,,238,0
1129,U,21.930683302724688,1,994:100|993:300,0,0
1130,U,21.978187507226437,1,993:200,0,0
1131,A,21.992000853816986,0,,227,0
1132,F,22.085480694297644,0,,238,200
1133,A,22.12279474980655,0,,242,0
1134,U,22.136606121714284,1,,0,0
1135,U,22.139101287269305,1,993:200|992:100,0,0
1136,U,22.142106475375662,1,993:100|992:200,0,0
1137,U,22.148301245916333,1,994:100|993:200|992:100,0,0
1138,U,22.152390869923366,-1,,0,0
1139,U,22.15769579995278,-1,,0,0
1140,A,22.171320639945495,0,,231,0
1141,U,22.190488097994532,1,995:100,0,0
1142,A,22.191025547717523,0,,241,0
1143,A,22.215429589338456,0,,243,0
1144,U,22.216640062828873,1,994:200,0,0
1145,U,22.227666354365397,1,995:100|994:100|993:100,0,0
1146,F,22.23366731381733,0,,230,200
1147,U,22.255629382461912,1,996:200|995:100,0,0
1148,A,22.256639829760424,0,,247,0
1149,A,22.256767258306724,0,,239,0
1150,F,22.339596008425435,0,,241,100
1151,U,22.35623768249769,1,995:100|994:100,0,0
1152,U,22.392231755436267,1,995:300|994:100|993:100,0,0
1153,U,22.465421027601526,-1,,0,0
1154,U,22.511190548273873,-1,995:300,0,0
1155,U,22.518597226286353,1,992:300|991:300,0,0
1156,F,22.529769031703086,0,,240,100
1157,A,22.536623633772138,0,,243,0
1158,U,22.539161425566068,1,,0,0
1159,U,22.579993322938275,1,991:300|990:100|989:100,0,0
1160,U,22.58447048305615,-1,992:300|993:300,0,0
1161,U,22.676197420173704,1,989:100,0,0
1162,U,22.693539310924358,1,989:200|988:300,0,0
1163,U,22.6978872544134,1,989:100|988:200,0,0
1164,U,22.748880898704055,1,989:300,0,0
1165,U,22.79439656862792,-1,990:300,0,0
1166,U,22.807669477659225,-1,991:100,0,0
1167,A,22.847549336201833,0,,252,0
1168,F,22.848804605625965,0,,242,100
1169,F,22.864256994761195,0,,226,100
1170,U,22.87724451654568,-1,,0,0
1171,U,22.915616925629635,1,989:200|988:300|987:300,0,0
1172,U,22.920575244390285,-1,990:200,0,0
1173,U,22.9280657975394,-1,990:200|991:100,0,0
1174,F,22.939705588396603,0,,252,200
1175,U,22.96506470871492,1,988:100|987:200,0,0
1176,U,23.01668867946214,1,988:200,0,0
1177,A,23.020231316054566,0,,235,0
1178,F,23.020340583578392,0,,226,200
1179,U,23.020398582177705,1,989:200,0,0
1180,F,23.03938679316835,0,,241,100
1181,F,23.044572789920863,0,,252,200
1182,U,23.05506343963727,1,990:200|989:300,0,0
1183,U,23.058482276594642,1,991:300|990:300|989:100,0,0
1184,U,23.083856976577838,-1,993:100|994:300,0,0
1185,U,23.130825673505374,1,992:300,0,0
1186,A,23.13278503749811,0,,246,0
1187,U,23.134161069801493,-1,995:100|996:300|997:300,0,0
1188,A,23.135143355757222,0,,249,0
1189,A,23.142561366770654,0,,257,0
1190,A,23.143117642577774,0,,237,0
1191,A,23.189446089857928,0,,254,0
1192,U,23.24599579568211,1,,0,0
1193,U,23.253409484788286,1,993:200|992:300|991:200,0,0
1194,F,23.257762220270482,0,,249,200
1195,U,23.259752808459705,1,,0,0
1196,U,23.260330343263803,1,,0,0
1197,U,23.273220155306486,-1,995:100|996:100|997:100,0,0
1198,U,23.283019970428516,1,,0,0
1199,U,23.283130430668415,1,,0,0
1200,U,23.317530448636116,-1,996:200|997:100|998:200,0,0
1201,A,23.322564580851683,0,,249,0
1202,U,23.349611377138995,1,994:300|993:300,0,0
1203,U,23.371716770891194,1,995:100|994:100|993:100,0,0
1204,U,23.381782220301254,1,995:100,0,0
1205,A,23.395387573636253,0,,259,0
1206,U,23.396343607656885,1,994:100|993:100|992:300,0,0
1207,U,23.4063193638697,-1,996:200|997:200|998:100,0,0
1208,U,23.414934288463982,1,994:300|993:100|992:100,0,0
1209,F,23.414976921863396,0,,254,200
1210,U,23.424748855678814,-1,995:100|996:100|997:100,0,0
1211,U,23.426702954836724,-1,,0,0
1212,A,23.45647649161626,0,,261,0
1213,F,23.46558392745545,0,,257,200
1214,U,23.477118271214014,1,,0,0
1215,U,23.48268477132779,-1,994:100,0,0
1216,U,23.513438103873312,-1,994:100|995:100,0,0
1217,U,23.543412534014564,-1,993:200,0,0
1218,U,23.559693390468855,1,991:300|990:300|989:300,0,0
1219,U,23.58791061339512,1,991:300|990:300,0,0
1220,A,23.603006822444488,0,,255,0
1221,U,23.606029391650495,1,992:300|991:300,0,0
1222,F,23.62078033457971,0,,246,200
1223,U,23.632492440003787,1,992:100|991:300,0,0
1224,A,23.664549440132838,0,,258,0
1225,A,23.672124114445538,0,,261,0
1226,A,23.720093233672127,0,,247,0
1227,U,23.73036147265831,-1,995:200|996:200|997:200,0,0
1228,U,23.791825484467306,-1,994:300|995:200|996:200,0,0
1229,A,23.839059693546638,0,,260,0
1230,A,23.85103659286586,0,,256,0
1231,U,23.88512145974049,-1,993:300,0,0
1232,A,23.9080537508826,0,,250,0
1233,A,23.97457526794459,0,,263,0
1234,A,24.004216113724908,0,,253,0
1235,U,24.03460106017636,-1,,0,0
1236,F,24.046492117125,0,,237,100
1237,U,24.056559903073857,-1,994:100|995:300,0,0
1238,U,24.058418933934128,1,992:200|991:200,0,0
1239,F,24.081296694899283,0,,255,100
1240,F,24.165339641722138,0,,253,100
1241,A,24.17662941329287,0,,260,0
1242,F,24.17938484733847,0,,259,100
1243,A,24.18921426296531,0,,264,0
1244,A,24.19544286547481,0,,248,0
1245,F,24.233986974984287,0,,258,200
1246,A,24.235254994001224,0,,245,0
1247,U,24.236659891719192,-1,,0,0
1248,A,24.24811495386844,0,,253,0
1249,A,24.253012646035167,0,,259,0
1250,U,24.25591911428146,-1,995:200|996:300,0,0
1251,U,24.279246530532756,-1,,0,0
1252,U,24.306234211644856,1,,0,0
1253,U,24.318869450220134,1,,0,0
1254,U,24.338912946369984,1,,0,0
1255,A,24.348359293178067,0,,265,0
1256,U,24.358408189285914,1,995:300|994:300,0,0
1257,A,24.370706316041765,0,,248,0
1258,F,24.38866040745022,0,,237,100
1259,U,24.399660048826664,-1,998:200|999:100,0,0
1260,U,24.400797290495735,1,,0,0
1261,F,24.435572205280753,0,,242,100
1262,U,24.46466819777826,1,996:100,0,0
1263,U,24.519673565104938,1,,0,0
1264,U,24.57096722467327,1,996:200|995:300,0,0
1265,U,24.582419310644426,-1,,0,0
1266,U,24.610565161714117,1,994:100,0,0
1267,A,24.700732610727332,0,,266,0
1268,U,24.756963142238877,-1,995:200|996:100|997:300,0,0
1269,A,24.76435554288708,0,,264,0
1270,U,24.793441914835107,-1,994:200|995:300,0,0
1271,U,24.798709677996438,-1,994:100|995:100,0,0
1272,A,24.82141289463771,0,,255,0
1273,U,24.86005383664792,1,993:200,0,0
1274,U,24.86277183608438,1,992:300,0,0
1275,A,24.864967314016575,0,,244,0
1276,A,24.865514678642448,0,,247,0
1277,U,24.869829793590167,1,991:300|990:100|989:300,0,0
1278,A,24.884012945084432,0,,272,0
1279,A,24.903607510192728,0,,265,0
1280,F,24.913788620521157,0,,244,100
1281,A,24.9205556898493,0,,271,0
1282,U,24.93992942923946,-1,,0,0
1283,A,24.955439258249044,0,,258,0
1284,U,24.969958741473025,1,992:200|991:100,0,0
1285,A,24.993710950544795,0,,272,0
1286,F,25.045056556197135,0,,237,200
1287,U,25.049092707142055,1,993:100|992:300,0,0
1288,F,25.05585026835257,0,,242,100
1289,F,25.0864571705822,0,,271,100
1290,A,25.123530755922996,0,,251,0
1291,U,25.130626329703077,1,,0,0
1292,A,25.150997102859,0,,263,0
1293,U,25.16897122133244,-1,994:100,0,0
1294,U,25.172020976970867,1,993:300|992:300,0,0
1295,A,25.19735498167391,0,,244,0
1296,A,25.199921016904828,0,,245,0
1297,U,25.240985358426478,-1,995:200,0,0
1298,A,25.256070338573192,0,,275,0
1299,U,25.288852642662643,-1,995:300|996:100,0,0
1300,A,25.308489536157197,0,,273,0
1301,U,25.315939542670506,-1,996:100|997:300|998:200,0,0
1302,U,25.36058293097991,1,994:100|993:100|992:300,0,0
1303,F,25.367708904471396,0,,256,100
1304,A,25.394249162463687,0,,270,0
1305,A,25.414344636551114,0,,268,0
1306,F,25.421943917056524,0,,271,100
1307,U,25.425595662411244,1,995:300|994:300|993:200,0,0
1308,A,25.426826385220593,0,,266,0
1309,A,25.440704604203,0,,267,0
1310,U,25.46199326346464,-1,998:200,0,0
1311,U,25.467141365378286,1,996:200|995:300|994:200,0,0
1312,F,25.490868379260316,0,,251,200
1313,U,25.503176063036683,1,995:200,0,0
1314,U,25.536646973918938,1,995:100|994:100|993:100,0,0
1315,U,25.54289644715217,1,995:100|994:100|993:100,0,0
1316,U,25.574149701229782,1,996:100|995:200,0,0
1317,U,25.578809695433204,1,997:200|996:100|995:200,0,0
1318,A,25.632298633025048,0,,266,0
1319,A,25.646679511210188,0,,273,0
1320,U,25.736510597703507,-1,998:100,0,0
1321,U,25.745012002215002,-1,997:100,0,0
1322,U,25.757914173477097,1,996:300|995:100|994:300,0,0
1323,U,25.75804029647598,-1,,0,0
1324,U,25.76323566640656,-1,999:200|1000:300|1001:200,0,0
1325,A,25.79804515282985,0,,262,0
1326,A,25.855997099247656,0,,268,0
1327,A,25.867236519491343,0,,250,0
1328,A,25.87248781160236,0,,281,0
1329,A,25.933847696530368,0,,280,0
1330,U,25.984237611489082,1,,0,0
1331,A,26.00169291894958,0,,269,0
1332,U,26.025987391129753,1,999:100|998:300|997:200,0,0
1333,A,26.044983045866125,0,,274,0
1334,A,26.051507553170154,0,,275,0
1335,A,26.079903313020665,0,,282,0
1336,A,26.102314131863242,0,,270,0
1337,U,26.118966251900428,1,1000:100,0,0
1338,A,26.120001390707138,0,,262,0
1339,U,26.12788047929511,1,999:200,0,0
1340,U,26.14051799947011,-1,1002:300|1003:300|1004:100,0,0
1341,F,26.144541638993314,0,,275,200
1342,A,26.148246648818564,0,,278,0
1343,A,26.165683992616714,0,,279,0
1344,U,26.20406436699198,-1,1003:100,0,0
1345,A,26.216472898375688,0,,279,0
1346,U,26.223279081702294,-1,,0,0
1347,A,26.241763298212454,0,,283,0
1348,U,26.24561808531638,1,1003:200|1002:100,0,0
1349,U,26.24789750595615,-1,1006:100,0,0
1350,U,26.26923159153477,1,1003:200|1002:200,0,0
1351,A,26.279997483889645,0,,285,0
1352,A,26.282217231715002,0,,277,0
1353,A,26.2877480089407,0,,276,0
1354,F,26.288658291212112,0,,277,100
1355,F,26.45493714008556,0,,283,200
1356,F,26.486785066362838,0,,283,100
1357,U,26.492351490392775,1,,0,0
1358,A,26.550831011452665,0,,278,0
1359,A,26.561051565396706,0,,284,0
1360,F,26.569023946408926,0,,271,100
1361,A,26.5694560183265,0,,282,0
1362,A,26.572534705242216,0,,285,0
1363,A,26.574221197516657,0,,274,0
1364,F,26.602234491317216,0,,277,200
1365,A,26.6047829069224,0,,267,0
1366,A,26.6070236209417,0,,269,0
1367,U,26.60967791501806,1,1005:100,0,0
1368,U,26.642557663602606,1,1006:100,0,0
1369,A,26.674478259330893,0,,286,0
1370,U,26.728938660607124,1,1005:300|1004:300,0,0
1371,U,26.742806199160107,-1,1006:300|1007:200|1008:300,0,0
1372,A,26.821427355145723,0,,267,0
1373,U,26.876138530625973,1,1005:200|1004:200,0,0
1374,A,26.878510387673305,0,,284,0
1375,F,26.89462636408451,0,,286,200
1376,U,26.894649029202927,1,1004:300|1003:200|1002:200,0,0
1377,A,26.937215885419374,0,,287,0
1378,A,26.938976948285273,0,,292,0
1379,U,27.00410614645297,1,1005:100|1004:100|1003:100,0,0
1380,U,27.010288225025466,-1,1008:100|1009:300,0,0
1381,U,27.017767313667004,-1,1008:200|1009:100|1010:100,0,0
1382,U,27.02788961919497,-1,,0,0
1383,U,27.037594807898916,1,1007:100,0,0
1384,U,27.054835713673572,1,1006:300|1005:100,0,0
1385,U,27.05516004913071,1,1005:100,0,0
1386,F,27.07393927381459,0,,276,200
1387,A,27.085508884790407,0,,289,0
1388,A,27.108512545136353,0,,291,0
1389,A,27.141336117482993,0,,288,0
1390,A,27.15615829037881,0,,281,0
1391,A,27.16253574925617,0,,280,0
1392,A,27.167103986663985,0,,276,0
1393,U,27.21646701682022,1,1004:300|1003:100,0,0
1394,A,27.220423859302276,0,,290,0
1395,U,27.239079459934207,1,1003:100|1002:100,0,0
1396,F,27.31364123890827,0,,287,100
1397,A,27.321798726238764,0,,292,0
1398,U,27.351078486223805,1,1004:100|1003:100,0,0
1399,U,27.382645747883195,1,1005:300|1004:100|1003:200,0,0
1400,U,27.3912794416593,1,1005:200,0,0
1401,U,27.40861479815424,-1,1008:300|1009:300|1010:300,0,0
1402,A,27.447993422266116,0,,289,0
1403,U,27.472348363603526,1,,0,0
1404,F,27.484823974021413,0,,288,100
1405,F,27.56162613735968,0,,288,200
1406,U,27.57579186791119,1,1007:100|1006:100|1005:200,0,0
1407,A,27.639594310222783,0,,294,0
1408,A,27.674592054171917,0,,290,0
1409,A,27.676449044322318,0,,291,0
1410,A,27.677656433767275,0,,293,0
1411,F,27.677790231093716,0,,289,100
1412,U,27.700978738255053,-1,1008:100|1009:100|1010:300,0,0
1413,U,27.71519511181529,1,,0,0
1414,A,27.718180109176863,0,,295,0
1415,A,27.80483530791174,0,,297,0
1416,U,27.83627902520163,-1,,0,0
1417,U,27.88120262622076,-1,1010:100|1011:100|1012:100,0,0
1418,F,27.931911096424653,0,,293,200
1419,U,27.936907299559962,1,,0,0
1420,U,27.970650812080248,-1,,0,0
1421,U,28.079436063247382,-1,1009:200|1010:100|1011:300,0,0
1422,U,28.08196275681177,-1,1010:200,0,0
1423,A,28.11332217491269,0,,301,0
1424,F,28.11452996315088,0,,295,200
1425,A,28.120802392938835,0,,297,0
1426,A,28.165541622591864,0,,296,0
1427,U,28.20432978490302,-1,1009:300|1010:200,0,0
1428,F,28.212779793494768,0,,296,100
1429,F,28.218851437056692,0,,294,200
1430,A,28.24158134372213,0,,298,0
1431,U,28.248308833880696,-1,,0,0
1432,A,28.251813722825247,0,,301,0
1433,U,28.260807075262353,1,,0,0
1434,A,28.324114945685753,0,,294,0
1435,A,28.344150721743297,0,,298,0
1436,U,28.36930450841746,1,,0,0
1437,U,28.3856707014599,-1,1008:300|1009:200|1010:100,0,0
1438,A,28.412320662656924,0,,303,0
1439,A,28.42975233648217,0,,300,0
1440,A,28.44041609104966,0,,302,0
1441,U,28.49188324156346,1,1006:100,0,0
1442,U,28.51590499914932,1,1007:100|1006:100,0,0
1443,F,28.532574006253324,0,,303,100
1444,A,28.561358953017574,0,,304,0
1445,A,28.60415371632663,0,,299,0
1446,F,28.632539056612014,0,,300,200
1447,A,28.672737367811614,0,,305,0
1448,U,28.68512639077502,1,1007:100|1006:300,0,0
1449,F,28.741695653213714,0,,303,200
1450,A,28.744975187954488,0,,306,0
1451,F,28.756063756666453,0,,306,200
1452,U,28.80006598376589,1,,0,0
1453,U,28.816960425313177,1,1006:200|1005:300|1004:200,0,0
1454,A,28.85405998812956,0,,309,0
1455,U,28.872446954215437,-1,1009:200|1010:100,0,0
1456,U,28.88923606381629,-1,1008:100|1009:200,0,0
1457,U,28.90064573318066,1,1006:300,0,0
1458,U,28.926222251992623,-1,1007:200|1008:100,0,0
1459,U,28.934131107823458,-1,1008:300|1009:100,0,0
1460,U,28.9470842334273,1,1005:200|1004:200,0,0
1461,A,28.97866484549321,0,,307,0
1462,U,28.978926941163074,1,1006:200,0,0
1463,U,28.981974388396807,-1,1007:100|1008:100|1009:100,0,0
1464,U,28.9866848893357,-1,1008:300|1009:300|1010:200,0,0
1465,U,29.006292805411874,1,1005:100|1004:100|1003:200,0,0
1466,A,29.027205948340804,0,,302,0
1467,U,29.062659710361633,-1,1007:300|1008:300|1009:300,0,0
1468,U,29.069791926550085,1,,0,0
1469,U,29.076426556526958,1,1005:300,0,0
1470,A,29.08511749767971,0,,308,0
1471,A,29.098290140648672,0,,309,0
1472,A,29.1088526998273,0,,299,0
1473,U,29.116751633517982,-1,1007:300|1008:200,0,0
1474,F,29.126815950677667,0,,308,100
1475,F,29.228767331601738,0,,299,100
1476,A,29.249416163664858,0,,311,0
1477,U,29.258166467841935,1,1005:200|1004:200,0,0
1478,A,29.261201379409552,0,,305,0
1479,F,29.292850126496063,0,,302,200
1480,U,29.327464856016224,1,1004:300,0,0
1481,A,29.330384496788042,0,,304,0
1482,A,29.365747208055943,0,,310,0
1483,A,29.36909124947511,0,,307,0
1484,U,29.37337180768665,1,1005:100,0,0
1485,U,29.380231725422558,-1,1006:200|1007:100|1008:200,0,0
1486,U,29.387689356525904,-1,1005:100|1006:300|1007:200,0,0
1487,F,29.410009743504656,0,,311,200
1488,U,29.41989267987421,1,1004:300,0,0
1489,A,29.434381161432945,0,,308,0
1490,A,29.436574429649664,0,,310,0
1491,U,29.447144138143468,1,,0,0
1492,U,29.448433806079674,1,,0,0
1493,U,29.449252086910338,1,,0,0
1494,A,29.480872487477566,0,,314,0
1495,U,29.500064007714588,1,1006:100,0,0
1496,A,29.600900384285666,0,,314,0
1497,A,29.60698902758901,0,,313,0
1498,U,29.65805325521624,-1,1007:200|1008:100|1009:200,0,0
1499,A,29.66459031139967,0,,315,0
1500,U,29.67236289119504,1,,0,0
1501,U,29.673820345756997,1,1006:100|1005:200,0,0
1502,F,29.676949980867693,0,,315,200
1503,A,29.678511037992898,0,,316,0
1504,U,29.686179062422756,1,1005:100|1004:200|1003:100,0,0
1505,F,29.693558411118804,0,,308,100
1506,U,29.700448829605396,1,,0,0
1507,A,29.736338466728046,0,,312,0
1508,A,29.747929548757465,0,,317,0
1509,U,29.762572900428726,1,,0,0
1510,F,29.803208613843143,0,,316,100
1511,U,29.825105872270722,1,1005:300|1004:100,0,0
1512,F,29.842957479184822,0,,312,200
1513,U,29.84463719198051,1,1006:100|1005:100,0,0
1514,U,29.861602065840337,1,,0,0
1515,U,29.88870749101519,-1,1010:100,0,0
1516,U,29.895991778702157,1,1008:100|1007:200|1006:200,0,0
1517,A,29.904239606609387,0,,313,0
1518,F,30.01919248557543,0,,317,100
1519,U,30.03112070902414,1,,0,0
1520,U,30.04528496586157,-1,,0,0
1521,U,30.077501840404402,-1,,0,0
1522,U,30.079293068754527,-1,1009:300|1010:100|1011:200,0,0
1523,U,30.099439362410802,1,,0,0
1524,F,30.111426917874088,0,,317,100
1525,U,30.120797493180568,-1,1008:100,0,0
1526,U,30.136013716391243,-1,1008:100,0,0
1527,U,30.136202362481008,-1,,0,0
1528,U,30.138508009976622,-1,1007:200,0,0
1529,A,30.147309060148096,0,,320,0
1530,F,30.16619499976282,0,,320,100
1531,A,30.263247040866393,0,,319,0
1532,U,30.277601921031785,-1,1008:300|1009:100,0,0
1533,U,30.301378250543458,1,,0,0
1534,U,30.350090165519116,-1,1008:300|1009:100|1010:200,0,0
1535,U,30.395599269242197,1,1005:100|1004:200,0,0
1536,U,30.422720955445147,-1,1006:300|1007:300|1008:200,0,0
1537,U,30.46451983258221,1,,0,0
1538,F,30.520342805032406,0,,319,100
1539,A,30.536820812758602,0,,325,0
1540,F,30.576178372495285,0,,325,100
1541,F,30.60665012428688,0,,325,100
1542,U,30.642779541005893,1,,0,0
1543,U,30.69154821541838,-1,1006:100,0,0
1544,A,30.73349886415681,0,,326,0
1545,A,30.735375183152488,0,,323,0
1546,F,30.74738952396313,0,,326,100
1547,F,30.75771202092528,0,,326,200
1548,A,30.78331324191425,0,,318,0
1549,A,30.800836542672997,0,,324,0
1550,U,30.801125215747803,1,,0,0
1551,U,30.803207517345122,-1,1006:300|1007:200,0,0
1552,F,30.82553713655791,0,,318,200
1553,U,30.858930204825437,-1,1007:100|1008:200,0,0
1554,F,30.86294095699761,0,,324,200
1555,U,30.86556320596541,1,1005:200|1004:300,0,0
1556,U,30.87300816172462,1,1004:100,0,0
1557,A,30.88728683141915,0,,330,0
1558,U,30.914668955323855,-1,,0,0
1559,F,30.918068134100327,0,,323,100
1560,U,30.93053474612287,1,1004:200,0,0
1561,A,30.950549804800957,0,,328,0
1562,U,30.95190110395004,-1,1006:200|1007:300|1008:200,0,0
1563,F,30.956064488357757,0,,323,200
1564,A,30.96465081490581,0,,321,0
1565,A,30.9674688181527,0,,318,0
1566,A,30.9939588506662,0,,328,0
1567,U,31.000659811069607,1,,0,0
1568,U,31.00109339463863,-1,1007:300,0,0
1569,A,31.007295214687417,0,,329,0
1570,A,31.06962564952859,0,,330,0
1571,A,31.072334638236658,0,,327,0
1572,U,31.08269816302056,-1,1007:100|1008:200,0,0
1573,A,31.13607369660787,0,,329,0
1574,U,31.187138335075044,1,1006:300|1005:100|1004:200,0,0
1575,U,31.224108354313582,-1,1008:100|1009:300,0,0
1576,U,31.26750173056084,1,1006:200,0,0
1577,F,31.344633280359684,0,,327,200
1578,A,31.366681047072632,0,,328,0
1579,U,31.36698153300524,1,1005:200|1004:100,0,0
1580,A,31.417946001155812,0,,332,0
1581,A,31.423594814918104,0,,321,0
1582,U,31.44046679420013,-1,1006:300|1007:300,0,0
1583,A,31.44144013141588,0,,335,0
1584,U,31.447217136003694,1,1004:100|1003:100|1002:100,0,0
1585,A,31.489838430679175,0,,322,0
1586,A,31.495806124156793,0,,331,0
1587,U,31.510273105905014,-1,1007:100|1008:200|1009:300,0,0
1588,U,31.512387539207833,-1,,0,0
1589,U,31.535056316426328,1,,0,0
1590,U,31.539575869166768,1,1004:100|1003:100,0,0
1591,A,31.54808702297359,0,,334,0
1592,A,31.587089776518955,0,,335,0
1593,U,31.609688717037578,-1,,0,0
1594,A,31.61267064814379,0,,334,0
1595,A,31.615572974860992,0,,327,0
1596,U,31.633226128894883,1,1005:100,0,0
1597,A,31.693476565240623,0,,333,0
1598,A,31.70085602673416,0,,336,0
1599,F,31.701646733455892,0,,331,200
1600,A,31.70257220788114,0,,322,0
1601,U,31.737477696717423,1,,0,0
1602,U,31.768672199775814,-1,1006:300,0,0
1603,U,31.79106419062849,1,1003:200|1002:200|1001:200,0,0
1604,A,31.799619658623957,0,,332,0
1605,A,31.803062277139304,0,,331,0
1606,U,31.803854752473907,1,1004:300,0,0
1607,A,31.81201563083039,0,,336,0
1608,A,31.839319347899963,0,,337,0
1609,F,31.85064284625958,0,,337,100
1610,U,31.859854929400786,1,1005:100,0,0
1611,U,31.865284591366784,-1,1007:300,0,0
1612,U,31.873617352027363,-1,1008:100,0,0
1613,A,31.896722004835084,0,,337,0
1614,F,31.91535630383167,0,,333,200
1615,U,31.91979405403352,1,1007:200|1006:100|1005:100,0,0
1616,A,31.91988336662581,0,,338,0
1617,F,31.93319630951,0,,338,100
1618,U,31.97336183705687,1,1007:300|1006:200|1005:300,0,0
1619,A,32.00694004655582,0,,339,0
1620,F,32.0497783001767,0,,338,100
1621,F,32.06900686544956,0,,339,100
1622,F,32.10106803211499,0,,339,200
1623,U,32.107891759622355,1,1007:100|1006:100|1005:100,0,0
1624,A,32.12497560077612,0,,340,0
1625,U,32.13084493509504,1,,0,0
1626,U,32.148736831651426,1,,0,0
1627,F,32.17736723198597,0,,340,200
1628,U,32.19492330286791,-1,1010:200|1011:100,0,0
1629,A,32.221405693108494,0,,341,0
1630,U,32.25277979322864,-1,1011:100,0,0
1631,U,32.27938795347928,1,,0,0
1632,U,32.31682256284784,-1,1009:200,0,0
1633,U,32.33908671250151,-1,1008:200|1009:200,0,0
1634,F,32.40053824555522,0,,341,200
1635,U,32.41190444682237,-1,,0,0
1636,A,32.4151380456656,0,,344,0
1637,F,32.440256181626644,0,,344,200
1638,A,32.468627031888204,0,,343,0
1639,A,32.47543325825305,0,,345,0
1640,U,32.48289466009984,1,1006:200|1005:200|1004:200,0,0
1641,F,32.5291660793012,0,,345,200
1642,F,32.560597222208074,0,,343,200
1643,U,32.58751374811116,-1,,0,0
1644,A,32.616096289688805,0,,346,0
1645,A,32.629579018762094,0,,347,0
1646,A,32.644916876215355,0,,342,0
1647,F,32.647314354661084,0,,342,200
1648,U,32.68582640951288,-1,,0,0
1649,F,32.69609243945414,0,,346,100
1650,U,32.760047118629274,1,1004:100|1003:100|1002:300,0,0
1651,U,32.76850809824796,1,1005:200|1004:200,0,0
1652,A,32.808820494355125,0,,347,0
1653,U,32.81932352289753,1,1005:100|1004:300|1003:300,0,0
1654,F,32.84520630117242,0,,347,200
1655,U,32.84938830484968,1,,0,0
1656,F,32.851512401976244,0,,346,200
1657,A,32.85235369727859,0,,349,0
1658,F,32.87089678419991,0,,349,100
1659,U,32.91025531235548,1,1005:200,0,0
1660,F,32.91050979625764,0,,349,200
1661,A,32.9179740027777,0,,348,0
1662,A,32.9306455882057,0,,350,0
1663,U,32.94229755534702,1,,0,0
1664,A,32.95512203625706,0,,351,0
1665,A,32.9906396314644,0,,350,0
1666,U,33.004050322485796,1,1004:200|1003:100,0,0
1667,U,33.02561215199076,1,1005:300|1004:200|1003:200,0,0
1668,U,33.032020781316234,1,1005:300,0,0
1669,U,33.085534952839666,-1,,0,0
1670,U,33.092771537353826,1,1005:300|1004:200|1003:200,0,0
1671,A,33.11494296550349,0,,354,0
1672,U,33.12316758766852,-1,1007:300|1008:300,0,0
1673,U,33.137436588484306,-1,1008:200|1009:300,0,0
1674,U,33.14429137306961,-1,1007:200|1008:100,0,0
1675,F,33.14627885882961,0,,354,200
1676,A,33.1683574468985,0,,355,0
1677,F,33.1810494419242,0,,355,200
1678,A,33.19982481431216,0,,352,0
1679,A,33.237199468888676,0,,353,0
1680,U,33.24716515400475,1,1004:200|1003:300,0,0
1681,U,33.263255586242664,-1,,0,0
1682,A,33.267821930571706,0,,348,0
1683,A,33.270158501090215,0,,352,0
1684,U,33.298378491283216,1,1006:200,0,0
1685,A,33.34887917049178,0,,355,0
1686,F,33.36077259508486,0,,353,100
1687,U,33.38516548192092,-1,1008:200,0,0
1688,A,33.392256573038686,0,,356,0
1689,F,33.394156936175364,0,,351,100
1690,U,33.44634641672112,-1,,0,0
1691,U,33.479498186196004,1,1006:200|1005:300,0,0
1692,U,33.4811837933164,-1,1008:200|1009:300,0,0
1693,U,33.5399044419966,-1,1007:200,0,0
1694,U,33.54109194565924,-1,,0,0
1695,U,33.54737934098436,1,1005:200|1004:200|1003:200,0,0
1696,U,33.60340371701129,1,1006:100|1005:200|1004:300,0,0
1697,U,33.61016507438066,1,1006:100,0,0
1698,U,33.61992900804067,1,1007:200,0,0
1699,U,33.62076728402978,1,1007:300|1006:300,0,0
1700,U,33.64734171587539,-1,,0,0
1701,U,33.64827346984003,1,1006:100|1005:100|1004:100,0,0
1702,U,33.68133680178911,-1,1007:100|1008:100,0,0
1703,A,33.71596744142466,0,,357,0
1704,U,33.73648534809775,-1,1006:100,0,0
1705,A,33.798304110967266,0,,356,0
1706,U,33.825390541025875,-1,,0,0
1707,A,33.854867415230565,0,,359,0
1708,A,33.963474364213454,0,,360,0
1709,U,34.00212205666989,1,1003:200|1002:300|1001:300,0,0
1710,A,34.046595282998254,0,,351,0
1711,A,34.04744961034252,0,,363,0
1712,F,34.06425263813024,0,,359,100
1713,F,34.08543679025192,0,,360,200
1714,F,34.091239436830236,0,,353,200
1715,U,34.11734406233132,-1,1004:200|1005:300|1006:200,0,0
1716,U,34.13214262661112,-1,1005:100|1006:100,0,0
1717,A,34.157103269161915,0,,365,0
1718,U,34.183601815427615,-1,1004:200|1005:100,0,0
1719,U,34.20506787338442,-1,1003:300,0,0
1720,A,34.20940666066403,0,,362,0
1721,U,34.2236439056499,1,1001:300,0,0
1722,F,34.2265992177101,0,,357,100
1723,F,34.24187216913879,0,,362,100
1724,U,34.250319732888045,-1,1004:100|1005:100,0,0
1725,U,34.30856255770614,1,1001:200|1000:200|999:300,0,0
1726,F,34.314962603287874,0,,363,200
1727,U,34.31890458355741,-1,,0,0
1728,F,34.333338129390555,0,,363,200
1729,F,34.334025967011904,0,,362,100
1730,A,34.34037656035786,0,,368,0
1731,U,34.340463009334286,1,,0,0
1732,A,34.35002044355189,0,,365,0
1733,U,34.39377441216983,1,,0,0
1734,U,34.401618298981866,1,,0,0
1735,A,34.507489350639084,0,,366,0
1736,U,34.57482497094149,-1,1002:300|1003:300|1004:200,0,0
1737,A,34.61112363746697,0,,358,0
1738,U,34.61517244831236,-1,,0,0
1739,U,34.63600087286687,1,,0,0
1740,U,34.678598615939755,1,,0,0
1741,A,34.700550987991726,0,,365,0
1742,F,34.705036956882196,0,,368,100
1743,U,34.712183158284176,-1,1002:300|1003:300|1004:200,0,0
1744,U,34.73867226674351,1,,0,0
1745,U,34.74826833862255,-1,1003:300|1004:100,0,0
1746,U,34.76093028227139,-1,,0,0
1747,F,34.76455774069072,0,,368,100
1748,U,34.77530513711524,1,1003:200|1002:300,0,0
1749,U,34.795453249157966,-1,,0,0
1750,A,34.81118178960638,0,,370,0
1751,A,34.85170342850014,0,,361,0
1752,F,34.99208833712904,0,,366,200
1753,A,34.99273933185118,0,,371,0
1754,A,35.030333823737465,0,,366,0
1755,U,35.0579726464419,-1,1005:100|1006:200|1007:100,0,0
1756,F,35.090213883005575,0,,370,100
1757,U,35.1039681510886,1,1003:300|1002:300,0,0
1758,A,35.113461012246994,0,,358,0
1759,A,35.1304044048997,0,,369,0
1760,F,35.1356055956853,0,,361,200
1761,U,35.20425936766264,1,1003:300|1002:100,0,0
1762,U,35.24206494881593,1,1003:200|1002:100,0,0
1763,U,35.257801083176595,-1,1006:300,0,0
1764,F,35.28136863234239,0,,370,200
1765,F,35.28463520478037,0,,371,100
1766,U,35.30179506720353,1,1004:200|1003:300,0,0
1767,U,35.333346042851836,-1,,0,0
1768,U,35.34923510829098,-1,1006:200|1007:100,0,0
1769,A,35.368776125250896,0,,374,0
1770,U,35.405151286310435,-1,1006:200|1007:300|1008:100,0,0
1771,F,35.42049349658644,0,,374,200
1772,A,35.423455262053444,0,,373,0
1773,A,35.45362009538345,0,,364,0
1774,F,35.45580008979033,0,,373,200
1775,F,35.47456559696807,0,,373,200
1776,U,35.50398519310106,-1,1005:300|1006:300|1007:300,0,0
1777,A,35.50799348400444,0,,368,0
1778,F,35.51001213113397,0,,369,200
1779,U,35.511045797380866,-1,1005:300|1006:200|1007:100,0,0
1780,U,35.53497864652953,1,1003:100|1002:300|1001:200,0,0
1781,A,35.552001331113935,0,,376,0
1782,U,35.592743266214185,1,,0,0
1783,U,35.598646286630476,-1,1005:200|1006:200,0,0
1784,F,35.64777476459601,0,,376,200
1785,A,35.65025752333967,0,,380,0
1786,A,35.65441681281257,0,,379,0
1787,A,35.674316779130244,0,,371,0
1788,U,35.69551416274129,-1,1005:200|1006:100,0,0
1789,A,35.70135243263672,0,,372,0
1790,A,35.770016667959034,0,,379,0
1791,U,35.779878427970196,1,1003:200|1002:100,0,0
1792,U,35.80662275498569,1,,0,0
1793,A,35.823867183852,0,,380,0
1794,F,35.83489746944571,0,,380,200
1795,U,35.90154355193618,-1,1005:200|1006:100|1007:300,0,0
1796,F,35.91032376925611,0,,372,200
1797,A,35.912292659023436,0,,381,0
1798,U,35.942542540753415,-1,1004:100|1005:100|1006:300,0,0
1799,U,36.01538477781646,1,1001:100|1000:300,0,0
1800,U,36.11559258982514,-1,1003:200,0,0
1801,U,36.12413503542018,-1,1003:300|1004:100|1005:200,0,0
1802,A,36.13815274010335,0,,378,0
1803,A,36.13862214549723,0,,382,0
1804,U,36.170626963939235,-1,1004:200,0,0
1805,F,36.18787825777473,0,,381,100
1806,U,36.213102736977596,-1,,0,0
1807,U,36.27162506485614,-1,1004:200|1005:100|1006:300,0,0
1808,A,36.28794285218576,0,,367,0
1809,A,36.36391098064503,0,,377,0
1810,A,36.368606361967984,0,,378,0
1811,U,36.37115113809001,-1,1005:200|1006:300,0,0
1812,U,36.39728592941876,-1,1004:200|1005:300|1006:300,0,0
1813,F,36.41646050069643,0,,377,200
1814,A,36.417733688949646,0,,381,0
1815,F,36.46315398590606,0,,382,200
1816,A,36.4819199029504,0,,375,0
1817,A,36.49403436874717,0,,383,0
1818,A,36.51100928558832,0,,384,0
1819,U,36.53530468252726,-1,,0,0
1820,U,36.591677825755596,1,,0,0
1821,F,36.59924799991437,0,,384,100
1822,A,36.63853063588621,0,,375,0
1823,A,36.64836906642413,0,,383,0
1824,U,36.66967721123659,1,,0,0
1825,F,36.68820794094756,0,,367,100
1826,A,36.68937069189031,0,,385,0
1827,U,36.700643891367655,-1,1005:300,0,0
1828,U,36.706468955371584,1,1002:200,0,0
1829,F,36.707350591743534,0,,367,200
1830,A,36.71276457771608,0,,386,0
1831,A,36.73190339824127,0,,364,0
1832,F,36.73421699719632,0,,385,200
1833,U,36.7394438484233,-1,1004:300|1005:300,0,0
1834,A,36.77578979351835,0,,387,0
1835,U,36.78946252170395,-1,,0,0
1836,A,36.804337842784335,0,,387,0
1837,U,36.84955462956792,-1,,0,0
1838,U,36.85361164886446,1,1002:100|1001:300|1000:200,0,0
1839,A,36.8671093275947,0,,385,0
1840,A,36.89619637411796,0,,389,0
1841,U,36.91723646575598,1,1002:300|1001:200|1000:100,0,0
1842,U,36.92789328190968,1,1003:200|1002:200,0,0
1843,U,36.950601836901264,-1,1006:100|1007:200|1008:100,0,0
1844,F,36.974247978366776,0,,364,200
1845,U,36.99595535978993,-1,1006:300|1007:300,0,0
1846,U,37.0234317797183,-1,1006:100|1007:300,0,0
1847,A,37.06215569786384,0,,390,0
1848,F,37.08838270400805,0,,390,200
1849,U,37.12430374550781,-1,1007:300|1008:200,0,0
1850,U,37.12799362960888,1,1006:300|1005:100|1004:200,0,0
1851,A,37.13909634653886,0,,393,0
1852,A,37.1519005665516,0,,388,0
1853,A,37.16087061132264,0,,391,0
1854,U,37.176724863952884,-1,1009:300|1010:300,0,0
1855,U,37.212107040987995,1,,0,0
1856,A,37.21532001911564,0,,393,0
1857,U,37.21838121707939,-1,1011:100|1012:200|1013:100,0,0
1858,U,37.243785157271255,-1,1012:100,0,0
1859,A,37.27430047922478,0,,392,0
1860,U,37.2755305377838,-1,1012:300|1013:100,0,0
1861,U,37.275983617623694,1,1011:200,0,0
1862,U,37.294159645879766,-1,1013:200,0,0
1863,F,37.29782310077551,0,,388,200
1864,U,37.427597066604584,-1,1012:100|1013:200|1014:300,0,0
1865,U,37.43044840248313,1,1009:100|1008:100|1007:200,0,0
1866,U,37.44049665285997,1,,0,0
1867,U,37.44144671304133,1,1009:300|1008:300,0,0
1868,A,37.46813155810841,0,,397,0
1869,A,37.47941241239512,0,,386,0
1870,F,37.517765714941554,0,,397,200
1871,U,37.562387835214594,1,1008:200|1007:100,0,0
1872,A,37.572621314479825,0,,394,0
1873,U,37.5748100109986,1,1009:100|1008:200,0,0
1874,F,37.57720441594985,0,,391,100
1875,U,37.60499245184747,1,1008:100|1007:100,0,0
1876,U,37.63194389575928,-1,1010:100,0,0
1877,U,37.6547004087164,-1,1010:100,0,0
1878,U,37.65543953536326,-1,1009:200|1010:100|1011:100,0,0
1879,A,37.68141655558131,0,,395,0
1880,A,37.69946314053071,0,,391,0
1881,U,37.7311534907625,-1,1010:100|1011:100,0,0
1882,U,37.74058073186288,1,1007:300|1006:300,0,0
1883,A,37.75006926589831,0,,396,0
1884,A,37.793060446159195,0,,394,0
1885,A,37.83329110192532,0,,392,0
1886,F,37.85305449689152,0,,397,100
1887,A,37.877501719605235,0,,386,0
1888,U,37.89480768655667,-1,1008:200|1009:300,0,0
1889,U,37.90885775067959,-1,1008:300|1009:100|1010:300,0,0
1890,U,37.91409560146048,1,1005:300,0,0
1891,U,37.92117281315854,1,1006:200|1005:100|1004:200,0,0
1892,U,37.92620121198569,-1,1009:100,0,0
1893,A,37.92655433940586,0,,399,0
1894,A,37.93476327464893,0,,398,0
1895,U,37.935416644111186,-1,1010:300|1011:100,0,0
1896,U,37.938770266721114,-1,1009:300,0,0
1897,F,38.00592652484903,0,,398,200
1898,A,38.0315090731216,0,,401,0
1899,A,38.064159700041714,0,,389,0
1900,A,38.06865469255038,0,,402,0
1901,U,38.07207050484414,1,1006:300|1005:200|1004:100,0,0
1902,U,38.1018614984316,-1,1007:300|1008:100,0,0
1903,A,38.10368894806029,0,,401,0
1904,A,38.11731818368619,0,,403,0
1905,A,38.125447743506655,0,,395,0
1906,A,38.139520389464195,0,,400,0
1907,A,38.14165050863563,0,,396,0
1908,A,38.16159643021201,0,,389,0
1909,F,38.16867050261844,0,,399,100
1910,U,38.17632889794542,-1,,0,0
1911,U,38.182868092140325,1,1004:100|1003:300,0,0
1912,U,38.188351504762274,-1,1007:300|1008:100,0,0
1913,U,38.1944579086035,-1,1007:200|1008:100|1009:100,0,0
1914,U,38.22286144949456,-1,1006:300|1007:300,0,0
1915,U,38.223940026644485,-1,1007:100|1008:100|1009:100,0,0
1916,A,38.224819028998915,0,,402,0
1917,A,38.27336162944435,0,,400,0
1918,F,38.30769885951164,0,,403,200
1919,U,38.325369971376446,1,1006:200,0,0
1920,U,38.34845453637301,-1,,0,0
1921,F,38.35635880492353,0,,403,100
1922,A,38.36230270991465,0,,404,0
1923,F,38.366494252929826,0,,404,100
1924,U,38.38946230803542,-1,,0,0
1925,U,38.42417205279043,-1,1009:200|1010:300,0,0
1926,U,38.42950317642229,-1,1009:200|1010:300,0,0
1927,U,38.44570213890373,1,1006:100|1005:300,0,0
1928,U,38.4575236673101,-1,,0,0
1929,U,38.50754784228635,-1,,0,0
1930,U,38.52629978628838,-1,,0,0
1931,A,38.55279530054996,0,,407,0
1932,A,38.57350870764482,0,,406,0
1933,A,38.58740817895289,0,,405,0
1934,A,38.59949648748091,0,,408,0
1935,U,38.60652440083943,-1,1006:300,0,0
1936,A,38.6129653142211,0,,406,0
1937,U,38.618104104823416,-1,1006:200,0,0
1938,U,38.67415299233088,1,1005:200|1004:300,0,0
1939,A,38.733088711156604,0,,409,0
1940,A,38.78754585292337,0,,405,0
1941,F,38.79409905742025,0,,409,100
1942,U,38.795791714676675,1,1005:100,0,0
1943,U,38.82541917612095,-1,1008:100,0,0
1944,F,38.8443228268715,0,,407,200
1945,U,38.877807950873596,1,1005:300|1004:100,0,0
1946,U,38.91270810211069,1,,0,0
1947,A,38.940858181906215,0,,408,0
1948,F,38.95780820824186,0,,409,100
1949,U,38.97100807920361,1,1005:200|1004:200,0,0
1950,U,38.97860098354954,-1,1008:300|1009:100,0,0
1951,F,38.97934100470277,0,,409,100
1952,U,38.99918425627022,1,1005:100|1004:300,0,0
1953,A,39.00640900103976,0,,413,0
1954,U,39.03018164922265,-1,,0,0
1955,U,39.04322324691283,-1,1006:200,0,0
1956,U,39.05143623001606,-1,1007:200|1008:100|1009:200,0,0
1957,F,39.06008505561684,0,,413,100
1958,U,39.08702264288058,-1,1008:100,0,0
1959,U,39.091134359192026,-1,1009:200|1010:300,0,0
1960,A,39.10239708306003,0,,415,0
1961,U,39.11805375610227,1,1007:100,0,0
1962,U,39.11916997917021,1,1006:300,0,0
1963,A,39.158100714574985,0,,414,0
1964,U,39.17145723108677,-1,,0,0
1965,U,39.17373965925807,1,1006:200|1005:300,0,0
1966,A,39.17967807253271,0,,414,0
1967,U,39.18737776353039,-1,1009:300,0,0
1968,A,39.19016924611679,0,,415,0
1969,A,39.20039469607821,0,,416,0
1970,U,39.248642948789076,-1,1009:300|1010:200,0,0
1971,A,39.25363390739811,0,,417,0
1972,U,39.345376958872635,-1,1008:300,0,0
1973,F,39.37637289495659,0,,416,200
1974,A,39.40376519075351,0,,412,0
1975,A,39.418443542146704,0,,417,0
1976,A,39.430461591769735,0,,410,0
1977,F,39.43906482933062,0,,410,200
1978,A,39.43949147296281,0,,411,0
1979,F,39.50343231730105,0,,412,100
1980,F,39.52895763727038,0,,411,200
1981,F,39.55229524277212,0,,411,100
1982,U,39.56653702709564,-1,1009:100|1010:200|1011:100,0,0
1983,A,39.5678481741647,0,,418,0
1984,A,39.57163802356411,0,,419,0
1985,U,39.57520451658774,1,,0,0
1986,U,39.59318327511722,1,1006:300|1005:100|1004:200,0,0
1987,A,39.59774488357107,0,,420,0
1988,U,39.60043644235409,-1,,0,0
1989,A,39.61155696567181,0,,421,0
1990,A,39.61813745997281,0,,422,0
1991,F,39.61948059774741,0,,420,200
1992,U,39.67033025616893,1,1007:300|1006:300|1005:300,0,0
1993,A,39.7385489524865,0,,423,0
1994,F,39.74891928725532,0,,422,200
1995,F,39.78686918743321,0,,418,100
1996,F,39.794449796662015,0,,421,100
1997,F,39.81036991402825,0,,419,200
1998,F,39.841289089118234,0,,423,100
1999,U,39.84468800595679,1,1008:300|1007:200,0,0
2000,U,39.89183300716324,1,1007:300|1006:200|1005:300,0,0
2001,U,39.896235507248875,-1,1009:100|1010:200,0,0
2002,A,39.90554305834735,0,,426,0
2003,U,39.92782092100534,1,1008:100|1007:100|1006:100,0,0
2004,U,39.941033370968206,-1,,0,0
2005,U,39.97811717432857,1,1006:200|1005:200,0,0
2006,U,39.97818208889401,-1,1008:300,0,0
2007,F,39.981461969879845,0,,423,100
2008,A,39.98314898106703,0,,427,0
2009,A,39.992592419567565,0,,425,0
2010,U,40.016025115314214,-1,1009:100|1010:300|1011:300,0,0
2011,A,40.026033469332134,0,,426,0
2012,U,40.034151102373286,1,1007:200|1006:100,0,0
2013,F,40.04400124867431,0,,421,100
2014,U,40.048749524082076,-1,1010:300|1011:200,0,0
2015,A,40.04908532604875,0,,429,0
2016,A,40.06009935361234,0,,428,0
2017,U,40.156556932358285,1,1007:100|1006:200|1005:300,0,0
2018,F,40.166957772408175,0,,421,100
2019,U,40.180587251206504,1,1008:300|1007:200|1006:200,0,0
2020,A,40.19430706083586,0,,424,0
2021,F,40.208901923287215,0,,427,100
2022,F,40.20919047874656,0,,428,200
2023,F,40.21373305515598,0,,426,100
2024,A,40.216934211609534,0,,425,0
2025,F,40.22774497220939,0,,425,200
2026,A,40.22894927246485,0,,430,0
2027,F,40.229369692408426,0,,430,200
2028,F,40.24977158921016,0,,428,200
2029,U,40.279357138926684,-1,,0,0
2030,U,40.306651055986976,1,1007:300,0,0
2031,A,40.37844345824106,0,,426,0
2032,A,40.392527614253886,0,,429,0
2033,U,40.39319364571787,1,,0,0
2034,F,40.42069830909493,0,,424,100
2035,U,40.43489653229191,1,1008:300,0,0
2036,A,40.450726687326494,0,,424,0
2037,A,40.453968503311934,0,,431,0
2038,U,40.46111329467945,-1,1011:200|1012:100,0,0
2039,U,40.473866630177135,-1,1012:200,0,0
2040,U,40.47672742469611,-1,,0,0
2041,A,40.48891769881554,0,,433,0
2042,U,40.52383464615412,1,,0,0
2043,F,40.52932491006344,0,,433,200
2044,F,40.54044181224939,0,,431,100
2045,U,40.608079639065274,-1,1009:100,0,0
2046,A,40.62802127469024,0,,431,0
2047,U,40.68610021210172,1,1007:100,0,0
2048,A,40.68660126929398,0,,435,0
2049,A,40.688705897849694,0,,434,0
2050,A,40.739702454717545,0,,432,0
2051,F,40.75595499712056,0,,435,200
2052,F,40.772367884301424,0,,432,100
2053,F,40.78874002959727,0,,434,200
2054,F,40.799959678459366,0,,432,100
2055,U,40.80021381052264,-1,1009:200|1010:200,0,0
2056,A,40.83909270253637,0,,436,0
2057,A,40.841307786415406,0,,437,0
2058,F,40.84787993472679,0,,436,100
2059,F,40.856284576017735,0,,436,100
2060,F,40.856410560315844,0,,437,200
2061,U,40.87222510897162,1,1007:300|1006:300,0,0
2062,U,40.903640092052505,1,,0,0
2063,U,40.91706570686396,1,,0,0
2064,A,40.94284694042752,0,,439,0
2065,U,40.95638651692382,-1,1011:100|1012:200,0,0
2066,U,40.96994250786124,1,1008:300,0,0
2067,U,40.97599076073035,1,1007:100|1006:100,0,0
2068,U,40.9967281827622,1,1006:200|1005:200,0,0
2069,A,41.00191552236033,0,,440,0
2070,F,41.03237406928467,0,,440,200
2071,U,41.03743534528252,-1,1008:100|1009:200|1010:200,0,0
2072,F,41.045364530692176,0,,439,200
2073,U,41.05051867073735,-1,1008:300|1009:100,0,0
2074,A,41.070556930042585,0,,441,0
2075,A,41.07308074417632,0,,439,0
2076,U,41.10390318273121,1,1006:100|1005:300|1004:100,0,0
2077,U,41.11439369876755,-1,1007:200|1008:300,0,0
2078,A,41.120901953256684,0,,438,0
2079,A,41.12316670737402,0,,443,0
2080,A,41.13701948502155,0,,444,0
2081,A,41.1728124422417,0,,442,0
2082,F,41.176469629517946,0,,444,100
2083,F,41.191177674072684,0,,442,100
2084,F,41.192328743209075,0,,441,200
2085,U,41.21386434328417,-1,,0,0
2086,A,41.215558951223166,0,,443,0
2087,U,41.224925861245644,1,1005:200|1004:100|1003:300,0,0
2088,A,41.2441607583863,0,,438,0
2089,F,41.2791680845098,0,,442,200
2090,F,41.29313090543579,0,,444,200
2091,U,41.3054624132922,-1,1006:300|1007:300|1008:100,0,0
2092,U,41.34709908691764,1,1003:200,0,0
2093,U,41.34771170260039,-1,,0,0
2094,A,41.425439834203594,0,,445,0
2095,U,41.42868539889932,1,1002:300|1001:300|1000:300,0,0
2096,U,41.45358375769339,1,1002:100,0,0
2097,A,41.47020366921966,0,,447,0
2098,U,41.484205965952505,-1,1003:100|1004:100,0,0
2099,F,41.49428711575226,0,,445,200
2100,A,41.502120352867564,0,,448,0
2101,U,41.51512468228924,1,1000:100|999:300|998:200,0,0
2102,F,41.515642970912005,0,,448,100
2103,U,41.517656753411835,1,1001:200|1000:300,0,0
2104,U,41.53372456163186,1,1001:100|1000:300|999:200,0,0
2105,A,41.60246631476518,0,,446,0
2106,A,41.63211283503791,0,,447,0
2107,U,41.63773085752566,-1,1002:300|1003:100,0,0
2108,U,41.65619027878232,1,1000:300|999:100|998:300,0,0
2109,A,41.66028007332847,0,,445,0
2110,U,41.66121582770342,1,999:200,0,0
2111,A,41.674246763056075,0,,446,0
2112,U,41.67710696671801,-1,1002:300|1003:200|1004:300,0,0
2113,U,41.677761157880646,1,1000:100,0,0
2114,A,41.68836343070529,0,,450,0
2115,U,41.69133108955728,-1,1001:200|1002:300|1003:300,0,0
2116,U,41.7021490118757,1,998:200|997:100,0,0
2117,A,41.75531868829874,0,,451,0
2118,A,41.78358320693941,0,,449,0
2119,U,41.80587012640505,-1,,0,0
2120,F,41.808637145167744,0,,450,200
2121,U,41.82058913080357,-1,999:300|1000:200,0,0
2122,U,41.82364656257036,1,996:300|995:300|994:300,0,0
2123,U,41.84279353291083,-1,998:100,0,0
2124,U,41.84288532538521,-1,,0,0
2125,U,41.8578777803415,-1,,0,0
2126,U,41.86268694012359,-1,997:300|998:200|999:200,0,0
2127,F,41.9267903147281,0,,449,200
2128,U,41.94041900088927,1,,0,0
2129,U,41.9659391204486,1,993:300|992:100|991:300,0,0
2130,A,41.966743850018865,0,,448,0
2131,A,41.969006582788204,0,,449,0
2132,A,41.97965415261205,0,,451,0
2133,A,42.172710467299,0,,452,0
2134,F,42.17799747143856,0,,452,100
2135,F,42.18926412810784,0,,452,200
2136,U,42.21248643263911,-1,995:100|996:300,0,0
2137,U,42.27815734151681,1,,0,0
2138,U,42.29645734528277,-1,995:200|996:300,0,0
2139,A,42.29801766586433,0,,453,0
2140,U,42.309881552111605,1,992:100|991:300,0,0
2141,U,42.3441114706111,-1,,0,0
2142,U,42.351422856630855,-1,994:100|995:200,0,0
2143,U,42.35974280027221,1,,0,0
2144,F,42.36085228774933,0,,453,200
2145,A,42.38348488396357,0,,454,0
2146,A,42.3917061958332,0,,458,0
2147,U,42.410747663414206,1,992:200|991:100,0,0
2148,U,42.43893117749566,-1,994:100,0,0
2149,A,42.51609321307351,0,,457,0
2150,U,42.547009671718115,1,993:100|992:300|991:300,0,0
2151,A,42.588416535169635,0,,456,0
2152,U,42.60849261852604,-1,,0,0
2153,A,42.66137267578767,0,,454,0
2154,U,42.66389623881404,-1,996:300|997:300|998:100,0,0
2155,F,42.66720369865779,0,,456,200
2156,A,42.69034215845411,0,,455,0
2157,A,42.70162048829618,0,,461,0
2158,U,42.73586160703638,-1,,0,0
2159,A,42.77961721159194,0,,458,0
2160,U,42.81551907464284,1,992:200|991:200,0,0
2161,A,42.85396924018385,0,,459,0
2162,U,42.86355302187906,1,992:200,0,0
2163,A,42.86492368191146,0,,457,0
2164,A,42.91705746587825,0,,463,0
2165,U,42.91902802492688,-1,993:100|994:100|995:200,0,0
2166,U,42.93753060322899,-1,992:200|993:100|994:300,0,0
2167,A,42.972195610116636,0,,455,0
2168,A,43.015326555105354,0,,465,0
2169,U,43.035923386633314,-1,993:200,0,0
2170,U,43.06076697386138,-1,,0,0
2171,A,43.06181860905942,0,,462,0
2172,A,43.098836488713545,0,,465,0
2173,A,43.1034302910315,0,,461,0
2174,U,43.1257783248591,1,,0,0
2175,U,43.129061209866585,1,,0,0
2176,U,43.17230498695968,-1,992:100,0,0
2177,U,43.183590811817346,1,991:200|990:100,0,0
2178,U,43.19087276033427,1,991:200|990:200|989:200,0,0
2179,F,43.19136933183975,0,,462,100
2180,A,43.21086461889988,0,,459,0
2181,U,43.22505587924132,-1,994:100|995:200|996:200,0,0
2182,F,43.23377710169417,0,,456,200
2183,A,43.24893672961204,0,,467,0
2184,U,43.26596190028846,-1,993:100,0,0
2185,U,43.289948176637836,-1,,0,0
2186,U,43.35112405646726,-1,992:200,0,0
2187,F,43.361790880572485,0,,463,100
2188,A,43.36213924382992,0,,467,0
2189,A,43.44277707226101,0,,466,0
2190,A,43.44311549182944,0,,460,0
2191,A,43.45487937886701,0,,464,0
2192,U,43.46916602023182,1,989:100,0,0
2193,A,43.48627580784875,0,,468,0
2194,F,43.48925036864252,0,,460,100
2195,U,43.517814113059146,-1,991:300|992:300|993:300,0,0
2196,U,43.58918431767325,-1,,0,0
2197,A,43.613493321446974,0,,460,0
2198,U,43.664684730174265,1,987:100,0,0
2199,U,43.7311394368805,1,986:100,0,0
2200,U,43.736608673932274,-1,988:100,0,0
2201,U,43.75384648127517,-1,,0,0
2202,F,43.75642901407982,0,,468,100
2203,A,43.793834364220494,0,,464,0
2204,U,43.83854415741771,1,,0,0
2205,U,43.84543859363037,1,985:200|984:300|983:300,0,0
2206,U,43.85273810779199,1,985:200|984:100,0,0
2207,F,43.85731954083566,0,,466,200
2208,A,43.88363476953732,0,,470,0
2209,F,43.885896402487035,0,,468,100
2210,U,43.88937850864907,1,985:100,0,0
2211,U,43.89463674347992,-1,,0,0
2212,F,43.92446550824757,0,,470,200
2213,U,43.9431107063447,-1,986:100|987:100|988:100,0,0
2214,A,43.944073707418035,0,,473,0
2215,A,43.94683717804,0,,475,0
2216,A,43.98105034952663,0,,469,0
2217,U,43.989739994519226,1,984:200,0,0
2218,U,43.99785328740455,-1,985:200|986:300,0,0
2219,U,44.01086642608635,1,982:200|981:100,0,0
2220,F,44.03969637583598,0,,475,100
2221,U,44.09560980571999,-1,,0,0
2222,U,44.123221301520694,-1,984:100,0,0
2223,A,44.14600808954545,0,,469,0
2224,A,44.14798792807959,0,,476,0
2225,A,44.178126989168184,0,,474,0
2226,F,44.182859676581764,0,,476,200
2227,A,44.19178268546609,0,,472,0
2228,A,44.20457921297496,0,,471,0
2229,F,44.31124870595662,0,,474,100
2230,F,44.33413080999526,0,,473,100
2231,F,44.336989777212274,0,,471,200
2232,U,44.346868507330335,-1,985:100|986:300|987:300,0,0
2233,A,44.35520507899199,0,,479,0
2234,U,44.359585640047165,-1,985:100,0,0
2235,U,44.36703597603182,-1,,0,0
2236,A,44.37822456685789,0,,478,0
2237,A,44.396566919605405,0,,477,0
2238,U,44.41836697341567,-1,,0,0
2239,A,44.421045252951444,0,,478,0
2240,U,44.42978153299412,1,984:300|983:300|982:300,0,0
2241,A,44.43305505198637,0,,479,0
2242,A,44.43942268061954,0,,477,0
2243,U,44.48002827789816,1,983:300|982:200|981:100,0,0
2244,U,44.5261622840072,-1,986:100|987:100|988:200,0,0
2245,F,44.57348234280019,0,,473,100
2246,U,44.57826822412172,-1,,0,0
2247,F,44.6277784945374,0,,472,100
2248,F,44.64023058971594,0,,474,200
2249,U,44.666924842761816,-1,985:200|986:100|987:300,0,0
2250,A,44.66748905150527,0,,482,0
2251,U,44.670000859758645,-1,985:200,0,0
2252,U,44.71238922064995,1,982:300|981:300,0,0
2253,U,44.76196912944814,1,982:200|981:200,0,0
2254,F,44.77674375211588,0,,482,200
2255,U,44.77715483431463,-1,984:100|985:200,0,0
2256,A,44.805276635341095,0,,481,0
2257,U,44.82190721338426,1,983:300,0,0
2258,F,44.87298664849101,0,,482,100
2259,U,44.90789123621723,1,984:200,0,0
2260,A,44.91078049729104,0,,480,0
2261,A,44.92062024188272,0,,486,0
2262,A,44.9383630147382,0,,483,0
2263,A,44.9879374283767,0,,484,0
2264,U,44.993573060936164,-1,987:300,0,0
2265,A,45.020243093634015,0,,485,0
2266,F,45.02411570905009,0,,480,200
2267,A,45.02770448635015,0,,481,0
2268,F,45.03379496202153,0,,483,200
2269,U,45.03398252161077,-1,986:100,0,0
2270,U,45.03809572538235,1,983:200,0,0
2271,U,45.0423675163081,-1,,0,0
2272,A,45.047835792664856,0,,487,0
2273,U,45.05757976487262,1,,0,0
2274,U,45.0759679731211,1,,0,0
2275,A,45.08149062285028,0,,486,0
2276,U,45.099638040064434,1,983:300|982:300|981:300,0,0
2277,F,45.12356642470662,0,,487,200
2278,U,45.125880630606574,1,982:200|981:200|980:200,0,0
2279,A,45.15471237263562,0,,488,0
2280,F,45.166549454313326,0,,488,200
2281,U,45.16825683804327,-1,983:200|984:200|985:100,0,0
2282,U,45.17016383455788,1,982:300|981:300|980:200,0,0
2283,F,45.216196752133996,0,,485,200
2284,U,45.2238384493801,1,981:300,0,0
2285,A,45.24044013822557,0,,485,0
2286,U,45.252199307496376,-1,,0,0
2287,U,45.261346493753365,1,,0,0
2288,U,45.27924020136637,-1,,0,0
2289,U,45.28077846922383,-1,983:100|984:200,0,0
2290,F,45.29992175483856,0,,484,200
2291,A,45.307388352372186,0,,489,0
2292,U,45.33666337775704,-1,982:200|983:300|984:100,0,0
2293,U,45.37426932095089,-1,,0,0
2294,A,45.38625395218906,0,,490,0
2295,U,45.44157710080649,-1,,0,0
2296,U,45.442317398164505,1,981:100,0,0
2297,A,45.45773340267933,0,,483,0
2298,U,45.46882426115134,1,980:100,0,0
2299,U,45.488007454401846,1,980:300|979:300|978:200,0,0
2300,U,45.55077451390821,1,,0,0
2301,U,45.568078219873996,-1,983:200|984:100|985:100,0,0
2302,U,45.569655558709975,-1,982:100,0,0
2303,U,45.617126965133764,1,981:300|980:300|979:200,0,0
2304,U,45.64698317596276,1,980:100|979:200|978:100,0,0
2305,F,45.66149684722133,0,,490,200
2306,A,45.66875832494498,0,,495,0
2307,A,45.67135539662325,0,,489,0
2308,F,45.67477486080946,0,,495,200
2309,A,45.68127747740668,0,,494,0
2310,A,45.70841675508993,0,,491,0
2311,A,45.717159483350116,0,,493,0
2312,A,45.728512304982935,0,,492,0
2313,U,45.75548396018151,1,981:300,0,0
2314,U,45.768135525948686,-1,984:200,0,0
2315,A,45.80819156937362,0,,491,0
2316,U,45.82109833744719,1,981:200,0,0
2317,A,45.84455817250135,0,,493,0
2318,A,45.85225460603871,0,,494,0
2319,F,45.85915804734695,0,,494,100
2320,U,45.876015448758295,1,980:300|979:100,0,0
2321,F,45.89392687319932,0,,492,200
2322,F,45.92306512818432,0,,494,100
2323,A,45.933563165348254,0,,496,0
2324,F,45.957988512049155,0,,496,100
2325,U,45.994584633270485,1,980:100|979:200|978:100,0,0
2326,U,46.00037854514619,1,981:300|980:200|979:300,0,0
2327,U,46.07595711709259,1,980:200|979:100|978:100,0,0
2328,U,46.07690624922741,1,,0,0
2329,U,46.12492252449187,-1,,0,0
2330,A,46.16150696003899,0,,500,0
2331,A,46.16349945740875,0,,498,0
2332,F,46.174177679564615,0,,500,100
2333,U,46.18206537902117,1,981:200,0,0
2334,F,46.203992282375445,0,,498,200
2335,A,46.21794260018004,0,,497,0
2336,F,46.23256247881991,0,,497,100
2337,A,46.24839265248982,0,,499,0
2338,U,46.271824653236564,-1,983:300|984:100,0,0
2339,F,46.277111836865735,0,,499,100
2340,U,46.332282372059666,-1,984:100|985:100|986:100,0,0
2341,U,46.357119719986095,-1,,0,0
2342,U,46.44122922518857,-1,985:100|986:200,0,0
2343,U,46.45035479118015,1,982:300,0,0
2344,U,46.46006752485951,-1,985:100|986:200|987:200,0,0
2345,U,46.47843953954171,1,984:100|983:100|982:100,0,0
2346,U,46.53591231740253,-1,985:200|986:300,0,0
2347,F,46.54081889112965,0,,499,200
2348,A,46.595221063529664,0,,505,0
2349,F,46.606250374365956,0,,505,100
2350,U,46.614968385904376,-1,,0,0
2351,U,46.619680046040436,-1,985:200,0,0
2352,U,46.65322911587785,-1,984:200|985:300|986:100,0,0
2353,A,46.65359653135964,0,,506,0
2354,U,46.773850702918885,-1,984:100,0,0
2355,A,46.78249700296414,0,,505,0
2356,A,46.786082549631935,0,,501,0
2357,F,46.805512972852746,0,,506,100
2358,U,46.82635229230935,-1,985:100|986:300|987:100,0,0
2359,A,46.86810470536339,0,,502,0
2360,A,46.868188092018876,0,,503,0
2361,U,46.885858417954665,-1,,0,0
2362,U,46.89004584070975,-1,986:200|987:100,0,0
2363,A,46.90938251643773,0,,502,0
2364,U,46.91294604480627,-1,987:300|988:300,0,0
2365,U,46.9380649176592,1,986:100,0,0
2366,A,46.943054710090706,0,,504,0
2367,U,46.9498358523563,-1,988:300,0,0
2368,U,46.96266802876184,-1,,0,0
2369,A,46.9641842885047,0,,504,0
2370,U,47.00244000550402,1,986:100,0,0
2371,A,47.014367780199095,0,,509,0
2372,U,47.04291068325088,1,987:300,0,0
2373,U,47.05886296727745,1,988:200|987:200,0,0
2374,A,47.09871430154702,0,,510,0
2375,U,47.14739346535671,1,989:300,0,0
2376,A,47.16303461766848,0,,501,0
2377,A,47.16453302151143,0,,503,0
2378,A,47.17359075870224,0,,507,0
2379,A,47.174687316840505,0,,512,0
2380,A,47.1833780843697,0,,508,0
2381,F,47.187999954494806,0,,507,200
2382,U,47.1971198878623,1,990:300|989:300|988:200,0,0
2383,U,47.22475813249898,-1,992:100|993:300|994:100,0,0
2384,U,47.231748459793124,-1,991:100|992:100,0,0
2385,U,47.25656230838624,-1,,0,0
2386,F,47.296586995795856,0,,510,200
2387,A,47.29860553766718,0,,513,0
2388,A,47.29887130730629,0,,511,0
2389,U,47.30054929408397,-1,991:100|992:100,0,0
2390,U,47.33509026810899,1,989:300|988:300,0,0
2391,A,47.363417294217044,0,,509,0
2392,A,47.3901889797266,0,,514,0
2393,F,47.400813013872565,0,,513,100
2394,U,47.4728486250787,1,989:100,0,0
2395,F,47.50863686062487,0,,513,200
2396,U,47.50988843299748,1,990:300,0,0
2397,F,47.518783448698386,0,,514,100
2398,A,47.53879428588507,0,,512,0
2399,F,47.57521902813847,0,,514,200
2400,F,47.667727112734205,0,,508,100
2401,U,47.66991122811144,1,,0,0
2402,U,47.713797446879774,-1,992:300|993:200,0,0
2403,A,47.7369377021223,0,,515,0
2404,A,47.80457572111156,0,,511,0
2405,U,47.82189436486735,-1,,0,0
2406,F,47.87002403053093,0,,515,200
2407,A,47.875166234734934,0,,516,0
2408,A,47.914680745983546,0,,515,0
2409,F,47.91769001795879,0,,516,100
2410,F,47.925904209764006,0,,516,100
2411,U,47.929535181388374,1,991:100|990:300|989:200,0,0
2412,U,47.94360352088656,1,992:100,0,0
2413,U,47.95753367878749,1,991:100,0,0
2414,A,47.97609445186161,0,,518,0
2415,A,47.97668828198385,0,,520,0
2416,A,47.995421020454145,0,,519,0
2417,U,48.00004378490149,1,992:100|991:200|990:200,0,0
2418,F,48.01384153380462,0,,520,200
2419,U,48.028879638837445,-1,995:100|996:200,0,0
2420,U,48.03769696393921,1,994:100|993:100,0,0
2421,F,48.05487554640972,0,,519,200
2422,U,48.077545669247435,-1,,0,0
2423,U,48.10956683034466,1,993:100,0,0
2424,U,48.15248738090201,-1,994:300|995:300|996:200,0,0
2425,U,48.23709069502638,1,992:100|991:300,0,0
2426,U,48.26632376915878,-1,,0,0
2427,U,48.295464411366204,1,990:200,0,0
2428,U,48.30548770763635,1,989:300|988:100|987:300,0,0
2429,U,48.322870692729175,-1,990:300|991:100,0,0
2430,U,48.32379877580007,-1,989:100,0,0
2431,U,48.35976218882447,-1,,0,0
2432,U,48.38524646524987,1,987:200|986:300,0,0
2433,A,48.414323993966754,0,,527,0
2434,F,48.41923677144257,0,,527,200
2435,U,48.43538533054145,1,988:200|987:200,0,0
2436,U,48.46719035604082,1,,0,0
2437,U,48.46815194459065,1,990:200,0,0
2438,A,48.47742239035351,0,,525,0
2439,F,48.50254349287305,0,,525,100
2440,U,48.51474438228136,1,,0,0
2441,U,48.576597272268565,-1,,0,0
2442,A,48.57974387473903,0,,522,0
2443,F,48.61127316085873,0,,522,200
2444,A,48.62256727808443,0,,517,0
2445,A,48.62340824631312,0,,523,0
2446,A,48.66126622429817,0,,518,0
2447,U,48.66330656321337,-1,993:300|994:100|995:200,0,0
2448,U,48.66507513491185,-1,993:200|994:300,0,0
2449,A,48.67606250412678,0,,526,0
2450,A,48.6871927456812,0,,530,0
2451,F,48.71084166560713,0,,517,100
2452,F,48.714715676828355,0,,530,200
2453,F,48.72237143683037,0,,525,100
2454,U,48.73630534632945,1,991:100,0,0
2455,U,48.76352502121295,-1,992:100,0,0
2456,F,48.8154611849249,0,,526,200
2457,A,48.8511411003394,0,,531,0
2458,A,48.947177692259636,0,,521,0
2459,A,48.95761230430177,0,,523,0
2460,U,48.97160758719373,-1,991:200,0,0
2461,F,48.97477836881752,0,,518,200
2462,A,48.99570070680008,0,,523,0
2463,U,48.999873096434264,1,990:200|989:300,0,0
2464,F,49.019417775312,0,,521,200
2465,U,49.03661594606507,-1,,0,0
2466,A,49.08980465805639,0,,524,0
2467,F,49.16697543955739,0,,524,200
2468,F,49.17527285800429,0,,531,100
2469,A,49.2061753115702,0,,531,0
2470,U,49.21160528643143,1,990:300|989:300,0,0
2471,A,49.26355905378414,0,,534,0
2472,U,49.279496390667674,1,990:100|989:100|988:300,0,0
2473,U,49.290535244668476,-1,991:100|992:300|993:300,0,0
2474,A,49.333135202796846,0,,536,0
2475,U,49.34638280108509,-1,992:100|993:100,0,0
2476,F,49.35101102860112,0,,530,200
2477,U,49.35225071136098,1,991:200,0,0
2478,U,49.39139106513055,1,991:100|990:200,0,0
2479,A,49.39253766307623,0,,534,0
2480,U,49.413828853873746,1,990:200|989:300|988:300,0,0
2481,U,49.41645141012784,-1,993:300|994:200|995:300,0,0
2482,U,49.447124838127635,1,991:200|990:200|989:200,0,0
2483,A,49.54615806889321,0,,539,0
2484,U,49.5724462631684,-1,,0,0
2485,A,49.61372744287642,0,,529,0
2486,A,49.64055293783589,0,,536,0
2487,U,49.687084196722815,1,991:100|990:200|989:100,0,0
2488,U,49.68965416220097,-1,992:100|993:300|994:300,0,0
2489,U,49.73350285288987,1,,0,0
2490,A,49.76324742868125,0,,538,0
2491,A,49.779329818471105,0,,537,0
2492,A,49.78055601764243,0,,535,0
2493,A,49.814583823737486,0,,529,0
2494,A,49.81795500642299,0,,540,0
2495,A,49.82000271301361,0,,525,0
2496,F,49.835866332488095,0,,537,200
2497,U,49.84528413770246,-1,991:100|992:200,0,0
2498,F,49.851620460557676,0,,539,200
2499,U,49.863321867447844,-1,991:300|992:300|993:200,0,0
2500,F,49.87367426739082,0,,535,200
2501,F,49.884095411866994,0,,537,200
2502,U,49.8912364678478,-1,990:100|991:200,0,0
2503,A,49.89756887936965,0,,541,0
2504,U,49.919103628913575,-1,,0,0
2505,A,49.92685283171033,0,,542,0
2506,U,49.932665697752974,-1,992:100|993:200,0,0
2507,F,49.96123052637795,0,,535,200
2508,U,49.9691439378019,-1,991:300,0,0
2509,A,49.97675661371464,0,,540,0
2510,F,49.9768600411498,0,,541,200
2511,U,49.98069465284026,1,990:100,0,0
2512,U,50.000022774883135,1,,0,0
2513,U,50.010929329463806,-1,993:200,0,0
2514,A,50.02548479276055,0,,534,0
2515,F,50.03515567231786,0,,542,200
2516,A,50.03794596349673,0,,533,0
2517,A,50.07442751295369,0,,538,0
2518,A,50.080236152318804,0,,532,0
2519,U,50.10099113780089,1,992:300|991:300,0,0
2520,U,50.1090719506553,-1,,0,0
2521,A,50.13966900100021,0,,528,0
2522,F,50.16293261285102,0,,532,200
2523,F,50.16430867378712,0,,536,200
2524,F,50.20864718885331,0,,533,200
2525,F,50.21058557666259,0,,528,200
2526,A,50.2493307800651,0,,543,0
2527,F,50.25023787029792,0,,533,100
2528,U,50.2513551171195,1,992:100,0,0
2529,F,50.26210827279306,0,,528,100
2530,A,50.280854494032845,0,,543,0
2531,U,50.290875508454356,-1,,0,0
2532,U,50.299069760523615,-1,,0,0
2533,U,50.33939499409821,-1,991:200|992:200,0,0
2534,U,50.3455222575655,1,989:300,0,0
2535,A,50.37257523348032,0,,544,0
2536,U,50.37422957332361,-1,992:300|993:100|994:200,0,0
2537,U,50.38112164835537,1,,0,0
2538,U,50.39090086416939,-1,,0,0
2539,A,50.40812481731663,0,,545,0
2540,U,50.443031714953555,-1,993:200|994:100|995:300,0,0
2541,U,50.45887648339425,-1,992:100|993:300|994:200,0,0
2542,A,50.460976108677954,0,,546,0
2543,F,50.462750008374044,0,,546,100
2544,U,50.47041614630715,-1,991:200|992:300,0,0
2545,U,50.50290285138869,-1,991:200,0,0
2546,A,50.50678793017442,0,,543,0
2547,U,50.518474915011126,-1,991:200|992:100,0,0
2548,U,50.549936142326516,-1,990:300|991:200,0,0
2549,A,50.57880866743623,0,,545,0
2550,U,50.598057293494755,1,,0,0
2551,F,50.603418629430216,0,,544,200
2552,U,50.66114723829174,-1,991:200|992:200|993:200,0,0
2553,U,50.70758954078647,1,989:300|988:100,0,0
2554,A,50.72019928033538,0,,549,0
2555,U,50.73934210558586,1,990:100|989:200,0,0
2556,A,50.779133693794854,0,,547,0
2557,U,50.77994774987054,-1,993:100|994:200|995:300,0,0
2558,U,50.82268029036326,1,992:200|991:200|990:200,0,0
2559,U,50.82951943102875,-1,993:200|994:300,0,0
2560,U,50.83794281185119,1,991:300|990:200,0,0
2561,U,50.84747220958175,1,991:200,0,0
2562,U,50.85825061517582,1,991:300,0,0
2563,U,50.8669259777236,1,990:100|989:300,0,0
2564,U,50.8857315856119,1,989:100|988:200,0,0
2565,A,50.88797313470104,0,,550,0
2566,U,50.945590684255386,-1,990:300|991:200|992:200,0,0
2567,U,50.96958624835029,1,989:200|988:200,0,0
2568,U,50.97166707722937,-1,,0,0
2569,U,50.98872872330102,1,991:200,0,0
2570,A,50.98942531461667,0,,548,0
2571,A,50.993514913537155,0,,552,0
2572,U,51.029423928167084,-1,994:200|995:300|996:300,0,0
2573,A,51.080421065358784,0,,547,0
2574,A,51.09220453730716,0,,553,0
2575,A,51.10066510128791,0,,551,0
2576,A,51.10088602150915,0,,554,0
2577,A,51.105053132885836,0,,550,0
2578,U,51.11057530425331,-1,994:200,0,0
2579,U,51.12917172304473,1,,0,0
2580,A,51.144615467703254,0,,549,0
2581,A,51.1495773283719,0,,545,0
2582,F,51.15036225449699,0,,554,100
2583,U,51.184930230677786,-1,995:100,0,0
2584,F,51.20205597539594,0,,551,100
2585,U,51.25206006268066,1,994:100|993:100|992:100,0,0
2586,U,51.265926237844035,1,995:100,0,0
2587,U,51.2704452312983,1,,0,0
2588,F,51.27152709952484,0,,548,200
2589,U,51.28467078779161,-1,997:300|998:300,0,0
2590,A,51.28797766761323,0,,550,0
2591,A,51.28833771099897,0,,553,0
2592,F,51.3289725131628,0,,552,200
2593,U,51.33477543167454,1,996:100,0,0
2594,A,51.3443966651267,0,,555,0
2595,U,51.36679124568685,1,997:200,0,0
2596,U,51.37615830419007,-1,1000:200|1001:200|1002:300,0,0
2597,A,51.38170282008914,0,,556,0
2598,U,51.40725304827801,1,,0,0
2599,A,51.40945844118983,0,,555,0
2600,F,51.4327117845422,0,,556,200
2601,U,51.452456296650205,-1,998:100|999:100,0,0
2602,U,51.46474655296554,-1,,0,0
2603,U,51.48616502549203,-1,998:100,0,0
2604,A,51.49682341553597,0,,557,0
2605,F,51.50784768722161,0,,557,100
2606,U,51.53800817759465,-1,998:100|999:300,0,0
2607,A,51.538665810365245,0,,559,0
2608,A,51.53951283090842,0,,558,0
2609,F,51.54179074341603,0,,559,100
2610,F,51.54341270864634,0,,558,200
2611,F,51.56387952009104,0,,559,200
2612,U,51.5644725147611,-1,997:100|998:200|999:300,0,0
2613,U,51.566275379768555,1,994:100|993:200,0,0
2614,U,51.57750479648437,1,994:200|993:100,0,0
2615,U,51.669154444124466,1,,0,0
2616,U,51.67264377736776,-1,995:200,0,0
2617,A,51.73948280733592,0,,560,0
2618,F,51.74755310043463,0,,560,100
2619,U,51.75114241291435,1,993:300|992:200|991:100,0,0
2620,U,51.756610254623894,1,994:300,0,0
2621,U,51.772442892319205,-1,,0,0
2622,F,51.79128070699616,0,,560,200
2623,A,51.829726128847355,0,,563,0
2624,U,51.843276151101236,1,993:100,0,0
2625,A,51.8526944595042,0,,562,0
2626,A,51.86266122088239,0,,563,0
2627,U,51.93571145495369,-1,,0,0
2628,A,51.965653212635544,0,,561,0
2629,U,52.00470314370792,-1,996:200|997:300,0,0
2630,A,52.0053037463452,0,,565,0
2631,A,52.04643021889566,0,,564,0
2632,U,52.048747918911644,-1,997:300|998:100|999:200,0,0
2633,U,52.06922151827189,1,994:300,0,0
2634,A,52.10182333811725,0,,566,0
2635,U,52.13758677846694,1,995:200|994:100,0,0
2636,U,52.146975201375334,-1,998:100,0,0
2637,A,52.150770025874635,0,,567,0
2638,A,52.18738609935885,0,,562,0
2639,U,52.19900594770045,-1,997:200|998:300|999:200,0,0
2640,U,52.211188923710836,1,,0,0
2641,U,52.22323831367623,1,994:100|993:100,0,0
2642,U,52.22898624528918,1,994:300|993:300,0,0
2643,U,52.237363982804546,1,994:100,0,0
2644,U,52.25917188603124,-1,,0,0
2645,U,52.2995281154383,1,,0,0
2646,U,52.35629418837716,1,994:100|993:200,0,0
2647,A,52.38354609749187,0,,561,0
2648,F,52.392225526621615,0,,564,100
2649,A,52.401406452049585,0,,568,0
2650,U,52.41452374014163,1,994:300|993:100|992:100,0,0
2651,F,52.4416938649345,0,,564,100
2652,A,52.46589964879507,0,,567,0
2653,F,52.47333218934817,0,,566,200
2654,A,52.53312160419925,0,,569,0
2655,A,52.561674588959946,0,,565,0
2656,F,52.577127498153175,0,,569,200
2657,U,52.5825217344756,-1,,0,0
2658,A,52.58254677781829,0,,565,0
2659,F,52.615489383980616,0,,568,100
2660,U,52.660772748515804,-1,,0,0
2661,U,52.66834441541869,1,993:300,0,0
2662,A,52.693950194530096,0,,570,0
2663,U,52.6952234133855,-1,996:200|997:100|998:300,0,0
2664,U,52.69722703986947,-1,997:100|998:200|999:300,0,0
2665,A,52.70649022192017,0,,574,0
2666,A,52.72179009610741,0,,572,0
2667,U,52.72588371538026,-1,996:100|997:200|998:200,0,0
2668,F,52.73928801569872,0,,574,100
2669,U,52.74461745418963,1,994:300|993:200,0,0
2670,U,52.748398054347376,-1,995:200|996:300,0,0
2671,U,52.80365277897882,-1,,0,0
2672,U,52.84219017211131,1,994:200|993:300,0,0
2673,U,52.84761032053937,-1,996:200|997:300|998:300,0,0
2674,U,52.88667037423906,-1,995:200|996:100,0,0
2675,U,52.90805775105519,-1,994:200|995:200|996:100,0,0
2676,A,52.93186376670656,0,,575,0
2677,U,52.99921387456305,-1,,0,0
2678,U,53.013060772836354,1,993:200|992:300|991:300,0,0
2679,F,53.02891421627944,0,,574,200
2680,F,53.02959915778997,0,,572,100
2681,A,53.03150596893549,0,,573,0
2682,U,53.03333064763347,1,994:100|993:100|992:200,0,0
2683,A,53.06784780527735,0,,571,0
2684,U,53.075443954501864,-1,995:100|996:100|997:200,0,0
2685,A,53.092740651952866,0,,571,0
2686,A,53.1420858919262,0,,576,0
2687,U,53.15820515207268,1,993:300|992:300|991:300,0,0
2688,U,53.16852016048391,-1,,0,0
2689,A,53.173023152729485,0,,571,0
2690,U,53.17346593341177,-1,996:300|997:200|998:200,0,0
2691,U,53.17816764121067,1,,0,0
2692,U,53.18135664399031,-1,994:300|995:100,0,0
2693,U,53.18353269283373,-1,,0,0
2694,U,53.196079909531306,-1,996:300|997:100,0,0
2695,U,53.21561837187232,-1,997:100|998:100,0,0
2696,U,53.217229747379655,1,994:100|993:300|992:300,0,0
2697,U,53.23631533484207,-1,996:300|997:300|998:300,0,0
2698,A,53.25738045948615,0,,570,0
2699,F,53.32880485926369,0,,570,100
2700,F,53.33369307743022,0,,573,200
2701,A,53.34518592628418,0,,573,0
2702,A,53.365992560738206,0,,577,0
2703,A,53.37704200009075,0,,578,0
2704,U,53.38610585024424,1,,0,0
2705,U,53.40116368995304,-1,995:100,0,0
2706,F,53.422986023716135,0,,575,200
2707,A,53.43870927268595,0,,570,0
2708,A,53.45966778075508,0,,576,0
2709,U,53.46243664380274,-1,994:100|995:300,0,0
2710,F,53.488745581722526,0,,577,200
2711,U,53.494904725269684,-1,,0,0
2712,F,53.500432207387924,0,,577,100
2713,A,53.50722519913876,0,,579,0
2714,A,53.532333785440095,0,,578,0
2715,U,53.59277939930213,1,992:100|991:200|990:300,0,0
2716,A,53.62323799238248,0,,582,0
2717,U,53.81038971611488,1,992:200|991:100|990:200,0,0
2718,A,53.816918950096,0,,581,0
2719,U,53.834993254033165,1,,0,0
2720,A,53.84829429135426,0,,582,0
2721,U,53.89324023006707,1,,0,0
2722,U,53.89534343117074,-1,995:300|996:200,0,0
2723,A,53.944846084194154,0,,580,0
2724,A,53.968518685009585,0,,583,0
2725,U,54.002091706204375,-1,994:200,0,0
2726,A,54.028777052672275,0,,583,0
2727,U,54.037919187562764,1,993:300|992:300,0,0
2728,U,54.0764524546247,-1,996:100,0,0
2729,A,54.09334334805734,0,,581,0
2730,U,54.100409611720956,-1,997:100|998:300,0,0
2731,U,54.18260707100798,-1,,0,0
2732,A,54.18995537742324,0,,585,0
2733,A,54.21658173632872,0,,587,0
2734,F,54.21767176550292,0,,579,100
2735,U,54.22654379015877,1,,0,0
2736,U,54.23347509664979,-1,998:100,0,0
2737,A,54.24799928435032,0,,580,0
2738,A,54.26341101562083,0,,585,0
2739,U,54.270479574704474,-1,998:300,0,0
2740,F,54.35520712822001,0,,582,200
2741,F,54.376421266741495,0,,587,100
2742,A,54.37959569002831,0,,584,0
2743,U,54.39431893258727,-1,999:300,0,0
2744,U,54.44813069491989,1,996:200|995:100,0,0
2745,U,54.45081282518213,-1,999:200,0,0
2746,U,54.54926502382268,1,,0,0
2747,U,54.58187613444365,-1,999:300,0,0
2748,U,54.58473796704996,-1,999:100|1000:100|1001:300,0,0
2749,A,54.61855270857862,0,,590,0
2750,F,54.64096904810198,0,,584,200
2751,U,54.65935996432185,1,996:300,0,0
2752,U,54.679494944233575,-1,998:100|999:300,0,0
2753,F,54.72519904668599,0,,590,100
2754,A,54.73289830011787,0,,591,0
2755,A,54.756523144705,0,,592,0
2756,U,54.76648973670809,1,995:200|994:100|993:300,0,0
2757,U,54.819734419672905,1,995:100|994:100,0,0
2758,A,54.84675158702825,0,,595,0
2759,U,54.8490813518796,-1,,0,0
2760,A,54.858534101389836,0,,591,0
2761,F,54.858625919164936,0,,592,100
2762,A,54.988991339715724,0,,594,0
2763,A,54.99340423593169,0,,593,0
2764,U,54.99931897950122,1,997:300|996:300,0,0
2765,A,55.01736259584624,0,,596,0
2766,A,55.020935907345226,0,,595,0
2767,A,55.021825217466656,0,,594,0
2768,A,55.02734709954747,0,,592,0
2769,U,55.038476266189996,1,996:100|995:200|994:100,0,0
2770,A,55.06263933129011,0,,586,0
2771,U,55.09616729495034,-1,998:300,0,0
2772,U,55.10835872611554,1,,0,0
2773,U,55.13001585829652,-1,997:300|998:200,0,0
2774,A,55.14434568874243,0,,588,0
2775,U,55.16213045407384,1,,0,0
2776,U,55.199738541946644,-1,996:300|997:100|998:100,0,0
2777,U,55.22856458442833,-1,,0,0
2778,U,55.23822039806527,1,996:100,0,0
2779,U,55.24475397422574,1,995:100,0,0
2780,U,55.25530934493135,1,,0,0
2781,U,55.26757066648758,1,,0,0
2782,F,55.27753745257026,0,,586,100
2783,F,55.31435343335901,0,,596,200
2784,U,55.35384794783646,1,995:300|994:100,0,0
2785,U,55.36942568405762,-1,,0,0
2786,A,55.43028622803992,0,,597,0
2787,U,55.52495904180855,-1,998:100,0,0
2788,U,55.54778331390879,-1,999:200|1000:100,0,0
2789,A,55.56372935392112,0,,600,0
2790,U,55.56695161479092,1,,0,0
2791,A,55.58937125016579,0,,599,0
2792,U,55.596110148710345,-1,,0,0
2793,A,55.596389207715255,0,,593,0
2794,U,55.616502770659565,-1,997:100,0,0
2795,U,55.62228055993442,1,995:300|994:200|993:300,0,0
2796,A,55.68708811096546,0,,586,0
2797,U,55.717236838937254,1,996:300|995:300|994:300,0,0
2798,A,55.73640885124825,0,,588,0
2799,A,55.73922630290383,0,,600,0
2800,U,55.74627013218689,-1,998:300,0,0
2801,U,55.75058626359946,-1,997:300,0,0
2802,F,55.75952596537086,0,,596,100
2803,A,55.81340879761867,0,,603,0
2804,F,55.86014026164016,0,,599,200
2805,F,55.8731261940178,0,,597,200
2806,U,55.89252553543328,1,,0,0
2807,A,55.92615427777551,0,,601,0
2808,F,55.93010014914594,0,,601,200
2809,U,55.967387253374575,-1,,0,0
2810,U,56.018210679204266,1,,0,0
2811,F,56.03124000687122,0,,603,100
2812,A,56.040949186094466,0,,589,0
2813,U,56.043410440638745,-1,995:200|996:300,0,0
2814,U,56.04380797602495,1,992:300|991:300,0,0
2815,A,56.04745861203791,0,,602,0
2816,A,56.05112629744171,0,,598,0
2817,A,56.05904198175726,0,,606,0
2818,F,56.10012923169676,0,,598,100
2819,U,56.10134747550917,-1,,0,0
2820,U,56.127897527459204,-1,,0,0
2821,U,56.14852201976365,-1,993:300,0,0
2822,U,56.19747813046403,-1,,0,0
2823,U,56.20053099583142,-1,992:200|993:300|994:300,0,0
2824,U,56.22638971516525,1,989:300,0,0
2825,A,56.25944226468876,0,,604,0
2826,U,56.29542549091852,-1,,0,0
2827,A,56.30266705707574,0,,607,0
2828,U,56.33986966324704,1,991:200|990:100|989:300,0,0
2829,U,56.34517690947997,1,990:100|989:200|988:200,0,0
2830,U,56.34575592268595,1,,0,0
2831,A,56.36661201443982,0,,589,0
2832,A,56.426695690542395,0,,609,0
2833,U,56.43075584717063,-1,992:200|993:300,0,0
2834,F,56.451580314346224,0,,607,200
2835,A,56.48159322971357,0,,607,0
2836,A,56.532305821855125,0,,606,0
2837,U,56.53260999354055,-1,991:200|992:100,0,0
2838,A,56.55045057411302,0,,608,0
2839,U,56.552170896667484,-1,,0,0
2840,U,56.569042360082754,-1,991:100|992:100,0,0
2841,U,56.57824382827307,1,989:200|988:300|987:300,0,0
2842,U,56.62676770239243,-1,990:100,0,0
2843,A,56.645746451716,0,,609,0
2844,A,56.65379598367805,0,,602,0
2845,U,56.65784762573833,1,988:100,0,0
2846,U,56.664753577429686,1,,0,0
2847,F,56.671407831561346,0,,609,100
2848,A,56.671507447342485,0,,603,0
2849,U,56.69032841079451,1,988:300|987:200|986:200,0,0
2850,F,56.73263845387789,0,,604,200
2851,U,56.732735740575755,1,987:200|986:200|985:100,0,0
2852,A,56.73495112996994,0,,613,0
2853,A,56.78106956067256,0,,604,0
2854,U,56.78275844429046,1,,0,0
2855,U,56.80776943710921,-1,988:300|989:100,0,0
2856,U,56.8192509764855,-1,989:200|990:300,0,0
2857,F,56.836830892207026,0,,613,100
2858,A,56.87710220879212,0,,608,0
2859,U,56.942091687818156,-1,990:300|991:200|992:200,0,0
2860,U,56.96888345111248,-1,989:200|990:100,0,0
2861,A,56.977259147438055,0,,615,0
2862,A,56.982069703173906,0,,611,0
2863,A,56.985203613760014,0,,617,0
2864,U,57.0260292832258,-1,989:300|990:200,0,0
2865,A,57.05407098950697,0,,611,0
2866,U,57.06698200475486,-1,990:300,0,0
2867,F,57.09046151711876,0,,617,100
2868,U,57.09311023188272,1,,0,0
2869,F,57.12514690480155,0,,617,200
2870,A,57.181875570659045,0,,619,0
2871,U,57.182818389563074,-1,989:300|990:100|991:200,0,0
2872,A,57.23073851127456,0,,620,0
2873,A,57.256728025262625,0,,612,0
2874,A,57.262008261380636,0,,616,0
2875,A,57.289827009140836,0,,614,0
2876,U,57.3143584139139,1,987:200|986:300,0,0
2877,F,57.31683679157245,0,,612,200
2878,A,57.338187442561754,0,,610,0
2879,U,57.37664922205381,-1,989:200,0,0
2880,F,57.39306846856398,0,,619,100
2881,A,57.39782897022225,0,,620,0
2882,A,57.40157913524738,0,,621,0
2883,U,57.426511626808036,1,988:300,0,0
2884,U,57.44470205194814,-1,,0,0
2885,F,57.45114043321987,0,,615,100
2886,U,57.49105062674989,-1,990:100|991:300|992:300,0,0
2887,F,57.49729952615929,0,,610,100
2888,A,57.51856774603021,0,,605,0
2889,F,57.525134293207266,0,,619,100
2890,A,57.527714449877884,0,,618,0
2891,A,57.536871698848415,0,,623,0
2892,U,57.53953170973652,1,989:200|988:200,0,0
2893,U,57.55218630206127,1,,0,0
2894,A,57.573860442356626,0,,621,0
2895,U,57.621246924504,-1,991:300|992:100,0,0
2896,A,57.64427414073776,0,,616,0
2897,U,57.65484531420578,1,,0,0
2898,U,57.659171195802436,-1,991:100|992:300|993:300,0,0
2899,A,57.66524387522369,0,,624,0
2900,U,57.66582362784827,1,989:100|988:100,0,0
2901,A,57.70711452574157,0,,623,0
2902,F,57.70729251079644,0,,605,200
2903,A,57.73256856602271,0,,622,0
2904,U,57.751072321387,1,988:100|987:200,0,0
2905,A,57.76257604952704,0,,615,0
2906,F,57.76640992788358,0,,614,200
2907,U,57.76668493455373,1,987:300|986:100,0,0
2908,U,57.770214982492135,-1,989:300|990:200|991:100,0,0
2909,A,57.79282663238672,0,,622,0
2910,U,57.79318220478292,-1,989:300|990:200,0,0
2911,U,57.802916913971295,1,988:300|987:300,0,0
2912,U,57.82156075212193,-1,991:300|992:200|993:200,0,0
2913,F,57.83624577831327,0,,622,200
2914,U,57.843428701241486,-1,992:300,0,0
2915,U,57.88501816037837,1,990:200|989:100|988:300,0,0
2916,U,57.926121359707274,1,989:100,0,0
2917,U,57.93955990802963,1,989:300|988:300,0,0
2918,A,57.963428772645784,0,,628,0
2919,U,57.96515856108374,-1,,0,0
2920,U,58.01343442761151,-1,990:200|991:300|992:200,0,0
2921,A,58.034730069033884,0,,618,0
2922,U,58.03877055610672,1,987:300|986:300,0,0
2923,A,58.08560504707867,0,,626,0
2924,U,58.114543137898124,-1,,0,0
2925,U,58.119665228099976,1,,0,0
2926,U,58.132910133227874,1,986:200,0,0
2927,U,58.13668885338622,1,987:100,0,0
2928,A,58.15063302341092,0,,629,0
2929,F,58.16338613269785,0,,629,100
2930,A,58.1793689780167,0,,624,0
2931,F,58.181529408535624,0,,628,100
2932,F,58.196868714062404,0,,626,200
2933,U,58.208187840330325,1,986:100|985:300,0,0
2934,F,58.21845636395922,0,,629,200
2935,A,58.25919316801357,0,,628,0
2936,U,58.28306783091182,-1,,0,0
2937,A,58.29297207077561,0,,625,0
2938,F,58.311038927863024,0,,625,200
2939,A,58.34391206188261,0,,627,0
2940,F,58.3622002931813,0,,625,200
2941,A,58.38219468207685,0,,630,0
2942,U,58.38341244590812,-1,,0,0
2943,A,58.391841600398195,0,,627,0
2944,U,58.39852212158078,1,985:100,0,0
2945,F,58.41092037641696,0,,630,100
2946,U,58.413357542534555,1,,0,0
2947,U,58.461280488346475,1,,0,0
2948,U,58.49333504736392,1,,0,0
2949,U,58.49873545507869,1,985:100,0,0
2950,A,58.547137226672206,0,,631,0
2951,F,58.565761198550916,0,,631,100
2952,U,58.58370183217961,1,984:300,0,0
2953,U,58.59708466141487,1,983:300,0,0
2954,A,58.61773228506283,0,,633,0
2955,U,58.637487904553055,-1,984:200|985:100,0,0
2956,U,58.670593670490916,1,982:300|981:100|980:200,0,0
2957,U,58.68259930264334,-1,985:100|986:100,0,0
2958,A,58.69003947811478,0,,632,0
2959,A,58.692645541701516,0,,636,0
2960,A,58.69387124902374,0,,635,0
2961,F,58.69738392674047,0,,636,100
2962,A,58.72491157527844,0,,637,0
2963,U,58.75030857619908,1,,0,0
2964,A,58.77868832645137,0,,634,0
2965,U,58.82119935311035,1,985:200,0,0
2966,A,58.83844329513071,0,,637,0
2967,U,58.840133262164095,-1,,0,0
2968,U,58.88755512940013,1,987:100|986:300|985:200,0,0
2969,A,58.900313618329406,0,,632,0
2970,U,58.91095335035449,-1,989:300,0,0
2971,A,58.97922489242041,0,,638,0
2972,F,58.9834093289137,0,,633,200
2973,U,58.99655462171165,1,988:300|987:300|986:300,0,0
2974,A,59.00714700148816,0,,640,0
2975,U,59.03240329007338,-1,,0,0
2976,A,59.0371862522596,0,,633,0
2977,F,59.04239257562104,0,,638,200
2978,A,59.0619369905228,0,,639,0
2979,F,59.08811652097792,0,,634,200
2980,U,59.11251549898409,1,989:300|988:300|987:200,0,0
2981,U,59.14789508079065,-1,990:200,0,0
2982,F,59.155391148292715,0,,640,100
2983,U,59.16696512150686,-1,991:300|992:200|993:300,0,0
2984,U,59.20072794505343,-1,991:200,0,0
2985,A,59.26775256139407,0,,641,0
2986,U,59.268773401228714,-1,992:200|993:300|994:200,0,0
2987,A,59.277287822592335,0,,635,0
2988,A,59.29594078556449,0,,644,0
2989,U,59.3567359798917,1,989:300|988:100|987:200,0,0
2990,A,59.38828009416178,0,,643,0
2991,U,59.397057191961984,1,990:100|989:100,0,0
2992,A,59.4055708960057,0,,639,0
2993,U,59.45592999939163,1,991:300,0,0
2994,A,59.46224138837591,0,,640,0
2995,A,59.49375667313864,0,,642,0
2996,U,59.50372621759496,1,991:100|990:200,0,0
2997,U,59.522435863341734,-1,993:100,0,0
2998,A,59.52979618470984,0,,640,0
2999,A,59.5452311513475,0,,641,0
