cik,start,end,val,form,fy,fp,filed,accn
21344,2009-01-01,2009-12-31,2.93,10-K,2011,FY,2012-02-23,0000021344-12-000007
21344,2010-01-01,2010-12-31,5.06,10-K,2011,FY,2012-02-23,0000021344-12-000007
21344,2011-01-01,2011-12-31,3.69,10-K,2011,FY,2012-02-23,0000021344-12-000007
21344,2011-01-01,2011-04-01,0.82,10-Q,2012,Q1,2012-04-26,0000021344-12-000023
21344,2012-01-01,2012-03-30,0.89,10-Q,2012,Q1,2012-04-26,0000021344-12-000023
21344,2011-01-01,2011-07-01,2.02,10-Q,2012,Q2,2012-07-26,0000021344-12-000037
21344,2011-04-03,2011-07-01,1.2,10-Q,2012,Q2,2012-07-26,0000021344-12-000037
21344,2012-01-01,2012-06-29,2.11,10-Q,2012,Q2,2012-07-26,0000021344-12-000037
21344,2012-03-31,2012-06-29,1.21,10-Q,2012,Q2,2012-07-26,0000021344-12-000037
21344,2011-01-01,2011-09-30,1.49,10-Q,2012,Q3,2012-10-25,0000021344-12-000051
21344,2011-07-02,2011-09-30,0.48,10-Q,2012,Q3,2012-10-25,0000021344-12-000051
21344,2012-01-01,2012-09-28,1.56,10-Q,2012,Q3,2012-10-25,0000021344-12-000051
21344,2012-06-30,2012-09-28,0.5,10-Q,2012,Q3,2012-10-25,0000021344-12-000051
21344,2010-01-01,2010-12-31,2.53,10-K,2012,FY,2013-02-27,0000021344-13-000007
21344,2011-01-01,2011-12-31,1.85,10-K,2012,FY,2013-02-27,0000021344-13-000007
21344,2012-01-01,2012-12-31,1.97,10-K,2012,FY,2013-02-27,0000021344-13-000007
21344,2012-01-01,2012-03-30,0.45,10-Q,2013,Q1,2013-04-25,0000021344-13-000017
21344,2013-01-01,2013-03-29,0.39,10-Q,2013,Q1,2013-04-25,0000021344-13-000017
21344,2012-01-01,2012-06-29,1.05,10-Q,2013,Q2,2013-07-25,0000021344-13-000039
21344,2012-03-31,2012-06-29,0.61,10-Q,2013,Q2,2013-07-25,0000021344-13-000039
21344,2013-01-01,2013-06-28,0.98,10-Q,2013,Q2,2013-07-25,0000021344-13-000039
21344,2013-03-30,2013-06-28,0.59,10-Q,2013,Q2,2013-07-25,0000021344-13-000039
21344,2012-01-01,2012-09-28,1.56,10-Q,2013,Q3,2013-10-24,0000021344-13-000050
21344,2012-06-30,2012-09-28,0.5,10-Q,2013,Q3,2013-10-24,0000021344-13-000050
21344,2013-01-01,2013-09-27,1.52,10-Q,2013,Q3,2013-10-24,0000021344-13-000050
21344,2013-06-29,2013-09-27,0.54,10-Q,2013,Q3,2013-10-24,0000021344-13-000050
21344,2011-01-01,2011-12-31,1.85,10-K,2013,FY,2014-02-27,0000021344-14-000008
21344,2012-01-01,2012-12-31,1.97,10-K,2013,FY,2014-02-27,0000021344-14-000008
21344,2013-01-01,2013-12-31,1.9,10-K,2013,FY,2014-02-27,0000021344-14-000008
21344,2013-01-01,2013-03-29,0.39,10-Q,2014,Q1,2014-04-24,0000021344-14-000016
21344,2014-01-01,2014-03-28,0.36,10-Q,2014,Q1,2014-04-24,0000021344-14-000016
21344,2013-01-01,2013-06-28,0.98,10-Q,2014,Q2,2014-07-30,0000021344-14-000029
21344,2013-03-30,2013-06-28,0.59,10-Q,2014,Q2,2014-07-30,0000021344-14-000029
21344,2014-01-01,2014-06-27,0.95,10-Q,2014,Q2,2014-07-30,0000021344-14-000029
21344,2014-03-29,2014-06-27,0.58,10-Q,2014,Q2,2014-07-30,0000021344-14-000029
21344,2013-01-01,2013-09-27,1.52,10-Q,2014,Q3,2014-10-29,0000021344-14-000036
21344,2013-06-29,2013-09-27,0.54,10-Q,2014,Q3,2014-10-29,0000021344-14-000036
21344,2014-01-01,2014-09-26,1.42,10-Q,2014,Q3,2014-10-29,0000021344-14-000036
21344,2014-06-28,2014-09-26,0.48,10-Q,2014,Q3,2014-10-29,0000021344-14-000036
21344,2012-01-01,2012-12-31,1.97,10-K,2014,FY,2015-02-25,0000021344-15-000005
21344,2013-01-01,2013-12-31,1.9,10-K,2014,FY,2015-02-25,0000021344-15-000005
21344,2014-01-01,2014-12-31,1.6,10-K,2014,FY,2015-02-25,0000021344-15-000005
21344,2014-01-01,2014-03-28,0.36,10-Q,2015,Q1,2015-04-30,0000021344-15-000011
21344,2015-01-01,2015-04-03,0.35,10-Q,2015,Q1,2015-04-30,0000021344-15-000011
21344,2014-01-01,2014-06-27,0.95,10-Q,2015,Q2,2015-07-29,0000021344-15-000031
21344,2014-03-29,2014-06-27,0.58,10-Q,2015,Q2,2015-07-29,0000021344-15-000031
21344,2015-01-01,2015-07-03,1.06,10-Q,2015,Q2,2015-07-29,0000021344-15-000031
21344,2015-04-04,2015-07-03,0.71,10-Q,2015,Q2,2015-07-29,0000021344-15-000031
21344,2014-01-01,2014-09-26,1.42,10-Q,2015,Q3,2015-10-28,0000021344-15-000041
21344,2014-06-28,2014-09-26,0.48,10-Q,2015,Q3,2015-10-28,0000021344-15-000041
21344,2015-01-01,2015-10-02,1.39,10-Q,2015,Q3,2015-10-28,0000021344-15-000041
21344,2015-07-04,2015-10-02,0.33,10-Q,2015,Q3,2015-10-28,0000021344-15-000041
21344,2013-01-01,2013-12-31,1.9,10-K,2015,FY,2016-02-25,0000021344-16-000050
21344,2014-01-01,2014-12-31,1.6,10-K,2015,FY,2016-02-25,0000021344-16-000050
21344,2015-01-01,2015-12-31,1.67,10-K,2015,FY,2016-02-25,0000021344-16-000050
21344,2015-01-01,2015-04-03,0.35,10-Q,2016,Q1,2016-04-28,0000021344-16-000059
21344,2016-01-01,2016-04-01,0.34,10-Q,2016,Q1,2016-04-28,0000021344-16-000059
21344,2015-01-01,2015-07-03,1.06,10-Q,2016,Q2,2016-07-28,0000021344-16-000065
21344,2015-04-04,2015-07-03,0.71,10-Q,2016,Q2,2016-07-28,0000021344-16-000065
21344,2016-01-01,2016-07-01,1.13,10-Q,2016,Q2,2016-07-28,0000021344-16-000065
21344,2016-04-02,2016-07-01,0.79,10-Q,2016,Q2,2016-07-28,0000021344-16-000065
21344,2015-01-01,2015-10-02,1.39,10-Q,2016,Q3,2016-10-27,0000021344-16-000076
21344,2015-07-04,2015-10-02,0.33,10-Q,2016,Q3,2016-10-27,0000021344-16-000076
21344,2016-01-01,2016-09-30,1.37,10-Q,2016,Q3,2016-10-27,0000021344-16-000076
21344,2016-07-02,2016-09-30,0.24,10-Q,2016,Q3,2016-10-27,0000021344-16-000076
21344,2014-01-01,2014-12-31,1.6,10-K,2016,FY,2017-02-24,0000021344-17-000009
21344,2015-01-01,2015-12-31,1.67,10-K,2016,FY,2017-02-24,0000021344-17-000009
21344,2016-01-01,2016-12-31,1.49,10-K,2016,FY,2017-02-24,0000021344-17-000009
21344,2016-01-01,2016-04-01,0.34,10-Q,2017,Q1,2017-04-27,0000021344-17-000019
21344,2017-01-01,2017-03-31,0.27,10-Q,2017,Q1,2017-04-27,0000021344-17-000019
21344,2016-01-01,2016-07-01,1.13,10-Q,2017,Q2,2017-07-27,0000021344-17-000026
21344,2016-04-02,2016-07-01,0.79,10-Q,2017,Q2,2017-07-27,0000021344-17-000026
21344,2017-01-01,2017-06-30,0.59,10-Q,2017,Q2,2017-07-27,0000021344-17-000026
21344,2017-04-01,2017-06-30,0.32,10-Q,2017,Q2,2017-07-27,0000021344-17-000026
21344,2016-01-01,2016-09-30,1.37,10-Q,2017,Q3,2017-10-26,0000021344-17-000032
21344,2016-07-02,2016-09-30,0.24,10-Q,2017,Q3,2017-10-26,0000021344-17-000032
21344,2017-01-01,2017-09-29,0.92,10-Q,2017,Q3,2017-10-26,0000021344-17-000032
21344,2017-07-01,2017-09-29,0.33,10-Q,2017,Q3,2017-10-26,0000021344-17-000032
21344,2015-01-01,2015-12-31,1.67,10-K,2017,FY,2018-02-23,0000021344-18-000008
21344,2016-01-01,2016-12-31,1.49,10-K,2017,FY,2018-02-23,0000021344-18-000008
21344,2017-01-01,2017-12-31,0.29,10-K,2017,FY,2018-02-23,0000021344-18-000008
21344,2017-01-01,2017-03-31,0.27,10-Q,2018,Q1,2018-05-01,0000021344-18-000023
21344,2018-01-01,2018-03-30,0.32,10-Q,2018,Q1,2018-05-01,0000021344-18-000023
21344,2017-01-01,2017-06-30,0.59,10-Q,2018,Q2,2018-07-26,0000021344-18-000032
21344,2017-04-01,2017-06-30,0.32,10-Q,2018,Q2,2018-07-26,0000021344-18-000032
21344,2018-01-01,2018-06-29,0.86,10-Q,2018,Q2,2018-07-26,0000021344-18-000032
21344,2018-03-31,2018-06-29,0.54,10-Q,2018,Q2,2018-07-26,0000021344-18-000032
21344,2017-01-01,2017-09-29,0.92,10-Q,2018,Q3,2018-10-30,0000021344-18-000042
21344,2017-07-01,2017-09-29,0.33,10-Q,2018,Q3,2018-10-30,0000021344-18-000042
21344,2018-01-01,2018-09-28,1.29,10-Q,2018,Q3,2018-10-30,0000021344-18-000042
21344,2018-06-30,2018-09-28,0.44,10-Q,2018,Q3,2018-10-30,0000021344-18-000042
21344,2016-01-01,2016-12-31,1.49,10-K,2018,FY,2019-02-21,0000021344-19-000014
21344,2017-01-01,2017-12-31,0.29,10-K,2018,FY,2019-02-21,0000021344-19-000014
21344,2018-01-01,2018-12-31,1.5,10-K,2018,FY,2019-02-21,0000021344-19-000014
21344,2018-01-01,2018-03-30,0.32,10-Q,2019,Q1,2019-04-25,0000021344-19-000028
21344,2019-01-01,2019-03-29,0.39,10-Q,2019,Q1,2019-04-25,0000021344-19-000028
21344,2018-01-01,2018-06-29,0.86,10-Q,2019,Q2,2019-07-25,0000021344-19-000034
21344,2018-03-31,2018-06-29,0.54,10-Q,2019,Q2,2019-07-25,0000021344-19-000034
21344,2019-01-01,2019-06-28,1,10-Q,2019,Q2,2019-07-25,0000021344-19-000034
21344,2019-03-30,2019-06-28,0.61,10-Q,2019,Q2,2019-07-25,0000021344-19-000034
21344,2018-01-01,2018-09-28,1.29,10-Q,2019,Q3,2019-10-24,0000021344-19-000042
21344,2018-06-30,2018-09-28,0.44,10-Q,2019,Q3,2019-10-24,0000021344-19-000042
21344,2019-01-01,2019-09-27,1.6,10-Q,2019,Q3,2019-10-24,0000021344-19-000042
21344,2019-06-29,2019-09-27,0.6,10-Q,2019,Q3,2019-10-24,0000021344-19-000042
21344,2017-01-01,2017-12-31,0.29,10-K,2019,FY,2020-02-24,0000021344-20-000006
21344,2018-01-01,2018-12-31,1.5,10-K,2019,FY,2020-02-24,0000021344-20-000006
21344,2019-01-01,2019-12-31,2.07,10-K,2019,FY,2020-02-24,0000021344-20-000006
21344,2019-01-01,2019-03-29,0.39,10-Q,2020,Q1,2020-04-24,0000021344-20-000014
21344,2020-01-01,2020-03-27,0.64,10-Q,2020,Q1,2020-04-24,0000021344-20-000014
21344,2019-01-01,2019-06-28,1,10-Q,2020,Q2,2020-07-22,0000021344-20-000041
21344,2019-03-30,2019-06-28,0.61,10-Q,2020,Q2,2020-07-22,0000021344-20-000041
21344,2020-01-01,2020-06-26,1.05,10-Q,2020,Q2,2020-07-22,0000021344-20-000041
21344,2020-03-28,2020-06-26,0.41,10-Q,2020,Q2,2020-07-22,0000021344-20-000041
21344,2019-01-01,2019-09-27,1.6,10-Q,2020,Q3,2020-10-22,0000021344-20-000046
21344,2019-06-29,2019-09-27,0.6,10-Q,2020,Q3,2020-10-22,0000021344-20-000046
21344,2020-01-01,2020-09-25,1.46,10-Q,2020,Q3,2020-10-22,0000021344-20-000046
21344,2020-06-27,2020-09-25,0.4,10-Q,2020,Q3,2020-10-22,0000021344-20-000046
21344,2018-01-01,2018-12-31,1.5,10-K,2020,FY,2021-02-25,0000021344-21-000008
21344,2019-01-01,2019-12-31,2.07,10-K,2020,FY,2021-02-25,0000021344-21-000008
21344,2020-01-01,2020-12-31,1.79,10-K,2020,FY,2021-02-25,0000021344-21-000008
21344,2020-01-01,2020-03-27,0.64,10-Q,2021,Q1,2021-04-27,0000021344-21-000014
21344,2021-01-01,2021-04-02,0.52,10-Q,2021,Q1,2021-04-27,0000021344-21-000014
21344,2020-01-01,2020-06-26,1.05,10-Q,2021,Q2,2021-07-26,0000021344-21-000024
21344,2020-03-28,2020-06-26,0.41,10-Q,2021,Q2,2021-07-26,0000021344-21-000024
21344,2021-01-01,2021-07-02,1.13,10-Q,2021,Q2,2021-07-26,0000021344-21-000024
21344,2021-04-03,2021-07-02,0.61,10-Q,2021,Q2,2021-07-26,0000021344-21-000024
21344,2020-01-01,2020-09-25,1.46,10-Q,2021,Q3,2021-10-28,0000021344-21-000030
21344,2020-06-27,2020-09-25,0.4,10-Q,2021,Q3,2021-10-28,0000021344-21-000030
21344,2021-01-01,2021-10-01,1.7,10-Q,2021,Q3,2021-10-28,0000021344-21-000030
21344,2021-07-03,2021-10-01,0.57,10-Q,2021,Q3,2021-10-28,0000021344-21-000030
21344,2019-01-01,2019-12-31,2.07,10-K,2021,FY,2022-02-22,0000021344-22-000009
21344,2020-01-01,2020-12-31,1.79,10-K,2021,FY,2022-02-22,0000021344-22-000009
21344,2021-01-01,2021-12-31,2.25,10-K,2021,FY,2022-02-22,0000021344-22-000009
21344,2021-01-01,2021-04-02,0.52,10-Q,2022,Q1,2022-04-28,0000021344-22-000016
21344,2022-01-01,2022-04-01,0.64,10-Q,2022,Q1,2022-04-28,0000021344-22-000016
21344,2021-01-01,2021-07-02,1.13,10-Q,2022,Q2,2022-07-27,0000021344-22-000034
21344,2021-04-03,2021-07-02,0.61,10-Q,2022,Q2,2022-07-27,0000021344-22-000034
21344,2022-01-01,2022-07-01,1.08,10-Q,2022,Q2,2022-07-27,0000021344-22-000034
21344,2022-04-02,2022-07-01,0.44,10-Q,2022,Q2,2022-07-27,0000021344-22-000034
21344,2021-01-01,2021-10-01,1.7,10-Q,2022,Q3,2022-10-26,0000021344-22-000042
21344,2021-07-03,2021-10-01,0.57,10-Q,2022,Q3,2022-10-26,0000021344-22-000042
21344,2022-01-01,2022-09-30,1.73,10-Q,2022,Q3,2022-10-26,0000021344-22-000042
21344,2022-07-02,2022-09-30,0.65,10-Q,2022,Q3,2022-10-26,0000021344-22-000042
21344,2020-01-01,2020-12-31,1.79,10-K,2022,FY,2023-02-21,0000021344-23-000011
21344,2021-01-01,2021-12-31,2.25,10-K,2022,FY,2023-02-21,0000021344-23-000011
21344,2022-01-01,2022-12-31,2.19,10-K,2022,FY,2023-02-21,0000021344-23-000011
21344,2022-01-01,2022-04-01,0.64,10-Q,2023,Q1,2023-04-26,0000021344-23-000024
21344,2023-01-01,2023-03-31,0.72,10-Q,2023,Q1,2023-04-26,0000021344-23-000024
21344,2022-01-01,2022-07-01,1.08,10-Q,2023,Q2,2023-07-27,0000021344-23-000048
21344,2022-04-02,2022-07-01,0.44,10-Q,2023,Q2,2023-07-27,0000021344-23-000048
21344,2023-01-01,2023-06-30,1.3,10-Q,2023,Q2,2023-07-27,0000021344-23-000048
21344,2023-04-01,2023-06-30,0.59,10-Q,2023,Q2,2023-07-27,0000021344-23-000048
21344,2022-01-01,2022-09-30,1.73,10-Q,2023,Q3,2023-10-24,0000021344-23-000060
21344,2022-07-02,2022-09-30,0.65,10-Q,2023,Q3,2023-10-24,0000021344-23-000060
21344,2023-01-01,2023-09-29,2.01,10-Q,2023,Q3,2023-10-24,0000021344-23-000060
21344,2023-07-01,2023-09-29,0.71,10-Q,2023,Q3,2023-10-24,0000021344-23-000060
21344,2021-01-01,2021-12-31,2.25,10-K,2023,FY,2024-02-20,0000021344-24-000009
21344,2022-01-01,2022-12-31,2.19,10-K,2023,FY,2024-02-20,0000021344-24-000009
21344,2023-01-01,2023-12-31,2.47,10-K,2023,FY,2024-02-20,0000021344-24-000009
21344,2023-01-01,2023-03-31,0.72,10-Q,2024,Q1,2024-05-02,0000021344-24-000017
21344,2024-01-01,2024-03-29,0.74,10-Q,2024,Q1,2024-05-02,0000021344-24-000017
21344,2023-01-01,2023-06-30,1.3,10-Q,2024,Q2,2024-07-29,0000021344-24-000044
21344,2023-04-01,2023-06-30,0.59,10-Q,2024,Q2,2024-07-29,0000021344-24-000044
21344,2024-01-01,2024-06-28,1.29,10-Q,2024,Q2,2024-07-29,0000021344-24-000044
21344,2024-03-30,2024-06-28,0.56,10-Q,2024,Q2,2024-07-29,0000021344-24-000044
21344,2023-01-01,2023-09-29,2.01,10-Q,2024,Q3,2024-10-24,0000021344-24-000060
21344,2023-07-01,2023-09-29,0.71,10-Q,2024,Q3,2024-10-24,0000021344-24-000060
21344,2024-01-01,2024-09-27,1.95,10-Q,2024,Q3,2024-10-24,0000021344-24-000060
21344,2024-06-29,2024-09-27,0.66,10-Q,2024,Q3,2024-10-24,0000021344-24-000060
21344,2022-01-01,2022-12-31,2.19,10-K,2024,FY,2025-02-20,0000021344-25-000011
21344,2023-01-01,2023-12-31,2.47,10-K,2024,FY,2025-02-20,0000021344-25-000011
21344,2024-01-01,2024-12-31,2.46,10-K,2024,FY,2025-02-20,0000021344-25-000011
21344,2024-01-01,2024-03-29,0.74,10-Q,2025,Q1,2025-05-01,0000021344-25-000029
21344,2025-01-01,2025-03-28,0.77,10-Q,2025,Q1,2025-05-01,0000021344-25-000029
21344,2024-01-01,2024-06-28,1.29,10-Q,2025,Q2,2025-07-24,0000021344-25-000061
21344,2024-03-30,2024-06-28,0.56,10-Q,2025,Q2,2025-07-24,0000021344-25-000061
21344,2025-01-01,2025-06-27,1.65,10-Q,2025,Q2,2025-07-24,0000021344-25-000061
21344,2025-03-29,2025-06-27,0.88,10-Q,2025,Q2,2025-07-24,0000021344-25-000061
21344,2024-01-01,2024-09-27,1.95,10-Q,2025,Q3,2025-10-23,0001628280-25-046054
21344,2024-06-29,2024-09-27,0.66,10-Q,2025,Q3,2025-10-23,0001628280-25-046054
21344,2025-01-01,2025-09-26,2.51,10-Q,2025,Q3,2025-10-23,0001628280-25-046054
21344,2025-06-28,2025-09-26,0.86,10-Q,2025,Q3,2025-10-23,0001628280-25-046054
21344,2023-01-01,2023-12-31,2.47,10-K,2025,FY,2026-02-20,0001628280-26-010047
21344,2024-01-01,2024-12-31,2.46,10-K,2025,FY,2026-02-20,0001628280-26-010047
21344,2025-01-01,2025-12-31,3.04,10-K,2025,FY,2026-02-20,0001628280-26-010047
21344,2025-01-01,2025-03-28,0.77,10-Q,2026,Q1,2026-04-30,0001628280-26-028802
21344,2026-01-01,2026-04-03,0.91,10-Q,2026,Q1,2026-04-30,0001628280-26-028802
34088,2009-01-01,2009-12-31,3.98,10-K,2011,FY,2012-02-24,0001193125-12-078102
34088,2010-01-01,2010-12-31,6.22,10-K,2011,FY,2012-02-24,0001193125-12-078102
34088,2011-01-01,2011-12-31,8.42,10-K,2011,FY,2012-02-24,0001193125-12-078102
34088,2011-01-01,2011-03-31,2.14,10-Q,2012,Q1,2012-05-03,0001193125-12-208076
34088,2012-01-01,2012-03-31,2,10-Q,2012,Q1,2012-05-03,0001193125-12-208076
34088,2011-01-01,2011-06-30,4.32,10-Q,2012,Q2,2012-08-02,0000034088-12-000036
34088,2011-04-01,2011-06-30,2.18,10-Q,2012,Q2,2012-08-02,0000034088-12-000036
34088,2012-01-01,2012-06-30,5.41,10-Q,2012,Q2,2012-08-02,0000034088-12-000036
34088,2012-04-01,2012-06-30,3.41,10-Q,2012,Q2,2012-08-02,0000034088-12-000036
34088,2011-01-01,2011-09-30,6.45,10-Q,2012,Q3,2012-11-06,0000034088-12-000050
34088,2011-07-01,2011-09-30,2.13,10-Q,2012,Q3,2012-11-06,0000034088-12-000050
34088,2012-01-01,2012-09-30,7.5,10-Q,2012,Q3,2012-11-06,0000034088-12-000050
34088,2012-07-01,2012-09-30,2.09,10-Q,2012,Q3,2012-11-06,0000034088-12-000050
34088,2010-01-01,2010-12-31,6.22,10-K,2012,FY,2013-02-27,0000034088-13-000011
34088,2011-01-01,2011-12-31,8.42,10-K,2012,FY,2013-02-27,0000034088-13-000011
34088,2012-01-01,2012-12-31,9.7,10-K,2012,FY,2013-02-27,0000034088-13-000011
34088,2012-01-01,2012-03-31,2,10-Q,2013,Q1,2013-05-02,0000034088-13-000019
34088,2013-01-01,2013-03-31,2.12,10-Q,2013,Q1,2013-05-02,0000034088-13-000019
34088,2012-01-01,2012-06-30,5.41,10-Q,2013,Q2,2013-08-06,0000034088-13-000035
34088,2012-04-01,2012-06-30,3.41,10-Q,2013,Q2,2013-08-06,0000034088-13-000035
34088,2013-01-01,2013-06-30,3.67,10-Q,2013,Q2,2013-08-06,0000034088-13-000035
34088,2013-04-01,2013-06-30,1.55,10-Q,2013,Q2,2013-08-06,0000034088-13-000035
34088,2012-01-01,2012-09-30,7.5,10-Q,2013,Q3,2013-11-05,0000034088-13-000046
34088,2012-07-01,2012-09-30,2.09,10-Q,2013,Q3,2013-11-05,0000034088-13-000046
34088,2013-01-01,2013-09-30,5.46,10-Q,2013,Q3,2013-11-05,0000034088-13-000046
34088,2013-07-01,2013-09-30,1.79,10-Q,2013,Q3,2013-11-05,0000034088-13-000046
34088,2011-01-01,2011-12-31,8.42,10-K,2013,FY,2014-02-26,0000034088-14-000012
34088,2012-01-01,2012-12-31,9.7,10-K,2013,FY,2014-02-26,0000034088-14-000012
34088,2013-01-01,2013-12-31,7.37,10-K,2013,FY,2014-02-26,0000034088-14-000012
34088,2013-01-01,2013-03-31,2.12,10-Q,2014,Q1,2014-05-07,0000034088-14-000019
34088,2014-01-01,2014-03-31,2.1,10-Q,2014,Q1,2014-05-07,0000034088-14-000019
34088,2013-01-01,2013-06-30,3.67,10-Q,2014,Q2,2014-08-06,0000034088-14-000036
34088,2013-04-01,2013-06-30,1.55,10-Q,2014,Q2,2014-08-06,0000034088-14-000036
34088,2014-01-01,2014-06-30,4.15,10-Q,2014,Q2,2014-08-06,0000034088-14-000036
34088,2014-04-01,2014-06-30,2.05,10-Q,2014,Q2,2014-08-06,0000034088-14-000036
34088,2013-01-01,2013-09-30,5.46,10-Q,2014,Q3,2014-11-05,0000034088-14-000044
34088,2013-07-01,2013-09-30,1.79,10-Q,2014,Q3,2014-11-05,0000034088-14-000044
34088,2014-01-01,2014-09-30,6.04,10-Q,2014,Q3,2014-11-05,0000034088-14-000044
34088,2014-07-01,2014-09-30,1.89,10-Q,2014,Q3,2014-11-05,0000034088-14-000044
34088,2012-01-01,2012-12-31,9.7,10-K,2014,FY,2015-02-25,0000034088-15-000013
34088,2013-01-01,2013-12-31,7.37,10-K,2014,FY,2015-02-25,0000034088-15-000013
34088,2014-01-01,2014-12-31,7.6,10-K,2014,FY,2015-02-25,0000034088-15-000013
34088,2014-01-01,2014-03-31,2.1,10-Q,2015,Q1,2015-05-06,0000034088-15-000021
34088,2015-01-01,2015-03-31,1.17,10-Q,2015,Q1,2015-05-06,0000034088-15-000021
34088,2014-01-01,2014-06-30,4.15,10-Q,2015,Q2,2015-08-05,0000034088-15-000035
34088,2014-04-01,2014-06-30,2.05,10-Q,2015,Q2,2015-08-05,0000034088-15-000035
34088,2015-01-01,2015-06-30,2.17,10-Q,2015,Q2,2015-08-05,0000034088-15-000035
34088,2015-04-01,2015-06-30,1,10-Q,2015,Q2,2015-08-05,0000034088-15-000035
34088,2014-01-01,2014-09-30,6.04,10-Q,2015,Q3,2015-11-04,0000034088-15-000044
34088,2014-07-01,2014-09-30,1.89,10-Q,2015,Q3,2015-11-04,0000034088-15-000044
34088,2015-01-01,2015-09-30,3.18,10-Q,2015,Q3,2015-11-04,0000034088-15-000044
34088,2015-07-01,2015-09-30,1.01,10-Q,2015,Q3,2015-11-04,0000034088-15-000044
34088,2013-01-01,2013-12-31,7.37,10-K,2015,FY,2016-02-24,0000034088-16-000065
34088,2014-01-01,2014-12-31,7.6,10-K,2015,FY,2016-02-24,0000034088-16-000065
34088,2015-01-01,2015-12-31,3.85,10-K,2015,FY,2016-02-24,0000034088-16-000065
34088,2015-01-01,2015-03-31,1.17,10-Q,2016,Q1,2016-05-04,0000034088-16-000071
34088,2016-01-01,2016-03-31,0.43,10-Q,2016,Q1,2016-05-04,0000034088-16-000071
34088,2015-01-01,2015-06-30,2.17,10-Q,2016,Q2,2016-08-03,0000034088-16-000082
34088,2015-04-01,2015-06-30,1,10-Q,2016,Q2,2016-08-03,0000034088-16-000082
34088,2016-01-01,2016-06-30,0.84,10-Q,2016,Q2,2016-08-03,0000034088-16-000082
34088,2016-04-01,2016-06-30,0.41,10-Q,2016,Q2,2016-08-03,0000034088-16-000082
34088,2015-01-01,2015-09-30,3.18,10-Q,2016,Q3,2016-11-03,0000034088-16-000097
34088,2015-07-01,2015-09-30,1.01,10-Q,2016,Q3,2016-11-03,0000034088-16-000097
34088,2016-01-01,2016-09-30,1.47,10-Q,2016,Q3,2016-11-03,0000034088-16-000097
34088,2016-07-01,2016-09-30,0.63,10-Q,2016,Q3,2016-11-03,0000034088-16-000097
34088,2014-01-01,2014-12-31,7.6,10-K,2016,FY,2017-02-22,0000034088-17-000017
34088,2015-01-01,2015-12-31,3.85,10-K,2016,FY,2017-02-22,0000034088-17-000017
34088,2016-01-01,2016-12-31,1.88,10-K,2016,FY,2017-02-22,0000034088-17-000017
34088,2016-01-01,2016-03-31,0.43,10-Q,2017,Q1,2017-05-03,0000034088-17-000027
34088,2017-01-01,2017-03-31,0.95,10-Q,2017,Q1,2017-05-03,0000034088-17-000027
34088,2016-01-01,2016-06-30,0.84,10-Q,2017,Q2,2017-08-02,0000034088-17-000041
34088,2016-04-01,2016-06-30,0.41,10-Q,2017,Q2,2017-08-02,0000034088-17-000041
34088,2017-01-01,2017-06-30,1.73,10-Q,2017,Q2,2017-08-02,0000034088-17-000041
34088,2017-04-01,2017-06-30,0.78,10-Q,2017,Q2,2017-08-02,0000034088-17-000041
34088,2016-01-01,2016-09-30,1.47,10-Q,2017,Q3,2017-11-01,0000034088-17-000052
34088,2016-07-01,2016-09-30,0.63,10-Q,2017,Q3,2017-11-01,0000034088-17-000052
34088,2017-01-01,2017-09-30,2.66,10-Q,2017,Q3,2017-11-01,0000034088-17-000052
34088,2017-07-01,2017-09-30,0.93,10-Q,2017,Q3,2017-11-01,0000034088-17-000052
34088,2015-01-01,2015-12-31,3.85,10-K,2017,FY,2018-02-28,0000034088-18-000015
34088,2016-01-01,2016-12-31,1.88,10-K,2017,FY,2018-02-28,0000034088-18-000015
34088,2017-01-01,2017-12-31,4.63,10-K,2017,FY,2018-02-28,0000034088-18-000015
34088,2017-01-01,2017-03-31,0.95,10-Q,2018,Q1,2018-05-03,0000034088-18-000024
34088,2018-01-01,2018-03-31,1.09,10-Q,2018,Q1,2018-05-03,0000034088-18-000024
34088,2017-01-01,2017-06-30,1.73,10-Q,2018,Q2,2018-08-02,0000034088-18-000039
34088,2017-04-01,2017-06-30,0.78,10-Q,2018,Q2,2018-08-02,0000034088-18-000039
34088,2018-01-01,2018-06-30,2.01,10-Q,2018,Q2,2018-08-02,0000034088-18-000039
34088,2018-04-01,2018-06-30,0.92,10-Q,2018,Q2,2018-08-02,0000034088-18-000039
34088,2017-01-01,2017-09-30,2.66,10-Q,2018,Q3,2018-11-07,0000034088-18-000048
34088,2017-07-01,2017-09-30,0.93,10-Q,2018,Q3,2018-11-07,0000034088-18-000048
34088,2018-01-01,2018-09-30,3.47,10-Q,2018,Q3,2018-11-07,0000034088-18-000048
34088,2018-07-01,2018-09-30,1.46,10-Q,2018,Q3,2018-11-07,0000034088-18-000048
34088,2016-01-01,2016-12-31,1.88,10-K,2018,FY,2019-02-27,0000034088-19-000010
34088,2017-01-01,2017-12-31,4.63,10-K,2018,FY,2019-02-27,0000034088-19-000010
34088,2018-01-01,2018-12-31,4.88,10-K,2018,FY,2019-02-27,0000034088-19-000010
34088,2018-01-01,2018-03-31,1.09,10-Q,2019,Q1,2019-05-02,0000034088-19-000017
34088,2019-01-01,2019-03-31,0.55,10-Q,2019,Q1,2019-05-02,0000034088-19-000017
34088,2018-01-01,2018-06-30,2.01,10-Q,2019,Q2,2019-08-07,0000034088-19-000042
34088,2018-04-01,2018-06-30,0.92,10-Q,2019,Q2,2019-08-07,0000034088-19-000042
34088,2019-01-01,2019-06-30,1.28,10-Q,2019,Q2,2019-08-07,0000034088-19-000042
34088,2019-04-01,2019-06-30,0.73,10-Q,2019,Q2,2019-08-07,0000034088-19-000042
34088,2018-01-01,2018-09-30,3.47,10-Q,2019,Q3,2019-11-06,0000034088-19-000062
34088,2018-07-01,2018-09-30,1.46,10-Q,2019,Q3,2019-11-06,0000034088-19-000062
34088,2019-01-01,2019-09-30,2.03,10-Q,2019,Q3,2019-11-06,0000034088-19-000062
34088,2019-07-01,2019-09-30,0.75,10-Q,2019,Q3,2019-11-06,0000034088-19-000062
34088,2017-01-01,2017-12-31,4.63,10-K,2019,FY,2020-02-26,0000034088-20-000016
34088,2018-01-01,2018-12-31,4.88,10-K,2019,FY,2020-02-26,0000034088-20-000016
34088,2019-01-01,2019-12-31,3.36,10-K,2019,FY,2020-02-26,0000034088-20-000016
34088,2019-01-01,2019-03-31,0.55,10-Q,2020,Q1,2020-05-06,0000034088-20-000037
34088,2020-01-01,2020-03-31,-0.14,10-Q,2020,Q1,2020-05-06,0000034088-20-000037
34088,2019-01-01,2019-06-30,1.28,10-Q,2020,Q2,2020-08-05,0000034088-20-000073
34088,2019-04-01,2019-06-30,0.73,10-Q,2020,Q2,2020-08-05,0000034088-20-000073
34088,2020-01-01,2020-06-30,-0.4,10-Q,2020,Q2,2020-08-05,0000034088-20-000073
34088,2020-04-01,2020-06-30,-0.26,10-Q,2020,Q2,2020-08-05,0000034088-20-000073
34088,2019-01-01,2019-09-30,2.03,10-Q,2020,Q3,2020-11-04,0000034088-20-000090
34088,2019-07-01,2019-09-30,0.75,10-Q,2020,Q3,2020-11-04,0000034088-20-000090
34088,2020-01-01,2020-09-30,-0.55,10-Q,2020,Q3,2020-11-04,0000034088-20-000090
34088,2020-07-01,2020-09-30,-0.15,10-Q,2020,Q3,2020-11-04,0000034088-20-000090
34088,2018-01-01,2018-12-31,4.88,10-K,2020,FY,2021-02-24,0000034088-21-000012
34088,2019-01-01,2019-12-31,3.36,10-K,2020,FY,2021-02-24,0000034088-21-000012
34088,2020-01-01,2020-12-31,-5.25,10-K,2020,FY,2021-02-24,0000034088-21-000012
34088,2020-01-01,2020-03-31,-0.14,10-Q,2021,Q1,2021-05-05,0000034088-21-000024
34088,2021-01-01,2021-03-31,0.64,10-Q,2021,Q1,2021-05-05,0000034088-21-000024
34088,2020-01-01,2020-06-30,-0.4,10-Q,2021,Q2,2021-08-04,0000034088-21-000051
34088,2020-04-01,2020-06-30,-0.26,10-Q,2021,Q2,2021-08-04,0000034088-21-000051
34088,2021-01-01,2021-06-30,1.74,10-Q,2021,Q2,2021-08-04,0000034088-21-000051
34088,2021-04-01,2021-06-30,1.1,10-Q,2021,Q2,2021-08-04,0000034088-21-000051
34088,2020-01-01,2020-09-30,-0.55,10-Q,2021,Q3,2021-11-03,0000034088-21-000064
34088,2020-07-01,2020-09-30,-0.15,10-Q,2021,Q3,2021-11-03,0000034088-21-000064
34088,2021-01-01,2021-09-30,3.31,10-Q,2021,Q3,2021-11-03,0000034088-21-000064
34088,2021-07-01,2021-09-30,1.57,10-Q,2021,Q3,2021-11-03,0000034088-21-000064
34088,2019-01-01,2019-12-31,3.36,10-K,2021,FY,2022-02-23,0000034088-22-000011
34088,2020-01-01,2020-12-31,-5.25,10-K,2021,FY,2022-02-23,0000034088-22-000011
34088,2021-01-01,2021-12-31,5.39,10-K,2021,FY,2022-02-23,0000034088-22-000011
34088,2021-01-01,2021-03-31,0.64,10-Q,2022,Q1,2022-05-04,0000034088-22-000026
34088,2022-01-01,2022-03-31,1.28,10-Q,2022,Q1,2022-05-04,0000034088-22-000026
34088,2021-01-01,2021-06-30,1.74,10-Q,2022,Q2,2022-08-03,0000034088-22-000051
34088,2021-04-01,2021-06-30,1.1,10-Q,2022,Q2,2022-08-03,0000034088-22-000051
34088,2022-01-01,2022-06-30,5.49,10-Q,2022,Q2,2022-08-03,0000034088-22-000051
34088,2022-04-01,2022-06-30,4.21,10-Q,2022,Q2,2022-08-03,0000034088-22-000051
34088,2021-01-01,2021-09-30,3.31,10-Q,2022,Q3,2022-11-02,0000034088-22-000064
34088,2021-07-01,2021-09-30,1.57,10-Q,2022,Q3,2022-11-02,0000034088-22-000064
34088,2022-01-01,2022-09-30,10.17,10-Q,2022,Q3,2022-11-02,0000034088-22-000064
34088,2022-07-01,2022-09-30,4.68,10-Q,2022,Q3,2022-11-02,0000034088-22-000064
34088,2020-01-01,2020-12-31,-5.25,10-K,2022,FY,2023-02-22,0000034088-23-000020
34088,2021-01-01,2021-12-31,5.39,10-K,2022,FY,2023-02-22,0000034088-23-000020
34088,2022-01-01,2022-12-31,13.26,10-K,2022,FY,2023-02-22,0000034088-23-000020
34088,2022-01-01,2022-03-31,1.28,10-Q,2023,Q1,2023-05-02,0000034088-23-000030
34088,2023-01-01,2023-03-31,2.79,10-Q,2023,Q1,2023-05-02,0000034088-23-000030
34088,2022-01-01,2022-06-30,5.49,10-Q,2023,Q2,2023-08-01,0000034088-23-000048
34088,2022-04-01,2022-06-30,4.21,10-Q,2023,Q2,2023-08-01,0000034088-23-000048
34088,2023-01-01,2023-06-30,4.73,10-Q,2023,Q2,2023-08-01,0000034088-23-000048
34088,2023-04-01,2023-06-30,1.94,10-Q,2023,Q2,2023-08-01,0000034088-23-000048
34088,2022-01-01,2022-09-30,10.17,10-Q,2023,Q3,2023-10-31,0000034088-23-000056
34088,2022-07-01,2022-09-30,4.68,10-Q,2023,Q3,2023-10-31,0000034088-23-000056
34088,2023-01-01,2023-09-30,6.98,10-Q,2023,Q3,2023-10-31,0000034088-23-000056
34088,2023-07-01,2023-09-30,2.25,10-Q,2023,Q3,2023-10-31,0000034088-23-000056
34088,2021-01-01,2021-12-31,5.39,10-K,2023,FY,2024-02-28,0000034088-24-000018
34088,2022-01-01,2022-12-31,13.26,10-K,2023,FY,2024-02-28,0000034088-24-000018
34088,2023-01-01,2023-12-31,8.89,10-K,2023,FY,2024-02-28,0000034088-24-000018
34088,2023-01-01,2023-03-31,2.79,10-Q,2024,Q1,2024-04-29,0000034088-24-000029
34088,2024-01-01,2024-03-31,2.06,10-Q,2024,Q1,2024-04-29,0000034088-24-000029
34088,2023-01-01,2023-06-30,4.73,10-Q,2024,Q2,2024-08-05,0000034088-24-000050
34088,2023-04-01,2023-06-30,1.94,10-Q,2024,Q2,2024-08-05,0000034088-24-000050
34088,2024-01-01,2024-06-30,4.2,10-Q,2024,Q2,2024-08-05,0000034088-24-000050
34088,2024-04-01,2024-06-30,2.14,10-Q,2024,Q2,2024-08-05,0000034088-24-000050
34088,2023-01-01,2023-09-30,6.98,10-Q,2024,Q3,2024-11-04,0000034088-24-000068
34088,2023-07-01,2023-09-30,2.25,10-Q,2024,Q3,2024-11-04,0000034088-24-000068
34088,2024-01-01,2024-09-30,6.12,10-Q,2024,Q3,2024-11-04,0000034088-24-000068
34088,2024-07-01,2024-09-30,1.92,10-Q,2024,Q3,2024-11-04,0000034088-24-000068
34088,2022-01-01,2022-12-31,13.26,10-K,2024,FY,2025-02-19,0000034088-25-000010
34088,2023-01-01,2023-12-31,8.89,10-K,2024,FY,2025-02-19,0000034088-25-000010
34088,2024-01-01,2024-12-31,7.84,10-K,2024,FY,2025-02-19,0000034088-25-000010
34088,2024-01-01,2024-03-31,2.06,10-Q,2025,Q1,2025-05-05,0000034088-25-000024
34088,2025-01-01,2025-03-31,1.76,10-Q,2025,Q1,2025-05-05,0000034088-25-000024
34088,2024-01-01,2024-06-30,4.2,10-Q,2025,Q2,2025-08-04,0000034088-25-000042
34088,2024-04-01,2024-06-30,2.14,10-Q,2025,Q2,2025-08-04,0000034088-25-000042
34088,2025-01-01,2025-06-30,3.4,10-Q,2025,Q2,2025-08-04,0000034088-25-000042
34088,2025-04-01,2025-06-30,1.64,10-Q,2025,Q2,2025-08-04,0000034088-25-000042
34088,2024-01-01,2024-09-30,6.12,10-Q,2025,Q3,2025-11-03,0000034088-25-000061
34088,2024-07-01,2024-09-30,1.92,10-Q,2025,Q3,2025-11-03,0000034088-25-000061
34088,2025-01-01,2025-09-30,5.16,10-Q,2025,Q3,2025-11-03,0000034088-25-000061
34088,2025-07-01,2025-09-30,1.76,10-Q,2025,Q3,2025-11-03,0000034088-25-000061
34088,2023-01-01,2023-12-31,8.89,10-K,2025,FY,2026-02-18,0000034088-26-000045
34088,2024-01-01,2024-12-31,7.84,10-K,2025,FY,2026-02-18,0000034088-26-000045
34088,2025-01-01,2025-12-31,6.7,10-K,2025,FY,2026-02-18,0000034088-26-000045
34088,2025-01-01,2025-03-31,1.76,10-Q,2026,Q1,2026-05-04,0000034088-26-000067
34088,2026-01-01,2026-03-31,1,10-Q,2026,Q1,2026-05-04,0000034088-26-000067
50863,2008-12-28,2009-12-26,0.77,10-K,2011,FY,2012-02-23,0001193125-12-075534
50863,2009-12-27,2010-12-25,2.01,10-K,2011,FY,2012-02-23,0001193125-12-075534
50863,2010-12-26,2011-12-31,2.39,10-K,2011,FY,2012-02-23,0001193125-12-075534
50863,2010-12-26,2011-04-02,0.56,10-Q,2012,Q1,2012-05-04,0001193125-12-212253
50863,2012-01-01,2012-03-31,0.53,10-Q,2012,Q1,2012-05-04,0001193125-12-212253
50863,2010-12-26,2011-07-02,1.11,10-Q,2012,Q2,2012-08-01,0001193125-12-329132
50863,2011-04-03,2011-07-02,0.54,10-Q,2012,Q2,2012-08-01,0001193125-12-329132
50863,2012-01-01,2012-06-30,1.07,10-Q,2012,Q2,2012-08-01,0001193125-12-329132
50863,2012-04-01,2012-06-30,0.54,10-Q,2012,Q2,2012-08-01,0001193125-12-329132
50863,2010-12-26,2011-10-01,1.75,10-Q,2012,Q3,2012-10-31,0001193125-12-444095
50863,2011-07-03,2011-10-01,0.65,10-Q,2012,Q3,2012-10-31,0001193125-12-444095
50863,2012-01-01,2012-09-29,1.65,10-Q,2012,Q3,2012-10-31,0001193125-12-444095
50863,2012-07-01,2012-09-29,0.58,10-Q,2012,Q3,2012-10-31,0001193125-12-444095
50863,2009-12-27,2010-12-25,2.01,10-K,2012,FY,2013-02-19,0001193125-13-065416
50863,2010-12-26,2011-12-31,2.39,10-K,2012,FY,2013-02-19,0001193125-13-065416
50863,2012-01-01,2012-12-29,2.13,10-K,2012,FY,2013-02-19,0001193125-13-065416
50863,2012-01-01,2012-03-31,0.53,10-Q,2013,Q1,2013-04-29,0000050863-13-000043
50863,2012-12-30,2013-03-30,0.4,10-Q,2013,Q1,2013-04-29,0000050863-13-000043
50863,2012-01-01,2012-06-30,1.07,10-Q,2013,Q2,2013-07-29,0000050863-13-000087
50863,2012-04-01,2012-06-30,0.54,10-Q,2013,Q2,2013-07-29,0000050863-13-000087
50863,2012-12-30,2013-06-29,0.79,10-Q,2013,Q2,2013-07-29,0000050863-13-000087
50863,2013-03-31,2013-06-29,0.39,10-Q,2013,Q2,2013-07-29,0000050863-13-000087
50863,2012-01-01,2012-09-29,1.65,10-Q,2013,Q3,2013-10-28,0000050863-13-000104
50863,2012-07-01,2012-09-29,0.58,10-Q,2013,Q3,2013-10-28,0000050863-13-000104
50863,2012-12-30,2013-09-28,1.37,10-Q,2013,Q3,2013-10-28,0000050863-13-000104
50863,2013-06-30,2013-09-28,0.58,10-Q,2013,Q3,2013-10-28,0000050863-13-000104
50863,2010-12-26,2011-12-31,2.39,10-K,2013,FY,2014-02-14,0000050863-14-000020
50863,2012-01-01,2012-12-29,2.13,10-K,2013,FY,2014-02-14,0000050863-14-000020
50863,2012-12-30,2013-12-28,1.89,10-K,2013,FY,2014-02-14,0000050863-14-000020
50863,2012-12-30,2013-03-30,0.4,10-Q,2014,Q1,2014-04-25,0000050863-14-000032
50863,2013-12-29,2014-03-29,0.38,10-Q,2014,Q1,2014-04-25,0000050863-14-000032
50863,2012-12-30,2013-06-29,0.79,10-Q,2014,Q2,2014-07-25,0000050863-14-000058
50863,2013-03-31,2013-06-29,0.39,10-Q,2014,Q2,2014-07-25,0000050863-14-000058
50863,2013-12-29,2014-06-28,0.92,10-Q,2014,Q2,2014-07-25,0000050863-14-000058
50863,2014-03-30,2014-06-28,0.55,10-Q,2014,Q2,2014-07-25,0000050863-14-000058
50863,2012-12-30,2013-09-28,1.37,10-Q,2014,Q3,2014-10-29,0000050863-14-000069
50863,2013-06-30,2013-09-28,0.58,10-Q,2014,Q3,2014-10-29,0000050863-14-000069
50863,2013-12-29,2014-09-27,1.58,10-Q,2014,Q3,2014-10-29,0000050863-14-000069
50863,2014-06-29,2014-09-27,0.66,10-Q,2014,Q3,2014-10-29,0000050863-14-000069
50863,2012-01-01,2012-12-29,2.13,10-K,2014,FY,2015-02-13,0000050863-15-000015
50863,2012-12-30,2013-12-28,1.89,10-K,2014,FY,2015-02-13,0000050863-15-000015
50863,2013-12-29,2014-12-27,2.31,10-K,2014,FY,2015-02-13,0000050863-15-000015
50863,2013-12-29,2014-03-29,0.38,10-Q,2015,Q1,2015-04-27,0000050863-15-000028
50863,2014-12-28,2015-03-28,0.41,10-Q,2015,Q1,2015-04-27,0000050863-15-000028
50863,2013-12-29,2014-06-28,0.92,10-Q,2015,Q2,2015-07-27,0000050863-15-000055
50863,2014-03-30,2014-06-28,0.55,10-Q,2015,Q2,2015-07-27,0000050863-15-000055
50863,2014-12-28,2015-06-27,0.96,10-Q,2015,Q2,2015-07-27,0000050863-15-000055
50863,2015-03-29,2015-06-27,0.55,10-Q,2015,Q2,2015-07-27,0000050863-15-000055
50863,2013-12-29,2014-09-27,1.58,10-Q,2015,Q3,2015-10-28,0000050863-15-000072
50863,2014-06-29,2014-09-27,0.66,10-Q,2015,Q3,2015-10-28,0000050863-15-000072
50863,2014-12-28,2015-09-26,1.59,10-Q,2015,Q3,2015-10-28,0000050863-15-000072
50863,2015-06-28,2015-09-26,0.64,10-Q,2015,Q3,2015-10-28,0000050863-15-000072
50863,2012-12-30,2013-12-28,1.89,10-K,2015,FY,2016-02-12,0000050863-16-000105
50863,2013-12-29,2014-12-27,2.31,10-K,2015,FY,2016-02-12,0000050863-16-000105
50863,2014-12-28,2015-12-26,2.33,10-K,2015,FY,2016-02-12,0000050863-16-000105
50863,2014-12-28,2015-03-28,0.41,10-Q,2016,Q1,2016-05-02,0000050863-16-000125
50863,2015-12-27,2016-04-02,0.42,10-Q,2016,Q1,2016-05-02,0000050863-16-000125
50863,2014-12-28,2015-06-27,0.96,10-Q,2016,Q2,2016-08-01,0000050863-16-000142
50863,2015-03-29,2015-06-27,0.55,10-Q,2016,Q2,2016-08-01,0000050863-16-000142
50863,2015-12-27,2016-07-02,0.69,10-Q,2016,Q2,2016-08-01,0000050863-16-000142
50863,2016-04-03,2016-07-02,0.27,10-Q,2016,Q2,2016-08-01,0000050863-16-000142
50863,2014-12-28,2015-09-26,1.59,10-Q,2016,Q3,2016-10-31,0000050863-16-000153
50863,2015-06-28,2015-09-26,0.64,10-Q,2016,Q3,2016-10-31,0000050863-16-000153
50863,2015-12-27,2016-10-01,1.39,10-Q,2016,Q3,2016-10-31,0000050863-16-000153
50863,2016-07-03,2016-10-01,0.69,10-Q,2016,Q3,2016-10-31,0000050863-16-000153
50863,2013-12-29,2014-12-27,2.31,10-K,2016,FY,2017-02-17,0000050863-17-000012
50863,2014-12-28,2015-12-26,2.33,10-K,2016,FY,2017-02-17,0000050863-17-000012
50863,2015-12-27,2016-12-31,2.12,10-K,2016,FY,2017-02-17,0000050863-17-000012
50863,2015-12-27,2016-04-02,0.42,10-Q,2017,Q1,2017-04-27,0000050863-17-000029
50863,2017-01-01,2017-04-01,0.61,10-Q,2017,Q1,2017-04-27,0000050863-17-000029
50863,2015-12-27,2016-07-02,0.69,10-Q,2017,Q2,2017-07-27,0000050863-17-000041
50863,2016-04-03,2016-07-02,0.27,10-Q,2017,Q2,2017-07-27,0000050863-17-000041
50863,2017-01-01,2017-07-01,1.19,10-Q,2017,Q2,2017-07-27,0000050863-17-000041
50863,2017-04-02,2017-07-01,0.58,10-Q,2017,Q2,2017-07-27,0000050863-17-000041
50863,2015-12-27,2016-10-01,1.39,10-Q,2017,Q3,2017-10-26,0000050863-17-000048
50863,2016-07-03,2016-10-01,0.69,10-Q,2017,Q3,2017-10-26,0000050863-17-000048
50863,2017-01-01,2017-09-30,2.12,10-Q,2017,Q3,2017-10-26,0000050863-17-000048
50863,2017-07-02,2017-09-30,0.94,10-Q,2017,Q3,2017-10-26,0000050863-17-000048
50863,2014-12-28,2015-12-26,2.33,10-K,2017,FY,2018-02-16,0000050863-18-000007
50863,2015-12-27,2016-12-31,2.12,10-K,2017,FY,2018-02-16,0000050863-18-000007
50863,2017-01-01,2017-12-30,1.99,10-K,2017,FY,2018-02-16,0000050863-18-000007
50863,2017-01-01,2017-04-01,0.61,10-Q,2018,Q1,2018-04-27,0000050863-18-000013
50863,2017-12-31,2018-03-31,0.93,10-Q,2018,Q1,2018-04-27,0000050863-18-000013
50863,2017-01-01,2017-07-01,1.19,10-Q,2018,Q2,2018-07-27,0000050863-18-000022
50863,2017-04-02,2017-07-01,0.58,10-Q,2018,Q2,2018-07-27,0000050863-18-000022
50863,2017-12-31,2018-06-30,1.98,10-Q,2018,Q2,2018-07-27,0000050863-18-000022
50863,2018-04-01,2018-06-30,1.05,10-Q,2018,Q2,2018-07-27,0000050863-18-000022
50863,2017-01-01,2017-09-30,2.12,10-Q,2018,Q3,2018-10-26,0000050863-18-000029
50863,2017-07-02,2017-09-30,0.94,10-Q,2018,Q3,2018-10-26,0000050863-18-000029
50863,2017-12-31,2018-09-29,3.35,10-Q,2018,Q3,2018-10-26,0000050863-18-000029
50863,2018-07-01,2018-09-29,1.38,10-Q,2018,Q3,2018-10-26,0000050863-18-000029
50863,2015-12-27,2016-12-31,2.12,10-K,2018,FY,2019-02-01,0000050863-19-000007
50863,2017-01-01,2017-12-30,1.99,10-K,2018,FY,2019-02-01,0000050863-19-000007
50863,2017-12-31,2018-12-29,4.48,10-K,2018,FY,2019-02-01,0000050863-19-000007
50863,2017-12-31,2018-03-31,0.93,10-Q,2019,Q1,2019-04-26,0000050863-19-000013
50863,2018-12-30,2019-03-30,0.87,10-Q,2019,Q1,2019-04-26,0000050863-19-000013
50863,2017-12-31,2018-06-30,1.98,10-Q,2019,Q2,2019-07-26,0000050863-19-000023
50863,2018-04-01,2018-06-30,1.05,10-Q,2019,Q2,2019-07-26,0000050863-19-000023
50863,2018-12-30,2019-06-29,1.79,10-Q,2019,Q2,2019-07-26,0000050863-19-000023
50863,2019-03-31,2019-06-29,0.92,10-Q,2019,Q2,2019-07-26,0000050863-19-000023
50863,2017-12-31,2018-09-29,3.35,10-Q,2019,Q3,2019-10-25,0000050863-19-000029
50863,2018-07-01,2018-09-29,1.38,10-Q,2019,Q3,2019-10-25,0000050863-19-000029
50863,2018-12-30,2019-09-28,3.14,10-Q,2019,Q3,2019-10-25,0000050863-19-000029
50863,2019-06-30,2019-09-28,1.35,10-Q,2019,Q3,2019-10-25,0000050863-19-000029
50863,2017-01-01,2017-12-30,1.99,10-K,2019,FY,2020-01-24,0000050863-20-000011
50863,2017-12-31,2018-12-29,4.48,10-K,2019,FY,2020-01-24,0000050863-20-000011
50863,2018-12-30,2019-12-28,4.71,10-K,2019,FY,2020-01-24,0000050863-20-000011
50863,2018-12-30,2019-03-30,0.87,10-Q,2020,Q1,2020-04-24,0000050863-20-000017
50863,2019-12-29,2020-03-28,1.31,10-Q,2020,Q1,2020-04-24,0000050863-20-000017
50863,2018-12-30,2019-06-29,1.79,10-Q,2020,Q2,2020-07-24,0000050863-20-000026
50863,2019-03-31,2019-06-29,0.92,10-Q,2020,Q2,2020-07-24,0000050863-20-000026
50863,2019-12-29,2020-06-27,2.5,10-Q,2020,Q2,2020-07-24,0000050863-20-000026
50863,2020-03-29,2020-06-27,1.19,10-Q,2020,Q2,2020-07-24,0000050863-20-000026
50863,2018-12-30,2019-09-28,3.14,10-Q,2020,Q3,2020-10-23,0000050863-20-000043
50863,2019-06-30,2019-09-28,1.35,10-Q,2020,Q3,2020-10-23,0000050863-20-000043
50863,2019-12-29,2020-09-26,3.52,10-Q,2020,Q3,2020-10-23,0000050863-20-000043
50863,2020-06-28,2020-09-26,1.02,10-Q,2020,Q3,2020-10-23,0000050863-20-000043
50863,2017-12-31,2018-12-29,4.48,10-K,2020,FY,2021-01-22,0000050863-21-000010
50863,2018-12-30,2019-12-28,4.71,10-K,2020,FY,2021-01-22,0000050863-21-000010
50863,2019-12-29,2020-12-26,4.94,10-K,2020,FY,2021-01-22,0000050863-21-000010
50863,2019-12-29,2020-03-28,1.31,10-Q,2021,Q1,2021-04-23,0000050863-21-000018
50863,2020-12-27,2021-03-27,0.82,10-Q,2021,Q1,2021-04-23,0000050863-21-000018
50863,2019-12-29,2020-06-27,2.5,10-Q,2021,Q2,2021-07-23,0000050863-21-000030
50863,2020-03-29,2020-06-27,1.19,10-Q,2021,Q2,2021-07-23,0000050863-21-000030
50863,2020-12-27,2021-06-26,2.06,10-Q,2021,Q2,2021-07-23,0000050863-21-000030
50863,2021-03-28,2021-06-26,1.24,10-Q,2021,Q2,2021-07-23,0000050863-21-000030
50863,2019-12-29,2020-09-26,3.52,10-Q,2021,Q3,2021-10-22,0000050863-21-000038
50863,2020-06-28,2020-09-26,1.02,10-Q,2021,Q3,2021-10-22,0000050863-21-000038
50863,2020-12-27,2021-09-25,3.73,10-Q,2021,Q3,2021-10-22,0000050863-21-000038
50863,2021-06-27,2021-09-25,1.67,10-Q,2021,Q3,2021-10-22,0000050863-21-000038
50863,2018-12-30,2019-12-28,4.71,10-K,2021,FY,2022-01-27,0000050863-22-000007
50863,2019-12-29,2020-12-26,4.94,10-K,2021,FY,2022-01-27,0000050863-22-000007
50863,2020-12-27,2021-12-25,4.86,10-K,2021,FY,2022-01-27,0000050863-22-000007
50863,2020-12-27,2021-03-27,0.82,10-Q,2022,Q1,2022-04-29,0000050863-22-000020
50863,2021-12-26,2022-04-02,1.98,10-Q,2022,Q1,2022-04-29,0000050863-22-000020
50863,2020-12-27,2021-06-26,2.06,10-Q,2022,Q2,2022-07-29,0000050863-22-000030
50863,2021-03-28,2021-06-26,1.24,10-Q,2022,Q2,2022-07-29,0000050863-22-000030
50863,2021-12-26,2022-07-02,1.86,10-Q,2022,Q2,2022-07-29,0000050863-22-000030
50863,2022-04-03,2022-07-02,-0.11,10-Q,2022,Q2,2022-07-29,0000050863-22-000030
50863,2020-12-27,2021-09-25,3.73,10-Q,2022,Q3,2022-10-28,0000050863-22-000038
50863,2021-06-27,2021-09-25,1.67,10-Q,2022,Q3,2022-10-28,0000050863-22-000038
50863,2021-12-26,2022-10-01,2.1,10-Q,2022,Q3,2022-10-28,0000050863-22-000038
50863,2022-07-03,2022-10-01,0.25,10-Q,2022,Q3,2022-10-28,0000050863-22-000038
50863,2019-12-29,2020-12-26,4.94,10-K,2022,FY,2023-01-27,0000050863-23-000006
50863,2020-12-27,2021-12-25,4.86,10-K,2022,FY,2023-01-27,0000050863-23-000006
50863,2021-12-26,2022-12-31,1.94,10-K,2022,FY,2023-01-27,0000050863-23-000006
50863,2021-12-26,2022-04-02,1.98,10-Q,2023,Q1,2023-04-28,0000050863-23-000028
50863,2023-01-01,2023-04-01,-0.66,10-Q,2023,Q1,2023-04-28,0000050863-23-000028
50863,2021-12-26,2022-07-02,1.86,10-Q,2023,Q2,2023-07-28,0000050863-23-000069
50863,2022-04-03,2022-07-02,-0.11,10-Q,2023,Q2,2023-07-28,0000050863-23-000069
50863,2023-01-01,2023-07-01,-0.31,10-Q,2023,Q2,2023-07-28,0000050863-23-000069
50863,2023-04-02,2023-07-01,0.35,10-Q,2023,Q2,2023-07-28,0000050863-23-000069
50863,2021-12-26,2022-10-01,2.1,10-Q,2023,Q3,2023-10-27,0000050863-23-000103
50863,2022-07-03,2022-10-01,0.25,10-Q,2023,Q3,2023-10-27,0000050863-23-000103
50863,2023-01-01,2023-09-30,-0.23,10-Q,2023,Q3,2023-10-27,0000050863-23-000103
50863,2023-07-02,2023-09-30,0.07,10-Q,2023,Q3,2023-10-27,0000050863-23-000103
50863,2020-12-27,2021-12-25,4.86,10-K,2023,FY,2024-01-26,0000050863-24-000010
50863,2021-12-26,2022-12-31,1.94,10-K,2023,FY,2024-01-26,0000050863-24-000010
50863,2023-01-01,2023-12-30,0.4,10-K,2023,FY,2024-01-26,0000050863-24-000010
50863,2023-01-01,2023-04-01,-0.66,10-Q,2024,Q1,2024-04-26,0000050863-24-000076
50863,2023-12-31,2024-03-30,-0.09,10-Q,2024,Q1,2024-04-26,0000050863-24-000076
50863,2023-01-01,2023-07-01,-0.31,10-Q,2024,Q2,2024-08-02,0000050863-24-000124
50863,2023-04-02,2023-07-01,0.35,10-Q,2024,Q2,2024-08-02,0000050863-24-000124
50863,2023-12-31,2024-06-29,-0.47,10-Q,2024,Q2,2024-08-02,0000050863-24-000124
50863,2024-03-31,2024-06-29,-0.38,10-Q,2024,Q2,2024-08-02,0000050863-24-000124
50863,2023-01-01,2023-09-30,-0.23,10-Q,2024,Q3,2024-11-01,0000050863-24-000149
50863,2023-07-02,2023-09-30,0.07,10-Q,2024,Q3,2024-11-01,0000050863-24-000149
50863,2023-12-31,2024-09-28,-4.37,10-Q,2024,Q3,2024-11-01,0000050863-24-000149
50863,2024-06-30,2024-09-28,-3.88,10-Q,2024,Q3,2024-11-01,0000050863-24-000149
50863,2021-12-26,2022-12-31,1.94,10-K,2024,FY,2025-01-31,0000050863-25-000009
50863,2023-01-01,2023-12-30,0.4,10-K,2024,FY,2025-01-31,0000050863-25-000009
50863,2023-12-31,2024-12-28,-4.38,10-K,2024,FY,2025-01-31,0000050863-25-000009
50863,2023-12-31,2024-03-30,-0.09,10-Q,2025,Q1,2025-04-25,0000050863-25-000074
50863,2024-12-29,2025-03-29,-0.19,10-Q,2025,Q1,2025-04-25,0000050863-25-000074
50863,2023-12-31,2024-06-29,-0.47,10-Q,2025,Q2,2025-07-24,0000050863-25-000109
50863,2024-03-31,2024-06-29,-0.38,10-Q,2025,Q2,2025-07-24,0000050863-25-000109
50863,2024-12-29,2025-06-28,-0.86,10-Q,2025,Q2,2025-07-24,0000050863-25-000109
50863,2025-03-30,2025-06-28,-0.67,10-Q,2025,Q2,2025-07-24,0000050863-25-000109
50863,2023-12-31,2024-09-28,-4.37,10-Q,2025,Q3,2025-11-06,0000050863-25-000179
50863,2024-06-30,2024-09-28,-3.88,10-Q,2025,Q3,2025-11-06,0000050863-25-000179
50863,2024-12-29,2025-09-27,0.07,10-Q,2025,Q3,2025-11-06,0000050863-25-000179
50863,2025-06-29,2025-09-27,0.9,10-Q,2025,Q3,2025-11-06,0000050863-25-000179
50863,2023-01-01,2023-12-30,0.4,10-K,2025,FY,2026-01-23,0000050863-26-000011
50863,2023-12-31,2024-12-28,-4.38,10-K,2025,FY,2026-01-23,0000050863-26-000011
50863,2024-12-29,2025-12-27,-0.06,10-K,2025,FY,2026-01-23,0000050863-26-000011
50863,2024-12-29,2025-03-29,-0.19,10-Q,2026,Q1,2026-04-24,0000050863-26-000079
50863,2025-12-28,2026-03-28,-0.73,10-Q,2026,Q1,2026-04-24,0000050863-26-000079
50863,2024-12-29,2025-06-28,-0.86,10-Q,2026,Q2,2026-07-24,0000050863-26-000157
50863,2025-03-30,2025-06-28,-0.67,10-Q,2026,Q2,2026-07-24,0000050863-26-000157
50863,2025-12-28,2026-06-27,-2.89,10-Q,2026,Q2,2026-07-24,0000050863-26-000157
50863,2026-03-29,2026-06-27,-2.16,10-Q,2026,Q2,2026-07-24,0000050863-26-000157
80424,2010-07-01,2010-12-31,2.13,10-Q,2012,Q2,2012-01-27,0000080424-12-000015
80424,2010-10-01,2010-12-31,1.11,10-Q,2012,Q2,2012-01-27,0000080424-12-000015
80424,2011-07-01,2011-12-31,1.6,10-Q,2012,Q2,2012-01-27,0000080424-12-000015
80424,2011-10-01,2011-12-31,0.57,10-Q,2012,Q2,2012-01-27,0000080424-12-000015
80424,2010-07-01,2011-03-31,3.09,10-Q,2012,Q3,2012-04-27,0000080424-12-000040
80424,2011-01-01,2011-03-31,0.96,10-Q,2012,Q3,2012-04-27,0000080424-12-000040
80424,2011-07-01,2012-03-31,2.42,10-Q,2012,Q3,2012-04-27,0000080424-12-000040
80424,2012-01-01,2012-03-31,0.82,10-Q,2012,Q3,2012-04-27,0000080424-12-000040
80424,2009-07-01,2010-06-30,4.11,10-K,2012,FY,2012-08-08,0000080424-12-000063
80424,2010-07-01,2010-09-30,1.02,10-K,2012,FY,2012-08-08,0000080424-12-000063
80424,2010-10-01,2010-12-31,1.11,10-K,2012,FY,2012-08-08,0000080424-12-000063
80424,2011-01-01,2011-03-31,0.96,10-K,2012,FY,2012-08-08,0000080424-12-000063
80424,2010-07-01,2011-06-30,3.93,10-K,2012,FY,2012-08-08,0000080424-12-000063
80424,2011-04-01,2011-06-30,0.84,10-K,2012,FY,2012-08-08,0000080424-12-000063
80424,2011-07-01,2011-09-30,1.03,10-K,2012,FY,2012-08-08,0000080424-12-000063
80424,2011-10-01,2011-12-31,0.57,10-K,2012,FY,2012-08-08,0000080424-12-000063
80424,2012-01-01,2012-03-31,0.82,10-K,2012,FY,2012-08-08,0000080424-12-000063
80424,2011-07-01,2012-06-30,3.66,10-K,2012,FY,2012-08-08,0000080424-12-000063
80424,2012-04-01,2012-06-30,1.24,10-K,2012,FY,2012-08-08,0000080424-12-000063
80424,2011-07-01,2011-09-30,1.03,10-Q,2013,Q1,2012-10-25,0000080424-12-000092
80424,2012-07-01,2012-09-30,0.96,10-Q,2013,Q1,2012-10-25,0000080424-12-000092
80424,2011-07-01,2011-12-31,1.6,10-Q,2013,Q2,2013-01-25,0000080424-13-000012
80424,2011-10-01,2011-12-31,0.57,10-Q,2013,Q2,2013-01-25,0000080424-13-000012
80424,2012-07-01,2012-12-31,2.35,10-Q,2013,Q2,2013-01-25,0000080424-13-000012
80424,2012-10-01,2012-12-31,1.39,10-Q,2013,Q2,2013-01-25,0000080424-13-000012
80424,2011-07-01,2012-03-31,2.42,10-Q,2013,Q3,2013-04-24,0000080424-13-000033
80424,2012-01-01,2012-03-31,0.82,10-Q,2013,Q3,2013-04-24,0000080424-13-000033
80424,2012-07-01,2013-03-31,3.22,10-Q,2013,Q3,2013-04-24,0000080424-13-000033
80424,2013-01-01,2013-03-31,0.88,10-Q,2013,Q3,2013-04-24,0000080424-13-000033
80424,2010-07-01,2011-06-30,3.93,10-K,2013,FY,2013-08-08,0000080424-13-000063
80424,2011-07-01,2011-09-30,1.03,10-K,2013,FY,2013-08-08,0000080424-13-000063
80424,2011-10-01,2011-12-31,0.57,10-K,2013,FY,2013-08-08,0000080424-13-000063
80424,2012-01-01,2012-03-31,0.82,10-K,2013,FY,2013-08-08,0000080424-13-000063
80424,2011-07-01,2012-06-30,3.66,10-K,2013,FY,2013-08-08,0000080424-13-000063
80424,2012-04-01,2012-06-30,1.24,10-K,2013,FY,2013-08-08,0000080424-13-000063
80424,2012-07-01,2012-09-30,0.96,10-K,2013,FY,2013-08-08,0000080424-13-000063
80424,2012-10-01,2012-12-31,1.39,10-K,2013,FY,2013-08-08,0000080424-13-000063
80424,2013-01-01,2013-03-31,0.88,10-K,2013,FY,2013-08-08,0000080424-13-000063
80424,2012-07-01,2013-06-30,3.86,10-K,2013,FY,2013-08-08,0000080424-13-000063
80424,2013-04-01,2013-06-30,0.64,10-K,2013,FY,2013-08-08,0000080424-13-000063
80424,2011-07-01,2012-06-30,3.66,10-K,2014,FY,2014-08-08,0000080424-14-000057
80424,2012-07-01,2012-09-30,0.96,10-K,2014,FY,2014-08-08,0000080424-14-000057
80424,2012-10-01,2012-12-31,1.39,10-K,2014,FY,2014-08-08,0000080424-14-000057
80424,2013-01-01,2013-03-31,0.88,10-K,2014,FY,2014-08-08,0000080424-14-000057
80424,2012-07-01,2013-06-30,3.86,10-K,2014,FY,2014-08-08,0000080424-14-000057
80424,2013-04-01,2013-06-30,0.64,10-K,2014,FY,2014-08-08,0000080424-14-000057
80424,2013-07-01,2013-09-30,1.04,10-K,2014,FY,2014-08-08,0000080424-14-000057
80424,2013-10-01,2013-12-31,1.18,10-K,2014,FY,2014-08-08,0000080424-14-000057
80424,2014-01-01,2014-03-31,0.9,10-K,2014,FY,2014-08-08,0000080424-14-000057
80424,2013-07-01,2014-06-30,4.01,10-K,2014,FY,2014-08-08,0000080424-14-000057
80424,2014-04-01,2014-06-30,0.89,10-K,2014,FY,2014-08-08,0000080424-14-000057
80424,2013-07-01,2013-09-30,1.04,10-Q,2015,Q1,2014-10-24,0000080424-14-000077
80424,2014-07-01,2014-09-30,0.69,10-Q,2015,Q1,2014-10-24,0000080424-14-000077
80424,2013-07-01,2013-12-31,2.21,10-Q,2015,Q2,2015-01-27,0000080424-15-000014
80424,2013-10-01,2013-12-31,1.18,10-Q,2015,Q2,2015-01-27,0000080424-15-000014
80424,2014-07-01,2014-12-31,1.51,10-Q,2015,Q2,2015-01-27,0000080424-15-000014
80424,2014-10-01,2014-12-31,0.82,10-Q,2015,Q2,2015-01-27,0000080424-15-000014
80424,2013-07-01,2014-03-31,3.12,10-Q,2015,Q3,2015-04-23,0000080424-15-000039
80424,2014-01-01,2014-03-31,0.9,10-Q,2015,Q3,2015-04-23,0000080424-15-000039
80424,2014-07-01,2015-03-31,2.26,10-Q,2015,Q3,2015-04-23,0000080424-15-000039
80424,2015-01-01,2015-03-31,0.75,10-Q,2015,Q3,2015-04-23,0000080424-15-000039
80424,2012-07-01,2013-06-30,3.86,10-K,2015,FY,2015-08-07,0000080424-15-000070
80424,2013-07-01,2013-09-30,1.04,10-K,2015,FY,2015-08-07,0000080424-15-000070
80424,2013-10-01,2013-12-31,1.18,10-K,2015,FY,2015-08-07,0000080424-15-000070
80424,2014-01-01,2014-03-31,0.9,10-K,2015,FY,2015-08-07,0000080424-15-000070
80424,2013-07-01,2014-06-30,4.01,10-K,2015,FY,2015-08-07,0000080424-15-000070
80424,2014-04-01,2014-06-30,0.89,10-K,2015,FY,2015-08-07,0000080424-15-000070
80424,2014-07-01,2014-09-30,0.69,10-K,2015,FY,2015-08-07,0000080424-15-000070
80424,2014-10-01,2014-12-31,0.82,10-K,2015,FY,2015-08-07,0000080424-15-000070
80424,2015-01-01,2015-03-31,0.75,10-K,2015,FY,2015-08-07,0000080424-15-000070
80424,2014-07-01,2015-06-30,2.44,10-K,2015,FY,2015-08-07,0000080424-15-000070
80424,2015-04-01,2015-06-30,0.18,10-K,2015,FY,2015-08-07,0000080424-15-000070
80424,2014-07-01,2014-09-30,0.69,10-Q,2016,Q1,2015-10-23,0000080424-15-000098
80424,2015-07-01,2015-09-30,0.91,10-Q,2016,Q1,2015-10-23,0000080424-15-000098
80424,2014-07-01,2014-12-31,1.51,10-Q,2016,Q2,2016-01-26,0000080424-16-000166
80424,2014-10-01,2014-12-31,0.82,10-Q,2016,Q2,2016-01-26,0000080424-16-000166
80424,2015-07-01,2015-12-31,2.03,10-Q,2016,Q2,2016-01-26,0000080424-16-000166
80424,2015-10-01,2015-12-31,1.12,10-Q,2016,Q2,2016-01-26,0000080424-16-000166
80424,2014-07-01,2015-03-31,2.26,10-Q,2016,Q3,2016-04-26,0000080424-16-000183
80424,2015-01-01,2015-03-31,0.75,10-Q,2016,Q3,2016-04-26,0000080424-16-000183
80424,2015-07-01,2016-03-31,3,10-Q,2016,Q3,2016-04-26,0000080424-16-000183
80424,2016-01-01,2016-03-31,0.97,10-Q,2016,Q3,2016-04-26,0000080424-16-000183
80424,2013-07-01,2014-06-30,4.01,10-K,2016,FY,2016-08-09,0000080424-16-000212
80424,2014-07-01,2014-09-30,0.69,10-K,2016,FY,2016-08-09,0000080424-16-000212
80424,2014-10-01,2014-12-31,0.82,10-K,2016,FY,2016-08-09,0000080424-16-000212
80424,2015-01-01,2015-03-31,0.75,10-K,2016,FY,2016-08-09,0000080424-16-000212
80424,2014-07-01,2015-06-30,2.44,10-K,2016,FY,2016-08-09,0000080424-16-000212
80424,2015-04-01,2015-06-30,0.18,10-K,2016,FY,2016-08-09,0000080424-16-000212
80424,2015-07-01,2015-09-30,0.91,10-K,2016,FY,2016-08-09,0000080424-16-000212
80424,2015-10-01,2015-12-31,1.12,10-K,2016,FY,2016-08-09,0000080424-16-000212
80424,2016-01-01,2016-03-31,0.97,10-K,2016,FY,2016-08-09,0000080424-16-000212
80424,2015-07-01,2016-06-30,3.69,10-K,2016,FY,2016-08-09,0000080424-16-000212
80424,2016-04-01,2016-06-30,0.69,10-K,2016,FY,2016-08-09,0000080424-16-000212
80424,2015-07-01,2015-09-30,0.91,10-Q,2017,Q1,2016-10-25,0000080424-16-000244
80424,2016-07-01,2016-09-30,0.96,10-Q,2017,Q1,2016-10-25,0000080424-16-000244
80424,2015-07-01,2015-12-31,2.03,10-Q,2017,Q2,2017-01-20,0000080424-17-000011
80424,2015-10-01,2015-12-31,1.12,10-Q,2017,Q2,2017-01-20,0000080424-17-000011
80424,2016-07-01,2016-12-31,3.81,10-Q,2017,Q2,2017-01-20,0000080424-17-000011
80424,2016-10-01,2016-12-31,2.88,10-Q,2017,Q2,2017-01-20,0000080424-17-000011
80424,2015-07-01,2016-03-31,3,10-Q,2017,Q3,2017-04-26,0000080424-17-000026
80424,2016-01-01,2016-03-31,0.97,10-Q,2017,Q3,2017-04-26,0000080424-17-000026
80424,2016-07-01,2017-03-31,4.76,10-Q,2017,Q3,2017-04-26,0000080424-17-000026
80424,2017-01-01,2017-03-31,0.93,10-Q,2017,Q3,2017-04-26,0000080424-17-000026
80424,2014-07-01,2015-06-30,2.44,10-K,2017,FY,2017-08-07,0000080424-17-000047
80424,2015-07-01,2015-09-30,0.91,10-K,2017,FY,2017-08-07,0000080424-17-000047
80424,2015-10-01,2015-12-31,1.12,10-K,2017,FY,2017-08-07,0000080424-17-000047
80424,2016-01-01,2016-03-31,0.97,10-K,2017,FY,2017-08-07,0000080424-17-000047
80424,2015-07-01,2016-06-30,3.69,10-K,2017,FY,2017-08-07,0000080424-17-000047
80424,2016-04-01,2016-06-30,0.69,10-K,2017,FY,2017-08-07,0000080424-17-000047
80424,2016-07-01,2016-09-30,0.96,10-K,2017,FY,2017-08-07,0000080424-17-000047
80424,2016-10-01,2016-12-31,2.88,10-K,2017,FY,2017-08-07,0000080424-17-000047
80424,2017-01-01,2017-03-31,0.93,10-K,2017,FY,2017-08-07,0000080424-17-000047
80424,2016-07-01,2017-06-30,5.59,10-K,2017,FY,2017-08-07,0000080424-17-000047
80424,2017-04-01,2017-06-30,0.82,10-K,2017,FY,2017-08-07,0000080424-17-000047
80424,2016-07-01,2016-09-30,0.96,10-Q,2018,Q1,2017-10-20,0000080424-17-000078
80424,2017-07-01,2017-09-30,1.06,10-Q,2018,Q1,2017-10-20,0000080424-17-000078
80424,2016-07-01,2016-12-31,3.81,10-Q,2018,Q2,2018-01-23,0000080424-18-000013
80424,2016-10-01,2016-12-31,2.88,10-Q,2018,Q2,2018-01-23,0000080424-18-000013
80424,2017-07-01,2017-12-31,2,10-Q,2018,Q2,2018-01-23,0000080424-18-000013
80424,2017-10-01,2017-12-31,0.93,10-Q,2018,Q2,2018-01-23,0000080424-18-000013
80424,2016-07-01,2017-03-31,4.76,10-Q,2018,Q3,2018-04-19,0000080424-18-000034
80424,2017-01-01,2017-03-31,0.93,10-Q,2018,Q3,2018-04-19,0000080424-18-000034
80424,2017-07-01,2018-03-31,2.94,10-Q,2018,Q3,2018-04-19,0000080424-18-000034
80424,2018-01-01,2018-03-31,0.95,10-Q,2018,Q3,2018-04-19,0000080424-18-000034
80424,2015-07-01,2016-06-30,3.69,10-K,2018,FY,2018-08-07,0000080424-18-000055
80424,2016-07-01,2016-09-30,0.96,10-K,2018,FY,2018-08-07,0000080424-18-000055
80424,2016-10-01,2016-12-31,2.88,10-K,2018,FY,2018-08-07,0000080424-18-000055
80424,2017-01-01,2017-03-31,0.93,10-K,2018,FY,2018-08-07,0000080424-18-000055
80424,2016-07-01,2017-06-30,5.59,10-K,2018,FY,2018-08-07,0000080424-18-000055
80424,2017-04-01,2017-06-30,0.82,10-K,2018,FY,2018-08-07,0000080424-18-000055
80424,2017-07-01,2017-09-30,1.06,10-K,2018,FY,2018-08-07,0000080424-18-000055
80424,2017-10-01,2017-12-31,0.93,10-K,2018,FY,2018-08-07,0000080424-18-000055
80424,2018-01-01,2018-03-31,0.95,10-K,2018,FY,2018-08-07,0000080424-18-000055
80424,2017-07-01,2018-06-30,3.67,10-K,2018,FY,2018-08-07,0000080424-18-000055
80424,2018-04-01,2018-06-30,0.72,10-K,2018,FY,2018-08-07,0000080424-18-000055
80424,2017-07-01,2017-09-30,1.06,10-Q,2019,Q1,2018-10-19,0000080424-18-000100
80424,2018-07-01,2018-09-30,1.22,10-Q,2019,Q1,2018-10-19,0000080424-18-000100
80424,2017-07-01,2017-12-31,2,10-Q,2019,Q2,2019-01-23,0000080424-19-000014
80424,2017-10-01,2017-12-31,0.93,10-Q,2019,Q2,2019-01-23,0000080424-19-000014
80424,2018-07-01,2018-12-31,2.44,10-Q,2019,Q2,2019-01-23,0000080424-19-000014
80424,2018-10-01,2018-12-31,1.22,10-Q,2019,Q2,2019-01-23,0000080424-19-000014
80424,2017-07-01,2018-03-31,2.94,10-Q,2019,Q3,2019-04-23,0000080424-19-000031
80424,2018-01-01,2018-03-31,0.95,10-Q,2019,Q3,2019-04-23,0000080424-19-000031
80424,2018-07-01,2019-03-31,3.48,10-Q,2019,Q3,2019-04-23,0000080424-19-000031
80424,2019-01-01,2019-03-31,1.04,10-Q,2019,Q3,2019-04-23,0000080424-19-000031
80424,2016-07-01,2017-06-30,5.59,10-K,2019,FY,2019-08-06,0000080424-19-000050
80424,2017-07-01,2017-09-30,1.06,10-K,2019,FY,2019-08-06,0000080424-19-000050
80424,2017-10-01,2017-12-31,0.93,10-K,2019,FY,2019-08-06,0000080424-19-000050
80424,2018-01-01,2018-03-31,0.95,10-K,2019,FY,2019-08-06,0000080424-19-000050
80424,2017-07-01,2018-06-30,3.67,10-K,2019,FY,2019-08-06,0000080424-19-000050
80424,2018-04-01,2018-06-30,0.72,10-K,2019,FY,2019-08-06,0000080424-19-000050
80424,2018-07-01,2018-09-30,1.22,10-K,2019,FY,2019-08-06,0000080424-19-000050
80424,2018-10-01,2018-12-31,1.22,10-K,2019,FY,2019-08-06,0000080424-19-000050
80424,2019-01-01,2019-03-31,1.04,10-K,2019,FY,2019-08-06,0000080424-19-000050
80424,2018-07-01,2019-06-30,1.43,10-K,2019,FY,2019-08-06,0000080424-19-000050
80424,2019-04-01,2019-06-30,-2.12,10-K,2019,FY,2019-08-06,0000080424-19-000050
80424,2018-07-01,2018-09-30,1.22,10-Q,2020,Q1,2019-10-22,0000080424-19-000086
80424,2019-07-01,2019-09-30,1.36,10-Q,2020,Q1,2019-10-22,0000080424-19-000086
80424,2018-07-01,2018-12-31,2.44,10-Q,2020,Q2,2020-01-23,0000080424-20-000017
80424,2018-10-01,2018-12-31,1.22,10-Q,2020,Q2,2020-01-23,0000080424-20-000017
80424,2019-07-01,2019-12-31,2.77,10-Q,2020,Q2,2020-01-23,0000080424-20-000017
80424,2019-10-01,2019-12-31,1.41,10-Q,2020,Q2,2020-01-23,0000080424-20-000017
80424,2018-07-01,2019-03-31,3.48,10-Q,2020,Q3,2020-04-20,0000080424-20-000038
80424,2019-01-01,2019-03-31,1.04,10-Q,2020,Q3,2020-04-20,0000080424-20-000038
80424,2019-07-01,2020-03-31,3.89,10-Q,2020,Q3,2020-04-20,0000080424-20-000038
80424,2020-01-01,2020-03-31,1.12,10-Q,2020,Q3,2020-04-20,0000080424-20-000038
80424,2017-07-01,2018-06-30,3.67,10-K,2020,FY,2020-08-06,0000080424-20-000053
80424,2018-07-01,2018-09-30,1.22,10-K,2020,FY,2020-08-06,0000080424-20-000053
80424,2018-10-01,2018-12-31,1.22,10-K,2020,FY,2020-08-06,0000080424-20-000053
80424,2019-01-01,2019-03-31,1.04,10-K,2020,FY,2020-08-06,0000080424-20-000053
80424,2018-07-01,2019-06-30,1.43,10-K,2020,FY,2020-08-06,0000080424-20-000053
80424,2019-04-01,2019-06-30,-2.12,10-K,2020,FY,2020-08-06,0000080424-20-000053
80424,2019-07-01,2019-09-30,1.36,10-K,2020,FY,2020-08-06,0000080424-20-000053
80424,2019-10-01,2019-12-31,1.41,10-K,2020,FY,2020-08-06,0000080424-20-000053
80424,2020-01-01,2020-03-31,1.12,10-K,2020,FY,2020-08-06,0000080424-20-000053
80424,2019-07-01,2020-06-30,4.96,10-K,2020,FY,2020-08-06,0000080424-20-000053
80424,2020-04-01,2020-06-30,1.07,10-K,2020,FY,2020-08-06,0000080424-20-000053
80424,2017-07-01,2018-06-30,3.67,10-K/A,2020,FY,2020-08-07,0000080424-20-000059
80424,2018-07-01,2018-09-30,1.22,10-K/A,2020,FY,2020-08-07,0000080424-20-000059
80424,2018-10-01,2018-12-31,1.22,10-K/A,2020,FY,2020-08-07,0000080424-20-000059
80424,2019-01-01,2019-03-31,1.04,10-K/A,2020,FY,2020-08-07,0000080424-20-000059
80424,2018-07-01,2019-06-30,1.43,10-K/A,2020,FY,2020-08-07,0000080424-20-000059
80424,2019-04-01,2019-06-30,-2.12,10-K/A,2020,FY,2020-08-07,0000080424-20-000059
80424,2019-07-01,2019-09-30,1.36,10-K/A,2020,FY,2020-08-07,0000080424-20-000059
80424,2019-10-01,2019-12-31,1.41,10-K/A,2020,FY,2020-08-07,0000080424-20-000059
80424,2020-01-01,2020-03-31,1.12,10-K/A,2020,FY,2020-08-07,0000080424-20-000059
80424,2019-07-01,2020-06-30,4.96,10-K/A,2020,FY,2020-08-07,0000080424-20-000059
80424,2020-04-01,2020-06-30,1.07,10-K/A,2020,FY,2020-08-07,0000080424-20-000059
80424,2019-07-01,2019-09-30,1.36,10-Q,2021,Q1,2020-10-20,0000080424-20-000097
80424,2020-07-01,2020-09-30,1.63,10-Q,2021,Q1,2020-10-20,0000080424-20-000097
80424,2019-07-01,2019-12-31,2.77,10-Q,2021,Q2,2021-01-20,0000080424-21-000026
80424,2019-10-01,2019-12-31,1.41,10-Q,2021,Q2,2021-01-20,0000080424-21-000026
80424,2020-07-01,2020-12-31,3.1,10-Q,2021,Q2,2021-01-20,0000080424-21-000026
80424,2020-10-01,2020-12-31,1.47,10-Q,2021,Q2,2021-01-20,0000080424-21-000026
80424,2019-07-01,2020-03-31,3.89,10-Q,2021,Q3,2021-04-20,0000080424-21-000062
80424,2020-01-01,2020-03-31,1.12,10-Q,2021,Q3,2021-04-20,0000080424-21-000062
80424,2020-07-01,2021-03-31,4.37,10-Q,2021,Q3,2021-04-20,0000080424-21-000062
80424,2021-01-01,2021-03-31,1.26,10-Q,2021,Q3,2021-04-20,0000080424-21-000062
80424,2018-07-01,2019-06-30,1.43,10-K,2021,FY,2021-08-06,0000080424-21-000100
80424,2019-07-01,2020-06-30,4.96,10-K,2021,FY,2021-08-06,0000080424-21-000100
80424,2020-07-01,2021-06-30,5.5,10-K,2021,FY,2021-08-06,0000080424-21-000100
80424,2020-07-01,2020-09-30,1.63,10-Q,2022,Q1,2021-10-19,0000080424-21-000129
80424,2021-07-01,2021-09-30,1.61,10-Q,2022,Q1,2021-10-19,0000080424-21-000129
80424,2020-07-01,2020-12-31,3.1,10-Q,2022,Q2,2022-01-19,0000080424-22-000016
80424,2020-10-01,2020-12-31,1.47,10-Q,2022,Q2,2022-01-19,0000080424-22-000016
80424,2021-07-01,2021-12-31,3.27,10-Q,2022,Q2,2022-01-19,0000080424-22-000016
80424,2021-10-01,2021-12-31,1.66,10-Q,2022,Q2,2022-01-19,0000080424-22-000016
80424,2020-07-01,2021-03-31,4.37,10-Q,2022,Q3,2022-04-20,0000080424-22-000035
80424,2021-01-01,2021-03-31,1.26,10-Q,2022,Q3,2022-04-20,0000080424-22-000035
80424,2021-07-01,2022-03-31,4.59,10-Q,2022,Q3,2022-04-20,0000080424-22-000035
80424,2022-01-01,2022-03-31,1.33,10-Q,2022,Q3,2022-04-20,0000080424-22-000035
80424,2019-07-01,2020-06-30,4.96,10-K,2022,FY,2022-08-05,0000080424-22-000064
80424,2020-07-01,2021-06-30,5.5,10-K,2022,FY,2022-08-05,0000080424-22-000064
80424,2021-07-01,2022-06-30,5.81,10-K,2022,FY,2022-08-05,0000080424-22-000064
80424,2021-07-01,2021-09-30,1.61,10-Q,2023,Q1,2022-10-19,0000080424-22-000102
80424,2022-07-01,2022-09-30,1.57,10-Q,2023,Q1,2022-10-19,0000080424-22-000102
80424,2021-07-01,2021-12-31,3.27,10-Q,2023,Q2,2023-01-19,0000080424-23-000014
80424,2021-10-01,2021-12-31,1.66,10-Q,2023,Q2,2023-01-19,0000080424-23-000014
80424,2022-07-01,2022-12-31,3.16,10-Q,2023,Q2,2023-01-19,0000080424-23-000014
80424,2022-10-01,2022-12-31,1.59,10-Q,2023,Q2,2023-01-19,0000080424-23-000014
80424,2021-07-01,2022-03-31,4.59,10-Q,2023,Q3,2023-04-21,0000080424-23-000046
80424,2022-01-01,2022-03-31,1.33,10-Q,2023,Q3,2023-04-21,0000080424-23-000046
80424,2022-07-01,2023-03-31,4.53,10-Q,2023,Q3,2023-04-21,0000080424-23-000046
80424,2023-01-01,2023-03-31,1.37,10-Q,2023,Q3,2023-04-21,0000080424-23-000046
80424,2020-07-01,2021-06-30,5.5,10-K,2023,FY,2023-08-04,0000080424-23-000073
80424,2021-07-01,2022-06-30,5.81,10-K,2023,FY,2023-08-04,0000080424-23-000073
80424,2022-07-01,2023-06-30,5.9,10-K,2023,FY,2023-08-04,0000080424-23-000073
80424,2022-07-01,2022-09-30,1.57,10-Q,2024,Q1,2023-10-18,0000080424-23-000103
80424,2023-07-01,2023-09-30,1.83,10-Q,2024,Q1,2023-10-18,0000080424-23-000103
80424,2022-07-01,2022-12-31,3.16,10-Q,2024,Q2,2024-01-23,0000080424-24-000018
80424,2022-10-01,2022-12-31,1.59,10-Q,2024,Q2,2024-01-23,0000080424-24-000018
80424,2023-07-01,2023-12-31,3.23,10-Q,2024,Q2,2024-01-23,0000080424-24-000018
80424,2023-10-01,2023-12-31,1.4,10-Q,2024,Q2,2024-01-23,0000080424-24-000018
80424,2022-07-01,2023-03-31,4.53,10-Q,2024,Q3,2024-04-19,0000080424-24-000051
80424,2023-01-01,2023-03-31,1.37,10-Q,2024,Q3,2024-04-19,0000080424-24-000051
80424,2023-07-01,2024-03-31,4.75,10-Q,2024,Q3,2024-04-19,0000080424-24-000051
80424,2024-01-01,2024-03-31,1.52,10-Q,2024,Q3,2024-04-19,0000080424-24-000051
80424,2021-07-01,2022-06-30,5.81,10-K,2024,FY,2024-08-05,0000080424-24-000083
80424,2022-07-01,2023-06-30,5.9,10-K,2024,FY,2024-08-05,0000080424-24-000083
80424,2023-07-01,2024-06-30,6.02,10-K,2024,FY,2024-08-05,0000080424-24-000083
80424,2023-07-01,2023-09-30,1.83,10-Q,2025,Q1,2024-10-18,0000080424-24-000113
80424,2024-07-01,2024-09-30,1.61,10-Q,2025,Q1,2024-10-18,0000080424-24-000113
80424,2023-07-01,2023-12-31,3.23,10-Q,2025,Q2,2025-01-22,0000080424-25-000013
80424,2023-10-01,2023-12-31,1.4,10-Q,2025,Q2,2025-01-22,0000080424-25-000013
80424,2024-07-01,2024-12-31,3.49,10-Q,2025,Q2,2025-01-22,0000080424-25-000013
80424,2024-10-01,2024-12-31,1.88,10-Q,2025,Q2,2025-01-22,0000080424-25-000013
80424,2023-07-01,2024-03-31,4.75,10-Q,2025,Q3,2025-04-24,0000080424-25-000037
80424,2024-01-01,2024-03-31,1.52,10-Q,2025,Q3,2025-04-24,0000080424-25-000037
80424,2024-07-01,2025-03-31,5.03,10-Q,2025,Q3,2025-04-24,0000080424-25-000037
80424,2025-01-01,2025-03-31,1.54,10-Q,2025,Q3,2025-04-24,0000080424-25-000037
80424,2022-07-01,2023-06-30,5.9,10-K,2025,FY,2025-08-04,0000080424-25-000076
80424,2023-07-01,2024-06-30,6.02,10-K,2025,FY,2025-08-04,0000080424-25-000076
80424,2024-07-01,2025-06-30,6.51,10-K,2025,FY,2025-08-04,0000080424-25-000076
80424,2024-07-01,2024-09-30,1.61,10-Q,2026,Q1,2025-10-24,0000080424-25-000245
80424,2025-07-01,2025-09-30,1.95,10-Q,2026,Q1,2025-10-24,0000080424-25-000245
80424,2024-07-01,2024-12-31,3.49,10-Q,2026,Q2,2026-01-23,0000080424-26-000011
80424,2024-10-01,2024-12-31,1.88,10-Q,2026,Q2,2026-01-23,0000080424-26-000011
80424,2025-07-01,2025-12-31,3.73,10-Q,2026,Q2,2026-01-23,0000080424-26-000011
80424,2025-10-01,2025-12-31,1.78,10-Q,2026,Q2,2026-01-23,0000080424-26-000011
80424,2024-07-01,2025-03-31,5.03,10-Q,2026,Q3,2026-04-24,0000080424-26-000060
80424,2025-01-01,2025-03-31,1.54,10-Q,2026,Q3,2026-04-24,0000080424-26-000060
80424,2025-07-01,2026-03-31,5.36,10-Q,2026,Q3,2026-04-24,0000080424-26-000060
80424,2026-01-01,2026-03-31,1.63,10-Q,2026,Q3,2026-04-24,0000080424-26-000060
80424,2023-07-01,2024-06-30,6.02,10-K,2026,FY,2026-08-04,0000080424-26-000103
80424,2024-07-01,2025-06-30,6.51,10-K,2026,FY,2026-08-04,0000080424-26-000103
80424,2025-07-01,2026-06-30,6.62,10-K,2026,FY,2026-08-04,0000080424-26-000103
104169,2009-02-01,2010-01-31,3.71,10-K,2011,FY,2012-03-27,0001193125-12-134679
104169,2010-02-01,2010-04-30,0.87,10-K,2011,FY,2012-03-27,0001193125-12-134679
104169,2010-05-01,2010-07-31,0.97,10-K,2011,FY,2012-03-27,0001193125-12-134679
104169,2010-08-01,2010-10-31,0.95,10-K,2011,FY,2012-03-27,0001193125-12-134679
104169,2010-02-01,2011-01-31,4.47,10-K,2011,FY,2012-03-27,0001193125-12-134679
104169,2010-11-01,2011-01-31,1.7,10-K,2011,FY,2012-03-27,0001193125-12-134679
104169,2011-02-01,2011-04-30,0.97,10-K,2011,FY,2012-03-27,0001193125-12-134679
104169,2011-05-01,2011-07-31,1.09,10-K,2011,FY,2012-03-27,0001193125-12-134679
104169,2011-08-01,2011-10-31,0.96,10-K,2011,FY,2012-03-27,0001193125-12-134679
104169,2011-02-01,2012-01-31,4.52,10-K,2011,FY,2012-03-27,0001193125-12-134679
104169,2011-11-01,2012-01-31,1.5,10-K,2011,FY,2012-03-27,0001193125-12-134679
104169,2011-02-01,2011-04-30,0.97,10-Q,2012,Q1,2012-06-01,0001445305-12-001926
104169,2012-02-01,2012-04-30,1.09,10-Q,2012,Q1,2012-06-01,0001445305-12-001926
104169,2011-02-01,2011-07-31,2.06,10-Q,2012,Q2,2012-09-06,0000104169-12-000014
104169,2011-05-01,2011-07-31,1.09,10-Q,2012,Q2,2012-09-06,0000104169-12-000014
104169,2012-02-01,2012-07-31,2.27,10-Q,2012,Q2,2012-09-06,0000104169-12-000014
104169,2012-05-01,2012-07-31,1.18,10-Q,2012,Q2,2012-09-06,0000104169-12-000014
104169,2011-02-01,2011-10-31,3.02,10-Q,2012,Q3,2012-12-04,0000104169-12-000018
104169,2011-08-01,2011-10-31,0.96,10-Q,2012,Q3,2012-12-04,0000104169-12-000018
104169,2012-02-01,2012-10-31,3.35,10-Q,2012,Q3,2012-12-04,0000104169-12-000018
104169,2012-08-01,2012-10-31,1.08,10-Q,2012,Q3,2012-12-04,0000104169-12-000018
104169,2010-02-01,2011-01-31,4.47,10-K,2012,FY,2013-03-26,0000104169-13-000011
104169,2011-02-01,2011-04-30,0.97,10-K,2012,FY,2013-03-26,0000104169-13-000011
104169,2011-05-01,2011-07-31,1.09,10-K,2012,FY,2013-03-26,0000104169-13-000011
104169,2011-08-01,2011-10-31,0.96,10-K,2012,FY,2013-03-26,0000104169-13-000011
104169,2011-02-01,2012-01-31,4.52,10-K,2012,FY,2013-03-26,0000104169-13-000011
104169,2011-11-01,2012-01-31,1.5,10-K,2012,FY,2013-03-26,0000104169-13-000011
104169,2012-02-01,2012-04-30,1.09,10-K,2012,FY,2013-03-26,0000104169-13-000011
104169,2012-05-01,2012-07-31,1.18,10-K,2012,FY,2013-03-26,0000104169-13-000011
104169,2012-08-01,2012-10-31,1.08,10-K,2012,FY,2013-03-26,0000104169-13-000011
104169,2012-02-01,2013-01-31,5.02,10-K,2012,FY,2013-03-26,0000104169-13-000011
104169,2012-11-01,2013-01-31,1.67,10-K,2012,FY,2013-03-26,0000104169-13-000011
104169,2012-02-01,2012-04-30,1.09,10-Q,2013,Q1,2013-06-07,0000104169-13-000020
104169,2013-02-01,2013-04-30,1.14,10-Q,2013,Q1,2013-06-07,0000104169-13-000020
104169,2012-02-01,2012-07-31,2.27,10-Q,2013,Q2,2013-09-05,0000104169-13-000037
104169,2012-05-01,2012-07-31,1.18,10-Q,2013,Q2,2013-09-05,0000104169-13-000037
104169,2013-02-01,2013-07-31,2.38,10-Q,2013,Q2,2013-09-05,0000104169-13-000037
104169,2013-05-01,2013-07-31,1.24,10-Q,2013,Q2,2013-09-05,0000104169-13-000037
104169,2012-02-01,2012-07-31,2.27,10-Q/A,2013,Q2,2013-10-21,0000104169-13-000039
104169,2012-05-01,2012-07-31,1.18,10-Q/A,2013,Q2,2013-10-21,0000104169-13-000039
104169,2013-02-01,2013-07-31,2.38,10-Q/A,2013,Q2,2013-10-21,0000104169-13-000039
104169,2013-05-01,2013-07-31,1.24,10-Q/A,2013,Q2,2013-10-21,0000104169-13-000039
104169,2012-02-01,2012-10-31,3.35,10-Q,2013,Q3,2013-12-06,0000104169-13-000051
104169,2012-08-01,2012-10-31,1.08,10-Q,2013,Q3,2013-12-06,0000104169-13-000051
104169,2013-02-01,2013-10-31,3.52,10-Q,2013,Q3,2013-12-06,0000104169-13-000051
104169,2013-08-01,2013-10-31,1.14,10-Q,2013,Q3,2013-12-06,0000104169-13-000051
104169,2011-02-01,2012-01-31,4.52,10-K,2013,FY,2014-03-21,0000104169-14-000019
104169,2012-02-01,2012-04-30,1.09,10-K,2013,FY,2014-03-21,0000104169-14-000019
104169,2012-05-01,2012-07-31,1.18,10-K,2013,FY,2014-03-21,0000104169-14-000019
104169,2012-08-01,2012-10-31,1.08,10-K,2013,FY,2014-03-21,0000104169-14-000019
104169,2012-02-01,2013-01-31,5.02,10-K,2013,FY,2014-03-21,0000104169-14-000019
104169,2012-11-01,2013-01-31,1.67,10-K,2013,FY,2014-03-21,0000104169-14-000019
104169,2013-02-01,2013-04-30,1.14,10-K,2013,FY,2014-03-21,0000104169-14-000019
104169,2013-05-01,2013-07-31,1.24,10-K,2013,FY,2014-03-21,0000104169-14-000019
104169,2013-08-01,2013-10-31,1.14,10-K,2013,FY,2014-03-21,0000104169-14-000019
104169,2013-02-01,2014-01-31,4.88,10-K,2013,FY,2014-03-21,0000104169-14-000019
104169,2013-11-01,2014-01-31,1.36,10-K,2013,FY,2014-03-21,0000104169-14-000019
104169,2013-02-01,2013-04-30,1.14,10-Q,2015,Q1,2014-06-06,0000104169-14-000033
104169,2014-02-01,2014-04-30,1.11,10-Q,2015,Q1,2014-06-06,0000104169-14-000033
104169,2013-02-01,2013-07-31,2.38,10-Q,2015,Q2,2014-09-05,0000104169-14-000057
104169,2013-05-01,2013-07-31,1.24,10-Q,2015,Q2,2014-09-05,0000104169-14-000057
104169,2014-02-01,2014-07-31,2.37,10-Q,2015,Q2,2014-09-05,0000104169-14-000057
104169,2014-05-01,2014-07-31,1.26,10-Q,2015,Q2,2014-09-05,0000104169-14-000057
104169,2013-02-01,2013-10-31,3.52,10-Q,2015,Q3,2014-12-01,0000104169-14-000080
104169,2013-08-01,2013-10-31,1.14,10-Q,2015,Q3,2014-12-01,0000104169-14-000080
104169,2014-02-01,2014-10-31,3.51,10-Q,2015,Q3,2014-12-01,0000104169-14-000080
104169,2014-08-01,2014-10-31,1.15,10-Q,2015,Q3,2014-12-01,0000104169-14-000080
104169,2012-02-01,2013-01-31,5.02,10-K,2015,FY,2015-04-01,0000104169-15-000011
104169,2013-02-01,2013-04-30,1.14,10-K,2015,FY,2015-04-01,0000104169-15-000011
104169,2013-05-01,2013-07-31,1.24,10-K,2015,FY,2015-04-01,0000104169-15-000011
104169,2013-08-01,2013-10-31,1.14,10-K,2015,FY,2015-04-01,0000104169-15-000011
104169,2013-02-01,2014-01-31,4.88,10-K,2015,FY,2015-04-01,0000104169-15-000011
104169,2013-11-01,2014-01-31,1.36,10-K,2015,FY,2015-04-01,0000104169-15-000011
104169,2014-02-01,2014-04-30,1.11,10-K,2015,FY,2015-04-01,0000104169-15-000011
104169,2014-05-01,2014-07-31,1.26,10-K,2015,FY,2015-04-01,0000104169-15-000011
104169,2014-08-01,2014-10-31,1.15,10-K,2015,FY,2015-04-01,0000104169-15-000011
104169,2014-02-01,2015-01-31,5.05,10-K,2015,FY,2015-04-01,0000104169-15-000011
104169,2014-11-01,2015-01-31,1.53,10-K,2015,FY,2015-04-01,0000104169-15-000011
104169,2014-02-01,2014-04-30,1.11,10-Q,2016,Q1,2015-06-05,0000104169-15-000022
104169,2015-02-01,2015-04-30,1.03,10-Q,2016,Q1,2015-06-05,0000104169-15-000022
104169,2014-02-01,2014-07-31,2.37,10-Q,2016,Q2,2015-09-09,0000104169-15-000039
104169,2014-05-01,2014-07-31,1.26,10-Q,2016,Q2,2015-09-09,0000104169-15-000039
104169,2015-02-01,2015-07-31,2.11,10-Q,2016,Q2,2015-09-09,0000104169-15-000039
104169,2015-05-01,2015-07-31,1.08,10-Q,2016,Q2,2015-09-09,0000104169-15-000039
104169,2014-02-01,2014-10-31,3.51,10-Q,2016,Q3,2015-12-02,0000104169-15-000054
104169,2014-08-01,2014-10-31,1.15,10-Q,2016,Q3,2015-12-02,0000104169-15-000054
104169,2015-02-01,2015-10-31,3.13,10-Q,2016,Q3,2015-12-02,0000104169-15-000054
104169,2015-08-01,2015-10-31,1.03,10-Q,2016,Q3,2015-12-02,0000104169-15-000054
104169,2013-02-01,2014-01-31,4.88,10-K,2016,FY,2016-03-30,0000104169-16-000079
104169,2014-02-01,2014-04-30,1.11,10-K,2016,FY,2016-03-30,0000104169-16-000079
104169,2014-05-01,2014-07-31,1.26,10-K,2016,FY,2016-03-30,0000104169-16-000079
104169,2014-08-01,2014-10-31,1.15,10-K,2016,FY,2016-03-30,0000104169-16-000079
104169,2014-02-01,2015-01-31,5.05,10-K,2016,FY,2016-03-30,0000104169-16-000079
104169,2014-11-01,2015-01-31,1.53,10-K,2016,FY,2016-03-30,0000104169-16-000079
104169,2015-02-01,2015-04-30,1.03,10-K,2016,FY,2016-03-30,0000104169-16-000079
104169,2015-05-01,2015-07-31,1.08,10-K,2016,FY,2016-03-30,0000104169-16-000079
104169,2015-08-01,2015-10-31,1.03,10-K,2016,FY,2016-03-30,0000104169-16-000079
104169,2015-02-01,2016-01-31,4.57,10-K,2016,FY,2016-03-30,0000104169-16-000079
104169,2015-11-01,2016-01-31,1.43,10-K,2016,FY,2016-03-30,0000104169-16-000079
104169,2015-02-01,2015-04-30,1.03,10-Q,2017,Q1,2016-06-03,0000104169-16-000088
104169,2016-02-01,2016-04-30,0.98,10-Q,2017,Q1,2016-06-03,0000104169-16-000088
104169,2015-02-01,2015-07-31,2.11,10-Q,2017,Q2,2016-08-31,0000104169-16-000119
104169,2015-05-01,2015-07-31,1.08,10-Q,2017,Q2,2016-08-31,0000104169-16-000119
104169,2016-02-01,2016-07-31,2.18,10-Q,2017,Q2,2016-08-31,0000104169-16-000119
104169,2016-05-01,2016-07-31,1.21,10-Q,2017,Q2,2016-08-31,0000104169-16-000119
104169,2015-02-01,2015-10-31,3.13,10-Q,2017,Q3,2016-12-01,0000104169-16-000140
104169,2015-08-01,2015-10-31,1.03,10-Q,2017,Q3,2016-12-01,0000104169-16-000140
104169,2016-02-01,2016-10-31,3.16,10-Q,2017,Q3,2016-12-01,0000104169-16-000140
104169,2016-08-01,2016-10-31,0.98,10-Q,2017,Q3,2016-12-01,0000104169-16-000140
104169,2014-02-01,2015-01-31,5.05,10-K,2017,FY,2017-03-31,0000104169-17-000021
104169,2015-02-01,2015-04-30,1.03,10-K,2017,FY,2017-03-31,0000104169-17-000021
104169,2015-05-01,2015-07-31,1.08,10-K,2017,FY,2017-03-31,0000104169-17-000021
104169,2015-08-01,2015-10-31,1.03,10-K,2017,FY,2017-03-31,0000104169-17-000021
104169,2015-02-01,2016-01-31,4.57,10-K,2017,FY,2017-03-31,0000104169-17-000021
104169,2015-11-01,2016-01-31,1.43,10-K,2017,FY,2017-03-31,0000104169-17-000021
104169,2016-02-01,2016-04-30,0.98,10-K,2017,FY,2017-03-31,0000104169-17-000021
104169,2016-05-01,2016-07-31,1.21,10-K,2017,FY,2017-03-31,0000104169-17-000021
104169,2016-08-01,2016-10-31,0.98,10-K,2017,FY,2017-03-31,0000104169-17-000021
104169,2016-02-01,2017-01-31,4.38,10-K,2017,FY,2017-03-31,0000104169-17-000021
104169,2016-11-01,2017-01-31,1.22,10-K,2017,FY,2017-03-31,0000104169-17-000021
104169,2016-02-01,2016-04-30,0.98,10-Q,2018,Q1,2017-06-02,0000104169-17-000029
104169,2017-02-01,2017-04-30,1,10-Q,2018,Q1,2017-06-02,0000104169-17-000029
104169,2016-02-01,2016-07-31,2.18,10-Q,2018,Q2,2017-08-31,0000104169-17-000057
104169,2016-05-01,2016-07-31,1.21,10-Q,2018,Q2,2017-08-31,0000104169-17-000057
104169,2017-02-01,2017-07-31,1.96,10-Q,2018,Q2,2017-08-31,0000104169-17-000057
104169,2017-05-01,2017-07-31,0.96,10-Q,2018,Q2,2017-08-31,0000104169-17-000057
104169,2016-02-01,2016-10-31,3.16,10-Q,2018,Q3,2017-12-01,0000104169-17-000081
104169,2016-08-01,2016-10-31,0.98,10-Q,2018,Q3,2017-12-01,0000104169-17-000081
104169,2017-02-01,2017-10-31,2.54,10-Q,2018,Q3,2017-12-01,0000104169-17-000081
104169,2017-08-01,2017-10-31,0.58,10-Q,2018,Q3,2017-12-01,0000104169-17-000081
104169,2015-02-01,2016-01-31,4.57,10-K,2018,FY,2018-03-30,0000104169-18-000028
104169,2016-02-01,2016-04-30,0.98,10-K,2018,FY,2018-03-30,0000104169-18-000028
104169,2016-05-01,2016-07-31,1.21,10-K,2018,FY,2018-03-30,0000104169-18-000028
104169,2016-08-01,2016-10-31,0.98,10-K,2018,FY,2018-03-30,0000104169-18-000028
104169,2016-02-01,2017-01-31,4.38,10-K,2018,FY,2018-03-30,0000104169-18-000028
104169,2016-11-01,2017-01-31,1.22,10-K,2018,FY,2018-03-30,0000104169-18-000028
104169,2017-02-01,2017-04-30,1,10-K,2018,FY,2018-03-30,0000104169-18-000028
104169,2017-05-01,2017-07-31,0.96,10-K,2018,FY,2018-03-30,0000104169-18-000028
104169,2017-08-01,2017-10-31,0.58,10-K,2018,FY,2018-03-30,0000104169-18-000028
104169,2017-02-01,2018-01-31,3.28,10-K,2018,FY,2018-03-30,0000104169-18-000028
104169,2017-11-01,2018-01-31,0.73,10-K,2018,FY,2018-03-30,0000104169-18-000028
104169,2017-02-01,2017-04-30,1,10-Q,2019,Q1,2018-06-04,0000104169-18-000054
104169,2018-02-01,2018-04-30,0.72,10-Q,2019,Q1,2018-06-04,0000104169-18-000054
104169,2017-02-01,2017-07-31,1.96,10-Q,2019,Q2,2018-09-06,0000104169-18-000086
104169,2017-05-01,2017-07-31,0.96,10-Q,2019,Q2,2018-09-06,0000104169-18-000086
104169,2018-02-01,2018-07-31,0.43,10-Q,2019,Q2,2018-09-06,0000104169-18-000086
104169,2018-05-01,2018-07-31,-0.29,10-Q,2019,Q2,2018-09-06,0000104169-18-000086
104169,2017-02-01,2017-10-31,2.54,10-Q,2019,Q3,2018-11-30,0000104169-18-000110
104169,2017-08-01,2017-10-31,0.58,10-Q,2019,Q3,2018-11-30,0000104169-18-000110
104169,2018-02-01,2018-10-31,1.01,10-Q,2019,Q3,2018-11-30,0000104169-18-000110
104169,2018-08-01,2018-10-31,0.58,10-Q,2019,Q3,2018-11-30,0000104169-18-000110
104169,2016-02-01,2017-01-31,4.38,10-K,2019,FY,2019-03-28,0000104169-19-000016
104169,2017-02-01,2017-04-30,1,10-K,2019,FY,2019-03-28,0000104169-19-000016
104169,2017-05-01,2017-07-31,0.96,10-K,2019,FY,2019-03-28,0000104169-19-000016
104169,2017-08-01,2017-10-31,0.58,10-K,2019,FY,2019-03-28,0000104169-19-000016
104169,2017-02-01,2018-01-31,3.28,10-K,2019,FY,2019-03-28,0000104169-19-000016
104169,2017-11-01,2018-01-31,0.73,10-K,2019,FY,2019-03-28,0000104169-19-000016
104169,2018-02-01,2018-04-30,0.72,10-K,2019,FY,2019-03-28,0000104169-19-000016
104169,2018-05-01,2018-07-31,-0.29,10-K,2019,FY,2019-03-28,0000104169-19-000016
104169,2018-08-01,2018-10-31,0.58,10-K,2019,FY,2019-03-28,0000104169-19-000016
104169,2018-02-01,2019-01-31,2.26,10-K,2019,FY,2019-03-28,0000104169-19-000016
104169,2018-11-01,2019-01-31,1.27,10-K,2019,FY,2019-03-28,0000104169-19-000016
104169,2018-02-01,2018-04-30,0.72,10-Q,2020,Q1,2019-06-07,0000104169-19-000024
104169,2019-02-01,2019-04-30,1.33,10-Q,2020,Q1,2019-06-07,0000104169-19-000024
104169,2018-02-01,2018-07-31,0.43,10-Q,2020,Q2,2019-09-06,0000104169-19-000064
104169,2018-05-01,2018-07-31,-0.29,10-Q,2020,Q2,2019-09-06,0000104169-19-000064
104169,2019-02-01,2019-07-31,2.59,10-Q,2020,Q2,2019-09-06,0000104169-19-000064
104169,2019-05-01,2019-07-31,1.26,10-Q,2020,Q2,2019-09-06,0000104169-19-000064
104169,2018-02-01,2018-10-31,1.01,10-Q,2020,Q3,2019-12-04,0000104169-19-000088
104169,2018-08-01,2018-10-31,0.58,10-Q,2020,Q3,2019-12-04,0000104169-19-000088
104169,2019-02-01,2019-10-31,3.74,10-Q,2020,Q3,2019-12-04,0000104169-19-000088
104169,2019-08-01,2019-10-31,1.15,10-Q,2020,Q3,2019-12-04,0000104169-19-000088
104169,2017-02-01,2018-01-31,3.28,10-K,2020,FY,2020-03-20,0000104169-20-000011
104169,2018-02-01,2018-04-30,0.72,10-K,2020,FY,2020-03-20,0000104169-20-000011
104169,2018-05-01,2018-07-31,-0.29,10-K,2020,FY,2020-03-20,0000104169-20-000011
104169,2018-08-01,2018-10-31,0.58,10-K,2020,FY,2020-03-20,0000104169-20-000011
104169,2018-02-01,2019-01-31,2.26,10-K,2020,FY,2020-03-20,0000104169-20-000011
104169,2018-11-01,2019-01-31,1.27,10-K,2020,FY,2020-03-20,0000104169-20-000011
104169,2019-02-01,2019-04-30,1.33,10-K,2020,FY,2020-03-20,0000104169-20-000011
104169,2019-05-01,2019-07-31,1.26,10-K,2020,FY,2020-03-20,0000104169-20-000011
104169,2019-08-01,2019-10-31,1.15,10-K,2020,FY,2020-03-20,0000104169-20-000011
104169,2019-02-01,2020-01-31,5.19,10-K,2020,FY,2020-03-20,0000104169-20-000011
104169,2019-11-01,2020-01-31,1.45,10-K,2020,FY,2020-03-20,0000104169-20-000011
104169,2019-02-01,2019-04-30,1.33,10-Q,2021,Q1,2020-06-03,0000104169-20-000020
104169,2020-02-01,2020-04-30,1.4,10-Q,2021,Q1,2020-06-03,0000104169-20-000020
104169,2019-02-01,2019-07-31,2.59,10-Q,2021,Q2,2020-09-02,0000104169-20-000042
104169,2019-05-01,2019-07-31,1.26,10-Q,2021,Q2,2020-09-02,0000104169-20-000042
104169,2020-02-01,2020-07-31,3.67,10-Q,2021,Q2,2020-09-02,0000104169-20-000042
104169,2020-05-01,2020-07-31,2.27,10-Q,2021,Q2,2020-09-02,0000104169-20-000042
104169,2019-02-01,2019-10-31,3.74,10-Q,2021,Q3,2020-12-02,0000104169-20-000076
104169,2019-08-01,2019-10-31,1.15,10-Q,2021,Q3,2020-12-02,0000104169-20-000076
104169,2020-02-01,2020-10-31,5.48,10-Q,2021,Q3,2020-12-02,0000104169-20-000076
104169,2020-08-01,2020-10-31,1.8,10-Q,2021,Q3,2020-12-02,0000104169-20-000076
104169,2018-02-01,2019-01-31,2.26,10-K,2021,FY,2021-03-19,0000104169-21-000033
104169,2019-02-01,2020-01-31,5.19,10-K,2021,FY,2021-03-19,0000104169-21-000033
104169,2020-02-01,2021-01-31,4.75,10-K,2021,FY,2021-03-19,0000104169-21-000033
104169,2020-02-01,2020-04-30,1.4,10-Q,2022,Q1,2021-06-04,0000104169-21-000042
104169,2021-02-01,2021-04-30,0.97,10-Q,2022,Q1,2021-06-04,0000104169-21-000042
104169,2020-02-01,2020-07-31,3.67,10-Q,2022,Q2,2021-09-02,0000104169-21-000058
104169,2020-05-01,2020-07-31,2.27,10-Q,2022,Q2,2021-09-02,0000104169-21-000058
104169,2021-02-01,2021-07-31,2.48,10-Q,2022,Q2,2021-09-02,0000104169-21-000058
104169,2021-05-01,2021-07-31,1.52,10-Q,2022,Q2,2021-09-02,0000104169-21-000058
104169,2020-02-01,2020-10-31,5.48,10-Q,2022,Q3,2021-12-01,0000104169-21-000072
104169,2020-08-01,2020-10-31,1.8,10-Q,2022,Q3,2021-12-01,0000104169-21-000072
104169,2021-02-01,2021-10-31,3.59,10-Q,2022,Q3,2021-12-01,0000104169-21-000072
104169,2021-08-01,2021-10-31,1.11,10-Q,2022,Q3,2021-12-01,0000104169-21-000072
104169,2019-02-01,2020-01-31,5.19,10-K,2022,FY,2022-03-18,0000104169-22-000012
104169,2020-02-01,2021-01-31,4.75,10-K,2022,FY,2022-03-18,0000104169-22-000012
104169,2021-02-01,2022-01-31,4.87,10-K,2022,FY,2022-03-18,0000104169-22-000012
104169,2021-02-01,2021-04-30,0.97,10-Q,2023,Q1,2022-06-03,0000104169-22-000029
104169,2022-02-01,2022-04-30,0.74,10-Q,2023,Q1,2022-06-03,0000104169-22-000029
104169,2021-02-01,2021-07-31,2.48,10-Q,2023,Q2,2022-09-02,0000104169-22-000072
104169,2021-05-01,2021-07-31,1.52,10-Q,2023,Q2,2022-09-02,0000104169-22-000072
104169,2022-02-01,2022-07-31,2.61,10-Q,2023,Q2,2022-09-02,0000104169-22-000072
104169,2022-05-01,2022-07-31,1.88,10-Q,2023,Q2,2022-09-02,0000104169-22-000072
104169,2021-02-01,2021-10-31,3.59,10-Q,2023,Q3,2022-12-01,0000104169-22-000083
104169,2021-08-01,2021-10-31,1.11,10-Q,2023,Q3,2022-12-01,0000104169-22-000083
104169,2022-02-01,2022-10-31,1.97,10-Q,2023,Q3,2022-12-01,0000104169-22-000083
104169,2022-08-01,2022-10-31,-0.66,10-Q,2023,Q3,2022-12-01,0000104169-22-000083
104169,2020-02-01,2021-01-31,4.75,10-K,2023,FY,2023-03-17,0000104169-23-000020
104169,2021-02-01,2022-01-31,4.87,10-K,2023,FY,2023-03-17,0000104169-23-000020
104169,2022-02-01,2023-01-31,4.27,10-K,2023,FY,2023-03-17,0000104169-23-000020
104169,2022-02-01,2022-04-30,0.74,10-Q,2024,Q1,2023-06-02,0000104169-23-000052
104169,2023-02-01,2023-04-30,0.62,10-Q,2024,Q1,2023-06-02,0000104169-23-000052
104169,2022-02-01,2022-07-31,2.61,10-Q,2024,Q2,2023-09-01,0000104169-23-000097
104169,2022-05-01,2022-07-31,1.88,10-Q,2024,Q2,2023-09-01,0000104169-23-000097
104169,2023-02-01,2023-07-31,3.54,10-Q,2024,Q2,2023-09-01,0000104169-23-000097
104169,2023-05-01,2023-07-31,2.92,10-Q,2024,Q2,2023-09-01,0000104169-23-000097
104169,2022-02-01,2022-10-31,1.97,10-Q,2024,Q3,2023-11-30,0000104169-23-000132
104169,2022-08-01,2022-10-31,-0.66,10-Q,2024,Q3,2023-11-30,0000104169-23-000132
104169,2023-02-01,2023-10-31,3.71,10-Q,2024,Q3,2023-11-30,0000104169-23-000132
104169,2023-08-01,2023-10-31,0.17,10-Q,2024,Q3,2023-11-30,0000104169-23-000132
104169,2021-02-01,2022-01-31,1.62,10-K,2024,FY,2024-03-15,0000104169-24-000056
104169,2022-02-01,2023-01-31,1.42,10-K,2024,FY,2024-03-15,0000104169-24-000056
104169,2023-02-01,2024-01-31,1.91,10-K,2024,FY,2024-03-15,0000104169-24-000056
104169,2023-02-01,2023-04-30,0.21,10-Q,2025,Q1,2024-06-07,0000104169-24-000105
104169,2024-02-01,2024-04-30,0.63,10-Q,2025,Q1,2024-06-07,0000104169-24-000105
104169,2023-02-01,2023-07-31,1.18,10-Q,2025,Q2,2024-08-30,0000104169-24-000141
104169,2023-05-01,2023-07-31,0.97,10-Q,2025,Q2,2024-08-30,0000104169-24-000141
104169,2024-02-01,2024-07-31,1.19,10-Q,2025,Q2,2024-08-30,0000104169-24-000141
104169,2024-05-01,2024-07-31,0.56,10-Q,2025,Q2,2024-08-30,0000104169-24-000141
104169,2023-02-01,2023-10-31,1.24,10-Q,2025,Q3,2024-12-06,0000104169-24-000178
104169,2023-08-01,2023-10-31,0.06,10-Q,2025,Q3,2024-12-06,0000104169-24-000178
104169,2024-02-01,2024-10-31,1.75,10-Q,2025,Q3,2024-12-06,0000104169-24-000178
104169,2024-08-01,2024-10-31,0.57,10-Q,2025,Q3,2024-12-06,0000104169-24-000178
104169,2022-02-01,2023-01-31,1.42,10-K,2025,FY,2025-03-14,0000104169-25-000021
104169,2023-02-01,2024-01-31,1.91,10-K,2025,FY,2025-03-14,0000104169-25-000021
104169,2024-02-01,2025-01-31,2.41,10-K,2025,FY,2025-03-14,0000104169-25-000021
104169,2024-02-01,2024-04-30,0.63,10-Q,2026,Q1,2025-06-06,0000104169-25-000090
104169,2025-02-01,2025-04-30,0.56,10-Q,2026,Q1,2025-06-06,0000104169-25-000090
104169,2024-02-01,2024-07-31,1.19,10-Q,2026,Q2,2025-08-29,0000104169-25-000137
104169,2024-05-01,2024-07-31,0.56,10-Q,2026,Q2,2025-08-29,0000104169-25-000137
104169,2025-02-01,2025-07-31,1.43,10-Q,2026,Q2,2025-08-29,0000104169-25-000137
104169,2025-05-01,2025-07-31,0.88,10-Q,2026,Q2,2025-08-29,0000104169-25-000137
104169,2024-02-01,2024-10-31,1.75,10-Q,2026,Q3,2025-12-03,0000104169-25-000191
104169,2024-08-01,2024-10-31,0.57,10-Q,2026,Q3,2025-12-03,0000104169-25-000191
104169,2025-02-01,2025-10-31,2.2,10-Q,2026,Q3,2025-12-03,0000104169-25-000191
104169,2025-08-01,2025-10-31,0.77,10-Q,2026,Q3,2025-12-03,0000104169-25-000191
104169,2023-02-01,2024-01-31,1.91,10-K,2026,FY,2026-03-13,0000104169-26-000055
104169,2024-02-01,2025-01-31,2.41,10-K,2026,FY,2026-03-13,0000104169-26-000055
104169,2025-02-01,2026-01-31,2.73,10-K,2026,FY,2026-03-13,0000104169-26-000055
104169,2025-02-01,2025-04-30,0.56,10-Q,2027,Q1,2026-05-29,0000104169-26-000102
104169,2026-02-01,2026-04-30,0.67,10-Q,2027,Q1,2026-05-29,0000104169-26-000102
104169,2025-02-01,2025-07-31,1.43,10-Q,2027,Q2,2026-08-28,0000104169-26-000154
104169,2025-05-01,2025-07-31,0.88,10-Q,2027,Q2,2026-08-28,0000104169-26-000154
104169,2026-02-01,2026-07-31,1.46,10-Q,2027,Q2,2026-08-28,0000104169-26-000154
104169,2026-05-01,2026-07-31,0.8,10-Q,2027,Q2,2026-08-28,0000104169-26-000154
200406,2008-12-29,2010-01-03,4.4,10-K,2011,FY,2012-02-23,0001193125-12-075565
200406,2010-01-04,2010-04-04,1.62,10-K,2011,FY,2012-02-23,0001193125-12-075565
200406,2010-04-05,2010-07-04,1.23,10-K,2011,FY,2012-02-23,0001193125-12-075565
200406,2010-07-05,2010-10-03,1.23,10-K,2011,FY,2012-02-23,0001193125-12-075565
200406,2010-01-04,2011-01-02,4.78,10-K,2011,FY,2012-02-23,0001193125-12-075565
200406,2010-10-04,2011-01-02,0.7,10-K,2011,FY,2012-02-23,0001193125-12-075565
200406,2011-01-03,2011-04-03,1.25,10-K,2011,FY,2012-02-23,0001193125-12-075565
200406,2011-04-04,2011-07-03,1,10-K,2011,FY,2012-02-23,0001193125-12-075565
200406,2011-07-04,2011-10-02,1.15,10-K,2011,FY,2012-02-23,0001193125-12-075565
200406,2011-01-03,2012-01-01,3.49,10-K,2011,FY,2012-02-23,0001193125-12-075565
200406,2011-10-03,2012-01-01,0.08,10-K,2011,FY,2012-02-23,0001193125-12-075565
200406,2011-01-03,2011-04-03,1.25,10-Q,2012,Q1,2012-05-07,0000200406-12-000081
200406,2012-01-02,2012-04-01,1.41,10-Q,2012,Q1,2012-05-07,0000200406-12-000081
200406,2011-01-03,2011-07-03,2.25,10-Q,2012,Q2,2012-08-02,0000200406-12-000119
200406,2011-04-04,2011-07-03,1,10-Q,2012,Q2,2012-08-02,0000200406-12-000119
200406,2012-01-02,2012-07-01,1.91,10-Q,2012,Q2,2012-08-02,0000200406-12-000119
200406,2012-04-02,2012-07-01,0.5,10-Q,2012,Q2,2012-08-02,0000200406-12-000119
200406,2011-01-03,2011-10-02,3.4,10-Q,2012,Q3,2012-11-09,0000200406-12-000140
200406,2011-07-04,2011-10-02,1.15,10-Q,2012,Q3,2012-11-09,0000200406-12-000140
200406,2012-01-02,2012-09-30,2.96,10-Q,2012,Q3,2012-11-09,0000200406-12-000140
200406,2012-07-02,2012-09-30,1.05,10-Q,2012,Q3,2012-11-09,0000200406-12-000140
200406,2010-01-04,2011-01-02,4.78,10-K,2012,FY,2013-02-22,0000200406-13-000038
200406,2011-01-03,2011-04-03,1.25,10-K,2012,FY,2013-02-22,0000200406-13-000038
200406,2011-04-04,2011-07-03,1,10-K,2012,FY,2013-02-22,0000200406-13-000038
200406,2011-07-04,2011-10-02,1.15,10-K,2012,FY,2013-02-22,0000200406-13-000038
200406,2011-01-03,2012-01-01,3.49,10-K,2012,FY,2013-02-22,0000200406-13-000038
200406,2011-10-03,2012-01-01,0.08,10-K,2012,FY,2013-02-22,0000200406-13-000038
200406,2012-01-02,2012-04-01,1.41,10-K,2012,FY,2013-02-22,0000200406-13-000038
200406,2012-04-02,2012-07-01,0.5,10-K,2012,FY,2013-02-22,0000200406-13-000038
200406,2012-07-02,2012-09-30,1.05,10-K,2012,FY,2013-02-22,0000200406-13-000038
200406,2012-01-02,2012-12-30,3.86,10-K,2012,FY,2013-02-22,0000200406-13-000038
200406,2012-10-01,2012-12-30,0.91,10-K,2012,FY,2013-02-22,0000200406-13-000038
200406,2012-01-02,2012-04-01,1.41,10-Q,2013,Q1,2013-05-03,0000200406-13-000057
200406,2012-12-31,2013-03-31,1.22,10-Q,2013,Q1,2013-05-03,0000200406-13-000057
200406,2012-01-02,2012-07-01,1.91,10-Q,2013,Q2,2013-08-01,0000200406-13-000091
200406,2012-04-02,2012-07-01,0.5,10-Q,2013,Q2,2013-08-01,0000200406-13-000091
200406,2012-12-31,2013-06-30,2.55,10-Q,2013,Q2,2013-08-01,0000200406-13-000091
200406,2013-04-01,2013-06-30,1.33,10-Q,2013,Q2,2013-08-01,0000200406-13-000091
200406,2012-01-02,2012-09-30,2.96,10-Q,2013,Q3,2013-11-04,0000200406-13-000112
200406,2012-07-02,2012-09-30,1.05,10-Q,2013,Q3,2013-11-04,0000200406-13-000112
200406,2012-12-31,2013-09-29,3.58,10-Q,2013,Q3,2013-11-04,0000200406-13-000112
200406,2013-07-01,2013-09-29,1.04,10-Q,2013,Q3,2013-11-04,0000200406-13-000112
200406,2011-01-03,2012-01-01,3.49,10-K,2013,FY,2014-02-21,0000200406-14-000033
200406,2012-01-02,2012-04-01,1.41,10-K,2013,FY,2014-02-21,0000200406-14-000033
200406,2012-04-02,2012-07-01,0.5,10-K,2013,FY,2014-02-21,0000200406-14-000033
200406,2012-07-02,2012-09-30,1.05,10-K,2013,FY,2014-02-21,0000200406-14-000033
200406,2012-01-02,2012-12-30,3.86,10-K,2013,FY,2014-02-21,0000200406-14-000033
200406,2012-10-01,2012-12-30,0.91,10-K,2013,FY,2014-02-21,0000200406-14-000033
200406,2012-12-31,2013-03-31,1.22,10-K,2013,FY,2014-02-21,0000200406-14-000033
200406,2013-04-01,2013-06-30,1.33,10-K,2013,FY,2014-02-21,0000200406-14-000033
200406,2013-07-01,2013-09-29,1.04,10-K,2013,FY,2014-02-21,0000200406-14-000033
200406,2012-12-31,2013-12-29,4.81,10-K,2013,FY,2014-02-21,0000200406-14-000033
200406,2013-09-30,2013-12-29,1.23,10-K,2013,FY,2014-02-21,0000200406-14-000033
200406,2012-12-31,2013-03-31,1.22,10-Q,2014,Q1,2014-05-02,0000200406-14-000047
200406,2013-12-30,2014-03-30,1.64,10-Q,2014,Q1,2014-05-02,0000200406-14-000047
200406,2012-12-31,2013-06-30,2.55,10-Q,2014,Q2,2014-08-01,0000200406-14-000089
200406,2013-04-01,2013-06-30,1.33,10-Q,2014,Q2,2014-08-01,0000200406-14-000089
200406,2013-12-30,2014-06-29,3.15,10-Q,2014,Q2,2014-08-01,0000200406-14-000089
200406,2014-03-31,2014-06-29,1.51,10-Q,2014,Q2,2014-08-01,0000200406-14-000089
200406,2012-12-31,2013-09-29,3.58,10-Q,2014,Q3,2014-10-30,0000200406-14-000097
200406,2013-07-01,2013-09-29,1.04,10-Q,2014,Q3,2014-10-30,0000200406-14-000097
200406,2013-12-30,2014-09-28,4.81,10-Q,2014,Q3,2014-10-30,0000200406-14-000097
200406,2014-06-30,2014-09-28,1.66,10-Q,2014,Q3,2014-10-30,0000200406-14-000097
200406,2012-01-02,2012-12-30,3.86,10-K,2014,FY,2015-02-24,0000200406-15-000004
200406,2012-12-31,2013-03-31,1.22,10-K,2014,FY,2015-02-24,0000200406-15-000004
200406,2013-04-01,2013-06-30,1.33,10-K,2014,FY,2015-02-24,0000200406-15-000004
200406,2013-07-01,2013-09-29,1.04,10-K,2014,FY,2015-02-24,0000200406-15-000004
200406,2012-12-31,2013-12-29,4.81,10-K,2014,FY,2015-02-24,0000200406-15-000004
200406,2013-09-30,2013-12-29,1.23,10-K,2014,FY,2015-02-24,0000200406-15-000004
200406,2013-12-30,2014-03-30,1.64,10-K,2014,FY,2015-02-24,0000200406-15-000004
200406,2014-03-31,2014-06-29,1.51,10-K,2014,FY,2015-02-24,0000200406-15-000004
200406,2014-06-30,2014-09-28,1.66,10-K,2014,FY,2015-02-24,0000200406-15-000004
200406,2013-12-30,2014-12-28,5.7,10-K,2014,FY,2015-02-24,0000200406-15-000004
200406,2014-09-29,2014-12-28,0.89,10-K,2014,FY,2015-02-24,0000200406-15-000004
200406,2013-12-30,2014-03-30,1.64,10-Q,2015,Q1,2015-05-01,0000200406-15-000019
200406,2014-12-29,2015-03-29,1.53,10-Q,2015,Q1,2015-05-01,0000200406-15-000019
200406,2013-12-30,2014-06-29,3.15,10-Q,2015,Q2,2015-07-31,0000200406-15-000044
200406,2014-03-31,2014-06-29,1.51,10-Q,2015,Q2,2015-07-31,0000200406-15-000044
200406,2014-12-29,2015-06-28,3.13,10-Q,2015,Q2,2015-07-31,0000200406-15-000044
200406,2015-03-30,2015-06-28,1.61,10-Q,2015,Q2,2015-07-31,0000200406-15-000044
200406,2013-12-30,2014-09-28,4.81,10-Q,2015,Q3,2015-10-30,0000200406-15-000060
200406,2014-06-30,2014-09-28,1.66,10-Q,2015,Q3,2015-10-30,0000200406-15-000060
200406,2014-12-29,2015-09-27,4.33,10-Q,2015,Q3,2015-10-30,0000200406-15-000060
200406,2015-06-29,2015-09-27,1.2,10-Q,2015,Q3,2015-10-30,0000200406-15-000060
200406,2012-12-31,2013-12-29,4.81,10-K,2015,FY,2016-02-24,0000200406-16-000071
200406,2013-12-30,2014-03-30,1.64,10-K,2015,FY,2016-02-24,0000200406-16-000071
200406,2014-03-31,2014-06-29,1.51,10-K,2015,FY,2016-02-24,0000200406-16-000071
200406,2014-06-30,2014-09-28,1.66,10-K,2015,FY,2016-02-24,0000200406-16-000071
200406,2013-12-30,2014-12-28,5.7,10-K,2015,FY,2016-02-24,0000200406-16-000071
200406,2014-09-29,2014-12-28,0.89,10-K,2015,FY,2016-02-24,0000200406-16-000071
200406,2014-12-29,2015-03-29,1.53,10-K,2015,FY,2016-02-24,0000200406-16-000071
200406,2015-03-30,2015-06-28,1.61,10-K,2015,FY,2016-02-24,0000200406-16-000071
200406,2015-06-29,2015-09-27,1.2,10-K,2015,FY,2016-02-24,0000200406-16-000071
200406,2014-12-29,2016-01-03,5.48,10-K,2015,FY,2016-02-24,0000200406-16-000071
200406,2015-09-28,2016-01-03,1.15,10-K,2015,FY,2016-02-24,0000200406-16-000071
200406,2014-12-29,2015-03-29,1.53,10-Q,2016,Q1,2016-05-10,0000200406-16-000084
200406,2016-01-04,2016-04-03,1.54,10-Q,2016,Q1,2016-05-10,0000200406-16-000084
200406,2014-12-29,2015-06-28,3.13,10-Q,2016,Q2,2016-08-04,0000200406-16-000105
200406,2015-03-30,2015-06-28,1.61,10-Q,2016,Q2,2016-08-04,0000200406-16-000105
200406,2016-01-04,2016-07-03,3.02,10-Q,2016,Q2,2016-08-04,0000200406-16-000105
200406,2016-04-04,2016-07-03,1.43,10-Q,2016,Q2,2016-08-04,0000200406-16-000105
200406,2014-12-29,2015-09-27,4.33,10-Q,2016,Q3,2016-11-04,0000200406-16-000112
200406,2015-06-29,2015-09-27,1.2,10-Q,2016,Q3,2016-11-04,0000200406-16-000112
200406,2016-01-04,2016-10-02,4.55,10-Q,2016,Q3,2016-11-04,0000200406-16-000112
200406,2016-07-04,2016-10-02,1.53,10-Q,2016,Q3,2016-11-04,0000200406-16-000112
200406,2013-12-30,2014-12-28,5.7,10-K,2016,FY,2017-02-27,0000200406-17-000006
200406,2014-12-29,2015-03-29,1.53,10-K,2016,FY,2017-02-27,0000200406-17-000006
200406,2015-03-30,2015-06-28,1.61,10-K,2016,FY,2017-02-27,0000200406-17-000006
200406,2015-06-29,2015-09-27,1.2,10-K,2016,FY,2017-02-27,0000200406-17-000006
200406,2014-12-29,2016-01-03,5.48,10-K,2016,FY,2017-02-27,0000200406-17-000006
200406,2015-09-28,2016-01-03,1.15,10-K,2016,FY,2017-02-27,0000200406-17-000006
200406,2016-01-04,2016-04-03,1.59,10-K,2016,FY,2017-02-27,0000200406-17-000006
200406,2016-04-04,2016-07-03,1.43,10-K,2016,FY,2017-02-27,0000200406-17-000006
200406,2016-07-04,2016-10-02,1.53,10-K,2016,FY,2017-02-27,0000200406-17-000006
200406,2016-01-04,2017-01-01,5.93,10-K,2016,FY,2017-02-27,0000200406-17-000006
200406,2016-10-03,2017-01-01,1.38,10-K,2016,FY,2017-02-27,0000200406-17-000006
200406,2016-01-04,2016-04-03,1.59,10-Q,2017,Q1,2017-05-08,0000200406-17-000024
200406,2017-01-02,2017-04-02,1.61,10-Q,2017,Q1,2017-05-08,0000200406-17-000024
200406,2016-01-04,2016-07-03,3.02,10-Q,2017,Q2,2017-08-03,0000200406-17-000042
200406,2016-04-04,2016-07-03,1.43,10-Q,2017,Q2,2017-08-03,0000200406-17-000042
200406,2017-01-02,2017-07-02,3,10-Q,2017,Q2,2017-08-03,0000200406-17-000042
200406,2017-04-03,2017-07-02,1.4,10-Q,2017,Q2,2017-08-03,0000200406-17-000042
200406,2016-01-04,2016-10-02,4.55,10-Q,2017,Q3,2017-11-02,0000200406-17-000052
200406,2016-07-04,2016-10-02,1.53,10-Q,2017,Q3,2017-11-02,0000200406-17-000052
200406,2017-01-02,2017-10-01,4.37,10-Q,2017,Q3,2017-11-02,0000200406-17-000052
200406,2017-07-03,2017-10-01,1.37,10-Q,2017,Q3,2017-11-02,0000200406-17-000052
200406,2014-12-29,2016-01-03,5.48,10-K,2017,FY,2018-02-21,0000200406-18-000005
200406,2016-01-04,2016-04-03,1.59,10-K,2017,FY,2018-02-21,0000200406-18-000005
200406,2016-04-04,2016-07-03,1.43,10-K,2017,FY,2018-02-21,0000200406-18-000005
200406,2016-07-04,2016-10-02,1.53,10-K,2017,FY,2018-02-21,0000200406-18-000005
200406,2016-01-04,2017-01-01,5.93,10-K,2017,FY,2018-02-21,0000200406-18-000005
200406,2016-10-03,2017-01-01,1.38,10-K,2017,FY,2018-02-21,0000200406-18-000005
200406,2017-01-02,2017-04-02,1.61,10-K,2017,FY,2018-02-21,0000200406-18-000005
200406,2017-04-03,2017-07-02,1.4,10-K,2017,FY,2018-02-21,0000200406-18-000005
200406,2017-07-03,2017-10-01,1.37,10-K,2017,FY,2018-02-21,0000200406-18-000005
200406,2017-01-02,2017-12-31,0.47,10-K,2017,FY,2018-02-21,0000200406-18-000005
200406,2017-10-02,2017-12-31,-3.99,10-K,2017,FY,2018-02-21,0000200406-18-000005
200406,2017-01-02,2017-04-02,1.61,10-Q,2018,Q1,2018-05-01,0000200406-18-000019
200406,2018-01-01,2018-04-01,1.6,10-Q,2018,Q1,2018-05-01,0000200406-18-000019
200406,2017-01-02,2017-07-02,3,10-Q,2018,Q2,2018-08-02,0000200406-18-000041
200406,2017-04-03,2017-07-02,1.4,10-Q,2018,Q2,2018-08-02,0000200406-18-000041
200406,2018-01-01,2018-07-01,3.05,10-Q,2018,Q2,2018-08-02,0000200406-18-000041
200406,2018-04-02,2018-07-01,1.45,10-Q,2018,Q2,2018-08-02,0000200406-18-000041
200406,2017-01-02,2017-10-01,4.37,10-Q,2018,Q3,2018-10-31,0000200406-18-000055
200406,2017-07-03,2017-10-01,1.37,10-Q,2018,Q3,2018-10-31,0000200406-18-000055
200406,2018-01-01,2018-09-30,4.49,10-Q,2018,Q3,2018-10-31,0000200406-18-000055
200406,2018-07-02,2018-09-30,1.44,10-Q,2018,Q3,2018-10-31,0000200406-18-000055
200406,2016-01-04,2017-01-01,5.93,10-K,2018,FY,2019-02-20,0000200406-19-000009
200406,2017-01-02,2017-04-02,1.61,10-K,2018,FY,2019-02-20,0000200406-19-000009
200406,2017-04-03,2017-07-02,1.4,10-K,2018,FY,2019-02-20,0000200406-19-000009
200406,2017-07-03,2017-10-01,1.37,10-K,2018,FY,2019-02-20,0000200406-19-000009
200406,2017-01-02,2017-12-31,0.47,10-K,2018,FY,2019-02-20,0000200406-19-000009
200406,2017-10-02,2017-12-31,-3.99,10-K,2018,FY,2019-02-20,0000200406-19-000009
200406,2018-01-01,2018-04-01,1.6,10-K,2018,FY,2019-02-20,0000200406-19-000009
200406,2018-04-02,2018-07-01,1.45,10-K,2018,FY,2019-02-20,0000200406-19-000009
200406,2018-07-02,2018-09-30,1.44,10-K,2018,FY,2019-02-20,0000200406-19-000009
200406,2018-01-01,2018-12-30,5.61,10-K,2018,FY,2019-02-20,0000200406-19-000009
200406,2018-10-01,2018-12-30,1.12,10-K,2018,FY,2019-02-20,0000200406-19-000009
200406,2018-01-01,2018-04-01,1.6,10-Q,2019,Q1,2019-05-01,0000200406-19-000033
200406,2018-12-31,2019-03-31,1.39,10-Q,2019,Q1,2019-05-01,0000200406-19-000033
200406,2018-01-01,2018-07-01,3.05,10-Q,2019,Q2,2019-07-29,0000200406-19-000053
200406,2018-04-02,2018-07-01,1.45,10-Q,2019,Q2,2019-07-29,0000200406-19-000053
200406,2018-12-31,2019-06-30,3.47,10-Q,2019,Q2,2019-07-29,0000200406-19-000053
200406,2019-04-01,2019-06-30,2.08,10-Q,2019,Q2,2019-07-29,0000200406-19-000053
200406,2018-01-01,2018-09-30,4.49,10-Q,2019,Q3,2019-10-28,0000200406-19-000066
200406,2018-07-02,2018-09-30,1.44,10-Q,2019,Q3,2019-10-28,0000200406-19-000066
200406,2018-12-31,2019-09-29,4.13,10-Q,2019,Q3,2019-10-28,0000200406-19-000066
200406,2019-07-01,2019-09-29,0.66,10-Q,2019,Q3,2019-10-28,0000200406-19-000066
200406,2017-01-02,2017-12-31,0.47,10-K,2019,FY,2020-02-18,0000200406-20-000010
200406,2018-01-01,2018-04-01,1.6,10-K,2019,FY,2020-02-18,0000200406-20-000010
200406,2018-04-02,2018-07-01,1.45,10-K,2019,FY,2020-02-18,0000200406-20-000010
200406,2018-07-02,2018-09-30,1.44,10-K,2019,FY,2020-02-18,0000200406-20-000010
200406,2018-01-01,2018-12-30,5.61,10-K,2019,FY,2020-02-18,0000200406-20-000010
200406,2018-10-01,2018-12-30,1.12,10-K,2019,FY,2020-02-18,0000200406-20-000010
200406,2018-12-31,2019-03-31,1.39,10-K,2019,FY,2020-02-18,0000200406-20-000010
200406,2019-04-01,2019-06-30,2.08,10-K,2019,FY,2020-02-18,0000200406-20-000010
200406,2019-07-01,2019-09-29,0.66,10-K,2019,FY,2020-02-18,0000200406-20-000010
200406,2018-12-31,2019-12-29,5.63,10-K,2019,FY,2020-02-18,0000200406-20-000010
200406,2019-09-30,2019-12-29,1.5,10-K,2019,FY,2020-02-18,0000200406-20-000010
200406,2018-12-31,2019-03-31,1.39,10-Q,2020,Q1,2020-04-29,0000200406-20-000035
200406,2019-12-30,2020-03-29,2.17,10-Q,2020,Q1,2020-04-29,0000200406-20-000035
200406,2018-12-31,2019-06-30,3.47,10-Q,2020,Q2,2020-07-24,0000200406-20-000050
200406,2019-04-01,2019-06-30,2.08,10-Q,2020,Q2,2020-07-24,0000200406-20-000050
200406,2019-12-30,2020-06-28,3.53,10-Q,2020,Q2,2020-07-24,0000200406-20-000050
200406,2020-03-30,2020-06-28,1.36,10-Q,2020,Q2,2020-07-24,0000200406-20-000050
200406,2018-12-31,2019-09-29,4.13,10-Q,2020,Q3,2020-10-23,0000200406-20-000056
200406,2019-07-01,2019-09-29,0.66,10-Q,2020,Q3,2020-10-23,0000200406-20-000056
200406,2019-12-30,2020-09-27,4.86,10-Q,2020,Q3,2020-10-23,0000200406-20-000056
200406,2020-06-29,2020-09-27,1.33,10-Q,2020,Q3,2020-10-23,0000200406-20-000056
200406,2018-01-01,2018-12-30,5.61,10-K,2020,FY,2021-02-22,0000200406-21-000008
200406,2018-12-31,2019-12-29,5.63,10-K,2020,FY,2021-02-22,0000200406-21-000008
200406,2019-12-30,2021-01-03,5.51,10-K,2020,FY,2021-02-22,0000200406-21-000008
200406,2019-12-30,2020-03-29,2.17,10-Q,2021,Q1,2021-04-30,0000200406-21-000036
200406,2021-01-04,2021-04-04,2.32,10-Q,2021,Q1,2021-04-30,0000200406-21-000036
200406,2019-12-30,2020-06-28,3.53,10-Q,2021,Q2,2021-07-29,0000200406-21-000057
200406,2020-03-30,2020-06-28,1.36,10-Q,2021,Q2,2021-07-29,0000200406-21-000057
200406,2021-01-04,2021-07-04,4.67,10-Q,2021,Q2,2021-07-29,0000200406-21-000057
200406,2021-04-05,2021-07-04,2.35,10-Q,2021,Q2,2021-07-29,0000200406-21-000057
200406,2019-12-30,2020-09-27,4.86,10-Q,2021,Q3,2021-10-29,0000200406-21-000070
200406,2020-06-29,2020-09-27,1.33,10-Q,2021,Q3,2021-10-29,0000200406-21-000070
200406,2021-01-04,2021-10-03,6.04,10-Q,2021,Q3,2021-10-29,0000200406-21-000070
200406,2021-07-05,2021-10-03,1.37,10-Q,2021,Q3,2021-10-29,0000200406-21-000070
200406,2018-12-31,2019-12-29,5.63,10-K,2021,FY,2022-02-17,0000200406-22-000022
200406,2019-12-30,2021-01-03,5.51,10-K,2021,FY,2022-02-17,0000200406-22-000022
200406,2021-01-04,2022-01-02,7.81,10-K,2021,FY,2022-02-17,0000200406-22-000022
200406,2021-01-04,2021-04-04,2.32,10-Q,2022,Q1,2022-04-29,0000200406-22-000048
200406,2022-01-03,2022-04-03,1.93,10-Q,2022,Q1,2022-04-29,0000200406-22-000048
200406,2021-01-04,2021-07-04,4.67,10-Q,2022,Q2,2022-07-29,0000200406-22-000071
200406,2021-04-05,2021-07-04,2.35,10-Q,2022,Q2,2022-07-29,0000200406-22-000071
200406,2022-01-03,2022-07-03,3.73,10-Q,2022,Q2,2022-07-29,0000200406-22-000071
200406,2022-04-04,2022-07-03,1.8,10-Q,2022,Q2,2022-07-29,0000200406-22-000071
200406,2021-01-04,2021-10-03,6.04,10-Q,2022,Q3,2022-10-27,0000200406-22-000086
200406,2021-07-05,2021-10-03,1.37,10-Q,2022,Q3,2022-10-27,0000200406-22-000086
200406,2022-01-03,2022-10-02,5.41,10-Q,2022,Q3,2022-10-27,0000200406-22-000086
200406,2022-07-04,2022-10-02,1.68,10-Q,2022,Q3,2022-10-27,0000200406-22-000086
200406,2019-12-30,2021-01-03,5.51,10-K,2022,FY,2023-02-16,0000200406-23-000016
200406,2021-01-04,2022-01-02,7.81,10-K,2022,FY,2023-02-16,0000200406-23-000016
200406,2022-01-03,2023-01-01,6.73,10-K,2022,FY,2023-02-16,0000200406-23-000016
200406,2022-01-03,2022-04-03,1.93,10-Q,2023,Q1,2023-04-28,0000200406-23-000056
200406,2023-01-02,2023-04-02,-0.03,10-Q,2023,Q1,2023-04-28,0000200406-23-000056
200406,2022-01-03,2022-07-03,3.73,10-Q,2023,Q2,2023-07-31,0000200406-23-000082
200406,2022-04-04,2022-07-03,1.8,10-Q,2023,Q2,2023-07-31,0000200406-23-000082
200406,2023-01-02,2023-07-02,1.93,10-Q,2023,Q2,2023-07-31,0000200406-23-000082
200406,2023-04-03,2023-07-02,1.96,10-Q,2023,Q2,2023-07-31,0000200406-23-000082
200406,2022-01-03,2022-10-02,5.41,10-Q,2023,Q3,2023-10-27,0000200406-23-000102
200406,2022-07-04,2022-10-02,1.68,10-Q,2023,Q3,2023-10-27,0000200406-23-000102
200406,2023-01-02,2023-10-01,11.95,10-Q,2023,Q3,2023-10-27,0000200406-23-000102
200406,2023-07-03,2023-10-01,10.21,10-Q,2023,Q3,2023-10-27,0000200406-23-000102
200406,2021-01-04,2022-01-02,7.81,10-K,2023,FY,2024-02-16,0000200406-24-000013
200406,2022-01-03,2022-04-03,1.93,10-K,2023,FY,2024-02-16,0000200406-24-000013
200406,2022-04-04,2022-07-03,1.8,10-K,2023,FY,2024-02-16,0000200406-24-000013
200406,2022-07-04,2022-10-02,1.68,10-K,2023,FY,2024-02-16,0000200406-24-000013
200406,2022-01-03,2023-01-01,6.73,10-K,2023,FY,2024-02-16,0000200406-24-000013
200406,2022-10-03,2023-01-01,1.33,10-K,2023,FY,2024-02-16,0000200406-24-000013
200406,2023-01-02,2023-04-02,-0.03,10-K,2023,FY,2024-02-16,0000200406-24-000013
200406,2023-04-03,2023-07-02,1.96,10-K,2023,FY,2024-02-16,0000200406-24-000013
200406,2023-07-03,2023-10-01,10.21,10-K,2023,FY,2024-02-16,0000200406-24-000013
200406,2023-01-02,2023-12-31,13.72,10-K,2023,FY,2024-02-16,0000200406-24-000013
200406,2023-10-02,2023-12-31,1.67,10-K,2023,FY,2024-02-16,0000200406-24-000013
200406,2023-01-02,2023-04-02,-0.03,10-Q,2024,Q1,2024-05-01,0000200406-24-000049
200406,2024-01-01,2024-03-31,1.34,10-Q,2024,Q1,2024-05-01,0000200406-24-000049
200406,2023-01-02,2023-07-02,1.93,10-Q,2024,Q2,2024-07-25,0000200406-24-000075
200406,2023-04-03,2023-07-02,1.96,10-Q,2024,Q2,2024-07-25,0000200406-24-000075
200406,2024-01-01,2024-06-30,3.27,10-Q,2024,Q2,2024-07-25,0000200406-24-000075
200406,2024-04-01,2024-06-30,1.93,10-Q,2024,Q2,2024-07-25,0000200406-24-000075
200406,2023-01-02,2023-10-01,11.95,10-Q,2024,Q3,2024-10-23,0000200406-24-000096
200406,2023-07-03,2023-10-01,10.21,10-Q,2024,Q3,2024-10-23,0000200406-24-000096
200406,2024-01-01,2024-09-29,4.38,10-Q,2024,Q3,2024-10-23,0000200406-24-000096
200406,2024-07-01,2024-09-29,1.11,10-Q,2024,Q3,2024-10-23,0000200406-24-000096
200406,2022-01-03,2023-01-01,6.73,10-K,2024,FY,2025-02-13,0000200406-25-000038
200406,2023-01-02,2023-12-31,13.72,10-K,2024,FY,2025-02-13,0000200406-25-000038
200406,2024-01-01,2024-12-29,5.79,10-K,2024,FY,2025-02-13,0000200406-25-000038
200406,2024-01-01,2024-03-31,1.34,10-Q,2025,Q1,2025-04-23,0000200406-25-000119
200406,2024-12-30,2025-03-30,4.54,10-Q,2025,Q1,2025-04-23,0000200406-25-000119
200406,2024-01-01,2024-06-30,3.27,10-Q,2025,Q2,2025-07-24,0000200406-25-000178
200406,2024-04-01,2024-06-30,1.93,10-Q,2025,Q2,2025-07-24,0000200406-25-000178
200406,2024-12-30,2025-06-29,6.82,10-Q,2025,Q2,2025-07-24,0000200406-25-000178
200406,2025-03-31,2025-06-29,2.29,10-Q,2025,Q2,2025-07-24,0000200406-25-000178
200406,2024-01-01,2024-09-29,4.38,10-Q,2025,Q3,2025-10-22,0000200406-25-000209
200406,2024-07-01,2024-09-29,1.11,10-Q,2025,Q3,2025-10-22,0000200406-25-000209
200406,2024-12-30,2025-09-28,8.94,10-Q,2025,Q3,2025-10-22,0000200406-25-000209
200406,2025-06-30,2025-09-28,2.12,10-Q,2025,Q3,2025-10-22,0000200406-25-000209
200406,2023-01-02,2023-12-31,13.72,10-K,2025,FY,2026-02-11,0000200406-26-000016
200406,2024-01-01,2024-12-29,5.79,10-K,2025,FY,2026-02-11,0000200406-26-000016
200406,2024-12-30,2025-12-28,11.03,10-K,2025,FY,2026-02-11,0000200406-26-000016
200406,2024-12-30,2025-03-30,4.54,10-Q,2026,Q1,2026-04-22,0000200406-26-000087
200406,2025-12-29,2026-03-29,2.14,10-Q,2026,Q1,2026-04-22,0000200406-26-000087
200406,2024-12-30,2025-06-29,6.82,10-Q,2026,Q2,2026-07-23,0000200406-26-000153
200406,2025-03-31,2025-06-29,2.29,10-Q,2026,Q2,2026-07-23,0000200406-26-000153
200406,2025-12-29,2026-06-28,4.41,10-Q,2026,Q2,2026-07-23,0000200406-26-000153
200406,2026-03-30,2026-06-28,2.27,10-Q,2026,Q2,2026-07-23,0000200406-26-000153
320187,2010-06-01,2010-11-30,2.08,10-Q,2012,Q2,2012-01-05,0001193125-12-003655
320187,2010-09-01,2010-11-30,0.94,10-Q,2012,Q2,2012-01-05,0001193125-12-003655
320187,2011-06-01,2011-11-30,2.36,10-Q,2012,Q2,2012-01-05,0001193125-12-003655
320187,2011-09-01,2011-11-30,1,10-Q,2012,Q2,2012-01-05,0001193125-12-003655
320187,2010-06-01,2011-02-28,3.16,10-Q,2012,Q3,2012-04-06,0001193125-12-153669
320187,2010-12-01,2011-02-28,1.08,10-Q,2012,Q3,2012-04-06,0001193125-12-153669
320187,2011-06-01,2012-02-29,3.56,10-Q,2012,Q3,2012-04-06,0001193125-12-153669
320187,2011-12-01,2012-02-29,1.2,10-Q,2012,Q3,2012-04-06,0001193125-12-153669
320187,2009-06-01,2010-05-31,3.86,10-K,2012,FY,2012-07-24,0001193125-12-312306
320187,2010-06-01,2011-05-31,4.39,10-K,2012,FY,2012-07-24,0001193125-12-312306
320187,2011-06-01,2012-05-31,4.73,10-K,2012,FY,2012-07-24,0001193125-12-312306
320187,2011-06-01,2011-08-31,1.36,10-Q,2013,Q1,2012-10-09,0001193125-12-418554
320187,2012-06-01,2012-08-31,1.23,10-Q,2013,Q1,2012-10-09,0001193125-12-418554
320187,2011-06-01,2011-11-30,1.18,10-Q,2013,Q2,2013-01-09,0001193125-13-008172
320187,2011-09-01,2011-11-30,0.5,10-Q,2013,Q2,2013-01-09,0001193125-13-008172
320187,2012-06-01,2012-11-30,1.04,10-Q,2013,Q2,2013-01-09,0001193125-13-008172
320187,2012-09-01,2012-11-30,0.42,10-Q,2013,Q2,2013-01-09,0001193125-13-008172
320187,2011-06-01,2012-02-29,1.78,10-Q,2013,Q3,2013-04-04,0001193125-13-142156
320187,2011-12-01,2012-02-29,0.6,10-Q,2013,Q3,2013-04-04,0001193125-13-142156
320187,2012-06-01,2013-02-28,1.98,10-Q,2013,Q3,2013-04-04,0001193125-13-142156
320187,2012-12-01,2013-02-28,0.95,10-Q,2013,Q3,2013-04-04,0001193125-13-142156
320187,2010-06-01,2011-05-31,2.2,10-K,2013,FY,2013-07-23,0000320187-13-000092
320187,2011-06-01,2012-05-31,2.37,10-K,2013,FY,2013-07-23,0000320187-13-000092
320187,2012-06-01,2013-05-31,2.71,10-K,2013,FY,2013-07-23,0000320187-13-000092
320187,2012-06-01,2012-08-31,0.61,10-Q,2014,Q1,2013-10-07,0000320187-13-000183
320187,2013-06-01,2013-08-31,0.86,10-Q,2014,Q1,2013-10-07,0000320187-13-000183
320187,2012-06-01,2012-11-30,1.04,10-Q,2014,Q2,2014-01-07,0000320187-14-000003
320187,2012-09-01,2012-11-30,0.42,10-Q,2014,Q2,2014-01-07,0000320187-14-000003
320187,2013-06-01,2013-11-30,1.45,10-Q,2014,Q2,2014-01-07,0000320187-14-000003
320187,2013-09-01,2013-11-30,0.59,10-Q,2014,Q2,2014-01-07,0000320187-14-000003
320187,2012-06-01,2013-02-28,1.98,10-Q,2014,Q3,2014-04-07,0000320187-14-000030
320187,2012-12-01,2013-02-28,0.95,10-Q,2014,Q3,2014-04-07,0000320187-14-000030
320187,2013-06-01,2014-02-28,2.2,10-Q,2014,Q3,2014-04-07,0000320187-14-000030
320187,2013-12-01,2014-02-28,0.76,10-Q,2014,Q3,2014-04-07,0000320187-14-000030
320187,2011-06-01,2012-05-31,2.35,10-K,2014,FY,2014-07-25,0000320187-14-000097
320187,2012-06-01,2013-05-31,2.7,10-K,2014,FY,2014-07-25,0000320187-14-000097
320187,2013-06-01,2014-05-31,2.97,10-K,2014,FY,2014-07-25,0000320187-14-000097
320187,2013-06-01,2013-08-31,0.86,10-Q,2015,Q1,2014-10-07,0000320187-14-000158
320187,2014-06-01,2014-08-31,1.09,10-Q,2015,Q1,2014-10-07,0000320187-14-000158
320187,2013-06-01,2013-11-30,1.44,10-Q,2015,Q2,2015-01-07,0000320187-15-000003
320187,2013-09-01,2013-11-30,0.59,10-Q,2015,Q2,2015-01-07,0000320187-15-000003
320187,2014-06-01,2014-11-30,1.83,10-Q,2015,Q2,2015-01-07,0000320187-15-000003
320187,2014-09-01,2014-11-30,0.74,10-Q,2015,Q2,2015-01-07,0000320187-15-000003
320187,2013-06-01,2014-02-28,2.19,10-Q,2015,Q3,2015-04-07,0000320187-15-000044
320187,2013-12-01,2014-02-28,0.75,10-Q,2015,Q3,2015-04-07,0000320187-15-000044
320187,2014-06-01,2015-02-28,2.72,10-Q,2015,Q3,2015-04-07,0000320187-15-000044
320187,2014-12-01,2015-02-28,0.89,10-Q,2015,Q3,2015-04-07,0000320187-15-000044
320187,2012-06-01,2013-05-31,2.7,10-K,2015,FY,2015-07-23,0000320187-15-000113
320187,2013-06-01,2014-05-31,2.97,10-K,2015,FY,2015-07-23,0000320187-15-000113
320187,2014-06-01,2015-05-31,3.7,10-K,2015,FY,2015-07-23,0000320187-15-000113
320187,2014-06-01,2014-08-31,1.09,10-Q,2016,Q1,2015-10-06,0000320187-15-000208
320187,2015-06-01,2015-08-31,1.34,10-Q,2016,Q1,2015-10-06,0000320187-15-000208
320187,2014-06-01,2014-11-30,0.91,10-Q,2016,Q2,2016-01-06,0000320187-16-000242
320187,2014-09-01,2014-11-30,0.37,10-Q,2016,Q2,2016-01-06,0000320187-16-000242
320187,2015-06-01,2015-11-30,1.12,10-Q,2016,Q2,2016-01-06,0000320187-16-000242
320187,2015-09-01,2015-11-30,0.45,10-Q,2016,Q2,2016-01-06,0000320187-16-000242
320187,2014-06-01,2015-02-28,1.36,10-Q,2016,Q3,2016-04-05,0000320187-16-000264
320187,2014-12-01,2015-02-28,0.45,10-Q,2016,Q3,2016-04-05,0000320187-16-000264
320187,2015-06-01,2016-02-29,1.67,10-Q,2016,Q3,2016-04-05,0000320187-16-000264
320187,2015-12-01,2016-02-29,0.55,10-Q,2016,Q3,2016-04-05,0000320187-16-000264
320187,2013-06-01,2014-05-31,1.49,10-K,2016,FY,2016-07-21,0000320187-16-000336
320187,2014-06-01,2015-05-31,1.85,10-K,2016,FY,2016-07-21,0000320187-16-000336
320187,2015-06-01,2016-05-31,2.16,10-K,2016,FY,2016-07-21,0000320187-16-000336
320187,2015-06-01,2015-08-31,0.67,10-Q,2017,Q1,2016-10-11,0000320187-16-000381
320187,2016-06-01,2016-08-31,0.73,10-Q,2017,Q1,2016-10-11,0000320187-16-000381
320187,2015-06-01,2015-11-30,1.12,10-Q,2017,Q2,2017-01-05,0000320187-17-000003
320187,2015-09-01,2015-11-30,0.45,10-Q,2017,Q2,2017-01-05,0000320187-17-000003
320187,2016-06-01,2016-11-30,1.23,10-Q,2017,Q2,2017-01-05,0000320187-17-000003
320187,2016-09-01,2016-11-30,0.5,10-Q,2017,Q2,2017-01-05,0000320187-17-000003
320187,2015-06-01,2016-02-29,1.67,10-Q,2017,Q3,2017-04-04,0000320187-17-000031
320187,2015-12-01,2016-02-29,0.55,10-Q,2017,Q3,2017-04-04,0000320187-17-000031
320187,2016-06-01,2017-02-28,1.91,10-Q,2017,Q3,2017-04-04,0000320187-17-000031
320187,2016-12-01,2017-02-28,0.68,10-Q,2017,Q3,2017-04-04,0000320187-17-000031
320187,2014-06-01,2015-05-31,1.85,10-K,2017,FY,2017-07-20,0000320187-17-000090
320187,2015-06-01,2016-05-31,2.16,10-K,2017,FY,2017-07-20,0000320187-17-000090
320187,2016-06-01,2017-05-31,2.51,10-K,2017,FY,2017-07-20,0000320187-17-000090
320187,2016-06-01,2016-08-31,0.73,10-Q,2018,Q1,2017-10-06,0000320187-17-000184
320187,2017-06-01,2017-08-31,0.57,10-Q,2018,Q1,2017-10-06,0000320187-17-000184
320187,2016-06-01,2016-11-30,1.23,10-Q,2018,Q2,2018-01-05,0000320187-18-000007
320187,2016-09-01,2016-11-30,0.5,10-Q,2018,Q2,2018-01-05,0000320187-18-000007
320187,2017-06-01,2017-11-30,1.03,10-Q,2018,Q2,2018-01-05,0000320187-18-000007
320187,2017-09-01,2017-11-30,0.46,10-Q,2018,Q2,2018-01-05,0000320187-18-000007
320187,2016-06-01,2017-02-28,1.91,10-Q,2018,Q3,2018-04-05,0000320187-18-000041
320187,2016-12-01,2017-02-28,0.68,10-Q,2018,Q3,2018-04-05,0000320187-18-000041
320187,2017-06-01,2018-02-28,0.48,10-Q,2018,Q3,2018-04-05,0000320187-18-000041
320187,2017-12-01,2018-02-28,-0.57,10-Q,2018,Q3,2018-04-05,0000320187-18-000041
320187,2015-06-01,2016-05-31,2.16,10-K,2018,FY,2018-07-25,0000320187-18-000142
320187,2016-06-01,2017-05-31,2.51,10-K,2018,FY,2018-07-25,0000320187-18-000142
320187,2017-06-01,2018-05-31,1.17,10-K,2018,FY,2018-07-25,0000320187-18-000142
320187,2017-06-01,2017-08-31,0.57,10-Q,2019,Q1,2018-10-05,0000320187-18-000213
320187,2018-06-01,2018-08-31,0.67,10-Q,2019,Q1,2018-10-05,0000320187-18-000213
320187,2017-06-01,2017-11-30,1.03,10-Q,2019,Q2,2019-01-08,0000320187-19-000007
320187,2017-09-01,2017-11-30,0.46,10-Q,2019,Q2,2019-01-08,0000320187-19-000007
320187,2018-06-01,2018-11-30,1.19,10-Q,2019,Q2,2019-01-08,0000320187-19-000007
320187,2018-09-01,2018-11-30,0.52,10-Q,2019,Q2,2019-01-08,0000320187-19-000007
320187,2017-06-01,2018-02-28,0.48,10-Q,2019,Q3,2019-04-04,0000320187-19-000030
320187,2017-12-01,2018-02-28,-0.57,10-Q,2019,Q3,2019-04-04,0000320187-19-000030
320187,2018-06-01,2019-02-28,1.87,10-Q,2019,Q3,2019-04-04,0000320187-19-000030
320187,2018-12-01,2019-02-28,0.68,10-Q,2019,Q3,2019-04-04,0000320187-19-000030
320187,2016-06-01,2017-05-31,2.51,10-K,2019,FY,2019-07-23,0000320187-19-000051
320187,2017-06-01,2018-05-31,1.17,10-K,2019,FY,2019-07-23,0000320187-19-000051
320187,2018-06-01,2019-05-31,2.49,10-K,2019,FY,2019-07-23,0000320187-19-000051
320187,2018-06-01,2018-08-31,0.67,10-Q,2020,Q1,2019-10-04,0000320187-19-000071
320187,2019-06-01,2019-08-31,0.86,10-Q,2020,Q1,2019-10-04,0000320187-19-000071
320187,2018-06-01,2018-11-30,1.19,10-Q,2020,Q2,2020-01-07,0000320187-20-000004
320187,2018-09-01,2018-11-30,0.52,10-Q,2020,Q2,2020-01-07,0000320187-20-000004
320187,2019-06-01,2019-11-30,1.56,10-Q,2020,Q2,2020-01-07,0000320187-20-000004
320187,2019-09-01,2019-11-30,0.7,10-Q,2020,Q2,2020-01-07,0000320187-20-000004
320187,2018-06-01,2019-02-28,1.87,10-Q,2020,Q3,2020-04-07,0000320187-20-000018
320187,2018-12-01,2019-02-28,0.68,10-Q,2020,Q3,2020-04-07,0000320187-20-000018
320187,2019-06-01,2020-02-29,2.09,10-Q,2020,Q3,2020-04-07,0000320187-20-000018
320187,2019-12-01,2020-02-29,0.53,10-Q,2020,Q3,2020-04-07,0000320187-20-000018
320187,2017-06-01,2018-05-31,1.17,10-K,2020,FY,2020-07-24,0000320187-20-000047
320187,2018-06-01,2019-05-31,2.49,10-K,2020,FY,2020-07-24,0000320187-20-000047
320187,2019-06-01,2020-05-31,1.6,10-K,2020,FY,2020-07-24,0000320187-20-000047
320187,2019-06-01,2019-08-31,0.86,10-Q,2021,Q1,2020-10-08,0000320187-20-000061
320187,2020-06-01,2020-08-31,0.95,10-Q,2021,Q1,2020-10-08,0000320187-20-000061
320187,2019-06-01,2019-11-30,1.56,10-Q,2021,Q2,2021-01-05,0000320187-21-000003
320187,2019-09-01,2019-11-30,0.7,10-Q,2021,Q2,2021-01-05,0000320187-21-000003
320187,2020-06-01,2020-11-30,1.73,10-Q,2021,Q2,2021-01-05,0000320187-21-000003
320187,2020-09-01,2020-11-30,0.78,10-Q,2021,Q2,2021-01-05,0000320187-21-000003
320187,2019-06-01,2020-02-29,2.09,10-Q,2021,Q3,2021-04-02,0000320187-21-000012
320187,2019-12-01,2020-02-29,0.53,10-Q,2021,Q3,2021-04-02,0000320187-21-000012
320187,2020-06-01,2021-02-28,2.62,10-Q,2021,Q3,2021-04-02,0000320187-21-000012
320187,2020-12-01,2021-02-28,0.9,10-Q,2021,Q3,2021-04-02,0000320187-21-000012
320187,2018-06-01,2019-05-31,2.49,10-K,2021,FY,2021-07-20,0000320187-21-000028
320187,2019-06-01,2020-05-31,1.6,10-K,2021,FY,2021-07-20,0000320187-21-000028
320187,2020-06-01,2021-05-31,3.56,10-K,2021,FY,2021-07-20,0000320187-21-000028
320187,2020-06-01,2020-08-31,0.95,10-Q,2022,Q1,2021-10-05,0000320187-21-000045
320187,2021-06-01,2021-08-31,1.16,10-Q,2022,Q1,2021-10-05,0000320187-21-000045
320187,2020-06-01,2020-11-30,1.73,10-Q,2022,Q2,2022-01-06,0000320187-22-000004
320187,2020-09-01,2020-11-30,0.78,10-Q,2022,Q2,2022-01-06,0000320187-22-000004
320187,2021-06-01,2021-11-30,1.98,10-Q,2022,Q2,2022-01-06,0000320187-22-000004
320187,2021-09-01,2021-11-30,0.83,10-Q,2022,Q2,2022-01-06,0000320187-22-000004
320187,2020-06-01,2021-02-28,2.62,10-Q,2022,Q3,2022-04-05,0000320187-22-000017
320187,2020-12-01,2021-02-28,0.9,10-Q,2022,Q3,2022-04-05,0000320187-22-000017
320187,2021-06-01,2022-02-28,2.85,10-Q,2022,Q3,2022-04-05,0000320187-22-000017
320187,2021-12-01,2022-02-28,0.87,10-Q,2022,Q3,2022-04-05,0000320187-22-000017
320187,2019-06-01,2020-05-31,1.6,10-K,2022,FY,2022-07-21,0000320187-22-000038
320187,2020-06-01,2021-05-31,3.56,10-K,2022,FY,2022-07-21,0000320187-22-000038
320187,2021-06-01,2022-05-31,3.75,10-K,2022,FY,2022-07-21,0000320187-22-000038
320187,2021-06-01,2021-08-31,1.16,10-Q,2023,Q1,2022-10-06,0000320187-22-000058
320187,2022-06-01,2022-08-31,0.93,10-Q,2023,Q1,2022-10-06,0000320187-22-000058
320187,2021-06-01,2021-11-30,1.98,10-Q,2023,Q2,2023-01-05,0000320187-23-000003
320187,2021-09-01,2021-11-30,0.83,10-Q,2023,Q2,2023-01-05,0000320187-23-000003
320187,2022-06-01,2022-11-30,1.77,10-Q,2023,Q2,2023-01-05,0000320187-23-000003
320187,2022-09-01,2022-11-30,0.85,10-Q,2023,Q2,2023-01-05,0000320187-23-000003
320187,2021-06-01,2022-02-28,2.85,10-Q,2023,Q3,2023-04-06,0000320187-23-000013
320187,2021-12-01,2022-02-28,0.87,10-Q,2023,Q3,2023-04-06,0000320187-23-000013
320187,2022-06-01,2023-02-28,2.57,10-Q,2023,Q3,2023-04-06,0000320187-23-000013
320187,2022-12-01,2023-02-28,0.79,10-Q,2023,Q3,2023-04-06,0000320187-23-000013
320187,2020-06-01,2021-05-31,3.56,10-K,2023,FY,2023-07-20,0000320187-23-000039
320187,2021-06-01,2022-05-31,3.75,10-K,2023,FY,2023-07-20,0000320187-23-000039
320187,2022-06-01,2023-05-31,3.23,10-K,2023,FY,2023-07-20,0000320187-23-000039
320187,2022-06-01,2022-08-31,0.93,10-Q,2024,Q1,2023-10-06,0000320187-23-000052
320187,2023-06-01,2023-08-31,0.94,10-Q,2024,Q1,2023-10-06,0000320187-23-000052
320187,2022-06-01,2022-11-30,1.77,10-Q,2024,Q2,2024-01-05,0000320187-24-000004
320187,2022-09-01,2022-11-30,0.85,10-Q,2024,Q2,2024-01-05,0000320187-24-000004
320187,2023-06-01,2023-11-30,1.97,10-Q,2024,Q2,2024-01-05,0000320187-24-000004
320187,2023-09-01,2023-11-30,1.03,10-Q,2024,Q2,2024-01-05,0000320187-24-000004
320187,2022-06-01,2023-02-28,2.57,10-Q,2024,Q3,2024-04-04,0000320187-24-000019
320187,2022-12-01,2023-02-28,0.79,10-Q,2024,Q3,2024-04-04,0000320187-24-000019
320187,2023-06-01,2024-02-29,2.74,10-Q,2024,Q3,2024-04-04,0000320187-24-000019
320187,2023-12-01,2024-02-29,0.77,10-Q,2024,Q3,2024-04-04,0000320187-24-000019
320187,2021-06-01,2022-05-31,3.75,10-K,2024,FY,2024-07-25,0000320187-24-000044
320187,2022-06-01,2023-05-31,3.23,10-K,2024,FY,2024-07-25,0000320187-24-000044
320187,2023-06-01,2024-05-31,3.73,10-K,2024,FY,2024-07-25,0000320187-24-000044
320187,2023-06-01,2023-08-31,0.94,10-Q,2025,Q1,2024-10-07,0000320187-24-000065
320187,2024-06-01,2024-08-31,0.7,10-Q,2025,Q1,2024-10-07,0000320187-24-000065
320187,2023-06-01,2023-11-30,1.97,10-Q,2025,Q2,2025-01-03,0000320187-25-000004
320187,2023-09-01,2023-11-30,1.03,10-Q,2025,Q2,2025-01-03,0000320187-25-000004
320187,2024-06-01,2024-11-30,1.48,10-Q,2025,Q2,2025-01-03,0000320187-25-000004
320187,2024-09-01,2024-11-30,0.78,10-Q,2025,Q2,2025-01-03,0000320187-25-000004
320187,2023-06-01,2024-02-29,2.74,10-Q,2025,Q3,2025-04-03,0000320187-25-000016
320187,2023-12-01,2024-02-29,0.77,10-Q,2025,Q3,2025-04-03,0000320187-25-000016
320187,2024-06-01,2025-02-28,2.02,10-Q,2025,Q3,2025-04-03,0000320187-25-000016
320187,2024-12-01,2025-02-28,0.54,10-Q,2025,Q3,2025-04-03,0000320187-25-000016
320187,2022-06-01,2023-05-31,3.23,10-K,2025,FY,2025-07-17,0000320187-25-000047
320187,2023-06-01,2024-05-31,3.73,10-K,2025,FY,2025-07-17,0000320187-25-000047
320187,2024-06-01,2025-05-31,2.16,10-K,2025,FY,2025-07-17,0000320187-25-000047
320187,2024-06-01,2024-08-31,0.7,10-Q,2026,Q1,2025-10-01,0000320187-25-000097
320187,2025-06-01,2025-08-31,0.49,10-Q,2026,Q1,2025-10-01,0000320187-25-000097
320187,2024-06-01,2024-11-30,1.48,10-Q,2026,Q2,2025-12-30,0000320187-25-000151
320187,2024-09-01,2024-11-30,0.78,10-Q,2026,Q2,2025-12-30,0000320187-25-000151
320187,2025-06-01,2025-11-30,1.03,10-Q,2026,Q2,2025-12-30,0000320187-25-000151
320187,2025-09-01,2025-11-30,0.53,10-Q,2026,Q2,2025-12-30,0000320187-25-000151
320187,2024-06-01,2025-02-28,2.02,10-Q,2026,Q3,2026-04-01,0000320187-26-000037
320187,2024-12-01,2025-02-28,0.54,10-Q,2026,Q3,2026-04-01,0000320187-26-000037
320187,2025-06-01,2026-02-28,1.38,10-Q,2026,Q3,2026-04-01,0000320187-26-000037
320187,2025-12-01,2026-02-28,0.35,10-Q,2026,Q3,2026-04-01,0000320187-26-000037
320187,2023-06-01,2024-05-31,3.73,10-K,2026,FY,2026-07-15,0000320187-26-000088
320187,2024-06-01,2025-05-31,2.16,10-K,2026,FY,2026-07-15,0000320187-26-000088
320187,2025-06-01,2026-05-31,2.1,10-K,2026,FY,2026-07-15,0000320187-26-000088
320193,2010-09-26,2010-12-25,6.43,10-Q,2012,Q1,2012-01-25,0001193125-12-023398
320193,2011-09-25,2011-12-31,13.87,10-Q,2012,Q1,2012-01-25,0001193125-12-023398
320193,2010-09-26,2011-03-26,12.83,10-Q,2012,Q2,2012-04-25,0001193125-12-182321
320193,2010-12-26,2011-03-26,6.4,10-Q,2012,Q2,2012-04-25,0001193125-12-182321
320193,2011-09-25,2012-03-31,26.17,10-Q,2012,Q2,2012-04-25,0001193125-12-182321
320193,2012-01-01,2012-03-31,12.3,10-Q,2012,Q2,2012-04-25,0001193125-12-182321
320193,2010-09-26,2011-06-25,20.63,10-Q,2012,Q3,2012-07-25,0001193125-12-314552
320193,2011-03-27,2011-06-25,7.79,10-Q,2012,Q3,2012-07-25,0001193125-12-314552
320193,2011-09-25,2012-06-30,35.48,10-Q,2012,Q3,2012-07-25,0001193125-12-314552
320193,2012-04-01,2012-06-30,9.32,10-Q,2012,Q3,2012-07-25,0001193125-12-314552
320193,2009-09-27,2010-09-25,15.15,10-K,2012,FY,2012-10-31,0001193125-12-444068
320193,2010-09-26,2010-12-25,6.43,10-K,2012,FY,2012-10-31,0001193125-12-444068
320193,2010-12-26,2011-03-26,6.4,10-K,2012,FY,2012-10-31,0001193125-12-444068
320193,2011-03-27,2011-06-25,7.79,10-K,2012,FY,2012-10-31,0001193125-12-444068
320193,2010-09-26,2011-09-24,27.68,10-K,2012,FY,2012-10-31,0001193125-12-444068
320193,2011-06-26,2011-09-24,7.05,10-K,2012,FY,2012-10-31,0001193125-12-444068
320193,2011-09-25,2011-12-31,13.87,10-K,2012,FY,2012-10-31,0001193125-12-444068
320193,2012-01-01,2012-03-31,12.3,10-K,2012,FY,2012-10-31,0001193125-12-444068
320193,2012-04-01,2012-06-30,9.32,10-K,2012,FY,2012-10-31,0001193125-12-444068
320193,2011-09-25,2012-09-29,44.15,10-K,2012,FY,2012-10-31,0001193125-12-444068
320193,2012-07-01,2012-09-29,8.67,10-K,2012,FY,2012-10-31,0001193125-12-444068
320193,2011-09-25,2011-12-31,13.87,10-Q,2013,Q1,2013-01-24,0001193125-13-022339
320193,2012-09-30,2012-12-29,13.81,10-Q,2013,Q1,2013-01-24,0001193125-13-022339
320193,2011-09-25,2012-03-31,26.17,10-Q,2013,Q2,2013-04-24,0001193125-13-168288
320193,2012-01-01,2012-03-31,12.3,10-Q,2013,Q2,2013-04-24,0001193125-13-168288
320193,2012-09-30,2013-03-30,23.9,10-Q,2013,Q2,2013-04-24,0001193125-13-168288
320193,2012-12-30,2013-03-30,10.09,10-Q,2013,Q2,2013-04-24,0001193125-13-168288
320193,2011-09-25,2012-06-30,35.48,10-Q,2013,Q3,2013-07-24,0001193125-13-300670
320193,2012-04-01,2012-06-30,9.32,10-Q,2013,Q3,2013-07-24,0001193125-13-300670
320193,2012-09-30,2013-06-29,31.44,10-Q,2013,Q3,2013-07-24,0001193125-13-300670
320193,2013-03-31,2013-06-29,7.47,10-Q,2013,Q3,2013-07-24,0001193125-13-300670
320193,2010-09-26,2011-09-24,27.68,10-K,2013,FY,2013-10-30,0001193125-13-416534
320193,2011-09-25,2011-12-31,13.87,10-K,2013,FY,2013-10-30,0001193125-13-416534
320193,2012-01-01,2012-03-31,12.3,10-K,2013,FY,2013-10-30,0001193125-13-416534
320193,2012-04-01,2012-06-30,9.32,10-K,2013,FY,2013-10-30,0001193125-13-416534
320193,2011-09-25,2012-09-29,44.15,10-K,2013,FY,2013-10-30,0001193125-13-416534
320193,2012-07-01,2012-09-29,8.67,10-K,2013,FY,2013-10-30,0001193125-13-416534
320193,2012-09-30,2012-12-29,13.81,10-K,2013,FY,2013-10-30,0001193125-13-416534
320193,2012-12-30,2013-03-30,10.09,10-K,2013,FY,2013-10-30,0001193125-13-416534
320193,2013-03-31,2013-06-29,7.47,10-K,2013,FY,2013-10-30,0001193125-13-416534
320193,2012-09-30,2013-09-28,39.75,10-K,2013,FY,2013-10-30,0001193125-13-416534
320193,2013-06-30,2013-09-28,8.26,10-K,2013,FY,2013-10-30,0001193125-13-416534
320193,2012-09-30,2012-12-29,13.81,10-Q,2014,Q1,2014-01-28,0001193125-14-024487
320193,2013-09-29,2013-12-28,14.5,10-Q,2014,Q1,2014-01-28,0001193125-14-024487
320193,2012-09-30,2013-03-30,23.9,10-Q,2014,Q2,2014-04-24,0001193125-14-157311
320193,2012-12-30,2013-03-30,10.09,10-Q,2014,Q2,2014-04-24,0001193125-14-157311
320193,2013-09-29,2014-03-29,26.16,10-Q,2014,Q2,2014-04-24,0001193125-14-157311
320193,2013-12-29,2014-03-29,11.62,10-Q,2014,Q2,2014-04-24,0001193125-14-157311
320193,2012-09-30,2013-06-29,4.49,10-Q,2014,Q3,2014-07-23,0001193125-14-277160
320193,2013-03-31,2013-06-29,1.07,10-Q,2014,Q3,2014-07-23,0001193125-14-277160
320193,2013-09-29,2014-06-28,5.03,10-Q,2014,Q3,2014-07-23,0001193125-14-277160
320193,2014-03-30,2014-06-28,1.28,10-Q,2014,Q3,2014-07-23,0001193125-14-277160
320193,2011-09-25,2012-09-29,6.31,10-K,2014,FY,2014-10-27,0001193125-14-383437
320193,2012-09-30,2012-12-29,1.97,10-K,2014,FY,2014-10-27,0001193125-14-383437
320193,2012-12-30,2013-03-30,1.44,10-K,2014,FY,2014-10-27,0001193125-14-383437
320193,2013-03-31,2013-06-29,1.07,10-K,2014,FY,2014-10-27,0001193125-14-383437
320193,2012-09-30,2013-09-28,5.68,10-K,2014,FY,2014-10-27,0001193125-14-383437
320193,2013-06-30,2013-09-28,1.18,10-K,2014,FY,2014-10-27,0001193125-14-383437
320193,2013-09-29,2013-12-28,2.07,10-K,2014,FY,2014-10-27,0001193125-14-383437
320193,2013-12-29,2014-03-29,1.66,10-K,2014,FY,2014-10-27,0001193125-14-383437
320193,2014-03-30,2014-06-28,1.28,10-K,2014,FY,2014-10-27,0001193125-14-383437
320193,2013-09-29,2014-09-27,6.45,10-K,2014,FY,2014-10-27,0001193125-14-383437
320193,2014-06-29,2014-09-27,1.42,10-K,2014,FY,2014-10-27,0001193125-14-383437
320193,2013-09-29,2013-12-28,2.07,10-Q,2015,Q1,2015-01-28,0001193125-15-023697
320193,2014-09-28,2014-12-27,3.06,10-Q,2015,Q1,2015-01-28,0001193125-15-023697
320193,2013-09-29,2014-03-29,3.74,10-Q,2015,Q2,2015-04-28,0001193125-15-153166
320193,2013-12-29,2014-03-29,1.66,10-Q,2015,Q2,2015-04-28,0001193125-15-153166
320193,2014-09-28,2015-03-28,5.39,10-Q,2015,Q2,2015-04-28,0001193125-15-153166
320193,2014-12-28,2015-03-28,2.33,10-Q,2015,Q2,2015-04-28,0001193125-15-153166
320193,2013-09-29,2014-06-28,5.03,10-Q,2015,Q3,2015-07-22,0001193125-15-259935
320193,2014-03-30,2014-06-28,1.28,10-Q,2015,Q3,2015-07-22,0001193125-15-259935
320193,2014-09-28,2015-06-27,7.25,10-Q,2015,Q3,2015-07-22,0001193125-15-259935
320193,2015-03-29,2015-06-27,1.85,10-Q,2015,Q3,2015-07-22,0001193125-15-259935
320193,2012-09-30,2013-09-28,5.68,10-K,2015,FY,2015-10-28,0001193125-15-356351
320193,2013-09-29,2013-12-28,2.07,10-K,2015,FY,2015-10-28,0001193125-15-356351
320193,2013-12-29,2014-03-29,1.66,10-K,2015,FY,2015-10-28,0001193125-15-356351
320193,2014-03-30,2014-06-28,1.28,10-K,2015,FY,2015-10-28,0001193125-15-356351
320193,2013-09-29,2014-09-27,6.45,10-K,2015,FY,2015-10-28,0001193125-15-356351
320193,2014-06-29,2014-09-27,1.42,10-K,2015,FY,2015-10-28,0001193125-15-356351
320193,2014-09-28,2014-12-27,3.06,10-K,2015,FY,2015-10-28,0001193125-15-356351
320193,2014-12-28,2015-03-28,2.33,10-K,2015,FY,2015-10-28,0001193125-15-356351
320193,2015-03-29,2015-06-27,1.85,10-K,2015,FY,2015-10-28,0001193125-15-356351
320193,2014-09-28,2015-09-26,9.22,10-K,2015,FY,2015-10-28,0001193125-15-356351
320193,2015-06-28,2015-09-26,1.96,10-K,2015,FY,2015-10-28,0001193125-15-356351
320193,2014-09-28,2014-12-27,3.06,10-Q,2016,Q1,2016-01-27,0001193125-16-439878
320193,2015-09-27,2015-12-26,3.28,10-Q,2016,Q1,2016-01-27,0001193125-16-439878
320193,2014-09-28,2015-03-28,5.39,10-Q,2016,Q2,2016-04-27,0001193125-16-559625
320193,2014-12-28,2015-03-28,2.33,10-Q,2016,Q2,2016-04-27,0001193125-16-559625
320193,2015-09-27,2016-03-26,5.19,10-Q,2016,Q2,2016-04-27,0001193125-16-559625
320193,2015-12-27,2016-03-26,1.9,10-Q,2016,Q2,2016-04-27,0001193125-16-559625
320193,2014-09-28,2015-06-27,7.25,10-Q,2016,Q3,2016-07-27,0001628280-16-017809
320193,2015-03-29,2015-06-27,1.85,10-Q,2016,Q3,2016-07-27,0001628280-16-017809
320193,2015-09-27,2016-06-25,6.62,10-Q,2016,Q3,2016-07-27,0001628280-16-017809
320193,2016-03-27,2016-06-25,1.42,10-Q,2016,Q3,2016-07-27,0001628280-16-017809
320193,2013-09-29,2014-09-27,6.45,10-K,2016,FY,2016-10-26,0001628280-16-020309
320193,2014-09-28,2014-12-27,3.06,10-K,2016,FY,2016-10-26,0001628280-16-020309
320193,2014-12-28,2015-03-28,2.33,10-K,2016,FY,2016-10-26,0001628280-16-020309
320193,2015-03-29,2015-06-27,1.85,10-K,2016,FY,2016-10-26,0001628280-16-020309
320193,2014-09-28,2015-09-26,9.22,10-K,2016,FY,2016-10-26,0001628280-16-020309
320193,2015-06-28,2015-09-26,1.96,10-K,2016,FY,2016-10-26,0001628280-16-020309
320193,2015-09-27,2015-12-26,3.28,10-K,2016,FY,2016-10-26,0001628280-16-020309
320193,2015-12-27,2016-03-26,1.9,10-K,2016,FY,2016-10-26,0001628280-16-020309
320193,2016-03-27,2016-06-25,1.42,10-K,2016,FY,2016-10-26,0001628280-16-020309
320193,2015-09-27,2016-09-24,8.31,10-K,2016,FY,2016-10-26,0001628280-16-020309
320193,2016-06-26,2016-09-24,1.67,10-K,2016,FY,2016-10-26,0001628280-16-020309
320193,2015-09-27,2015-12-26,3.28,10-Q,2017,Q1,2017-02-01,0001628280-17-000717
320193,2016-09-25,2016-12-31,3.36,10-Q,2017,Q1,2017-02-01,0001628280-17-000717
320193,2015-09-27,2016-03-26,5.19,10-Q,2017,Q2,2017-05-03,0001628280-17-004790
320193,2015-12-27,2016-03-26,1.9,10-Q,2017,Q2,2017-05-03,0001628280-17-004790
320193,2016-09-25,2017-04-01,5.46,10-Q,2017,Q2,2017-05-03,0001628280-17-004790
320193,2017-01-01,2017-04-01,2.1,10-Q,2017,Q2,2017-05-03,0001628280-17-004790
320193,2015-09-27,2016-06-25,6.62,10-Q,2017,Q3,2017-08-02,0000320193-17-000009
320193,2016-03-27,2016-06-25,1.42,10-Q,2017,Q3,2017-08-02,0000320193-17-000009
320193,2016-09-25,2017-07-01,7.14,10-Q,2017,Q3,2017-08-02,0000320193-17-000009
320193,2017-04-02,2017-07-01,1.67,10-Q,2017,Q3,2017-08-02,0000320193-17-000009
320193,2014-09-28,2015-09-26,9.22,10-K,2017,FY,2017-11-03,0000320193-17-000070
320193,2015-09-27,2015-12-26,3.28,10-K,2017,FY,2017-11-03,0000320193-17-000070
320193,2015-12-27,2016-03-26,1.9,10-K,2017,FY,2017-11-03,0000320193-17-000070
320193,2016-03-27,2016-06-25,1.42,10-K,2017,FY,2017-11-03,0000320193-17-000070
320193,2015-09-27,2016-09-24,8.31,10-K,2017,FY,2017-11-03,0000320193-17-000070
320193,2016-06-26,2016-09-24,1.67,10-K,2017,FY,2017-11-03,0000320193-17-000070
320193,2016-09-25,2016-12-31,3.36,10-K,2017,FY,2017-11-03,0000320193-17-000070
320193,2017-01-01,2017-04-01,2.1,10-K,2017,FY,2017-11-03,0000320193-17-000070
320193,2017-04-02,2017-07-01,1.67,10-K,2017,FY,2017-11-03,0000320193-17-000070
320193,2016-09-25,2017-09-30,9.21,10-K,2017,FY,2017-11-03,0000320193-17-000070
320193,2017-07-02,2017-09-30,2.07,10-K,2017,FY,2017-11-03,0000320193-17-000070
320193,2016-09-25,2016-12-31,3.36,10-Q,2018,Q1,2018-02-02,0000320193-18-000007
320193,2017-10-01,2017-12-30,3.89,10-Q,2018,Q1,2018-02-02,0000320193-18-000007
320193,2016-09-25,2017-04-01,5.46,10-Q,2018,Q2,2018-05-02,0000320193-18-000070
320193,2017-01-01,2017-04-01,2.1,10-Q,2018,Q2,2018-05-02,0000320193-18-000070
320193,2017-10-01,2018-03-31,6.63,10-Q,2018,Q2,2018-05-02,0000320193-18-000070
320193,2017-12-31,2018-03-31,2.73,10-Q,2018,Q2,2018-05-02,0000320193-18-000070
320193,2016-09-25,2017-07-01,7.14,10-Q,2018,Q3,2018-08-01,0000320193-18-000100
320193,2017-04-02,2017-07-01,1.67,10-Q,2018,Q3,2018-08-01,0000320193-18-000100
320193,2017-10-01,2018-06-30,8.99,10-Q,2018,Q3,2018-08-01,0000320193-18-000100
320193,2018-04-01,2018-06-30,2.34,10-Q,2018,Q3,2018-08-01,0000320193-18-000100
320193,2015-09-27,2016-09-24,8.31,10-K,2018,FY,2018-11-05,0000320193-18-000145
320193,2016-09-25,2016-12-31,3.36,10-K,2018,FY,2018-11-05,0000320193-18-000145
320193,2017-01-01,2017-04-01,2.1,10-K,2018,FY,2018-11-05,0000320193-18-000145
320193,2017-04-02,2017-07-01,1.67,10-K,2018,FY,2018-11-05,0000320193-18-000145
320193,2016-09-25,2017-09-30,9.21,10-K,2018,FY,2018-11-05,0000320193-18-000145
320193,2017-07-02,2017-09-30,2.07,10-K,2018,FY,2018-11-05,0000320193-18-000145
320193,2017-10-01,2017-12-30,3.89,10-K,2018,FY,2018-11-05,0000320193-18-000145
320193,2017-12-31,2018-03-31,2.73,10-K,2018,FY,2018-11-05,0000320193-18-000145
320193,2018-04-01,2018-06-30,2.34,10-K,2018,FY,2018-11-05,0000320193-18-000145
320193,2017-10-01,2018-09-29,11.91,10-K,2018,FY,2018-11-05,0000320193-18-000145
320193,2018-07-01,2018-09-29,2.91,10-K,2018,FY,2018-11-05,0000320193-18-000145
320193,2017-10-01,2017-12-30,3.89,10-Q,2019,Q1,2019-01-30,0000320193-19-000010
320193,2018-09-30,2018-12-29,4.18,10-Q,2019,Q1,2019-01-30,0000320193-19-000010
320193,2017-10-01,2018-03-31,6.63,10-Q,2019,Q2,2019-05-01,0000320193-19-000066
320193,2017-12-31,2018-03-31,2.73,10-Q,2019,Q2,2019-05-01,0000320193-19-000066
320193,2018-09-30,2019-03-30,6.66,10-Q,2019,Q2,2019-05-01,0000320193-19-000066
320193,2018-12-30,2019-03-30,2.46,10-Q,2019,Q2,2019-05-01,0000320193-19-000066
320193,2017-10-01,2018-06-30,8.99,10-Q,2019,Q3,2019-07-31,0000320193-19-000076
320193,2018-04-01,2018-06-30,2.34,10-Q,2019,Q3,2019-07-31,0000320193-19-000076
320193,2018-09-30,2019-06-29,8.86,10-Q,2019,Q3,2019-07-31,0000320193-19-000076
320193,2019-03-31,2019-06-29,2.18,10-Q,2019,Q3,2019-07-31,0000320193-19-000076
320193,2016-09-25,2017-09-30,9.21,10-K,2019,FY,2019-10-31,0000320193-19-000119
320193,2017-10-01,2017-12-30,3.89,10-K,2019,FY,2019-10-31,0000320193-19-000119
320193,2017-12-31,2018-03-31,2.73,10-K,2019,FY,2019-10-31,0000320193-19-000119
320193,2018-04-01,2018-06-30,2.34,10-K,2019,FY,2019-10-31,0000320193-19-000119
320193,2017-10-01,2018-09-29,11.91,10-K,2019,FY,2019-10-31,0000320193-19-000119
320193,2018-07-01,2018-09-29,2.91,10-K,2019,FY,2019-10-31,0000320193-19-000119
320193,2018-09-30,2018-12-29,4.18,10-K,2019,FY,2019-10-31,0000320193-19-000119
320193,2018-12-30,2019-03-30,2.46,10-K,2019,FY,2019-10-31,0000320193-19-000119
320193,2019-03-31,2019-06-29,2.18,10-K,2019,FY,2019-10-31,0000320193-19-000119
320193,2018-09-30,2019-09-28,11.89,10-K,2019,FY,2019-10-31,0000320193-19-000119
320193,2019-06-30,2019-09-28,3.03,10-K,2019,FY,2019-10-31,0000320193-19-000119
320193,2018-09-30,2018-12-29,4.18,10-Q,2020,Q1,2020-01-29,0000320193-20-000010
320193,2019-09-29,2019-12-28,4.99,10-Q,2020,Q1,2020-01-29,0000320193-20-000010
320193,2018-09-30,2019-03-30,6.66,10-Q,2020,Q2,2020-05-01,0000320193-20-000052
320193,2018-12-30,2019-03-30,2.46,10-Q,2020,Q2,2020-05-01,0000320193-20-000052
320193,2019-09-29,2020-03-28,7.56,10-Q,2020,Q2,2020-05-01,0000320193-20-000052
320193,2019-12-29,2020-03-28,2.55,10-Q,2020,Q2,2020-05-01,0000320193-20-000052
320193,2018-09-30,2019-06-29,8.86,10-Q,2020,Q3,2020-07-31,0000320193-20-000062
320193,2019-03-31,2019-06-29,2.18,10-Q,2020,Q3,2020-07-31,0000320193-20-000062
320193,2019-09-29,2020-06-27,10.16,10-Q,2020,Q3,2020-07-31,0000320193-20-000062
320193,2020-03-29,2020-06-27,2.58,10-Q,2020,Q3,2020-07-31,0000320193-20-000062
320193,2017-10-01,2018-09-29,2.98,10-K,2020,FY,2020-10-30,0000320193-20-000096
320193,2018-09-30,2018-12-29,1.05,10-K,2020,FY,2020-10-30,0000320193-20-000096
320193,2018-12-30,2019-03-30,0.61,10-K,2020,FY,2020-10-30,0000320193-20-000096
320193,2019-03-31,2019-06-29,0.55,10-K,2020,FY,2020-10-30,0000320193-20-000096
320193,2018-09-30,2019-09-28,2.97,10-K,2020,FY,2020-10-30,0000320193-20-000096
320193,2019-06-30,2019-09-28,0.76,10-K,2020,FY,2020-10-30,0000320193-20-000096
320193,2019-09-29,2019-12-28,1.25,10-K,2020,FY,2020-10-30,0000320193-20-000096
320193,2019-12-29,2020-03-28,0.64,10-K,2020,FY,2020-10-30,0000320193-20-000096
320193,2020-03-29,2020-06-27,0.65,10-K,2020,FY,2020-10-30,0000320193-20-000096
320193,2019-09-29,2020-09-26,3.28,10-K,2020,FY,2020-10-30,0000320193-20-000096
320193,2020-06-28,2020-09-26,0.73,10-K,2020,FY,2020-10-30,0000320193-20-000096
320193,2019-09-29,2019-12-28,1.25,10-Q,2021,Q1,2021-01-28,0000320193-21-000010
320193,2020-09-27,2020-12-26,1.68,10-Q,2021,Q1,2021-01-28,0000320193-21-000010
320193,2019-09-29,2020-03-28,1.89,10-Q,2021,Q2,2021-04-29,0000320193-21-000056
320193,2019-12-29,2020-03-28,0.64,10-Q,2021,Q2,2021-04-29,0000320193-21-000056
320193,2020-09-27,2021-03-27,3.08,10-Q,2021,Q2,2021-04-29,0000320193-21-000056
320193,2020-12-27,2021-03-27,1.4,10-Q,2021,Q2,2021-04-29,0000320193-21-000056
320193,2019-09-29,2020-06-27,2.54,10-Q,2021,Q3,2021-07-28,0000320193-21-000065
320193,2020-03-29,2020-06-27,0.65,10-Q,2021,Q3,2021-07-28,0000320193-21-000065
320193,2020-09-27,2021-06-26,4.38,10-Q,2021,Q3,2021-07-28,0000320193-21-000065
320193,2021-03-28,2021-06-26,1.3,10-Q,2021,Q3,2021-07-28,0000320193-21-000065
320193,2018-09-30,2019-09-28,2.97,10-K,2021,FY,2021-10-29,0000320193-21-000105
320193,2019-09-29,2020-09-26,3.28,10-K,2021,FY,2021-10-29,0000320193-21-000105
320193,2020-09-27,2021-09-25,5.61,10-K,2021,FY,2021-10-29,0000320193-21-000105
320193,2020-09-27,2020-12-26,1.68,10-Q,2022,Q1,2022-01-28,0000320193-22-000007
320193,2021-09-26,2021-12-25,2.1,10-Q,2022,Q1,2022-01-28,0000320193-22-000007
320193,2020-09-27,2021-03-27,3.08,10-Q,2022,Q2,2022-04-29,0000320193-22-000059
320193,2020-12-27,2021-03-27,1.4,10-Q,2022,Q2,2022-04-29,0000320193-22-000059
320193,2021-09-26,2022-03-26,3.62,10-Q,2022,Q2,2022-04-29,0000320193-22-000059
320193,2021-12-26,2022-03-26,1.52,10-Q,2022,Q2,2022-04-29,0000320193-22-000059
320193,2020-09-27,2021-06-26,4.38,10-Q,2022,Q3,2022-07-29,0000320193-22-000070
320193,2021-03-28,2021-06-26,1.3,10-Q,2022,Q3,2022-07-29,0000320193-22-000070
320193,2021-09-26,2022-06-25,4.82,10-Q,2022,Q3,2022-07-29,0000320193-22-000070
320193,2022-03-27,2022-06-25,1.2,10-Q,2022,Q3,2022-07-29,0000320193-22-000070
320193,2019-09-29,2020-09-26,3.28,10-K,2022,FY,2022-10-28,0000320193-22-000108
320193,2020-09-27,2021-09-25,5.61,10-K,2022,FY,2022-10-28,0000320193-22-000108
320193,2021-09-26,2022-09-24,6.11,10-K,2022,FY,2022-10-28,0000320193-22-000108
320193,2021-09-26,2021-12-25,2.1,10-Q,2023,Q1,2023-02-03,0000320193-23-000006
320193,2022-09-25,2022-12-31,1.88,10-Q,2023,Q1,2023-02-03,0000320193-23-000006
320193,2021-09-26,2022-03-26,3.62,10-Q,2023,Q2,2023-05-05,0000320193-23-000064
320193,2021-12-26,2022-03-26,1.52,10-Q,2023,Q2,2023-05-05,0000320193-23-000064
320193,2022-09-25,2023-04-01,3.41,10-Q,2023,Q2,2023-05-05,0000320193-23-000064
320193,2023-01-01,2023-04-01,1.52,10-Q,2023,Q2,2023-05-05,0000320193-23-000064
320193,2021-09-26,2022-06-25,4.82,10-Q,2023,Q3,2023-08-04,0000320193-23-000077
320193,2022-03-27,2022-06-25,1.2,10-Q,2023,Q3,2023-08-04,0000320193-23-000077
320193,2022-09-25,2023-07-01,4.67,10-Q,2023,Q3,2023-08-04,0000320193-23-000077
320193,2023-04-02,2023-07-01,1.26,10-Q,2023,Q3,2023-08-04,0000320193-23-000077
320193,2020-09-27,2021-09-25,5.61,10-K,2023,FY,2023-11-03,0000320193-23-000106
320193,2021-09-26,2022-09-24,6.11,10-K,2023,FY,2023-11-03,0000320193-23-000106
320193,2022-09-25,2023-09-30,6.13,10-K,2023,FY,2023-11-03,0000320193-23-000106
320193,2022-09-25,2022-12-31,1.88,10-Q,2024,Q1,2024-02-02,0000320193-24-000006
320193,2023-10-01,2023-12-30,2.18,10-Q,2024,Q1,2024-02-02,0000320193-24-000006
320193,2022-09-25,2023-04-01,3.41,10-Q,2024,Q2,2024-05-03,0000320193-24-000069
320193,2023-01-01,2023-04-01,1.52,10-Q,2024,Q2,2024-05-03,0000320193-24-000069
320193,2023-10-01,2024-03-30,3.71,10-Q,2024,Q2,2024-05-03,0000320193-24-000069
320193,2023-12-31,2024-03-30,1.53,10-Q,2024,Q2,2024-05-03,0000320193-24-000069
320193,2022-09-25,2023-07-01,4.67,10-Q,2024,Q3,2024-08-02,0000320193-24-000081
320193,2023-04-02,2023-07-01,1.26,10-Q,2024,Q3,2024-08-02,0000320193-24-000081
320193,2023-10-01,2024-06-29,5.11,10-Q,2024,Q3,2024-08-02,0000320193-24-000081
320193,2024-03-31,2024-06-29,1.4,10-Q,2024,Q3,2024-08-02,0000320193-24-000081
320193,2021-09-26,2022-09-24,6.11,10-K,2024,FY,2024-11-01,0000320193-24-000123
320193,2022-09-25,2023-09-30,6.13,10-K,2024,FY,2024-11-01,0000320193-24-000123
320193,2023-10-01,2024-09-28,6.08,10-K,2024,FY,2024-11-01,0000320193-24-000123
320193,2023-10-01,2023-12-30,2.18,10-Q,2025,Q1,2025-01-31,0000320193-25-000008
320193,2024-09-29,2024-12-28,2.4,10-Q,2025,Q1,2025-01-31,0000320193-25-000008
320193,2023-10-01,2024-03-30,3.71,10-Q,2025,Q2,2025-05-02,0000320193-25-000057
320193,2023-12-31,2024-03-30,1.53,10-Q,2025,Q2,2025-05-02,0000320193-25-000057
320193,2024-09-29,2025-03-29,4.05,10-Q,2025,Q2,2025-05-02,0000320193-25-000057
320193,2024-12-29,2025-03-29,1.65,10-Q,2025,Q2,2025-05-02,0000320193-25-000057
320193,2023-10-01,2024-06-29,5.11,10-Q,2025,Q3,2025-08-01,0000320193-25-000073
320193,2024-03-31,2024-06-29,1.4,10-Q,2025,Q3,2025-08-01,0000320193-25-000073
320193,2024-09-29,2025-06-28,5.62,10-Q,2025,Q3,2025-08-01,0000320193-25-000073
320193,2025-03-30,2025-06-28,1.57,10-Q,2025,Q3,2025-08-01,0000320193-25-000073
320193,2022-09-25,2023-09-30,6.13,10-K,2025,FY,2025-10-31,0000320193-25-000079
320193,2023-10-01,2024-09-28,6.08,10-K,2025,FY,2025-10-31,0000320193-25-000079
320193,2024-09-29,2025-09-27,7.46,10-K,2025,FY,2025-10-31,0000320193-25-000079
320193,2024-09-29,2024-12-28,2.4,10-Q,2026,Q1,2026-01-30,0000320193-26-000006
320193,2025-09-28,2025-12-27,2.84,10-Q,2026,Q1,2026-01-30,0000320193-26-000006
320193,2024-09-29,2025-03-29,4.05,10-Q,2026,Q2,2026-05-01,0000320193-26-000013
320193,2024-12-29,2025-03-29,1.65,10-Q,2026,Q2,2026-05-01,0000320193-26-000013
320193,2025-09-28,2026-03-28,4.85,10-Q,2026,Q2,2026-05-01,0000320193-26-000013
320193,2025-12-28,2026-03-28,2.01,10-Q,2026,Q2,2026-05-01,0000320193-26-000013
320193,2024-09-29,2025-06-28,5.62,10-Q,2026,Q3,2026-07-31,0000320193-26-000020
320193,2025-03-30,2025-06-28,1.57,10-Q,2026,Q3,2026-07-31,0000320193-26-000020
320193,2025-09-28,2026-06-27,6.88,10-Q,2026,Q3,2026-07-31,0000320193-26-000020
320193,2026-03-29,2026-06-27,2.02,10-Q,2026,Q3,2026-07-31,0000320193-26-000020
354950,2009-02-02,2010-01-31,1.57,10-K,2011,FY,2012-03-22,0000354950-12-000003
354950,2010-02-01,2011-01-30,2.01,10-K,2011,FY,2012-03-22,0000354950-12-000003
354950,2011-01-31,2012-01-29,2.47,10-K,2011,FY,2012-03-22,0000354950-12-000003
354950,2011-01-31,2011-05-01,0.5,10-Q,2012,Q1,2012-05-24,0000354950-12-000012
354950,2012-01-30,2012-04-29,0.68,10-Q,2012,Q1,2012-05-24,0000354950-12-000012
354950,2011-01-31,2011-07-31,1.36,10-Q,2012,Q2,2012-08-22,0000354950-12-000024
354950,2011-05-02,2011-07-31,0.86,10-Q,2012,Q2,2012-08-22,0000354950-12-000024
354950,2012-01-30,2012-07-29,1.68,10-Q,2012,Q2,2012-08-22,0000354950-12-000024
354950,2012-05-01,2012-07-29,1.01,10-Q,2012,Q2,2012-08-22,0000354950-12-000024
354950,2011-01-31,2011-10-30,1.97,10-Q,2012,Q3,2012-11-21,0000354950-12-000035
354950,2011-08-01,2011-10-30,0.6,10-Q,2012,Q3,2012-11-21,0000354950-12-000035
354950,2012-01-30,2012-10-28,2.32,10-Q,2012,Q3,2012-11-21,0000354950-12-000035
354950,2012-07-30,2012-10-28,0.63,10-Q,2012,Q3,2012-11-21,0000354950-12-000035
354950,2010-02-01,2011-01-30,2.01,10-K,2012,FY,2013-03-28,0000354950-13-000008
354950,2011-01-31,2011-05-01,0.5,10-K,2012,FY,2013-03-28,0000354950-13-000008
354950,2011-05-02,2011-07-31,0.86,10-K,2012,FY,2013-03-28,0000354950-13-000008
354950,2011-08-01,2011-10-30,0.6,10-K,2012,FY,2013-03-28,0000354950-13-000008
354950,2011-01-31,2012-01-29,2.47,10-K,2012,FY,2013-03-28,0000354950-13-000008
354950,2011-10-31,2012-01-29,0.5,10-K,2012,FY,2013-03-28,0000354950-13-000008
354950,2012-01-30,2012-04-29,0.68,10-K,2012,FY,2013-03-28,0000354950-13-000008
354950,2012-04-30,2012-07-29,1.01,10-K,2012,FY,2013-03-28,0000354950-13-000008
354950,2012-07-30,2012-10-28,0.63,10-K,2012,FY,2013-03-28,0000354950-13-000008
354950,2012-01-30,2013-02-03,3,10-K,2012,FY,2013-03-28,0000354950-13-000008
354950,2012-10-29,2013-02-03,0.68,10-K,2012,FY,2013-03-28,0000354950-13-000008
354950,2012-01-30,2012-04-29,0.68,10-Q,2013,Q1,2013-05-29,0000354950-13-000015
354950,2013-02-04,2013-05-05,0.83,10-Q,2013,Q1,2013-05-29,0000354950-13-000015
354950,2012-01-30,2012-07-29,1.68,10-Q,2013,Q2,2013-08-28,0000354950-13-000032
354950,2012-04-30,2012-07-29,1.01,10-Q,2013,Q2,2013-08-28,0000354950-13-000032
354950,2013-02-04,2013-08-04,2.07,10-Q,2013,Q2,2013-08-28,0000354950-13-000032
354950,2013-05-06,2013-08-04,1.24,10-Q,2013,Q2,2013-08-28,0000354950-13-000032
354950,2012-01-30,2012-10-28,2.32,10-Q,2013,Q3,2013-11-27,0000354950-13-000047
354950,2012-07-30,2012-10-28,0.63,10-Q,2013,Q3,2013-11-27,0000354950-13-000047
354950,2013-02-04,2013-11-03,3.02,10-Q,2013,Q3,2013-11-27,0000354950-13-000047
354950,2013-08-05,2013-11-03,0.95,10-Q,2013,Q3,2013-11-27,0000354950-13-000047
354950,2011-01-31,2012-01-29,2.47,10-K,2013,FY,2014-03-27,0000354950-14-000008
354950,2012-01-30,2012-04-29,0.68,10-K,2013,FY,2014-03-27,0000354950-14-000008
354950,2012-04-30,2012-07-29,1.01,10-K,2013,FY,2014-03-27,0000354950-14-000008
354950,2012-07-30,2012-10-28,0.63,10-K,2013,FY,2014-03-27,0000354950-14-000008
354950,2012-01-30,2013-02-03,3,10-K,2013,FY,2014-03-27,0000354950-14-000008
354950,2012-10-29,2013-02-03,0.68,10-K,2013,FY,2014-03-27,0000354950-14-000008
354950,2013-02-04,2013-05-05,0.83,10-K,2013,FY,2014-03-27,0000354950-14-000008
354950,2013-05-06,2013-08-04,1.24,10-K,2013,FY,2014-03-27,0000354950-14-000008
354950,2013-08-05,2013-11-03,0.95,10-K,2013,FY,2014-03-27,0000354950-14-000008
354950,2013-02-04,2014-02-02,3.76,10-K,2013,FY,2014-03-27,0000354950-14-000008
354950,2013-11-04,2014-02-02,0.73,10-K,2013,FY,2014-03-27,0000354950-14-000008
354950,2013-02-04,2013-05-05,0.83,10-Q,2014,Q1,2014-05-28,0000354950-14-000017
354950,2014-02-03,2014-05-04,1,10-Q,2014,Q1,2014-05-28,0000354950-14-000017
354950,2013-02-04,2013-08-04,2.07,10-Q,2014,Q2,2014-08-27,0000354950-14-000032
354950,2013-05-06,2013-08-04,1.24,10-Q,2014,Q2,2014-08-27,0000354950-14-000032
354950,2014-02-03,2014-08-03,2.51,10-Q,2014,Q2,2014-08-27,0000354950-14-000032
354950,2014-05-05,2014-08-03,1.52,10-Q,2014,Q2,2014-08-27,0000354950-14-000032
354950,2013-02-04,2013-11-03,3.02,10-Q,2014,Q3,2014-11-25,0000354950-14-000047
354950,2013-08-05,2013-11-03,0.95,10-Q,2014,Q3,2014-11-25,0000354950-14-000047
354950,2014-02-03,2014-11-02,3.66,10-Q,2014,Q3,2014-11-25,0000354950-14-000047
354950,2014-08-04,2014-11-02,1.15,10-Q,2014,Q3,2014-11-25,0000354950-14-000047
354950,2012-01-30,2013-02-03,3,10-K,2014,FY,2015-03-26,0000354950-15-000008
354950,2013-02-04,2013-05-05,0.83,10-K,2014,FY,2015-03-26,0000354950-15-000008
354950,2013-05-06,2013-08-04,1.24,10-K,2014,FY,2015-03-26,0000354950-15-000008
354950,2013-08-05,2013-11-03,0.95,10-K,2014,FY,2015-03-26,0000354950-15-000008
354950,2013-02-04,2014-02-02,3.76,10-K,2014,FY,2015-03-26,0000354950-15-000008
354950,2013-11-04,2014-02-02,0.73,10-K,2014,FY,2015-03-26,0000354950-15-000008
354950,2014-02-03,2014-05-04,1,10-K,2014,FY,2015-03-26,0000354950-15-000008
354950,2014-05-05,2014-08-03,1.52,10-K,2014,FY,2015-03-26,0000354950-15-000008
354950,2014-08-04,2014-11-02,1.15,10-K,2014,FY,2015-03-26,0000354950-15-000008
354950,2014-02-03,2015-02-01,4.71,10-K,2014,FY,2015-03-26,0000354950-15-000008
354950,2014-11-03,2015-02-01,1.05,10-K,2014,FY,2015-03-26,0000354950-15-000008
354950,2014-02-03,2014-05-04,1,10-Q,2015,Q1,2015-05-27,0000354950-15-000018
354950,2015-02-02,2015-05-03,1.21,10-Q,2015,Q1,2015-05-27,0000354950-15-000018
354950,2014-02-03,2014-08-03,2.51,10-Q,2015,Q2,2015-08-25,0000354950-15-000033
354950,2014-05-05,2014-08-03,1.52,10-Q,2015,Q2,2015-08-25,0000354950-15-000033
354950,2015-02-02,2015-08-02,2.94,10-Q,2015,Q2,2015-08-25,0000354950-15-000033
354950,2015-05-04,2015-08-02,1.73,10-Q,2015,Q2,2015-08-25,0000354950-15-000033
354950,2014-02-03,2014-11-02,3.66,10-Q,2015,Q3,2015-11-24,0000354950-15-000049
354950,2014-08-04,2014-11-02,1.15,10-Q,2015,Q3,2015-11-24,0000354950-15-000049
354950,2015-02-02,2015-11-01,4.29,10-Q,2015,Q3,2015-11-24,0000354950-15-000049
354950,2015-08-03,2015-11-01,1.35,10-Q,2015,Q3,2015-11-24,0000354950-15-000049
354950,2013-02-04,2014-02-02,3.76,10-K,2015,FY,2016-03-24,0000354950-16-000060
354950,2014-02-03,2014-05-04,1,10-K,2015,FY,2016-03-24,0000354950-16-000060
354950,2014-05-05,2014-08-03,1.52,10-K,2015,FY,2016-03-24,0000354950-16-000060
354950,2014-08-04,2014-11-02,1.15,10-K,2015,FY,2016-03-24,0000354950-16-000060
354950,2014-02-03,2015-02-01,4.71,10-K,2015,FY,2016-03-24,0000354950-16-000060
354950,2014-11-03,2015-02-01,1.05,10-K,2015,FY,2016-03-24,0000354950-16-000060
354950,2015-02-02,2015-05-03,1.21,10-K,2015,FY,2016-03-24,0000354950-16-000060
354950,2015-05-04,2015-08-02,1.73,10-K,2015,FY,2016-03-24,0000354950-16-000060
354950,2015-08-03,2015-11-01,1.35,10-K,2015,FY,2016-03-24,0000354950-16-000060
354950,2015-02-02,2016-01-31,5.46,10-K,2015,FY,2016-03-24,0000354950-16-000060
354950,2015-11-02,2016-01-31,1.17,10-K,2015,FY,2016-03-24,0000354950-16-000060
354950,2015-02-02,2015-05-03,1.21,10-Q,2016,Q1,2016-05-24,0000354950-16-000065
354950,2016-02-01,2016-05-01,1.44,10-Q,2016,Q1,2016-05-24,0000354950-16-000065
354950,2015-02-02,2015-08-02,2.94,10-Q,2016,Q2,2016-08-23,0000354950-16-000082
354950,2015-05-04,2015-08-02,1.73,10-Q,2016,Q2,2016-08-23,0000354950-16-000082
354950,2016-02-01,2016-07-31,3.4,10-Q,2016,Q2,2016-08-23,0000354950-16-000082
354950,2016-05-02,2016-07-31,1.97,10-Q,2016,Q2,2016-08-23,0000354950-16-000082
354950,2015-02-02,2015-11-01,4.29,10-Q,2016,Q3,2016-11-22,0000354950-16-000094
354950,2015-08-03,2015-11-01,1.35,10-Q,2016,Q3,2016-11-22,0000354950-16-000094
354950,2016-02-01,2016-10-30,5,10-Q,2016,Q3,2016-11-22,0000354950-16-000094
354950,2016-08-01,2016-10-30,1.6,10-Q,2016,Q3,2016-11-22,0000354950-16-000094
354950,2014-02-03,2015-02-01,4.71,10-K,2016,FY,2017-03-23,0000354950-17-000005
354950,2015-02-02,2015-05-03,1.21,10-K,2016,FY,2017-03-23,0000354950-17-000005
354950,2015-05-04,2015-08-02,1.73,10-K,2016,FY,2017-03-23,0000354950-17-000005
354950,2015-08-03,2015-11-01,1.35,10-K,2016,FY,2017-03-23,0000354950-17-000005
354950,2015-02-02,2016-01-31,5.46,10-K,2016,FY,2017-03-23,0000354950-17-000005
354950,2015-11-02,2016-01-31,1.17,10-K,2016,FY,2017-03-23,0000354950-17-000005
354950,2016-02-01,2016-05-01,1.44,10-K,2016,FY,2017-03-23,0000354950-17-000005
354950,2016-05-02,2016-07-31,1.97,10-K,2016,FY,2017-03-23,0000354950-17-000005
354950,2016-08-01,2016-10-30,1.6,10-K,2016,FY,2017-03-23,0000354950-17-000005
354950,2016-02-01,2017-01-29,6.45,10-K,2016,FY,2017-03-23,0000354950-17-000005
354950,2016-10-31,2017-01-29,1.44,10-K,2016,FY,2017-03-23,0000354950-17-000005
354950,2016-02-01,2016-05-01,1.44,10-Q,2017,Q1,2017-05-23,0000354950-17-000014
354950,2017-01-30,2017-04-30,1.67,10-Q,2017,Q1,2017-05-23,0000354950-17-000014
354950,2016-02-01,2016-07-31,3.4,10-Q,2017,Q2,2017-08-22,0000354950-17-000032
354950,2016-05-02,2016-07-31,1.97,10-Q,2017,Q2,2017-08-22,0000354950-17-000032
354950,2017-01-30,2017-07-30,3.91,10-Q,2017,Q2,2017-08-22,0000354950-17-000032
354950,2017-05-01,2017-07-30,2.25,10-Q,2017,Q2,2017-08-22,0000354950-17-000032
354950,2016-02-01,2016-10-30,5,10-Q,2017,Q3,2017-11-21,0000354950-17-000046
354950,2016-08-01,2016-10-30,1.6,10-Q,2017,Q3,2017-11-21,0000354950-17-000046
354950,2017-01-30,2017-10-29,5.76,10-Q,2017,Q3,2017-11-21,0000354950-17-000046
354950,2017-07-31,2017-10-29,1.84,10-Q,2017,Q3,2017-11-21,0000354950-17-000046
354950,2015-02-02,2016-01-31,5.46,10-K,2017,FY,2018-03-22,0000354950-18-000019
354950,2016-02-01,2016-05-01,1.44,10-K,2017,FY,2018-03-22,0000354950-18-000019
354950,2016-05-02,2016-07-31,1.97,10-K,2017,FY,2018-03-22,0000354950-18-000019
354950,2016-08-01,2016-10-30,1.6,10-K,2017,FY,2018-03-22,0000354950-18-000019
354950,2016-02-01,2017-01-29,6.45,10-K,2017,FY,2018-03-22,0000354950-18-000019
354950,2016-10-31,2017-01-29,1.44,10-K,2017,FY,2018-03-22,0000354950-18-000019
354950,2017-01-30,2017-04-30,1.67,10-K,2017,FY,2018-03-22,0000354950-18-000019
354950,2017-05-01,2017-07-30,2.25,10-K,2017,FY,2018-03-22,0000354950-18-000019
354950,2017-07-31,2017-10-29,1.84,10-K,2017,FY,2018-03-22,0000354950-18-000019
354950,2017-01-30,2018-01-28,7.29,10-K,2017,FY,2018-03-22,0000354950-18-000019
354950,2017-10-30,2018-01-28,1.52,10-K,2017,FY,2018-03-22,0000354950-18-000019
354950,2017-01-30,2017-04-30,1.67,10-Q,2018,Q1,2018-05-22,0000354950-18-000034
354950,2018-01-29,2018-04-29,2.08,10-Q,2018,Q1,2018-05-22,0000354950-18-000034
354950,2017-01-30,2017-07-30,3.91,10-Q,2018,Q2,2018-08-21,0000354950-18-000051
354950,2017-05-01,2017-07-30,2.25,10-Q,2018,Q2,2018-08-21,0000354950-18-000051
354950,2018-01-29,2018-07-29,5.12,10-Q,2018,Q2,2018-08-21,0000354950-18-000051
354950,2018-04-30,2018-07-29,3.05,10-Q,2018,Q2,2018-08-21,0000354950-18-000051
354950,2017-01-30,2017-10-29,5.76,10-Q,2018,Q3,2018-11-20,0000354950-18-000065
354950,2017-07-31,2017-10-29,1.84,10-Q,2018,Q3,2018-11-20,0000354950-18-000065
354950,2018-01-29,2018-10-28,7.63,10-Q,2018,Q3,2018-11-20,0000354950-18-000065
354950,2018-07-30,2018-10-28,2.51,10-Q,2018,Q3,2018-11-20,0000354950-18-000065
354950,2016-02-01,2017-01-29,6.45,10-K,2018,FY,2019-03-28,0000354950-19-000010
354950,2017-01-30,2017-04-30,1.67,10-K,2018,FY,2019-03-28,0000354950-19-000010
354950,2017-05-01,2017-07-30,2.25,10-K,2018,FY,2019-03-28,0000354950-19-000010
354950,2017-07-31,2017-10-29,1.84,10-K,2018,FY,2019-03-28,0000354950-19-000010
354950,2017-01-30,2018-01-28,7.29,10-K,2018,FY,2019-03-28,0000354950-19-000010
354950,2017-10-30,2018-01-28,1.52,10-K,2018,FY,2019-03-28,0000354950-19-000010
354950,2018-01-29,2018-04-29,2.08,10-K,2018,FY,2019-03-28,0000354950-19-000010
354950,2018-04-30,2018-07-29,3.05,10-K,2018,FY,2019-03-28,0000354950-19-000010
354950,2018-07-30,2018-10-28,2.51,10-K,2018,FY,2019-03-28,0000354950-19-000010
354950,2018-01-29,2019-02-03,9.73,10-K,2018,FY,2019-03-28,0000354950-19-000010
354950,2018-10-29,2019-02-03,2.09,10-K,2018,FY,2019-03-28,0000354950-19-000010
354950,2018-01-29,2018-04-29,2.08,10-Q,2019,Q1,2019-05-29,0000354950-19-000024
354950,2019-02-04,2019-05-05,2.27,10-Q,2019,Q1,2019-05-29,0000354950-19-000024
354950,2018-01-29,2018-07-29,5.12,10-Q,2019,Q2,2019-08-27,0000354950-19-000057
354950,2018-04-30,2018-07-29,3.05,10-Q,2019,Q2,2019-08-27,0000354950-19-000057
354950,2019-02-04,2019-08-04,5.43,10-Q,2019,Q2,2019-08-27,0000354950-19-000057
354950,2019-05-06,2019-08-04,3.17,10-Q,2019,Q2,2019-08-27,0000354950-19-000057
354950,2018-01-29,2018-10-28,7.63,10-Q,2019,Q3,2019-11-26,0000354950-19-000066
354950,2018-07-30,2018-10-28,2.51,10-Q,2019,Q3,2019-11-26,0000354950-19-000066
354950,2019-02-04,2019-11-03,7.96,10-Q,2019,Q3,2019-11-26,0000354950-19-000066
354950,2019-08-05,2019-11-03,2.53,10-Q,2019,Q3,2019-11-26,0000354950-19-000066
354950,2017-01-30,2018-01-28,7.29,10-K,2019,FY,2020-03-25,0000354950-20-000015
354950,2018-01-29,2018-04-29,2.08,10-K,2019,FY,2020-03-25,0000354950-20-000015
354950,2018-04-30,2018-07-29,3.05,10-K,2019,FY,2020-03-25,0000354950-20-000015
354950,2018-07-30,2018-10-28,2.51,10-K,2019,FY,2020-03-25,0000354950-20-000015
354950,2018-01-29,2019-02-03,9.73,10-K,2019,FY,2020-03-25,0000354950-20-000015
354950,2018-10-29,2019-02-03,2.09,10-K,2019,FY,2020-03-25,0000354950-20-000015
354950,2019-02-04,2019-05-05,2.27,10-K,2019,FY,2020-03-25,0000354950-20-000015
354950,2019-05-06,2019-08-04,3.17,10-K,2019,FY,2020-03-25,0000354950-20-000015
354950,2019-08-05,2019-11-03,2.53,10-K,2019,FY,2020-03-25,0000354950-20-000015
354950,2019-02-04,2020-02-02,10.25,10-K,2019,FY,2020-03-25,0000354950-20-000015
354950,2019-11-04,2020-02-02,2.28,10-K,2019,FY,2020-03-25,0000354950-20-000015
354950,2019-02-04,2019-05-05,2.27,10-Q,2020,Q1,2020-05-27,0000354950-20-000041
354950,2020-02-03,2020-05-03,2.08,10-Q,2020,Q1,2020-05-27,0000354950-20-000041
354950,2019-02-04,2019-08-04,5.43,10-Q,2020,Q2,2020-08-25,0000354950-20-000068
354950,2019-05-06,2019-08-04,3.17,10-Q,2020,Q2,2020-08-25,0000354950-20-000068
354950,2020-02-03,2020-08-02,6.11,10-Q,2020,Q2,2020-08-25,0000354950-20-000068
354950,2020-05-04,2020-08-02,4.02,10-Q,2020,Q2,2020-08-25,0000354950-20-000068
354950,2019-02-04,2019-11-03,7.96,10-Q,2020,Q3,2020-11-24,0000354950-20-000103
354950,2019-08-05,2019-11-03,2.53,10-Q,2020,Q3,2020-11-24,0000354950-20-000103
354950,2020-02-03,2020-11-01,9.28,10-Q,2020,Q3,2020-11-24,0000354950-20-000103
354950,2020-08-03,2020-11-01,3.18,10-Q,2020,Q3,2020-11-24,0000354950-20-000103
354950,2018-01-29,2019-02-03,9.73,10-K,2020,FY,2021-03-24,0000354950-21-000089
354950,2019-02-04,2020-02-02,10.25,10-K,2020,FY,2021-03-24,0000354950-21-000089
354950,2020-02-03,2021-01-31,11.94,10-K,2020,FY,2021-03-24,0000354950-21-000089
354950,2020-02-03,2020-05-03,2.08,10-Q,2021,Q1,2021-05-25,0000354950-21-000147
354950,2021-02-01,2021-05-02,3.86,10-Q,2021,Q1,2021-05-25,0000354950-21-000147
354950,2020-02-03,2020-08-02,6.11,10-Q,2021,Q2,2021-08-24,0000354950-21-000189
354950,2020-05-04,2020-08-02,4.02,10-Q,2021,Q2,2021-08-24,0000354950-21-000189
354950,2021-02-01,2021-08-01,8.38,10-Q,2021,Q2,2021-08-24,0000354950-21-000189
354950,2021-05-03,2021-08-01,4.53,10-Q,2021,Q2,2021-08-24,0000354950-21-000189
354950,2020-02-03,2020-11-01,9.28,10-Q,2021,Q3,2021-11-23,0000354950-21-000234
354950,2020-08-03,2020-11-01,3.18,10-Q,2021,Q3,2021-11-23,0000354950-21-000234
354950,2021-02-01,2021-10-31,12.31,10-Q,2021,Q3,2021-11-23,0000354950-21-000234
354950,2021-08-02,2021-10-31,3.92,10-Q,2021,Q3,2021-11-23,0000354950-21-000234
354950,2019-02-04,2020-02-02,10.25,10-K,2021,FY,2022-03-23,0000354950-22-000070
354950,2020-02-03,2021-01-31,11.94,10-K,2021,FY,2022-03-23,0000354950-22-000070
354950,2021-02-01,2022-01-30,15.53,10-K,2021,FY,2022-03-23,0000354950-22-000070
354950,2021-02-01,2021-05-02,3.86,10-Q,2022,Q1,2022-05-24,0000354950-22-000158
354950,2022-01-31,2022-05-01,4.09,10-Q,2022,Q1,2022-05-24,0000354950-22-000158
354950,2021-02-01,2021-08-01,8.38,10-Q,2022,Q2,2022-08-23,0000354950-22-000193
354950,2021-05-03,2021-08-01,4.53,10-Q,2022,Q2,2022-08-23,0000354950-22-000193
354950,2022-01-31,2022-07-31,9.13,10-Q,2022,Q2,2022-08-23,0000354950-22-000193
354950,2022-05-02,2022-07-31,5.05,10-Q,2022,Q2,2022-08-23,0000354950-22-000193
354950,2021-02-01,2021-10-31,12.31,10-Q,2022,Q3,2022-11-22,0000354950-22-000239
354950,2021-08-02,2021-10-31,3.92,10-Q,2022,Q3,2022-11-22,0000354950-22-000239
354950,2022-01-31,2022-10-30,13.37,10-Q,2022,Q3,2022-11-22,0000354950-22-000239
354950,2022-08-01,2022-10-30,4.24,10-Q,2022,Q3,2022-11-22,0000354950-22-000239
354950,2020-02-03,2021-01-31,11.94,10-K,2022,FY,2023-03-15,0000354950-23-000059
354950,2021-02-01,2022-01-30,15.53,10-K,2022,FY,2023-03-15,0000354950-23-000059
354950,2022-01-31,2023-01-29,16.69,10-K,2022,FY,2023-03-15,0000354950-23-000059
354950,2022-01-31,2022-05-01,4.09,10-Q,2023,Q1,2023-05-23,0000354950-23-000144
354950,2023-01-30,2023-04-30,3.82,10-Q,2023,Q1,2023-05-23,0000354950-23-000144
354950,2022-01-31,2022-07-31,9.13,10-Q,2023,Q2,2023-08-22,0000354950-23-000185
354950,2022-05-02,2022-07-31,5.05,10-Q,2023,Q2,2023-08-22,0000354950-23-000185
354950,2023-01-30,2023-07-30,8.46,10-Q,2023,Q2,2023-08-22,0000354950-23-000185
354950,2023-05-01,2023-07-30,4.65,10-Q,2023,Q2,2023-08-22,0000354950-23-000185
354950,2022-01-31,2022-10-30,13.37,10-Q,2023,Q3,2023-11-21,0000354950-23-000240
354950,2022-08-01,2022-10-30,4.24,10-Q,2023,Q3,2023-11-21,0000354950-23-000240
354950,2023-01-30,2023-10-29,12.28,10-Q,2023,Q3,2023-11-21,0000354950-23-000240
354950,2023-07-31,2023-10-29,3.81,10-Q,2023,Q3,2023-11-21,0000354950-23-000240
354950,2021-02-01,2022-01-30,15.53,10-K,2023,FY,2024-03-13,0000354950-24-000062
354950,2022-01-31,2023-01-29,16.69,10-K,2023,FY,2024-03-13,0000354950-24-000062
354950,2023-01-30,2024-01-28,15.11,10-K,2023,FY,2024-03-13,0000354950-24-000062
354950,2023-01-30,2023-04-30,3.82,10-Q,2024,Q1,2024-05-21,0000354950-24-000152
354950,2024-01-29,2024-04-28,3.63,10-Q,2024,Q1,2024-05-21,0000354950-24-000152
354950,2023-01-30,2023-07-30,8.46,10-Q,2024,Q2,2024-08-20,0000354950-24-000201
354950,2023-05-01,2023-07-30,4.65,10-Q,2024,Q2,2024-08-20,0000354950-24-000201
354950,2024-01-29,2024-07-28,8.23,10-Q,2024,Q2,2024-08-20,0000354950-24-000201
354950,2024-04-29,2024-07-28,4.6,10-Q,2024,Q2,2024-08-20,0000354950-24-000201
354950,2023-01-30,2023-10-29,12.28,10-Q,2024,Q3,2024-11-19,0000354950-24-000240
354950,2023-07-31,2023-10-29,3.81,10-Q,2024,Q3,2024-11-19,0000354950-24-000240
354950,2024-01-29,2024-10-27,11.9,10-Q,2024,Q3,2024-11-19,0000354950-24-000240
354950,2024-07-29,2024-10-27,3.67,10-Q,2024,Q3,2024-11-19,0000354950-24-000240
354950,2022-01-31,2023-01-29,16.69,10-K,2024,FY,2025-03-21,0000354950-25-000085
354950,2023-01-30,2024-01-28,15.11,10-K,2024,FY,2025-03-21,0000354950-25-000085
354950,2024-01-29,2025-02-02,14.91,10-K,2024,FY,2025-03-21,0000354950-25-000085
354950,2024-01-29,2024-04-28,3.63,10-Q,2025,Q1,2025-05-28,0000354950-25-000165
354950,2025-02-03,2025-05-04,3.45,10-Q,2025,Q1,2025-05-28,0000354950-25-000165
354950,2024-01-29,2024-07-28,8.23,10-Q,2025,Q2,2025-08-26,0000354950-25-000217
354950,2024-04-29,2024-07-28,4.6,10-Q,2025,Q2,2025-08-26,0000354950-25-000217
354950,2025-02-03,2025-08-03,8.03,10-Q,2025,Q2,2025-08-26,0000354950-25-000217
354950,2025-05-05,2025-08-03,4.58,10-Q,2025,Q2,2025-08-26,0000354950-25-000217
354950,2024-01-29,2024-10-27,11.9,10-Q,2025,Q3,2025-11-25,0001628280-25-053868
354950,2024-07-29,2024-10-27,3.67,10-Q,2025,Q3,2025-11-25,0001628280-25-053868
354950,2025-02-03,2025-11-02,11.65,10-Q,2025,Q3,2025-11-25,0001628280-25-053868
354950,2025-08-04,2025-11-02,3.62,10-Q,2025,Q3,2025-11-25,0001628280-25-053868
354950,2023-01-30,2024-01-28,15.11,10-K,2025,FY,2026-03-18,0001628280-26-019436
354950,2024-01-29,2025-02-02,14.91,10-K,2025,FY,2026-03-18,0001628280-26-019436
354950,2025-02-03,2026-02-01,14.23,10-K,2025,FY,2026-03-18,0001628280-26-019436
354950,2025-02-03,2025-05-04,3.45,10-Q,2026,Q1,2026-05-27,0001628280-26-038247
354950,2026-02-02,2026-05-03,3.3,10-Q,2026,Q1,2026-05-27,0001628280-26-038247
354950,2025-02-03,2025-08-03,8.03,10-Q,2026,Q2,2026-08-25,0001628280-26-058715
354950,2025-05-05,2025-08-03,4.58,10-Q,2026,Q2,2026-08-25,0001628280-26-058715
354950,2026-02-02,2026-08-02,8.09,10-Q,2026,Q2,2026-08-25,0001628280-26-058715
354950,2026-05-04,2026-08-02,4.79,10-Q,2026,Q2,2026-08-25,0001628280-26-058715
789019,2010-07-01,2010-12-31,1.39,10-Q/A,2012,Q2,2012-01-27,0001193125-12-026864
789019,2010-10-01,2010-12-31,0.77,10-Q/A,2012,Q2,2012-01-27,0001193125-12-026864
789019,2011-07-01,2011-12-31,1.46,10-Q/A,2012,Q2,2012-01-27,0001193125-12-026864
789019,2011-10-01,2011-12-31,0.78,10-Q/A,2012,Q2,2012-01-27,0001193125-12-026864
789019,2010-07-01,2011-03-31,2.01,10-Q,2012,Q3,2012-04-19,0001193125-12-170665
789019,2011-01-01,2011-03-31,0.61,10-Q,2012,Q3,2012-04-19,0001193125-12-170665
789019,2011-07-01,2012-03-31,2.05,10-Q,2012,Q3,2012-04-19,0001193125-12-170665
789019,2012-01-01,2012-03-31,0.6,10-Q,2012,Q3,2012-04-19,0001193125-12-170665
789019,2009-07-01,2010-06-30,2.1,10-K,2012,FY,2012-07-26,0001193125-12-316848
789019,2010-07-01,2010-09-30,0.62,10-K,2012,FY,2012-07-26,0001193125-12-316848
789019,2010-10-01,2010-12-31,0.77,10-K,2012,FY,2012-07-26,0001193125-12-316848
789019,2011-01-01,2011-03-31,0.61,10-K,2012,FY,2012-07-26,0001193125-12-316848
789019,2010-07-01,2011-06-30,2.69,10-K,2012,FY,2012-07-26,0001193125-12-316848
789019,2011-04-01,2011-06-30,0.69,10-K,2012,FY,2012-07-26,0001193125-12-316848
789019,2011-07-01,2011-09-30,0.68,10-K,2012,FY,2012-07-26,0001193125-12-316848
789019,2011-10-01,2011-12-31,0.78,10-K,2012,FY,2012-07-26,0001193125-12-316848
789019,2012-01-01,2012-03-31,0.6,10-K,2012,FY,2012-07-26,0001193125-12-316848
789019,2011-07-01,2012-06-30,2,10-K,2012,FY,2012-07-26,0001193125-12-316848
789019,2012-04-01,2012-06-30,-0.06,10-K,2012,FY,2012-07-26,0001193125-12-316848
789019,2011-07-01,2011-09-30,0.68,10-Q,2013,Q1,2012-10-18,0001193125-12-427209
789019,2012-07-01,2012-09-30,0.53,10-Q,2013,Q1,2012-10-18,0001193125-12-427209
789019,2011-07-01,2011-12-31,1.46,10-Q,2013,Q2,2013-01-24,0001193125-13-022207
789019,2011-10-01,2011-12-31,0.78,10-Q,2013,Q2,2013-01-24,0001193125-13-022207
789019,2012-07-01,2012-12-31,1.28,10-Q,2013,Q2,2013-01-24,0001193125-13-022207
789019,2012-10-01,2012-12-31,0.76,10-Q,2013,Q2,2013-01-24,0001193125-13-022207
789019,2011-07-01,2012-03-31,2.05,10-Q,2013,Q3,2013-04-18,0001193125-13-160748
789019,2012-01-01,2012-03-31,0.6,10-Q,2013,Q3,2013-04-18,0001193125-13-160748
789019,2012-07-01,2013-03-31,1.99,10-Q,2013,Q3,2013-04-18,0001193125-13-160748
789019,2013-01-01,2013-03-31,0.72,10-Q,2013,Q3,2013-04-18,0001193125-13-160748
789019,2010-07-01,2011-06-30,2.69,10-K,2013,FY,2013-07-30,0001193125-13-310206
789019,2011-07-01,2011-09-30,0.68,10-K,2013,FY,2013-07-30,0001193125-13-310206
789019,2011-10-01,2011-12-31,0.78,10-K,2013,FY,2013-07-30,0001193125-13-310206
789019,2012-01-01,2012-03-31,0.6,10-K,2013,FY,2013-07-30,0001193125-13-310206
789019,2011-07-01,2012-06-30,2,10-K,2013,FY,2013-07-30,0001193125-13-310206
789019,2012-04-01,2012-06-30,-0.06,10-K,2013,FY,2013-07-30,0001193125-13-310206
789019,2012-07-01,2012-09-30,0.53,10-K,2013,FY,2013-07-30,0001193125-13-310206
789019,2012-10-01,2012-12-31,0.76,10-K,2013,FY,2013-07-30,0001193125-13-310206
789019,2013-01-01,2013-03-31,0.72,10-K,2013,FY,2013-07-30,0001193125-13-310206
789019,2012-07-01,2013-06-30,2.58,10-K,2013,FY,2013-07-30,0001193125-13-310206
789019,2013-04-01,2013-06-30,0.59,10-K,2013,FY,2013-07-30,0001193125-13-310206
789019,2012-07-01,2012-09-30,0.53,10-Q,2014,Q1,2013-10-24,0001193125-13-409855
789019,2013-07-01,2013-09-30,0.62,10-Q,2014,Q1,2013-10-24,0001193125-13-409855
789019,2012-07-01,2012-12-31,1.28,10-Q,2014,Q2,2014-01-23,0001193125-14-018634
789019,2012-10-01,2012-12-31,0.76,10-Q,2014,Q2,2014-01-23,0001193125-14-018634
789019,2013-07-01,2013-12-31,1.4,10-Q,2014,Q2,2014-01-23,0001193125-14-018634
789019,2013-10-01,2013-12-31,0.78,10-Q,2014,Q2,2014-01-23,0001193125-14-018634
789019,2012-07-01,2013-03-31,1.99,10-Q,2014,Q3,2014-04-24,0001193125-14-157088
789019,2013-01-01,2013-03-31,0.72,10-Q,2014,Q3,2014-04-24,0001193125-14-157088
789019,2013-07-01,2014-03-31,2.08,10-Q,2014,Q3,2014-04-24,0001193125-14-157088
789019,2014-01-01,2014-03-31,0.68,10-Q,2014,Q3,2014-04-24,0001193125-14-157088
789019,2011-07-01,2012-06-30,2,10-K,2014,FY,2014-07-31,0001193125-14-289961
789019,2012-07-01,2012-09-30,0.53,10-K,2014,FY,2014-07-31,0001193125-14-289961
789019,2012-10-01,2012-12-31,0.76,10-K,2014,FY,2014-07-31,0001193125-14-289961
789019,2013-01-01,2013-03-31,0.72,10-K,2014,FY,2014-07-31,0001193125-14-289961
789019,2012-07-01,2013-06-30,2.58,10-K,2014,FY,2014-07-31,0001193125-14-289961
789019,2013-04-01,2013-06-30,0.59,10-K,2014,FY,2014-07-31,0001193125-14-289961
789019,2013-07-01,2013-09-30,0.62,10-K,2014,FY,2014-07-31,0001193125-14-289961
789019,2013-10-01,2013-12-31,0.78,10-K,2014,FY,2014-07-31,0001193125-14-289961
789019,2014-01-01,2014-03-31,0.68,10-K,2014,FY,2014-07-31,0001193125-14-289961
789019,2013-07-01,2014-06-30,2.63,10-K,2014,FY,2014-07-31,0001193125-14-289961
789019,2014-04-01,2014-06-30,0.55,10-K,2014,FY,2014-07-31,0001193125-14-289961
789019,2013-07-01,2013-09-30,0.62,10-Q,2015,Q1,2014-10-23,0001193125-14-380252
789019,2014-07-01,2014-09-30,0.54,10-Q,2015,Q1,2014-10-23,0001193125-14-380252
789019,2013-07-01,2013-12-31,1.4,10-Q,2015,Q2,2015-01-26,0001193125-15-020351
789019,2013-10-01,2013-12-31,0.78,10-Q,2015,Q2,2015-01-26,0001193125-15-020351
789019,2014-07-01,2014-12-31,1.25,10-Q,2015,Q2,2015-01-26,0001193125-15-020351
789019,2014-10-01,2014-12-31,0.71,10-Q,2015,Q2,2015-01-26,0001193125-15-020351
789019,2013-07-01,2014-03-31,2.08,10-Q,2015,Q3,2015-04-23,0001193125-15-144151
789019,2014-01-01,2014-03-31,0.68,10-Q,2015,Q3,2015-04-23,0001193125-15-144151
789019,2014-07-01,2015-03-31,1.86,10-Q,2015,Q3,2015-04-23,0001193125-15-144151
789019,2015-01-01,2015-03-31,0.61,10-Q,2015,Q3,2015-04-23,0001193125-15-144151
789019,2012-07-01,2013-06-30,2.58,10-K,2015,FY,2015-07-31,0001193125-15-272806
789019,2013-07-01,2013-09-30,0.62,10-K,2015,FY,2015-07-31,0001193125-15-272806
789019,2013-10-01,2013-12-31,0.78,10-K,2015,FY,2015-07-31,0001193125-15-272806
789019,2014-01-01,2014-03-31,0.68,10-K,2015,FY,2015-07-31,0001193125-15-272806
789019,2013-07-01,2014-06-30,2.63,10-K,2015,FY,2015-07-31,0001193125-15-272806
789019,2014-04-01,2014-06-30,0.55,10-K,2015,FY,2015-07-31,0001193125-15-272806
789019,2014-07-01,2014-09-30,0.54,10-K,2015,FY,2015-07-31,0001193125-15-272806
789019,2014-10-01,2014-12-31,0.71,10-K,2015,FY,2015-07-31,0001193125-15-272806
789019,2015-01-01,2015-03-31,0.61,10-K,2015,FY,2015-07-31,0001193125-15-272806
789019,2014-07-01,2015-06-30,1.48,10-K,2015,FY,2015-07-31,0001193125-15-272806
789019,2015-04-01,2015-06-30,-0.4,10-K,2015,FY,2015-07-31,0001193125-15-272806
789019,2014-07-01,2014-09-30,0.54,10-Q,2016,Q1,2015-10-22,0001193125-15-350718
789019,2015-07-01,2015-09-30,0.57,10-Q,2016,Q1,2015-10-22,0001193125-15-350718
789019,2014-07-01,2014-12-31,1.25,10-Q,2016,Q2,2016-01-28,0001193125-16-441821
789019,2014-10-01,2014-12-31,0.71,10-Q,2016,Q2,2016-01-28,0001193125-16-441821
789019,2015-07-01,2015-12-31,1.2,10-Q,2016,Q2,2016-01-28,0001193125-16-441821
789019,2015-10-01,2015-12-31,0.62,10-Q,2016,Q2,2016-01-28,0001193125-16-441821
789019,2014-07-01,2015-03-31,1.86,10-Q,2016,Q3,2016-04-21,0001193125-16-550254
789019,2015-01-01,2015-03-31,0.61,10-Q,2016,Q3,2016-04-21,0001193125-16-550254
789019,2015-07-01,2015-09-30,0.61,10-Q,2016,Q3,2016-04-21,0001193125-16-550254
789019,2015-10-01,2015-12-31,0.62,10-Q,2016,Q3,2016-04-21,0001193125-16-550254
789019,2015-07-01,2016-03-31,1.7,10-Q,2016,Q3,2016-04-21,0001193125-16-550254
789019,2016-01-01,2016-03-31,0.47,10-Q,2016,Q3,2016-04-21,0001193125-16-550254
789019,2013-07-01,2014-06-30,2.63,10-K,2016,FY,2016-07-28,0001193125-16-662209
789019,2014-07-01,2014-09-30,0.54,10-K,2016,FY,2016-07-28,0001193125-16-662209
789019,2014-10-01,2014-12-31,0.71,10-K,2016,FY,2016-07-28,0001193125-16-662209
789019,2015-01-01,2015-03-31,0.61,10-K,2016,FY,2016-07-28,0001193125-16-662209
789019,2014-07-01,2015-06-30,1.48,10-K,2016,FY,2016-07-28,0001193125-16-662209
789019,2015-04-01,2015-06-30,-0.4,10-K,2016,FY,2016-07-28,0001193125-16-662209
789019,2015-07-01,2015-09-30,0.61,10-K,2016,FY,2016-07-28,0001193125-16-662209
789019,2015-10-01,2015-12-31,0.62,10-K,2016,FY,2016-07-28,0001193125-16-662209
789019,2016-01-01,2016-03-31,0.47,10-K,2016,FY,2016-07-28,0001193125-16-662209
789019,2015-07-01,2016-06-30,2.1,10-K,2016,FY,2016-07-28,0001193125-16-662209
789019,2016-04-01,2016-06-30,0.39,10-K,2016,FY,2016-07-28,0001193125-16-662209
789019,2015-07-01,2015-09-30,0.61,10-Q,2017,Q1,2016-10-20,0001193125-16-742796
789019,2016-07-01,2016-09-30,0.6,10-Q,2017,Q1,2016-10-20,0001193125-16-742796
789019,2015-07-01,2015-12-31,1.23,10-Q,2017,Q2,2017-01-26,0001564590-17-000654
789019,2015-10-01,2015-12-31,0.62,10-Q,2017,Q2,2017-01-26,0001564590-17-000654
789019,2016-07-01,2016-12-31,1.26,10-Q,2017,Q2,2017-01-26,0001564590-17-000654
789019,2016-10-01,2016-12-31,0.66,10-Q,2017,Q2,2017-01-26,0001564590-17-000654
789019,2015-07-01,2016-03-31,1.7,10-Q,2017,Q3,2017-04-27,0001564590-17-007547
789019,2016-01-01,2016-03-31,0.47,10-Q,2017,Q3,2017-04-27,0001564590-17-007547
789019,2016-07-01,2017-03-31,1.87,10-Q,2017,Q3,2017-04-27,0001564590-17-007547
789019,2017-01-01,2017-03-31,0.61,10-Q,2017,Q3,2017-04-27,0001564590-17-007547
789019,2014-07-01,2015-06-30,1.48,10-K,2017,FY,2017-08-02,0001564590-17-014900
789019,2015-07-01,2015-09-30,0.61,10-K,2017,FY,2017-08-02,0001564590-17-014900
789019,2015-10-01,2015-12-31,0.62,10-K,2017,FY,2017-08-02,0001564590-17-014900
789019,2016-01-01,2016-03-31,0.47,10-K,2017,FY,2017-08-02,0001564590-17-014900
789019,2015-07-01,2016-06-30,2.1,10-K,2017,FY,2017-08-02,0001564590-17-014900
789019,2016-04-01,2016-06-30,0.39,10-K,2017,FY,2017-08-02,0001564590-17-014900
789019,2016-07-01,2016-09-30,0.6,10-K,2017,FY,2017-08-02,0001564590-17-014900
789019,2016-10-01,2016-12-31,0.66,10-K,2017,FY,2017-08-02,0001564590-17-014900
789019,2017-01-01,2017-03-31,0.61,10-K,2017,FY,2017-08-02,0001564590-17-014900
789019,2016-07-01,2017-06-30,2.71,10-K,2017,FY,2017-08-02,0001564590-17-014900
789019,2017-04-01,2017-06-30,0.83,10-K,2017,FY,2017-08-02,0001564590-17-014900
789019,2016-07-01,2016-09-30,0.72,10-Q,2018,Q1,2017-10-26,0001564590-17-020171
789019,2017-07-01,2017-09-30,0.84,10-Q,2018,Q1,2017-10-26,0001564590-17-020171
789019,2016-07-01,2016-12-31,1.52,10-Q,2018,Q2,2018-01-31,0001564590-18-001129
789019,2016-10-01,2016-12-31,0.8,10-Q,2018,Q2,2018-01-31,0001564590-18-001129
789019,2017-07-01,2017-12-31,0.04,10-Q,2018,Q2,2018-01-31,0001564590-18-001129
789019,2017-10-01,2017-12-31,-0.82,10-Q,2018,Q2,2018-01-31,0001564590-18-001129
789019,2016-07-01,2017-03-31,2.22,10-Q,2018,Q3,2018-04-26,0001564590-18-009307
789019,2017-01-01,2017-03-31,0.7,10-Q,2018,Q3,2018-04-26,0001564590-18-009307
789019,2017-07-01,2018-03-31,0.99,10-Q,2018,Q3,2018-04-26,0001564590-18-009307
789019,2018-01-01,2018-03-31,0.95,10-Q,2018,Q3,2018-04-26,0001564590-18-009307
789019,2015-07-01,2016-06-30,2.56,10-K,2018,FY,2018-08-03,0001564590-18-019062
789019,2016-07-02,2016-09-30,0.72,10-K,2018,FY,2018-08-03,0001564590-18-019062
789019,2016-10-01,2016-12-31,0.8,10-K,2018,FY,2018-08-03,0001564590-18-019062
789019,2017-01-01,2017-03-31,0.7,10-K,2018,FY,2018-08-03,0001564590-18-019062
789019,2016-07-01,2017-06-30,3.25,10-K,2018,FY,2018-08-03,0001564590-18-019062
789019,2017-04-01,2017-06-30,1.03,10-K,2018,FY,2018-08-03,0001564590-18-019062
789019,2017-07-01,2017-09-30,0.84,10-K,2018,FY,2018-08-03,0001564590-18-019062
789019,2017-10-01,2017-12-31,-0.82,10-K,2018,FY,2018-08-03,0001564590-18-019062
789019,2018-01-01,2018-03-31,0.95,10-K,2018,FY,2018-08-03,0001564590-18-019062
789019,2017-07-01,2018-06-30,2.13,10-K,2018,FY,2018-08-03,0001564590-18-019062
789019,2018-04-01,2018-06-30,1.14,10-K,2018,FY,2018-08-03,0001564590-18-019062
789019,2017-07-01,2017-09-30,0.84,10-Q,2019,Q1,2018-10-24,0001564590-18-024893
789019,2018-07-01,2018-09-30,1.14,10-Q,2019,Q1,2018-10-24,0001564590-18-024893
789019,2017-07-01,2017-12-31,0.04,10-Q,2019,Q2,2019-01-30,0001564590-19-001392
789019,2017-10-01,2017-12-31,-0.82,10-Q,2019,Q2,2019-01-30,0001564590-19-001392
789019,2018-07-01,2018-12-31,2.22,10-Q,2019,Q2,2019-01-30,0001564590-19-001392
789019,2018-10-01,2018-12-31,1.08,10-Q,2019,Q2,2019-01-30,0001564590-19-001392
789019,2017-07-01,2018-03-31,0.99,10-Q,2019,Q3,2019-04-24,0001564590-19-012709
789019,2018-01-01,2018-03-31,0.95,10-Q,2019,Q3,2019-04-24,0001564590-19-012709
789019,2018-07-01,2019-03-31,3.36,10-Q,2019,Q3,2019-04-24,0001564590-19-012709
789019,2019-01-01,2019-03-31,1.14,10-Q,2019,Q3,2019-04-24,0001564590-19-012709
789019,2016-07-01,2017-06-30,3.25,10-K,2019,FY,2019-08-01,0001564590-19-027952
789019,2017-07-01,2017-09-30,0.84,10-K,2019,FY,2019-08-01,0001564590-19-027952
789019,2017-10-01,2017-12-31,-0.82,10-K,2019,FY,2019-08-01,0001564590-19-027952
789019,2018-01-01,2018-03-31,0.95,10-K,2019,FY,2019-08-01,0001564590-19-027952
789019,2017-07-01,2018-06-30,2.13,10-K,2019,FY,2019-08-01,0001564590-19-027952
789019,2018-04-01,2018-06-30,1.14,10-K,2019,FY,2019-08-01,0001564590-19-027952
789019,2018-07-01,2018-09-30,1.14,10-K,2019,FY,2019-08-01,0001564590-19-027952
789019,2018-10-01,2018-12-31,1.08,10-K,2019,FY,2019-08-01,0001564590-19-027952
789019,2019-01-01,2019-03-31,1.14,10-K,2019,FY,2019-08-01,0001564590-19-027952
789019,2018-07-01,2019-06-30,5.06,10-K,2019,FY,2019-08-01,0001564590-19-027952
789019,2019-04-01,2019-06-30,1.71,10-K,2019,FY,2019-08-01,0001564590-19-027952
789019,2018-07-01,2018-09-30,1.14,10-Q,2020,Q1,2019-10-23,0001564590-19-037549
789019,2019-07-01,2019-09-30,1.38,10-Q,2020,Q1,2019-10-23,0001564590-19-037549
789019,2018-07-01,2018-12-31,2.22,10-Q,2020,Q2,2020-01-29,0001564590-20-002450
789019,2018-10-01,2018-12-31,1.08,10-Q,2020,Q2,2020-01-29,0001564590-20-002450
789019,2019-07-01,2019-12-31,2.9,10-Q,2020,Q2,2020-01-29,0001564590-20-002450
789019,2019-10-01,2019-12-31,1.51,10-Q,2020,Q2,2020-01-29,0001564590-20-002450
789019,2018-07-01,2019-03-31,3.36,10-Q,2020,Q3,2020-04-29,0001564590-20-019706
789019,2019-01-01,2019-03-31,1.14,10-Q,2020,Q3,2020-04-29,0001564590-20-019706
789019,2019-07-01,2020-03-31,4.3,10-Q,2020,Q3,2020-04-29,0001564590-20-019706
789019,2020-01-01,2020-03-31,1.4,10-Q,2020,Q3,2020-04-29,0001564590-20-019706
789019,2017-07-01,2018-06-30,2.13,10-K,2020,FY,2020-07-30,0001564590-20-034944
789019,2018-07-01,2018-09-30,1.14,10-K,2020,FY,2020-07-30,0001564590-20-034944
789019,2018-10-01,2018-12-31,1.08,10-K,2020,FY,2020-07-30,0001564590-20-034944
789019,2019-01-01,2019-03-31,1.14,10-K,2020,FY,2020-07-30,0001564590-20-034944
789019,2018-07-01,2019-06-30,5.06,10-K,2020,FY,2020-07-30,0001564590-20-034944
789019,2019-04-01,2019-06-30,1.71,10-K,2020,FY,2020-07-30,0001564590-20-034944
789019,2019-07-01,2019-09-30,1.38,10-K,2020,FY,2020-07-30,0001564590-20-034944
789019,2019-10-01,2019-12-31,1.51,10-K,2020,FY,2020-07-30,0001564590-20-034944
789019,2020-01-01,2020-03-31,1.4,10-K,2020,FY,2020-07-30,0001564590-20-034944
789019,2019-07-01,2020-06-30,5.76,10-K,2020,FY,2020-07-30,0001564590-20-034944
789019,2020-04-01,2020-06-30,1.46,10-K,2020,FY,2020-07-30,0001564590-20-034944
789019,2019-07-01,2019-09-30,1.38,10-Q,2021,Q1,2020-10-27,0001564590-20-047996
789019,2020-07-01,2020-09-30,1.82,10-Q,2021,Q1,2020-10-27,0001564590-20-047996
789019,2019-07-01,2019-12-31,2.9,10-Q,2021,Q2,2021-01-26,0001564590-21-002316
789019,2019-10-01,2019-12-31,1.51,10-Q,2021,Q2,2021-01-26,0001564590-21-002316
789019,2020-07-01,2020-12-31,3.85,10-Q,2021,Q2,2021-01-26,0001564590-21-002316
789019,2020-10-01,2020-12-31,2.03,10-Q,2021,Q2,2021-01-26,0001564590-21-002316
789019,2019-07-01,2020-03-31,4.3,10-Q,2021,Q3,2021-04-27,0001564590-21-020891
789019,2020-01-01,2020-03-31,1.4,10-Q,2021,Q3,2021-04-27,0001564590-21-020891
789019,2020-07-01,2021-03-31,5.88,10-Q,2021,Q3,2021-04-27,0001564590-21-020891
789019,2021-01-01,2021-03-31,2.03,10-Q,2021,Q3,2021-04-27,0001564590-21-020891
789019,2018-07-01,2019-06-30,5.06,10-K,2021,FY,2021-07-29,0001564590-21-039151
789019,2019-07-01,2020-06-30,5.76,10-K,2021,FY,2021-07-29,0001564590-21-039151
789019,2020-07-01,2021-06-30,8.05,10-K,2021,FY,2021-07-29,0001564590-21-039151
789019,2020-07-01,2020-09-30,1.82,10-Q,2022,Q1,2021-10-26,0001564590-21-051992
789019,2021-07-01,2021-09-30,2.71,10-Q,2022,Q1,2021-10-26,0001564590-21-051992
789019,2020-07-01,2020-12-31,3.85,10-Q,2022,Q2,2022-01-25,0001564590-22-002324
789019,2020-10-01,2020-12-31,2.03,10-Q,2022,Q2,2022-01-25,0001564590-22-002324
789019,2021-07-01,2021-12-31,5.19,10-Q,2022,Q2,2022-01-25,0001564590-22-002324
789019,2021-10-01,2021-12-31,2.48,10-Q,2022,Q2,2022-01-25,0001564590-22-002324
789019,2020-07-01,2021-03-31,5.88,10-Q,2022,Q3,2022-04-26,0001564590-22-015675
789019,2021-01-01,2021-03-31,2.03,10-Q,2022,Q3,2022-04-26,0001564590-22-015675
789019,2021-07-01,2022-03-31,7.41,10-Q,2022,Q3,2022-04-26,0001564590-22-015675
789019,2022-01-01,2022-03-31,2.22,10-Q,2022,Q3,2022-04-26,0001564590-22-015675
789019,2019-07-01,2020-06-30,5.76,10-K,2022,FY,2022-07-28,0001564590-22-026876
789019,2020-07-01,2021-06-30,8.05,10-K,2022,FY,2022-07-28,0001564590-22-026876
789019,2021-07-01,2022-06-30,9.65,10-K,2022,FY,2022-07-28,0001564590-22-026876
789019,2021-07-01,2021-09-30,2.71,10-Q,2023,Q1,2022-10-25,0001564590-22-035087
789019,2022-07-01,2022-09-30,2.35,10-Q,2023,Q1,2022-10-25,0001564590-22-035087
789019,2021-07-01,2021-12-31,5.19,10-Q,2023,Q2,2023-01-24,0001564590-23-000733
789019,2021-10-01,2021-12-31,2.48,10-Q,2023,Q2,2023-01-24,0001564590-23-000733
789019,2022-07-01,2022-12-31,4.54,10-Q,2023,Q2,2023-01-24,0001564590-23-000733
789019,2022-10-01,2022-12-31,2.2,10-Q,2023,Q2,2023-01-24,0001564590-23-000733
789019,2021-07-01,2022-03-31,7.41,10-Q,2023,Q3,2023-04-25,0000950170-23-014423
789019,2022-01-01,2022-03-31,2.22,10-Q,2023,Q3,2023-04-25,0000950170-23-014423
789019,2022-07-01,2023-03-31,6.99,10-Q,2023,Q3,2023-04-25,0000950170-23-014423
789019,2023-01-01,2023-03-31,2.45,10-Q,2023,Q3,2023-04-25,0000950170-23-014423
789019,2020-07-01,2021-06-30,8.05,10-K,2023,FY,2023-07-27,0000950170-23-035122
789019,2021-07-01,2022-06-30,9.65,10-K,2023,FY,2023-07-27,0000950170-23-035122
789019,2022-07-01,2023-06-30,9.68,10-K,2023,FY,2023-07-27,0000950170-23-035122
789019,2022-07-01,2022-09-30,2.35,10-Q,2024,Q1,2023-10-24,0000950170-23-054855
789019,2023-07-01,2023-09-30,2.99,10-Q,2024,Q1,2023-10-24,0000950170-23-054855
789019,2022-07-01,2022-12-31,4.54,10-Q,2024,Q2,2024-01-30,0000950170-24-008814
789019,2022-10-01,2022-12-31,2.2,10-Q,2024,Q2,2024-01-30,0000950170-24-008814
789019,2023-07-01,2023-12-31,5.92,10-Q,2024,Q2,2024-01-30,0000950170-24-008814
789019,2023-10-01,2023-12-31,2.93,10-Q,2024,Q2,2024-01-30,0000950170-24-008814
789019,2022-07-01,2023-03-31,6.99,10-Q,2024,Q3,2024-04-25,0000950170-24-048288
789019,2023-01-01,2023-03-31,2.45,10-Q,2024,Q3,2024-04-25,0000950170-24-048288
789019,2023-07-01,2024-03-31,8.85,10-Q,2024,Q3,2024-04-25,0000950170-24-048288
789019,2024-01-01,2024-03-31,2.94,10-Q,2024,Q3,2024-04-25,0000950170-24-048288
789019,2021-07-01,2022-06-30,9.65,10-K,2024,FY,2024-07-30,0000950170-24-087843
789019,2022-07-01,2023-06-30,9.68,10-K,2024,FY,2024-07-30,0000950170-24-087843
789019,2023-07-01,2024-06-30,11.8,10-K,2024,FY,2024-07-30,0000950170-24-087843
789019,2023-07-01,2023-09-30,2.99,10-Q,2025,Q1,2024-10-30,0000950170-24-118967
789019,2024-07-01,2024-09-30,3.3,10-Q,2025,Q1,2024-10-30,0000950170-24-118967
789019,2023-07-01,2023-12-31,5.92,10-Q,2025,Q2,2025-01-29,0000950170-25-010491
789019,2023-10-01,2023-12-31,2.93,10-Q,2025,Q2,2025-01-29,0000950170-25-010491
789019,2024-07-01,2024-12-31,6.53,10-Q,2025,Q2,2025-01-29,0000950170-25-010491
789019,2024-10-01,2024-12-31,3.23,10-Q,2025,Q2,2025-01-29,0000950170-25-010491
789019,2023-07-01,2024-03-31,8.85,10-Q,2025,Q3,2025-04-30,0000950170-25-061046
789019,2024-01-01,2024-03-31,2.94,10-Q,2025,Q3,2025-04-30,0000950170-25-061046
789019,2024-07-01,2025-03-31,9.99,10-Q,2025,Q3,2025-04-30,0000950170-25-061046
789019,2025-01-01,2025-03-31,3.46,10-Q,2025,Q3,2025-04-30,0000950170-25-061046
789019,2022-07-01,2023-06-30,9.68,10-K,2025,FY,2025-07-30,0000950170-25-100235
789019,2023-07-01,2024-06-30,11.8,10-K,2025,FY,2025-07-30,0000950170-25-100235
789019,2024-07-01,2025-06-30,13.64,10-K,2025,FY,2025-07-30,0000950170-25-100235
789019,2024-07-01,2024-09-30,3.3,10-Q,2026,Q1,2025-10-29,0001193125-25-256321
789019,2025-07-01,2025-09-30,3.72,10-Q,2026,Q1,2025-10-29,0001193125-25-256321
789019,2024-07-01,2024-12-31,6.53,10-Q,2026,Q2,2026-01-28,0001193125-26-027207
789019,2024-10-01,2024-12-31,3.23,10-Q,2026,Q2,2026-01-28,0001193125-26-027207
789019,2025-07-01,2025-12-31,8.87,10-Q,2026,Q2,2026-01-28,0001193125-26-027207
789019,2025-10-01,2025-12-31,5.16,10-Q,2026,Q2,2026-01-28,0001193125-26-027207
789019,2024-07-01,2025-03-31,9.99,10-Q,2026,Q3,2026-04-29,0001193125-26-191507
789019,2025-01-01,2025-03-31,3.46,10-Q,2026,Q3,2026-04-29,0001193125-26-191507
789019,2025-07-01,2026-03-31,13.14,10-Q,2026,Q3,2026-04-29,0001193125-26-191507
789019,2026-01-01,2026-03-31,4.27,10-Q,2026,Q3,2026-04-29,0001193125-26-191507
789019,2023-07-01,2024-06-30,11.8,10-K,2026,FY,2026-07-29,0001193125-26-323660
789019,2024-07-01,2025-06-30,13.64,10-K,2026,FY,2026-07-29,0001193125-26-323660
789019,2025-07-01,2026-06-30,17.95,10-K,2026,FY,2026-07-29,0001193125-26-323660
