date,usd_per_eur,jpy_per_eur,gbp_per_eur
1999-01-04,1.1789,133.73,0.7111
1999-01-05,1.179,130.96,0.7122
1999-01-06,1.1743,131.42,0.7076
1999-01-07,1.1632,129.43,0.70585
1999-01-08,1.1659,130.09,0.7094
1999-01-11,1.1569,126.33,0.7044
1999-01-12,1.152,129.63,0.7066
1999-01-13,1.1744,131.89,0.7084
1999-01-14,1.1653,132.74,0.7062
1999-01-15,1.1626,131.74,0.7039
1999-01-18,1.1612,132.9,0.7013
1999-01-19,1.1616,132.14,0.7
1999-01-20,1.1575,131.59,0.7014
1999-01-21,1.1572,130.34,0.7023
1999-01-22,1.1567,131.88,0.7005
1999-01-25,1.1584,132.09,0.6989
1999-01-26,1.1582,131.81,0.6976
1999-01-27,1.1529,131.91,0.6968
1999-01-28,1.141,132.25,0.6928
1999-01-29,1.1384,132.1,0.691
1999-02-01,1.1338,130.88,0.6904
1999-02-02,1.1337,127.7,0.6888
1999-02-03,1.1337,126.86,0.6925
1999-02-04,1.1263,127.65,0.6894
1999-02-05,1.1292,127.95,0.6885
1999-02-08,1.1246,127.82,0.6888
1999-02-09,1.1333,129.91,0.6911
1999-02-10,1.1342,130.73,0.6954
1999-02-11,1.1312,129.35,0.6975
1999-02-12,1.1244,128.92,0.6917
1999-02-15,1.1238,129.31,0.6895
1999-02-16,1.1176,131.82,0.6854
1999-02-17,1.1253,133.48,0.6873
1999-02-18,1.1232,134.4,0.6871
1999-02-19,1.1163,133.97,0.6838
1999-02-22,1.0992,133.61,0.6789
1999-02-23,1.0969,133.14,0.6796
1999-02-24,1.1037,133.86,0.6883
1999-02-25,1.1031,132.87,0.6888
1999-02-26,1.1018,131.33,0.6873
1999-03-01,1.0986,131.13,0.6829
1999-03-02,1.0887,131.37,0.6764
1999-03-03,1.0899,132.18,0.6723
1999-03-04,1.0866,133.92,0.6759
1999-03-05,1.0834,133.19,0.6737
1999-03-08,1.0908,132.77,0.6776
1999-03-09,1.0863,132.45,0.6754
1999-03-10,1.0953,131.74,0.6746
1999-03-11,1.0891,131,0.6694
1999-03-12,1.0932,130.8,0.6686
1999-03-15,1.0949,128.85,0.6739
1999-03-16,1.0901,128.65,0.6703
1999-03-17,1.0966,130.18,0.6744
1999-03-18,1.1012,129.78,0.676
1999-03-19,1.0915,127.99,0.6708
1999-03-22,1.0864,128,0.6677
1999-03-23,1.0896,128.94,0.6706
1999-03-24,1.0928,128.6,0.6653
1999-03-25,1.0898,128.65,0.6668
1999-03-26,1.0815,128.93,0.665
1999-03-29,1.0692,128.78,0.6615
1999-03-30,1.0711,128.86,0.6638
1999-03-31,1.0742,127.81,0.6663
1999-04-01,1.0772,128.72,0.669
1999-04-02,1.0772,129.85,0.672
1999-04-05,1.0752,130.55,0.6702
1999-04-06,1.0726,129.99,0.6759
1999-04-07,1.0812,131.27,0.6772
1999-04-08,1.0818,130.45,0.6731
1999-04-09,1.0778,130.75,0.6724
1999-04-12,1.0867,130.27,0.6723
1999-04-13,1.0765,129.66,0.6671
1999-04-14,1.0787,128.55,0.6667
1999-04-15,1.0786,128.01,0.6682
1999-04-16,1.0668,126.16,0.6633
1999-04-19,1.0636,125.67,0.6586
1999-04-20,1.0646,125.48,0.6589
1999-04-21,1.0586,126.26,0.6593
1999-04-22,1.0581,126.95,0.6585
1999-04-23,1.0634,127.25,0.6583
1999-04-26,1.0614,126.22,0.6569
1999-04-27,1.063,127.34,0.6587
1999-04-28,1.0666,127.05,0.6583
1999-04-29,1.0604,126.16,0.6584
1999-04-30,1.0597,126.9,0.6571
1999-05-03,1.0589,126.93,0.6571
1999-05-04,1.0564,128.04,0.6553
1999-05-05,1.0667,128.78,0.6552
1999-05-06,1.0799,130.6,0.6601
1999-05-07,1.0786,130.13,0.661
1999-05-10,1.0735,129.82,0.6604
1999-05-11,1.0732,129.97,0.6619
1999-05-12,1.0645,128.88,0.6577
1999-05-13,1.0622,129.2,0.656
1999-05-14,1.0676,130.78,0.6601
1999-05-17,1.0685,131.47,0.6598
1999-05-18,1.069,131.62,0.6592
1999-05-19,1.0634,132.4,0.6569
1999-05-20,1.0639,132.16,0.6591
1999-05-21,1.0572,131.25,0.6583
1999-05-24,1.0585,130.86,0.6617
1999-05-25,1.0627,130.41,0.6634
1999-05-26,1.0535,128.77,0.658
1999-05-27,1.0473,128.05,0.6551
1999-05-28,1.0479,126.7,0.6546
1999-05-31,1.0456,127.18,0.6524
1999-06-01,1.0434,126.35,0.6505
1999-06-02,1.0382,125.71,0.6443
1999-06-03,1.0382,125.8,0.6458
1999-06-04,1.0315,125.45,0.6412
1999-06-07,1.0316,124.7,0.6414
1999-06-08,1.0385,125.99,0.6489
1999-06-09,1.0466,124.48,0.6523
1999-06-10,1.0474,124.5,0.6538
1999-06-11,1.0474,124.09,0.6506
1999-06-14,1.0437,125.42,0.6473
1999-06-15,1.0392,125.27,0.6501
1999-06-16,1.0345,124.4,0.651
1999-06-17,1.034,123.97,0.6481
1999-06-18,1.0388,124.52,0.6506
1999-06-21,1.0339,126.3,0.6506
1999-06-22,1.0313,125.6,0.6498
1999-06-23,1.028,125.55,0.6511
1999-06-24,1.0321,126.05,0.6533
1999-06-25,1.0443,126.8,0.6578
1999-06-28,1.0388,125.96,0.6564
1999-06-29,1.0364,125.3,0.6544
1999-06-30,1.0328,124.82,0.6563
1999-07-01,1.0264,124.12,0.6502
1999-07-02,1.0241,123.93,0.6498
1999-07-05,1.0232,125.18,0.6491
1999-07-06,1.0221,124.87,0.6514
1999-07-07,1.0222,124.77,0.6563
1999-07-08,1.0182,124.72,0.6544
1999-07-09,1.0204,124.66,0.6577
1999-07-12,1.0124,123.82,0.6527
1999-07-13,1.0183,123.83,0.6538
1999-07-14,1.0168,122.97,0.6523
1999-07-15,1.0201,123.04,0.6513
1999-07-16,1.0202,123.15,0.6509
1999-07-19,1.0146,121.6,0.6511
1999-07-20,1.041,123.09,0.6618
1999-07-21,1.0462,124.2,0.6653
1999-07-22,1.0499,124.06,0.6642
1999-07-23,1.0496,121.96,0.6634
1999-07-26,1.0698,123.8,0.6731
1999-07-27,1.0627,124.27,0.668
1999-07-28,1.0603,123.15,0.6683
1999-07-29,1.068,123.18,0.6665
1999-07-30,1.0694,123.19,0.6598
1999-08-02,1.0665,121.88,0.6591
1999-08-03,1.0645,122.69,0.6588
1999-08-04,1.0761,123.39,0.6627
1999-08-05,1.0791,123.37,0.667
1999-08-06,1.074,123.13,0.665
1999-08-09,1.0705,123.37,0.6665
1999-08-10,1.0737,123.25,0.6655
1999-08-11,1.0668,122.92,0.6623
1999-08-12,1.0638,123.25,0.6614
1999-08-13,1.0667,122.41,0.6619
1999-08-16,1.0553,121.28,0.6585
1999-08-17,1.0527,120.34,0.6584
1999-08-18,1.0517,118.9,0.6556
1999-08-19,1.0517,117.02,0.6556
1999-08-20,1.0667,119.16,0.659
1999-08-23,1.0606,118.03,0.658
1999-08-24,1.0512,117.42,0.6576
1999-08-25,1.0433,115.7,0.6572
1999-08-26,1.0452,116.38,0.6574
1999-08-27,1.045,116.68,0.6588
1999-08-30,1.0454,116.1,0.6582
1999-08-31,1.0573,115.53,0.6585
1999-09-01,1.0613,116,0.6593
1999-09-02,1.0662,116.16,0.6631
1999-09-03,1.0682,117.32,0.6634
1999-09-06,1.0594,116.3,0.6607
1999-09-07,1.0565,117.44,0.6576
1999-09-08,1.0613,117.49,0.6536
1999-09-09,1.0592,115.36,0.6513
1999-09-10,1.052,115,0.6463
1999-09-13,1.0342,109.85,0.6407
1999-09-14,1.0362,110.25,0.6468
1999-09-15,1.0369,107.94,0.6462
1999-09-16,1.0372,108.08,0.6416
1999-09-17,1.0397,110.66,0.6423
1999-09-20,1.0406,112.08,0.641
1999-09-21,1.0388,108.72,0.6383
1999-09-22,1.0509,109.48,0.6423
1999-09-23,1.043,108.45,0.639
1999-09-24,1.0476,109.4,0.6374
1999-09-27,1.0414,109.67,0.6327
1999-09-28,1.0483,111.31,0.6362
1999-09-29,1.0563,112.85,0.643
1999-09-30,1.0665,112.67,0.6475
1999-10-01,1.0728,113.25,0.6499
1999-10-04,1.0719,113.6,0.6469
1999-10-05,1.0686,113.98,0.6456
1999-10-06,1.0737,115.58,0.6488
1999-10-07,1.0729,115.48,0.649
1999-10-08,1.0657,114.55,0.6451
1999-10-11,1.0631,113.42,0.6424
1999-10-12,1.0668,113.45,0.6459
1999-10-13,1.0778,116.24,0.6518
1999-10-14,1.0758,114.95,0.6499
1999-10-15,1.0869,115.15,0.6519
1999-10-18,1.0868,114.23,0.6509
1999-10-19,1.0818,114.3,0.6474
1999-10-20,1.0777,114.44,0.646
1999-10-21,1.0797,114.52,0.6446
1999-10-22,1.0758,113.65,0.6426
1999-10-25,1.0683,112.66,0.6433
1999-10-26,1.0633,111.33,0.6413
1999-10-27,1.0552,109.75,0.6392
1999-10-28,1.0534,109.79,0.6415
1999-10-29,1.0453,109.59,0.6393
1999-11-01,1.0572,110.23,0.6413
1999-11-02,1.0507,110.12,0.6382
1999-11-03,1.0491,109.17,0.6361
1999-11-04,1.0504,110,0.6389
1999-11-05,1.0408,109.79,0.6397
1999-11-08,1.0405,110.36,0.6412
1999-11-09,1.0424,109.37,0.6415
1999-11-10,1.0402,109.33,0.6416
1999-11-11,1.0406,109.3,0.6414
1999-11-12,1.0308,108.22,0.638
1999-11-15,1.0301,107.99,0.6371
1999-11-16,1.0336,109.42,0.6369
1999-11-17,1.0408,109.58,0.64
1999-11-18,1.038,109.63,0.6397
1999-11-19,1.0279,109.1,0.6353
1999-11-22,1.0311,108.35,0.6361
1999-11-23,1.0315,107.98,0.6348
1999-11-24,1.0215,106.62,0.6331
1999-11-25,1.0194,106.25,0.6312
1999-11-26,1.0101,104.86,0.6301
1999-11-29,1.0077,102.82,0.6297
1999-11-30,1.0097,103,0.6325
1999-12-01,1.0091,103.35,0.6304
1999-12-02,1.0057,103.03,0.6292
1999-12-03,1.0015,102.57,0.6255
1999-12-06,1.0182,104.62,0.631
1999-12-07,1.0239,105.05,0.6302
1999-12-08,1.0236,105.32,0.6294
1999-12-09,1.0175,104.4,0.6261
1999-12-10,1.0141,103.81,0.6247
1999-12-13,1.0128,103.95,0.6238
1999-12-14,1.0038,104.06,0.6215
1999-12-15,1.0021,103.7,0.6241
1999-12-16,1.0146,104.47,0.6286
1999-12-17,1.0128,104.68,0.6287
1999-12-20,1.0096,103.84,0.628
1999-12-21,1.0084,103.07,0.6276
1999-12-22,1.0074,102.48,0.6253
1999-12-23,1.0089,102.52,0.6265
1999-12-24,1.0142,104.29,0.6267
1999-12-27,1.0134,103.75,0.6267
1999-12-28,1.0089,103.13,0.6249
1999-12-29,1.0072,103.02,0.6226
1999-12-30,1.0046,102.73,0.6217
2000-01-03,1.009,102.75,0.6246
2000-01-04,1.0305,105.88,0.6296
2000-01-05,1.0368,107.34,0.6324
2000-01-06,1.0388,108.72,0.6302
2000-01-07,1.0284,108.09,0.6262
2000-01-10,1.0229,107.26,0.6249
2000-01-11,1.0256,108.85,0.6251
2000-01-12,1.0308,109.1,0.6253
2000-01-13,1.0276,108.89,0.6255
2000-01-14,1.0225,108.05,0.6221
2000-01-17,1.0094,105.81,0.618
2000-01-18,1.0093,106.42,0.6174
2000-01-19,1.0105,106.99,0.6172
2000-01-20,1.0089,106.44,0.6127
2000-01-21,1.0097,105.53,0.6113
2000-01-24,1.0027,105.54,0.6062
2000-01-25,1.0008,105.69,0.6083
2000-01-26,1.0019,106.04,0.6094
2000-01-27,0.9976,105.43,0.6089
2000-01-28,0.9848,103.74,0.6051
2000-01-31,0.9791,104.62,0.6047
2000-02-01,0.971,104.62,0.602
2000-02-02,0.9717,105.51,0.6051
2000-02-03,0.9748,105.78,0.6086
2000-02-04,0.9835,105.99,0.6195
2000-02-07,0.9767,106.02,0.6134
2000-02-08,0.9903,107.91,0.6182
2000-02-09,0.9934,108.16,0.6169
2000-02-10,0.9868,107.11,0.6126
2000-02-11,0.9801,107.42,0.6136
2000-02-14,0.9867,106.85,0.6201
2000-02-15,0.9778,106.46,0.6159
2000-02-16,0.9804,106.97,0.6129
2000-02-17,0.9919,109.3,0.6158
2000-02-18,0.9857,109.27,0.6144
2000-02-21,0.9857,109.73,0.6161
2000-02-22,1.0022,111.11,0.6226
2000-02-23,1.0068,111.88,0.6252
2000-02-24,0.9898,109.55,0.6188
2000-02-25,0.9813,108.79,0.6155
2000-02-28,0.9639,105.22,0.6072
2000-02-29,0.9714,106.81,0.6134
2000-03-01,0.9667,104.65,0.6123
2000-03-02,0.9725,104.38,0.614
2000-03-03,0.9659,104.17,0.6117
2000-03-06,0.964,103.47,0.6111
2000-03-07,0.9593,103,0.6096
2000-03-08,0.9543,102.24,0.6043
2000-03-09,0.9616,102.44,0.6086
2000-03-10,0.9613,102.27,0.6095
2000-03-13,0.9716,102.23,0.6146
2000-03-14,0.962,100.93,0.6123
2000-03-15,0.9647,101.74,0.614
2000-03-16,0.9663,101.73,0.6155
2000-03-17,0.9672,102.31,0.6146
2000-03-20,0.9715,103.71,0.6201
2000-03-21,0.9701,103.46,0.6176
2000-03-22,0.9603,102.88,0.6125
2000-03-23,0.9656,103.88,0.6104
2000-03-24,0.9715,104.09,0.6115
2000-03-27,0.9712,103.77,0.6087
2000-03-28,0.9647,102.59,0.6088
2000-03-29,0.9568,100.77,0.6032
2000-03-30,0.9555,100.35,0.601
2000-03-31,0.9553,98.53,0.5985
2000-04-03,0.9564,100.27,0.6
2000-04-04,0.9538,100.74,0.5971
2000-04-05,0.9673,101.71,0.6088
2000-04-06,0.9625,101.04,0.6075
2000-04-07,0.9564,100.71,0.6047
2000-04-10,0.959,101.92,0.6064
2000-04-11,0.9594,102.61,0.6055
2000-04-12,0.9576,101.11,0.6038
2000-04-13,0.9537,101.09,0.5999
2000-04-14,0.954,100.86,0.6016
2000-04-17,0.9573,99.4,0.6026
2000-04-18,0.9497,98.97,0.6003
2000-04-19,0.9461,98.79,0.5983
2000-04-20,0.9376,98.37,0.5934
2000-04-25,0.9302,98.15,0.5896
2000-04-26,0.9193,97.85,0.5827
2000-04-27,0.9163,97.57,0.5827
2000-04-28,0.9085,97.48,0.5794
2000-05-02,0.9116,99.15,0.5827
2000-05-03,0.8913,97.46,0.5711
2000-05-04,0.8947,97.35,0.5818
2000-05-05,0.8984,97.21,0.5838
2000-05-08,0.8952,97.17,0.5851
2000-05-09,0.8978,98.25,0.5847
2000-05-10,0.9107,99.13,0.5976
2000-05-11,0.9079,98.53,0.6051
2000-05-12,0.9029,98.01,0.596
2000-05-15,0.9147,100.07,0.6045
2000-05-16,0.9065,98.89,0.6045
2000-05-17,0.8922,97.98,0.5987
2000-05-18,0.8942,97.6,0.6039
2000-05-19,0.8875,95.69,0.5988
2000-05-22,0.9,96.57,0.605
2000-05-23,0.9111,97.3,0.6151
2000-05-24,0.9098,97.58,0.6165
2000-05-25,0.8981,96.81,0.61
2000-05-26,0.9143,98.22,0.6209
2000-05-29,0.9262,99.32,0.6223
2000-05-30,0.9359,99.8,0.6226
2000-05-31,0.9303,99.9,0.6225
2000-06-01,0.933,101.41,0.624
2000-06-02,0.9355,101.62,0.6251
2000-06-05,0.9433,101.51,0.623
2000-06-06,0.9485,101.24,0.6264
2000-06-07,0.9554,101,0.6276
2000-06-08,0.9668,102.12,0.6359
2000-06-09,0.949,101.42,0.631
2000-06-12,0.9527,101.55,0.6303
2000-06-13,0.9583,102.05,0.633
2000-06-14,0.9636,102.52,0.6402
2000-06-15,0.9524,100.92,0.6316
2000-06-16,0.9565,101.65,0.6329
2000-06-19,0.964,101.86,0.6373
2000-06-20,0.9538,100.62,0.6326
2000-06-21,0.947,99.76,0.6307
2000-06-22,0.9405,99.1,0.6244
2000-06-23,0.9413,98.12,0.625
2000-06-26,0.9327,98.38,0.6215
2000-06-27,0.9401,99.16,0.6281
2000-06-28,0.9415,99.56,0.6253
2000-06-29,0.9504,99.56,0.6257
2000-06-30,0.9556,100.57,0.6323
2000-07-03,0.9493,100.58,0.6281
2000-07-04,0.9487,100.78,0.6271
2000-07-05,0.9537,101.73,0.6313
2000-07-06,0.9542,102.44,0.631
2000-07-07,0.9483,101.86,0.6278
2000-07-10,0.9523,101.82,0.628
2000-07-11,0.9527,101.77,0.63
2000-07-12,0.9499,102.29,0.627
2000-07-13,0.9349,100.12,0.6224
2000-07-14,0.9344,100.82,0.6227
2000-07-17,0.9352,101.65,0.627
2000-07-18,0.9353,100.93,0.6241
2000-07-19,0.9216,99.6,0.6156
2000-07-20,0.922,99.74,0.6165
2000-07-21,0.9363,101.53,0.6185
2000-07-24,0.9332,101.64,0.6151
2000-07-25,0.941,102.78,0.6201
2000-07-26,0.939,102.43,0.6189
2000-07-27,0.9389,102.26,0.6198
2000-07-28,0.9276,101.29,0.615
2000-07-31,0.9243,101.04,0.6179
2000-08-01,0.9264,101.56,0.6172
2000-08-02,0.9142,99.8,0.6143
2000-08-03,0.9028,97.85,0.607
2000-08-04,0.9031,98.02,0.6008
2000-08-07,0.9084,98.85,0.6032
2000-08-08,0.9047,98.2,0.5996
2000-08-09,0.8973,96.81,0.5978
2000-08-10,0.9031,97.93,0.6018
2000-08-11,0.9132,99.31,0.6061
2000-08-14,0.9011,98.58,0.5984
2000-08-15,0.9118,99.78,0.6059
2000-08-16,0.9072,98.45,0.6052
2000-08-17,0.914,99.12,0.6096
2000-08-18,0.9127,99.42,0.6099
2000-08-21,0.9023,97.63,0.6051
2000-08-22,0.8972,97.27,0.6038
2000-08-23,0.8918,95.7,0.6027
2000-08-24,0.9012,96.64,0.6087
2000-08-25,0.9021,96.61,0.6122
2000-08-28,0.9007,95.88,0.612
2000-08-29,0.8965,95.44,0.6139
2000-08-30,0.8909,94.8,0.6148
2000-08-31,0.8906,94.77,0.6132
2000-09-01,0.8902,94.77,0.6135
2000-09-04,0.9,95.12,0.6154
2000-09-05,0.8886,94.18,0.6124
2000-09-06,0.8818,93.27,0.6087
2000-09-07,0.8676,91.21,0.6047
2000-09-08,0.8735,92.25,0.6124
2000-09-11,0.8609,91.35,0.6078
2000-09-12,0.8614,91.55,0.6145
2000-09-13,0.8654,92.83,0.6142
2000-09-14,0.8693,93.15,0.6133
2000-09-15,0.8615,92.64,0.6125
2000-09-18,0.8526,91.1,0.6096
2000-09-19,0.8541,91.31,0.6084
2000-09-20,0.8476,90.3,0.5989
2000-09-21,0.8524,90.72,0.6004
2000-09-22,0.889,95.75,0.6063
2000-09-25,0.877,94.37,0.6028
2000-09-26,0.8757,93.95,0.6028
2000-09-27,0.8861,95.49,0.6045
2000-09-28,0.8832,94.98,0.6025
2000-09-29,0.8765,94.94,0.5967
2000-10-02,0.8802,95.49,0.5991
2000-10-03,0.8763,95.14,0.6006
2000-10-04,0.873,95.31,0.6003
2000-10-05,0.8786,95.95,0.6027
2000-10-06,0.8703,94.82,0.6014
2000-10-09,0.8695,94.75,0.6006
2000-10-10,0.8721,94.2,0.5992
2000-10-11,0.872,94.17,0.5968
2000-10-12,0.8648,93,0.5921
2000-10-13,0.8627,93,0.5868
2000-10-16,0.8511,92.09,0.5884
2000-10-17,0.8496,91.73,0.5908
2000-10-18,0.8525,92.27,0.5873
2000-10-19,0.8411,90.93,0.5826
2000-10-20,0.8452,92.06,0.5832
2000-10-23,0.8377,91,0.576
2000-10-24,0.8386,90.76,0.577
2000-10-25,0.8307,89.8,0.5771
2000-10-26,0.8252,89.3,0.5807
2000-10-27,0.8324,90.53,0.5804
2000-10-30,0.8482,92.21,0.5812
2000-10-31,0.8417,91.88,0.5809
2000-11-01,0.8554,92.83,0.5912
2000-11-02,0.8646,93.63,0.5956
2000-11-03,0.873,93.63,0.6013
2000-11-06,0.8667,92.86,0.5995
2000-11-07,0.8587,92.13,0.601
2000-11-08,0.8559,92.22,0.6006
2000-11-09,0.8531,91.55,0.6017
2000-11-10,0.8673,93.42,0.6059
2000-11-13,0.862,92.82,0.6016
2000-11-14,0.8583,92.6,0.5995
2000-11-15,0.8596,93.22,0.6031
2000-11-16,0.8569,93.29,0.6018
2000-11-17,0.8535,92.95,0.5999
2000-11-20,0.8488,92.7,0.5955
2000-11-21,0.8474,93.28,0.5968
2000-11-22,0.8429,92.46,0.5959
2000-11-23,0.8427,92.9,0.6
2000-11-24,0.8436,93.78,0.5994
2000-11-27,0.8406,93.44,0.5966
2000-11-28,0.8561,94.54,0.6019
2000-11-29,0.865,95.01,0.6069
2000-11-30,0.8684,96.44,0.6128
2000-12-01,0.8735,97.75,0.6095
2000-12-04,0.8908,98.6,0.6137
2000-12-05,0.881,97.52,0.6101
2000-12-06,0.8828,97.76,0.6152
2000-12-07,0.8943,98.9,0.6192
2000-12-08,0.8895,98.75,0.6128
2000-12-11,0.8804,97.53,0.6049
2000-12-12,0.8782,97.89,0.6064
2000-12-13,0.8748,98.4,0.604
2000-12-14,0.8839,99.55,0.603
2000-12-15,0.8984,100.93,0.6088
2000-12-18,0.8966,100.54,0.6074
2000-12-19,0.8903,99.96,0.6072
2000-12-20,0.9059,102.05,0.6173
2000-12-21,0.9146,102.37,0.618
2000-12-22,0.924,103.78,0.6242
2000-12-27,0.931,106.08,0.6254
2000-12-28,0.9285,106.4,0.6238
2000-12-29,0.9305,106.92,0.6241
2001-01-02,0.9423,108.26,0.6315
2001-01-03,0.953,108.88,0.6325
2001-01-04,0.9458,108.25,0.6326
2001-01-05,0.9545,111.22,0.6349
2001-01-08,0.9497,110.55,0.6328
2001-01-09,0.9401,108.78,0.6314
2001-01-10,0.9412,109.33,0.6308
2001-01-11,0.9523,111.75,0.635
2001-01-12,0.9545,112.35,0.6408
2001-01-15,0.9428,111.92,0.6388
2001-01-16,0.9412,111.27,0.6407
2001-01-17,0.9396,110.6,0.6366
2001-01-18,0.9404,111.28,0.6385
2001-01-19,0.94,110.66,0.638
2001-01-22,0.929,108.28,0.639
2001-01-23,0.9407,110.22,0.6388
2001-01-24,0.9294,109.79,0.6341
2001-01-25,0.9146,107.15,0.6304
2001-01-26,0.9228,107.69,0.6315
2001-01-29,0.9193,107.15,0.6304
2001-01-30,0.9197,107.38,0.6298
2001-01-31,0.9293,107.87,0.6367
2001-02-01,0.9406,108.7,0.6371
2001-02-02,0.9407,108.43,0.6364
2001-02-05,0.9425,108.78,0.6387
2001-02-06,0.9322,107.05,0.6366
2001-02-07,0.9325,108.36,0.6384
2001-02-08,0.922,106.97,0.6355
2001-02-09,0.9227,108.3,0.6382
2001-02-12,0.9288,109.22,0.6398
2001-02-13,0.9275,108.59,0.6376
2001-02-14,0.9178,106.61,0.6306
2001-02-15,0.909,105.51,0.6279
2001-02-16,0.9113,104.88,0.6284
2001-02-19,0.9213,106.71,0.6344
2001-02-20,0.907,104.86,0.6314
2001-02-21,0.9146,106.69,0.6335
2001-02-22,0.9056,105.33,0.627
2001-02-23,0.9064,105.7,0.6265
2001-02-26,0.9105,106.07,0.6283
2001-02-27,0.9163,106.41,0.6349
2001-02-28,0.9248,108.45,0.6387
2001-03-01,0.9269,108.72,0.6392
2001-03-02,0.9363,111.55,0.6356
2001-03-05,0.9305,111.14,0.633
2001-03-06,0.9279,109.89,0.6323
2001-03-07,0.9307,111.38,0.6358
2001-03-08,0.9312,111.38,0.6344
2001-03-09,0.9357,111.71,0.6374
2001-03-12,0.9272,111.44,0.6336
2001-03-13,0.9202,110.27,0.6341
2001-03-14,0.9182,110.06,0.6304
2001-03-15,0.9064,110.53,0.6285
2001-03-16,0.8947,109.85,0.6251
2001-03-19,0.8996,109.83,0.6292
2001-03-20,0.902,110.64,0.6313
2001-03-21,0.899,111.25,0.6293
2001-03-22,0.8889,110.25,0.6257
2001-03-23,0.8922,109.69,0.6258
2001-03-26,0.8935,110.08,0.6231
2001-03-27,0.8952,110.16,0.624
2001-03-28,0.886,107.81,0.6194
2001-03-29,0.884,108.96,0.6148
2001-03-30,0.8832,110.74,0.6192
2001-04-02,0.8772,110.83,0.618
2001-04-03,0.8845,111.36,0.6212
2001-04-04,0.9032,113.52,0.6289
2001-04-05,0.902,112.04,0.6282
2001-04-06,0.894,111.38,0.6265
2001-04-09,0.9018,112.8,0.6243
2001-04-10,0.8945,111.34,0.6199
2001-04-11,0.884,109.8,0.6179
2001-04-12,0.8849,109,0.6173
2001-04-17,0.8791,108.75,0.6131
2001-04-18,0.8778,107.82,0.6156
2001-04-19,0.8827,107.49,0.6172
2001-04-20,0.8989,110.18,0.6235
2001-04-23,0.9002,109.71,0.6246
2001-04-24,0.8973,109.14,0.6236
2001-04-25,0.8947,109.55,0.6227
2001-04-26,0.9013,110.36,0.6246
2001-04-27,0.9023,112.01,0.6254
2001-04-30,0.8876,109.67,0.6195
2001-05-02,0.8907,108.81,0.6225
2001-05-03,0.8903,108.24,0.6222
2001-05-04,0.8939,108.19,0.6226
2001-05-07,0.8919,108.2,0.62
2001-05-08,0.8866,108.21,0.6185
2001-05-09,0.8827,107.5,0.6213
2001-05-10,0.885,108.17,0.6223
2001-05-11,0.8773,107.35,0.6181
2001-05-14,0.8745,107.62,0.6172
2001-05-15,0.8768,108.35,0.6185
2001-05-16,0.8834,109.26,0.6193
2001-05-17,0.8815,108.58,0.6165
2001-05-18,0.8777,108.35,0.6137
2001-05-21,0.8754,107.79,0.609
2001-05-22,0.8685,106.96,0.6069
2001-05-23,0.8585,104.01,0.6037
2001-05-24,0.8604,103.15,0.6077
2001-05-25,0.8591,103.54,0.6045
2001-05-28,0.8584,103.98,0.6048
2001-05-29,0.8552,102.88,0.6032
2001-05-30,0.8558,102.77,0.6024
2001-05-31,0.848,101,0.5973
2001-06-01,0.8478,100.62,0.5978
2001-06-04,0.8513,101.9,0.6004
2001-06-05,0.8465,101.44,0.5998
2001-06-06,0.8543,103.13,0.6087
2001-06-07,0.8466,101.7,0.6124
2001-06-08,0.8468,102.14,0.6128
2001-06-11,0.8494,103.39,0.6136
2001-06-12,0.8474,103.16,0.6152
2001-06-13,0.8542,104.28,0.6203
2001-06-14,0.8492,103.52,0.6114
2001-06-15,0.8662,104.74,0.615
2001-06-18,0.8581,105.71,0.6124
2001-06-19,0.8563,105.43,0.6132
2001-06-20,0.8513,105,0.611
2001-06-21,0.8552,106.12,0.6064
2001-06-22,0.8528,105.98,0.6037
2001-06-25,0.8607,106.71,0.6082
2001-06-26,0.8611,106.71,0.609
2001-06-27,0.8622,107.05,0.6091
2001-06-28,0.8511,106.15,0.6035
2001-06-29,0.848,105.37,0.6031
2001-07-02,0.8455,105.16,0.598
2001-07-03,0.8497,105.43,0.6019
2001-07-04,0.8453,105.16,0.6026
2001-07-05,0.8422,105.74,0.599
2001-07-06,0.8384,105.65,0.5996
2001-07-09,0.8459,106.19,0.6014
2001-07-10,0.8545,107.28,0.6052
2001-07-11,0.8611,107.21,0.6078
2001-07-12,0.8538,106.16,0.6071
2001-07-13,0.8539,106.12,0.6091
2001-07-16,0.8583,107.45,0.6126
2001-07-17,0.8516,106.65,0.6088
2001-07-18,0.863,107.8,0.6127
2001-07-19,0.8723,107.7,0.615
2001-07-20,0.8776,108.36,0.6118
2001-07-23,0.8676,107.62,0.6097
2001-07-24,0.8708,108.07,0.6139
2001-07-25,0.8793,108.9,0.6157
2001-07-26,0.8764,108.58,0.6146
2001-07-27,0.8768,108.65,0.6141
2001-07-30,0.8751,109.45,0.6136
2001-07-31,0.8755,109.3,0.6143
2001-08-01,0.8817,109.85,0.6156
2001-08-02,0.8788,109.02,0.6145
2001-08-03,0.8806,109.05,0.6164
2001-08-06,0.8805,109.08,0.619
2001-08-07,0.8768,108.74,0.6195
2001-08-08,0.8763,107.94,0.6187
2001-08-09,0.8853,109.16,0.6234
2001-08-10,0.8936,109.31,0.6269
2001-08-13,0.8991,109.33,0.6312
2001-08-14,0.8968,110.04,0.6312
2001-08-15,0.9114,109.62,0.6344
2001-08-16,0.9144,109.66,0.6328
2001-08-17,0.9138,110.34,0.6327
2001-08-20,0.9149,110.18,0.633
2001-08-21,0.9128,109.4,0.6304
2001-08-22,0.9216,110.39,0.6326
2001-08-23,0.9112,109.65,0.6306
2001-08-24,0.9108,109.56,0.6317
2001-08-27,0.909,109.18,0.6307
2001-08-28,0.9042,108.75,0.6281
2001-08-29,0.9122,108.94,0.6269
2001-08-30,0.9095,108.95,0.6257
2001-08-31,0.9158,108.65,0.6285
2001-09-03,0.9072,107.92,0.6235
2001-09-04,0.897,107.1,0.6197
2001-09-05,0.8891,106.93,0.6148
2001-09-06,0.8855,107.36,0.6109
2001-09-07,0.8952,108.32,0.6161
2001-09-10,0.9047,109.05,0.6172
2001-09-11,0.8964,109.3,0.6156
2001-09-12,0.9052,108.15,0.6176
2001-09-13,0.906,107.88,0.6169
2001-09-14,0.9219,108.33,0.6247
2001-09-17,0.9269,108.61,0.6304
2001-09-18,0.9256,108.5,0.6304
2001-09-19,0.9258,108.84,0.6323
2001-09-20,0.9259,108.15,0.632
2001-09-21,0.92,107.18,0.6301
2001-09-24,0.9164,107.47,0.6266
2001-09-25,0.9176,107.53,0.6275
2001-09-26,0.9219,108.62,0.6255
2001-09-27,0.9205,109.75,0.6244
2001-09-28,0.9131,109.02,0.622
2001-10-01,0.9125,109.2,0.6174
2001-10-02,0.9189,110.73,0.6208
2001-10-03,0.9209,111.54,0.6245
2001-10-04,0.9117,109.95,0.6192
2001-10-05,0.9174,110.31,0.6204
2001-10-08,0.9214,110.35,0.6251
2001-10-09,0.9193,110.61,0.6257
2001-10-10,0.9136,109.63,0.6286
2001-10-11,0.9062,109.55,0.6252
2001-10-12,0.904,109.65,0.6248
2001-10-15,0.9097,109.8,0.6273
2001-10-16,0.9052,110.05,0.6262
2001-10-17,0.9022,109.75,0.6241
2001-10-18,0.9026,109.23,0.6249
2001-10-19,0.9009,109.1,0.6249
2001-10-22,0.8969,109.18,0.627
2001-10-23,0.8887,109.03,0.6258
2001-10-24,0.8917,109.48,0.6257
2001-10-25,0.8889,109.56,0.624
2001-10-26,0.8911,109.25,0.6234
2001-10-29,0.9005,109.94,0.621
2001-10-30,0.9064,110.42,0.6232
2001-10-31,0.9042,110.37,0.6213
2001-11-01,0.9097,110.72,0.6206
2001-11-02,0.9056,110.05,0.6183
2001-11-05,0.8961,109.3,0.6162
2001-11-06,0.8961,108.46,0.6152
2001-11-07,0.9014,108.98,0.6155
2001-11-08,0.8972,108.25,0.6128
2001-11-09,0.893,107.47,0.6144
2001-11-12,0.8919,107.66,0.61355
2001-11-13,0.8842,107.14,0.6125
2001-11-14,0.8803,107.2,0.6126
2001-11-15,0.8825,107.91,0.6149
2001-11-16,0.8845,108.46,0.6175
2001-11-19,0.8793,108.48,0.6186
2001-11-20,0.8824,108.47,0.6227
2001-11-21,0.8791,108.02,0.6194
2001-11-22,0.8778,108.66,0.6211
2001-11-23,0.8795,109.1,0.6219
2001-11-26,0.8818,109.33,0.622
2001-11-27,0.8788,108.99,0.6236
2001-11-28,0.8831,108.94,0.6235
2001-11-29,0.8887,109.23,0.6236
2001-11-30,0.8898,110.06,0.6238
2001-12-03,0.8925,110.21,0.6275
2001-12-04,0.8902,110.5,0.6259
2001-12-05,0.8919,110.84,0.627
2001-12-06,0.8889,110.72,0.62555
2001-12-07,0.8911,111.5,0.6241
2001-12-10,0.885,111.82,0.6198
2001-12-11,0.8908,112.3,0.621
2001-12-12,0.8938,112.6,0.6207
2001-12-13,0.8975,113.29,0.6209
2001-12-14,0.9016,115.05,0.6217
2001-12-17,0.9049,115.68,0.6213
2001-12-18,0.9012,115.26,0.6189
2001-12-19,0.8983,114.68,0.6197
2001-12-20,0.8973,115.05,0.6203
2001-12-21,0.8943,115.88,0.6176
2001-12-24,0.8798,114.23,0.6127
2001-12-27,0.8823,115.9,0.609
2001-12-28,0.8813,115.33,0.6085
2002-01-02,0.9038,119.53,0.6262
2002-01-03,0.9036,119.02,0.6254
2002-01-04,0.8954,117.18,0.6217
2002-01-07,0.8905,116.72,0.6194
2002-01-08,0.8909,118.22,0.6182
2002-01-09,0.8921,118.05,0.61875
2002-01-10,0.8909,117.96,0.6172
2002-01-11,0.8919,117.82,0.6179
2002-01-14,0.8927,117.64,0.6157
2002-01-15,0.8922,116.97,0.6165
2002-01-16,0.8817,115.83,0.6135
2002-01-17,0.8819,116.47,0.6144
2002-01-18,0.881,117.08,0.6141
2002-01-21,0.884,117.24,0.6156
2002-01-22,0.883,118.53,0.6184
2002-01-23,0.8856,118.72,0.6203
2002-01-24,0.8767,117.95,0.6169
2002-01-25,0.8663,116.35,0.6126
2002-01-28,0.8578,114.91,0.6096
2002-01-29,0.8624,114.94,0.6106
2002-01-30,0.8642,114.69,0.611
2002-01-31,0.8637,114.73,0.6111
2002-02-01,0.8632,115.66,0.61
2002-02-04,0.8644,115.22,0.6097
2002-02-05,0.8683,115.68,0.6115
2002-02-06,0.8664,115.55,0.6122
2002-02-07,0.8664,115.74,0.6149
2002-02-08,0.874,117.46,0.6183
2002-02-11,0.8794,117.76,0.6176
2002-02-12,0.8753,116.95,0.6136
2002-02-13,0.8731,115.65,0.6102
2002-02-14,0.8693,114.91,0.6093
2002-02-15,0.8705,115.61,0.6095
2002-02-18,0.8715,115.68,0.6098
2002-02-19,0.8692,116.3,0.6101
2002-02-20,0.8743,116.9,0.6114
2002-02-21,0.8701,116.79,0.6105
2002-02-22,0.8747,117.07,0.6117
2002-02-25,0.8724,116.66,0.6114
2002-02-26,0.8682,116.38,0.6092
2002-02-27,0.8649,116.6,0.61
2002-02-28,0.8651,116.07,0.61115
2002-03-01,0.8679,115.69,0.6103
2002-03-04,0.8649,114.4,0.6097
2002-03-05,0.8682,114.46,0.6109
2002-03-06,0.8712,114.86,0.6125
2002-03-07,0.8764,112.96,0.6165
2002-03-08,0.8797,112.5,0.6162
2002-03-11,0.8741,112.52,0.6153
2002-03-12,0.8733,112.4,0.6177
2002-03-13,0.8734,113.02,0.6192
2002-03-14,0.8803,113.25,0.6209
2002-03-15,0.8853,114.12,0.6213
2002-03-18,0.8792,115.31,0.6174
2002-03-19,0.8829,115.97,0.6181
2002-03-20,0.8814,115.72,0.6196
2002-03-21,0.8817,116.56,0.618
2002-03-22,0.8795,116.76,0.6169
2002-03-25,0.8759,116.66,0.6135
2002-03-26,0.8737,116.32,0.6138
2002-03-27,0.8746,115.92,0.6139
2002-03-28,0.8724,115.51,0.613
2002-04-02,0.8786,117.2,0.6109
2002-04-03,0.8803,116.87,0.6121
2002-04-04,0.8818,116.68,0.6139
2002-04-05,0.8786,115.98,0.6125
2002-04-08,0.8778,115.61,0.6118
2002-04-09,0.8763,115.29,0.6123
2002-04-10,0.8798,114.74,0.6123
2002-04-11,0.8794,115.8,0.6127
2002-04-12,0.8803,116.28,0.6125
2002-04-15,0.8802,115.79,0.6124
2002-04-16,0.8803,115.73,0.6126
2002-04-17,0.888,115.97,0.6148
2002-04-18,0.8895,116.09,0.6154
2002-04-19,0.8886,115.92,0.6144
2002-04-22,0.8882,115.36,0.6138
2002-04-23,0.8872,115.42,0.6132
2002-04-24,0.8892,115.43,0.615
2002-04-25,0.8969,115.27,0.6178
2002-04-26,0.8971,115.22,0.6177
2002-04-29,0.9038,115.69,0.6186
2002-04-30,0.9008,115.66,0.6188
2002-05-02,0.9032,115.51,0.6179
2002-05-03,0.9083,115.55,0.6192
2002-05-06,0.9144,116.34,0.623
2002-05-07,0.9125,116.97,0.623
2002-05-08,0.9088,116.86,0.6227
2002-05-09,0.9061,116.6,0.6221
2002-05-10,0.9118,116.6,0.6239
2002-05-13,0.9118,116.42,0.6244
2002-05-14,0.9062,116.17,0.624
2002-05-15,0.903,115.83,0.6228
2002-05-16,0.9124,116.3,0.6253
2002-05-17,0.9152,115.65,0.6279
2002-05-20,0.9202,115.59,0.6302
2002-05-21,0.9213,115.02,0.6321
2002-05-22,0.926,115.15,0.634
2002-05-23,0.9213,115.28,0.6323
2002-05-24,0.9188,114.94,0.6327
2002-05-27,0.919,114.83,0.6318
2002-05-28,0.9255,115.31,0.6344
2002-05-29,0.932,115.87,0.6373
2002-05-30,0.9375,115.76,0.6395
2002-05-31,0.9387,116.39,0.6405
2002-06-03,0.9313,115.67,0.6402
2002-06-04,0.9435,116.44,0.645
2002-06-05,0.9371,116.55,0.643
2002-06-06,0.9386,117.13,0.6438
2002-06-07,0.9452,117.56,0.6465
2002-06-10,0.9459,117.93,0.6473
2002-06-11,0.9417,118.14,0.643
2002-06-12,0.9452,118.73,0.6431
2002-06-13,0.9417,118.24,0.6404
2002-06-14,0.9478,117.75,0.642
2002-06-17,0.9426,117.1,0.6386
2002-06-18,0.9484,118.13,0.6393
2002-06-19,0.9561,118.37,0.6408
2002-06-20,0.9592,118.68,0.6422
2002-06-21,0.9636,117.92,0.6444
2002-06-24,0.9781,118.62,0.6501
2002-06-25,0.9712,118.2,0.6464
2002-06-26,0.9917,118.54,0.6491
2002-06-27,0.9824,118.07,0.646
2002-06-28,0.9975,118.2,0.6498
2002-07-01,0.9913,118.72,0.6469
2002-07-02,0.9838,118.51,0.6432
2002-07-03,0.978,117.44,0.6421
2002-07-04,0.979,117.46,0.6414
2002-07-05,0.9725,116.98,0.6412
2002-07-08,0.9828,116.8,0.6422
2002-07-09,0.993,117.32,0.6425
2002-07-10,0.9898,116.7,0.6396
2002-07-11,0.9836,115.43,0.6379
2002-07-12,0.9873,115.62,0.6382
2002-07-15,1.0024,116.22,0.6413
2002-07-16,1.0127,117.18,0.6438
2002-07-17,1.0064,117.39,0.6432
2002-07-18,1.0058,117.7,0.6428
2002-07-19,1.0146,117.74,0.643
2002-07-22,1.0086,117.33,0.6411
2002-07-23,0.991,116.37,0.6329
2002-07-24,0.9915,115.72,0.6331
2002-07-25,1.0014,116.8,0.636
2002-07-26,1.0008,117.55,0.6337
2002-07-29,0.9821,117.42,0.6285
2002-07-30,0.9835,117.64,0.6294
2002-07-31,0.9783,117.42,0.6261
2002-08-01,0.976,116.94,0.6274
2002-08-02,0.9873,117.62,0.6295
2002-08-05,0.9836,117.1,0.6297
2002-08-06,0.9689,117.12,0.6279
2002-08-07,0.9698,116.89,0.6311
2002-08-08,0.9687,116.92,0.6335
2002-08-09,0.9729,117.17,0.6355
2002-08-12,0.978,116.53,0.6386
2002-08-13,0.9799,116.54,0.6391
2002-08-14,0.9857,114.9,0.6394
2002-08-15,0.9777,114.82,0.6381
2002-08-16,0.9825,115.37,0.6403
2002-08-19,0.9799,116.15,0.638
2002-08-20,0.9792,116.3,0.6416
2002-08-21,0.9762,115.81,0.6406
2002-08-22,0.977,116.24,0.6395
2002-08-23,0.9697,116.3,0.6384
2002-08-26,0.9701,116.13,0.6382
2002-08-27,0.9774,115.46,0.64
2002-08-28,0.9826,116.02,0.6394
2002-08-29,0.9843,116.04,0.6383
2002-08-30,0.9833,116.35,0.6352
2002-09-02,0.9821,116.08,0.6343
2002-09-03,0.991,116.23,0.6363
2002-09-04,0.9947,117.05,0.6354
2002-09-05,0.9975,117.34,0.6354
2002-09-06,0.9918,117.32,0.63255
2002-09-09,0.9794,116.79,0.6287
2002-09-10,0.976,116.44,0.6281
2002-09-11,0.9749,116.93,0.6264
2002-09-12,0.9757,117.17,0.6274
2002-09-13,0.981,117.94,0.6286
2002-09-16,0.9683,118.3,0.628
2002-09-17,0.9649,118.64,0.6297
2002-09-18,0.9725,118.5,0.6316
2002-09-19,0.9814,118.85,0.6314
2002-09-20,0.979,120.66,0.6333
2002-09-23,0.9831,121.04,0.6319
2002-09-24,0.9828,121.02,0.6311
2002-09-25,0.9771,119.99,0.6271
2002-09-26,0.9796,120.22,0.6274
2002-09-27,0.9779,119.81,0.6282
2002-09-30,0.986,119.67,0.6295
2002-10-01,0.9861,120.67,0.6277
2002-10-02,0.9835,120.94,0.6279
2002-10-03,0.989,121.47,0.6296
2002-10-04,0.9865,121.11,0.629
2002-10-07,0.9808,121.84,0.6265
2002-10-08,0.98,121.73,0.6266
2002-10-09,0.9814,121.89,0.6318
2002-10-10,0.9875,122.08,0.6317
2002-10-11,0.9857,122.53,0.6321
2002-10-14,0.9873,122.57,0.6322
2002-10-15,0.981,122.56,0.631
2002-10-16,0.9823,121.86,0.6318
2002-10-17,0.9763,121.34,0.62665
2002-10-18,0.9735,121.83,0.6283
2002-10-21,0.9748,121.53,0.63
2002-10-22,0.9768,122.32,0.6315
2002-10-23,0.9775,121.17,0.6313
2002-10-24,0.9738,121.08,0.6295
2002-10-25,0.9763,121.21,0.6286
2002-10-28,0.9745,121.53,0.6299
2002-10-29,0.982,121.21,0.6307
2002-10-30,0.9825,120.65,0.6317
2002-10-31,0.9864,121.04,0.6326
2002-11-01,0.9974,121.58,0.6368
2002-11-04,0.9944,121.85,0.639
2002-11-05,1.0024,121.95,0.6413
2002-11-06,0.9955,121.84,0.6394
2002-11-07,1.0013,121.98,0.6384
2002-11-08,1.0107,121.95,0.6375
2002-11-11,1.0126,120.9,0.637
2002-11-12,1.0081,120.61,0.6358
2002-11-13,1.0068,120.8,0.6343
2002-11-14,1.0095,120.85,0.6355
2002-11-15,1.0029,121.05,0.6362
2002-11-18,1.0065,121.98,0.6374
2002-11-19,1.0125,122.75,0.6373
2002-11-20,1.0019,122.67,0.6364
2002-11-21,1.0034,122.75,0.6356
2002-11-22,1.0024,122.88,0.6335
2002-11-25,0.9905,121.84,0.6326
2002-11-26,0.991,120.92,0.6345
2002-11-27,0.9927,120.57,0.6413
2002-11-28,0.9934,121.37,0.6395
2002-11-29,0.9927,121.56,0.6395
2002-12-02,0.9871,123.14,0.6382
2002-12-03,0.9967,124.08,0.6374
2002-12-04,1.0018,124.75,0.6367
2002-12-05,0.9991,125.18,0.6364
2002-12-06,1.0006,125.02,0.6377
2002-12-09,1.0093,123.65,0.6393
2002-12-10,1.0111,124.66,0.6416
2002-12-11,1.0067,124.18,0.6406
2002-12-12,1.0156,124.55,0.6437
2002-12-13,1.0221,124.46,0.6445
2002-12-16,1.0212,123.64,0.6426
2002-12-17,1.0307,124.4,0.6445
2002-12-18,1.024,124.35,0.6403
2002-12-19,1.0273,123.87,0.6403
2002-12-20,1.0255,123.79,0.6399
2002-12-23,1.0282,123.35,0.6446
2002-12-24,1.0296,123.78,0.6467
2002-12-27,1.0376,124.45,0.648
2002-12-30,1.0422,124.27,0.65
2002-12-31,1.0487,124.39,0.6505
2003-01-02,1.0446,124.4,0.652
2003-01-03,1.0392,124.56,0.65
2003-01-06,1.0488,124.4,0.6495
2003-01-07,1.0425,124.82,0.6496
2003-01-08,1.0377,124.9,0.6495
2003-01-09,1.0507,125.16,0.653
2003-01-10,1.0503,125.72,0.6534
2003-01-13,1.0549,125.74,0.6568
2003-01-14,1.0577,125.04,0.6583
2003-01-15,1.0526,124.47,0.6592
2003-01-16,1.0564,124.74,0.6585
2003-01-17,1.0652,125.34,0.6582
2003-01-20,1.0653,125.96,0.6635
2003-01-21,1.0653,126.5,0.6626
2003-01-22,1.0718,126.51,0.6645
2003-01-23,1.0757,126.99,0.6638
2003-01-24,1.0784,127.4,0.6606
2003-01-27,1.087,127.92,0.6647
2003-01-28,1.0808,128.08,0.6597
2003-01-29,1.0868,128.49,0.6599
2003-01-30,1.0748,128.23,0.6534
2003-01-31,1.0816,129.17,0.6557
2003-02-03,1.0729,129.27,0.6553
2003-02-04,1.0822,129.95,0.6571
2003-02-05,1.091,130.3,0.6607
2003-02-06,1.0813,129.62,0.6592
2003-02-07,1.0789,129.49,0.6628
2003-02-10,1.0808,130.23,0.6614
2003-02-11,1.0706,130.04,0.6606
2003-02-12,1.0731,129.96,0.6638
2003-02-13,1.0758,130.38,0.6644
2003-02-14,1.0793,130.04,0.6677
2003-02-17,1.0716,128.83,0.6704
2003-02-18,1.0714,127.32,0.6713
2003-02-19,1.0717,127.56,0.6727
2003-02-20,1.0763,127.84,0.67445
2003-02-21,1.0838,128.7,0.679
2003-02-24,1.0721,126.35,0.68
2003-02-25,1.0774,126.22,0.684
2003-02-26,1.0753,126.21,0.6822
2003-02-27,1.0822,126.45,0.6842
2003-02-28,1.0782,127.32,0.6842
2003-03-03,1.08,127.42,0.6853
2003-03-04,1.0919,128.38,0.6899
2003-03-05,1.0966,128.77,0.6876
2003-03-06,1.0963,128.73,0.6831
2003-03-07,1.1039,128.68,0.6867
2003-03-10,1.1042,128.71,0.6905
2003-03-11,1.108,129.34,0.6908
2003-03-12,1.1028,129.21,0.6835
2003-03-13,1.0864,128.6,0.6771
2003-03-14,1.0775,127.7,0.6777
2003-03-17,1.0801,127.16,0.6827
2003-03-18,1.0586,126.06,0.6774
2003-03-19,1.057,126.08,0.6787
2003-03-20,1.0592,127.47,0.677
2003-03-21,1.0572,127.82,0.6757
2003-03-24,1.0634,128.28,0.6763
2003-03-25,1.0691,128.22,0.6784
2003-03-26,1.0667,128.19,0.6779
2003-03-27,1.0723,128.39,0.6811
2003-03-28,1.073,128.89,0.6865
2003-03-31,1.0895,129.18,0.6896
2003-04-01,1.0891,128.8,0.6908
2003-04-02,1.083,128.72,0.6877
2003-04-03,1.0702,127.85,0.6853
2003-04-04,1.072,128.7,0.6844
2003-04-07,1.0582,127.82,0.6828
2003-04-08,1.066,127.9,0.6872
2003-04-09,1.0742,128.86,0.6902
2003-04-10,1.0805,129.18,0.69
2003-04-11,1.0735,129.13,0.6842
2003-04-14,1.0737,129.68,0.6827
2003-04-15,1.0784,129.79,0.6857
2003-04-16,1.0836,130.39,0.6877
2003-04-17,1.092,130.29,0.6917
2003-04-22,1.0971,131.37,0.6961
2003-04-23,1.0944,131.63,0.6935
2003-04-24,1.1008,132.03,0.6915
2003-04-25,1.0973,132.73,0.6914
2003-04-28,1.1025,132.54,0.6914
2003-04-29,1.0956,131.91,0.6891
2003-04-30,1.1131,132.98,0.697
2003-05-02,1.1239,133.4,0.6998
2003-05-05,1.1218,133.46,0.6996
2003-05-06,1.1344,133.92,0.7044
2003-05-07,1.1427,133.62,0.7121
2003-05-08,1.1435,132.78,0.7119
2003-05-09,1.1466,134.76,0.7156
2003-05-12,1.1597,135.05,0.7197
2003-05-13,1.1518,134.41,0.7165
2003-05-14,1.1499,134.25,0.7118
2003-05-15,1.1458,132.85,0.7072
2003-05-16,1.1492,133.53,0.7065
2003-05-19,1.1652,135.93,0.7132
2003-05-20,1.1644,136.36,0.713
2003-05-21,1.1689,136.95,0.7116
2003-05-22,1.172,137.1,0.7163
2003-05-23,1.179,137.87,0.7201
2003-05-26,1.1813,138.53,0.721
2003-05-27,1.1901,138.93,0.7235
2003-05-28,1.1738,138.86,0.7184
2003-05-29,1.1756,139.53,0.7158
2003-05-30,1.1822,140.31,0.7196
2003-06-02,1.1672,138.65,0.7175
2003-06-03,1.1723,139.45,0.7173
2003-06-04,1.1691,138.6,0.7172
2003-06-05,1.1775,139.28,0.7121
2003-06-06,1.1813,139.28,0.7093
2003-06-09,1.1726,138.62,0.7083
2003-06-10,1.1699,138.22,0.7065
2003-06-11,1.1748,138.4,0.7047
2003-06-12,1.1734,138.14,0.70215
2003-06-13,1.1751,138.44,0.7053
2003-06-16,1.1854,139.43,0.7046
2003-06-17,1.1797,139.34,0.702
2003-06-18,1.1699,138.69,0.6965
2003-06-19,1.1655,138.52,0.6965
2003-06-20,1.1655,137.94,0.6966
2003-06-23,1.1539,136.19,0.6947
2003-06-24,1.1565,136.33,0.694
2003-06-25,1.1551,135.68,0.6915
2003-06-26,1.1432,135.78,0.687
2003-06-27,1.1413,136.76,0.6901
2003-06-30,1.1427,137.32,0.6932
2003-07-01,1.1543,138.2,0.69605
2003-07-02,1.1535,137.36,0.6937
2003-07-03,1.1457,135.73,0.6896
2003-07-04,1.1466,135.4,0.68675
2003-07-07,1.136,134.12,0.68855
2003-07-08,1.1326,133.78,0.6907
2003-07-09,1.1355,134.1,0.6958
2003-07-10,1.1342,133.51,0.6981
2003-07-11,1.1315,133.25,0.69185
2003-07-14,1.1299,132.93,0.695
2003-07-15,1.1319,132.81,0.70325
2003-07-16,1.1138,131.93,0.7013
2003-07-17,1.1231,133.29,0.7051
2003-07-18,1.1205,133.49,0.70445
2003-07-21,1.1284,133.84,0.7089
2003-07-22,1.1343,135.18,0.7083
2003-07-23,1.1401,135.67,0.711
2003-07-24,1.1467,136.5,0.7116
2003-07-25,1.1477,136.46,0.711
2003-07-28,1.1489,137.23,0.7068
2003-07-29,1.1462,137.26,0.7062
2003-07-30,1.142,136.97,0.7044
2003-07-31,1.1318,135.72,0.7019
2003-08-01,1.1169,134.63,0.6962
2003-08-04,1.1307,136.28,0.7015
2003-08-05,1.1333,136.49,0.7045
2003-08-06,1.1392,136.95,0.705
2003-08-07,1.1353,136.11,0.70635
2003-08-08,1.1326,134.83,0.70335
2003-08-11,1.1295,133.86,0.70545
2003-08-12,1.1312,134.04,0.7065
2003-08-13,1.1277,134.25,0.7032
2003-08-14,1.127,134.76,0.7012
2003-08-15,1.1247,134,0.70375
2003-08-18,1.1188,133.93,0.7033
2003-08-19,1.1065,132.32,0.6991
2003-08-20,1.1109,131.46,0.6974
2003-08-21,1.1009,129.76,0.6944
2003-08-22,1.0894,128.37,0.6919
2003-08-25,1.0888,127.85,0.6909
2003-08-26,1.0816,127.06,0.6918
2003-08-27,1.0907,128.62,0.6943
2003-08-28,1.0828,127.11,0.69035
2003-08-29,1.0927,127.26,0.6926
2003-09-01,1.0965,127.58,0.6981
2003-09-02,1.0849,126.94,0.6921
2003-09-03,1.0783,125.4,0.69
2003-09-04,1.0818,126.39,0.6887
2003-09-05,1.0923,127.64,0.6919
2003-09-08,1.1071,129.41,0.6985
2003-09-09,1.1135,129.57,0.7025
2003-09-10,1.1172,130.51,0.703
2003-09-11,1.1217,131.33,0.7036
2003-09-12,1.1172,130.79,0.701
2003-09-15,1.1281,132.54,0.7038
2003-09-16,1.1235,130.64,0.7048
2003-09-17,1.1212,130.58,0.7002
2003-09-18,1.129,130.15,0.699
2003-09-19,1.1312,129.92,0.6951
2003-09-22,1.1468,128.36,0.6968
2003-09-23,1.1464,127.93,0.6936
2003-09-24,1.1466,127.81,0.693
2003-09-25,1.1493,128.35,0.69335
2003-09-26,1.1487,128.77,0.69165
2003-09-29,1.1413,127.36,0.6931
2003-09-30,1.1652,128.8,0.6986
2003-10-01,1.1671,129.64,0.7047
2003-10-02,1.1692,129.68,0.7015
2003-10-03,1.1686,129.29,0.7002
2003-10-06,1.1579,128.66,0.6952
2003-10-07,1.1768,129.92,0.70455
2003-10-08,1.1781,129.36,0.7083
2003-10-09,1.1788,128.63,0.7087
2003-10-10,1.1788,127.85,0.70845
2003-10-13,1.1688,126.82,0.70435
2003-10-14,1.1634,127.79,0.702
2003-10-15,1.1669,127.71,0.69905
2003-10-16,1.1615,127.45,0.6947
2003-10-17,1.1579,127.2,0.6936
2003-10-20,1.1629,128.21,0.69385
2003-10-21,1.1623,128.07,0.6958
2003-10-22,1.1694,128.14,0.695
2003-10-23,1.1786,129.32,0.6965
2003-10-24,1.1781,129.02,0.6948
2003-10-27,1.1748,127.37,0.6935
2003-10-28,1.1673,126.69,0.6904
2003-10-29,1.1684,126.21,0.6858
2003-10-30,1.1736,126.97,0.68825
2003-10-31,1.1622,126.72,0.6863
2003-11-03,1.1589,127.71,0.68365
2003-11-04,1.1468,126.47,0.684
2003-11-05,1.1473,125.7,0.68385
2003-11-06,1.1449,125.9,0.683
2003-11-07,1.1424,125.82,0.6871
2003-11-10,1.1483,124.8,0.6866
2003-11-11,1.1497,125.03,0.6896
2003-11-12,1.16,126.42,0.693
2003-11-13,1.168,126.69,0.6938
2003-11-14,1.1765,127.42,0.697
2003-11-17,1.1802,128.56,0.6983
2003-11-18,1.1778,128.17,0.69705
2003-11-19,1.191,129.82,0.7021
2003-11-20,1.1909,129.66,0.6994
2003-11-21,1.1899,129.37,0.6983
2003-11-24,1.1823,128.93,0.69605
2003-11-25,1.1766,129.41,0.69415
2003-11-26,1.1828,129.67,0.6968
2003-11-27,1.1902,129.99,0.6947
2003-11-28,1.1994,131.24,0.6971
2003-12-01,1.2019,131.41,0.6965
2003-12-02,1.1975,130.86,0.69585
2003-12-03,1.2102,131.25,0.6999
2003-12-04,1.2074,130.67,0.70045
2003-12-05,1.2087,130.79,0.7021
2003-12-08,1.2218,131.4,0.7043
2003-12-09,1.2258,131.45,0.70335
2003-12-10,1.2239,132.33,0.7024
2003-12-11,1.2187,131.87,0.698
2003-12-12,1.2254,132.14,0.70125
2003-12-15,1.223,132.09,0.7013
2003-12-16,1.2339,132.74,0.7062
2003-12-17,1.2337,132.76,0.703
2003-12-18,1.2403,133.38,0.70155
2003-12-19,1.2418,133.63,0.7029
2003-12-22,1.2434,133.53,0.7054
2003-12-23,1.2392,133.19,0.7025
2003-12-24,1.2407,133.12,0.70175
2003-12-29,1.2499,133.68,0.704
2003-12-30,1.2496,133.72,0.7036
2003-12-31,1.263,135.05,0.7048
2004-01-02,1.2592,134.72,0.70545
2004-01-05,1.2657,134.53,0.7026
2004-01-06,1.2756,135.46,0.6998
2004-01-07,1.2679,134.63,0.6978
2004-01-08,1.2634,134.11,0.69455
2004-01-09,1.2737,136.18,0.6944
2004-01-12,1.2828,136.57,0.6925
2004-01-13,1.2749,135.64,0.6897
2004-01-14,1.2692,134.7,0.69015
2004-01-15,1.2635,134.09,0.6916
2004-01-16,1.2493,132.47,0.6884
2004-01-19,1.2373,132.43,0.6928
2004-01-20,1.2536,134.43,0.6913
2004-01-21,1.2607,134.86,0.69
2004-01-22,1.271,135.27,0.6888
2004-01-23,1.2692,134.48,0.6891
2004-01-26,1.2575,133.43,0.6888
2004-01-27,1.2517,132.51,0.69085
2004-01-28,1.2563,133.05,0.68685
2004-01-29,1.2468,132.13,0.685
2004-01-30,1.2384,131.06,0.6846
2004-02-02,1.2461,131.57,0.6834
2004-02-03,1.2585,132.82,0.6836
2004-02-04,1.2524,132.04,0.6819
2004-02-05,1.2583,132.73,0.6854
2004-02-06,1.2529,133.54,0.68315
2004-02-09,1.2713,134.43,0.6838
2004-02-10,1.2764,134.51,0.6821
2004-02-11,1.268,133.84,0.6779
2004-02-12,1.2802,135.04,0.6774
2004-02-13,1.2816,135.04,0.6778
2004-02-16,1.2741,134.39,0.6758
2004-02-17,1.2858,135.75,0.6747
2004-02-18,1.2824,135.65,0.6736
2004-02-19,1.2724,135.85,0.6708
2004-02-20,1.2663,136.51,0.6734
2004-02-23,1.2576,136.12,0.6755
2004-02-24,1.2595,136.48,0.6712
2004-02-25,1.2629,137.24,0.6682
2004-02-26,1.2444,136.4,0.6683
2004-02-27,1.2418,135.63,0.67
2004-03-01,1.2484,136.28,0.6683
2004-03-02,1.2402,135.98,0.667
2004-03-03,1.2143,133.81,0.6633
2004-03-04,1.2147,134.43,0.6663
2004-03-05,1.2192,135.5,0.6704
2004-03-08,1.2356,138.6,0.6678
2004-03-09,1.2361,137.7,0.6721
2004-03-10,1.2299,136.36,0.6756
2004-03-11,1.2256,135.58,0.6792
2004-03-12,1.2235,136.15,0.6814
2004-03-15,1.2278,136.02,0.6818
2004-03-16,1.235,135,0.6792
2004-03-17,1.2251,132.75,0.6756
2004-03-18,1.2261,131.22,0.67215
2004-03-19,1.2344,132,0.6735
2004-03-22,1.2353,132.17,0.66945
2004-03-23,1.2276,131.17,0.6664
2004-03-24,1.2196,129.76,0.6653
2004-03-25,1.2132,128.72,0.6725
2004-03-26,1.2173,128.59,0.66985
2004-03-29,1.2118,128.13,0.6674
2004-03-30,1.2187,128.99,0.6681
2004-03-31,1.2224,126.97,0.6659
2004-04-01,1.232,127.82,0.6666
2004-04-02,1.2318,128.36,0.6663
2004-04-05,1.2058,126.34,0.6636
2004-04-06,1.209,128.24,0.6582
2004-04-07,1.2101,127.94,0.6586
2004-04-08,1.2096,128.37,0.6601
2004-04-13,1.1975,126.92,0.6556
2004-04-14,1.1924,128.44,0.6621
2004-04-15,1.1912,129.39,0.668
2004-04-16,1.1932,129.49,0.6684
2004-04-19,1.2044,129.92,0.66635
2004-04-20,1.1926,128.61,0.66425
2004-04-21,1.1836,129.79,0.6682
2004-04-22,1.1873,130.08,0.6714
2004-04-23,1.1885,129.55,0.66985
2004-04-26,1.1851,128.93,0.66365
2004-04-27,1.1887,130.47,0.6638
2004-04-28,1.1907,130.17,0.6665
2004-04-29,1.1826,130.86,0.6713
2004-04-30,1.1947,131.87,0.6737
2004-05-03,1.1953,131.51,0.675
2004-05-04,1.2061,132.53,0.6746
2004-05-05,1.2126,131.93,0.6769
2004-05-06,1.2116,132.64,0.6746
2004-05-07,1.2073,133.54,0.6719
2004-05-10,1.1843,134.43,0.6678
2004-05-11,1.1804,134.32,0.672
2004-05-12,1.1857,134.18,0.6697
2004-05-13,1.1823,135.14,0.6703
2004-05-14,1.1802,135.52,0.6739
2004-05-17,1.2023,136.68,0.6796
2004-05-18,1.1983,136.43,0.6774
2004-05-19,1.1989,135.29,0.6732
2004-05-20,1.1922,134.87,0.6733
2004-05-21,1.2031,134.78,0.6717
2004-05-24,1.1968,134.62,0.6683
2004-05-25,1.2063,136.05,0.6682
2004-05-26,1.2106,135.07,0.6664
2004-05-27,1.2165,135.59,0.6662
2004-05-28,1.2246,135.77,0.6673
2004-05-31,1.2198,133.24,0.66475
2004-06-01,1.2231,134.04,0.6658
2004-06-02,1.2276,135.64,0.665
2004-06-03,1.2226,136.19,0.6655
2004-06-04,1.2203,135.78,0.66385
2004-06-07,1.2319,135.36,0.67025
2004-06-08,1.2294,135.08,0.6684
2004-06-09,1.2157,132.57,0.6646
2004-06-10,1.2052,131.84,0.6614
2004-06-11,1.2006,132.19,0.65935
2004-06-14,1.2001,133.45,0.6637
2004-06-15,1.2051,134.01,0.66445
2004-06-16,1.2058,132.63,0.6594
2004-06-17,1.2045,131.8,0.65605
2004-06-18,1.2042,131.42,0.65595
2004-06-21,1.2112,131.19,0.66115
2004-06-22,1.2091,131.17,0.664
2004-06-23,1.2087,131.6,0.6651
2004-06-24,1.2122,130.32,0.6681
2004-06-25,1.2138,130.84,0.6666
2004-06-28,1.2208,131.59,0.6666
2004-06-29,1.2169,131.83,0.6682
2004-06-30,1.2155,132.4,0.67075
2004-07-01,1.2168,131.64,0.6701
2004-07-02,1.2148,132.64,0.6687
2004-07-05,1.2288,133.98,0.6705
2004-07-06,1.2309,134.38,0.6693
2004-07-07,1.2357,133.96,0.6676
2004-07-08,1.2348,134.58,0.6668
2004-07-09,1.2372,134.24,0.66835
2004-07-12,1.2397,134.12,0.6667
2004-07-13,1.2372,133.97,0.6647
2004-07-14,1.2381,134.8,0.6662
2004-07-15,1.2374,134.98,0.6677
2004-07-16,1.2353,135.37,0.6645
2004-07-19,1.2412,134.26,0.6636
2004-07-20,1.2385,134.31,0.66685
2004-07-21,1.2296,134.08,0.6673
2004-07-22,1.2268,134.26,0.6653
2004-07-23,1.2191,134.06,0.6632
2004-07-26,1.2163,133.22,0.66105
2004-07-27,1.2168,133.62,0.661
2004-07-28,1.2034,134.15,0.66165
2004-07-29,1.2026,135,0.663
2004-07-30,1.2039,134.19,0.66255
2004-08-02,1.2055,134.09,0.66005
2004-08-03,1.2022,133.23,0.6607
2004-08-04,1.1983,133.72,0.6596
2004-08-05,1.2042,134.13,0.6612
2004-08-06,1.2064,134.62,0.6619
2004-08-09,1.2247,135.77,0.66605
2004-08-10,1.2279,136.08,0.6692
2004-08-11,1.2233,135.84,0.669
2004-08-12,1.2256,135.86,0.6695
2004-08-13,1.2219,136.5,0.6701
2004-08-16,1.2337,136.66,0.6702
2004-08-17,1.2338,136.45,0.6713
2004-08-18,1.2331,135.56,0.67485
2004-08-19,1.2359,135.36,0.67655
2004-08-20,1.2293,134.76,0.6743
2004-08-23,1.225,134.19,0.6744
2004-08-24,1.2139,133.02,0.6725
2004-08-25,1.2081,133.19,0.6727
2004-08-26,1.21,133.04,0.6732
2004-08-27,1.2085,132.36,0.6718
2004-08-30,1.2047,132.37,0.6726
2004-08-31,1.2111,133.05,0.6755
2004-09-01,1.2168,133.09,0.67775
2004-09-02,1.2172,133.05,0.6791
2004-09-03,1.2175,132.96,0.6799
2004-09-06,1.2071,132.88,0.6782
2004-09-07,1.2079,132.54,0.68115
2004-09-08,1.2039,132.01,0.6788
2004-09-09,1.2191,133.71,0.6828
2004-09-10,1.2219,134.61,0.6832
2004-09-13,1.2236,134.91,0.6801
2004-09-14,1.2237,134.46,0.68135
2004-09-15,1.2238,134.19,0.6848
2004-09-16,1.2158,133.24,0.6798
2004-09-17,1.2211,134.32,0.6801
2004-09-20,1.2132,133.21,0.6804
2004-09-21,1.2276,134.57,0.68335
2004-09-22,1.2245,135.37,0.68345
2004-09-23,1.2315,136.34,0.68375
2004-09-24,1.2309,136.17,0.68315
2004-09-27,1.2254,136.3,0.6787
2004-09-28,1.2335,137.4,0.6801
2004-09-29,1.2323,136.62,0.6818
2004-09-30,1.2409,137.17,0.6868
2004-10-01,1.2413,136.85,0.69095
2004-10-04,1.2305,136.54,0.68855
2004-10-05,1.2304,136.51,0.6896
2004-10-06,1.2282,136.45,0.6895
2004-10-07,1.2301,136.84,0.69055
2004-10-08,1.2315,136.05,0.6891
2004-10-11,1.2392,135.32,0.6903
2004-10-12,1.2312,135.22,0.6889
2004-10-13,1.2267,134.91,0.68625
2004-10-14,1.2377,135.41,0.6876
2004-10-15,1.2414,135.66,0.68945
2004-10-18,1.2474,136.51,0.69185
2004-10-19,1.2509,135.81,0.6943
2004-10-20,1.259,136.43,0.6963
2004-10-21,1.2606,135.73,0.69005
2004-10-22,1.2606,135.64,0.691
2004-10-25,1.2792,136.3,0.69455
2004-10-26,1.2784,136.51,0.69555
2004-10-27,1.2792,136.37,0.69455
2004-10-28,1.2711,135.2,0.6957
2004-10-29,1.2737,135.13,0.69565
2004-11-01,1.2748,135.53,0.6958
2004-11-02,1.2705,135.17,0.6916
2004-11-03,1.2754,135.86,0.6919
2004-11-04,1.2874,136.64,0.6966
2004-11-05,1.2856,136.51,0.69775
2004-11-08,1.2917,136.56,0.69695
2004-11-09,1.2911,136.57,0.69625
2004-11-10,1.2977,137.44,0.6987
2004-11-11,1.289,137.65,0.7002
2004-11-12,1.2921,136.93,0.7006
2004-11-15,1.2955,136.48,0.6989
2004-11-16,1.2971,136.64,0.69955
2004-11-17,1.3026,135.97,0.70135
2004-11-18,1.3024,135.54,0.7025
2004-11-19,1.302,134.97,0.7012
2004-11-22,1.3033,134.47,0.70255
2004-11-23,1.3089,134.81,0.6995
2004-11-24,1.3146,135.26,0.69985
2004-11-25,1.3213,135.75,0.7006
2004-11-26,1.3238,136.39,0.6997
2004-11-29,1.3247,136.24,0.701
2004-11-30,1.3295,136.54,0.6966
2004-12-01,1.3294,136.83,0.69155
2004-12-02,1.3314,136.78,0.68905
2004-12-03,1.33,137.05,0.6901
2004-12-06,1.3435,137.47,0.6918
2004-12-07,1.3456,138.3,0.6906
2004-12-08,1.33,138.63,0.6895
2004-12-09,1.3305,139.17,0.6919
2004-12-10,1.3191,139.59,0.6912
2004-12-13,1.3268,139.01,0.69225
2004-12-14,1.3317,139.7,0.6915
2004-12-15,1.3383,139.51,0.69115
2004-12-16,1.3401,138.93,0.6863
2004-12-17,1.3264,138.37,0.68585
2004-12-20,1.3378,139.44,0.6874
2004-12-21,1.3394,139.85,0.6923
2004-12-22,1.3384,139.18,0.69905
2004-12-23,1.3456,139.88,0.7013
2004-12-24,1.3542,140.26,0.7033
2004-12-27,1.3527,140.34,0.7036
2004-12-28,1.3633,140.49,0.70315
2004-12-29,1.3608,140.76,0.7083
2004-12-30,1.3604,141.03,0.7088
2004-12-31,1.3621,139.65,0.70505
2005-01-03,1.3507,138.84,0.70725
2005-01-04,1.3365,138.49,0.7062
2005-01-05,1.3224,138.09,0.70485
2005-01-06,1.3183,138.3,0.7039
2005-01-07,1.32,138.06,0.7028
2005-01-10,1.3103,136.83,0.6978
2005-01-11,1.3143,136.7,0.7001
2005-01-12,1.3139,135.47,0.6999
2005-01-13,1.3232,135.71,0.703
2005-01-14,1.3091,134.32,0.7006
2005-01-17,1.3085,133.52,0.7031
2005-01-18,1.306,134.08,0.6978
2005-01-19,1.3083,133.98,0.69655
2005-01-20,1.2936,133.22,0.6933
2005-01-21,1.2963,134.6,0.6953
2005-01-24,1.3065,134.34,0.6956
2005-01-25,1.3025,134.85,0.6956
2005-01-26,1.3005,134.47,0.6927
2005-01-27,1.3026,134.78,0.6919
2005-01-28,1.3035,134.69,0.69255
2005-01-31,1.3035,134.96,0.6912
2005-02-01,1.3027,135.16,0.69255
2005-02-02,1.3061,135.3,0.6923
2005-02-03,1.3001,135.54,0.6894
2005-02-04,1.2958,134.71,0.6883
2005-02-07,1.2844,133.98,0.6867
2005-02-08,1.2764,134.85,0.6876
2005-02-09,1.2762,134.85,0.6858
2005-02-10,1.2777,135.96,0.68825
2005-02-11,1.2855,136.11,0.6897
2005-02-14,1.2967,136.2,0.6873
2005-02-15,1.3016,136.42,0.6885
2005-02-16,1.304,137,0.69135
2005-02-17,1.3041,137.8,0.6912
2005-02-18,1.3039,137.63,0.6891
2005-02-21,1.3055,137.76,0.6891
2005-02-22,1.3193,137.42,0.6913
2005-02-23,1.3203,138.45,0.6917
2005-02-24,1.326,139.07,0.69395
2005-02-25,1.3165,138.74,0.68975
2005-02-28,1.3257,138.04,0.68975
2005-03-01,1.3216,137.9,0.6879
2005-03-02,1.3101,137.43,0.6859
2005-03-03,1.3144,137.83,0.6878
2005-03-04,1.3115,138.33,0.6876
2005-03-07,1.3197,138.88,0.6896
2005-03-08,1.3246,138.94,0.6889
2005-03-09,1.3346,139.18,0.69385
2005-03-10,1.3409,139.62,0.69645
2005-03-11,1.3416,139.67,0.69865
2005-03-14,1.3372,140.12,0.6974
2005-03-15,1.3383,139.74,0.6962
2005-03-16,1.3373,139.33,0.696
2005-03-17,1.3378,139.72,0.6959
2005-03-18,1.3279,139.28,0.69345
2005-03-21,1.3199,139.09,0.6941
2005-03-22,1.3175,138.45,0.6941
2005-03-23,1.305,137.7,0.6946
2005-03-24,1.2982,138.1,0.6944
2005-03-29,1.2926,138.61,0.68995
2005-03-30,1.2943,139.13,0.6877
2005-03-31,1.2964,138.44,0.6885
2005-04-01,1.2959,139.07,0.68665
2005-04-04,1.2883,139.18,0.687
2005-04-05,1.281,139.16,0.6841
2005-04-06,1.286,139.75,0.68505
2005-04-07,1.2923,139.84,0.6874
2005-04-08,1.2819,139.46,0.6859
2005-04-11,1.2971,139.76,0.6864
2005-04-12,1.2985,139.97,0.6854
2005-04-13,1.2922,138.71,0.68335
2005-04-14,1.282,138.64,0.68135
2005-04-15,1.2868,139.08,0.682
2005-04-18,1.2967,139.6,0.6832
2005-04-19,1.2996,139.54,0.6807
2005-04-20,1.3049,139.5,0.6813
2005-04-21,1.3058,140.27,0.68475
2005-04-22,1.3077,138.96,0.68285
2005-04-25,1.2966,137.31,0.67865
2005-04-26,1.2981,137.54,0.68115
2005-04-27,1.292,137.35,0.6796
2005-04-28,1.2905,136.63,0.6773
2005-04-29,1.2957,136.24,0.6775
2005-05-02,1.2863,135.54,0.67625
2005-05-03,1.2856,135.23,0.67995
2005-05-04,1.2953,135.21,0.68175
2005-05-05,1.2954,135.28,0.6807
2005-05-06,1.2947,135.71,0.68205
2005-05-09,1.2824,135.46,0.6815
2005-05-10,1.2854,135.86,0.6828
2005-05-11,1.2882,135.7,0.6841
2005-05-12,1.2771,135.66,0.6833
2005-05-13,1.2635,135.2,0.68015
2005-05-16,1.2616,135.63,0.6869
2005-05-17,1.2636,135.52,0.68735
2005-05-18,1.2621,135.44,0.68835
2005-05-19,1.2642,135.62,0.6872
2005-05-20,1.2607,135.98,0.68715
2005-05-23,1.2548,135.45,0.6863
2005-05-24,1.2617,135.39,0.68765
2005-05-25,1.2564,135.33,0.68785
2005-05-26,1.2523,135.58,0.6874
2005-05-27,1.2551,135.27,0.6871
2005-05-30,1.2472,134.68,0.68495
2005-05-31,1.2331,133.47,0.6771
2005-06-01,1.2228,132.84,0.67545
2005-06-02,1.2263,132.72,0.67535
2005-06-03,1.2289,132.57,0.6757
2005-06-06,1.2272,131.44,0.6748
2005-06-07,1.2285,131.13,0.67155
2005-06-08,1.2324,131.69,0.67095
2005-06-09,1.2239,131.37,0.6713
2005-06-10,1.2229,131.42,0.6704
2005-06-13,1.2062,131.74,0.6683
2005-06-14,1.211,132.33,0.6695
2005-06-15,1.2069,132.06,0.6667
2005-06-16,1.2115,132.26,0.66465
2005-06-17,1.2177,132.47,0.6678
2005-06-20,1.221,133.09,0.66855
2005-06-21,1.2092,132.2,0.6645
2005-06-22,1.2111,131.79,0.66515
2005-06-23,1.2066,130.88,0.6624
2005-06-24,1.2082,131.92,0.663
2005-06-27,1.2164,132.91,0.6651
2005-06-28,1.2095,132.94,0.6646
2005-06-29,1.2054,133.03,0.6669
2005-06-30,1.2092,133.95,0.6742
2005-07-01,1.2087,134.24,0.679
2005-07-04,1.1894,132.67,0.67645
2005-07-05,1.1883,133.03,0.67735
2005-07-06,1.1913,133.23,0.6785
2005-07-07,1.1957,133.53,0.6851
2005-07-08,1.1904,133.84,0.6863
2005-07-11,1.2006,134.4,0.688
2005-07-12,1.2166,135.33,0.68815
2005-07-13,1.2184,135.67,0.6899
2005-07-14,1.2067,135.24,0.68645
2005-07-15,1.2073,135.35,0.6862
2005-07-18,1.2054,135.29,0.68995
2005-07-19,1.1965,135.07,0.68785
2005-07-20,1.2063,136.35,0.6943
2005-07-21,1.2187,135.21,0.696
2005-07-22,1.2143,134.98,0.6951
2005-07-25,1.2065,134.87,0.6944
2005-07-26,1.1987,134.56,0.68955
2005-07-27,1.199,134.92,0.6903
2005-07-28,1.21,136,0.6907
2005-07-29,1.2093,135.91,0.6893
2005-08-01,1.2219,136.67,0.6914
2005-08-02,1.2217,136.07,0.6893
2005-08-03,1.2308,136.81,0.6911
2005-08-04,1.2319,137.33,0.69385
2005-08-05,1.2386,138.13,0.6956
2005-08-08,1.237,138.13,0.6916
2005-08-09,1.2367,138.64,0.6929
2005-08-10,1.2377,137.4,0.69035
2005-08-11,1.2405,136.94,0.68825
2005-08-12,1.2457,136.32,0.68675
2005-08-15,1.2374,135.54,0.6836
2005-08-16,1.2313,134.63,0.68145
2005-08-17,1.2296,134.85,0.6793
2005-08-18,1.2213,134.82,0.67755
2005-08-19,1.2183,134.51,0.6784
2005-08-22,1.2231,133.93,0.67815
2005-08-23,1.2233,134.61,0.6802
2005-08-24,1.2211,134.77,0.68035
2005-08-25,1.2272,135.02,0.682
2005-08-26,1.2307,134.93,0.68185
2005-08-29,1.2289,135.73,0.6816
2005-08-30,1.2181,135.81,0.68275
2005-08-31,1.2198,136.06,0.6829
2005-09-01,1.2388,136.95,0.68335
2005-09-02,1.2541,137.66,0.6818
2005-09-05,1.2538,136.69,0.67855
2005-09-06,1.2483,136.75,0.6767
2005-09-07,1.2451,136.97,0.6771
2005-09-08,1.2418,137.16,0.6762
2005-09-09,1.2415,136.63,0.67535
2005-09-12,1.2313,135.2,0.67435
2005-09-13,1.2276,136.17,0.6741
2005-09-14,1.2314,135.42,0.6734
2005-09-15,1.2223,134.89,0.6765
2005-09-16,1.2243,135.78,0.6765
2005-09-19,1.2139,135.31,0.6728
2005-09-20,1.2154,135.43,0.6734
2005-09-21,1.2225,135.95,0.67505
2005-09-22,1.2224,135.89,0.6787
2005-09-23,1.2118,135.07,0.6785
2005-09-26,1.2031,135.21,0.67895
2005-09-27,1.2005,136.01,0.68025
2005-09-28,1.2037,136.08,0.681
2005-09-29,1.2063,135.92,0.6826
2005-09-30,1.2042,136.25,0.68195
2005-10-03,1.1933,136.07,0.68
2005-10-04,1.1938,136.44,0.6786
2005-10-05,1.1947,136.06,0.6779
2005-10-06,1.2061,137.3,0.68175
2005-10-07,1.2144,137.82,0.687
2005-10-10,1.2088,137.9,0.68825
2005-10-11,1.2022,137.22,0.6865
2005-10-12,1.2008,137.49,0.6865
2005-10-13,1.198,137.54,0.6849
2005-10-14,1.1999,137.67,0.6854
2005-10-17,1.2022,138,0.6846
2005-10-18,1.1937,138.29,0.68415
2005-10-19,1.195,138.07,0.68005
2005-10-20,1.1953,138.19,0.6767
2005-10-21,1.2012,138.87,0.6771
2005-10-24,1.1944,138.15,0.6759
2005-10-25,1.2017,138.78,0.67665
2005-10-26,1.2059,139.67,0.6798
2005-10-27,1.213,139.89,0.6794
2005-10-28,1.2138,140.03,0.6809
2005-10-31,1.2023,139.64,0.67665
2005-11-01,1.2008,140.02,0.679
2005-11-02,1.1992,140.26,0.67895
2005-11-03,1.2041,140.76,0.67825
2005-11-04,1.1933,140.52,0.6764
2005-11-07,1.1824,139.23,0.67655
2005-11-08,1.1741,138.22,0.6761
2005-11-09,1.1738,137.68,0.6753
2005-11-10,1.1762,138.41,0.6729
2005-11-11,1.1697,138.11,0.6731
2005-11-14,1.1713,139.06,0.67285
2005-11-15,1.1667,139.11,0.6732
2005-11-16,1.1677,139.4,0.6769
2005-11-17,1.1692,138.82,0.6795
2005-11-18,1.1679,139.27,0.6815
2005-11-21,1.1811,140.41,0.68675
2005-11-22,1.1701,139.72,0.68465
2005-11-23,1.1776,139.78,0.6846
2005-11-24,1.1783,140.03,0.68345
2005-11-25,1.1763,140.44,0.6834
2005-11-28,1.1726,140.39,0.6855
2005-11-29,1.1793,140.57,0.6843
2005-11-30,1.1769,140.8,0.68215
2005-12-01,1.1745,141.18,0.6798
2005-12-02,1.1697,141.36,0.67745
2005-12-05,1.1767,142.19,0.6773
2005-12-06,1.1783,142.64,0.67905
2005-12-07,1.171,141.68,0.6769
2005-12-08,1.1764,141.82,0.67495
2005-12-09,1.1785,142.01,0.6732
2005-12-12,1.1925,143.46,0.6743
2005-12-13,1.1925,143.47,0.67425
2005-12-14,1.202,142.23,0.6783
2005-12-15,1.1999,139.28,0.6767
2005-12-16,1.1983,139.28,0.67745
2005-12-19,1.1977,139.24,0.6796
2005-12-20,1.1955,139.36,0.6782
2005-12-21,1.1872,139.18,0.67895
2005-12-22,1.1822,138.84,0.681
2005-12-23,1.1859,138.34,0.6834
2005-12-27,1.1852,138.61,0.68295
2005-12-28,1.1916,139.61,0.6863
2005-12-29,1.1825,139.43,0.6883
2005-12-30,1.1797,138.9,0.6853
2006-01-02,1.1826,139.56,0.6865
2006-01-03,1.1875,139.45,0.68725
2006-01-04,1.2083,140.19,0.68815
2006-01-05,1.2088,140.31,0.6888
2006-01-06,1.2093,140.21,0.6888
2006-01-09,1.2078,137.85,0.6834
2006-01-10,1.2064,138.12,0.6833
2006-01-11,1.2088,138.31,0.6884
2006-01-12,1.2113,137.5,0.6846
2006-01-13,1.2039,138.13,0.6814
2006-01-16,1.2112,139.23,0.68545
2006-01-17,1.2075,139.23,0.68535
2006-01-18,1.2125,139.51,0.6864
2006-01-19,1.2073,139.06,0.68785
2006-01-20,1.2068,139.15,0.68525
2006-01-23,1.2277,140.35,0.6878
2006-01-24,1.2272,140.45,0.6878
2006-01-25,1.2294,141.12,0.6867
2006-01-26,1.2254,141.85,0.6859
2006-01-27,1.2172,142.19,0.6846
2006-01-30,1.2082,141.99,0.68365
2006-01-31,1.2118,142.17,0.6843
2006-02-01,1.2092,142.22,0.6806
2006-02-02,1.2066,143.04,0.6788
2006-02-03,1.2061,143.05,0.6791
2006-02-06,1.1981,142.28,0.6833
2006-02-07,1.1973,141.24,0.6859
2006-02-08,1.1948,141.51,0.6861
2006-02-09,1.1972,141.91,0.6881
2006-02-10,1.197,140.77,0.6839
2006-02-13,1.1888,140.35,0.6837
2006-02-14,1.1898,139.57,0.6858
2006-02-15,1.1904,139.96,0.6835
2006-02-16,1.1858,140.11,0.68425
2006-02-17,1.1863,140.77,0.6839
2006-02-20,1.1932,141.11,0.6848
2006-02-21,1.1906,141.61,0.6821
2006-02-22,1.1875,140.91,0.6828
2006-02-23,1.1957,139.88,0.68185
2006-02-24,1.1896,139.11,0.6803
2006-02-27,1.1852,137.77,0.68105
2006-02-28,1.1875,138.18,0.6796
2006-03-01,1.1954,138.56,0.6806
2006-03-02,1.1921,138.73,0.6831
2006-03-03,1.202,139.96,0.685
2006-03-06,1.2017,141.04,0.6855
2006-03-07,1.1913,140.34,0.6858
2006-03-08,1.1914,140.35,0.68605
2006-03-09,1.192,140.1,0.6858
2006-03-10,1.1919,141.11,0.6862
2006-03-13,1.1922,141.94,0.69015
2006-03-14,1.1948,141.31,0.68855
2006-03-15,1.2026,141.31,0.6892
2006-03-16,1.2069,142.06,0.69085
2006-03-17,1.2185,141.47,0.6945
2006-03-20,1.2174,141.07,0.6937
2006-03-21,1.2144,141.61,0.6942
2006-03-22,1.2069,141.34,0.6914
2006-03-23,1.2055,141.12,0.69175
2006-03-24,1.1969,141.52,0.6908
2006-03-27,1.2025,140.15,0.6883
2006-03-28,1.2084,141.09,0.6907
2006-03-29,1.2012,141.58,0.69185
2006-03-30,1.2096,141.9,0.6946
2006-03-31,1.2104,142.42,0.6964
2006-04-03,1.2063,142.77,0.6977
2006-04-04,1.2217,143.69,0.69835
2006-04-05,1.2262,144.16,0.7006
2006-04-06,1.2312,144.81,0.70055
2006-04-07,1.2179,143.57,0.69645
2006-04-10,1.2099,143.22,0.6938
2006-04-11,1.2105,143.73,0.6939
2006-04-12,1.2125,143.22,0.69165
2006-04-13,1.2094,143.48,0.6903
2006-04-18,1.2252,144.53,0.6915
2006-04-19,1.2346,144.6,0.69135
2006-04-20,1.2346,145.27,0.6924
2006-04-21,1.2315,144.36,0.69245
2006-04-24,1.2365,142.17,0.6919
2006-04-25,1.2425,142.11,0.6944
2006-04-26,1.2425,142.87,0.696
2006-04-27,1.2414,142.71,0.6958
2006-04-28,1.2537,143.29,0.6942
2006-05-02,1.2643,143.48,0.68865
2006-05-03,1.2622,143.38,0.6869
2006-05-04,1.2592,143.62,0.684
2006-05-05,1.2688,144.51,0.6868
2006-05-08,1.2756,141.88,0.6846
2006-05-09,1.2697,141.62,0.6835
2006-05-10,1.2779,141.27,0.6861
2006-05-11,1.2716,141.41,0.6824
2006-05-12,1.2914,141.56,0.6808
2006-05-15,1.2826,141.32,0.6812
2006-05-16,1.2817,141.33,0.6811
2006-05-17,1.2882,140.88,0.6793
2006-05-18,1.277,141.94,0.67755
2006-05-19,1.2767,142.64,0.6801
2006-05-22,1.2753,143.55,0.6803
2006-05-23,1.2841,143.04,0.6821
2006-05-24,1.2851,143.86,0.68285
2006-05-25,1.2755,143.08,0.68315
2006-05-26,1.2797,143.5,0.685
2006-05-29,1.2758,143.23,0.6855
2006-05-30,1.2839,144.05,0.6847
2006-05-31,1.2868,144.32,0.6859
2006-06-01,1.2736,144.19,0.6847
2006-06-02,1.2815,144.59,0.68685
2006-06-05,1.2958,144.66,0.6884
2006-06-06,1.2847,144.74,0.6887
2006-06-07,1.2789,144.89,0.6878
2006-06-08,1.2735,145.66,0.6903
2006-06-09,1.2659,144.25,0.68685
2006-06-12,1.2572,143.89,0.6824
2006-06-13,1.2571,144.14,0.68335
2006-06-14,1.2563,144.68,0.68265
2006-06-15,1.261,144.84,0.68225
2006-06-16,1.2651,145.41,0.6829
2006-06-19,1.2591,145.43,0.68175
2006-06-20,1.2546,144.43,0.6824
2006-06-21,1.2632,145.22,0.6855
2006-06-22,1.2582,145.48,0.68735
2006-06-23,1.2502,145.5,0.688
2006-06-26,1.2561,146.13,0.6901
2006-06-27,1.2567,146.42,0.6907
2006-06-28,1.257,146.12,0.69035
2006-06-29,1.2529,146,0.6911
2006-06-30,1.2713,145.75,0.6921
2006-07-03,1.279,146.66,0.6933
2006-07-04,1.2791,146.57,0.69285
2006-07-05,1.2794,146.74,0.6937
2006-07-06,1.2735,147.09,0.694
2006-07-07,1.2778,146.59,0.69445
2006-07-10,1.2752,145.17,0.69205
2006-07-11,1.2736,145.69,0.69225
2006-07-12,1.2722,146.56,0.6915
2006-07-13,1.2692,146.33,0.6897
2006-07-14,1.2666,146.83,0.6875
2006-07-17,1.2541,146.66,0.6884
2006-07-18,1.2531,146.61,0.6849
2006-07-19,1.2482,146.91,0.68365
2006-07-20,1.2643,147.68,0.683
2006-07-21,1.268,146.96,0.6829
2006-07-24,1.2633,147.32,0.6816
2006-07-25,1.2636,147.52,0.6833
2006-07-26,1.2587,147.1,0.68415
2006-07-27,1.2737,147.25,0.6842
2006-07-28,1.2664,146.57,0.6825
2006-07-31,1.2767,145.82,0.6843
2006-08-01,1.2759,146.42,0.6837
2006-08-02,1.2798,146.88,0.68215
2006-08-03,1.2781,146.84,0.67805
2006-08-04,1.2792,147.66,0.6759
2006-08-07,1.285,147.87,0.674
2006-08-08,1.2839,147.7,0.6738
2006-08-09,1.2879,148.17,0.6753
2006-08-10,1.2857,147.62,0.6752
2006-08-11,1.2775,148.21,0.6738
2006-08-14,1.2718,148.34,0.67435
2006-08-15,1.2725,148.36,0.67365
2006-08-16,1.2793,148.7,0.6762
2006-08-17,1.2879,148.56,0.6791
2006-08-18,1.2802,148.33,0.68035
2006-08-21,1.2919,149.43,0.6808
2006-08-22,1.2812,149.17,0.6784
2006-08-23,1.2812,149.09,0.6773
2006-08-24,1.2831,149.28,0.6774
2006-08-25,1.2762,149.64,0.6762
2006-08-28,1.28,149.85,0.6755
2006-08-29,1.2808,149.54,0.6745
2006-08-30,1.2818,150.08,0.67405
2006-08-31,1.2851,150.56,0.6741
2006-09-01,1.2817,150.3,0.6728
2006-09-04,1.2852,149.22,0.67475
2006-09-05,1.281,148.47,0.67495
2006-09-06,1.2793,149.23,0.6791
2006-09-07,1.2731,148.05,0.67955
2006-09-08,1.2713,147.91,0.6793
2006-09-11,1.2713,149.14,0.6816
2006-09-12,1.2709,149.49,0.6785
2006-09-13,1.2677,149.23,0.67655
2006-09-14,1.2723,149.58,0.6743
2006-09-15,1.2675,149.09,0.6739
2006-09-18,1.2665,149.47,0.6748
2006-09-19,1.2654,148.81,0.6732
2006-09-20,1.2676,148.7,0.6731
2006-09-21,1.2731,148.84,0.6706
2006-09-22,1.2817,148.89,0.67365
2006-09-25,1.2768,148.78,0.6712
2006-09-26,1.2695,147.83,0.6695
2006-09-27,1.2684,148.9,0.67105
2006-09-28,1.2713,149.57,0.67715
2006-09-29,1.266,149.34,0.6777
2006-10-02,1.2685,149.99,0.6779
2006-10-03,1.2737,149.86,0.6742
2006-10-04,1.2684,149.8,0.6743
2006-10-05,1.2721,149.45,0.6761
2006-10-06,1.2664,149.47,0.6729
2006-10-09,1.2603,150.09,0.6756
2006-10-10,1.2538,149.97,0.67475
2006-10-11,1.2543,149.96,0.67575
2006-10-12,1.2531,149.87,0.6753
2006-10-13,1.255,149.84,0.6744
2006-10-16,1.2515,149.13,0.6727
2006-10-17,1.2524,148.67,0.6708
2006-10-18,1.2543,148.83,0.67005
2006-10-19,1.2561,149.08,0.6723
2006-10-20,1.2618,149.29,0.6693
2006-10-23,1.2556,149.71,0.6706
2006-10-24,1.2541,149.98,0.67015
2006-10-25,1.258,149.93,0.6702
2006-10-26,1.2653,150.4,0.67155
2006-10-27,1.2683,150.26,0.6706
2006-10-30,1.2717,149.17,0.668
2006-10-31,1.2696,149.59,0.6685
2006-11-01,1.2757,149.24,0.66845
2006-11-02,1.2767,149.4,0.6691
2006-11-03,1.276,149.62,0.6688
2006-11-06,1.2702,150.45,0.6698
2006-11-07,1.2755,150.37,0.66975
2006-11-08,1.2776,150.35,0.67045
2006-11-09,1.2796,151.16,0.6724
2006-11-10,1.2864,151.17,0.6723
2006-11-13,1.283,151.28,0.6737
2006-11-14,1.2824,150.88,0.67605
2006-11-15,1.2792,151.01,0.6784
2006-11-16,1.2804,151.16,0.6781
2006-11-17,1.2774,151.17,0.6776
2006-11-20,1.2841,151.57,0.6768
2006-11-21,1.2814,151.24,0.6748
2006-11-22,1.2886,150.75,0.6749
2006-11-23,1.2953,150.61,0.6765
2006-11-24,1.3078,151.36,0.6769
2006-11-27,1.3114,152.24,0.6777
2006-11-28,1.3147,152.99,0.67625
2006-11-29,1.3157,153.01,0.6743
2006-11-30,1.32,153.29,0.67425
2006-12-01,1.3244,153.77,0.6729
2006-12-04,1.3309,153.89,0.6734
2006-12-05,1.3331,152.74,0.6743
2006-12-06,1.3274,152.66,0.6754
2006-12-07,1.3297,152.87,0.6761
2006-12-08,1.3276,153.48,0.6776
2006-12-11,1.3177,154.33,0.6762
2006-12-12,1.3244,154.94,0.6746
2006-12-13,1.3265,155.34,0.6728
2006-12-14,1.3192,155.04,0.67155
2006-12-15,1.3106,155.04,0.6699
2006-12-18,1.3095,154.34,0.67155
2006-12-19,1.3158,155.48,0.67125
2006-12-20,1.3203,156,0.6702
2006-12-21,1.3178,155.85,0.6716
2006-12-22,1.3192,156.26,0.6715
2006-12-27,1.3159,156.1,0.67085
2006-12-28,1.3173,156.61,0.67115
2006-12-29,1.317,156.93,0.6715
2007-01-02,1.327,157.76,0.6735
2007-01-03,1.3231,157.76,0.6747
2007-01-04,1.3106,156.11,0.6739
2007-01-05,1.3084,154.55,0.6747
2007-01-08,1.3006,154.42,0.6731
2007-01-09,1.3018,155.26,0.67025
2007-01-10,1.2988,154.99,0.6702
2007-01-11,1.2984,156.16,0.6654
2007-01-12,1.2893,155.24,0.66165
2007-01-15,1.2941,156,0.65845
2007-01-16,1.2953,156.27,0.6592
2007-01-17,1.2909,155.75,0.65685
2007-01-18,1.2922,156.79,0.6565
2007-01-19,1.2958,157.13,0.6565
2007-01-22,1.2936,157.53,0.65485
2007-01-23,1.304,158.02,0.6552
2007-01-24,1.3005,158.06,0.6595
2007-01-25,1.2978,156.88,0.6585
2007-01-26,1.2901,156.71,0.65825
2007-01-29,1.2921,157.7,0.6602
2007-01-30,1.2972,157.99,0.6603
2007-01-31,1.2954,157.27,0.66325
2007-02-01,1.302,156.85,0.6613
2007-02-02,1.302,157.63,0.66135
2007-02-05,1.2925,155.85,0.66115
2007-02-06,1.2955,155.56,0.6578
2007-02-07,1.2987,156.74,0.6585
2007-02-08,1.2991,157.68,0.6632
2007-02-09,1.3007,158.06,0.66755
2007-02-12,1.2956,157.94,0.66565
2007-02-13,1.3022,157.99,0.66995
2007-02-14,1.3082,158.55,0.6693
2007-02-15,1.3137,157.78,0.67115
2007-02-16,1.3119,156.27,0.6731
2007-02-19,1.3132,157.01,0.6751
2007-02-20,1.3145,158.01,0.6733
2007-02-21,1.3145,158.91,0.6726
2007-02-22,1.3106,159,0.6719
2007-02-23,1.3134,159.35,0.6692
2007-02-26,1.316,158.7,0.6706
2007-02-27,1.323,157.68,0.6737
2007-02-28,1.3211,156.45,0.67365
2007-03-01,1.3225,155.42,0.67365
2007-03-02,1.3163,153.91,0.6768
2007-03-05,1.3083,150.93,0.6822
2007-03-06,1.31,152.69,0.67965
2007-03-07,1.3135,152.81,0.6812
2007-03-08,1.3152,154.02,0.6814
2007-03-09,1.3155,154.28,0.6806
2007-03-12,1.3156,154.44,0.6822
2007-03-13,1.3218,154.14,0.6831
2007-03-14,1.3183,153.66,0.68535
2007-03-15,1.3226,155.09,0.68275
2007-03-16,1.3325,155.62,0.6842
2007-03-19,1.3303,156.17,0.68325
2007-03-20,1.3296,156.15,0.6791
2007-03-21,1.3293,156.64,0.6789
2007-03-22,1.3351,157.27,0.67855
2007-03-23,1.3327,156.65,0.6778
2007-03-26,1.3265,157.05,0.67635
2007-03-27,1.3347,157.91,0.679
2007-03-28,1.3348,156.38,0.6795
2007-03-29,1.3352,156.75,0.6793
2007-03-30,1.3318,157.32,0.6798
2007-04-02,1.3366,157.35,0.6761
2007-04-03,1.3358,158.53,0.6761
2007-04-04,1.3352,158.7,0.67665
2007-04-05,1.3373,159,0.6797
2007-04-10,1.3426,160.05,0.6803
2007-04-11,1.3418,160,0.6788
2007-04-12,1.3467,160.62,0.6807
2007-04-13,1.3532,160.55,0.6809
2007-04-16,1.355,161.96,0.68055
2007-04-17,1.3549,161.81,0.6763
2007-04-18,1.3577,160.77,0.6773
2007-04-19,1.3601,160.13,0.6793
2007-04-20,1.3606,161.45,0.6793
2007-04-23,1.3557,160.91,0.678
2007-04-24,1.3582,161.39,0.6793
2007-04-25,1.3649,161.95,0.681
2007-04-26,1.3596,162.26,0.68215
2007-04-27,1.3643,162.76,0.68225
2007-04-30,1.3605,162.82,0.6827
2007-05-02,1.3588,163.28,0.6821
2007-05-03,1.3613,163.47,0.6828
2007-05-04,1.3561,163.15,0.6828
2007-05-07,1.3615,163.31,0.6823
2007-05-08,1.3558,162.29,0.6803
2007-05-09,1.3535,162.35,0.67985
2007-05-10,1.3527,162.86,0.6807
2007-05-11,1.3486,161.46,0.6813
2007-05-14,1.3549,163.06,0.68435
2007-05-15,1.3538,163.08,0.68485
2007-05-16,1.3574,163.64,0.68485
2007-05-17,1.3516,163.77,0.68385
2007-05-18,1.3477,163,0.6839
2007-05-21,1.3444,163.32,0.68265
2007-05-22,1.3454,163.47,0.68175
2007-05-23,1.349,163.85,0.6794
2007-05-24,1.3448,163.2,0.6767
2007-05-25,1.3441,163.5,0.6775
2007-05-28,1.3453,163.71,0.67853
2007-05-29,1.3509,164.23,0.6798
2007-05-30,1.342,163.26,0.6795
2007-05-31,1.3453,163.56,0.68005
2007-06-01,1.3436,163.81,0.67925
2007-06-04,1.3482,164.34,0.67795
2007-06-05,1.3532,164.42,0.6783
2007-06-06,1.3513,163.67,0.6783
2007-06-07,1.347,163.43,0.679
2007-06-08,1.3349,162.4,0.67885
2007-06-11,1.3355,162.55,0.6784
2007-06-12,1.3345,162.56,0.676
2007-06-13,1.3287,162.52,0.6745
2007-06-14,1.3304,163.56,0.67605
2007-06-15,1.3314,164.42,0.67595
2007-06-18,1.3404,165.46,0.6763
2007-06-19,1.3403,165.46,0.67465
2007-06-20,1.3427,165.88,0.6737
2007-06-21,1.3397,165.5,0.6721
2007-06-22,1.3441,166.75,0.67305
2007-06-25,1.3461,166.21,0.6735
2007-06-26,1.346,165.78,0.67315
2007-06-27,1.3438,164.69,0.67295
2007-06-28,1.3467,165.61,0.67215
2007-06-29,1.3505,166.63,0.674
2007-07-02,1.3588,166.66,0.67565
2007-07-03,1.3601,166.63,0.6751
2007-07-04,1.3618,166.87,0.67535
2007-07-05,1.364,167.1,0.6756
2007-07-06,1.3596,167.57,0.67635
2007-07-09,1.3621,168.13,0.6763
2007-07-10,1.3666,167.86,0.67735
2007-07-11,1.3753,167.39,0.67695
2007-07-12,1.3788,168.39,0.6783
2007-07-13,1.3782,168.68,0.67795
2007-07-16,1.3781,167.84,0.67655
2007-07-17,1.3771,168.07,0.6732
2007-07-18,1.3779,168.3,0.672
2007-07-19,1.382,168.66,0.67455
2007-07-20,1.3803,168.46,0.6722
2007-07-23,1.3821,167.58,0.67155
2007-07-24,1.3833,167.22,0.6707
2007-07-25,1.3743,165.55,0.66905
2007-07-26,1.3722,164.52,0.6708
2007-07-27,1.3651,162.12,0.672
2007-07-30,1.3659,161.58,0.6753
2007-07-31,1.3707,163.59,0.674
2007-08-01,1.3663,161.9,0.6746
2007-08-02,1.3664,162.8,0.67325
2007-08-03,1.3694,163.24,0.6733
2007-08-06,1.3818,162.88,0.68015
2007-08-07,1.3794,163.67,0.68055
2007-08-08,1.3794,164.5,0.67795
2007-08-09,1.3729,162.68,0.67705
2007-08-10,1.365,160.37,0.67685
2007-08-13,1.3651,161.47,0.67775
2007-08-14,1.3591,160.74,0.6788
2007-08-15,1.3476,157.39,0.6775
2007-08-16,1.3405,153.19,0.6756
2007-08-17,1.3454,152.74,0.6792
2007-08-20,1.3476,155.14,0.6789
2007-08-21,1.3508,154.98,0.68105
2007-08-22,1.3493,155.32,0.67865
2007-08-23,1.3574,158.26,0.6765
2007-08-24,1.3615,157.7,0.67885
2007-08-27,1.3658,158.63,0.6777
2007-08-28,1.3664,157.55,0.6789
2007-08-29,1.3631,156.48,0.6772
2007-08-30,1.361,157.33,0.678
2007-08-31,1.3705,159.25,0.67795
2007-09-03,1.3632,157.86,0.67575
2007-09-04,1.358,156.84,0.6752
2007-09-05,1.3588,157.11,0.676
2007-09-06,1.3669,157.32,0.6773
2007-09-07,1.3696,157.79,0.6773
2007-09-10,1.3795,156.64,0.67945
2007-09-11,1.3824,157.31,0.6802
2007-09-12,1.3885,158.14,0.6837
2007-09-13,1.3897,159.52,0.68525
2007-09-14,1.386,159.2,0.68915
2007-09-17,1.3877,159.45,0.6943
2007-09-18,1.3867,160.16,0.6952
2007-09-19,1.3975,161.8,0.69865
2007-09-20,1.403,161.43,0.6988
2007-09-21,1.4049,162.46,0.6973
2007-09-24,1.4113,162.35,0.6969
2007-09-25,1.4106,161.24,0.70035
2007-09-26,1.4127,162.93,0.7005
2007-09-27,1.418,163.29,0.6993
2007-09-28,1.4179,163.55,0.6968
2007-10-01,1.4232,164.76,0.69735
2007-10-02,1.4165,163.92,0.6938
2007-10-03,1.4195,164.86,0.6956
2007-10-04,1.4109,164.51,0.69355
2007-10-05,1.4136,164.6,0.69285
2007-10-08,1.4089,165.49,0.69125
2007-10-09,1.4037,164.54,0.69185
2007-10-10,1.4146,166.05,0.6926
2007-10-11,1.4199,166.96,0.697
2007-10-12,1.4173,166.51,0.6985
2007-10-15,1.4226,167.52,0.69695
2007-10-16,1.415,165.17,0.6965
2007-10-17,1.42,166.27,0.6973
2007-10-18,1.4299,165,0.698
2007-10-19,1.4288,164.86,0.6973
2007-10-22,1.4166,161.4,0.6975
2007-10-23,1.4254,163.5,0.69575
2007-10-24,1.423,162.67,0.6955
2007-10-25,1.4309,163.64,0.69765
2007-10-26,1.4384,164.5,0.701
2007-10-29,1.4391,165.17,0.69895
2007-10-30,1.4407,165.41,0.6972
2007-10-31,1.4447,166.49,0.6973
2007-11-01,1.4423,166.29,0.6924
2007-11-02,1.4479,166.88,0.6951
2007-11-05,1.4488,165.39,0.6962
2007-11-06,1.4547,166.9,0.69685
2007-11-07,1.4722,166.07,0.6996
2007-11-08,1.4666,165.9,0.69625
2007-11-09,1.4683,163.22,0.7004
2007-11-12,1.4579,159.55,0.70445
2007-11-13,1.4607,160.96,0.7047
2007-11-14,1.47,163.26,0.7104
2007-11-15,1.4639,161.98,0.71485
2007-11-16,1.4651,161.98,0.71625
2007-11-19,1.4654,161.58,0.71445
2007-11-20,1.4785,162.85,0.71715
2007-11-21,1.4814,160.92,0.7197
2007-11-22,1.4829,161.22,0.71855
2007-11-23,1.4809,159.87,0.72025
2007-11-26,1.4845,160.96,0.71795
2007-11-27,1.4874,160.11,0.71855
2007-11-28,1.4747,162.02,0.71375
2007-11-29,1.4738,162.26,0.71475
2007-11-30,1.4761,163.43,0.71455
2007-12-03,1.4666,161.82,0.7107
2007-12-04,1.4741,161.85,0.7149
2007-12-05,1.472,162.33,0.7224
2007-12-06,1.4554,161.55,0.7185
2007-12-07,1.4649,163.38,0.7202
2007-12-10,1.4718,164.53,0.7195
2007-12-11,1.4672,164.24,0.716
2007-12-12,1.4675,163.41,0.7196
2007-12-13,1.4683,164.21,0.71935
2007-12-14,1.4509,163.99,0.7157
2007-12-17,1.4393,163.12,0.7137
2007-12-18,1.4416,163.44,0.71485
2007-12-19,1.4385,162.54,0.7175
2007-12-20,1.4349,162.3,0.7215
2007-12-21,1.438,163.27,0.7236
2007-12-24,1.4398,164.25,0.7271
2007-12-27,1.4516,166.22,0.72885
2007-12-28,1.4692,166.13,0.7348
2007-12-31,1.4721,164.93,0.73335
2008-01-02,1.4688,163.83,0.7413
2008-01-03,1.4753,160.68,0.7448
2008-01-04,1.4727,160.86,0.74495
2008-01-07,1.4723,160.65,0.74625
2008-01-08,1.4705,161.23,0.7445
2008-01-09,1.468,160.61,0.74865
2008-01-10,1.4662,161.08,0.7493
2008-01-11,1.4792,161.18,0.7555
2008-01-14,1.4895,160.55,0.76
2008-01-15,1.4886,160.02,0.7565
2008-01-16,1.4792,157.29,0.754
2008-01-17,1.4691,157.07,0.74615
2008-01-18,1.4674,157.7,0.7481
2008-01-21,1.4482,153.85,0.74325
2008-01-22,1.4494,154.13,0.74265
2008-01-23,1.4574,153.5,0.7472
2008-01-24,1.4663,156.3,0.74685
2008-01-25,1.4705,158.35,0.7425
2008-01-28,1.4755,157.67,0.743
2008-01-29,1.4773,158.02,0.74295
2008-01-30,1.481,158.39,0.7434
2008-01-31,1.487,157.93,0.7477
2008-02-01,1.4889,158.51,0.74955
2008-02-04,1.4829,158.5,0.7502
2008-02-05,1.4688,157.79,0.74605
2008-02-06,1.4621,155.58,0.747
2008-02-07,1.4569,154.59,0.7491
2008-02-08,1.4513,155.89,0.7448
2008-02-11,1.4542,155.42,0.7462
2008-02-12,1.4538,156.18,0.7451
2008-02-13,1.4586,156.83,0.74315
2008-02-14,1.4626,158.22,0.7416
2008-02-15,1.4674,157.78,0.7478
2008-02-18,1.4636,158.36,0.7503
2008-02-19,1.4742,158.64,0.7555
2008-02-20,1.4656,158.32,0.7544
2008-02-21,1.4736,159.27,0.7527
2008-02-22,1.4848,158.76,0.7548
2008-02-25,1.4817,159.71,0.7537
2008-02-26,1.4874,160.45,0.7536
2008-02-27,1.5044,159.95,0.7576
2008-02-28,1.5121,160.57,0.76135
2008-02-29,1.5167,158.03,0.7652
2008-03-03,1.5203,156.79,0.766
2008-03-04,1.5206,156.78,0.7656
2008-03-05,1.5196,157.65,0.7685
2008-03-06,1.5319,158.55,0.7638
2008-03-07,1.5417,157.47,0.7647
2008-03-10,1.534,156.87,0.7605
2008-03-11,1.5379,158.37,0.76455
2008-03-12,1.5477,158.45,0.7666
2008-03-13,1.5577,156.45,0.7658
2008-03-14,1.5561,157.07,0.76755
2008-03-17,1.577,152.5,0.7857
2008-03-18,1.5771,154.42,0.7817
2008-03-19,1.5692,156.16,0.7859
2008-03-20,1.5423,153.2,0.7783
2008-03-25,1.5569,155.9,0.78105
2008-03-26,1.571,155.89,0.7881
2008-03-27,1.5786,157.53,0.7829
2008-03-28,1.5796,157.86,0.7908
2008-03-31,1.5812,157.37,0.7958
2008-04-01,1.566,157.55,0.7888
2008-04-02,1.5632,159.4,0.7885
2008-04-03,1.5526,159.75,0.7832
2008-04-04,1.5722,160.88,0.7855
2008-04-07,1.5693,161.13,0.78935
2008-04-08,1.5694,160.75,0.7974
2008-04-09,1.5726,161.36,0.7977
2008-04-10,1.5875,159.18,0.8011
2008-04-11,1.5833,159.83,0.8017
2008-04-14,1.5869,159.38,0.7986
2008-04-15,1.5828,159.87,0.8049
2008-04-16,1.5928,161.41,0.8061
2008-04-17,1.5872,162.74,0.8017
2008-04-18,1.578,163.99,0.7907
2008-04-21,1.5898,164.43,0.8007
2008-04-22,1.5931,164.43,0.7998
2008-04-23,1.594,164.3,0.80345
2008-04-24,1.5769,163.07,0.798
2008-04-25,1.5596,163.01,0.78605
2008-04-28,1.5628,163.55,0.7847
2008-04-29,1.5571,161.73,0.78895
2008-04-30,1.554,162.62,0.79015
2008-05-02,1.5458,161.94,0.779
2008-05-05,1.546,162.73,0.7852
2008-05-06,1.5528,162.25,0.7881
2008-05-07,1.543,162.55,0.78865
2008-05-08,1.5347,160.15,0.78505
2008-05-09,1.5458,158.81,0.7938
2008-05-12,1.543,160.42,0.78885
2008-05-13,1.5473,160.71,0.7938
2008-05-14,1.5439,162.48,0.7951
2008-05-15,1.5474,162.61,0.7972
2008-05-16,1.5498,162.29,0.79585
2008-05-19,1.5577,162.04,0.7976
2008-05-20,1.5639,162.84,0.7964
2008-05-21,1.5753,162.82,0.80145
2008-05-22,1.5755,162.71,0.79405
2008-05-23,1.5742,162.97,0.7944
2008-05-26,1.5761,162.97,0.79655
2008-05-27,1.576,163.65,0.797
2008-05-28,1.5656,164.07,0.79315
2008-05-29,1.5551,163.76,0.7866
2008-05-30,1.5508,163.74,0.786
2008-06-02,1.5521,162.64,0.7915
2008-06-03,1.5593,163,0.79105
2008-06-04,1.5466,161.82,0.7902
2008-06-05,1.5402,163.46,0.7897
2008-06-06,1.5597,165.75,0.7971
2008-06-09,1.5784,166.76,0.7974
2008-06-10,1.5526,165.77,0.79335
2008-06-11,1.5515,166.37,0.79145
2008-06-12,1.5417,166.08,0.7912
2008-06-13,1.5336,166.05,0.78835
2008-06-16,1.5459,167.26,0.7873
2008-06-17,1.5477,167.59,0.7944
2008-06-18,1.5493,167.62,0.7933
2008-06-19,1.5481,166.94,0.7863
2008-06-20,1.561,167.83,0.78965
2008-06-23,1.5521,167.46,0.79155
2008-06-24,1.5568,168,0.79095
2008-06-25,1.5599,168.4,0.7907
2008-06-26,1.5731,169.23,0.79195
2008-06-27,1.5748,167.08,0.79235
2008-06-30,1.5764,166.44,0.79225
2008-07-01,1.5775,166.57,0.7909
2008-07-02,1.5806,168.41,0.7952
2008-07-03,1.5885,168.62,0.7992
2008-07-04,1.5671,167.31,0.7908
2008-07-07,1.5651,168.47,0.7963
2008-07-08,1.5687,167.96,0.7944
2008-07-09,1.5715,168.87,0.79655
2008-07-10,1.5708,168.5,0.79565
2008-07-11,1.5835,168.35,0.79915
2008-07-14,1.5847,169.24,0.7975
2008-07-15,1.599,167.48,0.79555
2008-07-16,1.5888,165.66,0.79395
2008-07-17,1.5849,167.43,0.7914
2008-07-18,1.5816,169.03,0.79315
2008-07-21,1.5858,169.65,0.7946
2008-07-22,1.5919,169.26,0.79355
2008-07-23,1.5741,169.75,0.7872
2008-07-24,1.5677,168.92,0.789
2008-07-25,1.5734,168.77,0.7888
2008-07-28,1.5746,169.63,0.7925
2008-07-29,1.5705,169.33,0.78975
2008-07-30,1.5589,168.2,0.7867
2008-07-31,1.5611,169.02,0.78895
2008-08-01,1.5574,167.44,0.78785
2008-08-04,1.5566,168.39,0.79165
2008-08-05,1.5487,167.06,0.79285
2008-08-06,1.5478,168.16,0.79205
2008-08-07,1.5471,169.16,0.79255
2008-08-08,1.5074,165.61,0.7841
2008-08-11,1.5012,164.73,0.78165
2008-08-12,1.4907,163.97,0.7844
2008-08-13,1.4903,162.05,0.7942
2008-08-14,1.4907,163.36,0.7953
2008-08-15,1.4729,162.7,0.7907
2008-08-18,1.4704,162.2,0.7881
2008-08-19,1.4677,161.11,0.7885
2008-08-20,1.4734,162.22,0.79315
2008-08-21,1.4814,160.35,0.7936
2008-08-22,1.4808,162.55,0.7966
2008-08-25,1.4767,162.32,0.7966
2008-08-26,1.4598,160.19,0.7953
2008-08-27,1.4767,160.98,0.7997
2008-08-28,1.4771,161.44,0.8047
2008-08-29,1.4735,160.22,0.805
2008-09-01,1.4621,157.72,0.81165
2008-09-02,1.4516,158.01,0.81295
2008-09-03,1.4441,156.75,0.8133
2008-09-04,1.4488,156.76,0.813
2008-09-05,1.4247,151.54,0.8093
2008-09-08,1.4214,154.42,0.8072
2008-09-09,1.4144,152.9,0.803
2008-09-10,1.4094,150.52,0.802
2008-09-11,1.3934,148.69,0.7941
2008-09-12,1.4066,150.91,0.7962
2008-09-15,1.4151,149.87,0.79395
2008-09-16,1.4267,148.07,0.7975
2008-09-17,1.4224,150.26,0.79515
2008-09-18,1.4502,151.96,0.7944
2008-09-19,1.4236,153.03,0.7873
2008-09-22,1.4571,155.2,0.792
2008-09-23,1.4731,155.42,0.79505
2008-09-24,1.469,155.57,0.79235
2008-09-25,1.47,155.91,0.792
2008-09-26,1.464,154.13,0.79475
2008-09-29,1.4349,152.3,0.7959
2008-09-30,1.4303,150.47,0.7903
2008-10-01,1.4081,149.55,0.7919
2008-10-02,1.3903,146.45,0.7872
2008-10-03,1.3834,145.09,0.78355
2008-10-06,1.3634,140.78,0.7728
2008-10-07,1.3632,139.51,0.77725
2008-10-08,1.3731,138.42,0.7809
2008-10-09,1.3682,137.84,0.7895
2008-10-10,1.3579,134.68,0.798
2008-10-13,1.3639,136.63,0.7854
2008-10-14,1.3752,141.25,0.78105
2008-10-15,1.3625,138.18,0.77615
2008-10-16,1.3507,135.91,0.78265
2008-10-17,1.3404,135.57,0.7751
2008-10-20,1.3424,136.45,0.77165
2008-10-21,1.3184,133.06,0.777
2008-10-22,1.2843,126.88,0.78815
2008-10-23,1.281,124.41,0.7917
2008-10-24,1.2596,117.4,0.8061
2008-10-27,1.246,115.75,0.8063
2008-10-28,1.2526,119.42,0.7979
2008-10-29,1.277,124,0.7958
2008-10-30,1.3035,128.73,0.7907
2008-10-31,1.2757,124.97,0.7869
2008-11-03,1.2822,126.38,0.7969
2008-11-04,1.282,127.35,0.8075
2008-11-05,1.287,127.4,0.8065
2008-11-06,1.277,124.86,0.805
2008-11-07,1.2756,124.29,0.80845
2008-11-10,1.2891,127.89,0.8165
2008-11-11,1.2747,124.77,0.8147
2008-11-12,1.253,121.81,0.8231
2008-11-13,1.2525,120.34,0.8442
2008-11-14,1.2675,122.17,0.8598
2008-11-17,1.266,121.93,0.84825
2008-11-18,1.2653,121.92,0.8421
2008-11-19,1.2634,122.07,0.8398
2008-11-20,1.2542,119.87,0.8421
2008-11-21,1.2602,119.3,0.841
2008-11-24,1.2773,122.52,0.8517
2008-11-25,1.2811,123.08,0.85375
2008-11-26,1.2935,123.1,0.8456
2008-11-27,1.29,123.04,0.8358
2008-11-28,1.2727,121.46,0.8299
2008-12-01,1.2608,118.42,0.84155
2008-12-02,1.2697,118.56,0.84695
2008-12-03,1.2623,117.39,0.85475
2008-12-04,1.262,117.1,0.8626
2008-12-05,1.2665,116.91,0.8666
2008-12-08,1.2854,120.1,0.8651
2008-12-09,1.2838,118.85,0.8711
2008-12-10,1.2925,119.77,0.87325
2008-12-11,1.3215,120.67,0.8869
2008-12-12,1.334,120.21,0.89235
2008-12-15,1.351,122.42,0.8994
2008-12-16,1.369,123.2,0.8936
2008-12-17,1.4059,124.35,0.91855
2008-12-18,1.4616,129.22,0.9509
2008-12-19,1.394,124.74,0.9287
2008-12-22,1.397,125.66,0.9432
2008-12-23,1.3978,126.03,0.94395
2008-12-24,1.4005,126.65,0.9493
2008-12-29,1.427,128.98,0.97855
2008-12-30,1.4098,127.4,0.9742
2008-12-31,1.3917,126.14,0.9525
2009-01-02,1.3866,126.64,0.961
2009-01-05,1.3582,126.81,0.9358
2009-01-06,1.3332,125.84,0.9176
2009-01-07,1.3595,126.77,0.9043
2009-01-08,1.3617,124.34,0.8933
2009-01-09,1.3684,124.4,0.8948
2009-01-12,1.3394,120.48,0.8956
2009-01-13,1.3262,118.54,0.9112
2009-01-14,1.3173,117.66,0.9083
2009-01-15,1.3085,116.97,0.8966
2009-01-16,1.327,120.11,0.8893
2009-01-19,1.3182,119.16,0.9047
2009-01-20,1.293,116.9,0.9311
2009-01-21,1.291,116.11,0.9386
2009-01-22,1.2984,114.98,0.9441
2009-01-23,1.2795,113.65,0.9387
2009-01-26,1.299,115.82,0.9395
2009-01-27,1.3174,117.59,0.9352
2009-01-28,1.326,118.57,0.92725
2009-01-29,1.3111,118.07,0.91725
2009-01-30,1.2816,114.98,0.89785
2009-02-02,1.276,114.04,0.90335
2009-02-03,1.2849,115.02,0.9029
2009-02-04,1.2818,114.28,0.8901
2009-02-05,1.2829,115.04,0.878
2009-02-06,1.2796,116.7,0.8706
2009-02-09,1.3008,119.21,0.871
2009-02-10,1.2967,118.39,0.8771
2009-02-11,1.2938,116.5,0.9
2009-02-12,1.2833,115.46,0.903
2009-02-13,1.2823,117.59,0.88415
2009-02-16,1.2765,117.33,0.8945
2009-02-17,1.2634,116.2,0.8851
2009-02-18,1.2596,116.83,0.8846
2009-02-19,1.2705,118.99,0.8823
2009-02-20,1.2591,118.62,0.881
2009-02-23,1.2798,121.09,0.878
2009-02-24,1.2763,122.4,0.8797
2009-02-25,1.2795,123.76,0.8884
2009-02-26,1.2782,125.33,0.8913
2009-02-27,1.2644,123.23,0.8931
2009-03-02,1.2596,122.52,0.8933
2009-03-03,1.2615,123.64,0.89575
2009-03-04,1.2555,124.67,0.8902
2009-03-05,1.2555,124.71,0.8903
2009-03-06,1.2658,122.53,0.89
2009-03-09,1.2565,124.4,0.9114
2009-03-10,1.2783,125.45,0.9229
2009-03-11,1.2786,125.35,0.9255
2009-03-12,1.2782,124.3,0.9308
2009-03-13,1.2905,127.03,0.922
2009-03-16,1.3042,128.51,0.92055
2009-03-17,1.2942,128.1,0.9265
2009-03-18,1.313,128.94,0.9391
2009-03-19,1.3671,129.67,0.9405
2009-03-20,1.3549,129.87,0.9395
2009-03-23,1.3558,131.12,0.92945
2009-03-24,1.3507,132.68,0.9206
2009-03-25,1.3494,132.24,0.92425
2009-03-26,1.3607,133.63,0.9316
2009-03-27,1.3295,129.91,0.9285
2009-03-30,1.3193,127.93,0.9291
2009-03-31,1.3308,131.17,0.9308
2009-04-01,1.3246,130.86,0.9206
2009-04-02,1.3392,133.48,0.9129
2009-04-03,1.3425,134.08,0.9093
2009-04-06,1.3496,136.02,0.9052
2009-04-07,1.3255,132.8,0.90505
2009-04-08,1.3231,132.37,0.89935
2009-04-09,1.3273,133.05,0.9044
2009-04-14,1.3276,132.57,0.8915
2009-04-15,1.3173,130.7,0.8821
2009-04-16,1.3196,130.5,0.8856
2009-04-17,1.3058,129.67,0.8828
2009-04-20,1.2966,127.8,0.8896
2009-04-21,1.2932,126.82,0.8886
2009-04-22,1.2947,126.85,0.8882
2009-04-23,1.305,128.28,0.8968
2009-04-24,1.3232,128.3,0.906
2009-04-27,1.3125,126.82,0.90075
2009-04-28,1.2992,125.08,0.89035
2009-04-29,1.3266,128.53,0.89875
2009-04-30,1.3275,130.34,0.89335
2009-05-04,1.3223,131.52,0.8897
2009-05-05,1.3403,132.59,0.8859
2009-05-06,1.3322,131.17,0.8861
2009-05-07,1.3363,132.72,0.8847
2009-05-08,1.3425,133.36,0.8907
2009-05-11,1.3574,132.82,0.8986
2009-05-12,1.3683,132.9,0.8934
2009-05-13,1.3623,130.9,0.8998
2009-05-14,1.3563,129.41,0.8981
2009-05-15,1.3518,128.67,0.8905
2009-05-18,1.3494,129.28,0.8825
2009-05-19,1.3612,130.91,0.8794
2009-05-20,1.369,131.06,0.8826
2009-05-21,1.3771,130.84,0.879
2009-05-22,1.3972,131.41,0.8781
2009-05-25,1.401,133.22,0.8803
2009-05-26,1.3908,132.06,0.876
2009-05-27,1.3901,132.48,0.8706
2009-05-28,1.3856,134.38,0.87
2009-05-29,1.4098,135.22,0.8729
2009-06-01,1.422,134.89,0.868
2009-06-02,1.4238,136.09,0.8652
2009-06-03,1.4207,136.33,0.8597
2009-06-04,1.4095,136.32,0.8689
2009-06-05,1.4177,137.48,0.8792
2009-06-08,1.3866,136.53,0.8709
2009-06-09,1.3959,136.8,0.8632
2009-06-10,1.4102,138.03,0.8583
2009-06-11,1.3969,137.39,0.8507
2009-06-12,1.4004,137.55,0.8538
2009-06-15,1.385,136.08,0.8472
2009-06-16,1.389,134.78,0.8437
2009-06-17,1.384,133.28,0.8522
2009-06-18,1.392,133.57,0.8583
2009-06-19,1.3932,134.84,0.84715
2009-06-22,1.3858,133.02,0.84255
2009-06-23,1.3978,133.49,0.85735
2009-06-24,1.4029,133.77,0.8493
2009-06-25,1.394,134.34,0.8567
2009-06-26,1.4096,134.5,0.8543
2009-06-29,1.4058,134.03,0.84865
2009-06-30,1.4134,135.51,0.8521
2009-07-01,1.4096,136.53,0.8562
2009-07-02,1.4049,135.95,0.8573
2009-07-03,1.4009,134.32,0.85625
2009-07-06,1.3897,132.44,0.8612
2009-07-07,1.4019,133.61,0.8638
2009-07-08,1.3901,131.02,0.86495
2009-07-09,1.399,130.05,0.8606
2009-07-10,1.3901,128.21,0.858
2009-07-13,1.3975,129.03,0.8678
2009-07-14,1.3991,130.34,0.85755
2009-07-15,1.4089,131.57,0.8576
2009-07-16,1.413,132.63,0.8591
2009-07-17,1.409,132.06,0.8653
2009-07-20,1.4217,134.44,0.8601
2009-07-21,1.4223,134.1,0.8653
2009-07-22,1.4191,132.49,0.8648
2009-07-23,1.4229,134.23,0.8617
2009-07-24,1.4227,134.92,0.867
2009-07-27,1.4269,135.61,0.8653
2009-07-28,1.4229,134.53,0.8622
2009-07-29,1.4104,133.86,0.8611
2009-07-30,1.4053,133.89,0.8524
2009-07-31,1.4138,135.33,0.8556
2009-08-03,1.4303,135.86,0.8492
2009-08-04,1.4384,136.22,0.84845
2009-08-05,1.441,137.38,0.84695
2009-08-06,1.437,137.31,0.8524
2009-08-07,1.4357,136.89,0.8567
2009-08-10,1.4202,138.01,0.85355
2009-08-11,1.4166,136.72,0.8584
2009-08-12,1.417,135.77,0.85965
2009-08-13,1.4293,137.52,0.85865
2009-08-14,1.4294,135.61,0.8616
2009-08-17,1.4072,132.94,0.8629
2009-08-18,1.4101,134.12,0.8566
2009-08-19,1.4112,132.55,0.8608
2009-08-20,1.4243,134.11,0.8638
2009-08-21,1.433,134.19,0.8657
2009-08-24,1.4323,135.57,0.8682
2009-08-25,1.4324,135.05,0.87405
2009-08-26,1.427,134.32,0.878
2009-08-27,1.4268,133.61,0.8804
2009-08-28,1.4364,134.75,0.8784
2009-08-31,1.4272,133.1,0.88135
2009-09-01,1.4314,133.26,0.8815
2009-09-02,1.422,131.63,0.8751
2009-09-03,1.4335,132.47,0.8747
2009-09-04,1.4262,132.45,0.872
2009-09-07,1.433,133.33,0.8735
2009-09-08,1.4473,133.57,0.87365
2009-09-09,1.4522,134.13,0.8793
2009-09-10,1.4545,133.92,0.87575
2009-09-11,1.4594,132.62,0.8739
2009-09-14,1.4561,132.3,0.879
2009-09-15,1.4611,133.26,0.8869
2009-09-16,1.4671,132.6,0.8897
2009-09-17,1.4712,134.38,0.8905
2009-09-18,1.4705,134.17,0.9003
2009-09-21,1.4658,135.46,0.9066
2009-09-22,1.478,135.09,0.9047
2009-09-23,1.4783,134.96,0.8994
2009-09-24,1.4768,133.85,0.91065
2009-09-25,1.467,132.59,0.91875
2009-09-28,1.465,131.15,0.92265
2009-09-29,1.4549,130.91,0.9118
2009-09-30,1.4643,131.07,0.9093
2009-10-01,1.4539,130.78,0.91085
2009-10-02,1.4537,129.95,0.9172
2009-10-05,1.4616,131.41,0.9171
2009-10-06,1.4722,131.21,0.92605
2009-10-07,1.4694,130.68,0.9249
2009-10-08,1.4763,130.46,0.92
2009-10-09,1.475,131.12,0.92285
2009-10-12,1.4765,132.99,0.9333
2009-10-13,1.4864,133.02,0.9408
2009-10-14,1.4881,133.39,0.93025
2009-10-15,1.4864,134.07,0.9147
2009-10-16,1.4869,135.6,0.91175
2009-10-19,1.4918,135.66,0.9143
2009-10-20,1.4971,135.53,0.9117
2009-10-21,1.4921,135.82,0.9001
2009-10-22,1.5,136.9,0.9053
2009-10-23,1.502,137.97,0.9172
2009-10-26,1.5019,138.09,0.9194
2009-10-27,1.4874,136.91,0.90775
2009-10-28,1.4785,134.76,0.9057
2009-10-29,1.4788,135.13,0.8975
2009-10-30,1.48,134.66,0.89375
2009-11-02,1.4772,132.95,0.9033
2009-11-03,1.4658,132.25,0.8986
2009-11-04,1.4761,134.3,0.8936
2009-11-05,1.4867,134.3,0.8953
2009-11-06,1.4862,134.76,0.896
2009-11-09,1.4984,134.81,0.89365
2009-11-10,1.4966,134.51,0.8986
2009-11-11,1.5037,135.11,0.9029
2009-11-12,1.4922,134.32,0.902
2009-11-13,1.4868,133.51,0.89125
2009-11-16,1.4965,134.02,0.89485
2009-11-17,1.4875,132.76,0.88625
2009-11-18,1.4957,133.39,0.8895
2009-11-19,1.4863,132.05,0.89385
2009-11-20,1.4815,131.87,0.89915
2009-11-23,1.4968,133.03,0.90075
2009-11-24,1.4969,132.57,0.9031
2009-11-25,1.5083,132.1,0.9031
2009-11-26,1.5071,130.7,0.911
2009-11-27,1.4918,129.2,0.9091
2009-11-30,1.5023,129.77,0.91155
2009-12-01,1.5074,131.02,0.90985
2009-12-02,1.509,131.55,0.9043
2009-12-03,1.512,133.17,0.90915
2009-12-04,1.5068,133.08,0.9048
2009-12-07,1.4787,133.24,0.90505
2009-12-08,1.4774,130.74,0.907
2009-12-09,1.4768,129.91,0.9046
2009-12-10,1.473,130.03,0.9043
2009-12-11,1.4757,131.13,0.90515
2009-12-14,1.4647,129.55,0.9006
2009-12-15,1.4541,130.22,0.896
2009-12-16,1.456,130.61,0.88945
2009-12-17,1.4343,129.27,0.88995
2009-12-18,1.4337,129.68,0.887
2009-12-21,1.4368,130.1,0.8918
2009-12-22,1.4279,130.83,0.89305
2009-12-23,1.4276,130.95,0.8947
2009-12-24,1.4398,131.73,0.9008
2009-12-28,1.4405,131.86,0.90143
2009-12-29,1.4433,132.44,0.9027
2009-12-30,1.4338,132.35,0.904
2009-12-31,1.4406,133.16,0.8881
2010-01-04,1.4389,133.62,0.8914
2010-01-05,1.4442,132.54,0.90045
2010-01-06,1.435,132.69,0.8986
2010-01-07,1.4304,133.5,0.8996
2010-01-08,1.4273,133.36,0.8934
2010-01-11,1.4528,134.23,0.8989
2010-01-12,1.4481,132.41,0.8972
2010-01-13,1.4563,133.02,0.8946
2010-01-14,1.4486,132.88,0.8905
2010-01-15,1.4374,130.76,0.88105
2010-01-18,1.4369,130.33,0.8795
2010-01-19,1.4279,129.79,0.8743
2010-01-20,1.4132,128.65,0.8692
2010-01-21,1.4064,129.14,0.87
2010-01-22,1.4135,127.35,0.8763
2010-01-25,1.4151,127.74,0.8773
2010-01-26,1.4085,126.31,0.8733
2010-01-27,1.4072,125.95,0.86725
2010-01-28,1.3999,126.36,0.8616
2010-01-29,1.3966,126.15,0.86655
2010-02-01,1.3913,125.6,0.87485
2010-02-02,1.3937,126.2,0.87375
2010-02-03,1.3984,126.73,0.8762
2010-02-04,1.3847,125.68,0.8731
2010-02-05,1.3691,122.49,0.87325
2010-02-08,1.3675,122.07,0.8761
2010-02-09,1.376,123.4,0.8804
2010-02-10,1.374,123.01,0.8798
2010-02-11,1.3718,123.03,0.8775
2010-02-12,1.3572,122.33,0.8691
2010-02-15,1.3607,122.42,0.8676
2010-02-16,1.3649,122.68,0.8705
2010-02-17,1.3726,124.69,0.869
2010-02-18,1.3567,123.3,0.8704
2010-02-19,1.3519,124.17,0.8783
2010-02-22,1.3626,124.38,0.8797
2010-02-23,1.3577,123.19,0.8802
2010-02-24,1.3547,122.16,0.8775
2010-02-25,1.3489,120.66,0.8809
2010-02-26,1.357,120.92,0.8927
2010-03-01,1.3525,120.67,0.9067
2010-03-02,1.3548,120.68,0.90635
2010-03-03,1.3641,121.1,0.9057
2010-03-04,1.3668,120.86,0.905
2010-03-05,1.3582,121.48,0.9025
2010-03-08,1.3662,123.48,0.9024
2010-03-09,1.3557,121.72,0.9064
2010-03-10,1.361,123.16,0.9114
2010-03-11,1.3657,123.84,0.9086
2010-03-12,1.3765,124.57,0.9083
2010-03-15,1.3705,124.3,0.9105
2010-03-16,1.3723,124.22,0.9069
2010-03-17,1.3756,124.43,0.8962
2010-03-18,1.366,123.33,0.894
2010-03-19,1.3548,122.86,0.8945
2010-03-22,1.3471,121.25,0.899
2010-03-23,1.3519,122.16,0.9005
2010-03-24,1.3338,122.62,0.8946
2010-03-25,1.3356,123.44,0.8944
2010-03-26,1.3353,124,0.9004
2010-03-29,1.3471,124.75,0.8994
2010-03-30,1.3482,124.8,0.8933
2010-03-31,1.3479,125.93,0.8898
2010-04-01,1.3468,126.28,0.88485
2010-04-06,1.3396,126.04,0.8824
2010-04-07,1.334,125.04,0.87885
2010-04-08,1.3296,123.76,0.875
2010-04-09,1.3384,125.34,0.872
2010-04-12,1.3585,126.99,0.8825
2010-04-13,1.3583,126.34,0.8812
2010-04-14,1.3615,127.42,0.8814
2010-04-15,1.3544,126.18,0.87735
2010-04-16,1.3535,125.3,0.8771
2010-04-19,1.3432,123.5,0.8805
2010-04-20,1.3486,125.32,0.8765
2010-04-21,1.3373,124.65,0.869
2010-04-22,1.3339,124.03,0.86675
2010-04-23,1.3311,125.11,0.8673
2010-04-26,1.3321,125.46,0.8624
2010-04-27,1.329,124.7,0.86705
2010-04-28,1.3245,124.48,0.8708
2010-04-29,1.3256,124.76,0.86785
2010-04-30,1.3315,125.81,0.8703
2010-05-03,1.3238,124.95,0.868
2010-05-04,1.3089,123.66,0.86325
2010-05-05,1.2924,122.66,0.8551
2010-05-06,1.2727,119.34,0.84295
2010-05-07,1.2746,117.84,0.86805
2010-05-10,1.2969,120.97,0.86405
2010-05-11,1.2698,117.38,0.8596
2010-05-12,1.2686,118.06,0.8494
2010-05-13,1.2587,116.99,0.853
2010-05-14,1.2492,115.55,0.8571
2010-05-17,1.2349,114.17,0.8554
2010-05-18,1.2428,115.32,0.85895
2010-05-19,1.227,112.49,0.85805
2010-05-20,1.2334,111.93,0.8644
2010-05-21,1.2497,112.08,0.87035
2010-05-24,1.236,111.63,0.8608
2010-05-25,1.2223,109.53,0.85205
2010-05-26,1.2309,111.35,0.8547
2010-05-27,1.2255,110.79,0.84625
2010-05-28,1.2384,113.06,0.84995
2010-05-31,1.2307,112.62,0.84863
2010-06-01,1.2155,110.65,0.8347
2010-06-02,1.2218,112.36,0.83345
2010-06-03,1.2268,113.74,0.8357
2010-06-04,1.206,111.73,0.82745
2010-06-07,1.1959,109.86,0.8246
2010-06-08,1.1942,109.32,0.82805
2010-06-09,1.201,109.99,0.8259
2010-06-10,1.2045,109.84,0.8252
2010-06-11,1.2127,111.13,0.8293
2010-06-14,1.2249,112.43,0.8308
2010-06-15,1.2258,111.77,0.832
2010-06-16,1.2277,112.15,0.83085
2010-06-17,1.2363,112.89,0.8349
2010-06-18,1.2372,112.12,0.8357
2010-06-21,1.2391,113.1,0.8341
2010-06-22,1.2258,111.09,0.834
2010-06-23,1.2271,110.76,0.8229
2010-06-24,1.2262,109.59,0.8185
2010-06-25,1.2294,109.99,0.8236
2010-06-28,1.2339,110.25,0.82
2010-06-29,1.2198,108.31,0.8104
2010-06-30,1.2271,108.79,0.81745
2010-07-01,1.2328,108.14,0.82215
2010-07-02,1.2548,109.88,0.8252
2010-07-05,1.2531,109.93,0.8275
2010-07-06,1.2579,110.46,0.8295
2010-07-07,1.2567,109.56,0.8319
2010-07-08,1.266,111.49,0.8356
2010-07-09,1.2637,111.85,0.836
2010-07-12,1.2572,111.35,0.8363
2010-07-13,1.2569,110.95,0.8318
2010-07-14,1.2703,112.49,0.8343
2010-07-15,1.2828,113.11,0.83565
2010-07-16,1.3,112.54,0.84535
2010-07-19,1.2957,112.84,0.8483
2010-07-20,1.2844,111.5,0.84745
2010-07-21,1.2817,111.52,0.83945
2010-07-22,1.285,111.57,0.8428
2010-07-23,1.2897,112.48,0.8372
2010-07-26,1.2931,112.31,0.83425
2010-07-27,1.3033,113.79,0.8382
2010-07-28,1.2992,114.01,0.83395
2010-07-29,1.3069,113.64,0.8367
2010-07-30,1.3028,112.62,0.8349
2010-08-02,1.3073,113.27,0.826
2010-08-03,1.3221,113.51,0.8298
2010-08-04,1.3206,112.92,0.8284
2010-08-05,1.3184,113.66,0.8293
2010-08-06,1.3176,113.14,0.8301
2010-08-09,1.3253,113.48,0.8304
2010-08-10,1.3133,113.23,0.8352
2010-08-11,1.3016,110.56,0.8278
2010-08-12,1.279,109.5,0.8206
2010-08-13,1.2799,109.78,0.8212
2010-08-16,1.282,109.49,0.8211
2010-08-17,1.286,109.66,0.823
2010-08-18,1.288,109.93,0.8233
2010-08-19,1.2836,109.82,0.82055
2010-08-20,1.2711,108.54,0.8191
2010-08-23,1.2704,108.23,0.8169
2010-08-24,1.2611,106.19,0.8193
2010-08-25,1.2613,106.49,0.8185
2010-08-26,1.2693,107.15,0.81745
2010-08-27,1.2713,107.74,0.8206
2010-08-30,1.27,107.54,0.8165
2010-08-31,1.268,107.07,0.8248
2010-09-01,1.28,107.54,0.83105
2010-09-02,1.2818,107.81,0.83275
2010-09-03,1.2834,108.38,0.8332
2010-09-06,1.2874,108.42,0.83825
2010-09-07,1.2744,106.86,0.8316
2010-09-08,1.2697,106.41,0.82205
2010-09-09,1.2715,106.46,0.8258
2010-09-10,1.2725,106.84,0.8234
2010-09-13,1.2801,107.69,0.8312
2010-09-14,1.285,107.04,0.8343
2010-09-15,1.2989,111.04,0.8355
2010-09-16,1.3078,111.93,0.8372
2010-09-17,1.306,111.98,0.83575
2010-09-20,1.3074,112.07,0.8383
2010-09-21,1.312,112.05,0.84545
2010-09-22,1.3364,113.14,0.8553
2010-09-23,1.3323,112.49,0.8505
2010-09-24,1.3412,113.2,0.85345
2010-09-27,1.3477,113.52,0.8504
2010-09-28,1.346,113.22,0.84985
2010-09-29,1.3611,113.85,0.8618
2010-09-30,1.3648,113.68,0.85995
2010-10-01,1.3726,114.26,0.8676
2010-10-04,1.3705,114.1,0.8656
2010-10-05,1.378,114.8,0.8667
2010-10-06,1.3856,114.98,0.8726
2010-10-07,1.397,115.1,0.87465
2010-10-08,1.3874,114.21,0.8751
2010-10-11,1.3936,114.24,0.8746
2010-10-12,1.3833,113.35,0.8736
2010-10-13,1.3958,114.23,0.8812
2010-10-14,1.4101,114.43,0.8792
2010-10-15,1.4089,114.28,0.8775
2010-10-18,1.3896,113,0.8747
2010-10-19,1.3859,113.16,0.8806
2010-10-20,1.3861,112.59,0.882
2010-10-21,1.4016,113.65,0.8902
2010-10-22,1.3934,113.18,0.8873
2010-10-25,1.4031,113.21,0.89255
2010-10-26,1.3912,113.11,0.87685
2010-10-27,1.3803,112.78,0.87235
2010-10-28,1.3857,112.57,0.8704
2010-10-29,1.3857,111.87,0.8686
2010-11-01,1.3926,111.94,0.86675
2010-11-02,1.4018,113.18,0.8749
2010-11-03,1.4014,113.67,0.8703
2010-11-04,1.4244,115.15,0.87585
2010-11-05,1.4084,114.41,0.8679
2010-11-08,1.3917,112.88,0.8627
2010-11-09,1.3945,112.44,0.86235
2010-11-10,1.377,113.48,0.85685
2010-11-11,1.37,112.78,0.8491
2010-11-12,1.3711,112.59,0.8507
2010-11-15,1.3626,113.31,0.8479
2010-11-16,1.3612,113.21,0.851
2010-11-17,1.3481,112.5,0.84895
2010-11-18,1.3647,113.72,0.8522
2010-11-19,1.3674,114.09,0.8552
2010-11-22,1.3647,113.97,0.8549
2010-11-23,1.3496,112.5,0.84795
2010-11-24,1.3339,111.28,0.8438
2010-11-25,1.3321,111.35,0.84645
2010-11-26,1.3225,110.92,0.8447
2010-11-29,1.3146,110.73,0.844
2010-11-30,1.2998,109,0.83765
2010-12-01,1.3115,110.37,0.8393
2010-12-02,1.3155,110.97,0.8445
2010-12-03,1.3246,110.86,0.848
2010-12-06,1.328,110.06,0.8472
2010-12-07,1.3363,110.43,0.8467
2010-12-08,1.32,111.08,0.8367
2010-12-09,1.3214,111.02,0.8382
2010-12-10,1.3244,110.8,0.83715
2010-12-13,1.3267,111.55,0.84375
2010-12-14,1.3435,111.63,0.84865
2010-12-15,1.336,111.88,0.8529
2010-12-16,1.3238,111.28,0.84795
2010-12-17,1.326,111.26,0.85185
2010-12-20,1.3147,110.1,0.8462
2010-12-21,1.3155,110,0.8503
2010-12-22,1.3112,109.68,0.8492
2010-12-23,1.3064,108.95,0.8482
2010-12-24,1.3099,108.63,0.8496
2010-12-27,1.3136,108.89,0.8523
2010-12-28,1.3195,108.2,0.85345
2010-12-29,1.3136,107.99,0.8539
2010-12-30,1.328,108.24,0.8602
2010-12-31,1.3362,108.65,0.86075
2011-01-03,1.3348,108.7,0.86131
2011-01-04,1.3421,110.2,0.85875
2011-01-05,1.3213,108.72,0.8483
2011-01-06,1.3091,108.92,0.8445
2011-01-07,1.2961,108.29,0.8383
2011-01-10,1.2903,107.17,0.8318
2011-01-11,1.2948,107.61,0.8319
2011-01-12,1.2973,108.17,0.83155
2011-01-13,1.3199,109.5,0.83575
2011-01-14,1.3349,110.71,0.8422
2011-01-17,1.3311,109.91,0.8361
2011-01-18,1.3371,110.29,0.83565
2011-01-19,1.3506,110.85,0.8433
2011-01-20,1.3472,110.93,0.8436
2011-01-21,1.3521,111.87,0.84825
2011-01-24,1.3571,112.46,0.8516
2011-01-25,1.3596,112.08,0.862
2011-01-26,1.3681,112.47,0.86325
2011-01-27,1.3716,113.9,0.85955
2011-01-28,1.371,112.76,0.8609
2011-01-31,1.3692,112.49,0.8609
2011-02-01,1.3755,112.19,0.8536
2011-02-02,1.3803,112.35,0.8519
2011-02-03,1.3745,112.46,0.84865
2011-02-04,1.3631,111.42,0.8472
2011-02-07,1.3553,111.52,0.8402
2011-02-08,1.3635,112.09,0.8486
2011-02-09,1.3647,112.65,0.85
2011-02-10,1.3604,112.71,0.8478
2011-02-11,1.3524,113.01,0.8457
2011-02-14,1.344,112.15,0.84
2011-02-15,1.351,113.21,0.8375
2011-02-16,1.351,113.12,0.8419
2011-02-17,1.356,113.39,0.8409
2011-02-18,1.3627,113.62,0.8395
2011-02-21,1.3668,113.68,0.8425
2011-02-22,1.3667,113.63,0.84584
2011-02-23,1.3731,113.69,0.8459
2011-02-24,1.3773,112.69,0.8513
2011-02-25,1.3762,112.52,0.8553
2011-02-28,1.3834,113.26,0.8528
2011-03-01,1.3825,113.39,0.8494
2011-03-02,1.3809,113.33,0.8478
2011-03-03,1.385,113.43,0.8513
2011-03-04,1.3957,115.63,0.85805
2011-03-07,1.4028,115.15,0.861
2011-03-08,1.3898,114.64,0.8605
2011-03-09,1.3928,115.14,0.859
2011-03-10,1.3817,114.78,0.85655
2011-03-11,1.3773,113.24,0.8612
2011-03-14,1.3948,114.16,0.8659
2011-03-15,1.3884,112.39,0.8674
2011-03-16,1.3951,112.43,0.8673
2011-03-17,1.4004,110.42,0.86745
2011-03-18,1.413,114.68,0.8738
2011-03-21,1.4194,115.04,0.8717
2011-03-22,1.4211,115.15,0.8678
2011-03-23,1.4136,114.42,0.8699
2011-03-24,1.4128,114.34,0.8741
2011-03-25,1.4115,114.57,0.8778
2011-03-28,1.4032,114.59,0.87825
2011-03-29,1.4066,115.6,0.88145
2011-03-30,1.409,117.01,0.8789
2011-03-31,1.4207,117.61,0.8837
2011-04-01,1.4141,118.56,0.8815
2011-04-04,1.424,119.56,0.88095
2011-04-05,1.4166,119.4,0.87285
2011-04-06,1.43,121.82,0.8775
2011-04-07,1.4283,121.7,0.8759
2011-04-08,1.4401,122.8,0.88095
2011-04-11,1.4434,122.26,0.8836
2011-04-12,1.447,121.87,0.88845
2011-04-13,1.4493,121.84,0.8898
2011-04-14,1.4401,119.85,0.8825
2011-04-15,1.445,120.37,0.8838
2011-04-18,1.4275,118.25,0.8775
2011-04-19,1.4302,118.23,0.878
2011-04-20,1.4515,120.13,0.8867
2011-04-21,1.4584,119.52,0.8813
2011-04-26,1.4617,119.43,0.88715
2011-04-27,1.4668,120.66,0.8864
2011-04-28,1.4794,120.97,0.8888
2011-04-29,1.486,120.67,0.8917
2011-05-02,1.4837,120.85,0.8892
2011-05-03,1.478,119.36,0.89695
2011-05-04,1.4882,120.62,0.8999
2011-05-05,1.4814,118.2,0.89865
2011-05-06,1.4501,116.5,0.8839
2011-05-09,1.4397,116.28,0.87925
2011-05-10,1.4358,115.72,0.8779
2011-05-11,1.4357,116.47,0.87075
2011-05-12,1.4153,114.54,0.87015
2011-05-13,1.428,115.32,0.87795
2011-05-16,1.4143,114.35,0.8725
2011-05-17,1.4171,115.69,0.8729
2011-05-18,1.4227,115.45,0.88065
2011-05-19,1.4265,116.83,0.8813
2011-05-20,1.4237,116.27,0.87705
2011-05-23,1.402,114.68,0.86975
2011-05-24,1.4089,115.45,0.87285
2011-05-25,1.4069,115.47,0.8672
2011-05-26,1.4168,115.95,0.8685
2011-05-27,1.4265,115.7,0.86685
2011-05-30,1.4272,115.36,0.8671
2011-05-31,1.4385,117.22,0.87205
2011-06-01,1.4408,117.11,0.87705
2011-06-02,1.446,116.6,0.88295
2011-06-03,1.4488,116.89,0.8875
2011-06-06,1.4596,117.05,0.8903
2011-06-07,1.4652,117.55,0.89245
2011-06-08,1.4608,116.6,0.8929
2011-06-09,1.4614,116.86,0.8894
2011-06-10,1.4486,116,0.8884
2011-06-13,1.4354,115.39,0.8806
2011-06-14,1.4448,115.91,0.881
2011-06-15,1.4292,115.54,0.8797
2011-06-16,1.4088,113.63,0.8753
2011-06-17,1.427,114.71,0.8826
2011-06-20,1.4235,114.24,0.8795
2011-06-21,1.4373,115.2,0.8867
2011-06-22,1.4397,115.36,0.8931
2011-06-23,1.4212,114.58,0.8896
2011-06-24,1.422,114.06,0.88855
2011-06-27,1.4205,114.74,0.8897
2011-06-28,1.4261,115.31,0.8942
2011-06-29,1.4425,116.93,0.8998
2011-06-30,1.4453,116.25,0.90255
2011-07-01,1.4488,116.92,0.905
2011-07-04,1.45,117.11,0.9015
2011-07-05,1.4461,117.23,0.8984
2011-07-06,1.4318,116.03,0.89485
2011-07-07,1.4247,115.64,0.8921
2011-07-08,1.4242,115.98,0.8932
2011-07-11,1.4056,113.16,0.8807
2011-07-12,1.3975,111.35,0.88265
2011-07-13,1.4073,111.65,0.8823
2011-07-14,1.4202,112.24,0.88095
2011-07-15,1.4146,111.97,0.8775
2011-07-18,1.4045,111.1,0.87315
2011-07-19,1.416,111.77,0.8789
2011-07-20,1.4207,112.05,0.88065
2011-07-21,1.4222,112.09,0.8787
2011-07-22,1.4391,112.83,0.8827
2011-07-25,1.438,112.46,0.8825
2011-07-26,1.4471,113.02,0.88235
2011-07-27,1.4446,112.46,0.8831
2011-07-28,1.426,110.86,0.8739
2011-07-29,1.426,110.59,0.87485
2011-08-01,1.4415,110.84,0.87955
2011-08-02,1.417,109.61,0.8718
2011-08-03,1.43,110.18,0.87255
2011-08-04,1.4229,113.24,0.87145
2011-08-05,1.4155,111.25,0.86905
2011-08-08,1.4225,110.79,0.8691
2011-08-09,1.4267,110.24,0.8731
2011-08-10,1.4367,109.84,0.8843
2011-08-11,1.4143,108.29,0.8757
2011-08-12,1.425,109.07,0.87635
2011-08-15,1.4309,109.87,0.877
2011-08-16,1.436,110.12,0.8785
2011-08-17,1.4477,110.77,0.8776
2011-08-18,1.4369,110.08,0.8706
2011-08-19,1.4385,110,0.86965
2011-08-22,1.4413,110.65,0.87365
2011-08-23,1.4462,110.72,0.876
2011-08-24,1.4433,110.51,0.8771
2011-08-25,1.4424,111.31,0.8812
2011-08-26,1.4402,110.41,0.88565
2011-08-29,1.4487,111.05,0.8846
2011-08-30,1.4402,110.55,0.88365
2011-08-31,1.445,110.55,0.8856
2011-09-01,1.4285,110.08,0.8812
2011-09-02,1.4255,109.56,0.8789
2011-09-05,1.4126,108.56,0.8751
2011-09-06,1.4099,109.09,0.8771
2011-09-07,1.4036,108.38,0.878
2011-09-08,1.4044,108.41,0.8767
2011-09-09,1.3817,107.48,0.8659
2011-09-12,1.3656,105.32,0.86015
2011-09-13,1.3645,105.01,0.86315
2011-09-14,1.3729,105.48,0.8695
2011-09-15,1.3795,105.67,0.87295
2011-09-16,1.376,105.6,0.8717
2011-09-19,1.3641,104.62,0.8681
2011-09-20,1.371,104.92,0.8723
2011-09-21,1.3636,104.07,0.8731
2011-09-22,1.3448,102.59,0.87325
2011-09-23,1.343,102.32,0.87235
2011-09-26,1.35,103.05,0.8696
2011-09-27,1.3579,103.83,0.8698
2011-09-28,1.3631,104.22,0.87175
2011-09-29,1.3615,104.46,0.87065
2011-09-30,1.3503,103.79,0.86665
2011-10-03,1.3327,102.39,0.8596
2011-10-04,1.3181,101.08,0.8565
2011-10-05,1.3337,102.25,0.863
2011-10-06,1.3269,101.87,0.8668
2011-10-07,1.3434,103.02,0.8648
2011-10-10,1.3593,104.26,0.8689
2011-10-11,1.3607,104.26,0.8702
2011-10-12,1.3766,105.77,0.87535
2011-10-13,1.3727,105.48,0.87585
2011-10-14,1.3807,106.42,0.8748
2011-10-17,1.3776,106.43,0.874
2011-10-18,1.3676,104.97,0.8702
2011-10-19,1.3828,106.19,0.87495
2011-10-20,1.3807,106.07,0.875
2011-10-21,1.3798,105.82,0.86775
2011-10-24,1.3856,105.45,0.8691
2011-10-25,1.3918,105.98,0.8701
2011-10-26,1.3927,105.67,0.8719
2011-10-27,1.4038,106.39,0.8763
2011-10-28,1.416,107.29,0.87935
2011-10-31,1.4001,109.22,0.8731
2011-11-01,1.3627,106.58,0.85515
2011-11-02,1.3809,107.78,0.8619
2011-11-03,1.3773,107.33,0.8593
2011-11-04,1.3773,107.55,0.86125
2011-11-07,1.3742,107.3,0.85655
2011-11-08,1.3788,107.51,0.85805
2011-11-09,1.3633,105.96,0.85385
2011-11-10,1.3616,105.66,0.85335
2011-11-11,1.365,105.59,0.8568
2011-11-14,1.3659,105.18,0.8566
2011-11-15,1.3532,104.16,0.85345
2011-11-16,1.3484,103.77,0.8543
2011-11-17,1.348,103.76,0.854
2011-11-18,1.3576,104.06,0.85805
2011-11-21,1.3458,103.44,0.86
2011-11-22,1.3535,104.15,0.8657
2011-11-23,1.3387,103.37,0.8603
2011-11-24,1.3373,103.07,0.8606
2011-11-25,1.3229,102.59,0.85585
2011-11-28,1.3348,103.82,0.8582
2011-11-29,1.3336,103.82,0.85365
2011-11-30,1.3418,104,0.8558
2011-12-01,1.3492,104.84,0.8591
2011-12-02,1.3511,105.25,0.8602
2011-12-05,1.3442,104.81,0.85925
2011-12-06,1.3394,104.15,0.85655
2011-12-07,1.3377,103.99,0.85745
2011-12-08,1.341,103.72,0.8528
2011-12-09,1.3384,103.95,0.85315
2011-12-12,1.3251,103.12,0.848
2011-12-13,1.3181,102.6,0.84625
2011-12-14,1.2993,101.44,0.839
2011-12-15,1.3019,101.3,0.83935
2011-12-16,1.3064,101.7,0.84055
2011-12-19,1.3039,101.52,0.8398
2011-12-20,1.3074,101.88,0.8368
2011-12-21,1.3054,101.66,0.8323
2011-12-22,1.3047,101.93,0.8325
2011-12-23,1.3057,101.93,0.8331
2011-12-27,1.3069,101.75,0.8335
2011-12-28,1.3074,101.51,0.8342
2011-12-29,1.2889,100.24,0.836
2011-12-30,1.2939,100.2,0.8353
2012-01-02,1.2935,99.52,0.83514
2012-01-03,1.3014,99.86,0.8351
2012-01-04,1.2948,99.43,0.8311
2012-01-05,1.2832,98.67,0.82675
2012-01-06,1.2776,98.56,0.8264
2012-01-09,1.2728,97.87,0.824
2012-01-10,1.2808,98.39,0.8282
2012-01-11,1.2718,97.87,0.8259
2012-01-12,1.2736,97.92,0.83055
2012-01-13,1.2771,98.06,0.8332
2012-01-16,1.2669,97.25,0.82745
2012-01-17,1.279,98.2,0.83045
2012-01-18,1.2831,98.53,0.83385
2012-01-19,1.2911,99.19,0.8356
2012-01-20,1.2902,99.53,0.8339
2012-01-23,1.3017,100.1,0.83625
2012-01-24,1.3003,100.89,0.8346
2012-01-25,1.2942,101.02,0.83205
2012-01-26,1.3145,101.98,0.838
2012-01-27,1.3145,101.18,0.83685
2012-01-30,1.311,100.53,0.8358
2012-01-31,1.3176,100.63,0.8351
2012-02-01,1.3175,100.29,0.8312
2012-02-02,1.3094,99.66,0.82765
2012-02-03,1.316,100.3,0.8322
2012-02-06,1.3042,99.97,0.8281
2012-02-07,1.3113,100.67,0.8302
2012-02-08,1.3274,102.11,0.83495
2012-02-09,1.3288,102.63,0.83665
2012-02-10,1.3189,102.43,0.8363
2012-02-13,1.3254,102.86,0.83885
2012-02-14,1.3169,102.85,0.83765
2012-02-15,1.3092,102.73,0.8348
2012-02-16,1.2982,102.31,0.82845
2012-02-17,1.3159,104.39,0.8311
2012-02-20,1.3266,105.47,0.8364
2012-02-21,1.3222,105.38,0.8364
2012-02-22,1.323,106.22,0.8442
2012-02-23,1.33,106.72,0.8461
2012-02-24,1.3412,107.99,0.84815
2012-02-27,1.3388,107.81,0.845
2012-02-28,1.3454,108.39,0.8479
2012-02-29,1.3443,107.92,0.8439
2012-03-01,1.3312,107.95,0.8349
2012-03-02,1.3217,107.74,0.8327
2012-03-05,1.322,107.54,0.83465
2012-03-06,1.3153,106.66,0.83255
2012-03-07,1.312,105.95,0.8349
2012-03-08,1.3242,108.18,0.83865
2012-03-09,1.3191,107.93,0.83595
2012-03-12,1.3119,107.79,0.8392
2012-03-13,1.3057,108.03,0.83575
2012-03-14,1.3062,109.16,0.8314
2012-03-15,1.3057,108.82,0.83345
2012-03-16,1.3116,109.81,0.8295
2012-03-19,1.315,109.73,0.82845
2012-03-20,1.3198,110.48,0.8322
2012-03-21,1.3225,111.11,0.83495
2012-03-22,1.3167,109.4,0.8333
2012-03-23,1.3242,109.1,0.8363
2012-03-26,1.3276,109.82,0.8352
2012-03-27,1.3333,110.57,0.8359
2012-03-28,1.3337,110.74,0.839
2012-03-29,1.3272,109.21,0.8358
2012-03-30,1.3356,109.56,0.8339
2012-04-02,1.3319,109.95,0.83105
2012-04-03,1.3315,109.3,0.83255
2012-04-04,1.3142,108.22,0.8285
2012-04-05,1.3068,107.06,0.8242
2012-04-10,1.3114,106.48,0.8269
2012-04-11,1.3131,106.18,0.82595
2012-04-12,1.3153,106.54,0.8247
2012-04-13,1.3148,106.49,0.8248
2012-04-16,1.3024,105.18,0.8227
2012-04-17,1.3132,105.96,0.8234
2012-04-18,1.3093,106.64,0.81915
2012-04-19,1.3086,106.92,0.8171
2012-04-20,1.3192,107.81,0.81875
2012-04-23,1.3131,106.51,0.8166
2012-04-24,1.3161,106.87,0.8154
2012-04-25,1.3206,107.35,0.8194
2012-04-26,1.3215,106.96,0.8164
2012-04-27,1.3229,106.75,0.8153
2012-04-30,1.3214,105.85,0.81295
2012-05-02,1.3131,105.31,0.81205
2012-05-03,1.3123,105.49,0.81125
2012-05-04,1.3132,105.41,0.81195
2012-05-07,1.3033,104.19,0.80647
2012-05-08,1.3025,104.01,0.80645
2012-05-09,1.295,102.99,0.80495
2012-05-10,1.2961,103.31,0.8018
2012-05-11,1.2944,103.48,0.8033
2012-05-14,1.2863,102.64,0.8
2012-05-15,1.2843,102.65,0.8001
2012-05-16,1.2738,102.53,0.79925
2012-05-17,1.2682,101.77,0.8008
2012-05-18,1.2721,100.95,0.8042
2012-05-21,1.275,101.06,0.8075
2012-05-22,1.2768,101.99,0.8087
2012-05-23,1.2659,100.59,0.8044
2012-05-24,1.2557,99.75,0.80095
2012-05-25,1.2546,99.8,0.8003
2012-05-28,1.2566,99.75,0.8001
2012-05-29,1.2523,99.64,0.7994
2012-05-30,1.2438,98.38,0.79775
2012-05-31,1.2403,97.66,0.7999
2012-06-01,1.2322,96.25,0.805
2012-06-04,1.2437,97.16,0.80845
2012-06-05,1.2429,97.25,0.81005
2012-06-06,1.2485,98.82,0.8063
2012-06-07,1.2595,100.08,0.8086
2012-06-08,1.2468,98.9,0.80795
2012-06-11,1.2544,99.6,0.8077
2012-06-12,1.2492,99.4,0.80385
2012-06-13,1.2534,99.8,0.8063
2012-06-14,1.2551,99.51,0.8092
2012-06-15,1.2596,99.24,0.8119
2012-06-18,1.2618,99.75,0.806
2012-06-19,1.2619,99.57,0.8052
2012-06-20,1.2704,100.24,0.806
2012-06-21,1.267,101.46,0.80695
2012-06-22,1.2539,100.68,0.8042
2012-06-25,1.2488,99.57,0.80285
2012-06-26,1.2475,98.97,0.7996
2012-06-27,1.2478,99.49,0.7999
2012-06-28,1.2418,98.6,0.79885
2012-06-29,1.259,100.13,0.8068
2012-07-02,1.2593,100.51,0.8041
2012-07-03,1.2575,100.26,0.80275
2012-07-04,1.256,100.28,0.8032
2012-07-05,1.2426,99.14,0.7984
2012-07-06,1.2377,98.87,0.7965
2012-07-09,1.2293,97.81,0.7936
2012-07-10,1.2285,97.64,0.7921
2012-07-11,1.226,97.14,0.78815
2012-07-12,1.2178,96.63,0.7886
2012-07-13,1.2185,96.6,0.7875
2012-07-16,1.2177,96.25,0.7844
2012-07-17,1.2281,97.14,0.78615
2012-07-18,1.2234,96.63,0.784
2012-07-19,1.2287,96.51,0.783
2012-07-20,1.22,95.86,0.77835
2012-07-23,1.2105,94.72,0.7798
2012-07-24,1.2089,94.63,0.7785
2012-07-25,1.2134,94.97,0.7832
2012-07-26,1.226,95.79,0.7828
2012-07-27,1.2317,96.29,0.78295
2012-07-30,1.2246,95.78,0.77985
2012-07-31,1.2284,96.03,0.78395
2012-08-01,1.2298,96.2,0.7875
2012-08-02,1.2346,96.64,0.7904
2012-08-03,1.2245,95.85,0.78745
2012-08-06,1.2379,96.99,0.795
2012-08-07,1.2436,97.58,0.7934
2012-08-08,1.2336,96.68,0.7888
2012-08-09,1.2301,96.53,0.7871
2012-08-10,1.2262,96.12,0.7861
2012-08-13,1.2339,96.61,0.78615
2012-08-14,1.2352,97.14,0.786
2012-08-15,1.2276,96.98,0.7826
2012-08-16,1.2279,97.38,0.78195
2012-08-17,1.2337,97.97,0.78515
2012-08-20,1.23,97.82,0.78345
2012-08-21,1.2428,98.81,0.78835
2012-08-22,1.2448,98.65,0.78785
2012-08-23,1.2552,98.68,0.7911
2012-08-24,1.2507,98.16,0.7896
2012-08-27,1.253,98.71,0.79244
2012-08-28,1.2548,98.59,0.7947
2012-08-29,1.2545,98.63,0.7918
2012-08-30,1.2544,98.63,0.7911
2012-08-31,1.2611,98.96,0.79525
2012-09-03,1.2568,98.43,0.7912
2012-09-04,1.2579,98.58,0.7921
2012-09-05,1.2578,98.67,0.79035
2012-09-06,1.2638,99.36,0.7936
2012-09-07,1.2706,100.26,0.7967
2012-09-10,1.2776,99.98,0.7997
2012-09-11,1.2787,99.7,0.7978
2012-09-12,1.2896,100.45,0.8017
2012-09-13,1.291,100.24,0.80145
2012-09-14,1.3095,102.24,0.80745
2012-09-17,1.3086,102.61,0.80695
2012-09-18,1.3054,102.64,0.8035
2012-09-19,1.3002,102.38,0.8027
2012-09-20,1.2954,101.21,0.80017
2012-09-21,1.2988,101.58,0.7987
2012-09-24,1.2916,100.79,0.7968
2012-09-25,1.2932,100.57,0.7965
2012-09-26,1.2845,99.82,0.7949
2012-09-27,1.2874,99.98,0.7939
2012-09-28,1.293,100.37,0.79805
2012-10-01,1.2877,100.42,0.7983
2012-10-02,1.293,101.02,0.8006
2012-10-03,1.2904,101.1,0.80085
2012-10-04,1.2951,101.88,0.80395
2012-10-05,1.3002,102.02,0.80325
2012-10-08,1.2958,101.45,0.8084
2012-10-09,1.2953,101.35,0.8079
2012-10-10,1.2889,100.94,0.80495
2012-10-11,1.2918,101.26,0.80525
2012-10-12,1.297,101.7,0.8065
2012-10-15,1.2971,102.1,0.80745
2012-10-16,1.3046,102.94,0.8097
2012-10-17,1.312,103.23,0.8115
2012-10-18,1.3118,104.01,0.8119
2012-10-19,1.3035,103.27,0.81275
2012-10-22,1.3063,104.27,0.8145
2012-10-23,1.3005,103.84,0.81365
2012-10-24,1.2942,103.33,0.8083
2012-10-25,1.2993,104.15,0.8049
2012-10-26,1.2908,103.15,0.8012
2012-10-29,1.2898,102.69,0.80455
2012-10-30,1.2962,103,0.8062
2012-10-31,1.2993,103.78,0.80645
2012-11-01,1.2975,103.82,0.80315
2012-11-02,1.285,103.55,0.8016
2012-11-05,1.2777,102.6,0.7999
2012-11-06,1.28,102.6,0.80095
2012-11-07,1.2746,102.11,0.7984
2012-11-08,1.2736,101.74,0.79655
2012-11-09,1.2694,100.44,0.79725
2012-11-12,1.2735,101.13,0.802
2012-11-13,1.2696,100.93,0.79965
2012-11-14,1.2726,102,0.8026
2012-11-15,1.2756,103.66,0.80545
2012-11-16,1.2745,103.44,0.80245
2012-11-19,1.2762,103.6,0.8032
2012-11-20,1.2809,104.39,0.80465
2012-11-21,1.2805,105.49,0.8037
2012-11-22,1.2893,106.42,0.8077
2012-11-23,1.2909,106.19,0.8101
2012-11-26,1.2964,106.47,0.80995
2012-11-27,1.2961,106.46,0.8081
2012-11-28,1.2891,105.44,0.80687
2012-11-29,1.2994,106.72,0.81053
2012-11-30,1.2986,107.37,0.8108
2012-12-03,1.3057,107.36,0.8121
2012-12-04,1.3092,107.28,0.8123
2012-12-05,1.3065,107.31,0.8119
2012-12-06,1.3072,107.66,0.81135
2012-12-07,1.2905,106.19,0.8061
2012-12-10,1.293,106.23,0.8044
2012-12-11,1.2993,107.11,0.8074
2012-12-12,1.304,108.12,0.80775
2012-12-13,1.3077,109.18,0.81005
2012-12-14,1.3081,109.55,0.8115
2012-12-17,1.316,110.39,0.812
2012-12-18,1.3178,110.53,0.8128
2012-12-19,1.3302,112.36,0.8161
2012-12-20,1.3246,111.52,0.8146
2012-12-21,1.3209,110.99,0.8142
2012-12-24,1.3218,111.64,0.8175
2012-12-27,1.3266,113.87,0.8199
2012-12-28,1.3183,113.5,0.81695
2012-12-31,1.3194,113.61,0.8161
2013-01-02,1.3262,115.38,0.814
2013-01-03,1.3102,113.93,0.81075
2013-01-04,1.3012,114.96,0.8123
2013-01-07,1.3039,114.48,0.8117
2013-01-08,1.3086,114.56,0.8145
2013-01-09,1.3056,114.34,0.81505
2013-01-10,1.3113,115.76,0.8172
2013-01-11,1.3274,118.18,0.8232
2013-01-14,1.3341,119.1,0.8312
2013-01-15,1.3327,118.04,0.83025
2013-01-16,1.3277,117.06,0.8301
2013-01-17,1.3368,119.32,0.8341
2013-01-18,1.3324,119.87,0.8372
2013-01-21,1.3323,119.37,0.839
2013-01-22,1.3317,118.18,0.83965
2013-01-23,1.333,117.98,0.8407
2013-01-24,1.3349,119.73,0.8439
2013-01-25,1.3469,122.71,0.8514
2013-01-28,1.3444,122.21,0.8545
2013-01-29,1.3433,121.52,0.8536
2013-01-30,1.3541,123.55,0.8583
2013-01-31,1.355,123.32,0.857
2013-02-01,1.3644,125.78,0.8617
2013-02-04,1.3552,125.63,0.8619
2013-02-05,1.3537,126.33,0.8599
2013-02-06,1.3517,126.48,0.8631
2013-02-07,1.3546,126.88,0.8624
2013-02-08,1.3374,123.52,0.84635
2013-02-11,1.3391,125.12,0.8535
2013-02-12,1.3438,126.6,0.8615
2013-02-13,1.348,125.95,0.866
2013-02-14,1.3327,124.39,0.8594
2013-02-15,1.3325,124.03,0.8604
2013-02-18,1.3352,125.24,0.8619
2013-02-19,1.3349,124.81,0.8631
2013-02-20,1.337,125.09,0.8733
2013-02-21,1.3186,122.85,0.8642
2013-02-22,1.3186,122.98,0.86205
2013-02-25,1.3304,125,0.8789
2013-02-26,1.3077,120.2,0.8633
2013-02-27,1.3097,120.06,0.86405
2013-02-28,1.3129,121.07,0.863
2013-03-01,1.3,120.53,0.8647
2013-03-04,1.3007,121.67,0.864
2013-03-05,1.3034,121.45,0.8598
2013-03-06,1.3035,121.85,0.8644
2013-03-07,1.301,122.8,0.865
2013-03-08,1.309,125.5,0.871
2013-03-11,1.2994,124.91,0.87335
2013-03-12,1.3053,125.25,0.8763
2013-03-13,1.2981,124.59,0.8678
2013-03-14,1.2937,124.79,0.8657
2013-03-15,1.3086,125.56,0.864
2013-03-18,1.2929,122.88,0.8562
2013-03-19,1.2944,123.49,0.85585
2013-03-20,1.2945,123.69,0.8552
2013-03-21,1.291,122.95,0.85165
2013-03-22,1.2948,122.85,0.8528
2013-03-25,1.2935,122.55,0.8516
2013-03-26,1.2861,121.25,0.849
2013-03-27,1.2768,120.3,0.84515
2013-03-28,1.2805,120.87,0.8456
2013-04-02,1.284,119.79,0.8469
2013-04-03,1.2828,119.96,0.8484
2013-04-04,1.2818,122.31,0.84745
2013-04-05,1.2944,124.49,0.8491
2013-04-08,1.3023,128.46,0.85095
2013-04-09,1.304,128.92,0.85175
2013-04-10,1.3086,129.69,0.8548
2013-04-11,1.3119,130.39,0.852
2013-04-12,1.3052,129.54,0.8497
2013-04-15,1.3081,127.83,0.8529
2013-04-16,1.3129,128.37,0.8569
2013-04-17,1.3129,128.61,0.8613
2013-04-18,1.3045,128.4,0.8548
2013-04-19,1.3115,130.21,0.8544
2013-04-22,1.3037,130,0.8563
2013-04-23,1.299,128.56,0.85165
2013-04-24,1.3006,129.46,0.8525
2013-04-25,1.308,129.67,0.8458
2013-04-26,1.2999,128.13,0.84
2013-04-29,1.3113,128.27,0.844
2013-04-30,1.3072,127.35,0.8443
2013-05-02,1.3191,129.04,0.8466
2013-05-03,1.3114,128.6,0.8431
2013-05-06,1.3107,130.18,0.8431
2013-05-07,1.3107,129.98,0.8442
2013-05-08,1.3135,129.89,0.8469
2013-05-09,1.3142,129.8,0.84435
2013-05-10,1.2988,131.94,0.8443
2013-05-13,1.2973,132.01,0.8441
2013-05-14,1.2977,131.88,0.84815
2013-05-15,1.2864,132.04,0.8464
2013-05-16,1.289,132.15,0.8455
2013-05-17,1.2869,131.87,0.84475
2013-05-20,1.2853,131.86,0.8456
2013-05-21,1.2866,132.33,0.8491
2013-05-22,1.2923,133.26,0.8557
2013-05-23,1.2888,131.07,0.85515
2013-05-24,1.2939,131.25,0.85695
2013-05-27,1.2939,130.59,0.8556
2013-05-28,1.2938,131.98,0.8553
2013-05-29,1.2952,130.9,0.85695
2013-05-30,1.2944,131.7,0.8557
2013-05-31,1.3006,130.47,0.85365
2013-06-03,1.3008,130.37,0.8518
2013-06-04,1.3092,131.28,0.8558
2013-06-05,1.3067,130.13,0.85105
2013-06-06,1.3118,129.96,0.8491
2013-06-07,1.326,126.81,0.8513
2013-06-10,1.3209,130.47,0.8504
2013-06-11,1.3273,128.6,0.8539
2013-06-12,1.3277,128.3,0.84825
2013-06-13,1.3315,125.36,0.8495
2013-06-14,1.3303,126.37,0.8515
2013-06-17,1.3337,126.36,0.84755
2013-06-18,1.3374,127.55,0.8562
2013-06-19,1.3406,127.44,0.8558
2013-06-20,1.32,129.26,0.8545
2013-06-21,1.318,128.66,0.8533
2013-06-24,1.3086,128.54,0.85115
2013-06-25,1.3134,127.79,0.8486
2013-06-26,1.3024,127.33,0.8482
2013-06-27,1.3032,127.93,0.8531
2013-06-28,1.308,129.39,0.8572
2013-07-01,1.3037,129.99,0.85625
2013-07-02,1.3017,130.08,0.8579
2013-07-03,1.2959,128.85,0.8492
2013-07-04,1.2984,129.64,0.8598
2013-07-05,1.2883,128.97,0.86055
2013-07-08,1.285,130.04,0.8616
2013-07-09,1.2857,130.07,0.865
2013-07-10,1.2813,128.44,0.8602
2013-07-11,1.3044,129.63,0.8629
2013-07-12,1.3034,129.75,0.8627
2013-07-15,1.3012,130.68,0.8647
2013-07-16,1.3118,130.35,0.8693
2013-07-17,1.3136,131.15,0.86315
2013-07-18,1.3093,131.22,0.8609
2013-07-19,1.3123,131.67,0.85995
2013-07-22,1.3166,131.47,0.859
2013-07-23,1.318,131.91,0.85955
2013-07-24,1.3246,132.6,0.8626
2013-07-25,1.3202,131.81,0.8637
2013-07-26,1.326,130.84,0.86105
2013-07-29,1.327,129.91,0.8634
2013-07-30,1.3284,129.99,0.86735
2013-07-31,1.3275,130,0.8735
2013-08-01,1.3236,130.69,0.8692
2013-08-02,1.3203,131.78,0.87135
2013-08-05,1.3257,130.62,0.86425
2013-08-06,1.328,130.27,0.86575
2013-08-07,1.3305,129.21,0.85955
2013-08-08,1.336,128.68,0.862
2013-08-09,1.3373,128.96,0.86135
2013-08-12,1.328,128.66,0.8586
2013-08-13,1.329,130.27,0.85955
2013-08-14,1.3243,130.17,0.8544
2013-08-15,1.3297,130.48,0.8533
2013-08-16,1.334,130.03,0.85325
2013-08-19,1.3344,130.72,0.8529
2013-08-20,1.3392,130.33,0.8549
2013-08-21,1.3384,130.52,0.85295
2013-08-22,1.3323,131.45,0.85505
2013-08-23,1.3355,132.35,0.8591
2013-08-26,1.3361,131.74,0.8585
2013-08-27,1.3338,130.07,0.8609
2013-08-28,1.3347,130.1,0.8632
2013-08-29,1.3266,130.34,0.8549
2013-08-30,1.3235,130.01,0.85395
2013-09-02,1.3207,131.09,0.84775
2013-09-03,1.3172,130.98,0.8473
2013-09-04,1.3171,131.06,0.8438
2013-09-05,1.3202,131.64,0.8431
2013-09-06,1.3117,130.71,0.842
2013-09-09,1.3194,131.3,0.8413
2013-09-10,1.324,132.8,0.8438
2013-09-11,1.3268,132.96,0.8414
2013-09-12,1.329,132.18,0.841
2013-09-13,1.3295,132.43,0.8399
2013-09-16,1.3357,132.05,0.8385
2013-09-17,1.3356,132.44,0.8397
2013-09-18,1.3352,132.18,0.8358
2013-09-19,1.3545,134.09,0.842
2013-09-20,1.3514,134.57,0.8436
2013-09-23,1.3508,133.59,0.84115
2013-09-24,1.3473,132.92,0.84431
2013-09-25,1.3504,133.14,0.84165
2013-09-26,1.3499,133.41,0.8418
2013-09-27,1.3537,133.28,0.84
2013-09-30,1.3505,131.78,0.83605
2013-10-01,1.3554,132.6,0.8345
2013-10-02,1.3515,131.76,0.8341
2013-10-03,1.3594,132.81,0.8394
2013-10-04,1.3593,132.03,0.8469
2013-10-07,1.3572,131.46,0.8437
2013-10-08,1.3576,131.94,0.84265
2013-10-09,1.3515,131.55,0.8464
2013-10-10,1.3532,132.37,0.8481
2013-10-11,1.3566,133.38,0.849
2013-10-14,1.3564,133.19,0.8483
2013-10-15,1.3493,132.89,0.84635
2013-10-16,1.3561,133.38,0.8459
2013-10-17,1.3662,133.64,0.8476
2013-10-18,1.3684,133.73,0.84515
2013-10-21,1.3667,134.17,0.8465
2013-10-22,1.3674,134.52,0.8476
2013-10-23,1.3752,133.95,0.8516
2013-10-24,1.3805,134.32,0.8537
2013-10-25,1.3777,134.15,0.8519
2013-10-28,1.3784,134.65,0.8534
2013-10-29,1.3768,134.88,0.8567
2013-10-30,1.3755,135.11,0.8559
2013-10-31,1.3641,133.99,0.8502
2013-11-01,1.3505,132.9,0.84635
2013-11-04,1.3506,133.28,0.8456
2013-11-05,1.3494,132.59,0.8403
2013-11-06,1.3517,133.33,0.8403
2013-11-07,1.3365,132,0.8321
2013-11-08,1.3431,131.58,0.83525
2013-11-11,1.3394,132.86,0.8381
2013-11-12,1.3432,133.87,0.8447
2013-11-13,1.3415,133.27,0.8399
2013-11-14,1.3436,134.26,0.83715
2013-11-15,1.346,134.99,0.8377
2013-11-18,1.3517,135.23,0.8388
2013-11-19,1.3502,134.89,0.8385
2013-11-20,1.3527,135.2,0.83765
2013-11-21,1.3472,135.83,0.835
2013-11-22,1.3518,136.74,0.8344
2013-11-25,1.3514,137.57,0.8348
2013-11-26,1.3547,137.34,0.8383
2013-11-27,1.3596,138.43,0.83405
2013-11-28,1.3592,139.06,0.83215
2013-11-29,1.3611,139.21,0.83275
2013-12-02,1.3536,139.16,0.82605
2013-12-03,1.3578,139.31,0.8271
2013-12-04,1.3592,139.31,0.83
2013-12-05,1.3594,138.73,0.8313
2013-12-06,1.3661,139.63,0.8358
2013-12-09,1.3722,141.33,0.83765
2013-12-10,1.375,141.35,0.83645
2013-12-11,1.3767,141.22,0.84025
2013-12-12,1.3775,141.51,0.8397
2013-12-13,1.3727,141.93,0.8437
2013-12-16,1.3776,141.87,0.84385
2013-12-17,1.3749,141.61,0.8456
2013-12-18,1.3749,141.61,0.8401
2013-12-19,1.3667,142.55,0.8349
2013-12-20,1.3655,142.66,0.8348
2013-12-23,1.3702,142.38,0.8377
2013-12-24,1.3684,142.66,0.83603
2013-12-27,1.3814,145.02,0.83665
2013-12-30,1.3783,145.02,0.8364
2013-12-31,1.3791,144.72,0.8337
2014-01-02,1.3658,143.82,0.8282
2014-01-03,1.3634,142.46,0.83045
2014-01-06,1.3602,142.28,0.8303
2014-01-07,1.3641,142.43,0.83115
2014-01-08,1.3594,142.33,0.8277
2014-01-09,1.3612,142.92,0.82575
2014-01-10,1.3587,142.67,0.828
2014-01-13,1.3654,141.37,0.8317
2014-01-14,1.3667,141.62,0.83145
2014-01-15,1.3606,141.86,0.8302
2014-01-16,1.3597,142.21,0.83215
2014-01-17,1.3584,141.8,0.8262
2014-01-20,1.3566,141.05,0.8262
2014-01-21,1.3526,141.58,0.8239
2014-01-22,1.3566,141.57,0.819
2014-01-23,1.3639,141.99,0.82175
2014-01-24,1.3687,140.18,0.8291
2014-01-27,1.3658,140.39,0.82505
2014-01-28,1.3649,140.61,0.82285
2014-01-29,1.3608,139.73,0.8221
2014-01-30,1.3574,139.28,0.8238
2014-01-31,1.3516,138.13,0.82135
2014-02-03,1.3498,137.82,0.8259
2014-02-04,1.3519,137.05,0.82905
2014-02-05,1.3543,136.78,0.8322
2014-02-06,1.3495,136.93,0.82875
2014-02-07,1.3574,138.79,0.8314
2014-02-10,1.3638,139.26,0.8316
2014-02-11,1.3676,140,0.83075
2014-02-12,1.3573,138.89,0.8216
2014-02-13,1.3675,139.42,0.8215
2014-02-14,1.3707,139.48,0.82035
2014-02-17,1.3699,139.6,0.81885
2014-02-18,1.3731,140.77,0.8233
2014-02-19,1.3745,140.08,0.8251
2014-02-20,1.3706,139.91,0.822
2014-02-21,1.3707,140.5,0.82183
2014-02-24,1.3735,140.69,0.82465
2014-02-25,1.3754,140.65,0.82395
2014-02-26,1.3726,140.5,0.8226
2014-02-27,1.3656,139.15,0.82035
2014-02-28,1.3813,140.63,0.82625
2014-03-03,1.3768,139.51,0.82305
2014-03-04,1.3768,140.2,0.8246
2014-03-05,1.3732,140.71,0.8217
2014-03-06,1.3745,141.22,0.8234
2014-03-07,1.3894,143.02,0.8285
2014-03-10,1.3881,143.39,0.8338
2014-03-11,1.385,143.05,0.8336
2014-03-12,1.3887,142.68,0.8359
2014-03-13,1.3942,143.3,0.83545
2014-03-14,1.3884,140.63,0.83665
2014-03-17,1.3906,141.45,0.83675
2014-03-18,1.3902,141.1,0.8383
2014-03-19,1.3913,141.31,0.8368
2014-03-20,1.3762,140.85,0.83455
2014-03-21,1.378,141.07,0.8357
2014-03-24,1.3774,141.05,0.8354
2014-03-25,1.3789,141.22,0.8348
2014-03-26,1.3791,141.25,0.8336
2014-03-27,1.3758,140.75,0.8277
2014-03-28,1.3759,140.9,0.8272
2014-03-31,1.3788,142.42,0.8282
2014-04-01,1.379,142.53,0.8292
2014-04-02,1.3795,143.03,0.828
2014-04-03,1.3771,143.12,0.8297
2014-04-04,1.37,142.33,0.8267
2014-04-07,1.3723,141.65,0.8271
2014-04-08,1.3774,140.9,0.8242
2014-04-09,1.3794,140.73,0.82375
2014-04-10,1.3867,141,0.8272
2014-04-11,1.3872,140.69,0.8291
2014-04-14,1.3827,140.87,0.8274
2014-04-15,1.3803,140.62,0.8251
2014-04-16,1.384,141.55,0.8239
2014-04-17,1.3855,141.57,0.8243
2014-04-22,1.3817,141.69,0.8205
2014-04-23,1.3834,141.46,0.8239
2014-04-24,1.382,141.63,0.823
2014-04-25,1.3831,141.05,0.82285
2014-04-28,1.3861,141.85,0.8228
2014-04-29,1.3826,142.03,0.8222
2014-04-30,1.385,142.07,0.823
2014-05-02,1.3862,142.06,0.8214
2014-05-05,1.3874,141.44,0.82293
2014-05-06,1.3945,141.89,0.82115
2014-05-07,1.3927,141.68,0.8207
2014-05-08,1.3953,141.95,0.8233
2014-05-09,1.3781,140.14,0.81725
2014-05-12,1.3765,140.31,0.81515
2014-05-13,1.3703,140.25,0.81395
2014-05-14,1.3719,139.65,0.8177
2014-05-15,1.3659,139.17,0.8152
2014-05-16,1.3696,138.95,0.8148
2014-05-19,1.3715,138.79,0.8146
2014-05-20,1.3702,138.88,0.814
2014-05-21,1.3676,138.18,0.8094
2014-05-22,1.3668,138.96,0.8104
2014-05-23,1.363,138.92,0.80935
2014-05-26,1.3635,138.97,0.8099
2014-05-27,1.3638,139.01,0.811
2014-05-28,1.3608,138.73,0.8125
2014-05-29,1.3612,138.34,0.8145
2014-05-30,1.3607,138.36,0.8131
2014-06-02,1.3611,138.94,0.8129
2014-06-03,1.3645,139.64,0.8147
2014-06-04,1.3627,139.78,0.813
2014-06-05,1.3567,139.24,0.8103
2014-06-06,1.3642,139.71,0.8108
2014-06-09,1.3608,139.39,0.80985
2014-06-10,1.3547,138.63,0.8075
2014-06-11,1.3547,138.19,0.807
2014-06-12,1.3528,138.12,0.8039
2014-06-13,1.3534,138.08,0.7979
2014-06-16,1.3532,137.81,0.7974
2014-06-17,1.3568,138.4,0.7994
2014-06-18,1.3563,138.65,0.8005
2014-06-19,1.362,138.82,0.79985
2014-06-20,1.3588,138.68,0.7975
2014-06-23,1.3596,138.46,0.7994
2014-06-24,1.3618,138.8,0.8015
2014-06-25,1.3615,138.73,0.80225
2014-06-26,1.3606,138.49,0.7991
2014-06-27,1.362,138.09,0.79965
2014-06-30,1.3658,138.44,0.8015
2014-07-01,1.3688,138.98,0.7981
2014-07-02,1.3656,138.65,0.7958
2014-07-03,1.3646,139.06,0.7965
2014-07-04,1.3588,138.67,0.7926
2014-07-07,1.3592,138.53,0.79385
2014-07-08,1.3589,138.26,0.79385
2014-07-09,1.3603,138.38,0.79555
2014-07-10,1.3604,137.87,0.79505
2014-07-11,1.3595,137.75,0.7941
2014-07-14,1.3627,138.29,0.7966
2014-07-15,1.3613,138.28,0.7931
2014-07-16,1.3532,137.73,0.7903
2014-07-17,1.3525,137.27,0.7909
2014-07-18,1.3525,137.07,0.79155
2014-07-21,1.3518,136.97,0.7915
2014-07-22,1.3481,136.93,0.7905
2014-07-23,1.3465,136.51,0.7908
2014-07-24,1.3472,136.97,0.79215
2014-07-25,1.344,136.97,0.79115
2014-07-28,1.3433,136.74,0.79055
2014-07-29,1.3429,137.04,0.7924
2014-07-30,1.3401,137.05,0.7917
2014-07-31,1.3379,137.66,0.7928
2014-08-01,1.3395,137.92,0.7961
2014-08-04,1.3422,137.72,0.7972
2014-08-05,1.3382,137.46,0.7939
2014-08-06,1.3345,136.58,0.79285
2014-08-07,1.3368,136.76,0.794
2014-08-08,1.3388,136.45,0.7967
2014-08-11,1.3386,136.72,0.7976
2014-08-12,1.3346,136.49,0.7955
2014-08-13,1.336,136.89,0.7997
2014-08-14,1.3373,136.99,0.8016
2014-08-15,1.3388,137.33,0.80215
2014-08-18,1.3383,137.22,0.8002
2014-08-19,1.3354,137.12,0.80265
2014-08-20,1.3284,137.23,0.7981
2014-08-21,1.3262,137.71,0.79925
2014-08-22,1.3267,137.7,0.8003
2014-08-25,1.32,137.13,0.79567
2014-08-26,1.3192,137.15,0.79605
2014-08-27,1.3177,136.88,0.794
2014-08-28,1.3178,136.68,0.7945
2014-08-29,1.3188,137.11,0.7953
2014-09-01,1.3133,136.97,0.79025
2014-09-02,1.3115,137.63,0.7933
2014-09-03,1.3151,138.11,0.79855
2014-09-04,1.3015,136.89,0.7932
2014-09-05,1.2948,136.27,0.79455
2014-09-08,1.2947,136.32,0.80235
2014-09-09,1.2902,136.9,0.8005
2014-09-10,1.2929,137.9,0.80125
2014-09-11,1.2928,138.38,0.7958
2014-09-12,1.2931,138.72,0.7966
2014-09-15,1.2911,138.48,0.79495
2014-09-16,1.2949,138.67,0.7992
2014-09-17,1.2956,139.05,0.7936
2014-09-18,1.2872,140.11,0.7883
2014-09-19,1.2852,139.84,0.7865
2014-09-22,1.2845,140.09,0.7866
2014-09-23,1.2892,139.87,0.786
2014-09-24,1.2826,139.5,0.7823
2014-09-25,1.2712,138.88,0.7804
2014-09-26,1.2732,138.93,0.7807
2014-09-29,1.2701,138.97,0.7827
2014-09-30,1.2583,138.11,0.7773
2014-10-01,1.2603,138.53,0.7782
2014-10-02,1.2631,137.47,0.7824
2014-10-03,1.2616,137.46,0.78525
2014-10-06,1.2565,137.25,0.78575
2014-10-07,1.2607,136.9,0.784
2014-10-08,1.2645,136.97,0.787
2014-10-09,1.2763,137.37,0.7875
2014-10-10,1.2638,136.27,0.7882
2014-10-13,1.2679,135.95,0.788
2014-10-14,1.2646,135.29,0.7945
2014-10-15,1.2666,135.5,0.7957
2014-10-16,1.2749,134.95,0.797
2014-10-17,1.2823,136.45,0.7955
2014-10-20,1.2773,136.62,0.7914
2014-10-21,1.2762,136.2,0.79
2014-10-22,1.2693,135.79,0.7909
2014-10-23,1.2669,136.42,0.7904
2014-10-24,1.2659,136.64,0.7887
2014-10-27,1.2679,136.76,0.7871
2014-10-28,1.2748,137.45,0.7881
2014-10-29,1.2737,137.75,0.79095
2014-10-30,1.2598,137.27,0.7872
2014-10-31,1.2524,140.18,0.78425
2014-11-03,1.2493,142.19,0.78085
2014-11-04,1.2514,141.96,0.7819
2014-11-05,1.248,143.21,0.7843
2014-11-06,1.2517,143.33,0.78615
2014-11-07,1.2393,142.89,0.7834
2014-11-10,1.2486,142.56,0.7852
2014-11-11,1.2424,143.88,0.7836
2014-11-12,1.2467,143.63,0.788
2014-11-13,1.2456,143.87,0.7912
2014-11-14,1.2436,144.94,0.7944
2014-11-17,1.2496,145.3,0.7989
2014-11-18,1.2514,145.91,0.7994
2014-11-19,1.2535,147.45,0.79965
2014-11-20,1.2539,148.25,0.7989
2014-11-21,1.2422,146.46,0.7921
2014-11-24,1.241,146.82,0.7916
2014-11-25,1.2424,146.66,0.7929
2014-11-26,1.2475,146.91,0.79095
2014-11-27,1.248,146.67,0.792
2014-11-28,1.2483,147.69,0.7953
2014-12-01,1.2469,147.62,0.7927
2014-12-02,1.2424,148.08,0.7936
2014-12-03,1.2331,147.2,0.7862
2014-12-04,1.2311,147.64,0.7861
2014-12-05,1.2362,149.03,0.7881
2014-12-08,1.2258,148.45,0.7845
2014-12-09,1.2369,148.02,0.79015
2014-12-10,1.2392,147.33,0.78975
2014-12-11,1.2428,147.2,0.7927
2014-12-12,1.245,147.41,0.7925
2014-12-15,1.2426,147.67,0.7936
2014-12-16,1.2537,145.79,0.7965
2014-12-17,1.2448,145.89,0.7932
2014-12-18,1.2285,145.96,0.7865
2014-12-19,1.2279,146.41,0.7847
2014-12-22,1.2259,147.06,0.7849
2014-12-23,1.2213,146.8,0.7867
2014-12-24,1.2219,147.07,0.7865
2014-12-29,1.2197,146.96,0.7842
2014-12-30,1.216,145.41,0.7823
2014-12-31,1.2141,145.23,0.7789
2015-01-02,1.2043,145.21,0.78
2015-01-05,1.1915,143,0.7827
2015-01-06,1.1914,141.69,0.7842
2015-01-07,1.1831,141.17,0.7823
2015-01-08,1.1768,141,0.7811
2015-01-09,1.1813,140.81,0.7799
2015-01-12,1.1804,140.56,0.7791
2015-01-13,1.1782,139.56,0.7767
2015-01-14,1.1775,137.48,0.7753
2015-01-15,1.1708,136.48,0.7672
2015-01-16,1.1588,135.06,0.7637
2015-01-19,1.1605,136.27,0.7664
2015-01-20,1.1579,137.37,0.7637
2015-01-21,1.1593,136.07,0.7671
2015-01-22,1.1618,136.7,0.7644
2015-01-23,1.1198,132.12,0.7473
2015-01-26,1.1244,133.03,0.74895
2015-01-27,1.1306,133.08,0.74725
2015-01-28,1.1344,133.7,0.7466
2015-01-29,1.1315,133.43,0.74775
2015-01-30,1.1305,133.08,0.7511
2015-02-02,1.131,133.06,0.7526
2015-02-03,1.1376,133.48,0.75395
2015-02-04,1.1446,134.49,0.7516
2015-02-05,1.141,133.98,0.7482
2015-02-06,1.1447,134.28,0.7473
2015-02-09,1.1275,133.72,0.7415
2015-02-10,1.1297,134.67,0.742
2015-02-11,1.1314,135.5,0.7396
2015-02-12,1.1328,135.72,0.7376
2015-02-13,1.1381,135.46,0.7401
2015-02-16,1.1408,135.26,0.7421
2015-02-17,1.1415,135.61,0.7434
2015-02-18,1.1372,135.69,0.7372
2015-02-19,1.1387,135.52,0.7379
2015-02-20,1.1298,133.91,0.7348
2015-02-23,1.1298,134.5,0.7352
2015-02-24,1.1328,135.36,0.7344
2015-02-25,1.1346,134.92,0.7328
2015-02-26,1.1317,134.54,0.7301
2015-02-27,1.124,134.05,0.7278
2015-03-02,1.1227,134.47,0.7294
2015-03-03,1.1168,133.74,0.7276
2015-03-04,1.1124,133.15,0.7259
2015-03-05,1.1069,133.1,0.7251
2015-03-06,1.0963,131.48,0.722
2015-03-09,1.086,131.31,0.7186
2015-03-10,1.0738,130.29,0.7128
2015-03-11,1.0578,128.33,0.70355
2015-03-12,1.0613,128.29,0.7091
2015-03-13,1.0572,128.41,0.71525
2015-03-16,1.0557,127.96,0.7131
2015-03-17,1.0635,128.9,0.71995
2015-03-18,1.0592,128.35,0.723
2015-03-19,1.0677,129.12,0.7183
2015-03-20,1.0776,130.26,0.7255
2015-03-23,1.0912,130.8,0.7318
2015-03-24,1.095,130.89,0.7344
2015-03-25,1.0985,131.13,0.7365
2015-03-26,1.0973,130.67,0.7371
2015-03-27,1.0856,129.39,0.7298
2015-03-30,1.0845,130.02,0.7328
2015-03-31,1.0759,128.95,0.7273
2015-04-01,1.0755,129.29,0.7285
2015-04-02,1.083,129.59,0.7316
2015-04-07,1.0847,130.33,0.7286
2015-04-08,1.0862,130.09,0.7264
2015-04-09,1.0774,129.22,0.7268
2015-04-10,1.057,127.32,0.7244
2015-04-13,1.0552,127.2,0.7215
2015-04-14,1.0564,126.67,0.7217
2015-04-15,1.0579,126.52,0.7168
2015-04-16,1.0711,127.64,0.7189
2015-04-17,1.0814,128.45,0.7199
2015-04-20,1.0723,127.68,0.71955
2015-04-21,1.07,127.75,0.7187
2015-04-22,1.0743,128.45,0.7129
2015-04-23,1.0772,129.36,0.717
2015-04-24,1.0824,129.36,0.7159
2015-04-27,1.0822,129.23,0.7162
2015-04-28,1.0927,130.09,0.715
2015-04-29,1.1002,131.2,0.7161
2015-04-30,1.1215,133.26,0.7267
2015-05-04,1.1152,134.07,0.73788
2015-05-05,1.1117,133.92,0.735
2015-05-06,1.123,134.59,0.7376
2015-05-07,1.1305,134.72,0.7425
2015-05-08,1.1221,134.9,0.728
2015-05-11,1.1142,133.64,0.7196
2015-05-12,1.1239,134.85,0.7164
2015-05-13,1.1221,134.31,0.7174
2015-05-14,1.1419,136.12,0.7231
2015-05-15,1.1328,135.78,0.7211
2015-05-18,1.1389,136.33,0.727
2015-05-19,1.118,134.36,0.72185
2015-05-20,1.1118,134.43,0.7157
2015-05-21,1.1133,134.79,0.7099
2015-05-22,1.1164,135.01,0.7138
2015-05-25,1.0978,133.39,0.71
2015-05-26,1.0926,134.07,0.7096
2015-05-27,1.0863,134.37,0.707
2015-05-28,1.0896,135.36,0.7124
2015-05-29,1.097,135.95,0.719
2015-06-01,1.0944,135.79,0.71925
2015-06-02,1.1029,137.52,0.7243
2015-06-03,1.1134,138.46,0.7275
2015-06-04,1.1317,140.47,0.7354
2015-06-05,1.1218,139.97,0.7317
2015-06-08,1.1162,139.84,0.7318
2015-06-09,1.1249,139.56,0.7354
2015-06-10,1.1279,138.69,0.7284
2015-06-11,1.1232,138.95,0.7266
2015-06-12,1.122,138.78,0.7245
2015-06-15,1.1218,138.54,0.7234
2015-06-16,1.1215,138.42,0.7182
2015-06-17,1.1279,139.78,0.717
2015-06-18,1.1404,139.94,0.7167
2015-06-19,1.1299,139.19,0.7134
2015-06-22,1.1345,139.8,0.7169
2015-06-23,1.1204,138.72,0.7101
2015-06-24,1.1213,138.93,0.7118
2015-06-25,1.1206,138.52,0.7126
2015-06-26,1.1202,138.58,0.7123
2015-06-29,1.1133,136.81,0.7085
2015-06-30,1.1189,137.01,0.7114
2015-07-01,1.11,136.63,0.70905
2015-07-02,1.1066,136.82,0.7103
2015-07-03,1.1096,136.38,0.7102
2015-07-06,1.1008,135.11,0.708
2015-07-07,1.0931,133.88,0.7077
2015-07-08,1.1024,133.88,0.7173
2015-07-09,1.1054,134.3,0.7176
2015-07-10,1.1185,136.88,0.7208
2015-07-13,1.1049,136.3,0.7115
2015-07-14,1.1031,136.02,0.7084
2015-07-15,1.1009,135.95,0.7045
2015-07-16,1.0867,134.9,0.6981
2015-07-17,1.0889,135.01,0.6983
2015-07-20,1.0852,134.83,0.6971
2015-07-21,1.0867,135.17,0.6987
2015-07-22,1.0902,134.98,0.6982
2015-07-23,1.0999,136.15,0.7044
2015-07-24,1.0939,135.7,0.7069
2015-07-27,1.1058,136.23,0.7127
2015-07-28,1.1025,136.46,0.7074
2015-07-29,1.103,136.5,0.7053
2015-07-30,1.0955,136.25,0.701
2015-07-31,1.0967,136.34,0.7041
2015-08-03,1.0951,136.07,0.7028
2015-08-04,1.0973,136.07,0.70275
2015-08-05,1.0883,135.23,0.6963
2015-08-06,1.0885,135.94,0.7014
2015-08-07,1.0941,136.43,0.7051
2015-08-10,1.096,136.67,0.7071
2015-08-11,1.1055,137.99,0.7088
2015-08-12,1.1155,138.45,0.7149
2015-08-13,1.1109,138.23,0.7106
2015-08-14,1.1171,138.7,0.7145
2015-08-17,1.11,138.22,0.7105
2015-08-18,1.106,137.44,0.7042
2015-08-19,1.1041,137.31,0.7049
2015-08-20,1.1183,138.5,0.7138
2015-08-21,1.1281,138.4,0.7198
2015-08-24,1.1497,137.8,0.7302
2015-08-25,1.1506,137.84,0.729
2015-08-26,1.1402,136.46,0.7314
2015-08-27,1.1284,135.62,0.7312
2015-08-28,1.1268,136.16,0.7321
2015-08-31,1.1215,136.07,0.72753
2015-09-01,1.1236,134.87,0.7328
2015-09-02,1.1255,135.21,0.7369
2015-09-03,1.1229,134.98,0.7345
2015-09-04,1.1138,132.82,0.7315
2015-09-07,1.1146,133.09,0.73035
2015-09-08,1.1162,133.82,0.7244
2015-09-09,1.1139,134.65,0.7251
2015-09-10,1.1185,135.38,0.72655
2015-09-11,1.1268,136.02,0.7306
2015-09-14,1.1305,136.04,0.7334
2015-09-15,1.132,135.44,0.7346
2015-09-16,1.1228,135.45,0.72665
2015-09-17,1.1312,136.76,0.72865
2015-09-18,1.1419,136.31,0.7298
2015-09-21,1.125,135.5,0.7243
2015-09-22,1.1155,133.75,0.7223
2015-09-23,1.115,134.03,0.7297
2015-09-24,1.1241,134.48,0.7387
2015-09-25,1.1151,134.92,0.73475
2015-09-28,1.117,134.13,0.7352
2015-09-29,1.1204,134.38,0.7391
2015-09-30,1.1203,134.69,0.7385
2015-10-01,1.1153,133.56,0.7367
2015-10-02,1.116,134.24,0.7358
2015-10-05,1.1236,135.07,0.7402
2015-10-06,1.1224,135.07,0.7399
2015-10-07,1.1266,135.3,0.7358
2015-10-08,1.1254,134.92,0.7366
2015-10-09,1.1362,136.65,0.7407
2015-10-12,1.1373,136.61,0.7401
2015-10-13,1.1374,136.16,0.748
2015-10-14,1.141,136.48,0.7418
2015-10-15,1.1439,135.23,0.7397
2015-10-16,1.136,135.25,0.7356
2015-10-19,1.1333,135.29,0.7317
2015-10-20,1.1373,136.16,0.7352
2015-10-21,1.1354,136.3,0.7349
2015-10-22,1.1313,135.49,0.7314
2015-10-23,1.1084,133.8,0.71955
2015-10-26,1.1011,133.26,0.7184
2015-10-27,1.1061,133.06,0.7214
2015-10-28,1.1085,133.38,0.7248
2015-10-29,1.093,132.3,0.7167
2015-10-30,1.1017,132.88,0.7182
2015-11-02,1.1032,133.02,0.7132
2015-11-03,1.0976,132.65,0.71315
2015-11-04,1.0935,132.45,0.7094
2015-11-05,1.0883,132.65,0.7126
2015-11-06,1.0864,132.41,0.71765
2015-11-09,1.0776,133.08,0.7141
2015-11-10,1.0711,131.98,0.7084
2015-11-11,1.0716,131.9,0.706
2015-11-12,1.0726,131.92,0.7064
2015-11-13,1.0764,132.04,0.70705
2015-11-16,1.0723,132.01,0.7058
2015-11-17,1.067,131.49,0.7017
2015-11-18,1.0666,131.65,0.7009
2015-11-19,1.0687,131.6,0.6998
2015-11-20,1.0688,131.28,0.701
2015-11-23,1.0631,130.92,0.7025
2015-11-24,1.0651,130.52,0.7062
2015-11-25,1.0586,129.94,0.70175
2015-11-26,1.0612,130.06,0.7028
2015-11-27,1.058,129.75,0.7029
2015-11-30,1.0579,130.22,0.7048
2015-12-01,1.06,130.57,0.7036
2015-12-02,1.0612,130.7,0.7059
2015-12-03,1.0671,131.58,0.7122
2015-12-04,1.0902,134.08,0.7201
2015-12-07,1.0809,133.4,0.7177
2015-12-08,1.0875,133.64,0.7271
2015-12-09,1.0941,134.04,0.7251
2015-12-10,1.0943,132.97,0.7235
2015-12-11,1.095,133.02,0.7224
2015-12-14,1.0983,132.54,0.726
2015-12-15,1.099,132.97,0.7252
2015-12-16,1.0933,133.18,0.7283
2015-12-17,1.0841,132.82,0.7266
2015-12-18,1.0836,131.6,0.72666
2015-12-21,1.087,131.93,0.72985
2015-12-22,1.0952,132.42,0.7362
2015-12-23,1.0916,131.92,0.733
2015-12-24,1.0947,131.83,0.7342
2015-12-28,1.0962,132.05,0.73535
2015-12-29,1.0952,131.88,0.74005
2015-12-30,1.0926,131.66,0.73799
2015-12-31,1.0887,131.07,0.73395
2016-01-04,1.0898,129.78,0.7381
2016-01-05,1.0746,127.88,0.73235
2016-01-06,1.0742,127.19,0.7344
2016-01-07,1.0868,127.74,0.74545
2016-01-08,1.0861,128.51,0.74519
2016-01-11,1.0888,128.33,0.74705
2016-01-12,1.0836,127.79,0.7508
2016-01-13,1.0816,127.74,0.7502
2016-01-14,1.0893,128.26,0.75703
2016-01-15,1.0914,127.8,0.7615
2016-01-18,1.0892,127.78,0.76263
2016-01-19,1.0868,128.12,0.76473
2016-01-20,1.0907,127.28,0.77
2016-01-21,1.0893,127.43,0.77182
2016-01-22,1.0808,127.77,0.75459
2016-01-25,1.0815,128.07,0.7589
2016-01-26,1.0837,128.22,0.76095
2016-01-27,1.0888,128.91,0.75965
2016-01-28,1.0903,129.62,0.76228
2016-01-29,1.092,132.25,0.7641
2016-02-01,1.0884,131.99,0.761
2016-02-02,1.0919,131.84,0.7586
2016-02-03,1.0933,130.58,0.7533
2016-02-04,1.1206,131.49,0.76595
2016-02-05,1.1202,130.71,0.76975
2016-02-08,1.1101,129.11,0.7724
2016-02-09,1.1236,129.07,0.77945
2016-02-10,1.1257,129.42,0.77328
2016-02-11,1.1347,127.3,0.7874
2016-02-12,1.1275,127.07,0.77735
2016-02-15,1.118,127.6,0.772
2016-02-16,1.1166,127.02,0.7758
2016-02-17,1.1136,127.1,0.77835
2016-02-18,1.1084,126.17,0.77143
2016-02-19,1.1096,125.4,0.77715
2016-02-22,1.1026,124.85,0.78243
2016-02-23,1.1002,123.12,0.77985
2016-02-24,1.0981,122.86,0.78935
2016-02-25,1.1027,124.01,0.7892
2016-02-26,1.1006,124.42,0.78745
2016-02-29,1.0888,123.14,0.7858
2016-03-01,1.0872,122.94,0.778
2016-03-02,1.0856,124.07,0.7741
2016-03-03,1.0901,124.23,0.77435
2016-03-04,1.097,124.77,0.77483
2016-03-07,1.0953,124.45,0.77438
2016-03-08,1.1028,124.6,0.77608
2016-03-09,1.0973,123.63,0.77135
2016-03-10,1.0857,123.87,0.76728
2016-03-11,1.109,126.17,0.77595
2016-03-14,1.1119,126.36,0.77428
2016-03-15,1.1109,125.36,0.78358
2016-03-16,1.1064,125.68,0.7873
2016-03-17,1.1311,126.28,0.78218
2016-03-18,1.1279,125.79,0.77855
2016-03-21,1.1271,125.94,0.78303
2016-03-22,1.1212,125.13,0.7879
2016-03-23,1.1171,126.01,0.78985
2016-03-24,1.1154,125.41,0.78938
2016-03-29,1.1194,127.13,0.7845
2016-03-30,1.1324,127.37,0.7858
2016-03-31,1.1385,127.9,0.79155
2016-04-01,1.1432,128.07,0.7989
2016-04-04,1.138,126.97,0.79738
2016-04-05,1.1367,125.81,0.8016
2016-04-06,1.1336,125.13,0.80808
2016-04-07,1.1364,123.15,0.80728
2016-04-08,1.1363,123.36,0.8073
2016-04-11,1.139,123.28,0.8006
2016-04-12,1.1396,123.44,0.7984
2016-04-13,1.1298,123.47,0.79388
2016-04-14,1.1252,123.09,0.7956
2016-04-15,1.1284,122.91,0.79575
2016-04-18,1.1306,122.32,0.7978
2016-04-19,1.1343,124.1,0.78975
2016-04-20,1.1379,124.2,0.791
2016-04-21,1.1355,124.5,0.78693
2016-04-22,1.1263,124.86,0.78335
2016-04-25,1.1264,124.95,0.7764
2016-04-26,1.1287,125.45,0.77483
2016-04-27,1.1303,125.79,0.77475
2016-04-28,1.1358,122.84,0.77838
2016-04-29,1.1403,122.34,0.78025
2016-05-02,1.1493,122.47,0.78248
2016-05-03,1.1569,122.53,0.79103
2016-05-04,1.1505,122.62,0.79284
2016-05-05,1.1439,122.51,0.7886
2016-05-06,1.1427,122.23,0.7885
2016-05-09,1.1395,123.39,0.78998
2016-05-10,1.1375,124.12,0.7876
2016-05-11,1.1409,124.09,0.78958
2016-05-12,1.1389,124.5,0.78888
2016-05-13,1.1348,123.56,0.78758
2016-05-16,1.1324,123.27,0.788
2016-05-17,1.1318,123.93,0.7815
2016-05-18,1.1279,123.38,0.77485
2016-05-19,1.1197,123.17,0.76585
2016-05-20,1.1219,123.81,0.77008
2016-05-23,1.1215,122.7,0.77443
2016-05-24,1.1168,122.56,0.76513
2016-05-25,1.1146,122.79,0.75925
2016-05-26,1.1168,122.93,0.7597
2016-05-27,1.1168,122.46,0.76245
2016-05-30,1.1139,123.85,0.76125
2016-05-31,1.1154,123.83,0.76185
2016-06-01,1.1174,122.07,0.77358
2016-06-02,1.1188,121.96,0.77335
2016-06-03,1.1154,121.47,0.77285
2016-06-06,1.1349,121.58,0.7872
2016-06-07,1.1348,122.16,0.7788
2016-06-08,1.1378,121.77,0.78048
2016-06-09,1.1343,120.72,0.78438
2016-06-10,1.1304,120.79,0.7848
2016-06-13,1.1268,119.51,0.79515
2016-06-14,1.1225,118.98,0.79478
2016-06-15,1.123,119.29,0.79158
2016-06-16,1.1174,116.65,0.79033
2016-06-17,1.1254,117.34,0.7877
2016-06-20,1.1332,118.57,0.77375
2016-06-21,1.1314,118.39,0.76755
2016-06-22,1.1283,118.01,0.76793
2016-06-23,1.1389,120.38,0.76595
2016-06-24,1.1066,113.23,0.8075
2016-06-27,1.0998,111.8,0.834
2016-06-28,1.1073,113.4,0.8272
2016-06-29,1.109,113.85,0.8255
2016-06-30,1.1102,114.05,0.8265
2016-07-01,1.1135,114.29,0.8383
2016-07-04,1.1138,114.29,0.83905
2016-07-05,1.1146,113.5,0.84997
2016-07-06,1.1069,111.48,0.853
2016-07-07,1.108,111.9,0.85085
2016-07-08,1.107,111.17,0.85243
2016-07-11,1.1049,113.23,0.85097
2016-07-12,1.1092,115.29,0.84275
2016-07-13,1.1072,115.82,0.83398
2016-07-14,1.1157,117.88,0.83311
2016-07-15,1.1128,117.63,0.83275
2016-07-18,1.1053,116.82,0.83372
2016-07-19,1.1035,117.2,0.8395
2016-07-20,1.1013,117.33,0.83605
2016-07-21,1.1015,117.05,0.83595
2016-07-22,1.1014,116.86,0.84108
2016-07-25,1.0982,116.64,0.8367
2016-07-26,1.0997,114.67,0.8371
2016-07-27,1.0991,116.23,0.83875
2016-07-28,1.109,116.14,0.8422
2016-07-29,1.1113,114.83,0.844
2016-08-01,1.1164,114.28,0.8454
2016-08-02,1.1193,113.72,0.8431
2016-08-03,1.12,113.22,0.8391
2016-08-04,1.1136,112.66,0.84603
2016-08-05,1.1156,112.73,0.8481
2016-08-08,1.1087,113.59,0.84955
2016-08-09,1.1078,113.27,0.85399
2016-08-10,1.1184,113.09,0.85541
2016-08-11,1.1153,113.05,0.86038
2016-08-12,1.1158,113.77,0.8605
2016-08-15,1.118,112.97,0.86677
2016-08-16,1.1295,112.74,0.8706
2016-08-17,1.1276,113.53,0.8664
2016-08-18,1.1321,113.6,0.86073
2016-08-19,1.1326,113.53,0.86537
2016-08-22,1.1306,113.73,0.8624
2016-08-23,1.1339,113.48,0.85995
2016-08-24,1.1268,112.95,0.8513
2016-08-25,1.129,113.45,0.8557
2016-08-26,1.129,113.33,0.8545
2016-08-29,1.117,114.24,0.85476
2016-08-30,1.1168,114.27,0.8517
2016-08-31,1.1132,115.01,0.84806
2016-09-01,1.1146,115.59,0.8405
2016-09-02,1.1193,115.83,0.8426
2016-09-05,1.1156,115.24,0.83643
2016-09-06,1.1159,115.39,0.83535
2016-09-07,1.1237,114.23,0.83968
2016-09-08,1.1296,114.8,0.8456
2016-09-09,1.1268,115.85,0.84558
2016-09-12,1.1226,114.38,0.84475
2016-09-13,1.1247,114.98,0.84763
2016-09-14,1.1218,115.37,0.85078
2016-09-15,1.1254,114.98,0.85198
2016-09-16,1.1226,114.35,0.85203
2016-09-19,1.1165,113.65,0.855
2016-09-20,1.1184,113.93,0.86213
2016-09-21,1.115,112.49,0.85693
2016-09-22,1.1238,113.19,0.85925
2016-09-23,1.1214,113.02,0.86435
2016-09-26,1.1262,113.11,0.8709
2016-09-27,1.122,112.52,0.86413
2016-09-28,1.1225,112.93,0.86208
2016-09-29,1.1221,113.88,0.86138
2016-09-30,1.1161,113.09,0.86103
2016-10-03,1.1236,113.9,0.87318
2016-10-04,1.1161,114.5,0.8754
2016-10-05,1.1211,115.65,0.88155
2016-10-06,1.1185,116,0.88323
2016-10-07,1.114,115.44,0.90353
2016-10-10,1.116,115.39,0.9007
2016-10-11,1.1079,114.9,0.90233
2016-10-12,1.102,114.5,0.8999
2016-10-13,1.1038,114.49,0.9043
2016-10-14,1.1002,114.76,0.8991
2016-10-17,1.0994,114.46,0.90485
2016-10-18,1.0993,114.37,0.89565
2016-10-19,1.0979,113.49,0.89338
2016-10-20,1.098,113.76,0.89568
2016-10-21,1.0886,112.96,0.8932
2016-10-24,1.0891,113.29,0.89015
2016-10-25,1.0872,113.65,0.88998
2016-10-26,1.0925,113.97,0.89465
2016-10-27,1.0927,114.39,0.89158
2016-10-28,1.0922,115.1,0.89905
2016-10-31,1.0946,114.97,0.9005
2016-11-01,1.1025,115.57,0.90173
2016-11-02,1.1095,114.62,0.90063
2016-11-03,1.1064,114.25,0.88658
2016-11-04,1.1093,114.24,0.88808
2016-11-07,1.1062,115.4,0.8904
2016-11-08,1.1038,115.66,0.89088
2016-11-09,1.1022,114.54,0.8903
2016-11-10,1.0895,116.4,0.87785
2016-11-11,1.0904,115.96,0.86133
2016-11-14,1.0777,116.27,0.85985
2016-11-15,1.0765,116.55,0.86638
2016-11-16,1.0702,117.25,0.8611
2016-11-17,1.0717,117.12,0.86055
2016-11-18,1.0629,116.95,0.86218
2016-11-21,1.0631,117.59,0.85725
2016-11-22,1.0617,117.74,0.85423
2016-11-23,1.0602,118.04,0.85393
2016-11-24,1.0548,119.43,0.848
2016-11-25,1.0592,119.73,0.85182
2016-11-28,1.0588,119.25,0.85303
2016-11-29,1.0576,119.48,0.84815
2016-11-30,1.0635,120.48,0.8525
2016-12-01,1.0627,121.39,0.84098
2016-12-02,1.0642,121.2,0.84303
2016-12-05,1.0702,122.32,0.84168
2016-12-06,1.0734,122.28,0.8421
2016-12-07,1.073,122.42,0.85095
2016-12-08,1.0762,122.61,0.84995
2016-12-09,1.0559,121.48,0.83935
2016-12-12,1.0596,122.69,0.839
2016-12-13,1.061,122.27,0.83488
2016-12-14,1.0644,122.39,0.83963
2016-12-15,1.0419,123.03,0.83598
2016-12-16,1.0439,123.38,0.8389
2016-12-19,1.0422,122.19,0.8414
2016-12-20,1.0364,122.43,0.83978
2016-12-21,1.0421,122.31,0.8424
2016-12-22,1.0444,122.86,0.84645
2016-12-23,1.0446,122.6,0.85278
2016-12-27,1.0445,122.61,0.853
2016-12-28,1.0401,122.39,0.85128
2016-12-29,1.0453,122.04,0.853
2016-12-30,1.0541,123.4,0.85618
2017-01-02,1.0465,122.92,0.8514
2017-01-03,1.0385,122.75,0.84565
2017-01-04,1.0437,122.64,0.84945
2017-01-05,1.0501,122.38,0.8544
2017-01-06,1.0589,122.83,0.85648
2017-01-09,1.0516,122.66,0.8666
2017-01-10,1.0567,122.84,0.8694
2017-01-11,1.0503,122.14,0.86725
2017-01-12,1.0679,121.69,0.86843
2017-01-13,1.0661,121.91,0.87548
2017-01-16,1.0594,120.91,0.87808
2017-01-17,1.0684,121.1,0.8679
2017-01-18,1.0664,121.05,0.86833
2017-01-19,1.0668,122.23,0.86555
2017-01-20,1.0632,122.47,0.86595
2017-01-23,1.0715,121.72,0.86148
2017-01-24,1.0748,121.85,0.8635
2017-01-25,1.0743,121.79,0.85323
2017-01-26,1.07,122.4,0.85143
2017-01-27,1.0681,123.01,0.8517
2017-01-30,1.063,121.76,0.84935
2017-01-31,1.0755,121.94,0.86105
2017-02-01,1.079,122.25,0.85418
2017-02-02,1.0808,121.4,0.86068
2017-02-03,1.0741,121.49,0.86013
2017-02-06,1.0712,120.28,0.8595
2017-02-07,1.0675,119.94,0.8633
2017-02-08,1.0665,119.39,0.85315
2017-02-09,1.0692,120.04,0.8509
2017-02-10,1.0629,120.65,0.8529
2017-02-13,1.0629,120.9,0.8489
2017-02-14,1.0623,120.43,0.85098
2017-02-15,1.0555,120.85,0.84998
2017-02-16,1.0652,120.95,0.8511
2017-02-17,1.065,120.08,0.8572
2017-02-20,1.0616,120.11,0.85145
2017-02-21,1.0537,119.77,0.8486
2017-02-22,1.0513,118.79,0.8445
2017-02-23,1.0573,119.3,0.84628
2017-02-24,1.0609,119.04,0.84503
2017-02-27,1.0587,118.87,0.8528
2017-02-28,1.0597,118.83,0.85305
2017-03-01,1.0533,119.84,0.8555
2017-03-02,1.0514,120.24,0.8556
2017-03-03,1.0565,120.83,0.86355
2017-03-06,1.0592,120.55,0.863
2017-03-07,1.0576,120.61,0.8671
2017-03-08,1.0556,120.65,0.86753
2017-03-09,1.0551,120.95,0.86653
2017-03-10,1.0606,122.42,0.8725
2017-03-13,1.0663,122.35,0.87258
2017-03-14,1.0631,122.13,0.87563
2017-03-15,1.0622,121.77,0.87073
2017-03-16,1.0726,121.55,0.8681
2017-03-17,1.0737,121.49,0.86868
2017-03-20,1.0752,121.19,0.86793
2017-03-21,1.0802,121.58,0.86753
2017-03-22,1.0807,120.07,0.8679
2017-03-23,1.0786,119.36,0.86273
2017-03-24,1.0805,120.09,0.866
2017-03-27,1.0889,119.93,0.86403
2017-03-28,1.0859,119.84,0.86455
2017-03-29,1.0748,119.17,0.86385
2017-03-30,1.0737,119.39,0.8618
2017-03-31,1.0691,119.55,0.85553
2017-04-03,1.0661,118.64,0.8526
2017-04-04,1.0651,117.55,0.85623
2017-04-05,1.0678,118.49,0.8551
2017-04-06,1.0666,118.23,0.8559
2017-04-07,1.063,117.64,0.85573
2017-04-10,1.0578,117.72,0.85335
2017-04-11,1.0616,117.36,0.8533
2017-04-12,1.0605,116.22,0.8484
2017-04-13,1.063,116.01,0.84763
2017-04-18,1.0682,116.26,0.84375
2017-04-19,1.0725,116.91,0.8343
2017-04-20,1.0745,117.16,0.8392
2017-04-21,1.0698,116.72,0.8372
2017-04-24,1.0848,119.67,0.8483
2017-04-25,1.0891,120.34,0.84928
2017-04-26,1.0893,121.35,0.84903
2017-04-27,1.0881,121.27,0.8442
2017-04-28,1.093,121.76,0.84473
2017-05-02,1.0915,122.55,0.8452
2017-05-03,1.0919,122.47,0.8444
2017-05-04,1.0927,123.31,0.84765
2017-05-05,1.0961,123.29,0.8471
2017-05-08,1.0938,123.1,0.84465
2017-05-09,1.0888,124.04,0.843
2017-05-10,1.0882,123.84,0.83985
2017-05-11,1.086,123.69,0.84485
2017-05-12,1.0876,123.82,0.84588
2017-05-15,1.0972,124.45,0.84928
2017-05-16,1.1059,125.67,0.85868
2017-05-17,1.1117,124.82,0.85745
2017-05-18,1.1129,123.05,0.85363
2017-05-19,1.1179,124.35,0.85908
2017-05-22,1.1243,125.18,0.86353
2017-05-23,1.1215,124.62,0.86463
2017-05-24,1.1193,125.15,0.8634
2017-05-25,1.1214,125.33,0.86528
2017-05-26,1.1196,124.38,0.8719
2017-05-29,1.1188,124.57,0.87093
2017-05-30,1.1173,123.97,0.86793
2017-05-31,1.1221,124.4,0.87365
2017-06-01,1.1219,124.53,0.8723
2017-06-02,1.1217,125.02,0.87268
2017-06-05,1.1249,124.3,0.8713
2017-06-06,1.1258,123.12,0.8723
2017-06-07,1.1217,122.78,0.86908
2017-06-08,1.1229,123.77,0.86755
2017-06-09,1.1176,123.44,0.87638
2017-06-12,1.1221,123.3,0.88545
2017-06-13,1.1217,123.43,0.88075
2017-06-14,1.1203,123.58,0.8796
2017-06-15,1.1166,122.95,0.8764
2017-06-16,1.1167,124.33,0.87453
2017-06-19,1.1199,124.26,0.87518
2017-06-20,1.1156,124.25,0.88143
2017-06-21,1.1147,124.21,0.8781
2017-06-22,1.1169,124.27,0.88168
2017-06-23,1.1173,124.36,0.87805
2017-06-26,1.1187,124.93,0.8783
2017-06-27,1.1278,126.16,0.8837
2017-06-28,1.1375,127.53,0.88525
2017-06-29,1.1413,128.59,0.8799
2017-06-30,1.1412,127.75,0.87933
2017-07-03,1.1369,128.46,0.87705
2017-07-04,1.1353,128.57,0.87805
2017-07-05,1.1329,128.64,0.87735
2017-07-06,1.1385,129.01,0.88013
2017-07-07,1.1412,129.8,0.88488
2017-07-10,1.1387,129.98,0.88443
2017-07-11,1.1405,130.36,0.88318
2017-07-12,1.1449,130.02,0.88925
2017-07-13,1.1417,129.17,0.88215
2017-07-14,1.1415,129.1,0.87983
2017-07-17,1.1462,128.86,0.87755
2017-07-18,1.1555,129.46,0.8878
2017-07-19,1.1533,129.03,0.88485
2017-07-20,1.1485,128.92,0.88718
2017-07-21,1.1642,129.72,0.8961
2017-07-24,1.1648,129.09,0.8935
2017-07-25,1.1694,130.28,0.89395
2017-07-26,1.1644,130.26,0.89275
2017-07-27,1.1694,130.32,0.88978
2017-07-28,1.1729,130.37,0.89568
2017-07-31,1.1727,129.7,0.8942
2017-08-01,1.1812,130.53,0.8944
2017-08-02,1.1829,130.98,0.89425
2017-08-03,1.186,130.91,0.90318
2017-08-04,1.1868,130.67,0.9028
2017-08-07,1.1797,130.78,0.90435
2017-08-08,1.1814,130.31,0.90678
2017-08-09,1.1731,128.74,0.90338
2017-08-10,1.1732,128.76,0.90303
2017-08-11,1.1765,128.41,0.90645
2017-08-14,1.1797,129.28,0.90935
2017-08-15,1.1744,129.67,0.91145
2017-08-16,1.171,129.79,0.90993
2017-08-17,1.1697,128.81,0.90895
2017-08-18,1.174,128.02,0.91188
2017-08-21,1.1761,128.17,0.91318
2017-08-22,1.1771,128.73,0.91713
2017-08-23,1.1799,128.71,0.92133
2017-08-24,1.1806,129.06,0.92
2017-08-25,1.1808,129.59,0.92083
2017-08-28,1.1925,130.34,0.92328
2017-08-29,1.2048,130.86,0.92965
2017-08-30,1.1916,131.25,0.92246
2017-08-31,1.1825,130.81,0.91973
2017-09-01,1.192,131.29,0.92075
2017-09-04,1.1905,130.6,0.91855
2017-09-05,1.189,129.99,0.9174
2017-09-06,1.1931,129.92,0.91428
2017-09-07,1.1971,130.34,0.91403
2017-09-08,1.206,129.5,0.91268
2017-09-11,1.1997,130.38,0.90775
2017-09-12,1.1933,130.93,0.89878
2017-09-13,1.1979,131.79,0.90243
2017-09-14,1.1885,131.55,0.89123
2017-09-15,1.1963,132.92,0.88043
2017-09-18,1.1948,133.09,0.88253
2017-09-19,1.1972,133.44,0.88622
2017-09-20,1.2007,133.63,0.8868
2017-09-21,1.1905,133.86,0.8824
2017-09-22,1.1961,134.01,0.88155
2017-09-25,1.1867,133.19,0.87938
2017-09-26,1.1787,131.99,0.87775
2017-09-27,1.1741,132.6,0.87565
2017-09-28,1.1778,132.56,0.87635
2017-09-29,1.1806,132.82,0.88178
2017-10-02,1.1744,132.5,0.88418
2017-10-03,1.1753,132.77,0.88793
2017-10-04,1.1787,132.47,0.88768
2017-10-05,1.1742,132.05,0.89153
2017-10-06,1.1707,132.23,0.89535
2017-10-09,1.1746,132.36,0.89195
2017-10-10,1.1797,132.55,0.8941
2017-10-11,1.183,132.72,0.8971
2017-10-12,1.1856,133.12,0.90235
2017-10-13,1.181,132.49,0.8898
2017-10-16,1.1803,131.99,0.88753
2017-10-17,1.1759,131.94,0.89148
2017-10-18,1.1749,132.62,0.89283
2017-10-19,1.1834,133.18,0.89815
2017-10-20,1.1818,133.75,0.89623
2017-10-23,1.174,133.59,0.8909
2017-10-24,1.1761,133.95,0.89303
2017-10-25,1.1785,134.41,0.88883
2017-10-26,1.1753,133.75,0.8901
2017-10-27,1.1605,132.52,0.88633
2017-10-30,1.1612,131.83,0.8798
2017-10-31,1.1638,132,0.87853
2017-11-01,1.1612,132.6,0.87385
2017-11-02,1.1645,132.9,0.8869
2017-11-03,1.1657,132.82,0.88923
2017-11-06,1.159,132.29,0.8839
2017-11-07,1.1562,132.03,0.88038
2017-11-08,1.159,131.54,0.88405
2017-11-09,1.163,131.75,0.88633
2017-11-10,1.1654,132.08,0.8837
2017-11-13,1.1656,132.07,0.89018
2017-11-14,1.1745,133.29,0.89585
2017-11-15,1.184,133.45,0.8991
2017-11-16,1.1771,133.12,0.89183
2017-11-17,1.1795,132.82,0.89385
2017-11-20,1.1781,132.1,0.8894
2017-11-21,1.1718,131.87,0.88498
2017-11-22,1.1749,131.61,0.8881
2017-11-23,1.1848,131.79,0.89005
2017-11-24,1.1877,132.24,0.8912
2017-11-27,1.1952,132.69,0.89375
2017-11-28,1.1888,132.24,0.89538
2017-11-29,1.1827,132.24,0.88293
2017-11-30,1.1849,133.08,0.87985
2017-12-01,1.1885,133.7,0.88115
2017-12-04,1.1865,133.91,0.87725
2017-12-05,1.1847,133.37,0.88183
2017-12-06,1.1817,132.52,0.88335
2017-12-07,1.1786,132.88,0.88068
2017-12-08,1.1742,133.26,0.87525
2017-12-11,1.1796,133.66,0.8825
2017-12-12,1.1766,133.54,0.88068
2017-12-13,1.1736,132.99,0.87905
2017-12-14,1.1845,133.39,0.88163
2017-12-15,1.1806,132.45,0.88253
2017-12-18,1.1795,132.66,0.88208
2017-12-19,1.1823,133.23,0.885
2017-12-20,1.1845,134.16,0.8832
2017-12-21,1.1859,134.59,0.88763
2017-12-22,1.1853,134.37,0.88568
2017-12-27,1.1895,134.7,0.88593
2017-12-28,1.1934,134.74,0.88768
2017-12-29,1.1993,135.01,0.88723
2018-01-02,1.2065,135.35,0.88953
2018-01-03,1.2023,134.97,0.8864
2018-01-04,1.2065,135.92,0.89103
2018-01-05,1.2045,136.45,0.88883
2018-01-08,1.1973,135.34,0.88413
2018-01-09,1.1932,134.31,0.8827
2018-01-10,1.1992,133.62,0.8867
2018-01-11,1.2017,134.19,0.89075
2018-01-12,1.2137,134.88,0.88983
2018-01-15,1.2277,135.81,0.89043
2018-01-16,1.223,135.4,0.8886
2018-01-17,1.2203,135.21,0.88568
2018-01-18,1.2235,136.07,0.88208
2018-01-19,1.2255,135.54,0.88365
2018-01-22,1.2239,135.66,0.88085
2018-01-23,1.2249,135.35,0.8783
2018-01-24,1.2352,135.13,0.87183
2018-01-25,1.2407,135.12,0.87038
2018-01-26,1.2436,135.95,0.87335
2018-01-29,1.2379,134.75,0.8794
2018-01-30,1.2421,134.98,0.8793
2018-01-31,1.2457,135.6,0.8791
2018-02-01,1.2459,136.62,0.8752
2018-02-02,1.2492,137.22,0.8785
2018-02-05,1.244,136.67,0.88568
2018-02-06,1.2329,134.97,0.88885
2018-02-07,1.2338,134.84,0.88675
2018-02-08,1.2252,134.31,0.87513
2018-02-09,1.2273,133.59,0.8874
2018-02-12,1.2263,133.23,0.886
2018-02-13,1.2333,132.82,0.88935
2018-02-14,1.2348,132.4,0.8904
2018-02-15,1.2493,133.11,0.8866
2018-02-16,1.2464,132.34,0.88803
2018-02-19,1.241,132.24,0.8859
2018-02-20,1.234,132.25,0.88168
2018-02-21,1.2312,132.41,0.88463
2018-02-22,1.2276,131.47,0.88343
2018-02-23,1.2299,131.28,0.8794
2018-02-26,1.232,131.6,0.8782
2018-02-27,1.2301,131.77,0.884
2018-02-28,1.2214,130.72,0.88415
2018-03-01,1.2171,129.98,0.8852
2018-03-02,1.2312,129.77,0.8932
2018-03-05,1.2307,130.02,0.8907
2018-03-06,1.2411,131.84,0.89165
2018-03-07,1.2417,131.41,0.89513
2018-03-08,1.2421,131.83,0.89465
2018-03-09,1.2291,131.31,0.88893
2018-03-12,1.2302,131.04,0.8859
2018-03-13,1.2378,132.31,0.8865
2018-03-14,1.2369,131.77,0.8863
2018-03-15,1.2341,130.9,0.8848
2018-03-16,1.2301,130.21,0.88253
2018-03-19,1.2309,130.65,0.87593
2018-03-20,1.2276,130.72,0.87715
2018-03-21,1.2286,130.5,0.87403
2018-03-22,1.2316,129.75,0.872
2018-03-23,1.2346,129.74,0.87285
2018-03-26,1.2411,130.47,0.87248
2018-03-27,1.2376,131.04,0.8794
2018-03-28,1.2398,131.6,0.87605
2018-03-29,1.2321,131.15,0.8749
2018-04-03,1.2308,130.76,0.87523
2018-04-04,1.2276,130.43,0.87573
2018-04-05,1.226,131.26,0.87395
2018-04-06,1.2234,131.32,0.87295
2018-04-09,1.2304,131.66,0.87088
2018-04-10,1.2361,132.28,0.87183
2018-04-11,1.2384,132.26,0.8736
2018-04-12,1.2323,132.04,0.86745
2018-04-13,1.2317,132.64,0.864
2018-04-16,1.237,132.77,0.86465
2018-04-17,1.2357,132.35,0.8628
2018-04-18,1.2388,132.82,0.87105
2018-04-19,1.2382,132.88,0.86975
2018-04-20,1.2309,132.41,0.87608
2018-04-23,1.2238,132.38,0.8764
2018-04-24,1.2213,132.92,0.87468
2018-04-25,1.2185,133.03,0.8738
2018-04-26,1.2168,132.87,0.871
2018-04-27,1.207,131.95,0.877
2018-04-30,1.2079,132.12,0.8796
2018-05-02,1.2007,131.84,0.8804
2018-05-03,1.1992,131.03,0.8818
2018-05-04,1.1969,130.37,0.88235
2018-05-07,1.1902,130.15,0.8801
2018-05-08,1.187,129.45,0.8793
2018-05-09,1.1879,130.24,0.87445
2018-05-10,1.1878,130.22,0.8781
2018-05-11,1.1934,130.44,0.88
2018-05-14,1.1988,131.27,0.8824
2018-05-15,1.1883,130.77,0.879
2018-05-16,1.1784,129.83,0.87418
2018-05-17,1.1805,130.66,0.8735
2018-05-18,1.1781,130.69,0.87325
2018-05-21,1.1759,130.84,0.8764
2018-05-22,1.1794,130.7,0.87688
2018-05-23,1.1708,128.61,0.87953
2018-05-24,1.1728,128.46,0.87475
2018-05-25,1.1675,127.72,0.8754
2018-05-28,1.1644,127.33,0.87465
2018-05-29,1.1558,125.88,0.87143
2018-05-30,1.1632,126.76,0.875
2018-05-31,1.1699,127.33,0.8768
2018-06-01,1.1669,127.74,0.8768
2018-06-04,1.1737,128.44,0.87673
2018-06-05,1.1675,128.08,0.8739
2018-06-06,1.1765,129.57,0.87683
2018-06-07,1.1836,130.26,0.88123
2018-06-08,1.1754,128.64,0.87733
2018-06-11,1.179,129.62,0.8818
2018-06-12,1.1788,130.03,0.88175
2018-06-13,1.1764,130.03,0.8821
2018-06-14,1.173,129.15,0.87683
2018-06-15,1.1596,128.31,0.8732
2018-06-18,1.1613,128.27,0.87655
2018-06-19,1.1534,126.78,0.87693
2018-06-20,1.1578,127.39,0.87878
2018-06-21,1.1538,127.59,0.8737
2018-06-22,1.1648,128.3,0.87663
2018-06-25,1.17,128.21,0.8804
2018-06-26,1.1672,127.95,0.8816
2018-06-27,1.1616,128.08,0.88173
2018-06-28,1.1583,127.63,0.8852
2018-06-29,1.1658,129.04,0.88605
2018-07-02,1.1639,128.86,0.8865
2018-07-03,1.1665,129.09,0.8835
2018-07-04,1.1642,128.64,0.88108
2018-07-05,1.1709,129.53,0.8831
2018-07-06,1.1724,129.65,0.88595
2018-07-09,1.1789,130.21,0.88345
2018-07-10,1.1713,130.3,0.88338
2018-07-11,1.1735,130.53,0.88482
2018-07-12,1.1658,131.13,0.88263
2018-07-13,1.1643,131.04,0.88488
2018-07-16,1.172,131.65,0.8827
2018-07-17,1.1707,131.81,0.88725
2018-07-18,1.1611,130.92,0.89118
2018-07-19,1.1588,130.98,0.89298
2018-07-20,1.167,130.94,0.89445
2018-07-23,1.1716,130.18,0.8917
2018-07-24,1.1706,130.06,0.89178
2018-07-25,1.169,129.8,0.88855
2018-07-26,1.1716,129.91,0.8886
2018-07-27,1.1625,129.25,0.88823
2018-07-30,1.1684,129.79,0.8907
2018-07-31,1.1736,130.84,0.8922
2018-08-01,1.1696,130.81,0.8904
2018-08-02,1.1617,129.43,0.89145
2018-08-03,1.1588,129.3,0.8905
2018-08-06,1.1543,128.68,0.8928
2018-08-07,1.1602,128.88,0.89483
2018-08-08,1.1589,128.72,0.90085
2018-08-09,1.1593,128.84,0.8994
2018-08-10,1.1456,127.07,0.89675
2018-08-13,1.1403,126.11,0.8933
2018-08-14,1.1406,126.42,0.893
2018-08-15,1.1321,125.67,0.8913
2018-08-16,1.137,126.02,0.89498
2018-08-17,1.1391,125.75,0.89575
2018-08-20,1.142,126.25,0.89478
2018-08-21,1.1502,127.01,0.8974
2018-08-22,1.1616,128.08,0.89928
2018-08-23,1.1579,128.31,0.89878
2018-08-24,1.1588,128.97,0.902
2018-08-27,1.1633,129.16,0.90365
2018-08-28,1.171,130.03,0.9068
2018-08-29,1.166,129.73,0.905
2018-08-30,1.1692,130.32,0.89758
2018-08-31,1.1651,129.05,0.8974
2018-09-03,1.1609,129.03,0.90158
2018-09-04,1.1562,128.6,0.90058
2018-09-05,1.1582,129.17,0.90328
2018-09-06,1.1634,129.55,0.89824
2018-09-07,1.1615,128.74,0.89275
2018-09-10,1.1571,128.54,0.8934
2018-09-11,1.1574,128.82,0.89068
2018-09-12,1.1585,129.13,0.89028
2018-09-13,1.162,129.68,0.89
2018-09-14,1.1689,130.75,0.89228
2018-09-17,1.1671,130.79,0.88875
2018-09-18,1.1697,131.21,0.88963
2018-09-19,1.1667,130.94,0.88813
2018-09-20,1.1769,131.98,0.8859
2018-09-21,1.1759,132.44,0.894
2018-09-24,1.1773,132.56,0.89458
2018-09-25,1.1777,132.78,0.89425
2018-09-26,1.1737,132.61,0.8908
2018-09-27,1.1707,132.15,0.88973
2018-09-28,1.1576,131.23,0.8873
2018-10-01,1.1606,132.25,0.89078
2018-10-02,1.1543,131.46,0.89043
2018-10-03,1.1548,131.47,0.88895
2018-10-04,1.1502,131.31,0.8858
2018-10-05,1.1506,131.03,0.88165
2018-10-08,1.1478,130.11,0.8801
2018-10-09,1.1435,129.45,0.8768
2018-10-10,1.15,130.23,0.87448
2018-10-11,1.1575,130,0.8749
2018-10-12,1.1574,129.99,0.8764
2018-10-15,1.1581,129.53,0.88045
2018-10-16,1.1587,129.92,0.87593
2018-10-17,1.153,129.43,0.87945
2018-10-18,1.1505,129.44,0.87843
2018-10-19,1.147,129.05,0.8802
2018-10-22,1.1494,129.63,0.88425
2018-10-23,1.1478,128.76,0.88103
2018-10-24,1.1389,128.37,0.88233
2018-10-25,1.1416,128.27,0.88533
2018-10-26,1.1345,127.13,0.8868
2018-10-29,1.1381,127.92,0.88788
2018-10-30,1.1372,128.28,0.89148
2018-10-31,1.1318,128.15,0.88873
2018-11-01,1.1393,128.52,0.88173
2018-11-02,1.1417,128.89,0.8787
2018-11-05,1.137,128.81,0.87535
2018-11-06,1.1428,129.31,0.87313
2018-11-07,1.1487,130.02,0.87403
2018-11-08,1.1424,129.9,0.87163
2018-11-09,1.1346,129.26,0.87053
2018-11-12,1.1265,128.2,0.87563
2018-11-13,1.1261,128.32,0.86945
2018-11-14,1.1296,128.64,0.87048
2018-11-15,1.1305,128.16,0.8837
2018-11-16,1.1346,128.37,0.8835
2018-11-19,1.1427,128.89,0.89083
2018-11-20,1.1421,128.34,0.88908
2018-11-21,1.1409,129.04,0.89108
2018-11-22,1.1403,128.8,0.88598
2018-11-23,1.1352,128.07,0.8848
2018-11-26,1.1363,128.7,0.8844
2018-11-27,1.1328,128.66,0.88748
2018-11-28,1.1284,128.47,0.88245
2018-11-29,1.1387,128.99,0.89135
2018-11-30,1.1359,128.99,0.89068
2018-12-03,1.1332,128.7,0.8915
2018-12-04,1.1409,128.68,0.89058
2018-12-05,1.1354,128.31,0.88885
2018-12-06,1.1351,128.04,0.8893
2018-12-07,1.1371,128.36,0.89085
2018-12-10,1.1425,128.79,0.90245
2018-12-11,1.1379,128.75,0.90228
2018-12-12,1.1346,128.67,0.90135
2018-12-13,1.1371,129.06,0.89848
2018-12-14,1.1285,128.13,0.89835
2018-12-17,1.1341,128.44,0.8989
2018-12-18,1.1377,127.86,0.89715
2018-12-19,1.1405,128.11,0.90318
2018-12-20,1.1451,127.94,0.90335
2018-12-21,1.1414,126.98,0.90215
2018-12-24,1.1408,126.47,0.90038
2018-12-27,1.1377,126.14,0.90073
2018-12-28,1.1454,126.4,0.90273
2018-12-31,1.145,125.85,0.89453
2019-01-02,1.1397,124.28,0.90165
2019-01-03,1.1348,122.21,0.90312
2019-01-04,1.1403,123.2,0.89988
2019-01-07,1.1445,123.9,0.8972
2019-01-08,1.144,124.46,0.89743
2019-01-09,1.1455,124.7,0.89913
2019-01-10,1.1535,124.7,0.90423
2019-01-11,1.1533,124.91,0.90015
2019-01-14,1.1467,123.93,0.89263
2019-01-15,1.1424,124.02,0.89025
2019-01-16,1.1389,123.91,0.8859
2019-01-17,1.1396,123.95,0.8826
2019-01-18,1.1402,124.78,0.88125
2019-01-21,1.1362,124.6,0.88303
2019-01-22,1.1354,124.25,0.88
2019-01-23,1.1367,124.7,0.87213
2019-01-24,1.1341,124.43,0.87085
2019-01-25,1.1346,124.72,0.8658
2019-01-28,1.1418,124.94,0.86888
2019-01-29,1.1422,125.03,0.86735
2019-01-30,1.1429,125.08,0.87341
2019-01-31,1.1488,124.81,0.87578
2019-02-01,1.1471,124.91,0.87888
2019-02-04,1.1445,125.77,0.87678
2019-02-05,1.1423,125.59,0.87803
2019-02-06,1.1394,125.05,0.8787
2019-02-07,1.1345,124.41,0.8775
2019-02-08,1.1346,124.57,0.8749
2019-02-11,1.1309,124.63,0.87615
2019-02-12,1.1296,124.7,0.87705
2019-02-13,1.1305,125.19,0.87553
2019-02-14,1.1268,125.12,0.87945
2019-02-15,1.126,124.45,0.87938
2019-02-18,1.1328,125.23,0.8762
2019-02-19,1.1294,125.09,0.87185
2019-02-20,1.1342,125.61,0.86945
2019-02-21,1.1354,125.7,0.86805
2019-02-22,1.1325,125.56,0.87263
2019-02-25,1.1355,125.75,0.86828
2019-02-26,1.1361,125.93,0.86055
2019-02-27,1.1386,125.9,0.85503
2019-02-28,1.1416,126.44,0.85835
2019-03-01,1.1383,127.35,0.85968
2019-03-04,1.1337,126.91,0.85775
2019-03-05,1.1329,126.8,0.86358
2019-03-06,1.1305,126.4,0.8597
2019-03-07,1.1271,125.97,0.8588
2019-03-08,1.1222,124.72,0.85905
2019-03-11,1.1244,124.91,0.8624
2019-03-12,1.1275,125.27,0.86145
2019-03-13,1.1303,125.89,0.8588
2019-03-14,1.1295,126.09,0.85228
2019-03-15,1.1308,126.16,0.85415
2019-03-18,1.1349,126.54,0.8566
2019-03-19,1.1358,126.59,0.85548
2019-03-20,1.1354,126.63,0.8628
2019-03-21,1.1387,125.92,0.8665
2019-03-22,1.1302,124.6,0.8589
2019-03-25,1.1325,124.65,0.85638
2019-03-26,1.1291,124.72,0.8533
2019-03-27,1.1261,124.42,0.85118
2019-03-28,1.1218,124.16,0.85555
2019-03-29,1.1235,124.45,0.8583
2019-04-01,1.1236,124.68,0.85658
2019-04-02,1.12,124.73,0.86
2019-04-03,1.1243,125.3,0.8539
2019-04-04,1.1219,125.01,0.85418
2019-04-05,1.1233,125.44,0.85938
2019-04-08,1.1246,125.36,0.86183
2019-04-09,1.1277,125.51,0.86335
2019-04-10,1.1279,125.38,0.86083
2019-04-11,1.1264,125.3,0.86168
2019-04-12,1.1321,126.76,0.8629
2019-04-15,1.1313,126.66,0.86305
2019-04-16,1.1305,126.59,0.8639
2019-04-17,1.1301,126.51,0.86593
2019-04-18,1.125,125.86,0.8647
2019-04-23,1.1245,125.82,0.8645
2019-04-24,1.1209,125.34,0.86545
2019-04-25,1.1123,124.45,0.86435
2019-04-26,1.1133,124.45,0.8634
2019-04-29,1.115,124.64,0.8634
2019-04-30,1.1218,124.93,0.86248
2019-05-02,1.1212,125.01,0.8593
2019-05-03,1.1155,124.4,0.85785
2019-05-06,1.1199,124.13,0.8547
2019-05-07,1.1185,123.73,0.85645
2019-05-08,1.1202,123.31,0.86095
2019-05-09,1.1193,122.91,0.8612
2019-05-10,1.123,123.25,0.8625
2019-05-13,1.1245,123.06,0.8635
2019-05-14,1.1226,123,0.86723
2019-05-15,1.1183,122.24,0.8682
2019-05-16,1.1203,122.81,0.87463
2019-05-17,1.1172,122.34,0.87595
2019-05-20,1.1167,122.67,0.8762
2019-05-21,1.1161,123.27,0.8761
2019-05-22,1.1171,123.27,0.8828
2019-05-23,1.1139,122.56,0.881
2019-05-24,1.1187,122.61,0.88318
2019-05-27,1.1198,122.56,0.88225
2019-05-28,1.1192,122.45,0.88373
2019-05-29,1.1156,121.91,0.88225
2019-05-30,1.1134,122.1,0.88178
2019-05-31,1.1151,121.27,0.88693
2019-06-03,1.1185,121.17,0.88618
2019-06-04,1.1244,121.62,0.88738
2019-06-05,1.1257,121.96,0.88631
2019-06-06,1.1266,121.82,0.88558
2019-06-07,1.1273,122.27,0.88675
2019-06-10,1.1301,122.78,0.89248
2019-06-11,1.132,123.09,0.89085
2019-06-12,1.1323,122.72,0.88805
2019-06-13,1.1289,122.44,0.88948
2019-06-14,1.1265,121.9,0.89093
2019-06-17,1.1234,122.06,0.89208
2019-06-18,1.1187,121.08,0.89403
2019-06-19,1.1207,121.49,0.8902
2019-06-20,1.1307,121.71,0.89155
2019-06-21,1.1316,121.64,0.89425
2019-06-24,1.1394,122.25,0.89365
2019-06-25,1.1388,121.97,0.89485
2019-06-26,1.1362,122.4,0.89603
2019-06-27,1.137,122.64,0.89428
2019-06-28,1.138,122.6,0.89655
2019-07-01,1.1349,122.93,0.89718
2019-07-02,1.1301,122.36,0.89443
2019-07-03,1.1293,121.61,0.8975
2019-07-04,1.1288,121.65,0.8973
2019-07-05,1.126,121.77,0.89703
2019-07-08,1.1215,121.8,0.89625
2019-07-09,1.1205,121.93,0.89975
2019-07-10,1.122,122.2,0.89928
2019-07-11,1.1285,121.94,0.8979
2019-07-12,1.1253,121.83,0.89788
2019-07-15,1.1269,121.62,0.89873
2019-07-16,1.1223,121.13,0.9026
2019-07-17,1.1215,121.42,0.9034
2019-07-18,1.1216,120.89,0.89853
2019-07-19,1.1226,120.93,0.89635
2019-07-22,1.1215,121.03,0.89968
2019-07-23,1.1173,120.82,0.8983
2019-07-24,1.114,120.41,0.89143
2019-07-25,1.1115,120.15,0.88963
2019-07-26,1.1138,121.06,0.89633
2019-07-29,1.1119,120.81,0.90443
2019-07-30,1.1154,121,0.91653
2019-07-31,1.1151,121.04,0.91623
2019-08-01,1.1037,120.18,0.9115
2019-08-02,1.1106,118.57,0.91505
2019-08-05,1.1182,118.61,0.9188
2019-08-06,1.1187,119.1,0.9183
2019-08-07,1.1202,118.48,0.92353
2019-08-08,1.1193,118.64,0.92115
2019-08-09,1.1198,118.51,0.9282
2019-08-12,1.1194,117.69,0.92615
2019-08-13,1.1222,118.01,0.9283
2019-08-14,1.1188,118.48,0.92673
2019-08-15,1.115,118.37,0.91863
2019-08-16,1.1076,117.77,0.91033
2019-08-19,1.1103,118.34,0.91583
2019-08-20,1.1076,117.79,0.91623
2019-08-21,1.1104,118.24,0.91545
2019-08-22,1.1083,118.13,0.9115
2019-08-23,1.1065,117.79,0.90453
2019-08-26,1.1116,117.67,0.90808
2019-08-27,1.1104,117.43,0.90435
2019-08-28,1.1083,117.18,0.90823
2019-08-29,1.1072,117.68,0.90531
2019-08-30,1.1036,117.28,0.90565
2019-09-02,1.0968,116.66,0.9082
2019-09-03,1.0937,116.05,0.90885
2019-09-04,1.1018,117.03,0.90255
2019-09-05,1.1058,117.97,0.8958
2019-09-06,1.1027,118.01,0.89635
2019-09-09,1.1033,118.01,0.89275
2019-09-10,1.104,118.52,0.893
2019-09-11,1.1003,118.51,0.89133
2019-09-12,1.0963,118.14,0.8892
2019-09-13,1.1096,119.83,0.89093
2019-09-16,1.1031,118.96,0.8851
2019-09-17,1.1026,119.23,0.88813
2019-09-18,1.1053,119.54,0.8872
2019-09-19,1.1067,119.46,0.88735
2019-09-20,1.103,119.11,0.8823
2019-09-23,1.0985,118.07,0.88343
2019-09-24,1.1003,118.45,0.88153
2019-09-25,1.0982,118,0.88668
2019-09-26,1.0938,117.73,0.88505
2019-09-27,1.0935,118.21,0.88778
2019-09-30,1.0889,117.59,0.88573
2019-10-01,1.0898,118,0.88955
2019-10-02,1.0925,117.47,0.8897
2019-10-03,1.0951,117.17,0.8879
2019-10-04,1.0979,117.23,0.89045
2019-10-07,1.0993,117.44,0.89155
2019-10-08,1.0986,117.43,0.89795
2019-10-09,1.0981,117.91,0.8985
2019-10-10,1.103,118.52,0.90155
2019-10-11,1.1043,119.75,0.87518
2019-10-14,1.1031,119.4,0.87983
2019-10-15,1.1007,119.23,0.87058
2019-10-16,1.1025,119.9,0.8656
2019-10-17,1.1113,120.81,0.8684
2019-10-18,1.1144,120.97,0.86435
2019-10-21,1.1173,121.29,0.8593
2019-10-22,1.113,120.87,0.86065
2019-10-23,1.1123,120.63,0.86408
2019-10-24,1.1128,120.86,0.86288
2019-10-25,1.1107,120.59,0.86598
2019-10-28,1.1087,120.69,0.86328
2019-10-29,1.1095,120.88,0.86328
2019-10-30,1.1106,120.99,0.862
2019-10-31,1.1154,120.73,0.86133
2019-11-01,1.1139,120.43,0.86008
2019-11-04,1.1158,120.93,0.86368
2019-11-05,1.1109,120.93,0.86113
2019-11-06,1.109,120.88,0.86033
2019-11-07,1.1077,120.9,0.86442
2019-11-08,1.1034,120.72,0.86158
2019-11-11,1.1041,120.29,0.85743
2019-11-12,1.1015,120.24,0.8582
2019-11-13,1.1006,119.79,0.8576
2019-11-14,1.0997,119.49,0.85643
2019-11-15,1.1034,119.95,0.8566
2019-11-18,1.1061,120.55,0.8533
2019-11-19,1.1077,120.46,0.85573
2019-11-20,1.1059,119.96,0.85715
2019-11-21,1.1091,120.46,0.85548
2019-11-22,1.1058,120.03,0.8598
2019-11-25,1.1008,119.88,0.85515
2019-11-26,1.102,120.09,0.85715
2019-11-27,1.1009,120.18,0.8545
2019-11-28,1.1005,120.5,0.8518
2019-11-29,1.0982,120.43,0.85225
2019-12-02,1.1023,120.75,0.85218
2019-12-03,1.1071,120.39,0.852
2019-12-04,1.1081,120.45,0.8461
2019-12-05,1.1094,120.69,0.8447
2019-12-06,1.1094,120.44,0.84453
2019-12-09,1.1075,120.15,0.84195
2019-12-10,1.1077,120.27,0.84073
2019-12-11,1.1075,120.44,0.84245
2019-12-12,1.1137,120.95,0.8456
2019-12-13,1.1174,122.43,0.83508
2019-12-16,1.1146,121.97,0.83415
2019-12-17,1.1162,122.31,0.84748
2019-12-18,1.1115,121.81,0.85055
2019-12-19,1.1117,121.73,0.85073
2019-12-20,1.1097,121.31,0.85133
2019-12-23,1.1075,121.18,0.85708
2019-12-24,1.108,121.19,0.85533
2019-12-27,1.1153,122.23,0.8513
2019-12-30,1.1189,122.19,0.85208
2019-12-31,1.1234,121.94,0.8508
2020-01-02,1.1193,121.75,0.84828
2020-01-03,1.1147,120.54,0.85115
2020-01-06,1.1194,121.02,0.85215
2020-01-07,1.1172,121.15,0.85183
2020-01-08,1.1115,120.86,0.84868
2020-01-09,1.111,121.54,0.85285
2020-01-10,1.1091,121.6,0.8481
2020-01-13,1.1126,122.25,0.8576
2020-01-14,1.1115,122.32,0.85618
2020-01-15,1.1142,122.43,0.85683
2020-01-16,1.1169,122.8,0.8547
2020-01-17,1.1108,122.31,0.85105
2020-01-20,1.1085,122.14,0.85275
2020-01-21,1.1115,122.31,0.8503
2020-01-22,1.1088,121.93,0.84445
2020-01-23,1.1091,121.5,0.84498
2020-01-24,1.1035,120.96,0.84313
2020-01-27,1.1025,120.11,0.84358
2020-01-28,1.1005,120.02,0.84603
2020-01-29,1.1001,120.06,0.8458
2020-01-30,1.1029,120.03,0.84183
2020-01-31,1.1052,120.35,0.84175
2020-02-03,1.1066,120.1,0.84775
2020-02-04,1.1048,120.52,0.8488
2020-02-05,1.1023,120.94,0.84444
2020-02-06,1.1003,120.87,0.84835
2020-02-07,1.0969,120.51,0.8472
2020-02-10,1.0951,120.18,0.84628
2020-02-11,1.0901,119.73,0.84325
2020-02-12,1.0914,120.03,0.84058
2020-02-13,1.0867,119.21,0.83375
2020-02-14,1.0842,119.11,0.83208
2020-02-17,1.0835,119.05,0.83238
2020-02-18,1.0816,118.7,0.82985
2020-02-19,1.08,119.35,0.83148
2020-02-20,1.079,120.86,0.8384
2020-02-21,1.0801,120.96,0.8351
2020-02-24,1.0818,120.52,0.83833
2020-02-25,1.084,119.92,0.8363
2020-02-26,1.0875,120.13,0.8415
2020-02-27,1.0964,120.46,0.84995
2020-02-28,1.0977,119.36,0.85315
2020-03-02,1.1122,119.82,0.87113
2020-03-03,1.1117,119.77,0.8701
2020-03-04,1.1125,119.58,0.8685
2020-03-05,1.1187,119.63,0.8667
2020-03-06,1.1336,119.08,0.87165
2020-03-09,1.1456,117.12,0.87383
2020-03-10,1.139,118.65,0.87385
2020-03-11,1.1336,118.55,0.8769
2020-03-12,1.124,116.84,0.88623
2020-03-13,1.1104,119.11,0.8907
2020-03-16,1.1157,117.76,0.90918
2020-03-17,1.0982,117.5,0.90823
2020-03-18,1.0934,117.78,0.9219
2020-03-19,1.0801,118.63,0.92985
2020-03-20,1.0707,118.37,0.91028
2020-03-23,1.0783,119.11,0.9297
2020-03-24,1.0843,119.99,0.921
2020-03-25,1.0827,120.67,0.91503
2020-03-26,1.0981,120.18,0.91348
2020-03-27,1.0977,119.36,0.89743
2020-03-30,1.1034,119.34,0.889
2020-03-31,1.0956,118.9,0.88643
2020-04-01,1.0936,117.55,0.8846
2020-04-02,1.0906,117.06,0.87738
2020-04-03,1.0785,117.1,0.8785
2020-04-06,1.0791,117.54,0.878
2020-04-07,1.0885,118.55,0.88093
2020-04-08,1.0871,118.36,0.87948
2020-04-09,1.0867,118.33,0.87565
2020-04-14,1.0963,117.66,0.87253
2020-04-15,1.0903,117.12,0.87385
2020-04-16,1.0888,117.12,0.87163
2020-04-17,1.086,116.86,0.86978
2020-04-20,1.086,117.11,0.87343
2020-04-21,1.0837,116.39,0.8812
2020-04-22,1.0867,117.01,0.8792
2020-04-23,1.0772,115.75,0.872
2020-04-24,1.08,116.22,0.87498
2020-04-27,1.0852,116.22,0.87263
2020-04-28,1.0877,116.06,0.87078
2020-04-29,1.0842,115.52,0.87378
2020-04-30,1.0876,115.87,0.86905
2020-05-04,1.0942,116.84,0.87898
2020-05-05,1.0843,115.71,0.8706
2020-05-06,1.0807,114.65,0.87253
2020-05-07,1.0783,114.91,0.87478
2020-05-08,1.0843,115.34,0.87535
2020-05-11,1.0824,116.16,0.87875
2020-05-12,1.0858,116.56,0.87773
2020-05-13,1.0875,116.28,0.88245
2020-05-14,1.0792,115.48,0.88495
2020-05-15,1.0798,115.53,0.88738
2020-05-18,1.0832,116.31,0.89153
2020-05-19,1.095,118,0.89535
2020-05-20,1.0958,117.95,0.89358
2020-05-21,1.1,118.42,0.89943
2020-05-22,1.0904,117.26,0.89563
2020-05-25,1.091,117.47,0.89515
2020-05-26,1.0975,117.92,0.88878
2020-05-27,1.0991,118.58,0.89595
2020-05-28,1.1016,118.68,0.89728
2020-05-29,1.1136,119.29,0.90088
2020-06-01,1.1116,119.75,0.89673
2020-06-02,1.1174,120.83,0.89083
2020-06-03,1.1194,121.54,0.89065
2020-06-04,1.125,122.48,0.89685
2020-06-05,1.133,123.77,0.89448
2020-06-08,1.1285,123.41,0.89173
2020-06-09,1.1294,122.14,0.8912
2020-06-10,1.1375,122.16,0.88963
2020-06-11,1.1348,121.52,0.89665
2020-06-12,1.1304,121.26,0.89653
2020-06-15,1.1253,120.83,0.89648
2020-06-16,1.1308,121.39,0.8937
2020-06-17,1.1232,120.65,0.89448
2020-06-18,1.1222,120,0.90028
2020-06-19,1.121,119.77,0.90505
2020-06-22,1.1213,119.89,0.90328
2020-06-23,1.1318,121.05,0.9063
2020-06-24,1.128,120.3,0.90343
2020-06-25,1.12,120.25,0.90133
2020-06-26,1.1213,119.93,0.90575
2020-06-29,1.1284,121.07,0.9154
2020-06-30,1.1198,120.66,0.91243
2020-07-01,1.12,120.31,0.9043
2020-07-02,1.1286,121.24,0.90225
2020-07-03,1.1224,120.68,0.9012
2020-07-06,1.1325,121.78,0.90505
2020-07-07,1.129,121.61,0.9015
2020-07-08,1.1286,121.39,0.89923
2020-07-09,1.1342,121.67,0.89655
2020-07-10,1.1276,120.48,0.8957
2020-07-13,1.1329,121.4,0.89938
2020-07-14,1.1375,122.17,0.90778
2020-07-15,1.1444,122.25,0.9054
2020-07-16,1.1414,122.24,0.90875
2020-07-17,1.1428,122.53,0.91078
2020-07-20,1.1448,122.63,0.90575
2020-07-21,1.1443,122.7,0.90055
2020-07-22,1.1578,123.94,0.91123
2020-07-23,1.1569,123.98,0.91195
2020-07-24,1.1608,123.36,0.90985
2020-07-27,1.176,123.88,0.9134
2020-07-28,1.1717,123.34,0.90968
2020-07-29,1.1725,123.28,0.90385
2020-07-30,1.1743,123.58,0.90268
2020-07-31,1.1848,124.31,0.90053
2020-08-03,1.1726,124.51,0.90013
2020-08-04,1.1765,124.78,0.90335
2020-08-05,1.1854,125.37,0.90265
2020-08-06,1.1843,124.96,0.90033
2020-08-07,1.1817,124.91,0.90373
2020-08-10,1.1763,124.74,0.90155
2020-08-11,1.1783,124.97,0.89843
2020-08-12,1.1771,125.92,0.90475
2020-08-13,1.1833,126.58,0.90373
2020-08-14,1.1813,126.01,0.90173
2020-08-17,1.1853,125.99,0.90625
2020-08-18,1.1906,125.54,0.90375
2020-08-19,1.1933,125.74,0.90345
2020-08-20,1.185,125.46,0.90173
2020-08-21,1.1769,124.53,0.89755
2020-08-24,1.1847,125.26,0.90175
2020-08-25,1.1814,125.67,0.89945
2020-08-26,1.1789,125.34,0.8969
2020-08-27,1.1806,125.34,0.89505
2020-08-28,1.1915,125.39,0.89468
2020-08-31,1.194,126.47,0.89605
2020-09-01,1.1987,126.92,0.88975
2020-09-02,1.1861,126,0.8884
2020-09-03,1.1813,125.85,0.89135
2020-09-04,1.1842,125.79,0.89325
2020-09-07,1.1824,125.59,0.89835
2020-09-08,1.1785,125.2,0.90453
2020-09-09,1.1773,125.05,0.91213
2020-09-10,1.1849,125.76,0.9159
2020-09-11,1.1854,125.82,0.92408
2020-09-14,1.1876,125.82,0.9219
2020-09-15,1.1892,125.39,0.92095
2020-09-16,1.1869,124.72,0.91423
2020-09-17,1.1797,123.38,0.9153
2020-09-18,1.1833,123.49,0.91318
2020-09-21,1.1787,122.7,0.91608
2020-09-22,1.174,122.78,0.91743
2020-09-23,1.1692,122.91,0.91885
2020-09-24,1.1645,122.73,0.91228
2020-09-25,1.1634,122.74,0.91343
2020-09-28,1.167,123.02,0.90508
2020-09-29,1.1702,123.61,0.90963
2020-09-30,1.1708,123.76,0.91235
2020-10-01,1.1752,123.98,0.90723
2020-10-02,1.173,123.4,0.90673
2020-10-05,1.1768,124.25,0.9081
2020-10-06,1.1795,124.58,0.91058
2020-10-07,1.177,124.73,0.91413
2020-10-08,1.1765,124.69,0.91035
2020-10-09,1.1795,124.95,0.91167
2020-10-12,1.1799,124.41,0.90598
2020-10-13,1.1787,124.38,0.90591
2020-10-14,1.175,123.7,0.90395
2020-10-15,1.1698,123.15,0.90535
2020-10-16,1.1741,123.59,0.90915
2020-10-19,1.1785,124.11,0.90588
2020-10-20,1.181,124.79,0.91329
2020-10-21,1.1852,124.27,0.90754
2020-10-22,1.1821,123.72,0.90273
2020-10-23,1.1856,124.17,0.90675
2020-10-26,1.1819,124.14,0.90755
2020-10-27,1.1832,123.74,0.90718
2020-10-28,1.1727,122.36,0.90662
2020-10-29,1.1704,122.09,0.9043
2020-10-30,1.1698,122.36,0.90208
2020-11-02,1.1652,121.93,0.90053
2020-11-03,1.1702,122.56,0.90042
2020-11-04,1.1721,122.31,0.89954
2020-11-05,1.1855,122.86,0.9045
2020-11-06,1.187,122.66,0.9043
2020-11-09,1.1883,124.67,0.90224
2020-11-10,1.1808,124.36,0.89183
2020-11-11,1.1766,124.07,0.88935
2020-11-12,1.1791,124.25,0.89765
2020-11-13,1.1815,123.88,0.89683
2020-11-16,1.183,124.15,0.89819
2020-11-17,1.1882,123.78,0.89585
2020-11-18,1.1868,123.28,0.89373
2020-11-19,1.1832,123.08,0.89378
2020-11-20,1.1863,123.18,0.89393
2020-11-23,1.1901,123.47,0.88888
2020-11-24,1.1865,124.06,0.89012
2020-11-25,1.189,124.19,0.89129
2020-11-26,1.19,124.04,0.89129
2020-11-27,1.1922,124.23,0.89442
2020-11-30,1.198,124.79,0.89845
2020-12-01,1.1968,124.92,0.89798
2020-12-02,1.2066,126.13,0.9049
2020-12-03,1.2151,126.49,0.90358
2020-12-04,1.2159,126.44,0.90282
2020-12-07,1.2128,126.3,0.91215
2020-12-08,1.2114,126.18,0.91143
2020-12-09,1.2109,126.05,0.9
2020-12-10,1.2115,126.53,0.911
2020-12-11,1.2127,126.28,0.92294
2020-12-14,1.2162,126.11,0.907
2020-12-15,1.214,126.08,0.90795
2020-12-16,1.2189,125.97,0.8995
2020-12-17,1.2246,126.19,0.9005
2020-12-18,1.2259,126.69,0.90828
2020-12-21,1.2173,126.04,0.9161
2020-12-22,1.2239,126.52,0.91148
2020-12-23,1.2166,125.99,0.907
2020-12-24,1.2193,126.38,0.89795
2020-12-28,1.2219,126.54,0.90408
2020-12-29,1.2259,127.23,0.90863
2020-12-30,1.2281,126.57,0.90307
2020-12-31,1.2271,126.49,0.89903
2021-01-04,1.2296,126.62,0.9016
2021-01-05,1.2271,126.25,0.90333
2021-01-06,1.2338,127.03,0.90635
2021-01-07,1.2276,127.13,0.9019
2021-01-08,1.225,127.26,0.90128
2021-01-11,1.2163,126.76,0.90235
2021-01-12,1.2161,126.74,0.8944
2021-01-13,1.2166,126.44,0.88983
2021-01-14,1.2124,126.21,0.88943
2021-01-15,1.2123,125.74,0.88998
2021-01-18,1.2064,125.18,0.89073
2021-01-19,1.2132,126.16,0.891
2021-01-20,1.2101,125.62,0.88563
2021-01-21,1.2158,125.72,0.88625
2021-01-22,1.2158,126.19,0.89045
2021-01-25,1.2152,126.06,0.888
2021-01-26,1.2143,125.93,0.88698
2021-01-27,1.2114,125.87,0.88395
2021-01-28,1.2091,126.2,0.88603
2021-01-29,1.2136,127.05,0.88383
2021-02-01,1.2084,126.77,0.882
2021-02-02,1.2044,126.46,0.88075
2021-02-03,1.2017,126.25,0.88145
2021-02-04,1.1996,126.24,0.87693
2021-02-05,1.1983,126.72,0.87538
2021-02-08,1.2025,126.97,0.87833
2021-02-09,1.2104,126.58,0.87828
2021-02-10,1.2127,127.04,0.8765
2021-02-11,1.2147,127.12,0.87755
2021-02-12,1.2108,127.15,0.87753
2021-02-15,1.2129,127.72,0.87225
2021-02-16,1.2143,128.16,0.87333
2021-02-17,1.206,127.94,0.8696
2021-02-18,1.2084,127.69,0.8654
2021-02-19,1.2139,127.81,0.86508
2021-02-22,1.2133,128,0.8653
2021-02-23,1.2143,127.98,0.86308
2021-02-24,1.2146,128.69,0.8603
2021-02-25,1.2225,129.73,0.86408
2021-02-26,1.2121,128.83,0.87053
2021-03-01,1.2053,128.63,0.86558
2021-03-02,1.2028,128.58,0.86433
2021-03-03,1.2048,128.81,0.86351
2021-03-04,1.2034,129.23,0.8627
2021-03-05,1.1938,129.3,0.863
2021-03-08,1.1866,128.9,0.85728
2021-03-09,1.1894,129.5,0.85704
2021-03-10,1.1892,129.12,0.85655
2021-03-11,1.1969,129.82,0.8567
2021-03-12,1.1933,130.14,0.85835
2021-03-15,1.192,130.17,0.8567
2021-03-16,1.1926,129.88,0.85945
2021-03-17,1.1907,130.02,0.85668
2021-03-18,1.1912,130.08,0.85575
2021-03-19,1.1891,129.54,0.85763
2021-03-22,1.1926,129.77,0.86233
2021-03-23,1.1883,128.99,0.86198
2021-03-24,1.1825,128.6,0.8625
2021-03-25,1.1802,128.75,0.86068
2021-03-26,1.1782,129.34,0.85503
2021-03-29,1.1784,129.19,0.8512
2021-03-30,1.1741,129.48,0.85378
2021-03-31,1.1725,129.91,0.85209
2021-04-01,1.1746,130.03,0.85195
2021-04-06,1.1812,130.27,0.85358
2021-04-07,1.1884,130.56,0.86065
2021-04-08,1.1873,129.71,0.8629
2021-04-09,1.1888,130.42,0.86658
2021-04-12,1.1904,130.2,0.86518
2021-04-13,1.1896,130.23,0.86698
2021-04-14,1.1964,130.33,0.86918
2021-04-15,1.197,130.14,0.86753
2021-04-16,1.1986,130.37,0.86793
2021-04-19,1.2035,130.09,0.86355
2021-04-20,1.2051,130.64,0.86295
2021-04-21,1.2007,129.8,0.8625
2021-04-22,1.2046,130.3,0.86855
2021-04-23,1.2066,129.98,0.86905
2021-04-26,1.2085,130.54,0.86975
2021-04-27,1.2088,130.88,0.86895
2021-04-28,1.207,131.47,0.86988
2021-04-29,1.2129,132.2,0.8691
2021-04-30,1.2082,131.62,0.86863
2021-05-03,1.2044,131.9,0.86838
2021-05-04,1.2021,131.26,0.8677
2021-05-05,1.2005,131.2,0.86274
2021-05-06,1.206,131.69,0.86708
2021-05-07,1.2059,131.76,0.8681
2021-05-10,1.2169,132.31,0.86195
2021-05-11,1.217,132.12,0.86013
2021-05-12,1.2118,131.82,0.85798
2021-05-13,1.2081,132.37,0.86063
2021-05-14,1.2123,132.49,0.86083
2021-05-17,1.2143,132.6,0.86215
2021-05-18,1.2222,133.09,0.85998
2021-05-19,1.2212,133.3,0.86233
2021-05-20,1.2203,132.95,0.864
2021-05-21,1.2188,132.61,0.8587
2021-05-24,1.2212,132.97,0.86408
2021-05-25,1.2264,133.49,0.86573
2021-05-26,1.2229,133.16,0.8633
2021-05-27,1.2198,133.42,0.86068
2021-05-28,1.2142,133.65,0.85765
2021-05-31,1.2201,133.79,0.86013
2021-06-01,1.2225,134.05,0.86285
2021-06-02,1.2186,133.72,0.86125
2021-06-03,1.2187,133.81,0.85955
2021-06-04,1.2117,133.39,0.8569
2021-06-07,1.2162,132.98,0.85825
2021-06-08,1.2182,133.28,0.861
2021-06-09,1.2195,133.38,0.86053
2021-06-10,1.2174,133.35,0.86293
2021-06-11,1.2125,132.88,0.8571
2021-06-14,1.2112,132.95,0.85898
2021-06-15,1.2108,133.28,0.8615
2021-06-16,1.2124,133.19,0.8583
2021-06-17,1.1937,132.09,0.85525
2021-06-18,1.1898,131.12,0.85785
2021-06-21,1.1891,130.91,0.8567
2021-06-22,1.1894,131.5,0.8556
2021-06-23,1.1951,132.44,0.85435
2021-06-24,1.1936,132.2,0.85883
2021-06-25,1.195,132.27,0.8595
2021-06-28,1.191,132.13,0.8571
2021-06-29,1.1888,131.54,0.85948
2021-06-30,1.1884,131.43,0.85805
2021-07-01,1.1884,132.42,0.86033
2021-07-02,1.1823,131.74,0.86003
2021-07-05,1.1866,131.58,0.85665
2021-07-06,1.1838,130.99,0.8545
2021-07-07,1.1831,130.86,0.855
2021-07-08,1.1838,129.91,0.86133
2021-07-09,1.1858,130.46,0.85758
2021-07-12,1.1852,130.55,0.8557
2021-07-13,1.1844,130.55,0.85518
2021-07-14,1.1812,130.3,0.85158
2021-07-15,1.1809,129.93,0.85188
2021-07-16,1.1802,130.03,0.85298
2021-07-19,1.1766,128.96,0.85913
2021-07-20,1.1775,129.03,0.86545
2021-07-21,1.1772,129.63,0.86363
2021-07-22,1.1775,129.83,0.85563
2021-07-23,1.1767,130.11,0.85543
2021-07-26,1.1787,130.05,0.85468
2021-07-27,1.181,129.98,0.85503
2021-07-28,1.1807,129.97,0.85095
2021-07-29,1.1873,130.41,0.8508
2021-07-30,1.1891,130.39,0.8514
2021-08-02,1.1886,130.17,0.85568
2021-08-03,1.1885,129.7,0.85355
2021-08-04,1.1861,129.31,0.85153
2021-08-05,1.185,129.79,0.8506
2021-08-06,1.1807,129.64,0.8484
2021-08-09,1.1761,129.5,0.84745
2021-08-10,1.1722,129.48,0.84568
2021-08-11,1.1718,129.68,0.84698
2021-08-12,1.1739,129.61,0.84743
2021-08-13,1.1765,129.64,0.85093
2021-08-16,1.1772,128.75,0.84873
2021-08-17,1.1767,128.57,0.85323
2021-08-18,1.1723,128.67,0.85183
2021-08-19,1.1696,128.21,0.85523
2021-08-20,1.1671,127.97,0.8575
2021-08-23,1.1718,129.02,0.85635
2021-08-24,1.174,128.74,0.85578
2021-08-25,1.1736,129,0.8559
2021-08-26,1.1767,129.6,0.85718
2021-08-27,1.1761,129.59,0.85703
2021-08-30,1.1801,129.66,0.85748
2021-08-31,1.1834,129.95,0.85875
2021-09-01,1.1817,130.35,0.85863
2021-09-02,1.1846,130.31,0.85915
2021-09-03,1.1872,130.54,0.8584
2021-09-06,1.1864,130.34,0.8571
2021-09-07,1.186,130.51,0.86115
2021-09-08,1.1827,130.31,0.85873
2021-09-09,1.1838,130.1,0.85555
2021-09-10,1.1841,130.03,0.8526
2021-09-13,1.178,129.62,0.8512
2021-09-14,1.1814,130.08,0.8526
2021-09-15,1.1824,129.11,0.8551
2021-09-16,1.1763,128.67,0.85025
2021-09-17,1.178,129.61,0.85363
2021-09-20,1.1711,128.18,0.85705
2021-09-21,1.1738,128.34,0.85855
2021-09-22,1.1729,128.5,0.86
2021-09-23,1.1715,128.88,0.85495
2021-09-24,1.1719,129.49,0.85703
2021-09-27,1.1698,129.74,0.8542
2021-09-28,1.1678,130.17,0.8595
2021-09-29,1.1654,129.89,0.86443
2021-09-30,1.1579,129.67,0.86053
2021-10-01,1.16,128.97,0.85653
2021-10-04,1.1636,129.21,0.8553
2021-10-05,1.1602,128.99,0.85173
2021-10-06,1.1542,128.52,0.8497
2021-10-07,1.1562,128.78,0.85023
2021-10-08,1.1569,129.32,0.8489
2021-10-11,1.1574,130.7,0.84878
2021-10-12,1.1555,131.06,0.84755
2021-10-13,1.1562,131.3,0.84898
2021-10-14,1.1602,131.65,0.84618
2021-10-15,1.1602,132.65,0.84368
2021-10-18,1.1604,132.46,0.84438
2021-10-19,1.1655,133.12,0.84275
2021-10-20,1.1623,132.78,0.84503
2021-10-21,1.1637,132.85,0.8429
2021-10-22,1.163,132.43,0.8437
2021-10-25,1.1603,131.88,0.8438
2021-10-26,1.1618,132.47,0.84178
2021-10-27,1.1617,132,0.8453
2021-10-28,1.1593,131.7,0.84373
2021-10-29,1.1645,132.62,0.8449
2021-11-01,1.1578,132.19,0.84575
2021-11-02,1.1603,132.03,0.84955
2021-11-03,1.1578,131.9,0.84823
2021-11-04,1.1569,131.77,0.8535
2021-11-05,1.1519,130.98,0.85545
2021-11-08,1.1579,131.29,0.85478
2021-11-09,1.1577,130.9,0.8538
2021-11-10,1.1558,130.9,0.85548
2021-11-11,1.146,130.59,0.85538
2021-11-12,1.1448,130.5,0.85505
2021-11-15,1.1444,130.32,0.85165
2021-11-16,1.1368,129.89,0.84533
2021-11-17,1.1316,129.78,0.8409
2021-11-18,1.1345,129.58,0.84173
2021-11-19,1.1271,128.22,0.83928
2021-11-22,1.1278,128.69,0.83923
2021-11-23,1.1259,129.36,0.84185
2021-11-24,1.1206,129.06,0.83935
2021-11-25,1.1223,129.41,0.84295
2021-11-26,1.1291,128.82,0.8462
2021-11-29,1.1276,128.21,0.84583
2021-11-30,1.1363,128.2,0.85173
2021-12-01,1.1314,128.27,0.85
2021-12-02,1.1339,127.94,0.85135
2021-12-03,1.1291,127.97,0.85048
2021-12-06,1.1287,127.78,0.85128
2021-12-07,1.1256,127.83,0.84933
2021-12-08,1.1299,128.57,0.85603
2021-12-09,1.1311,128.21,0.8574
2021-12-10,1.1273,128.2,0.85355
2021-12-13,1.1278,128.19,0.85158
2021-12-14,1.1309,128.45,0.85345
2021-12-15,1.1262,128.25,0.8498
2021-12-16,1.1336,129.37,0.84835
2021-12-17,1.133,128.28,0.85208
2021-12-20,1.1273,127.98,0.85205
2021-12-21,1.1295,128.44,0.8528
2021-12-22,1.1301,129.08,0.849
2021-12-23,1.131,129.39,0.84228
2021-12-24,1.1317,129.45,0.84389
2021-12-27,1.1312,129.79,0.8433
2021-12-28,1.1331,130.16,0.84248
2021-12-29,1.1303,129.97,0.84115
2021-12-30,1.1334,130.44,0.8393
2021-12-31,1.1326,130.38,0.84028
2022-01-03,1.1355,130.56,0.84135
2022-01-04,1.1279,131.17,0.83618
2022-01-05,1.1319,131.03,0.83546
2022-01-06,1.1315,131.05,0.83593
2022-01-07,1.1298,130.9,0.8343
2022-01-10,1.1318,130.45,0.83398
2022-01-11,1.1336,130.95,0.83475
2022-01-12,1.137,131.19,0.83338
2022-01-13,1.1463,130.98,0.83545
2022-01-14,1.1447,130.17,0.83508
2022-01-17,1.1403,130.64,0.83573
2022-01-18,1.1367,130.39,0.83673
2022-01-19,1.1345,129.86,0.83168
2022-01-20,1.1338,129.53,0.83265
2022-01-21,1.1348,129.14,0.83633
2022-01-24,1.1304,128.62,0.83803
2022-01-25,1.1268,128.49,0.83713
2022-01-26,1.1277,128.86,0.83458
2022-01-27,1.116,128.74,0.83368
2022-01-28,1.1138,128.68,0.83178
2022-01-31,1.1156,128.79,0.83153
2022-02-01,1.126,129.12,0.83498
2022-02-02,1.1323,129.37,0.83395
2022-02-03,1.1286,129.63,0.83208
2022-02-04,1.1464,131.72,0.84593
2022-02-07,1.1447,131.59,0.84685
2022-02-08,1.1408,131.68,0.84363
2022-02-09,1.1435,132.04,0.84255
2022-02-10,1.1439,132.42,0.84248
2022-02-11,1.1417,132.24,0.83958
2022-02-14,1.1316,130.6,0.8372
2022-02-15,1.1345,131.18,0.83765
2022-02-16,1.1372,131.56,0.8394
2022-02-17,1.137,130.84,0.83493
2022-02-18,1.1354,130.59,0.83425
2022-02-21,1.1338,130.2,0.83298
2022-02-22,1.1342,130.54,0.83685
2022-02-23,1.1344,130.58,0.83463
2022-02-24,1.1163,128.28,0.83463
2022-02-25,1.1216,129.64,0.8374
2022-02-28,1.1199,129.31,0.8355
2022-03-01,1.1162,128.15,0.8329
2022-03-02,1.1106,128.08,0.83316
2022-03-03,1.1076,128.18,0.82773
2022-03-04,1.0929,126.17,0.82388
2022-03-07,1.0895,125.55,0.82625
2022-03-08,1.0892,126.03,0.83185
2022-03-09,1.0993,127.31,0.8357
2022-03-10,1.1084,128.54,0.84175
2022-03-11,1.099,128.46,0.8397
2022-03-14,1.096,129.3,0.83915
2022-03-15,1.0991,129.67,0.84053
2022-03-16,1.0994,130.05,0.83988
2022-03-17,1.1051,131.27,0.84315
2022-03-18,1.1008,131.4,0.83925
2022-03-21,1.1038,131.57,0.83775
2022-03-22,1.1024,132.96,0.83228
2022-03-23,1.0985,132.65,0.8328
2022-03-24,1.0978,133.71,0.83288
2022-03-25,1.1002,134.07,0.8338
2022-03-28,1.0966,135.93,0.83643
2022-03-29,1.1085,136.66,0.8444
2022-03-30,1.1126,135.47,0.84563
2022-03-31,1.1101,135.17,0.84595
2022-04-01,1.1052,135.35,0.84145
2022-04-04,1.1005,135.08,0.8389
2022-04-05,1.0969,134.76,0.8349
2022-04-06,1.0923,135.3,0.83473
2022-04-07,1.0916,135.32,0.8345
2022-04-08,1.0861,134.87,0.83355
2022-04-11,1.09,137.01,0.83693
2022-04-12,1.0861,136.29,0.83455
2022-04-13,1.0826,136.26,0.8328
2022-04-14,1.0878,136.32,0.82908
2022-04-19,1.0803,138.4,0.82955
2022-04-20,1.083,138.53,0.82965
2022-04-21,1.0887,139.61,0.83523
2022-04-22,1.0817,138.83,0.83925
2022-04-25,1.0746,137.73,0.8433
2022-04-26,1.0674,136.15,0.84135
2022-04-27,1.0583,135.57,0.84215
2022-04-28,1.0485,137.13,0.8435
2022-04-29,1.054,137.01,0.83908
2022-05-02,1.0524,136.63,0.8381
2022-05-03,1.0556,137.06,0.8413
2022-05-04,1.0531,136.84,0.84194
2022-05-05,1.0568,137.18,0.8519
2022-05-06,1.057,137.9,0.85625
2022-05-09,1.0559,138.1,0.85235
2022-05-10,1.0554,137.38,0.85595
2022-05-11,1.0553,137.07,0.85393
2022-05-12,1.0408,133.85,0.85293
2022-05-13,1.0385,133.91,0.85115
2022-05-16,1.0422,135.01,0.85045
2022-05-17,1.0541,136.32,0.844
2022-05-18,1.0523,135.76,0.8467
2022-05-19,1.0525,134.46,0.84728
2022-05-20,1.0577,135.34,0.8482
2022-05-23,1.0659,136.05,0.84783
2022-05-24,1.072,136.49,0.8575
2022-05-25,1.0656,135.34,0.85295
2022-05-26,1.0697,135.95,0.85073
2022-05-27,1.0722,136.05,0.84875
2022-05-30,1.0764,137.25,0.8515
2022-05-31,1.0713,137.36,0.85138
2022-06-01,1.0712,138.68,0.85158
2022-06-02,1.0692,138.72,0.85195
2022-06-03,1.073,139.59,0.8542
2022-06-06,1.0726,140.16,0.85415
2022-06-07,1.0662,141.66,0.85365
2022-06-08,1.0739,143.92,0.85575
2022-06-09,1.0743,143.93,0.85653
2022-06-10,1.0578,141.69,0.85048
2022-06-13,1.0455,140.51,0.8585
2022-06-14,1.0452,140.62,0.86578
2022-06-15,1.0431,140.49,0.86328
2022-06-16,1.04,138.24,0.8555
2022-06-17,1.0486,141.21,0.855
2022-06-20,1.0517,141.94,0.85748
2022-06-21,1.055,143.75,0.8601
2022-06-22,1.0521,143.11,0.85885
2022-06-23,1.0493,142.11,0.85818
2022-06-24,1.0524,142.19,0.85773
2022-06-27,1.0572,143.25,0.862
2022-06-28,1.0561,143.67,0.8635
2022-06-29,1.0517,143.53,0.86461
2022-06-30,1.0387,141.54,0.8582
2022-07-01,1.0425,141.05,0.86648
2022-07-04,1.0455,141.51,0.8596
2022-07-05,1.029,139.77,0.85845
2022-07-06,1.0177,137.71,0.85676
2022-07-07,1.018,138.11,0.85105
2022-07-08,1.0163,138.05,0.84585
2022-07-11,1.0098,138.77,0.8454
2022-07-12,1.0042,137.31,0.84823
2022-07-13,1.0067,138.02,0.84371
2022-07-14,1.0005,139.04,0.8456
2022-07-15,1.0059,139.49,0.84988
2022-07-18,1.0131,140.16,0.84708
2022-07-19,1.0245,141.01,0.85303
2022-07-20,1.0199,140.92,0.85178
2022-07-21,1.0199,141.46,0.85545
2022-07-22,1.019,139.51,0.85141
2022-07-25,1.0236,139.84,0.84813
2022-07-26,1.0124,138.35,0.84558
2022-07-27,1.0152,138.89,0.84138
2022-07-28,1.0122,137.26,0.83586
2022-07-29,1.0198,136.42,0.8399
2022-08-01,1.0233,135.38,0.837
2022-08-02,1.0224,133.9,0.83665
2022-08-03,1.0194,136.18,0.83629
2022-08-04,1.0181,135.81,0.84231
2022-08-05,1.0233,136.22,0.84268
2022-08-08,1.0199,137.62,0.84165
2022-08-09,1.0234,138.26,0.8452
2022-08-10,1.0252,138.16,0.84608
2022-08-11,1.0338,136.57,0.84575
2022-08-12,1.0285,137.47,0.84715
2022-08-15,1.0195,135.61,0.84375
2022-08-16,1.0131,136.11,0.84218
2022-08-17,1.0164,137.36,0.84208
2022-08-18,1.0178,137.17,0.84391
2022-08-19,1.0054,137.67,0.84938
2022-08-22,1.0001,137.08,0.84658
2022-08-23,0.9927,136.34,0.84343
2022-08-24,0.9934,135.74,0.84283
2022-08-25,0.997,136.07,0.84293
2022-08-26,1.0007,137.02,0.8459
2022-08-29,0.9986,138.49,0.8542
2022-08-30,1.0034,138.71,0.85645
2022-08-31,1,138.72,0.86035
2022-09-01,1.0004,139.34,0.86473
2022-09-02,0.9993,140.36,0.86478
2022-09-05,0.992,139.47,0.86358
2022-09-06,0.9928,140.91,0.85743
2022-09-07,0.9885,143.2,0.8651
2022-09-08,1.0009,143.65,0.86656
2022-09-09,1.0049,143.3,0.8686
2022-09-12,1.0155,144.49,0.86778
2022-09-13,1.0175,144.5,0.86793
2022-09-14,0.999,143.08,0.86498
2022-09-15,0.9992,143.43,0.86934
2022-09-16,0.9954,142.53,0.874
2022-09-19,0.999,143.42,0.87785
2022-09-20,0.9986,143.34,0.87395
2022-09-21,0.9906,142.66,0.87335
2022-09-22,0.9884,139.18,0.87256
2022-09-23,0.9754,139.43,0.88201
2022-09-26,0.9646,139.07,0.89404
2022-09-27,0.9644,139.28,0.89275
2022-09-28,0.9565,138.39,0.90268
2022-09-29,0.9706,140.46,0.89485
2022-09-30,0.9748,141.01,0.883
2022-10-03,0.9764,141.49,0.8707
2022-10-04,0.9891,143.3,0.87273
2022-10-05,0.9915,143.18,0.8734
2022-10-06,0.986,142.68,0.87583
2022-10-07,0.9797,141.92,0.87383
2022-10-10,0.9697,141.16,0.8773
2022-10-11,0.9723,141.54,0.87703
2022-10-12,0.9706,142.34,0.8784
2022-10-13,0.9739,142.94,0.86513
2022-10-14,0.9717,143.63,0.86823
2022-10-17,0.9739,145,0.8625
2022-10-18,0.9835,146.65,0.86928
2022-10-19,0.9778,146.34,0.86993
2022-10-20,0.9811,146.99,0.87258
2022-10-21,0.973,147.59,0.87728
2022-10-24,0.9851,146.76,0.8707
2022-10-25,0.9861,146.84,0.87143
2022-10-26,1.0023,147.32,0.86603
2022-10-27,1.0037,147.37,0.86745
2022-10-28,0.9951,146.79,0.8612
2022-10-31,0.9914,147.4,0.86115
2022-11-01,0.9947,146.35,0.86058
2022-11-02,0.9908,145.75,0.861
2022-11-03,0.9753,144.58,0.87228
2022-11-04,0.9872,145.19,0.87478
2022-11-07,0.9993,146.18,0.87135
2022-11-08,0.9996,146.25,0.87378
2022-11-09,1.0039,146.82,0.87774
2022-11-10,0.9954,145.47,0.87298
2022-11-11,1.0308,143.89,0.87538
2022-11-14,1.0319,144.86,0.87513
2022-11-15,1.0404,144.84,0.87455
2022-11-16,1.0412,145.29,0.87483
2022-11-17,1.0319,144.8,0.87475
2022-11-18,1.0366,145.12,0.87063
2022-11-21,1.0246,145.33,0.86793
2022-11-22,1.0274,145.2,0.86358
2022-11-23,1.0325,145.75,0.86369
2022-11-24,1.0413,143.9,0.85933
2022-11-25,1.0375,144.62,0.85885
2022-11-28,1.0463,144.9,0.86606
2022-11-29,1.0366,143.36,0.86218
2022-11-30,1.0376,144.28,0.86488
2022-12-01,1.0454,142.48,0.85715
2022-12-02,1.0538,141.32,0.85855
2022-12-05,1.0587,143.07,0.86085
2022-12-06,1.0516,143.33,0.8617
2022-12-07,1.0529,144.44,0.86408
2022-12-08,1.0519,143.75,0.86258
2022-12-09,1.0559,143.3,0.8595
2022-12-12,1.0562,144.86,0.86006
2022-12-13,1.0545,144.85,0.85753
2022-12-14,1.0649,143.68,0.86118
2022-12-15,1.0621,145.07,0.86194
2022-12-16,1.0619,145.53,0.87233
2022-12-19,1.0598,144.65,0.87118
2022-12-20,1.0599,140.58,0.8753
2022-12-21,1.0636,140.29,0.87651
2022-12-22,1.0633,140.42,0.88243
2022-12-23,1.0622,140.86,0.8803
2022-12-27,1.0624,141.68,0.88333
2022-12-28,1.064,142.21,0.88058
2022-12-29,1.0649,142.24,0.88549
2022-12-30,1.0666,140.66,0.88693
2023-01-02,1.0683,139.62,0.8863
2023-01-03,1.0545,137.93,0.88048
2023-01-04,1.0599,138.74,0.88076
2023-01-05,1.0601,140.95,0.88303
2023-01-06,1.05,141.3,0.88475
2023-01-09,1.0696,141.35,0.88048
2023-01-10,1.0723,141.92,0.8833
2023-01-11,1.0747,142.61,0.88673
2023-01-12,1.0772,140.61,0.8869
2023-01-13,1.0814,139.02,0.888
2023-01-16,1.0812,138.92,0.88758
2023-01-17,1.0843,139.5,0.88595
2023-01-18,1.0839,139.79,0.8753
2023-01-19,1.0815,139.02,0.87648
2023-01-20,1.0826,140.86,0.876
2023-01-23,1.0871,141.65,0.8797
2023-01-24,1.0858,141.47,0.88368
2023-01-25,1.0878,141.17,0.88248
2023-01-26,1.0895,141.38,0.87945
2023-01-27,1.0865,141.1,0.87885
2023-01-30,1.0903,141.79,0.87978
2023-01-31,1.0833,141.27,0.88073
2023-02-01,1.0894,141.37,0.88413
2023-02-02,1.0988,141.12,0.89289
2023-02-03,1.0937,140.45,0.8925
2023-02-06,1.0776,142.41,0.89278
2023-02-07,1.07,141.3,0.89338
2023-02-08,1.0735,140.81,0.888
2023-02-09,1.0771,140.8,0.88515
2023-02-10,1.069,139.88,0.88348
2023-02-13,1.0686,141.65,0.88281
2023-02-14,1.0759,142.14,0.88125
2023-02-15,1.07,143.05,0.88825
2023-02-16,1.07,143.31,0.88883
2023-02-17,1.0625,143.18,0.88888
2023-02-20,1.0674,143.09,0.88738
2023-02-21,1.0664,143.76,0.87925
2023-02-22,1.0644,143.24,0.87945
2023-02-23,1.0616,143.32,0.8814
2023-02-24,1.057,143.55,0.88245
2023-02-27,1.0554,143.88,0.88073
2023-02-28,1.0619,145.23,0.87701
2023-03-01,1.0684,144.82,0.88574
2023-03-02,1.0605,145.07,0.88785
2023-03-03,1.0615,144.55,0.8853
2023-03-06,1.0646,144.64,0.8863
2023-03-07,1.0665,145.21,0.88968
2023-03-08,1.0545,144.7,0.89074
2023-03-09,1.0554,143.82,0.88814
2023-03-10,1.0586,144.7,0.88258
2023-03-13,1.0706,141.96,0.8837
2023-03-14,1.0737,144.09,0.88054
2023-03-15,1.0549,139.51,0.87243
2023-03-16,1.0595,140.18,0.8782
2023-03-17,1.0623,140.57,0.87488
2023-03-20,1.0717,140.77,0.8756
2023-03-21,1.0776,142.63,0.88033
2023-03-22,1.0785,143.13,0.87925
2023-03-23,1.0879,142.87,0.88523
2023-03-24,1.0745,139.85,0.8794
2023-03-27,1.0773,141.64,0.87818
2023-03-28,1.0841,141.69,0.87938
2023-03-29,1.0847,143.58,0.87988
2023-03-30,1.0886,144.42,0.88164
2023-03-31,1.0875,144.83,0.8792
2023-04-03,1.087,144.51,0.8779
2023-04-04,1.0901,144.94,0.87333
2023-04-05,1.094,143.74,0.87685
2023-04-06,1.0915,143.49,0.87495
2023-04-11,1.0905,145.28,0.87738
2023-04-12,1.0922,146.09,0.88038
2023-04-13,1.1015,146.81,0.88058
2023-04-14,1.1057,146.6,0.8844
2023-04-17,1.0981,146.97,0.88373
2023-04-18,1.0972,146.89,0.88143
2023-04-19,1.0933,147.24,0.88108
2023-04-20,1.0944,147.46,0.88153
2023-04-21,1.0978,146.92,0.8857
2023-04-24,1.1002,148.17,0.88463
2023-04-25,1.1022,147.91,0.88645
2023-04-26,1.1039,147.67,0.8856
2023-04-27,1.1042,147.16,0.88428
2023-04-28,1.0981,149.35,0.8805
2023-05-02,1.0965,150.7,0.87868
2023-05-03,1.1043,149.66,0.88265
2023-05-04,1.1074,148.92,0.88015
2023-05-05,1.1014,147.8,0.87378
2023-05-08,1.1037,149.15,0.87228
2023-05-09,1.0959,147.97,0.8699
2023-05-10,1.095,148.18,0.86813
2023-05-11,1.093,146.54,0.86795
2023-05-12,1.0892,147.02,0.8702
2023-05-15,1.0876,148.15,0.86943
2023-05-16,1.0881,147.89,0.86938
2023-05-17,1.0829,148.31,0.86895
2023-05-18,1.0813,149.08,0.8689
2023-05-19,1.0808,149.55,0.8684
2023-05-22,1.0822,149.64,0.86846
2023-05-23,1.0779,149.2,0.86993
2023-05-24,1.0785,149.3,0.86993
2023-05-25,1.0735,149.63,0.86793
2023-05-26,1.0751,150.24,0.86813
2023-05-29,1.0715,150.29,0.86805
2023-05-30,1.0744,150.01,0.86365
2023-05-31,1.0683,149.13,0.86405
2023-06-01,1.0697,149.25,0.85823
2023-06-02,1.0763,149.46,0.8593
2023-06-05,1.069,149.96,0.86323
2023-06-06,1.0683,149.09,0.86103
2023-06-07,1.0717,149.42,0.8597
2023-06-08,1.0737,149.98,0.86113
2023-06-09,1.078,150.24,0.85795
2023-06-12,1.0765,150.03,0.85678
2023-06-13,1.0793,150.62,0.8585
2023-06-14,1.0809,151.21,0.85455
2023-06-15,1.0819,152.86,0.85555
2023-06-16,1.0966,154.65,0.85428
2023-06-19,1.0922,154.94,0.85268
2023-06-20,1.0933,154.51,0.85705
2023-06-21,1.0923,154.89,0.85828
2023-06-22,1.0985,156.05,0.86115
2023-06-23,1.0884,155.84,0.85479
2023-06-26,1.0918,156.41,0.85878
2023-06-27,1.0951,157.14,0.8599
2023-06-28,1.0938,157.82,0.8642
2023-06-29,1.0938,157.74,0.864
2023-06-30,1.0866,157.16,0.85828
2023-07-03,1.0899,157.81,0.8598
2023-07-04,1.0895,157.34,0.85673
2023-07-05,1.0879,157.26,0.85685
2023-07-06,1.0899,156.57,0.8531
2023-07-07,1.0888,156.01,0.85298
2023-07-10,1.0956,155.73,0.85733
2023-07-11,1.0989,154.27,0.8511
2023-07-12,1.1022,153.84,0.85378
2023-07-13,1.1182,154.84,0.85553
2023-07-14,1.1221,155.51,0.8559
2023-07-17,1.123,155.38,0.85873
2023-07-18,1.1255,155.4,0.85838
2023-07-19,1.1222,156.76,0.86918
2023-07-20,1.1197,156.35,0.8692
2023-07-21,1.1123,157.63,0.86706
2023-07-24,1.1096,156.47,0.8635
2023-07-25,1.1051,156.18,0.86148
2023-07-26,1.1059,155.3,0.85695
2023-07-27,1.1125,155.95,0.85885
2023-07-28,1.101,153.35,0.8556
2023-07-31,1.1023,156.73,0.85765
2023-08-01,1.097,156.85,0.85865
2023-08-02,1.0985,156.88,0.86038
2023-08-03,1.0932,156.24,0.86468
2023-08-04,1.0946,156.11,0.86193
2023-08-07,1.0984,156.21,0.86163
2023-08-08,1.0944,156.55,0.86158
2023-08-09,1.0968,157.35,0.8618
2023-08-10,1.1019,158.43,0.86313
2023-08-11,1.1004,158.97,0.86415
2023-08-14,1.093,158.68,0.86215
2023-08-15,1.0926,159.04,0.85955
2023-08-16,1.0916,159.07,0.85645
2023-08-17,1.09,158.88,0.85395
2023-08-18,1.0867,158.11,0.85493
2023-08-21,1.0908,159.15,0.85475
2023-08-22,1.0887,158.7,0.85288
2023-08-23,1.0805,157.28,0.85653
2023-08-24,1.084,157.96,0.8565
2023-08-25,1.0808,157.75,0.85643
2023-08-28,1.0808,158.35,0.85815
2023-08-29,1.0803,158.93,0.8586
2023-08-30,1.0886,159.15,0.8592
2023-08-31,1.0868,158.49,0.85718
2023-09-01,1.0844,157.47,0.85538
2023-09-04,1.0801,158.11,0.8555
2023-09-05,1.0731,158.2,0.85535
2023-09-06,1.0745,158.18,0.85503
2023-09-07,1.071,157.7,0.859
2023-09-08,1.0704,157.84,0.85735
2023-09-11,1.0724,157.16,0.8565
2023-09-12,1.0713,157.42,0.85925
2023-09-13,1.0733,158.28,0.8609
2023-09-14,1.073,158.13,0.85995
2023-09-15,1.0658,157.5,0.85878
2023-09-18,1.0663,157.44,0.86141
2023-09-19,1.0713,158.2,0.86263
2023-09-20,1.0702,158.28,0.8653
2023-09-21,1.0635,157.34,0.86713
2023-09-22,1.0647,157.87,0.86795
2023-09-25,1.0633,158.08,0.86965
2023-09-26,1.0605,157.87,0.8702
2023-09-27,1.0536,157.2,0.8681
2023-09-28,1.0539,157.33,0.86333
2023-09-29,1.0594,158.1,0.86458
2023-10-02,1.053,157.67,0.86628
2023-10-03,1.0469,157.01,0.86775
2023-10-04,1.0497,156.48,0.86588
2023-10-05,1.0526,156.71,0.86605
2023-10-06,1.0563,157.47,0.8651
2023-10-09,1.0531,157.06,0.8652
2023-10-10,1.0582,157.71,0.8639
2023-10-11,1.0604,157.87,0.86265
2023-10-12,1.0619,158.35,0.8626
2023-10-13,1.0524,157.44,0.86415
2023-10-16,1.0538,157.54,0.86545
2023-10-17,1.0569,158.03,0.8682
2023-10-18,1.0565,158.1,0.8661
2023-10-19,1.0558,158.21,0.87098
2023-10-20,1.0591,158.8,0.87213
2023-10-23,1.0597,158.91,0.87153
2023-10-24,1.0632,159.26,0.87025
2023-10-25,1.0576,158.55,0.8724
2023-10-26,1.054,158.48,0.8717
2023-10-27,1.0541,158.08,0.87023
2023-10-30,1.0605,158.8,0.87345
2023-10-31,1.0619,160.3,0.87366
2023-11-01,1.0537,159.33,0.86945
2023-11-02,1.0661,159.89,0.87305
2023-11-03,1.0702,159.87,0.86983
2023-11-06,1.0741,160.87,0.8664
2023-11-07,1.0686,160.77,0.86855
2023-11-08,1.0671,160.97,0.87015
2023-11-09,1.0691,161.57,0.87205
2023-11-10,1.0683,161.77,0.87435
2023-11-13,1.067,161.96,0.87155
2023-11-14,1.0724,162.67,0.8723
2023-11-15,1.0868,163.39,0.87188
2023-11-16,1.0849,164.05,0.8752
2023-11-17,1.0872,162.29,0.87395
2023-11-20,1.0928,162.12,0.8763
2023-11-21,1.0955,161.61,0.87326
2023-11-22,1.0911,162.25,0.8703
2023-11-23,1.09,162.98,0.8694
2023-11-24,1.0916,163.3,0.86818
2023-11-27,1.0951,162.86,0.86671
2023-11-28,1.0949,162.74,0.8682
2023-11-29,1.0985,162.12,0.86525
2023-11-30,1.0931,161.19,0.86368
2023-12-01,1.0875,161.14,0.86045
2023-12-04,1.0868,159.47,0.8579
2023-12-05,1.0817,159.13,0.85723
2023-12-06,1.0778,158.7,0.8561
2023-12-07,1.0771,156.18,0.8575
2023-12-08,1.0777,155.53,0.8569
2023-12-11,1.0757,157.54,0.8558
2023-12-12,1.0804,156.84,0.85928
2023-12-13,1.0787,157.13,0.8612
2023-12-14,1.0919,154.8,0.85955
2023-12-15,1.0946,155.15,0.85833
2023-12-18,1.0918,155.95,0.86263
2023-12-19,1.0962,158.2,0.86095
2023-12-20,1.0944,157.12,0.86555
2023-12-21,1.0983,156.79,0.86805
2023-12-22,1.1023,156.66,0.8666
2023-12-27,1.1065,157.81,0.8683
2023-12-28,1.1114,156.57,0.8706
2023-12-29,1.105,156.33,0.86905
2024-01-02,1.0956,155.68,0.86645
2024-01-03,1.0919,156.16,0.8647
2024-01-04,1.0953,157.91,0.86278
2024-01-05,1.0921,158.57,0.8621
2024-01-08,1.0946,158.19,0.8615
2024-01-09,1.094,157.63,0.85938
2024-01-10,1.0946,159.03,0.86023
2024-01-11,1.0987,159.71,0.86145
2024-01-12,1.0942,159.17,0.8595
2024-01-15,1.0945,159.67,0.86075
2024-01-16,1.0882,159.64,0.86078
2024-01-17,1.0877,160.65,0.85818
2024-01-18,1.0875,160.89,0.85773
2024-01-19,1.0887,161.17,0.85825
2024-01-22,1.089,160.95,0.85575
2024-01-23,1.0872,160.88,0.85493
2024-01-24,1.0905,160.46,0.85543
2024-01-25,1.0893,160.81,0.85538
2024-01-26,1.0871,160.62,0.85368
2024-01-29,1.0823,160.13,0.8525
2024-01-30,1.0846,159.97,0.85628
2024-01-31,1.0837,160.19,0.85435
2024-02-01,1.0814,158.96,0.85353
2024-02-02,1.0883,159.58,0.85263
2024-02-05,1.0746,159.72,0.85595
2024-02-06,1.0743,159.56,0.8546
2024-02-07,1.0776,159.71,0.85305
2024-02-08,1.0758,160.55,0.85378
2024-02-09,1.0772,161,0.8544
2024-02-12,1.0773,160.51,0.85391
2024-02-13,1.0793,161.17,0.85098
2024-02-14,1.0713,161.28,0.85258
2024-02-15,1.0743,161.26,0.85635
2024-02-16,1.0768,161.88,0.85605
2024-02-19,1.0776,161.59,0.85448
2024-02-20,1.0802,162.18,0.8566
2024-02-21,1.0809,162.12,0.85619
2024-02-22,1.0844,163.12,0.85625
2024-02-23,1.0834,162.91,0.8534
2024-02-26,1.0852,163.38,0.85495
2024-02-27,1.0856,163.04,0.8562
2024-02-28,1.0808,162.87,0.85548
2024-02-29,1.0826,162.53,0.85655
2024-03-01,1.0813,162.82,0.85588
2024-03-04,1.0846,163.22,0.85583
2024-03-05,1.0849,163.01,0.85543
2024-03-06,1.0874,162.67,0.85498
2024-03-07,1.0895,161.09,0.85445
2024-03-08,1.0932,160.99,0.85168
2024-03-11,1.0926,160.43,0.85208
2024-03-12,1.0916,161.39,0.85458
2024-03-13,1.0939,161.83,0.85451
2024-03-14,1.0925,161.7,0.8542
2024-03-15,1.0892,162.03,0.8541
2024-03-18,1.0892,162.51,0.85525
2024-03-19,1.0854,163.37,0.85445
2024-03-20,1.0844,164.54,0.85438
2024-03-21,1.0907,164.96,0.85678
2024-03-22,1.0823,163.74,0.85795
2024-03-25,1.0835,163.78,0.85698
2024-03-26,1.0855,164.4,0.85846
2024-03-27,1.0816,163.52,0.85768
2024-03-28,1.0811,163.45,0.8551
2024-04-02,1.0749,163.01,0.8551
2024-04-03,1.0783,163.66,0.85713
2024-04-04,1.0852,164.69,0.85788
2024-04-05,1.0841,164.1,0.85773
2024-04-08,1.0823,164.43,0.85795
2024-04-09,1.0867,164.97,0.85663
2024-04-10,1.086,164.89,0.85515
2024-04-11,1.0729,164.18,0.85525
2024-04-12,1.0652,163.16,0.85424
2024-04-15,1.0656,164.05,0.85405
2024-04-16,1.0637,164.54,0.8544
2024-04-17,1.0638,164.54,0.854
2024-04-18,1.0679,164.82,0.85628
2024-04-19,1.0653,164.68,0.8562
2024-04-22,1.0632,164.51,0.86328
2024-04-23,1.0674,165.23,0.8605
2024-04-24,1.0686,165.57,0.85945
2024-04-25,1.072,166.76,0.85675
2024-04-26,1.0714,168.03,0.85643
2024-04-29,1.072,167.53,0.85493
2024-04-30,1.0718,168.27,0.85478
2024-05-02,1.0698,165.63,0.85538
2024-05-03,1.0744,164.62,0.85573
2024-05-06,1.0776,165.7,0.8566
2024-05-07,1.0766,166.45,0.85805
2024-05-08,1.0743,167.15,0.86083
2024-05-09,1.0732,167.32,0.85995
2024-05-10,1.0779,167.87,0.86055
2024-05-13,1.0795,168.25,0.86023
2024-05-14,1.0796,168.89,0.85983
2024-05-15,1.0832,168.43,0.8584
2024-05-16,1.0866,168.33,0.8585
2024-05-17,1.0844,168.96,0.85685
2024-05-20,1.0861,169.25,0.85548
2024-05-21,1.0864,169.86,0.8544
2024-05-22,1.083,169.54,0.85165
2024-05-23,1.0854,169.9,0.85175
2024-05-24,1.084,170.28,0.85241
2024-05-27,1.0843,170.07,0.8507
2024-05-28,1.0882,170.54,0.8508
2024-05-29,1.0857,170.74,0.8513
2024-05-30,1.0815,169.5,0.85105
2024-05-31,1.0852,170.52,0.85365
2024-06-03,1.0842,170.09,0.85175
2024-06-04,1.0865,168.29,0.85143
2024-06-05,1.0872,169.72,0.85048
2024-06-06,1.0865,169.74,0.85088
2024-06-07,1.0898,169.52,0.8512
2024-06-10,1.0756,168.74,0.84565
2024-06-11,1.073,168.46,0.84198
2024-06-12,1.0765,169.35,0.84365
2024-06-13,1.0784,169.58,0.84468
2024-06-14,1.0686,167.8,0.84205
2024-06-17,1.0712,169.11,0.84573
2024-06-18,1.0715,169.41,0.8454
2024-06-19,1.0749,169.78,0.84455
2024-06-20,1.0719,169.82,0.84513
2024-06-21,1.0688,169.82,0.84531
2024-06-24,1.073,171.17,0.8473
2024-06-25,1.0714,170.84,0.84465
2024-06-26,1.0689,171.42,0.84453
2024-06-27,1.0696,171.66,0.8459
2024-06-28,1.0705,171.94,0.84638
2024-07-01,1.0745,173.15,0.8479
2024-07-02,1.0729,173.31,0.84755
2024-07-03,1.0758,174.18,0.8468
2024-07-04,1.08,173.84,0.84663
2024-07-05,1.0824,174.06,0.84613
2024-07-08,1.0835,174.37,0.8441
2024-07-09,1.0814,174.2,0.84491
2024-07-10,1.0825,174.79,0.84518
2024-07-11,1.0855,175.39,0.84305
2024-07-12,1.089,172.87,0.84029
2024-07-15,1.0907,172.34,0.84045
2024-07-16,1.0902,172.65,0.84058
2024-07-17,1.0934,171.21,0.83915
2024-07-18,1.093,171.02,0.84175
2024-07-19,1.089,171.61,0.8428
2024-07-22,1.0888,170.8,0.84215
2024-07-23,1.086,169.64,0.84073
2024-07-24,1.0848,167.23,0.83973
2024-07-25,1.0851,165.62,0.8428
2024-07-26,1.086,167.84,0.84378
2024-07-29,1.0817,166.44,0.84345
2024-07-30,1.0824,167.61,0.8426
2024-07-31,1.0828,162.76,0.8438
2024-08-01,1.0789,162.66,0.84328
2024-08-02,1.0835,161.37,0.85
2024-08-05,1.0966,155.98,0.85878
2024-08-06,1.0915,158.29,0.85998
2024-08-07,1.0922,160.62,0.85808
2024-08-08,1.093,159.74,0.86093
2024-08-09,1.0917,160.33,0.85708
2024-08-12,1.0925,161.25,0.85554
2024-08-13,1.0931,161.17,0.85458
2024-08-14,1.1019,161.98,0.85783
2024-08-15,1.1011,162.14,0.85615
2024-08-16,1.0994,162.72,0.85128
2024-08-19,1.1041,161.22,0.85243
2024-08-20,1.1084,162.18,0.85194
2024-08-21,1.1116,162.26,0.85303
2024-08-22,1.1135,162.64,0.84943
2024-08-23,1.1121,162.37,0.84733
2024-08-26,1.1163,160.94,0.84645
2024-08-27,1.1162,161.24,0.84438
2024-08-28,1.1117,160.57,0.84163
2024-08-29,1.1088,160.36,0.84175
2024-08-30,1.1087,161.19,0.8412
2024-09-02,1.1061,162.56,0.84218
2024-09-03,1.1035,161.26,0.84085
2024-09-04,1.105,160.26,0.84248
2024-09-05,1.1097,159.2,0.84318
2024-09-06,1.1103,158.93,0.84293
2024-09-09,1.1043,158.53,0.84365
2024-09-10,1.1031,157.81,0.84265
2024-09-11,1.1043,156.6,0.84375
2024-09-12,1.1016,157.02,0.8446
2024-09-13,1.1081,156.17,0.84475
2024-09-16,1.1126,155.66,0.84278
2024-09-17,1.1139,156.71,0.84278
2024-09-18,1.1124,157.94,0.84225
2024-09-19,1.1156,159.53,0.83953
2024-09-20,1.1166,161.08,0.8391
2024-09-23,1.1119,159.58,0.83518
2024-09-24,1.1133,160.14,0.8322
2024-09-25,1.1194,161.49,0.83653
2024-09-26,1.1155,160.78,0.83428
2024-09-27,1.1158,159.63,0.83338
2024-09-30,1.1196,159.82,0.83543
2024-10-01,1.1086,159.37,0.83193
2024-10-02,1.1071,160.26,0.83288
2024-10-03,1.1039,161.98,0.84258
2024-10-04,1.1029,161.69,0.83735
2024-10-07,1.0982,162.63,0.83918
2024-10-08,1.0982,162.49,0.83778
2024-10-09,1.0957,162.97,0.8374
2024-10-10,1.0932,162.85,0.83686
2024-10-11,1.0938,162.94,0.83705
2024-10-14,1.0915,163.39,0.83665
2024-10-15,1.0903,162.85,0.83355
2024-10-16,1.0897,162.57,0.83605
2024-10-17,1.0866,162.5,0.83455
2024-10-18,1.0847,162.75,0.83165
2024-10-21,1.0853,162.79,0.83315
2024-10-22,1.0821,163.22,0.8334
2024-10-23,1.0767,164.66,0.83148
2024-10-24,1.0801,164.12,0.8321
2024-10-25,1.0825,164.45,0.83358
2024-10-28,1.0818,165.18,0.8329
2024-10-29,1.0774,165.66,0.8302
2024-10-30,1.0815,165.91,0.83425
2024-10-31,1.0882,166.3,0.83753
2024-11-01,1.0885,165.54,0.83998
2024-11-04,1.0904,165.47,0.84063
2024-11-05,1.0897,165.93,0.8392
2024-11-06,1.0695,165.05,0.83223
2024-11-07,1.0785,165.71,0.83185
2024-11-08,1.0772,164.18,0.83188
2024-11-11,1.0651,163.82,0.8268
2024-11-12,1.0617,163.71,0.82835
2024-11-13,1.0629,164.71,0.83413
2024-11-14,1.0533,164.24,0.83158
2024-11-15,1.0583,164.36,0.83455
2024-11-18,1.0552,163.74,0.8356
2024-11-19,1.0578,162.71,0.83638
2024-11-20,1.0562,164.42,0.8338
2024-11-21,1.0526,162.53,0.83273
2024-11-22,1.0412,160.84,0.83205
2024-11-25,1.0495,161.64,0.83465
2024-11-26,1.0522,161.13,0.8348
2024-11-27,1.0531,159.65,0.834
2024-11-28,1.0542,159.89,0.8323
2024-11-29,1.0562,158.64,0.83205
2024-12-02,1.0507,157.74,0.82898
2024-12-03,1.0512,157.3,0.83123
2024-12-04,1.0492,158.59,0.8283
2024-12-05,1.054,158.52,0.828
2024-12-06,1.0581,159.25,0.82855
2024-12-09,1.0568,159.4,0.82805
2024-12-10,1.0527,159.74,0.82555
2024-12-11,1.0507,160.35,0.82458
2024-12-12,1.0491,159.6,0.82428
2024-12-13,1.0518,161.45,0.83043
2024-12-16,1.0498,161.73,0.82945
2024-12-17,1.0497,161.63,0.82648
2024-12-18,1.0496,161.52,0.8252
2024-12-19,1.0395,163.07,0.82445
2024-12-20,1.039,162.89,0.82965
2024-12-23,1.0393,163.36,0.82995
2024-12-24,1.0395,163.25,0.82805
2024-12-27,1.0435,164.65,0.83098
2024-12-30,1.0444,164.57,0.8295
2024-12-31,1.0389,163.06,0.82918
2025-01-02,1.0321,162.04,0.83118
2025-01-03,1.0299,161.77,0.82993
2025-01-06,1.0426,163.25,0.83098
2025-01-07,1.0393,163.86,0.82915
2025-01-08,1.0286,162.94,0.83403
2025-01-09,1.0305,162.56,0.83808
2025-01-10,1.0304,162.86,0.83693
2025-01-13,1.0198,160.22,0.8416
2025-01-14,1.0245,161.63,0.84288
2025-01-15,1.03,161.75,0.84313
2025-01-16,1.0272,160.46,0.84258
2025-01-17,1.0298,160.23,0.84453
2025-01-20,1.0316,161.36,0.84588
2025-01-21,1.0357,161.26,0.84553
2025-01-22,1.0443,162.72,0.84466
2025-01-23,1.0404,162.58,0.84468
2025-01-24,1.0472,163.9,0.84413
2025-01-27,1.053,162.21,0.84106
2025-01-28,1.0421,161.86,0.83868
2025-01-29,1.0396,161.5,0.83723
2025-01-30,1.0403,160.32,0.83685
2025-01-31,1.0393,160.99,0.83608
2025-02-03,1.0274,158.87,0.83136
2025-02-04,1.0335,160.52,0.83188
2025-02-05,1.0422,159.25,0.83085
2025-02-06,1.036,157.95,0.83688
2025-02-07,1.0377,157.77,0.83353
2025-02-10,1.032,156.92,0.83283
2025-02-11,1.0324,157.28,0.83355
2025-02-12,1.037,159.22,0.83338
2025-02-13,1.039,159.79,0.83313
2025-02-14,1.0478,160.09,0.83215
2025-02-17,1.0473,158.67,0.83133
2025-02-18,1.0447,158.55,0.83025
2025-02-19,1.0434,158.41,0.82838
2025-02-20,1.0443,156.6,0.82823
2025-02-21,1.0465,157.46,0.8276
2025-02-24,1.0466,156.81,0.8283
2025-02-25,1.0497,157.19,0.82908
2025-02-26,1.0487,156.7,0.82868
2025-02-27,1.0477,156.73,0.82673
2025-02-28,1.0411,156.96,0.82608
2025-03-03,1.0465,158.33,0.8253
2025-03-04,1.0557,156.5,0.82788
2025-03-05,1.0694,160.09,0.835
2025-03-06,1.0796,159.24,0.8379
2025-03-07,1.0857,160.35,0.84088
2025-03-10,1.0845,159.39,0.83849
2025-03-11,1.0912,161.52,0.84374
2025-03-12,1.0886,162.23,0.84078
2025-03-13,1.083,160.64,0.83778
2025-03-14,1.0889,161.88,0.84183
2025-03-17,1.0903,162.26,0.84026
2025-03-18,1.0918,163.5,0.84173
2025-03-19,1.0897,163.27,0.84078
2025-03-20,1.0833,160.85,0.8369
2025-03-21,1.0827,160.99,0.83765
2025-03-24,1.0824,162.15,0.83663
2025-03-25,1.0825,162.32,0.83565
2025-03-26,1.0788,162.2,0.83623
2025-03-27,1.0785,162.55,0.83318
2025-03-28,1.0797,162.64,0.83358
2025-03-31,1.0815,161.6,0.83536
2025-04-01,1.0788,160.93,0.83665
2025-04-02,1.0803,161.22,0.83455
2025-04-03,1.1097,162.17,0.84163
2025-04-04,1.1057,160.56,0.84985
2025-04-07,1.0967,160.58,0.85588
2025-04-08,1.095,160.65,0.85644
2025-04-09,1.1045,159.61,0.86435
2025-04-10,1.1082,161.28,0.85755
2025-04-11,1.1346,162.07,0.86678
2025-04-14,1.1377,162.97,0.86383
2025-04-15,1.1324,161.85,0.8557
2025-04-16,1.1355,162.09,0.85618
2025-04-17,1.136,161.98,0.85873
2025-04-22,1.1476,161.05,0.85858
2025-04-23,1.1415,161.68,0.85793
2025-04-24,1.1376,162.16,0.855
2025-04-25,1.1357,162.8,0.8531
2025-04-28,1.1358,162.8,0.8514
2025-04-29,1.1373,162.28,0.8498
2025-04-30,1.1373,162.68,0.8518
2025-05-02,1.1343,163.93,0.8533
2025-05-05,1.1343,163.19,0.8515
2025-05-06,1.1325,161.64,0.8469
2025-05-07,1.136,162.89,0.8511
2025-05-08,1.1297,163.45,0.8476
2025-05-09,1.1252,163.36,0.8477
2025-05-12,1.1106,164.46,0.8429
2025-05-13,1.1112,164.61,0.8406
2025-05-14,1.1214,164.01,0.8415
2025-05-15,1.1185,163.3,0.8424
2025-05-16,1.1194,163.05,0.8427
2025-05-19,1.1262,163.26,0.8419
2025-05-20,1.1241,162.59,0.8418
2025-05-21,1.1321,162.76,0.8446
2025-05-22,1.1309,162.19,0.8427
2025-05-23,1.1301,161.13,0.8382
2025-05-26,1.1381,162.63,0.8392
2025-05-27,1.1356,163.72,0.8381
2025-05-28,1.1317,163.43,0.8398
2025-05-29,1.1281,163.47,0.8377
2025-05-30,1.1339,162.96,0.8412
2025-06-02,1.1419,162.98,0.8434
2025-06-03,1.1386,163,0.8436
2025-06-04,1.1384,164.15,0.8421
2025-06-05,1.1423,163.66,0.8419
2025-06-06,1.1411,164.62,0.8426
2025-06-09,1.141,164.88,0.8424
2025-06-10,1.1429,165.23,0.8464
2025-06-11,1.1433,166.17,0.8476
2025-06-12,1.1594,166.64,0.8538
2025-06-13,1.1512,165.94,0.8505
2025-06-16,1.1574,166.89,0.8523
2025-06-17,1.1568,167.35,0.8525
2025-06-18,1.1508,166.67,0.8552
2025-06-19,1.1478,167.2,0.8541
2025-06-20,1.1515,167.67,0.8537
2025-06-23,1.1472,169.27,0.8567
2025-06-24,1.1607,168.27,0.8527
2025-06-25,1.1598,169.07,0.8526
2025-06-26,1.1695,168.92,0.8535
2025-06-27,1.1704,169.24,0.8529
2025-06-30,1.172,169.17,0.8555
2025-07-01,1.181,168.7,0.8588
2025-07-02,1.1755,169.45,0.8605
2025-07-03,1.1782,169.58,0.8629
2025-07-04,1.1767,169.92,0.8625
2025-07-07,1.1728,170.71,0.8611
2025-07-08,1.1718,171.7,0.8632
2025-07-09,1.1698,171.63,0.8613
2025-07-10,1.1709,171.33,0.8627
2025-07-11,1.1683,171.81,0.8657
2025-07-14,1.169,172.27,0.8667
2025-07-15,1.1665,172.58,0.8679
2025-07-16,1.1602,172.56,0.8659
2025-07-17,1.1579,172.28,0.8644
2025-07-18,1.165,172.94,0.8656
2025-07-21,1.1667,172.02,0.8656
2025-07-22,1.1699,172.17,0.8675
2025-07-23,1.1726,171.53,0.8665
2025-07-24,1.1756,172.22,0.8675
2025-07-25,1.1724,173.11,0.8715
2025-07-28,1.1654,172.65,0.8679
2025-07-29,1.1533,171.58,0.865
2025-07-30,1.1527,170.96,0.8622
2025-07-31,1.1446,171.52,0.8649
2025-08-01,1.1404,171.61,0.8665
2025-08-04,1.1565,170.45,0.8704
2025-08-05,1.1546,170.42,0.8693
2025-08-06,1.1604,171.22,0.8717
2025-08-07,1.1643,171.6,0.8673
2025-08-08,1.1648,172.18,0.8671
2025-08-11,1.1622,171.86,0.8656
2025-08-12,1.1606,172.3,0.8621
2025-08-13,1.1711,172.47,0.8631
2025-08-14,1.169,171.3,0.861
2025-08-15,1.1688,171.81,0.8622
2025-08-18,1.1673,172.27,0.8621
2025-08-19,1.1682,172.67,0.864
2025-08-20,1.1651,171.77,0.8645
2025-08-21,1.1639,172.09,0.8654
2025-08-22,1.1608,172.6,0.8653
2025-08-25,1.1697,172.36,0.8659
2025-08-26,1.1656,171.77,0.8642
2025-08-27,1.1593,171.63,0.8626
2025-08-28,1.1676,171.48,0.8637
2025-08-29,1.1658,171.72,0.8668
2025-09-01,1.1715,172.47,0.8662
2025-09-02,1.1646,173.1,0.8702
2025-09-03,1.1653,173.17,0.8687
2025-09-04,1.1647,172.76,0.8663
2025-09-05,1.1697,173.09,0.8678
2025-09-08,1.1728,173.39,0.8669
2025-09-09,1.1744,172.36,0.8663
2025-09-10,1.1707,172.67,0.865
2025-09-11,1.1685,172.88,0.8647
2025-09-12,1.1718,173.33,0.8653
2025-09-15,1.1766,173.38,0.8641
2025-09-16,1.1807,173.55,0.8656
2025-09-17,1.1837,173.28,0.8675
2025-09-18,1.1818,174.24,0.868
2025-09-19,1.1736,173.79,0.8708
2025-09-22,1.1781,174.17,0.8729
2025-09-23,1.1793,174.3,0.8729
2025-09-24,1.1756,174.51,0.8731
2025-09-25,1.1739,174.7,0.8748
2025-09-26,1.1672,174.79,0.874
2025-09-29,1.1723,174.38,0.8723
2025-09-30,1.1741,173.76,0.8734
2025-10-01,1.1724,172.47,0.8704
2025-10-02,1.1754,172.53,0.8721
2025-10-03,1.1734,172.9,0.8726
2025-10-06,1.1678,175.22,0.8695
2025-10-07,1.1666,176.05,0.8703
2025-10-08,1.1627,177.53,0.8671
2025-10-09,1.1611,177.4,0.8683
2025-10-10,1.1568,176.46,0.8709
2025-10-13,1.1569,175.98,0.8677
2025-10-14,1.1553,175.72,0.8712
2025-10-15,1.1622,176.13,0.8705
2025-10-16,1.1649,176.23,0.8676
2025-10-17,1.1681,175.7,0.8695
2025-10-20,1.1655,175.71,0.8691
2025-10-21,1.1607,176.45,0.8678
2025-10-22,1.1587,175.92,0.8689
2025-10-23,1.1593,176.94,0.8691
2025-10-24,1.1612,177.55,0.8726
2025-10-27,1.164,177.93,0.8721
2025-10-28,1.163,177.11,0.876
2025-10-29,1.1636,177.07,0.8807
2025-10-30,1.155,178.37,0.8801
2025-10-31,1.1554,178.14,0.8816
2025-11-03,1.1514,177.57,0.8765
2025-11-04,1.1491,176.39,0.8795
2025-11-05,1.1492,176.67,0.881
2025-11-06,1.1533,177.15,0.8807
2025-11-07,1.1561,176.99,0.8811
2025-11-10,1.1571,178.31,0.8778
2025-11-11,1.1575,178.46,0.8804
2025-11-12,1.1576,179.19,0.8823
2025-11-13,1.1619,179.57,0.8819
2025-11-14,1.1648,179.22,0.8846
2025-11-17,1.1593,179.57,0.8795
2025-11-18,1.159,179.94,0.8821
2025-11-19,1.1583,180.85,0.8827
2025-11-20,1.1514,181.47,0.8815
2025-11-21,1.152,180.56,0.8803
2025-11-24,1.1544,181.22,0.8804
2025-11-25,1.1551,180.42,0.8788
2025-11-26,1.1577,181.09,0.8776
2025-11-27,1.1586,181.11,0.8754
2025-11-28,1.1566,180.57,0.8752
2025-12-01,1.1646,180.28,0.8778
2025-12-02,1.1614,181.26,0.8796
2025-12-03,1.1668,181.28,0.8766
2025-12-04,1.1666,180.55,0.8745
2025-12-05,1.1645,180.76,0.8727
2025-12-08,1.1655,181.29,0.8746
2025-12-09,1.1637,181.96,0.8735
2025-12-10,1.1634,182.32,0.8741
2025-12-11,1.1714,182.25,0.8751
2025-12-12,1.1731,182.99,0.8767
2025-12-15,1.1753,182.32,0.8779
2025-12-16,1.1776,182.07,0.8764
2025-12-17,1.1722,182.38,0.8785
2025-12-18,1.1719,182.55,0.8746
2025-12-19,1.1712,184.15,0.876
2025-12-22,1.1745,184.77,0.8742
2025-12-23,1.1786,183.89,0.8729
2025-12-24,1.1787,183.83,0.8729
2025-12-29,1.1766,183.97,0.8726
2025-12-30,1.1757,183.48,0.8712
2025-12-31,1.175,184.09,0.8726
2026-01-02,1.1721,183.94,0.8719
2026-01-05,1.1664,182.93,0.8676
2026-01-06,1.1707,183.14,0.8663
2026-01-07,1.1684,182.91,0.8664
2026-01-08,1.1675,182.97,0.8687
2026-01-09,1.1642,183.52,0.8677
2026-01-12,1.1692,184.42,0.8674
2026-01-13,1.1654,185.12,0.866
2026-01-14,1.1651,184.82,0.8668
2026-01-15,1.1624,184.31,0.8674
2026-01-16,1.1617,183.67,0.867
2026-01-19,1.1631,183.69,0.8671
2026-01-20,1.1728,185.18,0.8722
2026-01-21,1.1739,185.23,0.8744
2026-01-22,1.1706,185.88,0.8722
2026-01-23,1.1742,185.71,0.8681
2026-01-26,1.1836,182.52,0.8675
2026-01-27,1.1929,182.92,0.8683
2026-01-28,1.1974,182.76,0.8685
2026-01-29,1.1968,183.48,0.8662
2026-01-30,1.1919,183.59,0.8662
2026-02-02,1.184,183.59,0.8658
2026-02-03,1.1801,183.92,0.8623
2026-02-04,1.182,185.15,0.8616
2026-02-05,1.1798,185.11,0.8691
2026-02-06,1.1794,185.27,0.8679
2026-02-09,1.1886,185.65,0.8701
2026-02-10,1.1894,184.51,0.8695
2026-02-11,1.19,182.79,0.8699
2026-02-12,1.1874,182.52,0.8711
2026-02-13,1.1862,181.83,0.8716
2026-02-16,1.1855,181.79,0.869
2026-02-17,1.1826,181.06,0.8733
2026-02-18,1.1845,181.99,0.8724
2026-02-19,1.1753,182.05,0.8738
2026-02-20,1.1767,182.63,0.8728
2026-02-23,1.1784,182.44,0.8734
2026-02-24,1.1777,183.53,0.8731
2026-02-25,1.1784,184.7,0.8714
2026-02-26,1.1814,184.37,0.8719
2026-02-27,1.1805,184.13,0.8763
2026-03-02,1.1698,184.19,0.8739
2026-03-03,1.1606,182.98,0.8717
2026-03-04,1.1649,183.02,0.8705
2026-03-05,1.1618,183.03,0.8695
2026-03-06,1.1561,182.57,0.86693
2026-03-09,1.1555,183.15,0.8653
2026-03-10,1.1641,183.67,0.86545
2026-03-11,1.1581,183.63,0.86363
2026-03-12,1.1547,183.43,0.86243
2026-03-13,1.1476,182.85,0.86503
2026-03-16,1.1478,182.66,0.86408
2026-03-17,1.1531,183.29,0.8643
2026-03-18,1.15,183.49,0.86393
2026-03-19,1.1489,182.46,0.86388
2026-03-20,1.1555,183.46,0.86438
2026-03-23,1.1596,183.86,0.8642
2026-03-24,1.1572,183.91,0.86541
2026-03-25,1.1592,184.27,0.86558
2026-03-26,1.1539,184.19,0.86515
2026-03-27,1.1517,184.16,0.8672
2026-03-30,1.1484,183.12,0.86803
2026-03-31,1.1498,183.39,0.86833
2026-04-01,1.1605,183.73,0.87113
2026-04-02,1.1525,183.94,0.87253
2026-04-07,1.1557,184.73,0.87258
2026-04-08,1.1706,185.13,0.86893
2026-04-09,1.1685,185.7,0.87053
2026-04-10,1.1711,186.43,0.87105
2026-04-13,1.1684,186.75,0.87058
2026-04-14,1.1793,187.33,0.86913
2026-04-15,1.178,187.41,0.86935
2026-04-16,1.1782,187.31,0.86993
2026-04-17,1.1797,187.72,0.87168
2026-04-20,1.176,186.88,0.87045
2026-04-21,1.1767,187.14,0.87035
2026-04-22,1.1733,186.81,0.86903
2026-04-23,1.1694,186.5,0.86575
2026-04-24,1.1712,186.71,0.86803
2026-04-27,1.1749,187.06,0.8658
2026-04-28,1.168,186.58,0.86715
2026-04-29,1.1706,187.05,0.86643
2026-04-30,1.1702,183.21,0.86625
2026-05-04,1.17,183.83,0.86358
2026-05-05,1.1686,184.42,0.86343
2026-05-06,1.1762,183.74,0.8637
2026-05-07,1.177,184.07,0.8641
2026-05-08,1.1761,184.37,0.8641
2026-05-11,1.1765,184.87,0.86488
2026-05-12,1.1738,184.98,0.86803
2026-05-13,1.1715,184.83,0.86713
2026-05-14,1.1702,184.83,0.86618
2026-05-15,1.1628,184.36,0.8705
2026-05-18,1.1648,184.93,0.8702
2026-05-19,1.162,184.89,0.86671
2026-05-20,1.16,184.48,0.86555
2026-05-21,1.1599,184.59,0.86433
2026-05-22,1.1595,184.53,0.86418
2026-05-25,1.1643,185.04,0.86255
2026-05-26,1.1634,185.22,0.86375
2026-05-27,1.1637,185.52,0.86618
2026-05-28,1.1617,185.24,0.86665
2026-05-29,1.1644,185.45,0.86723
2026-06-01,1.1646,185.74,0.86493
2026-06-02,1.1649,186.09,0.86465
2026-06-03,1.1614,185.66,0.8637
2026-06-04,1.164,186.01,0.8649
2026-06-05,1.164,186.08,0.86433
2026-06-08,1.154,184.6,0.8636
2026-06-09,1.1573,185.35,0.8634
2026-06-10,1.1539,185.19,0.86228
2026-06-11,1.1537,185.21,0.8633
2026-06-12,1.1567,185.3,0.86305
2026-06-15,1.1607,185.93,0.86483
2026-06-16,1.1594,185.94,0.86471
2026-06-17,1.1591,185.82,0.86463
2026-06-18,1.1461,184.44,0.86638
2026-06-19,1.1467,184.88,0.86653
2026-06-22,1.1456,185.33,0.86468
2026-06-23,1.1392,184.02,0.862
2026-06-24,1.134,183.35,0.86165
2026-06-25,1.1342,183.57,0.86183
2026-06-26,1.1401,184.3,0.86253
2026-06-29,1.1406,184.62,0.86215
2026-06-30,1.1394,185.08,0.86178
2026-07-01,1.1383,185.21,0.85973
2026-07-02,1.1399,184.19,0.85665
2026-07-03,1.1448,184.48,0.8572
2026-07-06,1.1415,185.31,0.85538
2026-07-07,1.1433,185.09,0.85411
2026-07-08,1.1404,185.3,0.85435
2026-07-09,1.1435,185.72,0.85363
2026-07-10,1.143,185.02,0.85155
2026-07-13,1.1424,185.23,0.8533
2026-07-14,1.1405,185.01,0.85215
2026-07-15,1.1406,185.22,0.85093
2026-07-16,1.1467,185.99,0.84873
2026-07-17,1.1435,185.65,0.85098
2026-07-20,1.1426,185.54,0.84888
2026-07-21,1.1418,185.82,0.85205
2026-07-22,1.1408,186.03,0.8534
2026-07-23,1.1392,186.23,0.85318
2026-07-24,1.1377,186.38,0.85388
2026-07-27,1.1389,186.37,0.85524
2026-07-28,1.1367,186.32,0.8555
2026-07-29,1.138,186.27,0.85635
2026-07-30,1.1476,186.99,0.85715
2026-07-31,1.1485,184.03,0.85573
2026-08-03,1.1535,180.73,0.85633
2026-08-04,1.1515,181.26,0.85639
2026-08-05,1.1554,182.08,0.8572
2026-08-06,1.1542,182.17,0.85705
2026-08-07,1.1535,182.64,0.85765
2026-08-10,1.1555,183.31,0.85565
2026-08-11,1.154,183.72,0.85483
2026-08-12,1.1545,183.67,0.85358
2026-08-13,1.1534,183.77,0.8549
2026-08-14,1.1567,183.93,0.8545
2026-08-17,1.1593,184.59,0.855
2026-08-18,1.1576,184.87,0.85585
2026-08-19,1.1605,184.62,0.85608
2026-08-20,1.1681,185.45,0.85725
2026-08-21,1.1699,185.66,0.8567
2026-08-24,1.1664,185.6,0.8555
2026-08-25,1.1662,185.7,0.8555
2026-08-26,1.1669,185.62,0.85613
2026-08-27,1.1645,185.61,0.8574
2026-08-28,1.1643,185.92,0.8572
2026-08-31,1.1596,185.22,0.85648
2026-09-01,1.159,185.63,0.85655
2026-09-02,1.1578,184.78,0.8587
2026-09-03,1.1615,181.21,0.86055
2026-09-04,1.1622,181.59,0.85898
2026-09-07,1.1622,179.85,0.85894
2026-09-08,1.1614,179.2,0.8574
2026-09-09,1.1652,178.59,0.85898
2026-09-10,1.1616,179.09,0.85915
2026-09-11,1.1592,178.56,0.85815
2026-09-14,1.1551,178.52,0.85598
2026-09-15,1.1539,178.86,0.8558
2026-09-16,1.1537,178.88,0.8574
2026-09-17,1.1481,178.75,0.8583
2026-09-18,1.146,180.94,0.8588
2026-09-21,1.149,180.7,0.8578
2026-09-22,1.1463,180.17,0.8578
2026-09-23,1.1411,180.2,0.8595
