date,dgs2,dgs5,dgs10
1976-06-01,7.26,7.71,7.94
1976-06-02,7.23,7.74,7.94
1976-06-03,7.22,7.75,7.92
1976-06-04,7.12,7.67,7.89
1976-06-07,7.09,7.64,7.88
1976-06-08,7.11,7.67,7.90
1976-06-09,7.08,7.66,7.90
1976-06-10,7.00,7.61,7.86
1976-06-11,7.03,7.58,7.86
1976-06-14,7.01,7.56,7.84
1976-06-15,7.02,7.59,7.85
1976-06-16,7.06,7.62,7.87
1976-06-17,7.06,7.60,7.85
1976-06-18,6.99,7.54,7.81
1976-06-21,6.95,7.51,7.80
1976-06-22,7.01,7.53,7.81
1976-06-23,7.01,7.53,7.81
1976-06-24,6.99,7.53,7.81
1976-06-25,7.02,7.56,7.83
1976-06-28,7.02,7.58,7.86
1976-06-29,7.02,7.59,7.86
1976-06-30,7.02,7.58,7.86
1976-07-01,7.02,7.59,7.88
1976-07-02,6.99,7.57,7.84
1976-07-06,6.96,7.55,7.82
1976-07-07,6.99,7.57,7.84
1976-07-08,6.92,7.52,7.82
1976-07-09,6.77,7.45,7.78
1976-07-12,6.72,7.40,7.76
1976-07-13,6.74,7.42,7.77
1976-07-14,6.76,7.43,7.79
1976-07-15,6.72,7.38,7.77
1976-07-16,6.85,7.47,7.83
1976-07-19,6.89,7.51,7.86
1976-07-20,6.91,7.52,7.87
1976-07-21,6.90,7.51,7.86
1976-07-22,6.91,7.52,7.86
1976-07-23,6.90,7.50,7.84
1976-07-26,6.86,7.51,7.87
1976-07-27,6.76,7.44,7.85
1976-07-28,6.79,7.48,7.85
1976-07-29,6.75,7.43,7.85
1976-07-30,6.74,7.47,7.86
1976-08-02,6.75,7.54,7.85
1976-08-03,6.72,7.50,7.82
1976-08-04,6.73,7.45,7.81
1976-08-05,6.74,7.40,7.82
1976-08-06,6.71,7.37,7.84
1976-08-09,6.68,7.38,7.84
1976-08-10,6.68,7.37,7.84
1976-08-11,6.66,7.33,7.82
1976-08-12,6.64,7.33,7.81
1976-08-13,6.60,7.28,7.78
1976-08-16,6.57,7.23,7.74
1976-08-17,6.57,7.26,7.75
1976-08-18,6.59,7.26,7.76
1976-08-19,6.61,7.29,7.76
1976-08-20,6.68,7.28,7.76
1976-08-23,6.62,7.23,7.73
1976-08-24,6.60,7.22,7.72
1976-08-25,6.53,7.19,7.69
1976-08-26,6.54,7.19,7.68
1976-08-27,6.60,7.26,7.72
1976-08-30,6.57,7.23,7.71
1976-08-31,6.50,7.16,7.66
1976-09-01,6.50,7.14,7.64
1976-09-02,6.54,7.18,7.67
1976-09-03,6.52,7.16,7.65
1976-09-07,6.46,7.15,7.64
1976-09-08,6.44,7.16,7.64
1976-09-09,6.49,7.19,7.66
1976-09-10,6.46,7.17,7.64
1976-09-13,6.47,7.20,7.64
1976-09-14,6.49,7.18,7.64
1976-09-15,6.45,7.17,7.62
1976-09-16,6.41,7.13,7.60
1976-09-17,6.26,7.04,7.49
1976-09-20,6.34,7.07,7.52
1976-09-21,6.30,7.06,7.51
1976-09-22,6.36,7.09,7.53
1976-09-23,6.35,7.09,7.54
1976-09-24,6.44,7.18,7.58
1976-09-27,6.41,7.14,7.60
1976-09-28,6.36,7.09,7.56
1976-09-29,6.36,7.08,7.56
1976-09-30,6.33,7.05,7.55
1976-10-01,6.24,6.95,7.49
1976-10-04,6.19,6.94,7.46
1976-10-05,6.19,6.94,7.47
1976-10-06,6.11,6.88,7.44
1976-10-07,6.09,6.86,7.43
1976-10-08,5.87,6.71,7.38
1976-10-12,5.80,6.64,7.35
1976-10-13,5.82,6.66,7.35
1976-10-14,5.81,6.63,7.34
1976-10-15,5.75,6.55,7.31
1976-10-18,5.77,6.55,7.31
1976-10-19,5.85,6.60,7.35
1976-10-20,5.95,6.64,7.38
1976-10-21,5.98,6.67,7.39
1976-10-22,6.07,6.78,7.48
1976-10-25,6.11,6.87,7.53
1976-10-26,6.05,6.83,7.48
1976-10-27,6.01,6.80,7.45
1976-10-28,5.99,6.76,7.41
1976-10-29,6.03,6.78,7.42
1976-11-01,6.03,6.70,7.38
1976-11-03,6.07,6.79,7.44
1976-11-04,5.95,6.72,7.38
1976-11-05,6.01,6.75,7.41
1976-11-08,6.04,6.82,7.46
1976-11-09,6.07,6.82,7.46
1976-11-10,6.03,6.78,7.45
1976-11-12,6.01,6.73,7.43
1976-11-15,6.00,6.70,7.41
1976-11-16,5.86,6.60,7.33
1976-11-17,5.82,6.56,7.32
1976-11-18,5.83,6.59,7.33
1976-11-19,5.67,6.44,7.24
1976-11-22,5.56,6.30,7.17
1976-11-23,5.59,6.28,7.16
1976-11-24,5.56,6.23,7.14
1976-11-26,5.41,5.99,6.99
1976-11-29,5.46,6.02,7.02
1976-11-30,5.42,6.05,7.01
1976-12-01,5.40,6.02,6.97
1976-12-02,5.34,6.00,6.92
1976-12-03,5.31,6.03,6.86
1976-12-06,5.37,6.05,6.87
1976-12-07,5.41,6.09,6.88
1976-12-08,5.43,6.13,6.91
1976-12-09,5.44,6.14,6.92
1976-12-10,5.31,6.02,6.82
1976-12-13,5.43,6.16,6.90
1976-12-14,5.39,6.13,6.89
1976-12-15,5.38,6.14,6.88
1976-12-16,5.40,6.14,6.88
1976-12-17,5.40,6.11,6.88
1976-12-20,5.34,6.08,6.84
1976-12-21,5.37,6.14,6.85
1976-12-22,5.34,6.12,6.86
1976-12-23,5.36,6.11,6.84
1976-12-27,5.37,6.13,6.84
1976-12-28,5.39,6.15,6.86
1976-12-29,5.39,6.16,6.84
1976-12-30,5.38,6.12,6.80
1976-12-31,5.34,6.13,6.81
1977-01-03,5.42,6.16,6.84
1977-01-04,5.50,6.19,6.90
1977-01-05,5.48,6.18,6.88
1977-01-06,5.57,6.23,6.93
1977-01-07,5.68,6.42,7.07
1977-01-10,5.79,6.60,7.20
1977-01-11,5.87,6.68,7.28
1977-01-12,5.84,6.60,7.26
1977-01-13,5.79,6.50,7.18
1977-01-14,5.96,6.59,7.28
1977-01-17,5.98,6.60,7.28
1977-01-18,6.04,6.70,7.34
1977-01-19,6.02,6.64,7.28
1977-01-20,6.01,6.64,7.26
1977-01-21,6.02,6.68,7.28
1977-01-24,6.09,6.77,7.34
1977-01-25,6.08,6.74,7.32
1977-01-26,6.09,6.76,7.33
1977-01-27,6.26,6.88,7.43
1977-01-28,6.22,6.86,7.40
1977-01-31,6.18,6.83,7.40
1977-02-01,6.20,6.91,7.41
1977-02-02,6.28,7.02,7.47
1977-02-03,6.20,6.93,7.46
1977-02-04,6.03,6.70,7.28
1977-02-07,6.04,6.75,7.34
1977-02-08,6.06,6.76,7.35
1977-02-09,6.01,6.73,7.34
1977-02-10,6.04,6.76,7.34
1977-02-11,6.02,6.76,7.36
1977-02-14,6.06,6.76,7.38
1977-02-15,6.04,6.72,7.36
1977-02-16,6.02,6.70,7.34
1977-02-17,5.99,6.67,7.26
1977-02-18,6.06,6.82,7.41
1977-02-22,6.09,6.84,7.42
1977-02-23,6.12,6.95,7.48
1977-02-24,6.20,7.02,7.50
1977-02-25,6.14,6.99,7.48
1977-02-28,6.08,6.98,7.45
1977-03-01,6.16,6.99,7.49
1977-03-02,6.12,6.93,7.45
1977-03-03,6.08,6.90,7.43
1977-03-04,6.10,6.98,7.48
1977-03-07,6.12,6.99,7.50
1977-03-08,6.14,6.99,7.52
1977-03-09,6.12,6.97,7.50
1977-03-10,6.11,6.95,7.49
1977-03-11,6.09,6.90,7.44
1977-03-14,6.06,6.89,7.45
1977-03-15,6.06,6.87,7.44
1977-03-16,6.08,6.90,7.44
1977-03-17,6.14,6.94,7.47
1977-03-18,6.08,6.90,7.44
1977-03-21,6.03,6.88,7.43
1977-03-22,6.04,6.87,7.43
1977-03-23,6.04,6.88,7.44
1977-03-24,6.07,6.90,7.46
1977-03-25,6.10,6.94,7.48
1977-03-28,6.11,6.96,7.47
1977-03-29,6.08,6.93,7.47
1977-03-30,6.05,6.95,7.44
1977-03-31,6.01,6.94,7.42
1977-04-01,6.02,6.92,7.43
1977-04-04,6.03,6.94,7.44
1977-04-05,6.01,6.95,7.47
1977-04-06,6.04,6.95,7.46
1977-04-07,6.02,6.93,7.43
1977-04-11,5.96,6.84,7.39
1977-04-12,5.98,6.83,7.39
1977-04-13,5.96,6.81,7.36
1977-04-14,5.73,6.56,7.22
1977-04-15,5.78,6.60,7.25
1977-04-18,5.80,6.61,7.25
1977-04-19,5.87,6.66,7.30
1977-04-20,5.95,6.71,7.32
1977-04-21,5.94,6.72,7.33
1977-04-22,5.99,6.80,7.36
1977-04-25,6.01,6.82,7.40
1977-04-26,6.00,6.76,7.38
1977-04-27,6.01,6.75,7.38
1977-04-28,6.03,6.78,7.40
1977-04-29,6.14,6.90,7.45
1977-05-02,6.15,6.94,7.45
1977-05-03,6.15,6.90,7.44
1977-05-04,6.11,6.89,7.45
1977-05-05,6.16,6.94,7.47
1977-05-06,6.24,7.00,7.50
1977-05-09,6.25,6.97,7.50
1977-05-10,6.27,6.99,7.52
1977-05-11,6.34,7.03,7.52
1977-05-12,6.32,6.98,7.50
1977-05-13,6.28,6.94,7.48
1977-05-16,6.26,6.92,7.46
1977-05-17,6.25,6.91,7.45
1977-05-18,6.24,6.89,7.43
1977-05-19,6.37,7.00,7.49
1977-05-20,6.43,7.01,7.49
1977-05-23,6.38,6.99,7.46
1977-05-24,6.30,6.93,7.41
1977-05-25,6.23,6.88,7.39
1977-05-26,6.24,6.86,7.42
1977-05-27,6.20,6.88,7.38
1977-05-31,6.18,6.87,7.38
1977-06-01,6.24,6.87,7.38
1977-06-02,6.20,6.87,7.39
1977-06-03,6.19,6.86,7.36
1977-06-06,6.18,6.87,7.37
1977-06-07,6.17,6.85,7.36
1977-06-08,6.15,6.84,7.36
1977-06-09,6.16,6.85,7.35
1977-06-10,6.15,6.78,7.30
1977-06-13,6.13,6.74,7.27
1977-06-14,6.08,6.68,7.22
1977-06-15,6.11,6.73,7.23
1977-06-16,6.12,6.74,7.24
1977-06-17,6.10,6.72,7.24
1977-06-20,6.11,6.74,7.27
1977-06-21,6.12,6.74,7.26
1977-06-22,6.12,6.70,7.25
1977-06-23,6.12,6.72,7.26
1977-06-24,6.10,6.68,7.20
1977-06-27,6.06,6.65,7.20
1977-06-28,6.06,6.64,7.16
1977-06-29,6.05,6.68,7.19
1977-06-30,6.08,6.70,7.20
1977-07-01,6.12,6.71,7.34
1977-07-05,6.12,6.75,7.35
1977-07-06,6.14,6.78,7.37
1977-07-07,6.15,6.78,7.29
1977-07-08,6.19,6.82,7.31
1977-07-11,6.22,6.83,7.33
1977-07-12,6.22,6.81,7.32
1977-07-13,6.19,6.75,7.28
1977-07-15,6.26,6.82,7.31
1977-07-18,6.30,6.84,7.34
1977-07-19,6.31,6.83,7.33
1977-07-20,6.35,6.85,7.32
1977-07-21,6.38,6.89,7.32
1977-07-22,6.35,6.88,7.31
1977-07-25,6.29,6.86,7.28
1977-07-26,6.28,6.86,7.28
1977-07-27,6.37,6.94,7.36
1977-07-28,6.48,7.01,7.41
1977-07-29,6.50,7.03,7.42
1977-08-01,6.49,7.02,7.43
1977-08-02,6.54,7.05,7.44
1977-08-03,6.53,7.02,7.42
1977-08-04,6.52,7.05,7.43
1977-08-05,6.53,7.02,7.42
1977-08-08,6.52,7.01,7.41
1977-08-09,6.58,7.06,7.45
1977-08-10,6.59,7.07,7.46
1977-08-11,6.64,7.08,7.47
1977-08-12,6.68,7.10,7.48
1977-08-15,6.71,7.11,7.48
1977-08-16,6.74,7.12,7.48
1977-08-17,6.72,7.08,7.44
1977-08-18,6.68,7.06,7.42
1977-08-19,6.67,7.04,7.40
1977-08-22,6.66,7.05,7.39
1977-08-23,6.64,7.02,7.36
1977-08-24,6.67,7.01,7.35
1977-08-25,6.62,6.98,7.32
1977-08-26,6.62,6.93,7.27
1977-08-29,6.56,6.90,7.25
1977-08-30,6.56,6.93,7.27
1977-08-31,6.59,6.94,7.28
1977-09-01,6.57,6.97,7.30
1977-09-02,6.53,6.93,7.24
1977-09-06,6.52,6.90,7.24
1977-09-07,6.54,6.95,7.26
1977-09-08,6.54,6.96,7.28
1977-09-09,6.76,7.09,7.36
1977-09-12,6.78,7.10,7.38
1977-09-13,6.75,7.06,7.37
1977-09-14,6.74,7.05,7.34
1977-09-15,6.70,7.04,7.33
1977-09-16,6.68,7.02,7.32
1977-09-19,6.66,7.02,7.32
1977-09-20,6.70,7.04,7.36
1977-09-21,6.71,7.05,7.36
1977-09-22,6.85,7.08,7.39
1977-09-23,6.86,7.09,7.39
1977-09-26,6.89,7.14,7.42
1977-09-27,6.80,7.07,7.38
1977-09-28,6.81,7.08,7.38
1977-09-29,6.79,7.10,7.39
1977-09-30,6.82,7.11,7.41
1977-10-03,6.84,7.13,7.41
1977-10-04,6.84,7.15,7.40
1977-10-05,6.86,7.16,7.40
1977-10-06,6.89,7.23,7.44
1977-10-07,6.96,7.25,7.48
1977-10-11,7.06,7.30,7.54
1977-10-12,7.14,7.34,7.54
1977-10-13,7.19,7.34,7.54
1977-10-14,7.17,7.31,7.54
1977-10-17,7.22,7.33,7.55
1977-10-18,7.23,7.36,7.55
1977-10-19,7.22,7.35,7.54
1977-10-20,7.20,7.36,7.54
1977-10-21,7.22,7.39,7.55
1977-10-24,7.20,7.39,7.56
1977-10-25,7.20,7.41,7.58
1977-10-26,7.17,7.40,7.57
1977-10-27,7.14,7.38,7.56
1977-10-28,7.14,7.38,7.56
1977-10-31,7.23,7.44,7.62
1977-11-01,7.23,7.47,7.63
1977-11-02,7.24,7.47,7.69
1977-11-03,7.22,7.45,7.68
1977-11-04,7.20,7.42,7.64
1977-11-07,7.17,7.40,7.62
1977-11-09,7.16,7.35,7.60
1977-11-10,7.15,7.34,7.59
1977-11-14,7.10,7.24,7.56
1977-11-15,7.11,7.26,7.56
1977-11-16,7.12,7.28,7.55
1977-11-17,7.10,7.28,7.54
1977-11-18,7.11,7.28,7.54
1977-11-21,7.12,7.30,7.56
1977-11-22,7.14,7.30,7.54
1977-11-23,7.11,7.30,7.52
1977-11-25,7.10,7.31,7.52
1977-11-28,7.11,7.31,7.53
1977-11-29,7.11,7.32,7.55
1977-11-30,7.11,7.36,7.55
1977-12-01,7.13,7.38,7.58
1977-12-02,7.15,7.40,7.59
1977-12-05,7.15,7.40,7.60
1977-12-06,7.15,7.44,7.63
1977-12-07,7.16,7.45,7.63
1977-12-08,7.16,7.46,7.64
1977-12-09,7.15,7.45,7.63
1977-12-12,7.16,7.46,7.64
1977-12-13,7.16,7.46,7.65
1977-12-14,7.16,7.46,7.66
1977-12-15,7.14,7.46,7.67
1977-12-16,7.13,7.44,7.67
1977-12-19,7.13,7.48,7.69
1977-12-20,7.14,7.50,7.74
1977-12-21,7.16,7.48,7.72
1977-12-22,7.26,7.52,7.75
1977-12-23,7.24,7.55,7.75
1977-12-27,7.25,7.57,7.77
1977-12-28,7.25,7.57,7.78
1977-12-29,7.26,7.58,7.82
1977-12-30,7.22,7.54,7.78
1978-01-03,7.24,7.58,7.83
1978-01-04,7.24,7.58,7.82
1978-01-05,7.26,7.58,7.83
1978-01-06,7.28,7.60,7.85
1978-01-09,7.58,7.86,8.01
1978-01-10,7.58,7.85,8.02
1978-01-11,7.60,7.87,8.03
1978-01-12,7.60,7.87,8.02
1978-01-13,7.57,7.82,7.98
1978-01-16,7.55,7.82,7.98
1978-01-17,7.54,7.81,7.98
1978-01-18,7.54,7.81,7.98
1978-01-19,7.55,7.81,7.97
1978-01-20,7.55,7.81,7.97
1978-01-23,7.53,7.78,7.97
1978-01-24,7.53,7.80,7.99
1978-01-25,7.53,7.82,8.00
1978-01-26,7.51,7.78,7.98
1978-01-27,7.48,7.77,7.97
1978-01-30,7.47,7.75,7.96
1978-01-31,7.47,7.72,7.94
1978-02-01,7.47,7.74,7.96
1978-02-02,7.48,7.75,7.96
1978-02-03,7.48,7.75,7.97
1978-02-06,7.50,7.78,7.99
1978-02-07,7.52,7.77,7.99
1978-02-08,7.52,7.79,8.00
1978-02-09,7.52,7.80,8.01
1978-02-10,7.53,7.81,8.02
1978-02-14,7.57,7.84,8.05
1978-02-15,7.59,7.87,8.08
1978-02-16,7.64,7.90,8.10
1978-02-17,7.63,7.88,8.09
1978-02-21,7.65,7.89,8.10
1978-02-22,7.65,7.91,8.10
1978-02-23,7.65,7.90,8.08
1978-02-24,7.61,7.88,8.04
1978-02-27,7.59,7.86,8.02
1978-02-28,7.57,7.86,8.04
1978-03-01,7.59,7.87,8.05
1978-03-02,7.59,7.87,8.04
1978-03-03,7.59,7.87,8.04
1978-03-06,7.58,7.87,8.05
1978-03-07,7.56,7.85,8.03
1978-03-08,7.54,7.85,8.03
1978-03-09,7.56,7.85,8.02
1978-03-10,7.54,7.82,8.00
1978-03-13,7.54,7.82,7.99
1978-03-14,7.54,7.81,7.99
1978-03-15,7.54,7.81,8.00
1978-03-16,7.54,7.82,8.00
1978-03-17,7.55,7.81,8.00
1978-03-20,7.53,7.78,7.97
1978-03-21,7.53,7.79,7.97
1978-03-22,7.54,7.81,7.98
1978-03-23,7.56,7.86,8.01
1978-03-27,7.61,7.91,8.12
1978-03-28,7.64,7.94,8.12
1978-03-29,7.64,7.94,8.11
1978-03-30,7.64,7.95,8.12
1978-03-31,7.70,7.97,8.15
1978-04-03,7.69,7.96,8.13
1978-04-04,7.69,7.95,8.12
1978-04-05,7.72,7.97,8.14
1978-04-06,7.73,7.98,8.16
1978-04-07,7.72,7.97,8.14
1978-04-10,7.72,7.98,8.15
1978-04-11,7.71,7.97,8.16
1978-04-12,7.69,7.97,8.16
1978-04-13,7.67,7.95,8.15
1978-04-14,7.61,7.90,8.12
1978-04-17,7.60,7.88,8.08
1978-04-18,7.62,7.89,8.08
1978-04-19,7.77,7.99,8.13
1978-04-20,7.79,8.01,8.14
1978-04-21,7.81,8.02,8.16
1978-04-24,7.82,8.03,8.18
1978-04-25,7.80,8.02,8.18
1978-04-26,7.85,8.05,8.22
1978-04-27,7.89,8.07,8.24
1978-04-28,7.97,8.09,8.24
1978-05-01,7.91,8.08,8.24
1978-05-02,7.91,8.09,8.25
1978-05-03,7.91,8.08,8.28
1978-05-04,7.90,8.07,8.27
1978-05-05,7.96,8.15,8.34
1978-05-08,7.98,8.17,8.35
1978-05-09,7.98,8.16,8.34
1978-05-10,7.98,8.16,8.34
1978-05-11,8.00,8.17,8.34
1978-05-12,8.00,8.20,8.36
1978-05-15,7.98,8.17,8.35
1978-05-16,7.97,8.15,8.34
1978-05-17,7.98,8.14,8.33
1978-05-18,8.04,8.19,8.37
1978-05-19,8.07,8.22,8.38
1978-05-22,8.07,8.22,8.38
1978-05-23,8.07,8.22,8.37
1978-05-24,8.10,8.24,8.39
1978-05-25,8.10,8.26,8.40
1978-05-26,8.10,8.27,8.42
1978-05-31,8.12,8.28,8.42
1978-06-01,8.12,8.27,8.41
1978-06-02,8.09,8.27,8.39
1978-06-05,8.07,8.25,8.38
1978-06-06,8.07,8.24,8.37
1978-06-07,8.07,8.24,8.37
1978-06-08,8.07,8.25,8.38
1978-06-09,8.09,8.27,8.41
1978-06-12,8.11,8.28,8.40
1978-06-13,8.11,8.28,8.41
1978-06-14,8.12,8.28,8.41
1978-06-15,8.12,8.28,8.41
1978-06-16,8.19,8.32,8.43
1978-06-19,8.25,8.34,8.45
1978-06-20,8.27,8.42,8.47
1978-06-21,8.41,8.46,8.50
1978-06-22,8.41,8.45,8.50
1978-06-23,8.44,8.47,8.55
1978-06-26,8.48,8.50,8.59
1978-06-27,8.44,8.50,8.58
1978-06-28,8.44,8.48,8.57
1978-06-29,8.42,8.46,8.57
1978-06-30,8.48,8.50,8.62
1978-07-03,8.44,8.48,8.59
1978-07-05,8.44,8.50,8.62
1978-07-06,8.44,8.50,8.62
1978-07-07,8.48,8.52,8.66
1978-07-10,8.50,8.56,8.68
1978-07-11,8.48,8.56,8.68
1978-07-12,8.48,8.56,8.67
1978-07-13,8.50,8.57,8.68
1978-07-14,8.51,8.57,8.68
1978-07-17,8.48,8.55,8.65
1978-07-18,8.46,8.54,8.63
1978-07-19,8.46,8.54,8.62
1978-07-20,8.50,8.57,8.66
1978-07-21,8.59,8.58,8.67
1978-07-24,8.57,8.59,8.67
1978-07-25,8.55,8.59,8.67
1978-07-26,8.52,8.56,8.66
1978-07-27,8.47,8.48,8.58
1978-07-28,8.45,8.45,8.55
1978-07-31,8.47,8.46,8.56
1978-08-01,8.45,8.44,8.54
1978-08-02,8.40,8.35,8.44
1978-08-03,8.26,8.30,8.39
1978-08-04,8.26,8.26,8.38
1978-08-07,8.18,8.24,8.36
1978-08-08,8.19,8.24,8.35
1978-08-09,8.17,8.20,8.34
1978-08-10,8.24,8.30,8.45
1978-08-11,8.25,8.28,8.44
1978-08-14,8.29,8.29,8.45
1978-08-15,8.29,8.30,8.46
1978-08-16,8.50,8.44,8.55
1978-08-17,8.48,8.40,8.48
1978-08-18,8.50,8.40,8.46
1978-08-21,8.47,8.39,8.41
1978-08-22,8.47,8.38,8.41
1978-08-23,8.42,8.31,8.32
1978-08-24,8.41,8.33,8.35
1978-08-25,8.41,8.32,8.34
1978-08-28,8.41,8.30,8.35
1978-08-29,8.44,8.37,8.37
1978-08-30,8.48,8.42,8.42
1978-08-31,8.46,8.42,8.39
1978-09-01,8.50,8.42,8.38
1978-09-05,8.46,8.38,8.34
1978-09-06,8.44,8.38,8.35
1978-09-07,8.44,8.36,8.34
1978-09-08,8.46,8.37,8.34
1978-09-11,8.43,8.33,8.31
1978-09-12,8.45,8.35,8.29
1978-09-13,8.45,8.34,8.30
1978-09-14,8.45,8.36,8.32
1978-09-15,8.49,8.39,8.35
1978-09-18,8.52,8.41,8.37
1978-09-19,8.54,8.44,8.38
1978-09-20,8.60,8.46,8.46
1978-09-21,8.69,8.48,8.51
1978-09-22,8.73,8.50,8.56
1978-09-25,8.75,8.54,8.56
1978-09-26,8.75,8.51,8.53
1978-09-27,8.74,8.52,8.54
1978-09-28,8.72,8.51,8.54
1978-09-29,8.70,8.50,8.56
1978-10-02,8.71,8.53,8.58
1978-10-03,8.69,8.52,8.57
1978-10-04,8.69,8.53,8.59
1978-10-05,8.69,8.53,8.60
1978-10-06,8.69,8.51,8.58
1978-10-10,8.70,8.50,8.58
1978-10-11,8.70,8.51,8.56
1978-10-12,8.69,8.47,8.51
1978-10-13,8.69,8.47,8.52
1978-10-16,8.73,8.57,8.59
1978-10-17,8.77,8.57,8.60
1978-10-18,8.83,8.58,8.62
1978-10-19,8.84,8.60,8.64
1978-10-20,8.85,8.62,8.66
1978-10-23,8.84,8.62,8.66
1978-10-24,8.85,8.60,8.64
1978-10-25,8.96,8.62,8.65
1978-10-26,9.05,8.69,8.72
1978-10-27,9.12,8.78,8.78
1978-10-30,9.35,8.93,8.88
1978-10-31,9.49,9.16,8.96
1978-11-01,9.44,8.77,8.66
1978-11-02,9.42,8.78,8.73
1978-11-03,9.49,8.80,8.86
1978-11-06,9.45,8.85,8.85
1978-11-08,9.49,8.87,8.86
1978-11-09,9.50,8.88,8.87
1978-11-10,9.46,8.85,8.86
1978-11-13,9.40,8.86,8.83
1978-11-14,9.41,8.84,8.82
1978-11-15,9.34,8.76,8.76
1978-11-16,9.21,8.71,8.72
1978-11-17,9.19,8.72,8.72
1978-11-20,9.19,8.74,8.72
1978-11-21,9.23,8.77,8.77
1978-11-22,9.37,8.77,8.77
1978-11-24,9.60,8.94,8.86
1978-11-27,9.60,8.96,8.86
1978-11-28,9.60,8.96,8.86
1978-11-29,9.55,8.93,8.86
1978-11-30,9.55,8.94,8.86
1978-12-01,9.50,8.81,8.80
1978-12-04,9.51,8.85,8.82
1978-12-05,9.50,8.87,8.85
1978-12-06,9.50,8.88,8.85
1978-12-07,9.50,8.92,8.89
1978-12-08,9.51,8.93,8.90
1978-12-11,9.52,8.93,8.90
1978-12-12,9.52,8.92,8.92
1978-12-13,9.54,8.98,8.98
1978-12-14,9.54,8.98,8.96
1978-12-15,9.58,9.05,9.00
1978-12-18,9.86,9.17,9.13
1978-12-19,9.91,9.17,9.14
1978-12-20,9.96,9.26,9.16
1978-12-21,9.98,9.35,9.16
1978-12-22,9.96,9.32,9.11
1978-12-26,9.98,9.32,9.13
1978-12-27,9.98,9.31,9.12
1978-12-28,9.98,9.34,9.16
1978-12-29,9.98,9.32,9.15
1979-01-02,10.00,9.33,9.18
1979-01-03,9.98,9.33,9.16
1979-01-04,9.88,9.27,9.11
1979-01-05,9.87,9.28,9.10
1979-01-08,9.92,9.31,9.14
1979-01-09,9.92,9.30,9.16
1979-01-10,9.94,9.30,9.16
1979-01-11,9.92,9.30,9.15
1979-01-12,9.92,9.28,9.14
1979-01-15,9.91,9.27,9.15
1979-01-16,9.92,9.26,9.16
1979-01-17,9.91,9.28,9.18
1979-01-18,9.92,9.27,9.18
1979-01-19,9.91,9.24,9.15
1979-01-22,9.86,9.20,9.12
1979-01-23,9.85,9.16,9.10
1979-01-24,9.85,9.16,9.08
1979-01-25,9.78,9.01,8.98
1979-01-26,9.67,8.98,8.93
1979-01-29,9.67,9.00,8.96
1979-01-30,9.68,8.98,8.95
1979-01-31,9.64,8.95,8.95
1979-02-01,9.61,8.95,8.94
1979-02-02,9.48,8.84,8.89
1979-02-05,9.53,8.92,8.95
1979-02-06,9.58,9.00,9.00
1979-02-07,9.67,9.11,9.09
1979-02-08,9.70,9.11,9.09
1979-02-09,9.70,9.12,9.11
1979-02-13,9.69,9.12,9.11
1979-02-14,9.67,9.13,9.12
1979-02-15,9.68,9.13,9.12
1979-02-16,9.68,9.14,9.11
1979-02-20,9.69,9.17,9.12
1979-02-21,9.71,9.20,9.15
1979-02-22,9.90,9.29,9.20
1979-02-23,9.92,9.31,9.21
1979-02-26,9.91,9.28,9.20
1979-02-27,9.89,9.30,9.19
1979-02-28,9.89,9.29,9.17
1979-03-01,9.87,9.28,9.17
1979-03-02,9.87,9.26,9.16
1979-03-05,9.83,9.22,9.11
1979-03-06,9.83,9.20,9.14
1979-03-07,9.81,9.18,9.10
1979-03-08,9.76,9.18,9.10
1979-03-09,9.79,9.20,9.11
1979-03-12,9.81,9.18,9.11
1979-03-13,9.80,9.20,9.11
1979-03-14,9.82,9.21,9.12
1979-03-15,9.82,9.21,9.14
1979-03-16,9.84,9.22,9.12
1979-03-19,9.81,9.21,9.12
1979-03-20,9.79,9.21,9.13
1979-03-21,9.79,9.21,9.13
1979-03-22,9.77,9.20,9.12
1979-03-23,9.77,9.20,9.12
1979-03-26,9.76,9.20,9.12
1979-03-27,9.73,9.18,9.11
1979-03-28,9.71,9.16,9.07
1979-03-29,9.67,9.15,9.06
1979-03-30,9.72,9.19,9.11
1979-04-02,9.74,9.20,9.11
1979-04-03,9.73,9.19,9.10
1979-04-04,9.71,9.18,9.09
1979-04-05,9.68,9.15,9.07
1979-04-06,9.75,9.19,9.10
1979-04-09,9.81,9.23,9.14
1979-04-10,9.81,9.27,9.17
1979-04-11,9.85,9.30,9.20
1979-04-12,9.85,9.30,9.20
1979-04-16,9.86,9.29,9.19
1979-04-17,9.77,9.24,9.16
1979-04-18,9.71,9.22,9.15
1979-04-19,9.68,9.20,9.15
1979-04-20,9.73,9.26,9.19
1979-04-23,9.73,9.26,9.21
1979-04-24,9.75,9.29,9.24
1979-04-25,9.77,9.26,9.23
1979-04-26,9.80,9.28,9.27
1979-04-27,9.93,9.33,9.32
1979-04-30,9.91,9.35,9.35
1979-05-01,9.91,9.35,9.36
1979-05-02,9.91,9.34,9.34
1979-05-03,9.93,9.36,9.38
1979-05-04,9.93,9.38,9.39
1979-05-07,9.91,9.36,9.39
1979-05-08,9.91,9.36,9.38
1979-05-09,9.90,9.35,9.36
1979-05-10,9.92,9.37,9.36
1979-05-11,9.90,9.33,9.34
1979-05-14,9.87,9.30,9.30
1979-05-15,9.87,9.32,9.32
1979-05-16,9.84,9.30,9.31
1979-05-17,9.72,9.22,9.24
1979-05-18,9.71,9.20,9.23
1979-05-21,9.75,9.22,9.24
1979-05-22,9.69,9.14,9.15
1979-05-23,9.65,9.05,9.07
1979-05-24,9.58,9.02,9.06
1979-05-25,9.50,8.98,9.01
1979-05-29,9.50,8.99,9.01
1979-05-31,9.56,9.04,9.06
1979-06-01,9.56,9.01,9.05
1979-06-04,9.56,9.01,9.06
1979-06-05,9.50,8.97,9.02
1979-06-06,9.43,8.91,8.97
1979-06-07,9.29,8.82,8.89
1979-06-08,9.25,8.84,8.90
1979-06-11,9.27,8.87,8.94
1979-06-12,9.05,8.71,8.79
1979-06-13,9.08,8.75,8.83
1979-06-14,9.12,8.79,8.87
1979-06-15,9.24,8.90,8.96
1979-06-18,9.26,8.86,8.95
1979-06-19,9.24,8.88,8.95
1979-06-20,9.25,8.87,8.94
1979-06-21,9.25,8.88,8.93
1979-06-22,9.27,8.94,8.98
1979-06-25,9.20,8.89,8.93
1979-06-26,8.97,8.76,8.82
1979-06-27,8.92,8.72,8.80
1979-06-28,8.95,8.71,8.80
1979-06-29,8.97,8.74,8.81
1979-07-02,8.93,8.70,8.76
1979-07-03,8.95,8.71,8.77
1979-07-05,8.98,8.73,8.80
1979-07-06,9.00,8.78,8.82
1979-07-09,9.04,8.82,8.86
1979-07-10,9.04,8.85,8.92
1979-07-11,9.04,8.88,8.97
1979-07-12,9.01,8.88,8.95
1979-07-13,9.01,8.88,8.94
1979-07-16,9.08,8.92,8.99
1979-07-17,9.10,8.93,9.01
1979-07-18,9.10,8.93,9.03
1979-07-19,9.14,8.96,9.04
1979-07-20,9.24,8.96,8.98
1979-07-23,9.28,8.98,9.03
1979-07-24,9.33,9.01,9.06
1979-07-25,9.36,8.98,8.99
1979-07-26,9.25,8.94,8.97
1979-07-27,9.38,9.01,9.02
1979-07-30,9.32,9.01,9.03
1979-07-31,9.31,8.99,9.01
1979-08-01,9.23,8.96,8.99
1979-08-02,9.20,8.90,8.91
1979-08-03,9.27,8.92,8.92
1979-08-06,9.27,8.90,8.91
1979-08-07,9.22,8.90,8.91
1979-08-08,9.25,8.92,8.93
1979-08-09,9.27,8.96,8.97
1979-08-10,9.33,8.99,9.00
1979-08-13,9.34,9.00,9.00
1979-08-14,9.32,8.98,8.98
1979-08-15,9.41,9.02,9.00
1979-08-16,9.39,9.02,9.00
1979-08-17,9.44,9.03,9.01
1979-08-20,9.45,9.05,9.02
1979-08-21,9.51,9.09,9.04
1979-08-22,9.55,9.11,9.04
1979-08-23,9.63,9.11,9.05
1979-08-24,9.72,9.19,9.14
1979-08-27,9.68,9.18,9.12
1979-08-28,9.73,9.23,9.15
1979-08-29,9.73,9.25,9.14
1979-08-30,9.77,9.32,9.21
1979-08-31,9.84,9.36,9.24
1979-09-04,10.00,9.42,9.32
1979-09-05,10.02,9.42,9.32
1979-09-06,10.03,9.42,9.35
1979-09-07,10.10,9.41,9.34
1979-09-10,10.13,9.42,9.36
1979-09-11,10.00,9.27,9.25
1979-09-12,10.04,9.36,9.30
1979-09-13,10.10,9.41,9.34
1979-09-14,10.02,9.36,9.29
1979-09-17,10.13,9.44,9.37
1979-09-18,10.14,9.45,9.36
1979-09-19,10.08,9.38,9.31
1979-09-20,10.03,9.38,9.29
1979-09-21,10.00,9.38,9.26
1979-09-24,10.01,9.41,9.34
1979-09-25,10.01,9.40,9.32
1979-09-26,10.02,9.45,9.36
1979-09-27,10.11,9.50,9.44
1979-09-28,10.10,9.48,9.44
1979-10-01,10.14,9.55,9.51
1979-10-02,10.14,9.54,9.47
1979-10-03,10.14,9.55,9.50
1979-10-04,10.34,9.67,9.58
1979-10-05,10.39,9.74,9.60
1979-10-09,11.12,10.29,9.93
1979-10-10,11.40,10.48,10.09
1979-10-11,11.26,10.45,10.17
1979-10-12,11.17,10.45,10.15
1979-10-15,11.39,10.60,10.31
1979-10-16,11.39,10.56,10.27
1979-10-17,11.40,10.51,10.20
1979-10-18,11.75,10.74,10.41
1979-10-19,12.15,11.09,10.68
1979-10-22,12.43,11.40,10.96
1979-10-23,12.63,11.48,11.02
1979-10-24,12.52,11.36,10.83
1979-10-25,12.59,11.50,10.98
1979-10-26,12.05,11.11,10.67
1979-10-29,12.19,11.27,10.78
1979-10-30,12.12,11.27,10.75
1979-10-31,12.06,11.20,10.72
1979-11-01,12.08,11.26,10.79
1979-11-02,12.19,11.24,10.84
1979-11-05,12.15,11.25,10.85
1979-11-07,12.36,11.35,11.00
1979-11-08,12.29,11.28,10.96
1979-11-09,11.78,10.96,10.68
1979-11-13,11.64,10.86,10.63
1979-11-14,11.82,10.98,10.75
1979-11-15,11.68,10.86,10.62
1979-11-16,11.97,11.08,10.77
1979-11-19,12.08,11.19,10.80
1979-11-20,12.12,11.22,10.78
1979-11-21,12.17,11.17,10.73
1979-11-23,11.69,10.76,10.51
1979-11-26,11.44,10.52,10.37
1979-11-27,11.11,10.28,10.24
1979-11-28,11.23,10.46,10.37
1979-11-29,11.23,10.42,10.34
1979-11-30,11.33,10.44,10.38
1979-12-03,11.42,10.48,10.44
1979-12-04,11.30,10.40,10.32
1979-12-05,11.21,10.31,10.27
1979-12-06,11.08,10.20,10.13
1979-12-07,11.21,10.29,10.30
1979-12-10,11.25,10.29,10.27
1979-12-11,11.60,10.47,10.46
1979-12-12,11.85,10.60,10.58
1979-12-13,11.67,10.51,10.51
1979-12-14,11.47,10.40,10.45
1979-12-17,11.45,10.39,10.42
1979-12-18,11.31,10.33,10.34
1979-12-19,11.38,10.33,10.33
1979-12-20,11.40,10.40,10.38
1979-12-21,11.42,10.48,10.39
1979-12-24,11.44,10.49,10.45
1979-12-26,11.43,10.52,10.48
1979-12-27,11.39,10.54,10.46
1979-12-28,11.30,10.50,10.41
1979-12-31,11.23,10.38,10.33
1980-01-02,11.39,10.52,10.50
1980-01-03,11.45,10.54,10.60
1980-01-04,11.47,10.62,10.66
1980-01-07,11.35,10.56,10.63
1980-01-08,11.26,10.52,10.57
1980-01-09,11.24,10.53,10.58
1980-01-10,11.18,10.47,10.51
1980-01-11,11.33,10.61,10.68
1980-01-14,11.35,10.61,10.70
1980-01-15,11.32,10.61,10.65
1980-01-16,11.30,10.60,10.65
1980-01-17,11.37,10.62,10.71
1980-01-18,11.52,10.74,10.82
1980-01-21,11.58,10.86,10.96
1980-01-22,11.56,10.80,10.85
1980-01-23,11.53,10.76,10.82
1980-01-24,11.68,10.90,11.01
1980-01-25,11.82,11.04,11.10
1980-01-28,11.79,11.08,11.15
1980-01-29,11.88,11.14,11.21
1980-01-30,11.84,11.12,11.16
1980-01-31,11.75,11.11,11.13
1980-02-01,12.04,11.30,11.29
1980-02-04,12.12,11.38,11.40
1980-02-05,12.49,11.80,11.73
1980-02-06,12.42,11.86,11.92
1980-02-07,12.21,11.61,11.71
1980-02-08,12.31,11.76,11.80
1980-02-11,12.60,11.91,12.01
1980-02-13,12.52,11.86,11.86
1980-02-14,12.60,11.93,11.97
1980-02-15,13.13,12.26,12.20
1980-02-19,13.96,12.88,12.85
1980-02-20,14.03,13.10,12.84
1980-02-21,14.51,13.50,13.22
1980-02-22,14.52,13.38,13.06
1980-02-25,14.62,13.70,13.27
1980-02-26,14.91,14.12,13.65
1980-02-27,14.82,14.08,13.46
1980-02-28,14.41,13.42,12.92
1980-02-29,14.73,13.48,12.72
1980-03-03,14.83,13.53,12.79
1980-03-04,14.86,13.61,12.91
1980-03-05,14.99,13.68,13.03
1980-03-06,15.27,13.80,13.13
1980-03-07,15.20,13.64,12.86
1980-03-10,14.71,13.37,12.63
1980-03-11,14.43,13.03,12.41
1980-03-12,14.74,13.27,12.62
1980-03-13,14.69,13.20,12.50
1980-03-14,14.80,13.21,12.52
1980-03-17,14.82,13.22,12.58
1980-03-18,14.42,13.01,12.40
1980-03-19,14.33,13.00,12.35
1980-03-20,15.03,13.32,12.62
1980-03-21,15.02,13.51,12.75
1980-03-24,15.36,14.03,13.17
1980-03-25,15.19,14.00,13.10
1980-03-26,15.26,13.87,13.03
1980-03-27,15.11,13.75,12.97
1980-03-28,14.89,13.50,12.72
1980-03-31,14.63,13.31,12.64
1980-04-01,14.59,13.39,12.69
1980-04-02,14.52,13.27,12.63
1980-04-03,14.51,13.19,12.52
1980-04-07,13.85,12.70,12.13
1980-04-08,13.89,12.64,12.21
1980-04-09,13.54,12.59,12.06
1980-04-10,13.57,12.61,12.06
1980-04-11,13.22,12.30,11.79
1980-04-14,12.96,12.15,11.62
1980-04-15,12.72,12.02,11.57
1980-04-16,11.97,11.43,10.90
1980-04-17,11.97,11.52,11.13
1980-04-18,11.76,11.24,11.05
1980-04-21,11.56,11.10,10.90
1980-04-22,11.43,10.97,10.82
1980-04-23,11.38,11.03,10.89
1980-04-24,11.42,11.15,10.96
1980-04-25,11.39,11.14,10.95
1980-04-28,10.74,10.73,10.63
1980-04-29,10.74,10.73,10.67
1980-04-30,10.81,10.82,10.76
1980-05-01,10.70,10.72,10.57
1980-05-02,10.04,10.17,10.24
1980-05-05,9.85,10.08,10.18
1980-05-06,9.40,9.71,9.80
1980-05-07,9.41,9.85,9.96
1980-05-08,9.48,9.97,10.18
1980-05-09,9.85,10.08,10.30
1980-05-12,9.52,9.99,10.30
1980-05-13,9.38,9.79,10.13
1980-05-14,9.27,9.84,10.14
1980-05-15,9.48,9.97,10.31
1980-05-16,9.76,10.09,10.37
1980-05-19,9.78,10.20,10.53
1980-05-20,9.26,9.89,10.22
1980-05-21,9.14,9.85,10.08
1980-05-22,9.13,9.89,10.10
1980-05-23,8.73,9.61,9.85
1980-05-27,8.82,9.63,9.96
1980-05-28,9.04,9.78,10.10
1980-05-29,9.16,9.88,10.24
1980-05-30,9.25,9.87,10.25
1980-06-02,9.34,9.97,10.31
1980-06-03,9.20,9.66,10.16
1980-06-04,9.06,9.55,10.07
1980-06-05,8.97,9.46,10.02
1980-06-06,8.72,9.25,9.81
1980-06-09,8.61,9.17,9.73
1980-06-10,8.79,9.27,9.83
1980-06-11,8.65,9.17,9.70
1980-06-12,8.46,8.93,9.53
1980-06-13,8.39,8.86,9.51
1980-06-16,8.38,8.87,9.47
1980-06-17,8.36,8.86,9.49
1980-06-18,8.58,8.96,9.56
1980-06-19,8.68,8.96,9.56
1980-06-20,8.43,8.86,9.49
1980-06-23,8.59,9.02,9.63
1980-06-24,8.64,9.13,9.68
1980-06-25,8.73,9.23,9.79
1980-06-26,8.80,9.33,9.87
1980-06-27,8.94,9.45,10.04
1980-06-30,8.97,9.48,10.09
1980-07-01,9.01,9.55,10.13
1980-07-02,9.01,9.49,10.19
1980-07-03,8.77,9.36,10.01
1980-07-07,8.94,9.49,10.20
1980-07-08,8.80,9.37,10.09
1980-07-09,8.83,9.41,10.14
1980-07-10,8.90,9.47,10.21
1980-07-11,8.97,9.56,10.28
1980-07-14,9.16,9.56,10.33
1980-07-15,8.98,9.45,10.17
1980-07-16,8.79,9.34,10.07
1980-07-17,8.89,9.43,10.21
1980-07-18,8.93,9.42,10.20
1980-07-21,8.93,9.38,10.13
1980-07-22,9.02,9.41,10.18
1980-07-23,8.95,9.40,10.12
1980-07-24,9.05,9.51,10.24
1980-07-25,9.15,9.59,10.35
1980-07-28,9.24,9.77,10.46
1980-07-29,9.28,9.77,10.45
1980-07-30,9.33,9.81,10.53
1980-07-31,9.72,10.09,10.76
1980-08-01,9.78,10.16,10.76
1980-08-04,9.66,10.04,10.69
1980-08-05,9.67,10.06,10.70
1980-08-06,9.69,10.19,10.80
1980-08-07,9.67,10.10,10.71
1980-08-08,9.81,10.22,10.87
1980-08-11,10.07,10.47,11.03
1980-08-12,10.03,10.48,10.98
1980-08-13,10.03,10.46,10.89
1980-08-14,10.07,10.48,10.90
1980-08-15,10.12,10.48,10.86
1980-08-18,10.77,10.99,11.13
1980-08-19,10.91,11.11,11.24
1980-08-20,11.11,11.29,11.22
1980-08-21,11.27,11.39,11.30
1980-08-22,11.09,11.26,11.13
1980-08-25,11.34,11.55,11.40
1980-08-26,11.34,11.55,11.42
1980-08-27,11.52,11.76,11.67
1980-08-28,11.77,11.92,11.89
1980-08-29,11.36,11.66,11.55
1980-09-02,11.05,11.45,11.32
1980-09-03,10.73,11.13,11.08
1980-09-04,10.77,11.15,11.16
1980-09-05,10.89,11.19,11.21
1980-09-08,11.11,11.30,11.29
1980-09-09,11.13,11.27,11.19
1980-09-10,11.03,11.19,11.14
1980-09-11,11.27,11.37,11.32
1980-09-12,11.40,11.41,11.37
1980-09-15,11.79,11.75,11.62
1980-09-16,11.68,11.63,11.52
1980-09-17,11.79,11.73,11.57
1980-09-18,11.84,11.75,11.53
1980-09-19,11.59,11.53,11.33
1980-09-22,12.00,11.92,11.69
1980-09-23,12.00,11.97,11.76
1980-09-24,11.98,11.96,11.75
1980-09-25,12.11,12.04,11.91
1980-09-26,12.40,12.17,11.99
1980-09-29,12.38,12.19,12.07
1980-09-30,12.13,11.88,11.86
1980-10-01,12.02,11.77,11.78
1980-10-02,12.06,11.83,11.83
1980-10-03,11.51,11.35,11.40
1980-10-06,11.41,11.35,11.35
1980-10-07,11.44,11.40,11.43
1980-10-08,11.69,11.55,11.51
1980-10-09,11.60,11.45,11.39
1980-10-10,11.64,11.55,11.44
1980-10-14,11.67,11.50,11.37
1980-10-15,11.58,11.44,11.29
1980-10-16,11.69,11.55,11.47
1980-10-17,11.91,11.69,11.62
1980-10-20,12.00,11.72,11.64
1980-10-21,12.11,11.81,11.70
1980-10-22,12.31,12.07,11.88
1980-10-23,12.31,11.95,11.82
1980-10-24,12.25,11.89,11.74
1980-10-27,12.73,12.32,12.13
1980-10-28,12.91,12.56,12.32
1980-10-29,12.98,12.75,12.48
1980-10-30,13.04,12.71,12.48
1980-10-31,13.08,12.74,12.46
1980-11-03,13.23,12.74,12.46
1980-11-05,13.38,12.95,12.61
1980-11-06,13.57,13.19,13.04
1980-11-07,13.36,12.87,12.66
1980-11-10,13.29,12.88,12.78
1980-11-12,12.86,12.39,12.47
1980-11-13,12.89,12.38,12.49
1980-11-14,13.25,12.70,12.79
1980-11-17,13.71,12.95,12.95
1980-11-18,13.47,12.67,12.62
1980-11-19,13.37,12.60,12.51
1980-11-20,13.53,12.68,12.59
1980-11-21,13.83,12.97,12.80
1980-11-24,13.88,13.00,12.76
1980-11-25,13.99,13.07,12.74
1980-11-26,14.00,13.01,12.65
1980-11-28,14.13,13.14,12.72
1980-12-01,14.25,13.35,12.92
1980-12-02,14.25,13.37,12.95
1980-12-03,14.04,13.42,12.92
1980-12-04,14.15,13.43,12.91
1980-12-05,14.34,13.45,12.85
1980-12-08,14.45,13.51,12.91
1980-12-09,14.54,13.61,13.10
1980-12-10,14.59,13.63,13.15
1980-12-11,14.97,14.04,13.57
1980-12-12,14.74,13.63,13.21
1980-12-15,14.83,13.75,13.25
1980-12-16,15.12,14.04,13.51
1980-12-17,14.98,13.87,13.28
1980-12-18,14.89,13.79,13.22
1980-12-19,14.05,13.02,12.64
1980-12-22,13.24,12.34,12.14
1980-12-23,13.04,12.50,12.35
1980-12-24,13.37,12.61,12.42
1980-12-26,12.95,12.53,12.25
1980-12-29,12.87,12.41,12.20
1980-12-30,12.97,12.55,12.39
1980-12-31,13.06,12.59,12.43
1981-01-02,13.10,12.61,12.42
1981-01-05,12.28,12.29,12.15
1981-01-06,12.42,12.21,12.11
1981-01-07,12.92,12.61,12.38
1981-01-08,13.09,12.68,12.35
1981-01-09,13.53,12.88,12.57
1981-01-12,13.17,12.71,12.45
1981-01-13,13.30,12.68,12.53
1981-01-14,12.95,12.61,12.53
1981-01-15,13.25,12.77,12.62
1981-01-16,13.08,12.66,12.53
1981-01-19,13.62,12.92,12.64
1981-01-20,13.48,12.77,12.50
1981-01-21,13.79,13.08,12.77
1981-01-22,13.83,13.16,12.87
1981-01-23,13.74,13.10,12.84
1981-01-26,13.40,12.89,12.70
1981-01-27,13.40,12.92,12.73
1981-01-28,13.48,12.94,12.77
1981-01-29,13.42,12.89,12.80
1981-01-30,13.26,12.80,12.68
1981-02-02,13.51,13.02,12.86
1981-02-03,13.70,13.20,12.98
1981-02-04,13.63,13.09,12.86
1981-02-05,13.63,13.10,12.95
1981-02-06,13.89,13.23,13.09
1981-02-09,13.97,13.35,13.21
1981-02-10,14.10,13.50,13.27
1981-02-11,14.34,13.66,13.42
1981-02-13,14.45,13.84,13.65
1981-02-17,13.97,13.46,13.33
1981-02-18,13.98,13.45,13.30
1981-02-19,13.72,13.25,13.09
1981-02-20,13.55,13.10,12.90
1981-02-23,13.92,13.49,13.19
1981-02-24,14.00,13.51,13.21
1981-02-25,14.00,13.61,13.29
1981-02-26,14.10,13.80,13.47
1981-02-27,14.08,13.76,13.43
1981-03-02,14.40,13.92,13.62
1981-03-03,14.13,13.78,13.43
1981-03-04,14.21,13.82,13.45
1981-03-05,14.17,13.78,13.43
1981-03-06,13.91,13.49,13.20
1981-03-09,13.84,13.39,13.09
1981-03-10,13.74,13.37,13.08
1981-03-11,13.79,13.40,13.12
1981-03-12,13.70,13.33,13.03
1981-03-13,13.45,13.18,12.86
1981-03-16,13.30,13.15,12.85
1981-03-17,13.20,12.97,12.68
1981-03-18,12.75,12.80,12.58
1981-03-19,12.84,12.95,12.67
1981-03-20,12.88,13.01,12.77
1981-03-23,13.36,13.38,13.13
1981-03-24,13.55,13.57,13.30
1981-03-25,13.51,13.51,13.21
1981-03-26,13.62,13.63,13.34
1981-03-27,13.67,13.68,13.36
1981-03-30,13.32,13.48,13.22
1981-03-31,13.17,13.39,13.13
1981-04-01,13.19,13.36,13.14
1981-04-02,13.40,13.46,13.25
1981-04-03,13.57,13.62,13.40
1981-04-06,14.13,14.01,13.74
1981-04-07,13.70,13.74,13.41
1981-04-08,13.89,13.85,13.61
1981-04-09,13.87,13.77,13.45
1981-04-10,13.90,13.84,13.59
1981-04-13,14.05,14.01,13.68
1981-04-14,13.92,13.89,13.58
1981-04-15,14.19,14.05,13.74
1981-04-16,14.23,14.08,13.79
1981-04-20,14.33,14.10,13.69
1981-04-21,14.34,14.07,13.73
1981-04-22,14.41,14.13,13.78
1981-04-23,14.51,14.18,13.80
1981-04-24,14.66,14.24,13.88
1981-04-27,14.73,14.31,13.92
1981-04-28,14.65,14.28,13.93
1981-04-29,14.67,14.37,14.05
1981-04-30,14.84,14.45,14.11
1981-05-01,14.72,14.37,14.05
1981-05-04,15.37,14.83,14.47
1981-05-05,15.94,15.35,14.69
1981-05-06,15.83,15.02,14.56
1981-05-07,15.69,14.83,14.33
1981-05-08,15.69,14.66,14.23
1981-05-11,15.74,14.87,14.34
1981-05-12,15.93,15.06,14.46
1981-05-13,15.94,15.05,14.49
1981-05-14,15.80,14.84,14.24
1981-05-15,15.55,14.59,14.07
1981-05-18,15.19,14.22,13.80
1981-05-19,15.47,14.59,13.95
1981-05-20,15.63,14.71,14.00
1981-05-21,15.75,14.77,14.05
1981-05-22,15.48,14.39,13.82
1981-05-26,15.09,14.13,13.67
1981-05-27,15.14,14.24,13.71
1981-05-28,14.79,13.99,13.56
1981-05-29,14.40,13.99,13.50
1981-06-01,14.47,13.99,13.46
1981-06-02,14.66,14.07,13.58
1981-06-03,14.65,14.05,13.55
1981-06-04,14.76,14.10,13.51
1981-06-05,14.73,14.10,13.56
1981-06-08,14.31,13.78,13.36
1981-06-09,14.41,13.87,13.37
1981-06-10,14.31,13.78,13.31
1981-06-11,14.40,13.84,13.32
1981-06-12,14.44,13.87,13.35
1981-06-15,14.03,13.57,13.09
1981-06-16,14.11,13.58,13.08
1981-06-17,14.37,13.71,13.23
1981-06-18,14.66,14.10,13.57
1981-06-19,14.65,14.07,13.46
1981-06-22,14.49,13.96,13.44
1981-06-23,14.59,14.00,13.56
1981-06-24,14.71,14.10,13.66
1981-06-25,14.65,14.08,13.70
1981-06-26,14.59,14.09,13.69
1981-06-29,14.48,14.01,13.68
1981-06-30,14.66,14.25,13.86
1981-07-01,14.94,14.47,14.04
1981-07-02,14.87,14.38,13.95
1981-07-06,14.68,14.27,13.81
1981-07-07,14.92,14.49,14.04
1981-07-08,15.02,14.57,14.11
1981-07-09,15.14,14.60,14.12
1981-07-10,14.88,14.45,13.94
1981-07-13,14.83,14.41,13.99
1981-07-14,15.07,14.55,14.15
1981-07-15,15.03,14.55,14.07
1981-07-16,15.11,14.59,14.11
1981-07-17,15.07,14.53,14.09
1981-07-20,15.96,15.25,14.59
1981-07-21,16.00,15.23,14.61
1981-07-22,15.95,15.24,14.63
1981-07-23,15.85,15.17,14.57
1981-07-24,15.64,14.96,14.41
1981-07-27,15.57,14.87,14.43
1981-07-28,15.78,15.04,14.53
1981-07-29,15.76,15.21,14.61
1981-07-30,15.88,15.31,14.71
1981-07-31,15.84,15.24,14.67
1981-08-03,16.16,15.62,14.95
1981-08-04,16.16,15.60,14.95
1981-08-05,16.07,15.40,14.91
1981-08-06,16.03,15.31,14.86
1981-08-07,16.05,15.34,14.83
1981-08-10,15.83,15.08,14.65
1981-08-11,15.67,14.87,14.40
1981-08-12,16.02,15.12,14.61
1981-08-13,16.13,15.26,14.65
1981-08-14,16.19,15.34,14.74
1981-08-17,16.22,15.39,14.71
1981-08-18,16.30,15.45,14.79
1981-08-19,16.32,15.48,14.77
1981-08-20,16.25,15.63,14.89
1981-08-21,16.31,15.62,14.97
1981-08-24,16.86,16.00,15.32
1981-08-25,16.67,16.07,15.35
1981-08-26,16.69,15.99,15.31
1981-08-27,16.75,16.15,15.36
1981-08-28,16.57,16.01,15.25
1981-08-31,16.73,16.11,15.41
1981-09-01,16.78,16.12,15.41
1981-09-02,16.78,16.09,15.40
1981-09-03,16.90,16.14,15.48
1981-09-04,16.89,16.17,15.51
1981-09-08,16.95,16.23,15.59
1981-09-09,16.95,16.22,15.53
1981-09-10,16.72,16.01,15.30
1981-09-11,16.47,15.81,15.05
1981-09-14,16.43,15.93,15.20
1981-09-15,16.13,15.71,15.08
1981-09-16,16.09,15.75,15.11
1981-09-17,16.01,15.55,14.95
1981-09-18,16.02,15.55,14.91
1981-09-21,15.79,15.31,14.78
1981-09-22,16.04,15.61,15.03
1981-09-23,16.11,15.79,15.23
1981-09-24,16.17,15.83,15.31
1981-09-25,16.53,16.13,15.68
1981-09-28,16.57,16.13,15.65
1981-09-29,16.59,16.18,15.76
1981-09-30,16.69,16.27,15.84
1981-10-01,16.57,16.13,15.75
1981-10-02,16.34,15.83,15.41
1981-10-05,15.87,15.55,15.19
1981-10-06,15.85,15.53,15.14
1981-10-07,15.73,15.43,15.04
1981-10-08,15.79,15.41,15.00
1981-10-09,15.20,15.03,14.73
1981-10-13,15.25,15.12,14.83
1981-10-14,15.35,15.13,14.87
1981-10-15,15.31,15.12,14.88
1981-10-16,15.46,15.20,14.94
1981-10-19,15.48,15.29,14.95
1981-10-20,15.48,15.37,15.09
1981-10-21,15.55,15.55,15.34
1981-10-22,15.56,15.57,15.38
1981-10-23,15.41,15.46,15.30
1981-10-26,15.56,15.68,15.60
1981-10-27,15.56,15.62,15.54
1981-10-28,15.42,15.54,15.44
1981-10-29,15.07,15.20,15.06
1981-10-30,14.59,14.78,14.63
1981-11-02,14.44,14.61,14.57
1981-11-04,14.11,14.32,14.18
1981-11-05,14.20,14.43,14.19
1981-11-06,13.86,14.07,13.94
1981-11-09,13.17,13.54,13.39
1981-11-10,13.22,13.63,13.40
1981-11-12,12.77,13.23,13.19
1981-11-13,12.83,13.31,13.18
1981-11-16,12.69,13.21,13.07
1981-11-17,12.71,13.21,13.18
1981-11-18,12.19,13.11,13.00
1981-11-19,12.22,13.04,13.04
1981-11-20,12.21,13.01,13.14
1981-11-23,12.50,13.31,13.44
1981-11-24,12.15,12.75,13.13
1981-11-25,12.13,12.61,12.98
1981-11-27,12.11,12.58,12.92
1981-11-30,12.36,12.79,13.13
1981-12-01,12.71,13.11,13.37
1981-12-02,12.89,13.25,13.49
1981-12-03,12.88,13.21,13.45
1981-12-04,12.23,12.80,13.15
1981-12-07,12.58,13.22,13.50
1981-12-08,12.65,13.23,13.50
1981-12-09,12.87,13.40,13.64
1981-12-10,13.16,13.77,13.80
1981-12-11,13.35,13.73,13.84
1981-12-14,13.39,13.55,13.62
1981-12-15,13.10,13.35,13.55
1981-12-16,13.04,13.36,13.53
1981-12-17,13.37,13.55,13.71
1981-12-18,13.19,13.40,13.51
1981-12-21,13.61,13.87,13.83
1981-12-22,13.77,14.03,14.02
1981-12-23,14.12,14.20,14.14
1981-12-24,13.95,14.03,14.01
1981-12-28,14.02,14.01,14.01
1981-12-29,13.98,14.11,14.12
1981-12-30,13.90,14.06,14.17
1981-12-31,13.63,13.97,13.98
1982-01-04,13.87,14.15,14.19
1982-01-05,14.09,14.41,14.44
1982-01-06,14.19,14.60,14.59
1982-01-07,14.33,14.66,14.63
1982-01-08,14.11,14.47,14.48
1982-01-11,14.55,14.83,14.81
1982-01-12,14.49,14.70,14.62
1982-01-13,14.78,14.86,14.83
1982-01-14,14.71,14.69,14.70
1982-01-15,14.81,14.86,14.82
1982-01-18,14.83,14.77,14.75
1982-01-19,14.79,14.79,14.80
1982-01-20,15.02,14.90,14.81
1982-01-21,14.96,14.75,14.62
1982-01-22,15.06,14.85,14.69
1982-01-25,14.93,14.80,14.62
1982-01-26,14.70,14.63,14.54
1982-01-27,14.57,14.62,14.51
1982-01-28,14.33,14.33,14.29
1982-01-29,14.24,14.24,14.14
1982-02-01,15.04,14.79,14.58
1982-02-02,14.85,14.61,14.47
1982-02-03,14.93,14.73,14.69
1982-02-04,14.96,14.82,14.76
1982-02-05,14.89,14.72,14.65
1982-02-08,15.09,14.94,14.88
1982-02-09,15.15,15.02,14.95
1982-02-10,15.08,14.89,14.81
1982-02-11,15.07,14.80,14.71
1982-02-16,15.04,14.68,14.53
1982-02-17,15.18,14.73,14.50
1982-02-18,14.99,14.45,14.28
1982-02-19,14.94,14.44,14.24
1982-02-22,14.35,13.97,13.87
1982-02-23,14.33,14.03,13.93
1982-02-24,14.24,13.98,13.87
1982-02-25,14.25,14.01,13.91
1982-02-26,14.44,14.12,14.03
1982-03-01,14.25,13.97,13.85
1982-03-02,14.14,13.87,13.74
1982-03-03,14.09,13.77,13.69
1982-03-04,13.90,13.61,13.61
1982-03-05,13.79,13.57,13.59
1982-03-08,13.71,13.57,13.67
1982-03-09,13.93,13.72,13.69
1982-03-10,13.97,13.75,13.73
1982-03-11,14.25,14.03,13.95
1982-03-12,14.35,14.04,13.97
1982-03-15,14.43,14.11,13.96
1982-03-16,14.35,14.04,13.91
1982-03-17,14.15,14.00,13.88
1982-03-18,14.24,14.01,13.87
1982-03-19,14.35,14.06,13.89
1982-03-22,14.09,13.91,13.74
1982-03-23,14.07,13.89,13.72
1982-03-24,14.14,14.10,13.91
1982-03-25,14.24,14.09,13.90
1982-03-26,14.35,14.18,14.01
1982-03-29,14.53,14.39,14.16
1982-03-30,14.63,14.41,14.19
1982-03-31,14.52,14.39,14.18
1982-04-01,14.42,14.26,14.10
1982-04-02,14.44,14.26,14.10
1982-04-05,14.37,14.28,14.16
1982-04-06,14.42,14.30,14.18
1982-04-07,14.54,14.30,14.18
1982-04-08,14.28,14.11,13.98
1982-04-12,14.22,14.01,13.83
1982-04-13,14.17,13.99,13.83
1982-04-14,14.35,14.12,13.95
1982-04-15,14.39,14.05,13.91
1982-04-16,14.24,13.83,13.71
1982-04-19,14.18,13.83,13.66
1982-04-20,14.14,13.89,13.72
1982-04-21,14.04,13.81,13.69
1982-04-22,14.06,13.87,13.71
1982-04-23,14.02,13.84,13.69
1982-04-26,14.02,13.81,13.70
1982-04-27,13.95,13.80,13.70
1982-04-28,13.99,13.87,13.77
1982-04-29,14.02,13.95,13.87
1982-04-30,13.99,13.90,13.87
1982-05-03,14.13,14.02,13.95
1982-05-04,14.17,14.02,13.87
1982-05-05,14.04,13.95,13.80
1982-05-06,13.78,13.71,13.54
1982-05-07,13.67,13.64,13.48
1982-05-10,13.71,13.59,13.49
1982-05-11,13.73,13.64,13.46
1982-05-12,13.80,13.75,13.59
1982-05-13,13.95,13.84,13.62
1982-05-14,13.86,13.64,13.48
1982-05-17,13.85,13.71,13.57
1982-05-18,13.85,13.76,13.60
1982-05-19,13.78,13.81,13.64
1982-05-20,13.48,13.64,13.53
1982-05-21,13.57,13.66,13.52
1982-05-24,13.62,13.68,13.58
1982-05-25,13.68,13.73,13.62
1982-05-26,13.62,13.74,13.68
1982-05-27,13.63,13.79,13.72
1982-05-28,13.62,13.76,13.71
1982-06-01,13.92,13.98,13.93
1982-06-02,13.95,13.96,13.86
1982-06-03,13.90,13.94,13.90
1982-06-04,14.03,14.03,13.98
1982-06-07,13.97,14.00,13.94
1982-06-08,14.04,14.04,13.98
1982-06-09,14.11,14.06,13.99
1982-06-10,14.12,14.08,14.02
1982-06-11,14.08,14.00,13.93
1982-06-14,14.37,14.31,14.21
1982-06-15,14.41,14.31,14.21
1982-06-16,14.45,14.39,14.26
1982-06-17,14.79,14.61,14.48
1982-06-18,14.96,14.80,14.62
1982-06-21,14.92,14.85,14.63
1982-06-22,14.90,14.84,14.66
1982-06-23,14.97,14.95,14.74
1982-06-24,14.95,14.94,14.71
1982-06-25,14.98,14.93,14.76
1982-06-28,14.93,14.91,14.73
1982-06-29,14.83,14.80,14.61
1982-06-30,14.66,14.65,14.44
1982-07-01,14.60,14.62,14.40
1982-07-02,14.71,14.69,14.50
1982-07-06,14.72,14.69,14.48
1982-07-07,14.68,14.69,14.49
1982-07-08,14.26,14.33,14.19
1982-07-09,14.05,14.19,14.03
1982-07-12,13.86,14.01,13.87
1982-07-13,14.13,14.19,14.02
1982-07-14,14.23,14.27,14.10
1982-07-15,14.07,14.16,13.96
1982-07-16,13.71,13.86,13.70
1982-07-19,13.52,13.80,13.68
1982-07-20,13.27,13.65,13.53
1982-07-21,13.13,13.70,13.60
1982-07-22,13.04,13.55,13.51
1982-07-23,13.04,13.58,13.56
1982-07-26,13.33,13.92,13.91
1982-07-27,13.35,13.89,13.86
1982-07-28,13.45,14.00,13.97
1982-07-29,13.42,13.89,13.83
1982-07-30,13.17,13.73,13.68
1982-08-02,12.82,13.46,13.41
1982-08-03,12.90,13.52,13.51
1982-08-04,12.93,13.60,13.68
1982-08-05,13.08,13.68,13.70
1982-08-06,13.24,13.86,13.85
1982-08-09,13.08,13.72,13.70
1982-08-10,13.15,13.74,13.69
1982-08-11,13.15,13.74,13.71
1982-08-12,12.93,13.50,13.55
1982-08-13,12.75,13.24,13.20
1982-08-16,12.36,13.00,13.09
1982-08-17,11.83,12.61,12.65
1982-08-18,11.76,12.45,12.57
1982-08-19,11.61,12.42,12.47
1982-08-20,11.20,12.15,12.24
1982-08-23,11.57,12.39,12.47
1982-08-24,11.50,12.29,12.35
1982-08-25,11.66,12.26,12.43
1982-08-26,11.67,12.32,12.55
1982-08-27,11.93,12.65,12.77
1982-08-30,12.01,12.71,12.81
1982-08-31,11.99,12.65,12.81
1982-09-01,12.00,12.58,12.76
1982-09-02,11.95,12.52,12.60
1982-09-03,11.69,12.26,12.47
1982-09-07,11.80,12.36,12.53
1982-09-08,11.87,12.40,12.51
1982-09-09,11.87,12.41,12.53
1982-09-10,12.06,12.56,12.73
1982-09-13,11.93,12.52,12.63
1982-09-14,11.88,12.38,12.56
1982-09-15,12.16,12.56,12.60
1982-09-16,12.14,12.52,12.60
1982-09-17,11.96,12.39,12.51
1982-09-20,11.98,12.43,12.47
1982-09-21,11.68,12.13,12.18
1982-09-22,11.61,12.04,12.04
1982-09-23,11.50,11.92,11.94
1982-09-24,11.65,12.05,12.09
1982-09-27,11.69,11.95,11.99
1982-09-28,11.42,11.78,11.85
1982-09-29,11.38,11.76,11.80
1982-09-30,11.23,11.69,11.73
1982-10-01,11.13,11.50,11.51
1982-10-04,11.51,11.73,11.72
1982-10-05,11.42,11.70,11.69
1982-10-06,11.21,11.52,11.50
1982-10-07,10.46,10.81,10.91
1982-10-08,10.15,10.71,10.83
1982-10-12,9.69,10.40,10.53
1982-10-13,9.68,10.28,10.39
1982-10-14,9.84,10.52,10.61
1982-10-15,10.00,10.64,10.75
1982-10-18,9.80,10.42,10.58
1982-10-19,9.82,10.38,10.56
1982-10-20,9.72,10.52,10.69
1982-10-21,9.79,10.54,10.69
1982-10-22,9.87,10.66,10.81
1982-10-25,10.09,10.97,11.11
1982-10-26,9.89,10.74,10.87
1982-10-27,9.94,10.76,10.90
1982-10-28,9.89,10.61,10.77
1982-10-29,9.85,10.58,10.71
1982-11-01,9.68,10.41,10.56
1982-11-03,9.65,10.30,10.46
1982-11-04,9.64,10.28,10.42
1982-11-05,9.73,10.36,10.48
1982-11-08,9.81,10.46,10.55
1982-11-09,9.74,10.41,10.51
1982-11-10,9.77,10.38,10.48
1982-11-12,9.87,10.50,10.58
1982-11-15,9.91,10.60,10.65
1982-11-16,9.90,10.63,10.67
1982-11-17,9.90,10.55,10.59
1982-11-18,9.81,10.42,10.46
1982-11-19,9.79,10.36,10.42
1982-11-22,9.73,10.25,10.43
1982-11-23,9.73,10.19,10.53
1982-11-24,9.80,10.20,10.59
1982-11-26,9.76,10.19,10.51
1982-11-29,9.94,10.39,10.78
1982-11-30,9.96,10.37,10.79
1982-12-01,9.96,10.34,10.74
1982-12-02,9.89,10.29,10.68
1982-12-03,9.72,10.16,10.47
1982-12-06,9.73,10.17,10.46
1982-12-07,9.72,10.21,10.48
1982-12-08,9.85,10.25,10.62
1982-12-09,9.83,10.30,10.58
1982-12-10,9.87,10.37,10.66
1982-12-13,9.84,10.34,10.61
1982-12-14,9.54,10.13,10.46
1982-12-15,9.49,10.15,10.50
1982-12-16,9.59,10.24,10.59
1982-12-17,9.66,10.28,10.64
1982-12-20,9.67,10.31,10.70
1982-12-21,9.54,10.21,10.54
1982-12-22,9.55,10.22,10.53
1982-12-23,9.52,10.15,10.47
1982-12-27,9.54,10.15,10.44
1982-12-28,9.52,10.15,10.44
1982-12-29,9.54,10.19,10.47
1982-12-30,9.52,10.19,10.44
1982-12-31,9.48,10.09,10.36
1983-01-03,9.29,10.02,10.32
1983-01-04,9.43,10.07,10.37
1983-01-05,9.39,10.06,10.35
1983-01-06,9.39,10.05,10.39
1983-01-07,9.26,9.98,10.36
1983-01-10,9.24,9.96,10.38
1983-01-11,9.19,9.92,10.34
1983-01-12,9.22,9.92,10.32
1983-01-13,9.11,9.81,10.27
1983-01-14,9.09,9.78,10.28
1983-01-17,9.17,9.78,10.28
1983-01-18,9.14,9.79,10.30
1983-01-19,9.20,9.89,10.41
1983-01-20,9.26,9.94,10.43
1983-01-21,9.46,10.18,10.61
1983-01-24,9.54,10.26,10.70
1983-01-25,9.44,10.18,10.62
1983-01-26,9.52,10.23,10.69
1983-01-27,9.49,10.20,10.67
1983-01-28,9.47,10.21,10.71
1983-01-31,9.58,10.31,10.80
1983-02-01,9.60,10.34,10.78
1983-02-02,9.71,10.37,10.88
1983-02-03,9.71,10.39,10.93
1983-02-04,9.82,10.51,10.99
1983-02-07,9.80,10.49,10.96
1983-02-08,9.83,10.50,10.99
1983-02-09,9.89,10.58,11.00
1983-02-10,9.74,10.38,10.83
1983-02-11,9.70,10.31,10.80
1983-02-14,9.78,10.37,10.80
1983-02-15,9.77,10.37,10.84
1983-02-16,9.69,10.29,10.81
1983-02-17,9.65,10.24,10.71
1983-02-18,9.56,10.13,10.60
1983-02-22,9.41,10.01,10.46
1983-02-23,9.44,10.00,10.44
1983-02-24,9.40,9.96,10.42
1983-02-25,9.28,9.82,10.26
1983-02-28,9.31,9.83,10.27
1983-03-01,9.26,9.74,10.22
1983-03-02,9.30,9.76,10.26
1983-03-03,9.24,9.72,10.23
1983-03-04,9.25,9.75,10.27
1983-03-07,9.46,9.92,10.43
1983-03-08,9.62,10.01,10.52
1983-03-09,9.62,10.02,10.48
1983-03-10,9.67,10.08,10.55
1983-03-11,9.66,10.12,10.59
1983-03-14,9.58,10.02,10.48
1983-03-15,9.57,9.99,10.46
1983-03-16,9.65,10.09,10.53
1983-03-17,9.71,10.14,10.56
1983-03-18,9.78,10.15,10.58
1983-03-21,9.79,10.20,10.60
1983-03-22,9.84,10.29,10.62
1983-03-23,9.81,10.23,10.58
1983-03-24,9.82,10.24,10.58
1983-03-25,9.91,10.32,10.64
1983-03-28,9.92,10.33,10.66
1983-03-29,9.88,10.28,10.60
1983-03-30,9.88,10.25,10.59
1983-03-31,9.87,10.27,10.62
1983-04-04,9.87,10.25,10.60
1983-04-05,9.72,10.11,10.49
1983-04-06,9.69,10.11,10.49
1983-04-07,9.67,10.09,10.51
1983-04-08,9.67,10.11,10.51
1983-04-11,9.53,9.99,10.41
1983-04-12,9.58,10.01,10.42
1983-04-13,9.57,10.01,10.39
1983-04-14,9.49,9.93,10.29
1983-04-15,9.53,9.98,10.33
1983-04-18,9.49,9.95,10.29
1983-04-19,9.58,10.04,10.39
1983-04-20,9.58,10.01,10.39
1983-04-21,9.61,10.07,10.43
1983-04-22,9.58,10.03,10.42
1983-04-25,9.52,10.01,10.40
1983-04-26,9.49,10.02,10.37
1983-04-27,9.42,9.92,10.29
1983-04-28,9.42,9.91,10.31
1983-04-29,9.35,9.88,10.27
1983-05-02,9.29,9.82,10.26
1983-05-03,9.27,9.81,10.26
1983-05-04,9.19,9.73,10.12
1983-05-05,9.25,9.76,10.16
1983-05-06,9.17,9.74,10.13
1983-05-09,9.33,9.86,10.25
1983-05-10,9.24,9.81,10.16
1983-05-11,9.22,9.82,10.18
1983-05-12,9.29,9.87,10.23
1983-05-13,9.27,9.86,10.22
1983-05-16,9.47,10.02,10.37
1983-05-17,9.48,10.03,10.41
1983-05-18,9.49,10.06,10.43
1983-05-19,9.61,10.17,10.49
1983-05-20,9.64,10.20,10.54
1983-05-23,9.74,10.27,10.57
1983-05-24,9.75,10.30,10.56
1983-05-25,9.76,10.29,10.58
1983-05-26,9.89,10.38,10.63
1983-05-27,9.90,10.37,10.62
1983-05-31,10.02,10.55,10.81
1983-06-01,9.97,10.48,10.77
1983-06-02,9.96,10.46,10.78
1983-06-03,10.01,10.53,10.79
1983-06-06,10.09,10.54,10.79
1983-06-07,10.18,10.61,10.85
1983-06-08,10.20,10.64,10.92
1983-06-09,10.12,10.63,10.88
1983-06-10,10.20,10.64,10.89
1983-06-13,10.11,10.50,10.75
1983-06-14,10.09,10.53,10.77
1983-06-15,10.06,10.48,10.72
1983-06-16,10.05,10.46,10.64
1983-06-17,10.07,10.47,10.68
1983-06-20,10.26,10.62,10.80
1983-06-21,10.27,10.64,10.79
1983-06-22,10.31,10.71,10.83
1983-06-23,10.33,10.76,10.90
1983-06-24,10.43,10.83,11.02
1983-06-27,10.44,10.92,11.11
1983-06-28,10.35,10.85,11.04
1983-06-29,10.27,10.76,10.99
1983-06-30,10.23,10.76,10.96
1983-07-01,10.17,10.72,10.93
1983-07-05,10.52,11.03,11.21
1983-07-06,10.49,10.98,11.16
1983-07-07,10.59,11.12,11.29
1983-07-08,10.69,11.16,11.33
1983-07-11,10.56,11.09,11.28
1983-07-12,10.74,11.24,11.42
1983-07-13,10.71,11.21,11.40
1983-07-14,10.72,11.21,11.38
1983-07-15,10.82,11.36,11.51
1983-07-18,10.76,11.30,11.41
1983-07-19,10.69,11.23,11.36
1983-07-20,10.64,11.14,11.28
1983-07-21,10.66,11.16,11.32
1983-07-22,10.77,11.26,11.43
1983-07-25,10.74,11.26,11.41
1983-07-26,10.77,11.33,11.49
1983-07-27,10.77,11.32,11.51
1983-07-28,10.86,11.47,11.66
1983-07-29,11.03,11.59,11.76
1983-08-01,11.09,11.63,11.80
1983-08-02,11.14,11.68,11.82
1983-08-03,11.13,11.68,11.92
1983-08-04,11.27,11.84,12.12
1983-08-05,11.27,11.85,12.10
1983-08-08,11.37,11.95,12.20
1983-08-09,11.33,11.88,12.13
1983-08-10,11.41,11.94,12.17
1983-08-11,11.32,11.87,12.04
1983-08-12,11.27,11.82,11.96
1983-08-15,11.08,11.58,11.76
1983-08-16,10.97,11.52,11.71
1983-08-17,10.86,11.41,11.65
1983-08-18,10.85,11.44,11.70
1983-08-19,10.90,11.50,11.72
1983-08-22,10.75,11.30,11.54
1983-08-23,10.79,11.37,11.57
1983-08-24,10.76,11.30,11.54
1983-08-25,10.83,11.35,11.62
1983-08-26,10.88,11.40,11.65
1983-08-29,11.09,11.63,11.86
1983-08-30,11.08,11.67,11.90
1983-08-31,11.18,11.79,11.98
1983-09-01,11.16,11.76,11.97
1983-09-02,11.18,11.81,12.01
1983-09-06,11.03,11.63,11.85
1983-09-07,10.88,11.52,11.70
1983-09-08,10.95,11.57,11.77
1983-09-09,10.93,11.53,11.73
1983-09-12,10.71,11.35,11.56
1983-09-13,10.77,11.38,11.63
1983-09-14,10.88,11.51,11.76
1983-09-15,10.95,11.61,11.82
1983-09-16,10.83,11.43,11.68
1983-09-19,10.72,11.42,11.66
1983-09-20,10.70,11.33,11.57
1983-09-21,10.73,11.40,11.64
1983-09-22,10.74,11.40,11.60
1983-09-23,10.61,11.29,11.49
1983-09-26,10.49,11.18,11.41
1983-09-27,10.57,11.21,11.45
1983-09-28,10.59,11.24,11.49
1983-09-29,10.64,11.26,11.50
1983-09-30,10.53,11.20,11.44
1983-10-03,10.55,11.22,11.47
1983-10-04,10.56,11.22,11.46
1983-10-05,10.45,11.11,11.35
1983-10-06,10.42,11.10,11.31
1983-10-07,10.45,11.12,11.33
1983-10-11,10.68,11.36,11.57
1983-10-12,10.65,11.35,11.59
1983-10-13,10.71,11.40,11.65
1983-10-14,10.65,11.31,11.58
1983-10-17,10.49,11.21,11.47
1983-10-18,10.48,11.20,11.49
1983-10-19,10.55,11.20,11.49
1983-10-20,10.54,11.22,11.47
1983-10-21,10.48,11.18,11.43
1983-10-24,10.68,11.39,11.66
1983-10-25,10.63,11.40,11.70
1983-10-26,10.63,11.40,11.72
1983-10-27,10.60,11.39,11.66
1983-10-28,10.61,11.39,11.68
1983-10-31,10.61,11.39,11.74
1983-11-01,10.64,11.38,11.69
1983-11-02,10.62,11.39,11.70
1983-11-03,10.63,11.41,11.75
1983-11-04,10.76,11.53,11.85
1983-11-07,10.79,11.56,11.85
1983-11-09,10.74,11.54,11.84
1983-11-10,10.63,11.40,11.71
1983-11-14,10.60,11.38,11.68
1983-11-15,10.66,11.40,11.70
1983-11-16,10.66,11.40,11.70
1983-11-17,10.68,11.44,11.72
1983-11-18,10.68,11.46,11.72
1983-11-21,10.65,11.38,11.65
1983-11-22,10.60,11.34,11.57
1983-11-23,10.64,11.37,11.59
1983-11-25,10.63,11.31,11.55
1983-11-28,10.69,11.41,11.63
1983-11-29,10.65,11.31,11.58
1983-11-30,10.67,11.36,11.63
1983-12-01,10.66,11.37,11.63
1983-12-02,10.77,11.47,11.75
1983-12-05,10.80,11.50,11.78
1983-12-06,10.74,11.46,11.76
1983-12-07,10.75,11.49,11.79
1983-12-08,10.83,11.57,11.89
1983-12-09,10.85,11.58,11.90
1983-12-12,10.82,11.54,11.87
1983-12-13,10.93,11.65,11.95
1983-12-14,10.92,11.68,11.97
1983-12-15,10.93,11.66,11.96
1983-12-16,10.87,11.59,11.88
1983-12-19,10.87,11.59,11.87
1983-12-20,10.87,11.56,11.86
1983-12-21,10.88,11.54,11.83
1983-12-22,10.83,11.51,11.77
1983-12-23,10.86,11.53,11.79
1983-12-27,10.85,11.50,11.75
1983-12-28,10.85,11.56,11.81
1983-12-29,10.84,11.52,11.79
1983-12-30,10.85,11.57,11.82
1984-01-03,10.87,11.59,11.86
1984-01-04,10.77,11.50,11.78
1984-01-05,10.75,11.47,11.77
1984-01-06,10.68,11.43,11.73
1984-01-09,10.73,11.47,11.75
1984-01-10,10.66,11.44,11.71
1984-01-11,10.72,11.46,11.76
1984-01-12,10.71,11.48,11.76
1984-01-13,10.50,11.26,11.59
1984-01-16,10.52,11.25,11.54
1984-01-17,10.55,11.28,11.57
1984-01-18,10.58,11.30,11.61
1984-01-19,10.57,11.29,11.60
1984-01-20,10.60,11.32,11.64
1984-01-23,10.61,11.31,11.63
1984-01-24,10.63,11.31,11.63
1984-01-25,10.65,11.31,11.64
1984-01-26,10.62,11.31,11.63
1984-01-27,10.62,11.31,11.63
1984-01-30,10.57,11.31,11.66
1984-01-31,10.58,11.34,11.67
1984-02-01,10.56,11.31,11.64
1984-02-02,10.54,11.28,11.60
1984-02-03,10.53,11.31,11.60
1984-02-06,10.67,11.40,11.70
1984-02-07,10.66,11.40,11.71
1984-02-08,10.65,11.41,11.72
1984-02-09,10.66,11.43,11.73
1984-02-10,10.73,11.52,11.83
1984-02-14,10.78,11.54,11.85
1984-02-15,10.73,11.50,11.81
1984-02-16,10.75,11.51,11.83
1984-02-17,10.87,11.63,11.92
1984-02-21,10.85,11.62,11.91
1984-02-22,10.92,11.61,11.93
1984-02-23,11.03,11.76,12.05
1984-02-24,10.94,11.69,11.99
1984-02-27,11.02,11.77,12.05
1984-02-28,11.04,11.80,12.09
1984-02-29,10.99,11.74,12.04
1984-03-01,11.05,11.77,12.07
1984-03-02,10.92,11.68,11.99
1984-03-05,11.01,11.76,12.07
1984-03-06,11.01,11.77,12.09
1984-03-07,11.08,11.87,12.22
1984-03-08,11.15,11.90,12.24
1984-03-09,11.19,11.95,12.28
1984-03-12,11.18,11.94,12.24
1984-03-13,11.22,11.97,12.27
1984-03-14,11.26,12.00,12.31
1984-03-15,11.28,11.99,12.31
1984-03-16,11.27,12.01,12.34
1984-03-19,11.39,12.11,12.45
1984-03-20,11.45,12.13,12.44
1984-03-21,11.57,12.17,12.45
1984-03-22,11.59,12.22,12.49
1984-03-23,11.59,12.23,12.48
1984-03-26,11.56,12.20,12.46
1984-03-27,11.58,12.21,12.46
1984-03-28,11.48,12.15,12.42
1984-03-29,11.49,12.16,12.41
1984-03-30,11.60,12.28,12.53
1984-04-02,11.61,12.29,12.56
1984-04-03,11.73,12.40,12.65
1984-04-04,11.76,12.44,12.67
1984-04-05,11.70,12.42,12.65
1984-04-06,11.55,12.24,12.51
1984-04-09,11.55,12.22,12.47
1984-04-10,11.54,12.26,12.52
1984-04-11,11.53,12.24,12.50
1984-04-12,11.49,12.16,12.40
1984-04-13,11.66,12.30,12.57
1984-04-16,11.70,12.35,12.61
1984-04-17,11.59,12.30,12.57
1984-04-18,11.69,12.40,12.70
1984-04-19,11.77,12.47,12.77
1984-04-23,11.78,12.49,12.80
1984-04-24,11.73,12.46,12.75
1984-04-25,11.79,12.45,12.69
1984-04-26,11.77,12.42,12.67
1984-04-27,11.89,12.55,12.79
1984-04-30,11.89,12.57,12.82
1984-05-01,11.88,12.57,12.82
1984-05-02,11.92,12.62,12.86
1984-05-03,11.96,12.64,12.89
1984-05-04,12.15,12.83,13.07
1984-05-07,12.24,12.90,13.13
1984-05-08,12.23,12.88,13.09
1984-05-09,12.32,12.97,13.21
1984-05-10,12.32,12.98,13.25
1984-05-11,12.55,13.20,13.46
1984-05-14,12.57,13.30,13.58
1984-05-15,12.51,13.23,13.48
1984-05-16,12.42,13.17,13.41
1984-05-17,12.51,13.27,13.54
1984-05-18,12.47,13.21,13.45
1984-05-21,12.48,13.18,13.43
1984-05-22,12.58,13.27,13.52
1984-05-23,12.67,13.30,13.54
1984-05-24,12.77,13.46,13.72
1984-05-25,12.77,13.52,13.75
1984-05-29,12.98,13.70,13.89
1984-05-30,13.04,13.84,13.99
1984-05-31,13.00,13.76,13.91
1984-06-01,12.72,13.46,13.63
1984-06-04,12.63,13.29,13.42
1984-06-05,12.60,13.24,13.37
1984-06-06,12.75,13.38,13.54
1984-06-07,12.81,13.43,13.54
1984-06-08,12.74,13.35,13.46
1984-06-11,13.00,13.57,13.58
1984-06-12,12.92,13.45,13.54
1984-06-13,12.83,13.37,13.44
1984-06-14,12.75,13.31,13.39
1984-06-15,12.63,13.12,13.21
1984-06-18,12.75,13.19,13.27
1984-06-19,12.79,13.30,13.38
1984-06-20,13.08,13.57,13.65
1984-06-21,13.14,13.67,13.72
1984-06-22,13.15,13.72,13.74
1984-06-25,13.12,13.70,13.75
1984-06-26,13.17,13.77,13.79
1984-06-27,13.12,13.70,13.76
1984-06-28,13.17,13.70,13.80
1984-06-29,13.17,13.72,13.84
1984-07-02,13.17,13.73,13.87
1984-07-03,13.12,13.67,13.80
1984-07-05,13.07,13.64,13.77
1984-07-06,13.13,13.65,13.75
1984-07-09,12.96,13.40,13.48
1984-07-10,13.00,13.46,13.53
1984-07-11,13.06,13.45,13.55
1984-07-12,12.96,13.39,13.42
1984-07-13,12.85,13.24,13.30
1984-07-16,12.89,13.24,13.32
1984-07-17,12.93,13.29,13.37
1984-07-18,12.89,13.22,13.32
1984-07-19,12.82,13.17,13.25
1984-07-20,12.85,13.24,13.36
1984-07-23,12.87,13.25,13.35
1984-07-24,12.85,13.24,13.31
1984-07-25,12.64,12.95,13.06
1984-07-26,12.55,12.80,12.89
1984-07-27,12.59,12.89,12.95
1984-07-30,12.66,13.00,13.05
1984-07-31,12.57,12.85,12.91
1984-08-01,12.48,12.74,12.81
1984-08-02,12.48,12.71,12.74
1984-08-03,12.30,12.55,12.61
1984-08-06,12.42,12.66,12.73
1984-08-07,12.41,12.64,12.69
1984-08-08,12.37,12.62,12.66
1984-08-09,12.33,12.59,12.61
1984-08-10,12.35,12.63,12.68
1984-08-13,12.45,12.71,12.74
1984-08-14,12.34,12.62,12.67
1984-08-15,12.39,12.68,12.74
1984-08-16,12.40,12.66,12.70
1984-08-17,12.40,12.67,12.70
1984-08-20,12.42,12.66,12.69
1984-08-21,12.41,12.64,12.62
1984-08-22,12.45,12.66,12.65
1984-08-23,12.44,12.68,12.69
1984-08-24,12.41,12.67,12.66
1984-08-27,12.54,12.80,12.81
1984-08-28,12.54,12.82,12.81
1984-08-29,12.56,12.78,12.83
1984-08-30,12.56,12.79,12.84
1984-08-31,12.54,12.77,12.79
1984-09-04,12.59,12.85,12.88
1984-09-05,12.63,12.92,12.92
1984-09-06,12.54,12.82,12.81
1984-09-07,12.45,12.75,12.70
1984-09-10,12.27,12.65,12.62
1984-09-11,12.26,12.59,12.54
1984-09-12,12.30,12.62,12.55
1984-09-13,12.21,12.47,12.44
1984-09-14,12.15,12.42,12.42
1984-09-17,12.16,12.42,12.40
1984-09-18,12.10,12.33,12.35
1984-09-19,11.94,12.26,12.25
1984-09-20,11.94,12.27,12.28
1984-09-21,12.06,12.44,12.45
1984-09-24,12.10,12.51,12.52
1984-09-25,12.12,12.53,12.56
1984-09-26,12.05,12.47,12.46
1984-09-27,11.95,12.31,12.31
1984-09-28,12.07,12.48,12.47
1984-10-01,12.09,12.51,12.54
1984-10-02,12.07,12.52,12.54
1984-10-03,12.06,12.49,12.54
1984-10-04,12.02,12.45,12.52
1984-10-05,11.93,12.35,12.39
1984-10-09,11.87,12.32,12.36
1984-10-10,11.89,12.32,12.36
1984-10-11,11.78,12.23,12.31
1984-10-12,11.72,12.17,12.28
1984-10-15,11.78,12.24,12.34
1984-10-16,11.77,12.25,12.32
1984-10-17,11.70,12.21,12.28
1984-10-18,11.53,11.98,12.09
1984-10-19,11.39,11.82,11.93
1984-10-22,11.35,11.82,11.90
1984-10-23,11.17,11.62,11.78
1984-10-24,11.10,11.55,11.74
1984-10-25,11.13,11.65,11.83
1984-10-26,11.33,11.83,11.99
1984-10-29,11.30,11.79,11.95
1984-10-30,11.13,11.63,11.75
1984-10-31,11.09,11.59,11.79
1984-11-01,10.93,11.45,11.66
1984-11-02,10.96,11.46,11.66
1984-11-05,10.79,11.40,11.60
1984-11-07,10.80,11.45,11.72
1984-11-08,10.95,11.55,11.81
1984-11-09,10.81,11.47,11.71
1984-11-13,10.89,11.55,11.78
1984-11-14,10.91,11.59,11.81
1984-11-15,10.78,11.52,11.73
1984-11-16,10.71,11.46,11.69
1984-11-19,10.67,11.41,11.61
1984-11-20,10.59,11.29,11.53
1984-11-21,10.39,11.14,11.39
1984-11-23,10.29,10.99,11.24
1984-11-26,10.33,11.05,11.28
1984-11-27,10.31,11.05,11.28
1984-11-28,10.35,11.03,11.38
1984-11-29,10.37,11.07,11.42
1984-11-30,10.50,11.25,11.58
1984-12-03,10.50,11.23,11.56
1984-12-04,10.44,11.16,11.52
1984-12-05,10.40,11.14,11.52
1984-12-06,10.49,11.23,11.61
1984-12-07,10.51,11.31,11.70
1984-12-10,10.47,11.26,11.66
1984-12-11,10.40,11.18,11.57
1984-12-12,10.35,11.14,11.54
1984-12-13,10.40,11.27,11.70
1984-12-14,10.20,11.08,11.56
1984-12-17,10.07,11.01,11.49
1984-12-18,9.85,10.83,11.29
1984-12-19,9.89,10.86,11.34
1984-12-20,9.94,10.89,11.37
1984-12-21,9.94,10.89,11.34
1984-12-24,9.83,10.85,11.31
1984-12-26,9.95,10.97,11.45
1984-12-27,9.96,10.98,11.45
1984-12-28,10.02,11.03,11.46
1984-12-31,10.02,11.08,11.55
1985-01-02,10.03,11.22,11.70
1985-01-03,10.06,11.13,11.62
1985-01-04,10.08,11.19,11.67
1985-01-07,10.01,11.09,11.50
1985-01-08,9.99,11.04,11.45
1985-01-09,9.95,11.03,11.47
1985-01-10,10.00,11.05,11.48
1985-01-11,10.08,11.14,11.59
1985-01-14,10.07,11.13,11.60
1985-01-15,10.00,11.01,11.49
1985-01-16,9.99,11.02,11.51
1985-01-17,9.98,10.99,11.48
1985-01-18,9.91,10.89,11.39
1985-01-22,9.83,10.79,11.27
1985-01-23,9.83,10.74,11.21
1985-01-24,9.74,10.61,11.06
1985-01-25,9.76,10.66,11.11
1985-01-28,9.79,10.70,11.11
1985-01-29,9.79,10.70,11.11
1985-01-30,9.76,10.68,11.08
1985-01-31,9.90,10.77,11.17
1985-02-01,10.04,10.93,11.29
1985-02-04,10.03,10.99,11.35
1985-02-05,9.99,10.93,11.30
1985-02-06,10.03,11.00,11.40
1985-02-07,10.06,11.04,11.41
1985-02-08,10.03,11.00,11.37
1985-02-11,10.06,11.05,11.42
1985-02-13,10.03,11.02,11.39
1985-02-14,9.98,10.93,11.29
1985-02-15,10.02,10.98,11.38
1985-02-19,10.01,10.95,11.37
1985-02-20,10.13,11.09,11.52
1985-02-21,10.29,11.29,11.64
1985-02-22,10.34,11.35,11.76
1985-02-25,10.36,11.40,11.75
1985-02-26,10.36,11.35,11.72
1985-02-27,10.56,11.51,11.89
1985-02-28,10.66,11.55,11.91
1985-03-01,10.73,11.52,11.86
1985-03-04,10.78,11.57,11.93
1985-03-05,10.71,11.49,11.86
1985-03-06,10.75,11.53,11.92
1985-03-07,10.83,11.61,11.94
1985-03-08,10.56,11.37,11.71
1985-03-11,10.56,11.38,11.72
1985-03-12,10.62,11.45,11.78
1985-03-13,10.79,11.59,11.90
1985-03-14,10.86,11.63,11.92
1985-03-15,10.82,11.63,11.93
1985-03-18,10.89,11.70,12.02
1985-03-19,10.85,11.67,11.99
1985-03-20,10.85,11.62,11.91
1985-03-21,10.69,11.48,11.82
1985-03-22,10.75,11.55,11.88
1985-03-25,10.71,11.53,11.86
1985-03-26,10.63,11.45,11.77
1985-03-27,10.63,11.49,11.84
1985-03-28,10.53,11.38,11.75
1985-03-29,10.43,11.29,11.65
1985-04-01,10.45,11.28,11.66
1985-04-02,10.48,11.33,11.70
1985-04-03,10.49,11.34,11.73
1985-04-04,10.53,11.35,11.75
1985-04-08,10.49,11.36,11.77
1985-04-09,10.38,11.28,11.66
1985-04-10,10.31,11.20,11.58
1985-04-11,10.12,11.05,11.42
1985-04-12,10.13,11.05,11.43
1985-04-15,10.09,11.02,11.37
1985-04-16,9.86,10.80,11.25
1985-04-17,9.93,10.86,11.29
1985-04-18,9.73,10.69,11.13
1985-04-19,9.81,10.69,11.16
1985-04-22,9.72,10.67,11.13
1985-04-23,9.88,10.79,11.25
1985-04-24,9.81,10.77,11.25
1985-04-25,9.90,10.87,11.37
1985-04-26,9.88,10.87,11.35
1985-04-29,9.97,10.96,11.47
1985-04-30,9.91,10.91,11.41
1985-05-01,9.82,10.81,11.27
1985-05-02,9.86,10.83,11.29
1985-05-03,9.71,10.74,11.21
1985-05-06,9.70,10.71,11.19
1985-05-07,9.66,10.68,11.17
1985-05-08,9.73,10.74,11.26
1985-05-09,9.67,10.68,11.20
1985-05-10,9.62,10.57,11.04
1985-05-13,9.64,10.56,11.04
1985-05-14,9.47,10.39,10.87
1985-05-15,9.40,10.39,10.89
1985-05-16,9.31,10.28,10.81
1985-05-17,9.37,10.32,10.84
1985-05-20,9.10,10.04,10.56
1985-05-21,9.11,10.07,10.60
1985-05-22,9.11,10.05,10.62
1985-05-23,9.21,10.11,10.64
1985-05-24,9.13,10.05,10.57
1985-05-28,9.05,9.95,10.43
1985-05-29,9.05,9.90,10.46
1985-05-30,9.03,9.84,10.39
1985-05-31,8.92,9.68,10.28
1985-06-03,8.72,9.50,10.05
1985-06-04,8.68,9.47,10.05
1985-06-05,8.42,9.26,9.83
1985-06-06,8.51,9.33,9.89
1985-06-07,8.82,9.67,10.19
1985-06-10,8.87,9.68,10.16
1985-06-11,8.78,9.63,10.08
1985-06-12,8.76,9.65,10.16
1985-06-13,8.76,9.67,10.21
1985-06-14,8.45,9.39,9.98
1985-06-17,8.48,9.45,9.97
1985-06-18,8.37,9.33,9.90
1985-06-19,8.50,9.46,10.04
1985-06-20,8.59,9.51,10.14
1985-06-21,8.80,9.75,10.34
1985-06-24,8.87,9.83,10.45
1985-06-25,8.96,9.95,10.50
1985-06-26,8.94,9.97,10.54
1985-06-27,8.81,9.83,10.39
1985-06-28,8.67,9.65,10.25
1985-07-01,8.66,9.58,10.19
1985-07-02,8.66,9.61,10.20
1985-07-03,8.66,9.62,10.23
1985-07-05,8.36,9.30,9.93
1985-07-08,8.52,9.41,10.05
1985-07-09,8.52,9.41,10.05
1985-07-10,8.55,9.45,10.07
1985-07-11,8.73,9.61,10.22
1985-07-12,8.78,9.63,10.23
1985-07-15,8.76,9.63,10.22
1985-07-16,8.67,9.59,10.15
1985-07-17,8.63,9.54,10.12
1985-07-18,8.76,9.71,10.30
1985-07-19,8.82,9.72,10.34
1985-07-22,8.95,9.87,10.46
1985-07-23,8.97,9.91,10.47
1985-07-24,8.99,9.92,10.51
1985-07-25,8.96,9.91,10.52
1985-07-26,8.98,9.96,10.59
1985-07-29,9.03,10.02,10.67
1985-07-30,9.04,10.02,10.66
1985-07-31,9.01,9.98,10.57
1985-08-01,9.04,9.95,10.51
1985-08-02,9.15,10.09,10.66
1985-08-05,9.13,10.06,10.64
1985-08-06,9.13,10.08,10.65
1985-08-07,9.08,10.01,10.55
1985-08-08,8.99,9.91,10.43
1985-08-09,8.95,9.86,10.37
1985-08-12,8.95,9.86,10.38
1985-08-13,8.96,9.92,10.46
1985-08-14,8.96,9.84,10.38
1985-08-15,8.96,9.83,10.36
1985-08-16,8.90,9.74,10.26
1985-08-19,8.89,9.74,10.23
1985-08-20,8.86,9.70,10.20
1985-08-21,8.82,9.63,10.12
1985-08-22,8.81,9.62,10.10
1985-08-23,8.87,9.67,10.14
1985-08-26,8.88,9.70,10.18
1985-08-27,8.81,9.65,10.12
1985-08-28,8.85,9.63,10.16
1985-08-29,8.81,9.58,10.12
1985-08-30,8.96,9.74,10.28
1985-09-03,8.95,9.71,10.24
1985-09-04,8.85,9.64,10.16
1985-09-05,8.92,9.71,10.27
1985-09-06,9.15,9.97,10.50
1985-09-09,9.13,9.97,10.49
1985-09-10,9.10,9.96,10.48
1985-09-11,9.13,9.98,10.51
1985-09-12,9.15,9.97,10.52
1985-09-13,9.03,9.87,10.40
1985-09-16,8.99,9.83,10.37
1985-09-17,9.05,9.85,10.41
1985-09-18,9.07,9.87,10.43
1985-09-19,9.13,9.89,10.43
1985-09-20,9.01,9.81,10.36
1985-09-23,8.89,9.74,10.39
1985-09-24,8.82,9.69,10.33
1985-09-25,8.71,9.59,10.27
1985-09-26,8.72,9.61,10.22
1985-09-30,8.88,9.73,10.31
1985-10-01,8.83,9.69,10.29
1985-10-02,8.84,9.69,10.30
1985-10-03,8.84,9.69,10.32
1985-10-04,8.84,9.73,10.36
1985-10-07,8.97,9.83,10.42
1985-10-08,8.96,9.81,10.36
1985-10-09,8.97,9.82,10.37
1985-10-10,8.96,9.82,10.35
1985-10-11,8.96,9.82,10.34
1985-10-15,8.94,9.79,10.30
1985-10-16,8.89,9.73,10.25
1985-10-17,8.85,9.67,10.21
1985-10-18,8.81,9.62,10.17
1985-10-21,8.83,9.63,10.18
1985-10-22,8.80,9.60,10.12
1985-10-23,8.84,9.62,10.14
1985-10-24,8.90,9.64,10.15
1985-10-25,8.88,9.67,10.21
1985-10-28,8.91,9.75,10.28
1985-10-29,8.82,9.61,10.11
1985-10-30,8.68,9.45,9.97
1985-10-31,8.70,9.47,10.01
1985-11-01,8.70,9.45,9.98
1985-11-04,8.71,9.44,9.98
1985-11-05,8.69,9.39,9.93
1985-11-06,8.67,9.38,9.93
1985-11-07,8.67,9.38,9.91
1985-11-08,8.57,9.30,9.84
1985-11-12,8.53,9.20,9.74
1985-11-13,8.58,9.28,9.78
1985-11-14,8.63,9.33,9.84
1985-11-15,8.66,9.39,9.92
1985-11-18,8.51,9.22,9.72
1985-11-19,8.52,9.20,9.73
1985-11-20,8.54,9.22,9.72
1985-11-21,8.51,9.17,9.58
1985-11-22,8.52,9.22,9.66
1985-11-25,8.52,9.23,9.68
1985-11-26,8.53,9.24,9.68
1985-11-27,8.52,9.12,9.64
1985-11-29,8.46,9.07,9.59
1985-12-02,8.54,9.14,9.69
1985-12-03,8.52,9.15,9.68
1985-12-04,8.49,9.10,9.63
1985-12-05,8.47,9.10,9.62
1985-12-06,8.47,9.12,9.65
1985-12-09,8.35,8.98,9.49
1985-12-10,8.23,8.83,9.36
1985-12-11,8.00,8.64,9.20
1985-12-12,8.07,8.72,9.27
1985-12-13,7.97,8.63,9.21
1985-12-16,8.00,8.62,9.16
1985-12-17,7.94,8.48,9.04
1985-12-18,8.04,8.57,9.11
1985-12-19,8.00,8.58,9.10
1985-12-20,8.01,8.52,9.04
1985-12-23,8.01,8.56,9.08
1985-12-24,8.02,8.56,9.07
1985-12-26,7.99,8.52,9.04
1985-12-27,7.99,8.50,8.99
1985-12-30,7.99,8.49,9.01
1985-12-31,7.98,8.49,9.00
1986-01-02,8.02,8.51,9.04
1986-01-03,8.03,8.52,9.05
1986-01-06,8.04,8.54,9.07
1986-01-07,7.97,8.44,8.94
1986-01-08,8.09,8.58,9.13
1986-01-09,8.27,8.78,9.27
1986-01-10,8.36,8.89,9.39
1986-01-13,8.38,9.00,9.49
1986-01-14,8.33,8.93,9.43
1986-01-15,8.24,8.82,9.31
1986-01-16,8.21,8.79,9.30
1986-01-17,8.19,8.74,9.24
1986-01-21,8.20,8.74,9.22
1986-01-22,8.19,8.77,9.28
1986-01-23,8.17,8.74,9.23
1986-01-24,8.13,8.74,9.23
1986-01-27,8.07,8.63,9.13
1986-01-28,8.02,8.53,9.05
1986-01-29,8.05,8.56,9.09
1986-01-30,8.04,8.57,9.10
1986-01-31,7.99,8.53,9.08
1986-02-03,7.97,8.50,9.02
1986-02-04,7.94,8.44,8.96
1986-02-05,7.99,8.51,8.97
1986-02-06,8.02,8.54,9.03
1986-02-07,8.15,8.62,9.11
1986-02-10,8.08,8.54,9.00
1986-02-11,8.04,8.47,8.93
1986-02-12,8.08,8.46,8.91
1986-02-13,8.06,8.43,8.85
1986-02-14,7.99,8.29,8.68
1986-02-18,7.96,8.28,8.64
1986-02-19,8.06,8.37,8.70
1986-02-20,8.05,8.39,8.67
1986-02-21,7.93,8.24,8.48
1986-02-24,7.86,8.20,8.39
1986-02-25,7.89,8.21,8.40
1986-02-26,7.88,8.07,8.36
1986-02-27,7.72,7.91,8.15
1986-02-28,7.71,7.91,8.13
1986-03-03,7.55,7.76,7.99
1986-03-04,7.38,7.55,7.93
1986-03-05,7.54,7.76,8.12
1986-03-06,7.38,7.68,8.04
1986-03-07,7.29,7.56,7.96
1986-03-10,7.16,7.41,7.76
1986-03-11,7.15,7.35,7.70
1986-03-12,7.17,7.37,7.68
1986-03-13,7.21,7.46,7.75
1986-03-14,7.18,7.40,7.72
1986-03-17,7.22,7.42,7.77
1986-03-18,7.23,7.48,7.83
1986-03-19,7.17,7.46,7.82
1986-03-20,7.17,7.45,7.78
1986-03-21,7.19,7.47,7.80
1986-03-24,7.11,7.40,7.70
1986-03-25,7.12,7.39,7.70
1986-03-26,7.11,7.36,7.64
1986-03-27,7.04,7.28,7.49
1986-03-31,6.92,7.19,7.39
1986-04-01,6.89,7.18,7.37
1986-04-02,6.90,7.21,7.33
1986-04-03,6.94,7.29,7.41
1986-04-04,6.85,7.22,7.45
1986-04-07,6.82,7.19,7.43
1986-04-08,6.70,7.07,7.31
1986-04-09,6.58,6.99,7.27
1986-04-10,6.58,6.95,7.23
1986-04-11,6.65,7.00,7.29
1986-04-14,6.53,6.89,7.19
1986-04-15,6.53,6.88,7.22
1986-04-16,6.39,6.68,6.98
1986-04-17,6.44,6.75,7.03
1986-04-18,6.44,6.78,7.09
1986-04-21,6.46,6.75,7.04
1986-04-22,6.58,6.93,7.25
1986-04-23,6.67,7.11,7.36
1986-04-24,6.89,7.31,7.51
1986-04-25,6.91,7.39,7.58
1986-04-28,6.86,7.27,7.48
1986-04-29,6.85,7.17,7.38
1986-04-30,6.83,7.17,7.38
1986-05-01,6.85,7.20,7.45
1986-05-02,6.88,7.23,7.51
1986-05-05,6.82,7.17,7.45
1986-05-06,6.82,7.16,7.46
1986-05-07,6.83,7.21,7.43
1986-05-08,6.78,7.17,7.40
1986-05-09,6.85,7.25,7.48
1986-05-12,6.98,7.41,7.67
1986-05-13,7.00,7.46,7.63
1986-05-14,7.00,7.48,7.66
1986-05-15,7.16,7.67,7.79
1986-05-16,7.32,7.89,7.99
1986-05-19,7.28,7.87,7.98
1986-05-20,7.23,7.80,7.88
1986-05-21,7.20,7.76,7.90
1986-05-22,7.20,7.76,7.88
1986-05-23,7.19,7.73,7.84
1986-05-27,7.14,7.65,7.73
1986-05-28,7.17,7.55,7.73
1986-05-29,7.35,7.78,7.99
1986-05-30,7.36,7.82,8.05
1986-06-02,7.50,8.05,8.32
1986-06-03,7.49,7.99,8.19
1986-06-04,7.63,8.17,8.39
1986-06-05,7.54,8.10,8.31
1986-06-06,7.27,7.78,7.95
1986-06-09,7.39,7.94,8.13
1986-06-10,7.38,7.92,8.07
1986-06-11,7.39,7.90,8.01
1986-06-12,7.31,7.83,7.98
1986-06-13,7.15,7.57,7.73
1986-06-16,7.10,7.47,7.63
1986-06-17,7.08,7.45,7.63
1986-06-18,7.01,7.41,7.57
1986-06-19,7.10,7.49,7.69
1986-06-20,7.06,7.45,7.60
1986-06-23,7.03,7.42,7.55
1986-06-24,6.98,7.35,7.47
1986-06-25,6.91,7.31,7.42
1986-06-26,6.91,7.29,7.42
1986-06-27,6.84,7.27,7.38
1986-06-30,6.81,7.23,7.35
1986-07-01,6.80,7.23,7.37
1986-07-02,6.81,7.23,7.37
1986-07-03,6.71,7.15,7.31
1986-07-07,6.70,7.14,7.31
1986-07-08,6.84,7.26,7.44
1986-07-09,6.73,7.14,7.31
1986-07-10,6.73,7.12,7.31
1986-07-11,6.60,7.00,7.30
1986-07-14,6.58,6.97,7.25
1986-07-15,6.56,6.91,7.16
1986-07-16,6.59,6.90,7.20
1986-07-17,6.61,6.91,7.18
1986-07-18,6.56,6.88,7.16
1986-07-21,6.56,6.88,7.14
1986-07-22,6.60,6.93,7.20
1986-07-23,6.63,7.04,7.29
1986-07-24,6.67,7.12,7.35
1986-07-25,6.67,7.09,7.33
1986-07-28,6.76,7.23,7.53
1986-07-29,6.71,7.13,7.41
1986-07-30,6.67,7.10,7.41
1986-07-31,6.57,7.02,7.34
1986-08-01,6.56,7.02,7.34
1986-08-04,6.56,7.01,7.33
1986-08-05,6.58,7.07,7.39
1986-08-06,6.61,7.13,7.47
1986-08-07,6.61,7.10,7.45
1986-08-08,6.54,6.97,7.30
1986-08-11,6.51,6.90,7.25
1986-08-12,6.46,6.89,7.23
1986-08-13,6.37,6.83,7.15
1986-08-14,6.39,6.89,7.16
1986-08-15,6.36,6.83,7.14
1986-08-18,6.37,6.83,7.14
1986-08-19,6.29,6.70,7.02
1986-08-20,6.17,6.65,7.00
1986-08-21,6.08,6.62,6.96
1986-08-22,6.14,6.68,7.07
1986-08-25,6.10,6.65,7.06
1986-08-26,6.02,6.63,6.97
1986-08-27,6.12,6.53,7.06
1986-08-28,6.07,6.52,7.04
1986-08-29,5.94,6.40,6.95
1986-09-02,5.99,6.45,7.03
1986-09-03,6.14,6.64,7.20
1986-09-04,6.11,6.63,7.15
1986-09-05,6.25,6.81,7.32
1986-09-08,6.30,6.89,7.38
1986-09-09,6.30,6.88,7.35
1986-09-10,6.27,6.85,7.35
1986-09-11,6.43,7.07,7.57
1986-09-12,6.43,7.09,7.63
1986-09-15,6.39,7.00,7.53
1986-09-16,6.38,6.99,7.53
1986-09-17,6.37,6.93,7.46
1986-09-18,6.47,7.02,7.62
1986-09-19,6.52,7.10,7.67
1986-09-22,6.49,7.06,7.62
1986-09-23,6.46,7.03,7.58
1986-09-24,6.37,6.94,7.48
1986-09-25,6.37,6.94,7.47
1986-09-26,6.39,6.96,7.47
1986-09-29,6.46,7.04,7.54
1986-09-30,6.38,6.98,7.45
1986-10-01,6.36,6.93,7.41
1986-10-02,6.38,6.95,7.45
1986-10-03,6.16,6.74,7.31
1986-10-06,6.14,6.71,7.28
1986-10-07,6.13,6.71,7.28
1986-10-08,6.11,6.71,7.31
1986-10-09,6.15,6.73,7.33
1986-10-10,6.16,6.73,7.36
1986-10-14,6.26,6.82,7.49
1986-10-15,6.27,6.87,7.51
1986-10-16,6.29,6.87,7.53
1986-10-17,6.38,6.94,7.57
1986-10-20,6.47,7.05,7.66
1986-10-21,6.40,6.96,7.57
1986-10-22,6.34,6.91,7.49
1986-10-23,6.31,6.82,7.43
1986-10-24,6.35,6.86,7.47
1986-10-27,6.32,6.82,7.42
1986-10-28,6.34,6.85,7.45
1986-10-29,6.32,6.82,7.41
1986-10-30,6.24,6.75,7.31
1986-10-31,6.26,6.76,7.34
1986-11-03,6.21,6.71,7.29
1986-11-04,6.23,6.71,7.31
1986-11-05,6.26,6.72,7.24
1986-11-06,6.29,6.79,7.32
1986-11-07,6.35,6.86,7.40
1986-11-10,6.42,6.89,7.38
1986-11-12,6.38,6.87,7.35
1986-11-13,6.35,6.83,7.33
1986-11-14,6.33,6.81,7.29
1986-11-17,6.32,6.77,7.22
1986-11-18,6.32,6.79,7.27
1986-11-19,6.21,6.73,7.19
1986-11-20,6.26,6.74,7.19
1986-11-21,6.21,6.72,7.17
1986-11-24,6.19,6.69,7.11
1986-11-25,6.23,6.66,7.15
1986-11-26,6.21,6.65,7.15
1986-11-28,6.21,6.65,7.15
1986-12-01,6.25,6.69,7.18
1986-12-02,6.22,6.61,7.08
1986-12-03,6.17,6.58,7.06
1986-12-04,6.15,6.53,7.01
1986-12-05,6.24,6.65,7.12
1986-12-08,6.24,6.61,7.10
1986-12-09,6.21,6.60,7.07
1986-12-10,6.19,6.58,7.05
1986-12-11,6.24,6.64,7.12
1986-12-12,6.24,6.66,7.13
1986-12-15,6.29,6.69,7.15
1986-12-16,6.29,6.67,7.12
1986-12-17,6.31,6.68,7.12
1986-12-18,6.31,6.69,7.11
1986-12-19,6.29,6.69,7.10
1986-12-22,6.30,6.69,7.10
1986-12-23,6.30,6.68,7.08
1986-12-24,6.30,6.68,7.07
1986-12-26,6.30,6.69,7.08
1986-12-29,6.37,6.78,7.17
1986-12-30,6.42,6.82,7.23
1986-12-31,6.35,6.81,7.23
1987-01-02,6.30,6.75,7.18
1987-01-05,6.24,6.67,7.08
1987-01-06,6.25,6.67,7.08
1987-01-07,6.22,6.65,7.05
1987-01-08,6.20,6.60,7.04
1987-01-09,6.19,6.58,7.01
1987-01-12,6.20,6.61,7.05
1987-01-13,6.22,6.64,7.10
1987-01-14,6.24,6.67,7.11
1987-01-15,6.22,6.64,7.08
1987-01-16,6.22,6.60,7.03
1987-01-20,6.17,6.57,7.01
1987-01-21,6.17,6.57,7.01
1987-01-22,6.17,6.57,7.03
1987-01-23,6.20,6.59,7.06
1987-01-26,6.26,6.67,7.17
1987-01-27,6.24,6.66,7.16
1987-01-28,6.24,6.63,7.13
1987-01-29,6.24,6.65,7.13
1987-01-30,6.33,6.71,7.18
1987-02-02,6.36,6.75,7.23
1987-02-03,6.38,6.77,7.25
1987-02-04,6.38,6.76,7.23
1987-02-05,6.33,6.70,7.20
1987-02-06,6.38,6.73,7.19
1987-02-09,6.45,6.79,7.25
1987-02-10,6.49,6.89,7.33
1987-02-11,6.58,6.96,7.37
1987-02-12,6.47,6.92,7.31
1987-02-13,6.43,6.83,7.28
1987-02-17,6.48,6.87,7.33
1987-02-18,6.43,6.84,7.30
1987-02-19,6.33,6.76,7.23
1987-02-20,6.33,6.78,7.24
1987-02-23,6.35,6.78,7.23
1987-02-24,6.32,6.75,7.18
1987-02-25,6.37,6.72,7.21
1987-02-26,6.35,6.74,7.21
1987-02-27,6.35,6.71,7.19
1987-03-02,6.34,6.69,7.17
1987-03-03,6.37,6.72,7.21
1987-03-04,6.32,6.66,7.14
1987-03-05,6.35,6.69,7.16
1987-03-06,6.42,6.77,7.23
1987-03-09,6.43,6.78,7.23
1987-03-10,6.44,6.78,7.23
1987-03-11,6.44,6.78,7.23
1987-03-12,6.43,6.78,7.22
1987-03-13,6.39,6.75,7.19
1987-03-16,6.41,6.77,7.22
1987-03-17,6.42,6.75,7.20
1987-03-18,6.40,6.76,7.21
1987-03-19,6.38,6.75,7.21
1987-03-20,6.40,6.77,7.22
1987-03-23,6.42,6.80,7.25
1987-03-24,6.44,6.82,7.27
1987-03-25,6.46,6.84,7.26
1987-03-26,6.42,6.81,7.24
1987-03-27,6.49,6.89,7.33
1987-03-30,6.63,7.07,7.54
1987-03-31,6.54,7.02,7.51
1987-04-01,6.65,7.12,7.59
1987-04-02,6.63,7.12,7.59
1987-04-03,6.62,7.10,7.59
1987-04-06,6.57,7.06,7.54
1987-04-07,6.59,7.14,7.62
1987-04-08,6.59,7.14,7.61
1987-04-09,6.74,7.30,7.78
1987-04-10,6.97,7.55,7.98
1987-04-13,7.08,7.68,8.07
1987-04-14,7.19,7.83,8.28
1987-04-15,7.02,7.67,8.10
1987-04-16,6.90,7.55,8.03
1987-04-20,7.06,7.72,8.20
1987-04-21,7.09,7.71,8.19
1987-04-22,7.23,7.77,8.24
1987-04-23,7.36,7.92,8.39
1987-04-24,7.48,8.05,8.47
1987-04-27,7.50,7.97,8.37
1987-04-28,7.43,7.91,8.28
1987-04-29,7.43,7.93,8.35
1987-04-30,7.38,7.82,8.21
1987-05-01,7.47,7.98,8.39
1987-05-04,7.61,8.12,8.52
1987-05-05,7.60,8.08,8.45
1987-05-06,7.62,8.15,8.54
1987-05-07,7.60,8.08,8.50
1987-05-08,7.57,8.04,8.43
1987-05-11,7.66,8.19,8.57
1987-05-12,7.68,8.19,8.55
1987-05-13,7.68,8.18,8.55
1987-05-14,7.66,8.20,8.57
1987-05-15,7.95,8.45,8.80
1987-05-18,7.93,8.42,8.73
1987-05-19,7.99,8.55,8.89
1987-05-20,8.05,8.61,8.92
1987-05-21,8.06,8.55,8.87
1987-05-22,7.97,8.49,8.78
1987-05-26,7.79,8.23,8.55
1987-05-27,7.84,8.28,8.60
1987-05-28,7.81,8.25,8.56
1987-05-29,7.69,8.15,8.49
1987-06-01,7.67,8.08,8.45
1987-06-02,7.85,8.31,8.72
1987-06-03,7.78,8.25,8.64
1987-06-04,7.76,8.20,8.58
1987-06-05,7.66,8.11,8.50
1987-06-08,7.68,8.14,8.53
1987-06-09,7.71,8.18,8.56
1987-06-10,7.68,8.15,8.56
1987-06-11,7.66,8.13,8.52
1987-06-12,7.51,7.90,8.32
1987-06-15,7.47,7.89,8.28
1987-06-16,7.47,7.89,8.28
1987-06-17,7.42,7.83,8.23
1987-06-18,7.44,7.87,8.27
1987-06-19,7.45,7.89,8.30
1987-06-22,7.42,7.83,8.23
1987-06-23,7.45,7.85,8.23
1987-06-24,7.54,7.94,8.31
1987-06-25,7.47,7.91,8.25
1987-06-26,7.56,8.02,8.37
1987-06-29,7.48,7.97,8.34
1987-06-30,7.48,8.02,8.38
1987-07-01,7.44,7.96,8.36
1987-07-02,7.38,7.90,8.30
1987-07-06,7.38,7.90,8.29
1987-07-07,7.36,7.90,8.28
1987-07-08,7.35,7.90,8.32
1987-07-09,7.38,7.95,8.37
1987-07-10,7.32,7.88,8.32
1987-07-13,7.36,7.93,8.38
1987-07-14,7.32,7.89,8.33
1987-07-15,7.37,7.97,8.43
1987-07-16,7.34,7.95,8.41
1987-07-17,7.34,7.92,8.36
1987-07-20,7.38,7.96,8.41
1987-07-21,7.45,8.03,8.49
1987-07-22,7.47,8.05,8.54
1987-07-23,7.46,8.08,8.56
1987-07-24,7.53,8.12,8.58
1987-07-27,7.59,8.15,8.60
1987-07-28,7.61,8.17,8.62
1987-07-29,7.64,8.16,8.61
1987-07-30,7.63,8.20,8.61
1987-07-31,7.63,8.21,8.66
1987-08-03,7.72,8.34,8.81
1987-08-04,7.72,8.34,8.81
1987-08-05,7.65,8.26,8.71
1987-08-06,7.65,8.28,8.73
1987-08-07,7.69,8.27,8.70
1987-08-10,7.71,8.29,8.74
1987-08-11,7.69,8.26,8.73
1987-08-12,7.67,8.27,8.72
1987-08-13,7.64,8.21,8.63
1987-08-14,7.62,8.18,8.58
1987-08-17,7.62,8.17,8.56
1987-08-18,7.71,8.31,8.73
1987-08-19,7.76,8.34,8.77
1987-08-20,7.77,8.35,8.74
1987-08-21,7.79,8.35,8.77
1987-08-24,7.81,8.34,8.78
1987-08-25,7.79,8.32,8.73
1987-08-26,7.87,8.36,8.79
1987-08-27,7.95,8.48,8.92
1987-08-28,8.01,8.54,9.02
1987-08-31,7.97,8.52,9.00
1987-09-01,7.98,8.57,9.05
1987-09-02,8.15,8.77,9.28
1987-09-03,8.19,8.77,9.29
1987-09-04,8.26,8.82,9.30
1987-09-08,8.46,9.02,9.50
1987-09-09,8.43,9.00,9.48
1987-09-10,8.36,8.95,9.42
1987-09-11,8.31,8.88,9.33
1987-09-14,8.26,8.87,9.34
1987-09-15,8.30,8.95,9.44
1987-09-16,8.35,9.00,9.52
1987-09-17,8.34,8.98,9.48
1987-09-18,8.30,8.91,9.38
1987-09-21,8.33,8.94,9.45
1987-09-22,8.31,8.91,9.37
1987-09-23,8.31,8.92,9.40
1987-09-24,8.42,9.03,9.51
1987-09-25,8.48,9.06,9.53
1987-09-28,8.48,9.07,9.52
1987-09-29,8.60,9.17,9.64
1987-09-30,8.60,9.21,9.63
1987-10-01,8.62,9.22,9.66
1987-10-02,8.61,9.20,9.60
1987-10-05,8.66,9.28,9.69
1987-10-06,8.73,9.32,9.72
1987-10-07,8.73,9.31,9.71
1987-10-08,9.03,9.49,9.86
1987-10-09,9.01,9.56,9.94
1987-10-13,8.94,9.51,9.90
1987-10-14,9.14,9.75,10.13
1987-10-15,9.23,9.82,10.18
1987-10-16,9.22,9.84,10.23
1987-10-19,8.93,9.70,10.15
1987-10-20,8.09,8.93,9.40
1987-10-21,7.90,8.80,9.30
1987-10-22,7.76,8.52,8.97
1987-10-23,7.76,8.55,8.98
1987-10-26,7.57,8.33,8.80
1987-10-27,7.66,8.42,8.92
1987-10-28,7.65,8.43,9.01
1987-10-29,7.53,8.33,8.89
1987-10-30,7.58,8.37,8.88
1987-11-02,7.72,8.44,8.98
1987-11-03,7.67,8.38,8.91
1987-11-04,7.60,8.30,8.85
1987-11-05,7.50,8.18,8.72
1987-11-06,7.62,8.28,8.76
1987-11-09,7.64,8.30,8.78
1987-11-10,7.61,8.27,8.79
1987-11-12,7.67,8.27,8.80
1987-11-13,7.75,8.34,8.84
1987-11-16,7.78,8.34,8.82
1987-11-17,7.73,8.38,8.86
1987-11-18,7.74,8.38,8.85
1987-11-19,7.69,8.34,8.83
1987-11-20,7.66,8.32,8.79
1987-11-23,7.67,8.34,8.80
1987-11-24,7.73,8.35,8.89
1987-11-25,7.78,8.41,8.98
1987-11-27,7.87,8.55,9.11
1987-11-30,7.73,8.43,8.99
1987-12-01,7.77,8.44,9.01
1987-12-02,7.79,8.43,9.01
1987-12-03,7.72,8.35,8.94
1987-12-04,7.72,8.35,8.94
1987-12-07,7.86,8.48,9.07
1987-12-08,7.88,8.49,9.09
1987-12-09,7.88,8.47,9.05
1987-12-10,8.00,8.63,9.23
1987-12-11,8.02,8.65,9.28
1987-12-14,8.01,8.63,9.23
1987-12-15,7.92,8.54,9.09
1987-12-16,7.89,8.46,9.00
1987-12-17,7.89,8.47,9.03
1987-12-18,7.82,8.39,8.89
1987-12-21,7.84,8.38,8.88
1987-12-22,7.91,8.48,8.95
1987-12-23,7.83,8.40,8.83
1987-12-24,7.83,8.37,8.82
1987-12-28,7.91,8.46,8.93
1987-12-29,7.86,8.41,8.85
1987-12-30,7.75,8.32,8.78
1987-12-31,7.77,8.33,8.83
1988-01-04,7.77,8.35,8.83
1988-01-05,7.76,8.29,8.76
1988-01-06,7.79,8.37,8.82
1988-01-07,7.79,8.35,8.83
1988-01-08,7.92,8.48,8.97
1988-01-11,7.80,8.41,8.94
1988-01-12,7.80,8.39,8.93
1988-01-13,7.76,8.36,8.87
1988-01-14,7.76,8.36,8.86
1988-01-15,7.61,8.13,8.60
1988-01-19,7.66,8.16,8.65
1988-01-20,7.59,8.11,8.61
1988-01-21,7.52,8.04,8.53
1988-01-22,7.51,8.01,8.49
1988-01-25,7.49,7.99,8.45
1988-01-26,7.56,8.08,8.54
1988-01-27,7.37,7.91,8.38
1988-01-28,7.29,7.83,8.33
1988-01-29,7.22,7.76,8.26
1988-02-01,7.22,7.78,8.26
1988-02-02,7.21,7.70,8.18
1988-02-03,7.24,7.76,8.21
1988-02-04,7.24,7.76,8.24
1988-02-05,7.10,7.64,8.12
1988-02-08,7.16,7.70,8.19
1988-02-09,7.12,7.65,8.16
1988-02-10,7.07,7.59,8.11
1988-02-11,7.12,7.64,8.16
1988-02-12,7.22,7.77,8.28
1988-02-16,7.26,7.79,8.31
1988-02-17,7.24,7.80,8.32
1988-02-18,7.23,7.78,8.28
1988-02-19,7.21,7.77,8.26
1988-02-22,7.20,7.75,8.24
1988-02-23,7.16,7.69,8.17
1988-02-24,7.15,7.69,8.18
1988-02-25,7.17,7.68,8.23
1988-02-26,7.16,7.67,8.18
1988-02-29,7.13,7.64,8.16
1988-03-01,7.11,7.61,8.15
1988-03-02,7.07,7.59,8.13
1988-03-03,7.08,7.59,8.12
1988-03-04,7.20,7.74,8.28
1988-03-07,7.22,7.77,8.30
1988-03-08,7.25,7.79,8.33
1988-03-09,7.22,7.76,8.32
1988-03-10,7.25,7.81,8.35
1988-03-11,7.20,7.76,8.29
1988-03-14,7.20,7.76,8.29
1988-03-15,7.19,7.76,8.30
1988-03-16,7.24,7.81,8.36
1988-03-17,7.17,7.76,8.30
1988-03-18,7.23,7.81,8.41
1988-03-21,7.32,7.91,8.47
1988-03-22,7.33,7.91,8.46
1988-03-23,7.39,7.95,8.47
1988-03-24,7.46,8.01,8.51
1988-03-25,7.41,7.95,8.47
1988-03-28,7.42,8.03,8.58
1988-03-29,7.42,8.03,8.56
1988-03-30,7.43,8.03,8.57
1988-03-31,7.41,8.04,8.57
1988-04-04,7.58,8.19,8.68
1988-04-05,7.60,8.18,8.67
1988-04-06,7.57,8.13,8.61
1988-04-07,7.54,8.12,8.60
1988-04-08,7.47,8.05,8.52
1988-04-11,7.50,8.10,8.59
1988-04-12,7.49,8.09,8.57
1988-04-13,7.45,8.05,8.56
1988-04-14,7.56,8.15,8.67
1988-04-15,7.60,8.20,8.74
1988-04-18,7.60,8.25,8.81
1988-04-19,7.57,8.24,8.81
1988-04-20,7.65,8.27,8.83
1988-04-21,7.64,8.26,8.82
1988-04-22,7.64,8.23,8.78
1988-04-25,7.64,8.23,8.78
1988-04-26,7.64,8.24,8.80
1988-04-27,7.63,8.25,8.80
1988-04-28,7.69,8.32,8.86
1988-04-29,7.73,8.33,8.87
1988-05-02,7.78,8.39,8.94
1988-05-03,7.77,8.35,8.89
1988-05-04,7.77,8.35,8.90
1988-05-05,7.79,8.39,8.92
1988-05-06,7.87,8.48,9.01
1988-05-09,7.95,8.50,9.03
1988-05-10,8.00,8.55,9.07
1988-05-11,7.95,8.55,9.05
1988-05-12,7.95,8.55,9.04
1988-05-13,7.90,8.51,9.00
1988-05-16,7.93,8.52,9.01
1988-05-17,7.99,8.64,9.12
1988-05-18,8.04,8.68,9.19
1988-05-19,8.04,8.67,9.18
1988-05-20,8.08,8.70,9.22
1988-05-23,8.12,8.74,9.23
1988-05-24,8.14,8.73,9.22
1988-05-25,8.17,8.73,9.20
1988-05-26,8.23,8.72,9.21
1988-05-27,8.23,8.75,9.24
1988-05-31,8.21,8.73,9.20
1988-06-01,8.09,8.57,9.03
1988-06-02,8.13,8.60,9.07
1988-06-03,8.06,8.52,8.97
1988-06-06,8.04,8.51,8.97
1988-06-07,8.04,8.54,9.02
1988-06-08,7.96,8.46,8.92
1988-06-09,7.97,8.50,8.96
1988-06-10,7.99,8.47,8.92
1988-06-13,7.98,8.45,8.91
1988-06-14,7.80,8.25,8.69
1988-06-15,7.84,8.29,8.71
1988-06-16,7.96,8.46,8.89
1988-06-17,8.10,8.58,9.02
1988-06-20,8.14,8.59,9.02
1988-06-21,8.15,8.61,9.03
1988-06-22,8.04,8.49,8.90
1988-06-23,8.05,8.47,8.88
1988-06-24,8.03,8.45,8.85
1988-06-27,8.10,8.54,8.94
1988-06-28,8.05,8.48,8.87
1988-06-29,8.03,8.47,8.88
1988-06-30,8.02,8.41,8.82
1988-07-01,7.98,8.38,8.77
1988-07-05,8.04,8.42,8.82
1988-07-06,8.07,8.47,8.91
1988-07-07,8.13,8.52,8.95
1988-07-08,8.25,8.64,9.04
1988-07-11,8.25,8.62,9.02
1988-07-12,8.27,8.68,9.08
1988-07-13,8.27,8.69,9.12
1988-07-14,8.33,8.70,9.12
1988-07-15,8.31,8.67,9.08
1988-07-18,8.35,8.73,9.15
1988-07-19,8.32,8.70,9.10
1988-07-20,8.31,8.70,9.11
1988-07-21,8.39,8.75,9.16
1988-07-22,8.35,8.71,9.11
1988-07-25,8.34,8.69,9.07
1988-07-26,8.35,8.72,9.09
1988-07-27,8.44,8.77,9.14
1988-07-28,8.44,8.79,9.16
1988-07-29,8.39,8.75,9.12
1988-08-01,8.36,8.70,9.07
1988-08-02,8.32,8.63,9.00
1988-08-03,8.34,8.64,9.04
1988-08-04,8.31,8.61,8.99
1988-08-05,8.47,8.78,9.12
1988-08-08,8.48,8.79,9.12
1988-08-09,8.59,8.88,9.20
1988-08-10,8.64,9.00,9.30
1988-08-11,8.68,9.02,9.35
1988-08-12,8.68,9.03,9.36
1988-08-15,8.70,9.04,9.37
1988-08-16,8.72,9.03,9.35
1988-08-17,8.74,9.06,9.38
1988-08-18,8.74,9.05,9.35
1988-08-19,8.74,9.05,9.35
1988-08-22,8.76,9.09,9.37
1988-08-23,8.71,9.04,9.32
1988-08-24,8.73,9.02,9.34
1988-08-25,8.78,9.08,9.41
1988-08-26,8.78,9.07,9.38
1988-08-29,8.75,9.00,9.30
1988-08-30,8.73,8.98,9.27
1988-08-31,8.71,8.95,9.25
1988-09-01,8.68,8.95,9.25
1988-09-02,8.45,8.70,9.00
1988-09-06,8.47,8.70,8.99
1988-09-07,8.45,8.69,8.99
1988-09-08,8.45,8.69,8.99
1988-09-09,8.42,8.62,8.93
1988-09-12,8.44,8.66,8.97
1988-09-13,8.40,8.65,8.94
1988-09-14,8.36,8.59,8.88
1988-09-15,8.39,8.63,8.91
1988-09-16,8.40,8.65,8.93
1988-09-19,8.44,8.69,8.97
1988-09-20,8.45,8.68,8.97
1988-09-21,8.40,8.64,8.93
1988-09-22,8.44,8.67,8.95
1988-09-23,8.47,8.69,8.97
1988-09-26,8.52,8.73,9.00
1988-09-27,8.55,8.77,9.04
1988-09-28,8.59,8.81,9.06
1988-09-29,8.53,8.73,8.98
1988-09-30,8.43,8.61,8.87
1988-10-03,8.41,8.59,8.84
1988-10-04,8.43,8.60,8.87
1988-10-05,8.43,8.60,8.87
1988-10-06,8.43,8.61,8.87
1988-10-07,8.26,8.43,8.70
1988-10-11,8.29,8.48,8.75
1988-10-12,8.35,8.56,8.84
1988-10-13,8.36,8.55,8.84
1988-10-14,8.33,8.52,8.81
1988-10-17,8.33,8.50,8.79
1988-10-18,8.33,8.49,8.78
1988-10-19,8.38,8.53,8.82
1988-10-20,8.38,8.52,8.79
1988-10-21,8.40,8.54,8.83
1988-10-24,8.42,8.54,8.83
1988-10-25,8.42,8.53,8.83
1988-10-26,8.34,8.48,8.79
1988-10-27,8.27,8.41,8.72
1988-10-28,8.27,8.40,8.69
1988-10-31,8.25,8.37,8.65
1988-11-01,8.25,8.38,8.68
1988-11-02,8.29,8.44,8.73
1988-11-03,8.27,8.42,8.69
1988-11-04,8.39,8.58,8.85
1988-11-07,8.50,8.66,8.91
1988-11-08,8.53,8.66,8.91
1988-11-09,8.57,8.71,8.91
1988-11-10,8.60,8.72,8.90
1988-11-14,8.62,8.76,8.91
1988-11-15,8.69,8.78,8.92
1988-11-16,8.75,8.87,9.00
1988-11-17,8.75,8.90,9.06
1988-11-18,8.77,8.91,9.05
1988-11-21,8.81,8.92,9.04
1988-11-22,8.88,8.99,9.09
1988-11-23,8.87,8.97,9.08
1988-11-25,8.98,9.07,9.17
1988-11-28,9.00,9.06,9.16
1988-11-29,8.96,9.02,9.13
1988-11-30,8.84,8.91,9.06
1988-12-01,8.86,8.88,9.01
1988-12-02,9.12,9.11,9.18
1988-12-05,9.09,9.07,9.13
1988-12-06,8.88,8.88,8.95
1988-12-07,8.93,8.93,9.00
1988-12-08,9.00,9.01,9.02
1988-12-09,9.03,9.05,9.07
1988-12-12,9.05,9.07,9.08
1988-12-13,9.16,9.15,9.15
1988-12-14,9.20,9.19,9.19
1988-12-15,9.20,9.21,9.19
1988-12-16,9.18,9.18,9.17
1988-12-19,9.18,9.16,9.15
1988-12-20,9.11,9.09,9.08
1988-12-21,9.09,9.08,9.07
1988-12-22,9.04,9.09,9.07
1988-12-23,9.04,9.08,9.05
1988-12-27,9.15,9.17,9.13
1988-12-28,9.23,9.22,9.21
1988-12-29,9.18,9.19,9.18
1988-12-30,9.14,9.14,9.14
1989-01-03,9.21,9.25,9.23
1989-01-04,9.25,9.24,9.22
1989-01-05,9.32,9.32,9.27
1989-01-06,9.32,9.30,9.25
1989-01-09,9.29,9.30,9.23
1989-01-10,9.25,9.29,9.24
1989-01-11,9.29,9.28,9.24
1989-01-12,9.20,9.20,9.14
1989-01-13,9.14,9.10,9.06
1989-01-17,9.16,9.11,9.06
1989-01-18,9.13,9.07,8.99
1989-01-19,9.09,9.06,9.00
1989-01-20,9.13,9.11,9.03
1989-01-23,9.13,9.06,9.00
1989-01-24,9.07,8.98,8.93
1989-01-25,9.10,9.05,8.99
1989-01-26,9.14,9.07,8.99
1989-01-27,9.07,9.03,8.95
1989-01-30,9.10,9.07,9.00
1989-01-31,9.12,9.08,9.01
1989-02-01,9.12,9.05,8.99
1989-02-02,9.12,9.05,8.98
1989-02-03,9.23,9.10,9.01
1989-02-06,9.25,9.11,9.01
1989-02-07,9.19,9.06,8.96
1989-02-08,9.21,9.06,8.95
1989-02-09,9.28,9.21,9.13
1989-02-10,9.37,9.28,9.19
1989-02-13,9.39,9.29,9.20
1989-02-14,9.43,9.34,9.23
1989-02-15,9.41,9.33,9.22
1989-02-16,9.37,9.32,9.21
1989-02-17,9.37,9.32,9.20
1989-02-21,9.41,9.34,9.22
1989-02-22,9.48,9.43,9.29
1989-02-23,9.60,9.47,9.36
1989-02-24,9.66,9.49,9.38
1989-02-27,9.62,9.47,9.36
1989-02-28,9.55,9.42,9.32
1989-03-01,9.55,9.43,9.36
1989-03-02,9.52,9.38,9.31
1989-03-03,9.50,9.38,9.31
1989-03-06,9.46,9.34,9.26
1989-03-07,9.48,9.35,9.26
1989-03-08,9.48,9.34,9.23
1989-03-09,9.48,9.35,9.24
1989-03-10,9.66,9.48,9.34
1989-03-13,9.64,9.48,9.35
1989-03-14,9.64,9.45,9.32
1989-03-15,9.62,9.45,9.31
1989-03-16,9.61,9.43,9.30
1989-03-17,9.84,9.64,9.49
1989-03-20,9.90,9.71,9.53
1989-03-21,9.92,9.75,9.53
1989-03-22,9.81,9.65,9.45
1989-03-23,9.81,9.65,9.43
1989-03-27,9.85,9.67,9.44
1989-03-28,9.86,9.66,9.41
1989-03-29,9.80,9.60,9.36
1989-03-30,9.79,9.59,9.34
1989-03-31,9.73,9.53,9.30
1989-04-03,9.56,9.39,9.21
1989-04-04,9.47,9.31,9.17
1989-04-05,9.45,9.31,9.17
1989-04-06,9.54,9.35,9.20
1989-04-07,9.57,9.42,9.27
1989-04-10,9.57,9.43,9.27
1989-04-11,9.57,9.42,9.27
1989-04-12,9.59,9.44,9.29
1989-04-13,9.66,9.50,9.34
1989-04-14,9.43,9.29,9.18
1989-04-17,9.48,9.33,9.20
1989-04-18,9.28,9.14,9.06
1989-04-19,9.30,9.17,9.08
1989-04-20,9.46,9.32,9.20
1989-04-21,9.44,9.27,9.15
1989-04-24,9.46,9.26,9.15
1989-04-25,9.41,9.21,9.12
1989-04-26,9.34,9.18,9.11
1989-04-27,9.23,9.10,9.05
1989-04-28,9.22,9.06,9.02
1989-05-01,9.36,9.19,9.14
1989-05-02,9.27,9.11,9.08
1989-05-03,9.21,9.10,9.06
1989-05-04,9.21,9.09,9.06
1989-05-05,9.04,8.96,8.99
1989-05-08,9.09,9.02,9.04
1989-05-09,9.23,9.17,9.15
1989-05-10,9.27,9.21,9.16
1989-05-11,9.14,9.10,9.10
1989-05-12,8.82,8.80,8.81
1989-05-15,8.91,8.85,8.82
1989-05-16,8.95,8.87,8.82
1989-05-17,8.96,8.87,8.80
1989-05-18,9.00,8.88,8.78
1989-05-19,8.94,8.82,8.71
1989-05-22,8.84,8.71,8.58
1989-05-23,8.83,8.72,8.60
1989-05-24,8.82,8.74,8.63
1989-05-25,8.92,8.75,8.67
1989-05-26,8.89,8.72,8.66
1989-05-30,8.87,8.68,8.64
1989-05-31,8.82,8.65,8.60
1989-06-01,8.82,8.65,8.61
1989-06-02,8.52,8.42,8.43
1989-06-05,8.44,8.33,8.36
1989-06-06,8.45,8.35,8.36
1989-06-07,8.38,8.28,8.27
1989-06-08,8.33,8.26,8.27
1989-06-09,8.28,8.16,8.15
1989-06-12,8.29,8.18,8.16
1989-06-13,8.41,8.30,8.25
1989-06-14,8.36,8.24,8.20
1989-06-15,8.48,8.36,8.33
1989-06-16,8.53,8.40,8.35
1989-06-19,8.55,8.41,8.37
1989-06-20,8.50,8.35,8.31
1989-06-21,8.53,8.40,8.37
1989-06-22,8.55,8.41,8.38
1989-06-23,8.39,8.27,8.25
1989-06-26,8.35,8.22,8.18
1989-06-27,8.27,8.14,8.11
1989-06-28,8.27,8.18,8.17
1989-06-29,8.16,8.09,8.12
1989-06-30,8.08,8.03,8.10
1989-07-03,8.02,7.99,8.09
1989-07-05,7.99,7.97,8.11
1989-07-06,7.94,7.91,8.08
1989-07-07,7.83,7.86,8.02
1989-07-10,7.81,7.84,7.99
1989-07-11,7.81,7.80,8.00
1989-07-12,7.74,7.79,8.00
1989-07-13,7.74,7.80,8.00
1989-07-14,7.83,7.84,8.04
1989-07-17,7.85,7.85,8.05
1989-07-18,7.95,7.97,8.13
1989-07-19,7.90,7.90,8.09
1989-07-20,7.81,7.80,8.01
1989-07-21,7.91,7.89,8.07
1989-07-24,7.93,7.87,8.05
1989-07-25,7.84,7.79,8.01
1989-07-26,7.75,7.81,8.02
1989-07-27,7.65,7.69,7.92
1989-07-28,7.56,7.60,7.87
1989-07-31,7.53,7.56,7.82
1989-08-01,7.46,7.49,7.74
1989-08-02,7.53,7.57,7.76
1989-08-03,7.60,7.64,7.80
1989-08-04,7.92,7.94,8.00
1989-08-07,8.01,7.98,8.03
1989-08-08,7.96,7.95,8.00
1989-08-09,7.99,7.96,8.05
1989-08-10,7.99,7.96,8.02
1989-08-11,8.12,8.10,8.09
1989-08-14,8.31,8.27,8.24
1989-08-15,8.29,8.24,8.21
1989-08-16,8.17,8.11,8.12
1989-08-17,8.26,8.20,8.18
1989-08-18,8.26,8.20,8.15
1989-08-21,8.32,8.27,8.20
1989-08-22,8.43,8.35,8.29
1989-08-23,8.37,8.23,8.25
1989-08-24,8.32,8.23,8.20
1989-08-25,8.34,8.23,8.21
1989-08-28,8.41,8.29,8.27
1989-08-29,8.44,8.30,8.27
1989-08-30,8.41,8.28,8.25
1989-08-31,8.42,8.27,8.26
1989-09-01,8.37,8.18,8.19
1989-09-05,8.37,8.21,8.19
1989-09-06,8.35,8.19,8.17
1989-09-07,8.35,8.19,8.17
1989-09-08,8.27,8.14,8.14
1989-09-11,8.20,8.10,8.13
1989-09-12,8.18,8.07,8.13
1989-09-13,8.20,8.11,8.18
1989-09-14,8.09,8.05,8.13
1989-09-15,8.06,8.01,8.09
1989-09-18,8.13,8.04,8.10
1989-09-19,8.14,8.05,8.09
1989-09-20,8.27,8.14,8.15
1989-09-21,8.32,8.19,8.20
1989-09-22,8.34,8.20,8.22
1989-09-25,8.43,8.32,8.32
1989-09-26,8.36,8.29,8.30
1989-09-27,8.39,8.31,8.30
1989-09-28,8.41,8.34,8.30
1989-09-29,8.46,8.36,8.31
1989-10-02,8.48,8.33,8.28
1989-10-03,8.39,8.27,8.23
1989-10-04,8.37,8.25,8.22
1989-10-05,8.31,8.18,8.15
1989-10-06,8.10,8.01,8.03
1989-10-10,8.06,8.00,8.03
1989-10-11,8.08,8.03,8.07
1989-10-12,8.01,7.98,8.04
1989-10-13,7.69,7.79,7.87
1989-10-16,7.85,7.91,7.98
1989-10-17,7.83,7.92,8.00
1989-10-18,7.83,7.92,8.01
1989-10-19,7.87,7.91,7.96
1989-10-20,7.92,7.93,7.98
1989-10-23,7.88,7.87,7.92
1989-10-24,7.78,7.80,7.87
1989-10-25,7.76,7.79,7.86
1989-10-26,7.78,7.81,7.88
1989-10-27,7.87,7.87,7.94
1989-10-30,7.85,7.86,7.92
1989-10-31,7.85,7.86,7.92
1989-11-01,7.87,7.86,7.91
1989-11-02,7.81,7.81,7.87
1989-11-03,8.01,7.93,7.96
1989-11-06,8.04,7.99,8.00
1989-11-07,7.87,7.85,7.90
1989-11-08,7.78,7.81,7.87
1989-11-09,7.80,7.84,7.90
1989-11-10,7.83,7.85,7.92
1989-11-13,7.82,7.85,7.89
1989-11-14,7.75,7.80,7.87
1989-11-15,7.69,7.74,7.82
1989-11-16,7.71,7.74,7.82
1989-11-17,7.77,7.82,7.88
1989-11-20,7.77,7.80,7.86
1989-11-21,7.77,7.79,7.85
1989-11-22,7.66,7.72,7.81
1989-11-24,7.64,7.70,7.80
1989-11-27,7.79,7.80,7.85
1989-11-28,7.78,7.81,7.86
1989-11-29,7.80,7.78,7.88
1989-11-30,7.75,7.74,7.84
1989-12-01,7.70,7.70,7.81
1989-12-04,7.72,7.70,7.82
1989-12-05,7.72,7.70,7.82
1989-12-06,7.80,7.76,7.85
1989-12-07,7.85,7.80,7.88
1989-12-08,7.78,7.73,7.82
1989-12-11,7.78,7.74,7.83
1989-12-12,7.80,7.74,7.84
1989-12-13,7.82,7.73,7.82
1989-12-14,7.75,7.68,7.79
1989-12-15,7.75,7.70,7.80
1989-12-18,7.75,7.67,7.77
1989-12-19,7.72,7.69,7.78
1989-12-20,7.64,7.67,7.77
1989-12-21,7.68,7.67,7.77
1989-12-22,7.74,7.75,7.82
1989-12-26,7.90,7.90,7.95
1989-12-27,7.90,7.89,7.94
1989-12-28,7.87,7.85,7.91
1989-12-29,7.87,7.86,7.93
1990-01-02,7.87,7.87,7.94
1990-01-03,7.94,7.92,7.99
1990-01-04,7.92,7.91,7.98
1990-01-05,7.90,7.92,7.99
1990-01-08,7.90,7.92,8.02
1990-01-09,7.91,7.92,8.02
1990-01-10,7.91,7.92,8.03
1990-01-11,7.91,7.94,8.04
1990-01-12,7.93,7.99,8.10
1990-01-16,8.10,8.11,8.20
1990-01-17,8.09,8.11,8.19
1990-01-18,8.25,8.27,8.32
1990-01-19,8.20,8.20,8.26
1990-01-22,8.18,8.19,8.27
1990-01-23,8.18,8.18,8.26
1990-01-24,8.20,8.28,8.38
1990-01-25,8.24,8.31,8.42
1990-01-26,8.28,8.38,8.49
1990-01-29,8.30,8.39,8.50
1990-01-30,8.30,8.43,8.51
1990-01-31,8.28,8.35,8.43
1990-02-01,8.28,8.35,8.42
1990-02-02,8.37,8.42,8.50
1990-02-05,8.37,8.44,8.53
1990-02-06,8.42,8.49,8.57
1990-02-07,8.42,8.51,8.52
1990-02-08,8.37,8.45,8.49
1990-02-09,8.25,8.29,8.31
1990-02-12,8.32,8.37,8.40
1990-02-13,8.21,8.29,8.35
1990-02-14,8.27,8.34,8.36
1990-02-15,8.35,8.40,8.43
1990-02-16,8.36,8.41,8.42
1990-02-20,8.52,8.58,8.62
1990-02-21,8.50,8.60,8.62
1990-02-22,8.45,8.48,8.54
1990-02-23,8.43,8.47,8.53
1990-02-26,8.38,8.40,8.46
1990-02-27,8.34,8.34,8.41
1990-02-28,8.43,8.44,8.51
1990-03-01,8.53,8.53,8.59
1990-03-02,8.48,8.50,8.54
1990-03-05,8.55,8.58,8.65
1990-03-06,8.54,8.57,8.59
1990-03-07,8.54,8.56,8.58
1990-03-08,8.59,8.57,8.57
1990-03-09,8.73,8.68,8.65
1990-03-12,8.71,8.67,8.63
1990-03-13,8.77,8.75,8.73
1990-03-14,8.69,8.67,8.65
1990-03-15,8.71,8.69,8.66
1990-03-16,8.64,8.61,8.59
1990-03-19,8.68,8.65,8.59
1990-03-20,8.68,8.61,8.54
1990-03-21,8.69,8.62,8.55
1990-03-22,8.62,8.56,8.53
1990-03-23,8.61,8.54,8.52
1990-03-26,8.61,8.52,8.51
1990-03-27,8.59,8.55,8.52
1990-03-28,8.57,8.53,8.51
1990-03-29,8.62,8.60,8.60
1990-03-30,8.64,8.65,8.65
1990-04-02,8.62,8.65,8.65
1990-04-03,8.61,8.64,8.63
1990-04-04,8.54,8.56,8.55
1990-04-05,8.54,8.57,8.57
1990-04-06,8.52,8.55,8.56
1990-04-09,8.54,8.58,8.59
1990-04-10,8.54,8.58,8.60
1990-04-11,8.56,8.60,8.63
1990-04-12,8.57,8.62,8.64
1990-04-16,8.61,8.65,8.68
1990-04-17,8.70,8.73,8.77
1990-04-18,8.79,8.84,8.86
1990-04-19,8.81,8.84,8.87
1990-04-20,8.82,8.88,8.95
1990-04-23,8.87,8.92,8.98
1990-04-24,8.92,8.96,9.00
1990-04-25,8.95,9.00,9.01
1990-04-26,9.03,9.09,9.07
1990-04-27,8.98,9.06,9.06
1990-04-30,8.96,9.04,9.04
1990-05-01,9.02,9.08,9.08
1990-05-02,9.05,9.10,9.09
1990-05-03,8.98,9.04,9.04
1990-05-04,8.70,8.80,8.84
1990-05-07,8.74,8.83,8.87
1990-05-08,8.68,8.79,8.84
1990-05-09,8.75,8.87,8.88
1990-05-10,8.69,8.80,8.82
1990-05-11,8.55,8.64,8.64
1990-05-14,8.51,8.60,8.61
1990-05-15,8.54,8.64,8.65
1990-05-16,8.54,8.66,8.68
1990-05-17,8.56,8.69,8.69
1990-05-18,8.63,8.74,8.75
1990-05-21,8.61,8.74,8.74
1990-05-22,8.54,8.66,8.65
1990-05-23,8.51,8.61,8.61
1990-05-24,8.50,8.58,8.63
1990-05-25,8.53,8.61,8.69
1990-05-29,8.52,8.59,8.66
1990-05-30,8.48,8.56,8.62
1990-05-31,8.50,8.56,8.60
1990-06-01,8.33,8.38,8.44
1990-06-04,8.31,8.39,8.44
1990-06-05,8.34,8.42,8.47
1990-06-06,8.34,8.43,8.46
1990-06-07,8.34,8.41,8.46
1990-06-08,8.33,8.42,8.46
1990-06-11,8.36,8.43,8.48
1990-06-12,8.36,8.44,8.48
1990-06-13,8.27,8.35,8.40
1990-06-14,8.24,8.32,8.38
1990-06-15,8.33,8.41,8.46
1990-06-18,8.39,8.45,8.50
1990-06-19,8.41,8.47,8.51
1990-06-20,8.43,8.51,8.55
1990-06-21,8.41,8.48,8.52
1990-06-22,8.40,8.46,8.51
1990-06-25,8.45,8.53,8.58
1990-06-26,8.41,8.51,8.56
1990-06-27,8.37,8.47,8.52
1990-06-28,8.31,8.41,8.47
1990-06-29,8.24,8.35,8.43
1990-07-02,8.25,8.35,8.43
1990-07-03,8.20,8.32,8.40
1990-07-05,8.22,8.34,8.42
1990-07-06,8.32,8.44,8.51
1990-07-09,8.39,8.49,8.57
1990-07-10,8.40,8.50,8.57
1990-07-11,8.40,8.49,8.57
1990-07-12,8.20,8.37,8.50
1990-07-13,8.13,8.32,8.45
1990-07-16,8.15,8.31,8.44
1990-07-17,8.13,8.30,8.44
1990-07-18,8.13,8.34,8.50
1990-07-19,8.13,8.33,8.51
1990-07-20,8.08,8.28,8.48
1990-07-23,8.05,8.28,8.48
1990-07-24,8.12,8.35,8.53
1990-07-25,8.08,8.31,8.49
1990-07-26,8.08,8.31,8.49
1990-07-27,8.00,8.25,8.42
1990-07-30,7.93,8.14,8.34
1990-07-31,7.91,8.13,8.36
1990-08-01,7.85,8.06,8.29
1990-08-02,7.90,8.15,8.41
1990-08-03,7.79,8.11,8.43
1990-08-06,7.90,8.29,8.71
1990-08-07,8.04,8.41,8.78
1990-08-08,8.02,8.43,8.77
1990-08-09,7.99,8.33,8.66
1990-08-10,7.95,8.35,8.68
1990-08-13,7.94,8.36,8.71
1990-08-14,7.94,8.34,8.66
1990-08-15,7.94,8.33,8.64
1990-08-16,8.09,8.45,8.76
1990-08-17,8.11,8.49,8.80
1990-08-20,8.13,8.50,8.81
1990-08-21,8.19,8.56,8.84
1990-08-22,8.26,8.62,8.91
1990-08-23,8.26,8.69,9.00
1990-08-24,8.32,8.75,9.05
1990-08-27,8.21,8.61,8.90
1990-08-28,8.23,8.67,8.94
1990-08-29,8.16,8.52,8.84
1990-08-30,8.12,8.52,8.86
1990-08-31,8.07,8.50,8.86
1990-09-04,8.09,8.53,8.90
1990-09-05,8.04,8.47,8.86
1990-09-06,8.06,8.47,8.84
1990-09-07,8.04,8.45,8.81
1990-09-10,8.09,8.50,8.85
1990-09-11,8.10,8.48,8.83
1990-09-12,8.05,8.45,8.82
1990-09-13,8.01,8.44,8.82
1990-09-14,8.03,8.48,8.87
1990-09-17,8.05,8.49,8.90
1990-09-18,8.03,8.48,8.90
1990-09-19,8.08,8.51,8.88
1990-09-20,8.10,8.53,8.91
1990-09-21,8.12,8.58,8.99
1990-09-24,8.21,8.64,9.04
1990-09-25,8.18,8.64,9.02
1990-09-26,8.16,8.63,9.00
1990-09-27,8.05,8.52,8.91
1990-09-28,8.02,8.47,8.82
1990-10-01,7.94,8.38,8.71
1990-10-02,7.92,8.35,8.69
1990-10-03,7.88,8.33,8.71
1990-10-04,7.87,8.30,8.67
1990-10-05,7.81,8.27,8.65
1990-10-09,7.94,8.43,8.83
1990-10-10,7.99,8.49,8.89
1990-10-11,7.99,8.51,8.92
1990-10-12,7.94,8.44,8.84
1990-10-15,7.92,8.39,8.80
1990-10-16,7.92,8.39,8.79
1990-10-17,7.92,8.37,8.76
1990-10-18,7.91,8.32,8.71
1990-10-19,7.85,8.25,8.62
1990-10-22,7.85,8.25,8.63
1990-10-23,7.84,8.25,8.65
1990-10-24,7.84,8.26,8.66
1990-10-25,7.80,8.21,8.62
1990-10-26,7.80,8.23,8.63
1990-10-29,7.82,8.27,8.70
1990-10-30,7.79,8.28,8.70
1990-10-31,7.77,8.24,8.65
1990-11-01,7.68,8.15,8.57
1990-11-02,7.68,8.16,8.57
1990-11-05,7.63,8.10,8.50
1990-11-06,7.65,8.11,8.52
1990-11-07,7.67,8.16,8.57
1990-11-08,7.67,8.18,8.58
1990-11-09,7.61,8.10,8.49
1990-11-13,7.60,8.01,8.37
1990-11-14,7.58,8.01,8.36
1990-11-15,7.60,8.01,8.37
1990-11-16,7.58,7.96,8.30
1990-11-19,7.62,8.01,8.35
1990-11-20,7.62,7.98,8.31
1990-11-21,7.55,7.92,8.27
1990-11-23,7.53,7.92,8.28
1990-11-26,7.55,7.92,8.27
1990-11-27,7.50,7.94,8.28
1990-11-28,7.56,7.94,8.30
1990-11-29,7.58,7.96,8.32
1990-11-30,7.53,7.91,8.26
1990-12-03,7.51,7.88,8.22
1990-12-04,7.46,7.83,8.20
1990-12-05,7.46,7.82,8.16
1990-12-06,7.48,7.82,8.18
1990-12-07,7.33,7.67,8.03
1990-12-10,7.28,7.63,7.98
1990-12-11,7.26,7.60,7.94
1990-12-12,7.22,7.59,7.91
1990-12-13,7.31,7.68,7.98
1990-12-14,7.35,7.74,8.05
1990-12-17,7.31,7.71,8.02
1990-12-18,7.28,7.67,7.99
1990-12-19,7.21,7.64,8.00
1990-12-20,7.25,7.67,8.05
1990-12-21,7.30,7.75,8.11
1990-12-24,7.35,7.84,8.20
1990-12-26,7.27,7.78,8.15
1990-12-27,7.25,7.75,8.11
1990-12-28,7.25,7.78,8.14
1990-12-31,7.15,7.68,8.08
1991-01-02,7.08,7.59,7.97
1991-01-03,7.08,7.56,7.93
1991-01-04,7.17,7.65,8.02
1991-01-07,7.20,7.75,8.13
1991-01-08,7.15,7.74,8.16
1991-01-09,7.10,7.81,8.25
1991-01-10,7.14,7.76,8.16
1991-01-11,7.14,7.79,8.20
1991-01-14,7.18,7.82,8.23
1991-01-15,7.16,7.79,8.22
1991-01-16,7.21,7.83,8.24
1991-01-17,7.19,7.71,8.05
1991-01-18,7.14,7.68,8.03
1991-01-22,7.13,7.70,8.07
1991-01-23,7.08,7.67,8.04
1991-01-24,7.04,7.61,8.00
1991-01-25,7.10,7.67,8.06
1991-01-28,7.12,7.67,8.06
1991-01-29,7.10,7.64,8.03
1991-01-30,7.07,7.64,8.05
1991-01-31,7.05,7.62,8.03
1991-02-01,6.83,7.45,7.91
1991-02-04,6.82,7.43,7.88
1991-02-05,6.80,7.40,7.85
1991-02-06,6.82,7.40,7.79
1991-02-07,6.80,7.42,7.82
1991-02-08,6.80,7.40,7.77
1991-02-11,6.78,7.39,7.78
1991-02-12,6.78,7.39,7.78
1991-02-13,6.78,7.39,7.78
1991-02-14,6.77,7.38,7.80
1991-02-15,6.82,7.41,7.78
1991-02-19,6.87,7.46,7.80
1991-02-20,6.87,7.49,7.84
1991-02-21,6.90,7.51,7.88
1991-02-22,6.98,7.57,7.91
1991-02-25,6.99,7.57,7.91
1991-02-26,7.00,7.62,7.96
1991-02-27,7.02,7.64,7.98
1991-02-28,7.04,7.66,8.02
1991-03-01,7.18,7.78,8.12
1991-03-04,7.16,7.77,8.12
1991-03-05,7.13,7.73,8.08
1991-03-06,7.15,7.77,8.11
1991-03-07,7.12,7.73,8.07
1991-03-08,7.08,7.77,8.13
1991-03-11,7.05,7.71,8.06
1991-03-12,7.07,7.74,8.09
1991-03-13,7.00,7.67,8.02
1991-03-14,6.95,7.64,8.02
1991-03-15,7.01,7.73,8.10
1991-03-18,7.09,7.79,8.15
1991-03-19,7.22,7.93,8.25
1991-03-20,7.20,7.88,8.20
1991-03-21,7.13,7.82,8.16
1991-03-22,7.13,7.82,8.13
1991-03-25,7.14,7.83,8.13
1991-03-26,7.16,7.84,8.13
1991-03-27,7.07,7.76,8.08
1991-03-28,7.02,7.73,8.05
1991-04-01,7.01,7.74,8.07
1991-04-02,6.97,7.68,8.03
1991-04-03,6.99,7.71,8.05
1991-04-04,6.94,7.67,8.00
1991-04-05,6.92,7.65,7.99
1991-04-08,6.91,7.63,7.98
1991-04-09,6.94,7.68,8.03
1991-04-10,7.02,7.75,8.10
1991-04-11,6.95,7.74,8.09
1991-04-12,6.88,7.64,7.98
1991-04-15,6.90,7.64,7.95
1991-04-16,6.92,7.66,7.97
1991-04-17,6.90,7.64,7.95
1991-04-18,6.99,7.74,8.02
1991-04-19,7.03,7.80,8.10
1991-04-22,7.07,7.83,8.15
1991-04-23,7.05,7.78,8.12
1991-04-24,6.95,7.73,8.06
1991-04-25,6.93,7.70,8.07
1991-04-26,6.89,7.68,8.06
1991-04-29,6.90,7.70,8.07
1991-04-30,6.80,7.63,8.02
1991-05-01,6.80,7.63,8.01
1991-05-02,6.76,7.59,7.97
1991-05-03,6.80,7.67,8.04
1991-05-06,6.82,7.67,8.05
1991-05-07,6.82,7.67,8.06
1991-05-08,6.84,7.68,8.04
1991-05-09,6.84,7.68,8.02
1991-05-10,6.87,7.76,8.12
1991-05-13,6.84,7.72,8.07
1991-05-14,6.86,7.78,8.14
1991-05-15,6.84,7.77,8.13
1991-05-16,6.84,7.77,8.12
1991-05-17,6.86,7.77,8.08
1991-05-20,6.86,7.78,8.10
1991-05-21,6.84,7.74,8.06
1991-05-22,6.77,7.72,8.06
1991-05-23,6.74,7.71,8.10
1991-05-24,6.69,7.68,8.10
1991-05-28,6.66,7.66,8.07
1991-05-29,6.61,7.66,8.07
1991-05-30,6.60,7.63,8.02
1991-05-31,6.68,7.69,8.06
1991-06-03,6.79,7.80,8.14
1991-06-04,6.79,7.80,8.14
1991-06-05,6.83,7.84,8.19
1991-06-06,6.86,7.89,8.23
1991-06-07,6.98,7.96,8.29
1991-06-10,7.01,7.95,8.29
1991-06-11,6.99,7.96,8.29
1991-06-12,7.08,8.02,8.36
1991-06-13,7.08,8.00,8.34
1991-06-14,7.02,7.94,8.29
1991-06-17,7.02,7.96,8.30
1991-06-18,7.00,7.97,8.32
1991-06-19,6.95,7.97,8.33
1991-06-20,6.87,7.91,8.30
1991-06-21,6.94,7.95,8.32
1991-06-24,6.96,7.98,8.33
1991-06-25,7.04,7.99,8.33
1991-06-26,7.01,7.98,8.33
1991-06-27,7.00,7.97,8.32
1991-06-28,6.90,7.90,8.24
1991-07-01,6.97,7.93,8.26
1991-07-02,7.00,7.95,8.27
1991-07-03,6.97,7.92,8.26
1991-07-05,7.04,8.01,8.34
1991-07-08,7.00,8.00,8.34
1991-07-09,7.00,8.02,8.36
1991-07-10,6.97,8.00,8.35
1991-07-11,6.92,7.95,8.30
1991-07-12,6.88,7.90,8.26
1991-07-15,6.88,7.90,8.26
1991-07-16,6.90,7.91,8.27
1991-07-17,6.94,7.94,8.30
1991-07-18,6.91,7.95,8.31
1991-07-19,6.89,7.91,8.28
1991-07-22,6.91,7.92,8.28
1991-07-23,6.94,7.96,8.31
1991-07-24,6.88,7.86,8.24
1991-07-25,6.87,7.81,8.20
1991-07-26,6.85,7.82,8.20
1991-07-29,6.82,7.81,8.20
1991-07-30,6.84,7.81,8.21
1991-07-31,6.81,7.77,8.20
1991-08-01,6.84,7.78,8.20
1991-08-02,6.69,7.62,8.06
1991-08-05,6.69,7.62,8.04
1991-08-06,6.57,7.54,7.97
1991-08-07,6.54,7.51,7.93
1991-08-08,6.52,7.53,7.98
1991-08-09,6.49,7.51,7.98
1991-08-12,6.49,7.49,7.95
1991-08-13,6.48,7.46,7.91
1991-08-14,6.37,7.37,7.82
1991-08-15,6.33,7.37,7.84
1991-08-16,6.31,7.33,7.84
1991-08-19,6.24,7.31,7.83
1991-08-20,6.17,7.24,7.81
1991-08-21,6.27,7.27,7.80
1991-08-22,6.27,7.25,7.78
1991-08-23,6.46,7.39,7.88
1991-08-26,6.48,7.44,7.91
1991-08-27,6.41,7.42,7.89
1991-08-28,6.30,7.32,7.82
1991-08-29,6.25,7.24,7.74
1991-08-30,6.36,7.34,7.82
1991-09-03,6.33,7.32,7.81
1991-09-04,6.31,7.31,7.81
1991-09-05,6.31,7.32,7.83
1991-09-06,6.26,7.24,7.76
1991-09-09,6.23,7.20,7.73
1991-09-10,6.21,7.20,7.73
1991-09-11,6.23,7.21,7.74
1991-09-12,6.20,7.15,7.67
1991-09-13,6.18,7.13,7.66
1991-09-16,6.17,7.11,7.63
1991-09-17,6.18,7.10,7.62
1991-09-18,6.18,7.10,7.62
1991-09-19,6.20,7.10,7.61
1991-09-20,6.18,7.09,7.57
1991-09-23,6.17,7.09,7.55
1991-09-24,6.11,7.09,7.56
1991-09-25,6.12,7.06,7.58
1991-09-26,6.05,7.03,7.56
1991-09-27,6.02,6.95,7.49
1991-09-30,5.99,6.92,7.47
1991-10-01,5.99,6.90,7.45
1991-10-02,5.99,6.90,7.47
1991-10-03,5.98,6.88,7.47
1991-10-04,5.91,6.81,7.39
1991-10-07,5.93,6.81,7.40
1991-10-08,5.89,6.82,7.43
1991-10-09,5.93,6.87,7.51
1991-10-10,5.98,6.93,7.58
1991-10-11,5.91,6.84,7.49
1991-10-15,5.85,6.81,7.46
1991-10-16,5.86,6.79,7.45
1991-10-17,5.93,6.90,7.55
1991-10-18,5.95,6.88,7.53
1991-10-21,5.99,6.95,7.62
1991-10-22,6.02,6.99,7.67
1991-10-23,6.01,7.00,7.69
1991-10-24,5.93,6.91,7.65
1991-10-25,5.93,6.96,7.68
1991-10-28,5.88,6.91,7.65
1991-10-29,5.78,6.80,7.51
1991-10-30,5.73,6.77,7.48
1991-10-31,5.70,6.74,7.47
1991-11-01,5.65,6.71,7.48
1991-11-04,5.63,6.74,7.50
1991-11-05,5.70,6.79,7.56
1991-11-06,5.63,6.72,7.51
1991-11-07,5.62,6.65,7.43
1991-11-08,5.63,6.66,7.41
1991-11-12,5.65,6.65,7.37
1991-11-13,5.65,6.69,7.41
1991-11-14,5.60,6.62,7.35
1991-11-15,5.54,6.58,7.33
1991-11-18,5.55,6.57,7.33
1991-11-19,5.50,6.55,7.37
1991-11-20,5.52,6.56,7.38
1991-11-21,5.50,6.54,7.39
1991-11-22,5.49,6.56,7.44
1991-11-25,5.50,6.61,7.45
1991-11-26,5.45,6.53,7.42
1991-11-27,5.43,6.53,7.42
1991-11-29,5.38,6.48,7.38
1991-12-02,5.33,6.43,7.32
1991-12-03,5.29,6.39,7.28
1991-12-04,5.22,6.27,7.17
1991-12-05,5.22,6.30,7.21
1991-12-06,5.19,6.31,7.26
1991-12-09,5.09,6.23,7.22
1991-12-10,5.07,6.25,7.21
1991-12-11,5.04,6.26,7.22
1991-12-12,5.06,6.23,7.19
1991-12-13,5.09,6.30,7.22
1991-12-16,5.06,6.28,7.21
1991-12-17,5.02,6.24,7.18
1991-12-18,5.11,6.30,7.19
1991-12-19,5.05,6.19,7.11
1991-12-20,4.80,6.02,6.97
1991-12-23,4.79,6.00,6.88
1991-12-24,4.84,6.01,6.88
1991-12-26,4.85,6.00,6.85
1991-12-27,4.85,6.00,6.82
1991-12-30,4.80,5.97,6.76
1991-12-31,4.77,5.93,6.71
1992-01-02,4.77,5.98,6.78
1992-01-03,4.80,6.05,6.85
1992-01-06,4.76,6.02,6.82
1992-01-07,4.67,5.94,6.76
1992-01-08,4.66,5.96,6.77
1992-01-09,4.77,6.02,6.79
1992-01-10,4.85,6.10,6.85
1992-01-13,4.93,6.21,6.92
1992-01-14,5.00,6.34,7.03
1992-01-15,5.07,6.37,7.05
1992-01-16,5.07,6.41,7.13
1992-01-17,5.02,6.36,7.09
1992-01-21,4.97,6.27,7.03
1992-01-22,4.95,6.28,7.09
1992-01-23,5.02,6.32,7.20
1992-01-24,5.13,6.40,7.25
1992-01-27,5.15,6.41,7.24
1992-01-28,5.10,6.32,7.16
1992-01-29,5.15,6.42,7.25
1992-01-30,5.17,6.48,7.31
1992-01-31,5.11,6.44,7.31
1992-02-03,5.15,6.52,7.36
1992-02-04,5.12,6.46,7.29
1992-02-05,5.07,6.40,7.21
1992-02-06,5.05,6.40,7.20
1992-02-07,4.97,6.40,7.20
1992-02-10,4.94,6.38,7.21
1992-02-11,5.01,6.40,7.23
1992-02-12,5.08,6.46,7.30
1992-02-13,5.22,6.61,7.40
1992-02-14,5.27,6.65,7.41
1992-02-18,5.24,6.69,7.47
1992-02-19,5.28,6.67,7.42
1992-02-20,5.30,6.67,7.41
1992-02-21,5.46,6.77,7.45
1992-02-24,5.46,6.81,7.47
1992-02-25,5.43,6.78,7.44
1992-02-26,5.37,6.66,7.33
1992-02-27,5.34,6.67,7.35
1992-02-28,5.27,6.58,7.27
1992-03-02,5.45,6.73,7.38
1992-03-03,5.48,6.76,7.43
1992-03-04,5.50,6.76,7.43
1992-03-05,5.62,6.87,7.51
1992-03-06,5.60,6.85,7.48
1992-03-09,5.54,6.77,7.42
1992-03-10,5.56,6.78,7.43
1992-03-11,5.58,6.86,7.51
1992-03-12,5.74,7.01,7.62
1992-03-13,5.86,7.14,7.71
1992-03-16,5.87,7.12,7.69
1992-03-17,5.83,7.06,7.62
1992-03-18,5.84,7.06,7.62
1992-03-19,5.79,7.03,7.57
1992-03-20,5.86,7.12,7.64
1992-03-23,5.87,7.10,7.62
1992-03-24,5.78,7.00,7.53
1992-03-25,5.72,6.96,7.53
1992-03-26,5.69,6.98,7.57
1992-03-27,5.68,6.97,7.54
1992-03-30,5.61,6.93,7.54
1992-03-31,5.60,6.94,7.54
1992-04-01,5.53,6.82,7.46
1992-04-02,5.55,6.85,7.47
1992-04-03,5.37,6.76,7.42
1992-04-06,5.36,6.74,7.41
1992-04-07,5.34,6.73,7.41
1992-04-08,5.33,6.76,7.44
1992-04-09,5.09,6.59,7.35
1992-04-10,5.16,6.62,7.37
1992-04-13,5.11,6.58,7.33
1992-04-14,5.15,6.60,7.35
1992-04-15,5.22,6.66,7.37
1992-04-16,5.34,6.76,7.45
1992-04-20,5.45,6.90,7.59
1992-04-21,5.41,6.89,7.58
1992-04-22,5.41,6.89,7.57
1992-04-23,5.41,6.91,7.59
1992-04-24,5.33,6.85,7.55
1992-04-27,5.42,6.90,7.60
1992-04-28,5.40,6.87,7.57
1992-04-29,5.39,6.88,7.60
1992-04-30,5.46,6.91,7.61
1992-05-01,5.33,6.82,7.56
1992-05-04,5.32,6.82,7.58
1992-05-05,5.30,6.80,7.56
1992-05-06,5.25,6.76,7.46
1992-05-07,5.34,6.80,7.49
1992-05-08,5.29,6.73,7.41
1992-05-11,5.24,6.71,7.40
1992-05-12,5.19,6.66,7.36
1992-05-13,5.14,6.64,7.34
1992-05-14,5.13,6.63,7.34
1992-05-15,5.11,6.60,7.28
1992-05-18,5.12,6.59,7.28
1992-05-19,5.00,6.47,7.20
1992-05-20,5.13,6.55,7.25
1992-05-21,5.34,6.77,7.39
1992-05-22,5.24,6.69,7.35
1992-05-26,5.35,6.79,7.46
1992-05-27,5.28,6.74,7.44
1992-05-28,5.22,6.67,7.36
1992-05-29,5.19,6.61,7.33
1992-06-01,5.29,6.69,7.39
1992-06-02,5.23,6.61,7.35
1992-06-03,5.20,6.60,7.34
1992-06-04,5.22,6.60,7.34
1992-06-05,5.13,6.55,7.31
1992-06-08,5.11,6.56,7.31
1992-06-09,5.11,6.59,7.33
1992-06-10,5.13,6.59,7.35
1992-06-11,5.09,6.56,7.33
1992-06-12,5.06,6.49,7.29
1992-06-15,5.05,6.49,7.28
1992-06-16,5.02,6.44,7.24
1992-06-17,5.00,6.44,7.23
1992-06-18,4.94,6.39,7.19
1992-06-19,5.00,6.45,7.24
1992-06-22,4.99,6.45,7.24
1992-06-23,5.10,6.50,7.25
1992-06-24,4.96,6.39,7.20
1992-06-25,4.89,6.32,7.14
1992-06-26,4.88,6.33,7.15
1992-06-29,4.83,6.29,7.12
1992-06-30,4.83,6.29,7.14
1992-07-01,4.82,6.27,7.10
1992-07-02,4.55,6.02,6.93
1992-07-06,4.46,5.97,6.90
1992-07-07,4.40,5.91,6.87
1992-07-08,4.40,5.93,6.91
1992-07-09,4.40,5.93,6.91
1992-07-10,4.38,5.92,6.93
1992-07-13,4.40,5.94,6.97
1992-07-14,4.32,5.90,6.97
1992-07-15,4.25,5.80,6.90
1992-07-16,4.25,5.80,6.87
1992-07-17,4.27,5.82,6.90
1992-07-20,4.30,5.82,6.90
1992-07-21,4.34,5.82,6.89
1992-07-22,4.29,5.77,6.85
1992-07-23,4.20,5.62,6.72
1992-07-24,4.25,5.66,6.73
1992-07-27,4.27,5.66,6.69
1992-07-28,4.27,5.63,6.63
1992-07-29,4.25,5.62,6.60
1992-07-30,4.33,5.76,6.69
1992-07-31,4.42,5.84,6.72
1992-08-03,4.40,5.82,6.72
1992-08-04,4.31,5.72,6.66
1992-08-05,4.29,5.69,6.64
1992-08-06,4.29,5.67,6.65
1992-08-07,4.18,5.56,6.57
1992-08-10,4.12,5.50,6.52
1992-08-11,4.15,5.50,6.50
1992-08-12,4.19,5.54,6.48
1992-08-13,4.19,5.57,6.55
1992-08-14,4.14,5.54,6.53
1992-08-17,4.13,5.55,6.56
1992-08-18,4.04,5.44,6.48
1992-08-19,4.06,5.43,6.47
1992-08-20,4.04,5.42,6.46
1992-08-21,4.13,5.54,6.53
1992-08-24,4.27,5.72,6.68
1992-08-25,4.32,5.76,6.73
1992-08-26,4.26,5.70,6.68
1992-08-27,4.23,5.65,6.64
1992-08-28,4.16,5.60,6.63
1992-08-31,4.15,5.60,6.62
1992-09-01,4.12,5.52,6.56
1992-09-02,4.10,5.50,6.54
1992-09-03,4.09,5.50,6.54
1992-09-04,3.89,5.30,6.40
1992-09-08,3.83,5.21,6.29
1992-09-09,3.85,5.25,6.31
1992-09-10,3.83,5.26,6.31
1992-09-11,3.87,5.33,6.37
1992-09-14,3.80,5.28,6.32
1992-09-15,3.89,5.37,6.40
1992-09-16,3.87,5.40,6.41
1992-09-17,3.86,5.41,6.40
1992-09-18,3.86,5.41,6.41
1992-09-21,3.91,5.46,6.42
1992-09-22,3.98,5.52,6.50
1992-09-23,3.97,5.54,6.54
1992-09-24,3.91,5.47,6.48
1992-09-25,3.78,5.33,6.41
1992-09-28,3.77,5.28,6.37
1992-09-29,3.80,5.31,6.37
1992-09-30,3.80,5.33,6.37
1992-10-01,3.67,5.18,6.23
1992-10-02,3.71,5.22,6.26
1992-10-05,3.68,5.18,6.24
1992-10-06,3.74,5.25,6.30
1992-10-07,3.88,5.43,6.46
1992-10-08,3.83,5.37,6.41
1992-10-09,4.00,5.50,6.52
1992-10-13,3.99,5.49,6.51
1992-10-14,4.02,5.51,6.51
1992-10-15,4.02,5.52,6.53
1992-10-16,4.04,5.57,6.60
1992-10-19,4.15,5.71,6.69
1992-10-20,4.34,5.90,6.86
1992-10-21,4.29,5.82,6.80
1992-10-22,4.24,5.79,6.74
1992-10-23,4.37,5.91,6.83
1992-10-26,4.39,5.92,6.83
1992-10-27,4.32,5.82,6.78
1992-10-28,4.33,5.83,6.76
1992-10-29,4.33,5.79,6.71
1992-10-30,4.40,5.90,6.80
1992-11-02,4.47,5.96,6.88
1992-11-03,4.44,5.94,6.87
1992-11-04,4.44,5.94,6.89
1992-11-05,4.39,5.93,6.87
1992-11-06,4.48,6.02,6.97
1992-11-09,4.57,6.09,7.00
1992-11-10,4.50,6.01,6.91
1992-11-12,4.44,5.89,6.79
1992-11-13,4.54,5.99,6.82
1992-11-16,4.68,6.11,6.90
1992-11-17,4.67,6.08,6.86
1992-11-18,4.58,5.97,6.78
1992-11-19,4.59,6.00,6.81
1992-11-20,4.66,6.08,6.84
1992-11-23,4.69,6.10,6.86
1992-11-24,4.61,6.04,6.82
1992-11-25,4.70,6.12,6.84
1992-11-27,4.77,6.22,6.93
1992-11-30,4.79,6.23,6.95
1992-12-01,4.81,6.24,6.94
1992-12-02,4.81,6.23,6.93
1992-12-03,4.78,6.20,6.91
1992-12-04,4.70,6.11,6.84
1992-12-07,4.62,6.05,6.78
1992-12-08,4.59,5.99,6.73
1992-12-09,4.61,6.01,6.76
1992-12-10,4.67,6.04,6.77
1992-12-11,4.78,6.10,6.80
1992-12-14,4.80,6.15,6.83
1992-12-15,4.77,6.12,6.83
1992-12-16,4.67,6.06,6.77
1992-12-17,4.69,6.08,6.77
1992-12-18,4.66,6.07,6.76
1992-12-21,4.64,6.05,6.71
1992-12-22,4.64,6.02,6.65
1992-12-23,4.63,6.01,6.68
1992-12-24,4.60,6.02,6.69
1992-12-28,4.64,6.06,6.72
1992-12-29,4.61,6.04,6.69
1992-12-30,4.54,5.98,6.68
1992-12-31,4.56,6.04,6.70
1993-01-04,4.48,5.90,6.60
1993-01-05,4.48,5.90,6.61
1993-01-06,4.52,5.94,6.63
1993-01-07,4.64,6.05,6.76
1993-01-08,4.50,5.97,6.75
1993-01-11,4.48,5.93,6.71
1993-01-12,4.48,5.95,6.72
1993-01-13,4.46,5.93,6.71
1993-01-14,4.40,5.88,6.65
1993-01-15,4.31,5.80,6.60
1993-01-19,4.39,5.82,6.59
1993-01-20,4.41,5.85,6.61
1993-01-21,4.36,5.83,6.60
1993-01-22,4.30,5.77,6.57
1993-01-25,4.26,5.71,6.48
1993-01-26,4.30,5.75,6.50
1993-01-27,4.24,5.68,6.48
1993-01-28,4.20,5.61,6.44
1993-01-29,4.20,5.57,6.39
1993-02-01,4.19,5.55,6.38
1993-02-02,4.25,5.63,6.46
1993-02-03,4.27,5.62,6.45
1993-02-04,4.19,5.53,6.39
1993-02-05,4.07,5.42,6.32
1993-02-08,4.16,5.49,6.37
1993-02-09,4.20,5.55,6.41
1993-02-10,4.27,5.63,6.40
1993-02-11,4.20,5.58,6.37
1993-02-12,4.20,5.57,6.35
1993-02-16,4.14,5.52,6.34
1993-02-17,4.06,5.43,6.28
1993-02-18,3.95,5.29,6.17
1993-02-19,3.99,5.30,6.15
1993-02-22,3.99,5.28,6.09
1993-02-23,3.90,5.12,5.92
1993-02-24,3.97,5.20,6.01
1993-02-25,3.95,5.23,6.03
1993-02-26,3.92,5.21,6.03
1993-03-01,3.88,5.12,5.94
1993-03-02,3.88,5.13,5.95
1993-03-03,3.81,5.05,5.88
1993-03-04,3.75,5.00,5.83
1993-03-05,3.91,5.14,5.90
1993-03-08,3.97,5.15,5.85
1993-03-09,4.02,5.21,5.91
1993-03-10,4.05,5.24,5.97
1993-03-11,4.01,5.23,5.96
1993-03-12,4.11,5.35,6.11
1993-03-15,4.10,5.39,6.17
1993-03-16,4.02,5.27,6.06
1993-03-17,3.98,5.21,6.02
1993-03-18,3.91,5.11,5.93
1993-03-19,3.95,5.17,5.95
1993-03-22,3.92,5.18,5.96
1993-03-23,3.88,5.14,5.91
1993-03-24,3.93,5.19,5.95
1993-03-25,3.92,5.19,5.98
1993-03-26,4.02,5.32,6.09
1993-03-29,3.95,5.25,6.06
1993-03-30,3.91,5.20,6.02
1993-03-31,3.96,5.24,6.03
1993-04-01,3.94,5.24,6.06
1993-04-02,3.99,5.31,6.16
1993-04-05,3.96,5.27,6.13
1993-04-06,3.93,5.22,6.08
1993-04-07,3.93,5.23,6.07
1993-04-08,3.85,5.13,5.97
1993-04-12,3.82,5.09,5.92
1993-04-13,3.82,5.10,5.93
1993-04-14,3.78,5.07,5.90
1993-04-15,3.79,5.06,5.88
1993-04-16,3.80,5.08,5.89
1993-04-19,3.78,5.07,5.87
1993-04-20,3.78,5.07,5.87
1993-04-21,3.77,5.05,5.86
1993-04-22,3.75,5.04,5.85
1993-04-23,3.75,5.06,5.89
1993-04-26,3.79,5.09,5.94
1993-04-27,3.88,5.19,6.02
1993-04-28,3.86,5.18,6.03
1993-04-29,3.79,5.10,5.99
1993-04-30,3.83,5.14,6.05
1993-05-03,3.75,5.06,5.96
1993-05-04,3.75,5.04,5.92
1993-05-05,3.80,5.07,5.93
1993-05-06,3.80,5.03,5.89
1993-05-07,3.79,5.04,5.92
1993-05-10,3.79,5.02,5.89
1993-05-11,3.79,5.03,5.89
1993-05-12,3.82,5.07,5.96
1993-05-13,3.91,5.15,6.02
1993-05-14,3.97,5.21,6.03
1993-05-17,4.05,5.27,6.07
1993-05-18,4.08,5.30,6.15
1993-05-19,4.03,5.26,6.11
1993-05-20,4.03,5.25,6.09
1993-05-21,4.14,5.34,6.16
1993-05-24,4.19,5.37,6.16
1993-05-25,4.19,5.38,6.17
1993-05-26,4.20,5.35,6.12
1993-05-27,4.22,5.35,6.11
1993-05-28,4.24,5.37,6.16
1993-06-01,4.16,5.28,6.07
1993-06-02,4.18,5.27,6.06
1993-06-03,4.14,5.23,6.02
1993-06-04,4.31,5.36,6.11
1993-06-07,4.30,5.34,6.08
1993-06-08,4.33,5.35,6.09
1993-06-09,4.29,5.33,6.07
1993-06-10,4.29,5.34,6.07
1993-06-11,4.15,5.22,5.97
1993-06-14,4.13,5.20,5.97
1993-06-15,4.11,5.19,5.96
1993-06-16,4.09,5.18,5.96
1993-06-17,4.08,5.17,5.93
1993-06-18,4.16,5.23,5.97
1993-06-21,4.16,5.20,5.92
1993-06-22,4.15,5.21,5.91
1993-06-23,4.20,5.20,5.91
1993-06-24,4.15,5.16,5.88
1993-06-25,4.10,5.13,5.84
1993-06-28,4.06,5.08,5.80
1993-06-29,4.03,5.05,5.79
1993-06-30,4.03,5.05,5.80
1993-07-01,3.99,5.04,5.80
1993-07-02,3.93,4.98,5.76
1993-07-06,4.00,5.04,5.80
1993-07-07,4.00,5.04,5.80
1993-07-08,4.00,5.02,5.78
1993-07-09,3.98,5.00,5.76
1993-07-12,3.99,5.00,5.75
1993-07-13,4.04,5.03,5.78
1993-07-14,3.97,4.98,5.72
1993-07-15,3.99,4.99,5.72
1993-07-16,3.99,4.99,5.71
1993-07-19,3.99,5.00,5.71
1993-07-20,4.09,5.08,5.75
1993-07-21,4.15,5.17,5.83
1993-07-22,4.22,5.24,5.90
1993-07-23,4.25,5.28,5.95
1993-07-26,4.22,5.25,5.93
1993-07-27,4.25,5.26,5.92
1993-07-28,4.21,5.23,5.90
1993-07-29,4.12,5.13,5.81
1993-07-30,4.13,5.16,5.83
1993-08-02,4.19,5.20,5.85
1993-08-03,4.17,5.19,5.83
1993-08-04,4.16,5.20,5.87
1993-08-05,4.12,5.18,5.86
1993-08-06,4.09,5.16,5.86
1993-08-09,4.06,5.12,5.82
1993-08-10,4.10,5.14,5.82
1993-08-11,4.10,5.13,5.75
1993-08-12,4.06,5.13,5.77
1993-08-13,4.00,5.08,5.72
1993-08-16,3.98,5.05,5.68
1993-08-17,4.02,5.07,5.70
1993-08-18,3.98,5.04,5.69
1993-08-19,3.93,4.97,5.64
1993-08-20,3.93,4.96,5.61
1993-08-23,3.97,4.98,5.60
1993-08-24,3.89,4.90,5.54
1993-08-25,3.85,4.86,5.51
1993-08-26,3.82,4.78,5.42
1993-08-27,3.87,4.83,5.48
1993-08-30,3.86,4.78,5.44
1993-08-31,3.88,4.80,5.45
1993-09-01,3.88,4.81,5.46
1993-09-02,3.83,4.76,5.41
1993-09-03,3.71,4.65,5.31
1993-09-07,3.70,4.60,5.23
1993-09-08,3.78,4.63,5.23
1993-09-09,3.88,4.74,5.35
1993-09-10,3.80,4.67,5.29
1993-09-13,3.82,4.66,5.26
1993-09-14,3.91,4.77,5.37
1993-09-15,3.89,4.75,5.39
1993-09-16,3.88,4.74,5.37
1993-09-17,3.89,4.75,5.38
1993-09-20,3.92,4.79,5.42
1993-09-21,3.90,4.80,5.47
1993-09-22,3.90,4.81,5.45
1993-09-23,3.87,4.80,5.42
1993-09-24,3.90,4.81,5.42
1993-09-27,3.81,4.69,5.30
1993-09-28,3.79,4.67,5.28
1993-09-29,3.84,4.74,5.35
1993-09-30,3.89,4.79,5.40
1993-10-01,3.84,4.72,5.34
1993-10-04,3.85,4.71,5.34
1993-10-05,3.86,4.72,5.35
1993-10-06,3.85,4.70,5.35
1993-10-07,3.83,4.69,5.33
1993-10-08,3.78,4.61,5.26
1993-10-12,3.82,4.64,5.27
1993-10-13,3.84,4.64,5.27
1993-10-14,3.82,4.61,5.23
1993-10-15,3.81,4.57,5.19
1993-10-18,3.84,4.66,5.27
1993-10-19,3.86,4.66,5.27
1993-10-20,3.86,4.64,5.26
1993-10-21,3.89,4.72,5.35
1993-10-22,3.91,4.76,5.42
1993-10-25,3.95,4.82,5.47
1993-10-26,3.93,4.79,5.43
1993-10-27,3.99,4.82,5.44
1993-10-28,3.97,4.83,5.41
1993-10-29,3.99,4.83,5.43
1993-11-01,4.11,4.96,5.56
1993-11-02,4.16,5.02,5.63
1993-11-03,4.13,5.01,5.67
1993-11-04,4.13,5.03,5.67
1993-11-05,4.20,5.11,5.75
1993-11-08,4.13,5.04,5.70
1993-11-09,4.12,5.02,5.64
1993-11-10,4.17,5.08,5.72
1993-11-12,4.11,5.02,5.66
1993-11-15,4.11,5.02,5.69
1993-11-16,4.10,4.98,5.66
1993-11-17,4.09,4.99,5.65
1993-11-18,4.15,5.06,5.72
1993-11-19,4.22,5.16,5.84
1993-11-22,4.26,5.20,5.89
1993-11-23,4.19,5.14,5.82
1993-11-24,4.18,5.11,5.84
1993-11-26,4.16,5.08,5.78
1993-11-29,4.17,5.08,5.76
1993-11-30,4.22,5.15,5.83
1993-12-01,4.20,5.14,5.82
1993-12-02,4.22,5.16,5.81
1993-12-03,4.24,5.16,5.80
1993-12-06,4.19,5.09,5.72
1993-12-07,4.17,5.10,5.71
1993-12-08,4.18,5.09,5.71
1993-12-09,4.18,5.07,5.68
1993-12-10,4.21,5.13,5.73
1993-12-13,4.23,5.16,5.78
1993-12-14,4.25,5.20,5.82
1993-12-15,4.22,5.19,5.83
1993-12-16,4.23,5.20,5.84
1993-12-17,4.20,5.17,5.81
1993-12-20,4.22,5.20,5.83
1993-12-21,4.26,5.22,5.85
1993-12-22,4.19,5.13,5.74
1993-12-23,4.18,5.10,5.72
1993-12-27,4.20,5.09,5.72
1993-12-28,4.20,5.10,5.72
1993-12-29,4.20,5.12,5.74
1993-12-30,4.25,5.20,5.82
1993-12-31,4.25,5.21,5.83
1994-01-03,4.30,5.29,5.92
1994-01-04,4.29,5.26,5.88
1994-01-05,4.31,5.27,5.90
1994-01-06,4.24,5.21,5.84
1994-01-07,4.09,5.03,5.70
1994-01-10,4.08,5.01,5.67
1994-01-11,4.08,5.00,5.67
1994-01-12,4.05,4.95,5.60
1994-01-13,4.13,5.08,5.71
1994-01-14,4.17,5.12,5.78
1994-01-18,4.14,5.09,5.74
1994-01-19,4.12,5.08,5.76
1994-01-20,4.07,5.02,5.71
1994-01-21,4.09,5.05,5.73
1994-01-24,4.09,5.06,5.74
1994-01-25,4.11,5.08,5.78
1994-01-26,4.13,5.09,5.77
1994-01-27,4.11,5.04,5.73
1994-01-28,4.08,4.99,5.68
1994-01-31,4.12,5.02,5.70
1994-02-01,4.20,5.10,5.77
1994-02-02,4.20,5.11,5.77
1994-02-03,4.28,5.17,5.81
1994-02-04,4.42,5.32,5.94
1994-02-07,4.41,5.36,5.96
1994-02-08,4.44,5.38,6.01
1994-02-09,4.43,5.35,5.92
1994-02-10,4.45,5.36,5.91
1994-02-11,4.44,5.34,5.88
1994-02-14,4.44,5.36,5.90
1994-02-15,4.44,5.34,5.88
1994-02-16,4.44,5.35,5.89
1994-02-17,4.50,5.45,6.00
1994-02-18,4.57,5.52,6.09
1994-02-22,4.57,5.50,6.05
1994-02-23,4.67,5.59,6.13
1994-02-24,4.72,5.66,6.22
1994-02-25,4.72,5.65,6.21
1994-02-28,4.67,5.60,6.15
1994-03-01,4.81,5.74,6.28
1994-03-02,4.79,5.74,6.30
1994-03-03,4.83,5.79,6.35
1994-03-04,4.88,5.82,6.38
1994-03-07,4.87,5.77,6.32
1994-03-08,4.92,5.84,6.38
1994-03-09,4.96,5.84,6.38
1994-03-10,4.96,5.90,6.48
1994-03-11,4.95,5.89,6.46
1994-03-14,4.99,5.94,6.50
1994-03-15,4.99,5.91,6.47
1994-03-16,4.96,5.86,6.40
1994-03-17,4.94,5.88,6.40
1994-03-18,5.03,5.97,6.49
1994-03-21,5.09,6.03,6.55
1994-03-22,5.03,5.92,6.44
1994-03-23,5.00,5.92,6.44
1994-03-24,5.08,6.05,6.58
1994-03-25,5.10,6.08,6.61
1994-03-28,5.12,6.10,6.63
1994-03-29,5.19,6.19,6.71
1994-03-30,5.19,6.24,6.78
1994-03-31,5.21,6.23,6.77
1994-04-04,5.57,6.64,7.16
1994-04-05,5.45,6.47,6.97
1994-04-06,5.40,6.42,6.93
1994-04-07,5.37,6.38,6.86
1994-04-08,5.43,6.46,6.94
1994-04-11,5.43,6.46,6.92
1994-04-12,5.40,6.40,6.87
1994-04-13,5.43,6.47,6.93
1994-04-14,5.49,6.51,6.97
1994-04-15,5.51,6.50,6.97
1994-04-18,5.70,6.70,7.14
1994-04-19,5.70,6.68,7.10
1994-04-20,5.67,6.62,7.05
1994-04-21,5.59,6.49,6.91
1994-04-22,5.62,6.53,6.93
1994-04-25,5.61,6.48,6.86
1994-04-26,5.59,6.46,6.86
1994-04-28,5.75,6.65,7.04
1994-04-29,5.73,6.64,7.06
1994-05-02,5.81,6.69,7.09
1994-05-03,5.86,6.73,7.13
1994-05-04,5.89,6.74,7.14
1994-05-05,5.88,6.70,7.11
1994-05-06,6.12,6.95,7.35
1994-05-09,6.26,7.09,7.49
1994-05-10,6.13,6.93,7.33
1994-05-11,6.20,7.02,7.40
1994-05-12,6.13,6.97,7.36
1994-05-13,6.05,6.89,7.29
1994-05-16,6.03,6.85,7.24
1994-05-17,5.88,6.66,7.03
1994-05-18,5.83,6.61,7.03
1994-05-19,5.73,6.52,6.96
1994-05-20,5.80,6.59,7.02
1994-05-23,5.94,6.76,7.19
1994-05-24,5.94,6.75,7.17
1994-05-25,5.95,6.74,7.14
1994-05-26,5.92,6.69,7.09
1994-05-27,5.97,6.73,7.12
1994-05-31,6.01,6.77,7.17
1994-06-01,5.98,6.74,7.12
1994-06-02,5.93,6.68,7.07
1994-06-03,5.84,6.59,6.98
1994-06-06,5.78,6.49,6.91
1994-06-07,5.80,6.53,6.95
1994-06-08,5.78,6.53,6.96
1994-06-09,5.80,6.54,6.98
1994-06-10,5.85,6.60,7.03
1994-06-13,5.91,6.66,7.07
1994-06-14,5.81,6.58,7.00
1994-06-15,5.88,6.67,7.10
1994-06-16,5.83,6.65,7.07
1994-06-17,5.88,6.71,7.14
1994-06-20,5.92,6.74,7.16
1994-06-21,6.04,6.82,7.22
1994-06-22,5.97,6.75,7.13
1994-06-23,5.94,6.70,7.10
1994-06-24,6.06,6.81,7.22
1994-06-27,6.05,6.79,7.18
1994-06-28,6.13,6.88,7.26
1994-06-29,6.12,6.87,7.24
1994-06-30,6.19,6.97,7.34
1994-07-01,6.19,6.95,7.34
1994-07-05,6.14,6.93,7.31
1994-07-06,6.11,6.92,7.32
1994-07-07,6.11,6.89,7.30
1994-07-08,6.25,7.04,7.42
1994-07-11,6.29,7.09,7.47
1994-07-12,6.24,7.03,7.43
1994-07-13,6.22,7.02,7.41
1994-07-14,6.05,6.85,7.25
1994-07-15,6.04,6.84,7.25
1994-07-18,5.99,6.79,7.20
1994-07-19,5.94,6.73,7.15
1994-07-20,6.06,6.84,7.25
1994-07-21,6.11,6.89,7.27
1994-07-22,6.15,6.92,7.29
1994-07-25,6.13,6.90,7.27
1994-07-26,6.16,6.90,7.28
1994-07-27,6.22,6.99,7.34
1994-07-28,6.21,6.94,7.29
1994-07-29,5.99,6.73,7.12
1994-08-01,6.03,6.75,7.13
1994-08-02,5.98,6.73,7.11
1994-08-03,5.96,6.70,7.09
1994-08-04,5.98,6.72,7.12
1994-08-05,6.18,6.93,7.28
1994-08-08,6.22,6.93,7.28
1994-08-09,6.26,6.97,7.33
1994-08-10,6.21,6.95,7.30
1994-08-11,6.26,7.00,7.36
1994-08-12,6.22,6.94,7.27
1994-08-15,6.26,6.96,7.30
1994-08-16,6.21,6.86,7.19
1994-08-17,6.14,6.81,7.15
1994-08-18,6.23,6.93,7.28
1994-08-19,6.23,6.92,7.27
1994-08-22,6.27,6.97,7.31
1994-08-23,6.26,6.94,7.28
1994-08-24,6.18,6.87,7.22
1994-08-25,6.24,6.93,7.29
1994-08-26,6.21,6.87,7.24
1994-08-29,6.20,6.87,7.24
1994-08-30,6.18,6.83,7.20
1994-08-31,6.17,6.81,7.19
1994-09-01,6.15,6.81,7.19
1994-09-02,6.17,6.82,7.21
1994-09-06,6.22,6.88,7.27
1994-09-07,6.22,6.92,7.29
1994-09-08,6.22,6.92,7.30
1994-09-09,6.35,7.06,7.44
1994-09-12,6.37,7.08,7.46
1994-09-13,6.35,7.05,7.44
1994-09-14,6.33,7.02,7.41
1994-09-15,6.28,6.97,7.35
1994-09-16,6.42,7.13,7.52
1994-09-19,6.39,7.11,7.49
1994-09-20,6.44,7.15,7.53
1994-09-21,6.52,7.20,7.56
1994-09-22,6.50,7.20,7.56
1994-09-23,6.52,7.20,7.57
1994-09-26,6.54,7.21,7.57
1994-09-27,6.52,7.24,7.61
1994-09-28,6.51,7.21,7.57
1994-09-29,6.60,7.29,7.64
1994-09-30,6.62,7.28,7.62
1994-10-03,6.69,7.35,7.66
1994-10-04,6.68,7.37,7.70
1994-10-05,6.73,7.42,7.77
1994-10-06,6.71,7.43,7.78
1994-10-07,6.65,7.34,7.70
1994-10-11,6.63,7.30,7.65
1994-10-12,6.67,7.34,7.69
1994-10-13,6.63,7.30,7.64
1994-10-14,6.57,7.26,7.61
1994-10-17,6.61,7.28,7.62
1994-10-18,6.61,7.29,7.64
1994-10-19,6.66,7.34,7.68
1994-10-20,6.77,7.46,7.80
1994-10-21,6.80,7.46,7.81
1994-10-24,6.84,7.52,7.86
1994-10-25,6.87,7.54,7.88
1994-10-26,6.90,7.55,7.88
1994-10-27,6.89,7.55,7.88
1994-10-28,6.82,7.48,7.82
1994-10-31,6.84,7.48,7.81
1994-11-01,6.93,7.58,7.91
1994-11-02,6.96,7.63,7.96
1994-11-03,6.98,7.65,7.96
1994-11-04,7.05,7.72,8.04
1994-11-07,7.06,7.73,8.05
1994-11-08,7.02,7.69,8.01
1994-11-09,7.01,7.64,7.94
1994-11-10,7.06,7.69,7.98
1994-11-14,7.06,7.66,7.94
1994-11-15,7.10,7.69,7.92
1994-11-16,7.15,7.73,7.97
1994-11-17,7.21,7.79,8.03
1994-11-18,7.23,7.79,8.01
1994-11-21,7.30,7.83,8.03
1994-11-22,7.29,7.82,8.00
1994-11-23,7.18,7.64,7.81
1994-11-25,7.19,7.65,7.80
1994-11-28,7.35,7.77,7.88
1994-11-29,7.44,7.86,7.95
1994-11-30,7.40,7.79,7.91
1994-12-01,7.42,7.80,7.92
1994-12-02,7.44,7.71,7.81
1994-12-05,7.58,7.78,7.83
1994-12-06,7.44,7.65,7.73
1994-12-07,7.48,7.74,7.81
1994-12-08,7.51,7.77,7.79
1994-12-09,7.53,7.74,7.79
1994-12-12,7.62,7.82,7.85
1994-12-13,7.71,7.84,7.83
1994-12-14,7.59,7.74,7.80
1994-12-15,7.54,7.73,7.79
1994-12-16,7.59,7.76,7.81
1994-12-19,7.59,7.77,7.81
1994-12-20,7.56,7.76,7.81
1994-12-21,7.58,7.75,7.80
1994-12-22,7.70,7.83,7.84
1994-12-23,7.74,7.86,7.85
1994-12-27,7.67,7.78,7.76
1994-12-28,7.71,7.81,7.80
1994-12-29,7.69,7.83,7.82
1994-12-30,7.69,7.83,7.84
1995-01-03,7.73,7.88,7.88
1995-01-04,7.62,7.81,7.82
1995-01-05,7.66,7.87,7.88
1995-01-06,7.64,7.87,7.87
1995-01-09,7.68,7.90,7.89
1995-01-10,7.63,7.85,7.84
1995-01-11,7.58,7.80,7.79
1995-01-12,7.56,7.80,7.80
1995-01-13,7.39,7.64,7.69
1995-01-17,7.44,7.68,7.70
1995-01-18,7.48,7.71,7.71
1995-01-19,7.49,7.74,7.74
1995-01-20,7.50,7.80,7.82
1995-01-23,7.50,7.80,7.83
1995-01-24,7.57,7.82,7.86
1995-01-25,7.50,7.76,7.80
1995-01-26,7.39,7.70,7.76
1995-01-27,7.29,7.60,7.66
1995-01-30,7.23,7.55,7.65
1995-01-31,7.26,7.54,7.60
1995-02-01,7.33,7.56,7.66
1995-02-02,7.40,7.63,7.68
1995-02-03,7.14,7.40,7.49
1995-02-06,7.18,7.43,7.53
1995-02-07,7.19,7.44,7.52
1995-02-08,7.18,7.43,7.53
1995-02-09,7.23,7.50,7.58
1995-02-10,7.33,7.55,7.62
1995-02-13,7.32,7.54,7.61
1995-02-14,7.21,7.45,7.51
1995-02-15,7.12,7.37,7.45
1995-02-16,7.02,7.29,7.40
1995-02-17,7.07,7.33,7.43
1995-02-21,7.09,7.35,7.44
1995-02-22,6.92,7.20,7.34
1995-02-23,6.92,7.20,7.34
1995-02-24,6.89,7.16,7.33
1995-02-27,6.79,7.06,7.24
1995-02-28,6.79,7.06,7.22
1995-03-01,6.81,7.06,7.23
1995-03-02,6.88,7.15,7.30
1995-03-03,6.89,7.19,7.36
1995-03-06,6.96,7.24,7.41
1995-03-07,7.00,7.28,7.44
1995-03-08,6.93,7.20,7.36
1995-03-09,6.83,7.11,7.30
1995-03-10,6.83,7.07,7.23
1995-03-13,6.76,7.01,7.19
1995-03-14,6.69,6.93,7.09
1995-03-15,6.71,6.93,7.09
1995-03-16,6.68,6.89,7.05
1995-03-17,6.69,6.97,7.12
1995-03-20,6.69,6.98,7.12
1995-03-21,6.71,7.01,7.16
1995-03-22,6.75,7.05,7.21
1995-03-23,6.75,7.06,7.21
1995-03-24,6.64,6.93,7.09
1995-03-27,6.62,6.90,7.05
1995-03-28,6.73,7.02,7.16
1995-03-29,6.73,6.98,7.16
1995-03-30,6.76,7.05,7.18
1995-03-31,6.80,7.08,7.20
1995-04-03,6.75,7.00,7.14
1995-04-04,6.71,6.96,7.12
1995-04-05,6.70,6.97,7.12
1995-04-06,6.66,6.92,7.09
1995-04-07,6.65,6.93,7.11
1995-04-10,6.66,6.94,7.12
1995-04-11,6.65,6.92,7.09
1995-04-12,6.61,6.89,7.06
1995-04-13,6.51,6.82,7.03
1995-04-17,6.48,6.80,7.04
1995-04-18,6.44,6.77,7.04
1995-04-19,6.51,6.82,7.06
1995-04-20,6.43,6.76,7.02
1995-04-21,6.44,6.77,7.01
1995-04-24,6.46,6.77,7.01
1995-04-25,6.48,6.79,7.01
1995-04-26,6.50,6.79,7.01
1995-04-27,6.55,6.84,7.04
1995-04-28,6.60,6.88,7.07
1995-05-01,6.62,6.90,7.09
1995-05-02,6.55,6.83,7.04
1995-05-03,6.47,6.73,6.96
1995-05-04,6.35,6.63,6.85
1995-05-05,6.16,6.42,6.69
1995-05-08,6.18,6.44,6.70
1995-05-09,6.08,6.33,6.61
1995-05-10,6.11,6.39,6.66
1995-05-11,6.20,6.45,6.68
1995-05-12,6.20,6.46,6.67
1995-05-15,6.16,6.41,6.62
1995-05-16,6.11,6.36,6.57
1995-05-17,6.11,6.35,6.53
1995-05-18,6.18,6.44,6.61
1995-05-19,6.19,6.43,6.61
1995-05-22,6.19,6.46,6.63
1995-05-23,6.15,6.37,6.57
1995-05-24,6.01,6.20,6.44
1995-05-25,5.99,6.18,6.39
1995-05-26,5.97,6.18,6.40
1995-05-30,5.89,6.08,6.30
1995-05-31,5.89,6.08,6.30
1995-06-01,5.71,5.94,6.20
1995-06-02,5.54,5.80,6.10
1995-06-05,5.54,5.79,6.08
1995-06-06,5.57,5.83,6.08
1995-06-07,5.74,5.95,6.20
1995-06-08,5.82,6.02,6.22
1995-06-09,6.01,6.21,6.40
1995-06-12,5.96,6.16,6.37
1995-06-13,5.63,5.88,6.14
1995-06-14,5.67,5.88,6.15
1995-06-15,5.73,5.93,6.18
1995-06-16,5.77,5.96,6.21
1995-06-19,5.65,5.87,6.13
1995-06-20,5.72,5.92,6.16
1995-06-21,5.68,5.89,6.13
1995-06-22,5.61,5.80,6.04
1995-06-23,5.64,5.83,6.06
1995-06-26,5.71,5.90,6.11
1995-06-27,5.70,5.94,6.15
1995-06-28,5.67,5.88,6.10
1995-06-29,5.89,6.07,6.28
1995-06-30,5.79,5.98,6.21
1995-07-03,5.79,5.97,6.21
1995-07-05,5.78,5.95,6.19
1995-07-06,5.56,5.75,6.05
1995-07-07,5.54,5.74,6.04
1995-07-10,5.56,5.74,6.04
1995-07-11,5.59,5.80,6.09
1995-07-12,5.59,5.80,6.10
1995-07-13,5.61,5.80,6.09
1995-07-14,5.70,5.89,6.15
1995-07-17,5.77,5.97,6.22
1995-07-18,5.77,6.01,6.25
1995-07-19,5.89,6.15,6.43
1995-07-20,5.91,6.15,6.43
1995-07-21,5.95,6.26,6.53
1995-07-24,5.97,6.20,6.46
1995-07-25,5.94,6.19,6.43
1995-07-26,5.97,6.24,6.48
1995-07-27,5.91,6.18,6.43
1995-07-28,5.92,6.22,6.49
1995-07-31,5.88,6.16,6.45
1995-08-01,5.94,6.22,6.50
1995-08-02,5.86,6.15,6.44
1995-08-03,5.94,6.24,6.53
1995-08-04,5.91,6.20,6.50
1995-08-07,5.90,6.18,6.48
1995-08-08,5.90,6.17,6.47
1995-08-09,5.93,6.21,6.47
1995-08-10,5.95,6.25,6.51
1995-08-11,6.05,6.37,6.59
1995-08-14,6.05,6.36,6.59
1995-08-15,6.11,6.37,6.57
1995-08-16,6.07,6.32,6.54
1995-08-17,6.12,6.37,6.57
1995-08-18,6.13,6.36,6.57
1995-08-21,6.08,6.31,6.54
1995-08-22,6.10,6.35,6.57
1995-08-23,6.11,6.37,6.60
1995-08-24,6.00,6.26,6.50
1995-08-25,5.90,6.13,6.38
1995-08-28,5.85,6.10,6.34
1995-08-29,5.93,6.15,6.36
1995-08-30,5.88,6.10,6.33
1995-08-31,5.85,6.07,6.28
1995-09-01,5.78,6.00,6.22
1995-09-05,5.77,5.96,6.18
1995-09-06,5.76,5.95,6.17
1995-09-07,5.80,6.00,6.21
1995-09-08,5.85,6.04,6.24
1995-09-11,5.83,6.05,6.24
1995-09-12,5.77,5.96,6.16
1995-09-13,5.80,5.99,6.18
1995-09-14,5.68,5.87,6.08
1995-09-15,5.71,5.91,6.11
1995-09-18,5.77,5.97,6.17
1995-09-19,5.75,5.94,6.14
1995-09-20,5.73,5.92,6.10
1995-09-21,5.83,6.03,6.21
1995-09-22,5.85,6.06,6.25
1995-09-25,5.89,6.08,6.26
1995-09-26,5.88,6.11,6.28
1995-09-27,5.92,6.08,6.30
1995-09-28,5.92,6.10,6.28
1995-09-29,5.83,6.01,6.17
1995-10-02,5.82,5.98,6.15
1995-10-03,5.80,5.96,6.13
1995-10-04,5.75,5.91,6.12
1995-10-05,5.72,5.88,6.06
1995-10-06,5.73,5.89,6.06
1995-10-10,5.74,5.91,6.07
1995-10-11,5.75,5.91,6.09
1995-10-12,5.72,5.88,6.07
1995-10-13,5.67,5.80,5.97
1995-10-16,5.67,5.80,5.97
1995-10-17,5.65,5.80,5.97
1995-10-18,5.67,5.83,5.99
1995-10-19,5.67,5.83,5.98
1995-10-20,5.72,5.90,6.04
1995-10-23,5.76,5.92,6.07
1995-10-24,5.68,5.85,6.02
1995-10-25,5.64,5.80,6.00
1995-10-26,5.61,5.81,6.06
1995-10-27,5.64,5.83,6.05
1995-10-30,5.62,5.82,6.04
1995-10-31,5.61,5.81,6.03
1995-11-01,5.52,5.74,5.98
1995-11-02,5.46,5.68,5.92
1995-11-03,5.49,5.70,5.94
1995-11-06,5.51,5.73,5.96
1995-11-07,5.54,5.77,5.99
1995-11-08,5.47,5.69,5.92
1995-11-09,5.49,5.72,5.97
1995-11-10,5.52,5.76,6.00
1995-11-13,5.49,5.72,5.98
1995-11-14,5.47,5.71,5.97
1995-11-15,5.53,5.77,6.00
1995-11-16,5.46,5.68,5.93
1995-11-17,5.46,5.66,5.92
1995-11-20,5.46,5.66,5.93
1995-11-21,5.49,5.70,5.92
1995-11-22,5.51,5.72,5.93
1995-11-24,5.49,5.70,5.91
1995-11-27,5.46,5.67,5.88
1995-11-28,5.45,5.67,5.88
1995-11-29,5.42,5.60,5.85
1995-11-30,5.36,5.53,5.76
1995-12-01,5.32,5.49,5.71
1995-12-04,5.27,5.43,5.63
1995-12-05,5.29,5.45,5.65
1995-12-06,5.32,5.49,5.67
1995-12-07,5.39,5.54,5.72
1995-12-08,5.39,5.56,5.73
1995-12-11,5.38,5.53,5.71
1995-12-12,5.39,5.55,5.72
1995-12-13,5.39,5.56,5.74
1995-12-14,5.38,5.55,5.74
1995-12-15,5.36,5.55,5.75
1995-12-18,5.43,5.66,5.85
1995-12-19,5.36,5.58,5.81
1995-12-20,5.33,5.55,5.76
1995-12-21,5.33,5.53,5.77
1995-12-22,5.28,5.50,5.71
1995-12-26,5.27,5.48,5.69
1995-12-27,5.23,5.46,5.66
1995-12-28,5.20,5.43,5.63
1995-12-29,5.18,5.38,5.58
1996-01-02,5.18,5.39,5.60
1996-01-03,5.17,5.36,5.58
1996-01-04,5.17,5.39,5.65
1996-01-05,5.20,5.42,5.69
1996-01-08,5.20,5.41,5.68
1996-01-09,5.18,5.41,5.70
1996-01-10,5.22,5.50,5.80
1996-01-11,5.22,5.47,5.78
1996-01-12,5.17,5.40,5.75
1996-01-16,5.08,5.37,5.66
1996-01-17,5.05,5.29,5.58
1996-01-18,5.01,5.25,5.53
1996-01-19,5.03,5.27,5.54
1996-01-22,5.08,5.34,5.61
1996-01-23,5.09,5.37,5.66
1996-01-24,5.07,5.30,5.62
1996-01-25,5.11,5.41,5.70
1996-01-26,5.08,5.34,5.65
1996-01-29,5.10,5.37,5.69
1996-01-30,5.02,5.30,5.63
1996-01-31,4.93,5.25,5.60
1996-02-01,4.93,5.24,5.63
1996-02-02,4.90,5.24,5.66
1996-02-05,4.95,5.30,5.70
1996-02-06,4.93,5.28,5.68
1996-02-07,4.92,5.27,5.66
1996-02-08,4.90,5.27,5.66
1996-02-09,4.85,5.25,5.66
1996-02-12,4.83,5.17,5.61
1996-02-13,4.80,5.14,5.58
1996-02-14,4.82,5.17,5.62
1996-02-15,4.87,5.23,5.70
1996-02-16,4.90,5.29,5.76
1996-02-20,5.18,5.53,6.01
1996-02-21,5.16,5.56,5.98
1996-02-22,5.11,5.47,5.92
1996-02-23,5.13,5.53,5.97
1996-02-26,5.18,5.56,6.01
1996-02-27,5.28,5.63,6.06
1996-02-28,5.43,5.73,6.11
1996-02-29,5.44,5.73,6.13
1996-03-01,5.26,5.60,5.99
1996-03-04,5.21,5.52,5.92
1996-03-05,5.28,5.60,5.96
1996-03-06,5.36,5.68,6.05
1996-03-07,5.40,5.71,6.07
1996-03-08,5.73,6.05,6.41
1996-03-11,5.71,6.00,6.33
1996-03-12,5.78,6.04,6.36
1996-03-13,5.73,6.03,6.35
1996-03-14,5.70,6.03,6.36
1996-03-15,5.87,6.19,6.46
1996-03-18,5.89,6.16,6.43
1996-03-19,5.85,6.15,6.41
1996-03-20,5.76,6.05,6.34
1996-03-21,5.72,6.01,6.28
1996-03-22,5.74,6.05,6.32
1996-03-25,5.69,6.00,6.26
1996-03-26,5.72,6.00,6.25
1996-03-27,5.81,6.12,6.34
1996-03-28,5.88,6.20,6.41
1996-03-29,5.79,6.10,6.34
1996-04-01,5.79,6.09,6.31
1996-04-02,5.74,6.02,6.25
1996-04-03,5.77,6.06,6.27
1996-04-04,5.83,6.12,6.33
1996-04-05,6.09,6.40,6.57
1996-04-08,6.11,6.46,6.63
1996-04-09,6.06,6.37,6.56
1996-04-10,6.10,6.44,6.63
1996-04-11,6.12,6.50,6.68
1996-04-12,5.96,6.31,6.52
1996-04-15,5.93,6.27,6.47
1996-04-16,5.91,6.28,6.48
1996-04-17,5.96,6.33,6.52
1996-04-18,6.02,6.39,6.58
1996-04-19,5.95,6.32,6.53
1996-04-22,5.92,6.28,6.48
1996-04-23,5.93,6.31,6.52
1996-04-24,5.95,6.34,6.57
1996-04-25,5.99,6.31,6.56
1996-04-26,5.92,6.29,6.54
1996-04-29,5.98,6.33,6.59
1996-04-30,6.03,6.40,6.66
1996-05-01,6.03,6.39,6.68
1996-05-02,6.16,6.56,6.85
1996-05-03,6.20,6.61,6.90
1996-05-06,6.15,6.57,6.86
1996-05-07,6.20,6.60,6.87
1996-05-08,6.15,6.56,6.78
1996-05-09,6.14,6.57,6.84
1996-05-10,6.04,6.45,6.75
1996-05-13,6.06,6.45,6.72
1996-05-14,6.01,6.40,6.66
1996-05-15,6.01,6.39,6.65
1996-05-16,6.08,6.45,6.70
1996-05-17,6.04,6.41,6.65
1996-05-20,6.02,6.38,6.62
1996-05-21,6.03,6.41,6.65
1996-05-22,6.03,6.38,6.63
1996-05-23,6.05,6.44,6.68
1996-05-24,6.03,6.42,6.65
1996-05-28,6.05,6.44,6.67
1996-05-29,6.16,6.56,6.77
1996-05-30,6.18,6.55,6.78
1996-05-31,6.27,6.64,6.85
1996-06-03,6.26,6.64,6.87
1996-06-04,6.24,6.62,6.86
1996-06-05,6.24,6.60,6.82
1996-06-06,6.16,6.52,6.76
1996-06-07,6.40,6.75,6.93
1996-06-10,6.40,6.77,6.97
1996-06-11,6.37,6.77,6.99
1996-06-12,6.39,6.81,7.03
1996-06-13,6.36,6.80,7.01
1996-06-14,6.29,6.72,6.95
1996-06-17,6.27,6.68,6.90
1996-06-18,6.28,6.71,6.93
1996-06-19,6.31,6.74,6.96
1996-06-20,6.38,6.77,6.98
1996-06-21,6.35,6.74,6.96
1996-06-24,6.32,6.72,6.94
1996-06-25,6.30,6.70,6.91
1996-06-26,6.30,6.67,6.91
1996-06-27,6.21,6.59,6.83
1996-06-28,6.11,6.47,6.73
1996-07-01,6.15,6.49,6.74
1996-07-02,6.22,6.56,6.80
1996-07-03,6.20,6.53,6.78
1996-07-05,6.44,6.82,7.06
1996-07-08,6.43,6.81,7.05
1996-07-09,6.41,6.78,7.00
1996-07-10,6.34,6.71,6.95
1996-07-11,6.28,6.67,6.90
1996-07-12,6.26,6.65,6.85
1996-07-15,6.32,6.67,6.89
1996-07-16,6.23,6.61,6.84
1996-07-17,6.23,6.61,6.83
1996-07-18,6.16,6.50,6.72
1996-07-19,6.18,6.55,6.78
1996-07-22,6.23,6.62,6.84
1996-07-23,6.23,6.60,6.80
1996-07-24,6.26,6.63,6.87
1996-07-25,6.28,6.65,6.87
1996-07-26,6.25,6.62,6.85
1996-07-29,6.32,6.69,6.93
1996-07-30,6.30,6.65,6.89
1996-07-31,6.22,6.57,6.80
1996-08-01,6.08,6.41,6.65
1996-08-02,5.91,6.26,6.51
1996-08-05,5.93,6.28,6.53
1996-08-06,5.93,6.29,6.54
1996-08-07,5.97,6.30,6.55
1996-08-08,5.97,6.29,6.56
1996-08-09,5.93,6.25,6.50
1996-08-12,5.92,6.24,6.49
1996-08-13,5.97,6.32,6.57
1996-08-14,5.97,6.33,6.58
1996-08-15,6.00,6.37,6.62
1996-08-16,5.95,6.31,6.56
1996-08-19,5.97,6.34,6.59
1996-08-20,5.97,6.34,6.59
1996-08-21,5.99,6.35,6.61
1996-08-22,6.00,6.38,6.62
1996-08-23,6.09,6.48,6.72
1996-08-26,6.18,6.57,6.80
1996-08-27,6.17,6.55,6.78
1996-08-28,6.17,6.56,6.79
1996-08-29,6.23,6.61,6.86
1996-08-30,6.34,6.73,6.96
1996-09-03,6.35,6.71,6.92
1996-09-04,6.38,6.74,6.94
1996-09-05,6.38,6.76,6.98
1996-09-06,6.33,6.72,6.94
1996-09-09,6.32,6.67,6.90
1996-09-10,6.34,6.70,6.94
1996-09-11,6.34,6.70,6.94
1996-09-12,6.27,6.64,6.88
1996-09-13,6.10,6.48,6.74
1996-09-16,6.14,6.49,6.73
1996-09-17,6.22,6.57,6.81
1996-09-18,6.26,6.61,6.83
1996-09-19,6.29,6.65,6.87
1996-09-20,6.26,6.62,6.85
1996-09-23,6.24,6.60,6.83
1996-09-24,6.16,6.52,6.77
1996-09-25,6.08,6.46,6.71
1996-09-26,6.05,6.41,6.66
1996-09-27,6.07,6.43,6.68
1996-09-30,6.10,6.46,6.72
1996-10-01,6.03,6.39,6.65
1996-10-02,5.98,6.35,6.61
1996-10-03,6.00,6.35,6.61
1996-10-04,5.85,6.20,6.48
1996-10-07,5.89,6.25,6.53
1996-10-08,5.90,6.26,6.53
1996-10-09,5.96,6.31,6.55
1996-10-10,6.01,6.37,6.61
1996-10-11,5.92,6.29,6.55
1996-10-15,5.93,6.30,6.56
1996-10-16,5.94,6.31,6.57
1996-10-17,5.89,6.25,6.51
1996-10-18,5.89,6.25,6.50
1996-10-21,5.91,6.27,6.52
1996-10-22,5.95,6.31,6.56
1996-10-23,5.94,6.31,6.56
1996-10-24,5.94,6.29,6.57
1996-10-25,5.90,6.26,6.54
1996-10-28,5.92,6.29,6.56
1996-10-29,5.77,6.12,6.40
1996-10-30,5.79,6.12,6.40
1996-10-31,5.77,6.10,6.37
1996-11-01,5.79,6.11,6.38
1996-11-04,5.78,6.10,6.36
1996-11-05,5.74,6.03,6.28
1996-11-06,5.76,6.05,6.30
1996-11-07,5.75,6.01,6.26
1996-11-08,5.76,6.04,6.29
1996-11-12,5.73,5.98,6.19
1996-11-13,5.71,5.99,6.20
1996-11-14,5.66,5.93,6.15
1996-11-15,5.68,5.96,6.19
1996-11-18,5.70,5.97,6.20
1996-11-19,5.68,5.94,6.17
1996-11-20,5.65,5.92,6.14
1996-11-21,5.67,5.94,6.15
1996-11-22,5.69,5.94,6.15
1996-11-25,5.67,5.92,6.13
1996-11-26,5.66,5.91,6.13
1996-11-27,5.66,5.91,6.14
1996-11-29,5.59,5.84,6.06
1996-12-02,5.61,5.85,6.08
1996-12-03,5.61,5.84,6.06
1996-12-04,5.64,5.89,6.11
1996-12-05,5.71,5.99,6.22
1996-12-06,5.73,6.02,6.26
1996-12-09,5.70,5.97,6.21
1996-12-10,5.71,5.99,6.23
1996-12-11,5.82,6.14,6.38
1996-12-12,5.84,6.14,6.40
1996-12-13,5.77,6.06,6.33
1996-12-16,5.82,6.13,6.39
1996-12-17,5.87,6.17,6.42
1996-12-18,5.89,6.21,6.46
1996-12-19,5.83,6.13,6.36
1996-12-20,5.83,6.12,6.35
1996-12-23,5.85,6.12,6.34
1996-12-24,5.85,6.13,6.36
1996-12-26,5.85,6.13,6.35
1996-12-27,5.81,6.09,6.30
1996-12-30,5.80,6.10,6.31
1996-12-31,5.88,6.21,6.43
1997-01-02,5.97,6.30,6.54
1997-01-03,5.95,6.28,6.52
1997-01-06,5.97,6.30,6.54
1997-01-07,5.98,6.32,6.57
1997-01-08,6.01,6.34,6.60
1997-01-09,5.94,6.27,6.52
1997-01-10,6.06,6.40,6.63
1997-01-13,6.07,6.40,6.63
1997-01-14,5.98,6.30,6.53
1997-01-15,5.98,6.30,6.53
1997-01-16,6.00,6.33,6.57
1997-01-17,6.00,6.32,6.56
1997-01-21,5.99,6.29,6.52
1997-01-22,6.00,6.32,6.56
1997-01-23,6.06,6.35,6.60
1997-01-24,6.07,6.39,6.64
1997-01-27,6.11,6.42,6.69
1997-01-28,6.04,6.38,6.64
1997-01-29,6.04,6.38,6.63
1997-01-30,6.01,6.35,6.61
1997-01-31,5.94,6.26,6.53
1997-02-03,5.89,6.21,6.47
1997-02-04,5.88,6.19,6.45
1997-02-05,5.91,6.21,6.47
1997-02-06,5.91,6.22,6.49
1997-02-07,5.86,6.17,6.43
1997-02-10,5.87,6.16,6.43
1997-02-11,5.88,6.18,6.43
1997-02-12,5.90,6.19,6.39
1997-02-13,5.83,6.12,6.32
1997-02-14,5.79,6.07,6.28
1997-02-18,5.80,6.08,6.28
1997-02-19,5.82,6.10,6.30
1997-02-20,5.85,6.17,6.38
1997-02-21,5.85,6.16,6.36
1997-02-24,5.89,6.19,6.39
1997-02-25,5.90,6.20,6.40
1997-02-26,6.06,6.37,6.56
1997-02-27,6.09,6.40,6.58
1997-02-28,6.09,6.39,6.56
1997-03-03,6.11,6.41,6.58
1997-03-04,6.11,6.44,6.60
1997-03-05,6.13,6.43,6.60
1997-03-06,6.15,6.45,6.62
1997-03-07,6.10,6.39,6.57
1997-03-10,6.10,6.40,6.56
1997-03-11,6.09,6.40,6.57
1997-03-12,6.12,6.43,6.60
1997-03-13,6.21,6.55,6.72
1997-03-14,6.18,6.53,6.71
1997-03-17,6.22,6.55,6.72
1997-03-18,6.22,6.56,6.72
1997-03-19,6.24,6.58,6.74
1997-03-20,6.27,6.61,6.75
1997-03-21,6.29,6.61,6.74
1997-03-24,6.29,6.58,6.72
1997-03-25,6.33,6.63,6.75
1997-03-26,6.38,6.66,6.80
1997-03-27,6.45,6.76,6.90
1997-03-31,6.45,6.77,6.92
1997-04-01,6.42,6.74,6.90
1997-04-02,6.42,6.73,6.88
1997-04-03,6.40,6.72,6.86
1997-04-04,6.44,6.78,6.92
1997-04-07,6.41,6.73,6.87
1997-04-08,6.44,6.76,6.91
1997-04-09,6.44,6.77,6.91
1997-04-10,6.46,6.78,6.91
1997-04-11,6.53,6.85,6.98
1997-04-14,6.54,6.86,6.98
1997-04-15,6.45,6.76,6.88
1997-04-16,6.49,6.79,6.90
1997-04-17,6.44,6.75,6.86
1997-04-18,6.42,6.73,6.84
1997-04-21,6.46,6.76,6.87
1997-04-22,6.43,6.73,6.84
1997-04-23,6.47,6.78,6.89
1997-04-24,6.52,6.83,6.93
1997-04-25,6.54,6.83,6.94
1997-04-28,6.51,6.81,6.92
1997-04-29,6.34,6.64,6.77
1997-04-30,6.29,6.57,6.72
1997-05-01,6.27,6.55,6.69
1997-05-02,6.26,6.54,6.68
1997-05-05,6.28,6.54,6.67
1997-05-06,6.29,6.56,6.67
1997-05-07,6.36,6.63,6.76
1997-05-08,6.33,6.59,6.72
1997-05-09,6.24,6.51,6.67
1997-05-12,6.23,6.50,6.65
1997-05-13,6.30,6.60,6.71
1997-05-14,6.26,6.54,6.68
1997-05-15,6.25,6.52,6.67
1997-05-16,6.28,6.55,6.70
1997-05-19,6.28,6.57,6.71
1997-05-20,6.25,6.54,6.70
1997-05-21,6.25,6.57,6.74
1997-05-22,6.27,6.61,6.76
1997-05-23,6.25,6.59,6.74
1997-05-27,6.30,6.64,6.79
1997-05-28,6.34,6.65,6.80
1997-05-29,6.30,6.61,6.75
1997-05-30,6.22,6.51,6.67
1997-06-02,6.23,6.52,6.66
1997-06-03,6.20,6.49,6.63
1997-06-04,6.20,6.49,6.62
1997-06-05,6.20,6.49,6.62
1997-06-06,6.12,6.39,6.51
1997-06-09,6.15,6.44,6.55
1997-06-10,6.17,6.46,6.57
1997-06-11,6.19,6.45,6.56
1997-06-12,6.07,6.35,6.48
1997-06-13,6.03,6.30,6.43
1997-06-16,6.02,6.28,6.40
1997-06-17,6.05,6.31,6.43
1997-06-18,6.02,6.29,6.40
1997-06-19,6.04,6.29,6.40
1997-06-20,6.02,6.27,6.37
1997-06-23,6.04,6.30,6.40
1997-06-24,6.03,6.31,6.42
1997-06-25,6.05,6.34,6.45
1997-06-26,6.05,6.36,6.50
1997-06-27,6.03,6.35,6.46
1997-06-30,6.08,6.40,6.51
1997-07-01,6.02,6.33,6.45
1997-07-02,6.02,6.30,6.42
1997-07-03,5.93,6.20,6.31
1997-07-07,5.92,6.17,6.27
1997-07-08,5.92,6.17,6.27
1997-07-09,5.90,6.15,6.25
1997-07-10,5.91,6.15,6.26
1997-07-11,5.89,6.13,6.23
1997-07-14,5.94,6.16,6.26
1997-07-15,5.92,6.16,6.26
1997-07-16,5.87,6.11,6.20
1997-07-17,5.87,6.11,6.19
1997-07-18,5.91,6.16,6.24
1997-07-21,5.94,6.18,6.27
1997-07-22,5.90,6.07,6.15
1997-07-23,5.85,6.06,6.14
1997-07-24,5.87,6.06,6.16
1997-07-25,5.87,6.08,6.18
1997-07-28,5.86,6.06,6.16
1997-07-29,5.79,6.00,6.11
1997-07-30,5.76,5.95,6.05
1997-07-31,5.74,5.90,6.02
1997-08-01,5.89,6.08,6.20
1997-08-04,5.91,6.12,6.23
1997-08-05,5.93,6.13,6.23
1997-08-06,5.91,6.11,6.21
1997-08-07,5.93,6.14,6.24
1997-08-08,6.02,6.23,6.38
1997-08-11,5.99,6.20,6.36
1997-08-12,6.00,6.22,6.39
1997-08-13,5.95,6.19,6.36
1997-08-14,5.92,6.13,6.27
1997-08-15,5.87,6.10,6.27
1997-08-18,5.82,6.06,6.21
1997-08-19,5.85,6.07,6.21
1997-08-20,5.88,6.10,6.24
1997-08-21,5.95,6.15,6.30
1997-08-22,5.98,6.21,6.38
1997-08-25,6.01,6.25,6.39
1997-08-26,5.99,6.24,6.38
1997-08-27,6.01,6.23,6.38
1997-08-28,5.94,6.18,6.30
1997-08-29,5.97,6.22,6.34
1997-09-02,5.94,6.20,6.31
1997-09-03,5.96,6.21,6.33
1997-09-04,5.98,6.22,6.33
1997-09-05,5.98,6.24,6.37
1997-09-08,5.98,6.23,6.33
1997-09-09,5.98,6.24,6.34
1997-09-10,6.00,6.26,6.37
1997-09-11,6.00,6.27,6.39
1997-09-12,5.93,6.17,6.29
1997-09-15,5.93,6.17,6.28
1997-09-16,5.81,6.00,6.11
1997-09-17,5.79,5.99,6.10
1997-09-18,5.81,6.02,6.11
1997-09-19,5.81,6.01,6.09
1997-09-22,5.79,5.99,6.06
1997-09-23,5.80,6.02,6.10
1997-09-24,5.78,5.97,6.04
1997-09-25,5.85,6.04,6.13
1997-09-26,5.80,5.99,6.08
1997-09-29,5.80,5.99,6.10
1997-09-30,5.80,6.00,6.12
1997-10-01,5.75,5.93,6.04
1997-10-02,5.73,5.91,6.01
1997-10-03,5.72,5.89,6.01
1997-10-06,5.68,5.85,5.96
1997-10-07,5.67,5.82,5.94
1997-10-08,5.79,5.96,6.08
1997-10-09,5.80,5.98,6.09
1997-10-10,5.86,6.03,6.15
1997-10-14,5.81,5.97,6.07
1997-10-15,5.84,6.00,6.10
1997-10-16,5.84,6.00,6.09
1997-10-17,5.91,6.08,6.17
1997-10-20,5.90,6.07,6.15
1997-10-21,5.92,6.07,6.14
1997-10-22,5.91,6.06,6.12
1997-10-23,5.79,5.95,6.04
1997-10-24,5.79,5.94,6.01
1997-10-27,5.62,5.79,5.91
1997-10-28,5.74,5.89,5.98
1997-10-29,5.67,5.78,5.91
1997-10-30,5.61,5.73,5.84
1997-10-31,5.63,5.72,5.84
1997-11-03,5.69,5.79,5.91
1997-11-04,5.73,5.83,5.95
1997-11-05,5.73,5.84,5.95
1997-11-06,5.70,5.79,5.90
1997-11-07,5.71,5.81,5.90
1997-11-10,5.73,5.82,5.91
1997-11-12,5.70,5.81,5.89
1997-11-13,5.70,5.79,5.87
1997-11-14,5.70,5.80,5.86
1997-11-17,5.70,5.79,5.85
1997-11-18,5.71,5.80,5.85
1997-11-19,5.70,5.77,5.82
1997-11-20,5.73,5.80,5.84
1997-11-21,5.68,5.77,5.82
1997-11-24,5.71,5.81,5.86
1997-11-25,5.71,5.80,5.85
1997-11-26,5.74,5.82,5.86
1997-11-28,5.76,5.83,5.86
1997-12-01,5.78,5.83,5.86
1997-12-02,5.78,5.83,5.86
1997-12-03,5.74,5.80,5.83
1997-12-04,5.71,5.78,5.84
1997-12-05,5.80,5.87,5.92
1997-12-08,5.85,5.92,5.96
1997-12-09,5.81,5.90,5.95
1997-12-10,5.75,5.85,5.90
1997-12-11,5.68,5.77,5.82
1997-12-12,5.63,5.71,5.74
1997-12-15,5.68,5.74,5.78
1997-12-16,5.68,5.74,5.77
1997-12-17,5.70,5.77,5.81
1997-12-18,5.68,5.74,5.76
1997-12-19,5.66,5.70,5.72
1997-12-22,5.69,5.71,5.72
1997-12-23,5.69,5.71,5.73
1997-12-24,5.67,5.72,5.76
1997-12-26,5.69,5.72,5.75
1997-12-29,5.69,5.73,5.76
1997-12-30,5.71,5.76,5.80
1997-12-31,5.66,5.71,5.75
1998-01-02,5.59,5.63,5.67
1998-01-05,5.47,5.46,5.52
1998-01-06,5.39,5.41,5.49
1998-01-07,5.42,5.45,5.55
1998-01-08,5.31,5.34,5.49
1998-01-09,5.17,5.22,5.40
1998-01-12,5.20,5.24,5.39
1998-01-13,5.25,5.28,5.41
1998-01-14,5.29,5.33,5.45
1998-01-15,5.29,5.34,5.48
1998-01-16,5.35,5.42,5.54
1998-01-20,5.37,5.45,5.57
1998-01-21,5.33,5.41,5.54
1998-01-22,5.30,5.39,5.56
1998-01-23,5.42,5.53,5.70
1998-01-26,5.39,5.49,5.63
1998-01-27,5.46,5.57,5.70
1998-01-28,5.46,5.54,5.69
1998-01-29,5.36,5.43,5.58
1998-01-30,5.32,5.39,5.53
1998-02-02,5.36,5.43,5.57
1998-02-03,5.34,5.41,5.56
1998-02-04,5.32,5.41,5.57
1998-02-05,5.36,5.46,5.62
1998-02-06,5.38,5.48,5.62
1998-02-09,5.41,5.51,5.65
1998-02-10,5.41,5.49,5.64
1998-02-11,5.39,5.46,5.53
1998-02-12,5.39,5.46,5.52
1998-02-13,5.36,5.44,5.49
1998-02-17,5.34,5.41,5.44
1998-02-18,5.37,5.44,5.49
1998-02-19,5.39,5.47,5.51
1998-02-20,5.41,5.49,5.54
1998-02-23,5.46,5.53,5.58
1998-02-24,5.57,5.66,5.69
1998-02-25,5.55,5.60,5.63
1998-02-26,5.58,5.62,5.65
1998-02-27,5.55,5.59,5.62
1998-03-02,5.60,5.67,5.72
1998-03-03,5.64,5.72,5.77
1998-03-04,5.63,5.71,5.76
1998-03-05,5.62,5.71,5.78
1998-03-06,5.58,5.65,5.73
1998-03-09,5.57,5.61,5.67
1998-03-10,5.55,5.62,5.67
1998-03-11,5.53,5.57,5.63
1998-03-12,5.50,5.52,5.56
1998-03-13,5.50,5.54,5.58
1998-03-16,5.47,5.52,5.54
1998-03-17,5.50,5.53,5.56
1998-03-18,5.52,5.55,5.58
1998-03-19,5.52,5.56,5.58
1998-03-20,5.52,5.56,5.57
1998-03-23,5.52,5.56,5.57
1998-03-24,5.50,5.57,5.58
1998-03-25,5.58,5.62,5.64
1998-03-26,5.62,5.66,5.68
1998-03-27,5.63,5.67,5.68
1998-03-30,5.65,5.70,5.72
1998-03-31,5.60,5.64,5.67
1998-04-01,5.55,5.59,5.62
1998-04-02,5.52,5.54,5.56
1998-04-03,5.42,5.44,5.47
1998-04-06,5.45,5.49,5.51
1998-04-07,5.45,5.50,5.53
1998-04-08,5.49,5.54,5.58
1998-04-09,5.50,5.56,5.59
1998-04-13,5.59,5.64,5.66
1998-04-14,5.57,5.60,5.63
1998-04-15,5.55,5.59,5.60
1998-04-16,5.53,5.57,5.59
1998-04-17,5.54,5.57,5.59
1998-04-20,5.57,5.61,5.65
1998-04-21,5.60,5.66,5.68
1998-04-22,5.60,5.66,5.68
1998-04-23,5.61,5.66,5.69
1998-04-24,5.61,5.65,5.67
1998-04-27,5.71,5.77,5.80
1998-04-28,5.69,5.78,5.80
1998-04-29,5.71,5.78,5.81
1998-04-30,5.59,5.65,5.68
1998-05-01,5.59,5.63,5.67
1998-05-04,5.59,5.63,5.67
1998-05-05,5.61,5.66,5.70
1998-05-06,5.56,5.60,5.67
1998-05-07,5.56,5.60,5.67
1998-05-08,5.61,5.65,5.71
1998-05-11,5.66,5.72,5.79
1998-05-12,5.59,5.65,5.70
1998-05-13,5.59,5.63,5.64
1998-05-14,5.63,5.66,5.67
1998-05-15,5.63,5.67,5.68
1998-05-18,5.59,5.63,5.64
1998-05-19,5.59,5.63,5.65
1998-05-20,5.57,5.60,5.61
1998-05-21,5.63,5.66,5.65
1998-05-22,5.63,5.65,5.64
1998-05-26,5.61,5.60,5.59
1998-05-27,5.53,5.57,5.56
1998-05-28,5.57,5.56,5.58
1998-05-29,5.53,5.56,5.56
1998-06-01,5.52,5.53,5.53
1998-06-02,5.53,5.56,5.56
1998-06-03,5.55,5.57,5.57
1998-06-04,5.58,5.60,5.59
1998-06-05,5.58,5.60,5.58
1998-06-08,5.58,5.60,5.58
1998-06-09,5.60,5.61,5.59
1998-06-10,5.55,5.55,5.51
1998-06-11,5.45,5.46,5.44
1998-06-12,5.43,5.43,5.43
1998-06-15,5.43,5.42,5.38
1998-06-16,5.50,5.49,5.45
1998-06-17,5.55,5.57,5.54
1998-06-18,5.53,5.55,5.50
1998-06-19,5.52,5.52,5.47
1998-06-22,5.52,5.52,5.46
1998-06-23,5.49,5.51,5.45
1998-06-24,5.49,5.48,5.46
1998-06-25,5.53,5.50,5.46
1998-06-26,5.51,5.49,5.46
1998-06-29,5.51,5.50,5.47
1998-06-30,5.49,5.47,5.44
1998-07-01,5.46,5.43,5.44
1998-07-02,5.44,5.43,5.42
1998-07-06,5.43,5.40,5.39
1998-07-07,5.44,5.43,5.42
1998-07-08,5.44,5.43,5.43
1998-07-09,5.43,5.40,5.41
1998-07-10,5.41,5.40,5.42
1998-07-13,5.44,5.45,5.46
1998-07-14,5.46,5.47,5.49
1998-07-15,5.46,5.46,5.48
1998-07-16,5.46,5.48,5.50
1998-07-17,5.46,5.49,5.51
1998-07-20,5.46,5.47,5.48
1998-07-21,5.46,5.46,5.45
1998-07-22,5.48,5.47,5.46
1998-07-23,5.46,5.46,5.45
1998-07-24,5.48,5.48,5.45
1998-07-27,5.48,5.49,5.47
1998-07-28,5.46,5.49,5.50
1998-07-29,5.49,5.52,5.52
1998-07-30,5.49,5.52,5.50
1998-07-31,5.49,5.52,5.50
1998-08-03,5.46,5.46,5.46
1998-08-04,5.43,5.44,5.43
1998-08-05,5.39,5.43,5.43
1998-08-06,5.39,5.43,5.44
1998-08-07,5.34,5.39,5.40
1998-08-10,5.34,5.39,5.41
1998-08-11,5.31,5.33,5.37
1998-08-12,5.32,5.34,5.40
1998-08-13,5.37,5.38,5.44
1998-08-14,5.34,5.34,5.40
1998-08-17,5.34,5.33,5.40
1998-08-18,5.36,5.35,5.41
1998-08-19,5.34,5.35,5.42
1998-08-20,5.32,5.32,5.38
1998-08-21,5.25,5.24,5.32
1998-08-24,5.22,5.19,5.30
1998-08-25,5.18,5.13,5.25
1998-08-26,5.12,5.11,5.26
1998-08-27,4.98,4.97,5.12
1998-08-28,4.93,4.94,5.09
1998-08-31,4.91,4.91,5.05
1998-09-01,4.86,4.91,5.05
1998-09-02,4.96,4.96,5.10
1998-09-03,4.91,4.91,5.03
1998-09-04,4.91,4.90,5.02
1998-09-08,4.91,4.89,5.04
1998-09-09,4.79,4.79,4.95
1998-09-10,4.57,4.55,4.76
1998-09-11,4.68,4.65,4.85
1998-09-14,4.72,4.65,4.87
1998-09-15,4.73,4.68,4.90
1998-09-16,4.75,4.69,4.88
1998-09-17,4.70,4.60,4.80
1998-09-18,4.61,4.50,4.70
1998-09-21,4.63,4.51,4.69
1998-09-22,4.66,4.57,4.73
1998-09-23,4.52,4.48,4.69
1998-09-24,4.43,4.43,4.64
1998-09-25,4.43,4.40,4.60
1998-09-28,4.45,4.40,4.61
1998-09-29,4.47,4.40,4.59
1998-09-30,4.30,4.23,4.44
1998-10-01,4.17,4.10,4.33
1998-10-02,4.17,4.08,4.31
1998-10-05,4.04,3.95,4.16
1998-10-06,4.10,4.05,4.24
1998-10-07,4.12,4.13,4.34
1998-10-08,4.10,4.29,4.56
1998-10-09,4.19,4.46,4.77
1998-10-13,4.13,4.37,4.73
1998-10-14,4.08,4.23,4.58
1998-10-15,4.13,4.23,4.58
1998-10-16,3.86,4.04,4.44
1998-10-19,3.90,4.06,4.47
1998-10-20,3.98,4.14,4.57
1998-10-21,4.12,4.17,4.59
1998-10-22,4.16,4.19,4.62
1998-10-23,4.20,4.28,4.70
1998-10-26,4.23,4.32,4.73
1998-10-27,4.12,4.23,4.63
1998-10-28,4.01,4.18,4.60
1998-10-29,4.00,4.13,4.54
1998-10-30,4.12,4.24,4.64
1998-11-02,4.26,4.39,4.77
1998-11-03,4.25,4.33,4.78
1998-11-04,4.43,4.48,4.83
1998-11-05,4.47,4.48,4.82
1998-11-06,4.59,4.58,4.93
1998-11-09,4.57,4.55,4.88
1998-11-10,4.50,4.50,4.81
1998-11-12,4.47,4.47,4.77
1998-11-13,4.54,4.53,4.82
1998-11-16,4.56,4.55,4.85
1998-11-17,4.58,4.57,4.87
1998-11-18,4.63,4.58,4.85
1998-11-19,4.66,4.63,4.85
1998-11-20,4.66,4.60,4.82
1998-11-23,4.63,4.60,4.84
1998-11-24,4.64,4.63,4.85
1998-11-25,4.66,4.63,4.83
1998-11-27,4.62,4.60,4.81
1998-11-30,4.54,4.51,4.74
1998-12-01,4.44,4.43,4.67
1998-12-02,4.36,4.31,4.59
1998-12-03,4.36,4.31,4.58
1998-12-04,4.46,4.38,4.62
1998-12-07,4.54,4.47,4.69
1998-12-08,4.46,4.40,4.60
1998-12-09,4.42,4.37,4.56
1998-12-10,4.39,4.33,4.53
1998-12-11,4.46,4.39,4.61
1998-12-14,4.42,4.35,4.58
1998-12-15,4.47,4.39,4.62
1998-12-16,4.40,4.34,4.58
1998-12-17,4.42,4.34,4.58
1998-12-18,4.45,4.38,4.58
1998-12-21,4.56,4.45,4.64
1998-12-22,4.59,4.50,4.70
1998-12-23,4.73,4.65,4.81
1998-12-24,4.78,4.74,4.86
1998-12-28,4.73,4.66,4.78
1998-12-29,4.60,4.60,4.71
1998-12-30,4.56,4.55,4.65
1998-12-31,4.54,4.56,4.65
1999-01-04,4.58,4.57,4.69
1999-01-05,4.64,4.62,4.74
1999-01-06,4.62,4.61,4.73
1999-01-07,4.63,4.62,4.77
1999-01-08,4.71,4.72,4.86
1999-01-11,4.74,4.76,4.90
1999-01-12,4.68,4.68,4.82
1999-01-13,4.61,4.60,4.74
1999-01-14,4.47,4.48,4.63
1999-01-15,4.56,4.54,4.66
1999-01-19,4.62,4.60,4.71
1999-01-20,4.66,4.65,4.76
1999-01-21,4.63,4.60,4.70
1999-01-22,4.59,4.54,4.64
1999-01-25,4.59,4.55,4.67
1999-01-26,4.63,4.58,4.69
1999-01-27,4.57,4.57,4.68
1999-01-28,4.58,4.57,4.67
1999-01-29,4.58,4.55,4.66
1999-02-01,4.65,4.65,4.75
1999-02-02,4.70,4.70,4.79
1999-02-03,4.72,4.74,4.83
1999-02-04,4.77,4.82,4.89
1999-02-05,4.80,4.88,4.94
1999-02-08,4.80,4.86,4.94
1999-02-09,4.79,4.78,4.91
1999-02-10,4.77,4.79,4.90
1999-02-11,4.80,4.83,4.93
1999-02-12,4.91,4.96,5.06
1999-02-16,4.93,4.96,5.03
1999-02-17,4.89,4.91,4.98
1999-02-18,4.93,4.96,5.04
1999-02-19,4.95,4.99,5.07
1999-02-22,4.91,4.95,5.03
1999-02-23,5.00,5.04,5.10
1999-02-24,5.05,5.12,5.18
1999-02-25,5.15,5.23,5.32
1999-02-26,5.13,5.21,5.29
1999-03-01,5.20,5.32,5.40
1999-03-02,5.18,5.27,5.35
1999-03-03,5.19,5.29,5.39
1999-03-04,5.20,5.32,5.41
1999-03-05,5.14,5.24,5.34
1999-03-08,5.12,5.21,5.29
1999-03-09,5.02,5.11,5.18
1999-03-10,5.04,5.13,5.20
1999-03-11,5.05,5.13,5.21
1999-03-12,5.00,5.08,5.16
1999-03-15,4.99,5.07,5.15
1999-03-16,4.97,5.03,5.11
1999-03-17,5.01,5.05,5.14
1999-03-18,4.99,5.02,5.11
1999-03-19,5.04,5.07,5.17
1999-03-22,5.08,5.13,5.21
1999-03-23,5.03,5.11,5.20
1999-03-24,4.98,5.07,5.17
1999-03-25,5.02,5.12,5.21
1999-03-26,4.99,5.10,5.21
1999-03-29,5.02,5.15,5.28
1999-03-30,4.97,5.09,5.21
1999-03-31,4.99,5.12,5.25
1999-04-01,5.01,5.15,5.27
1999-04-02,4.96,5.07,5.20
1999-04-05,4.96,5.07,5.20
1999-04-06,4.93,5.01,5.13
1999-04-07,4.93,5.04,5.14
1999-04-08,4.86,4.94,5.03
1999-04-09,4.88,4.96,5.05
1999-04-12,4.93,4.98,5.06
1999-04-13,4.94,5.02,5.12
1999-04-14,4.95,5.04,5.13
1999-04-15,4.97,5.08,5.18
1999-04-16,5.02,5.13,5.23
1999-04-19,4.99,5.08,5.18
1999-04-20,4.95,5.06,5.16
1999-04-21,4.99,5.07,5.17
1999-04-22,5.05,5.15,5.25
1999-04-23,5.04,5.15,5.26
1999-04-26,5.04,5.14,5.23
1999-04-27,5.04,5.12,5.22
1999-04-28,5.02,5.16,5.27
1999-04-29,4.95,5.09,5.22
1999-04-30,5.08,5.24,5.36
1999-05-03,5.08,5.25,5.38
1999-05-04,5.12,5.30,5.42
1999-05-05,5.09,5.27,5.40
1999-05-06,5.19,5.39,5.52
1999-05-07,5.19,5.40,5.54
1999-05-10,5.15,5.38,5.54
1999-05-11,5.19,5.40,5.59
1999-05-12,5.19,5.39,5.51
1999-05-13,5.12,5.29,5.41
1999-05-14,5.30,5.48,5.62
1999-05-17,5.31,5.53,5.66
1999-05-18,5.38,5.58,5.68
1999-05-19,5.37,5.54,5.60
1999-05-20,5.35,5.53,5.60
1999-05-21,5.30,5.46,5.52
1999-05-24,5.28,5.43,5.50
1999-05-25,5.30,5.44,5.49
1999-05-26,5.33,5.49,5.55
1999-05-27,5.43,5.59,5.62
1999-05-28,5.42,5.60,5.64
1999-06-01,5.54,5.74,5.78
1999-06-02,5.55,5.75,5.80
1999-06-03,5.54,5.75,5.80
1999-06-04,5.56,5.75,5.82
1999-06-07,5.56,5.73,5.81
1999-06-08,5.57,5.74,5.83
1999-06-09,5.61,5.79,5.87
1999-06-10,5.66,5.85,5.92
1999-06-11,5.70,5.92,6.02
1999-06-14,5.66,5.89,5.98
1999-06-15,5.66,5.87,5.98
1999-06-16,5.61,5.84,5.94
1999-06-17,5.49,5.67,5.79
1999-06-18,5.56,5.75,5.84
1999-06-21,5.62,5.81,5.90
1999-06-22,5.65,5.84,5.94
1999-06-23,5.70,5.90,6.00
1999-06-24,5.75,5.93,6.05
1999-06-25,5.73,5.91,6.02
1999-06-28,5.68,5.86,5.96
1999-06-29,5.68,5.84,5.93
1999-06-30,5.53,5.67,5.81
1999-07-01,5.58,5.73,5.85
1999-07-02,5.58,5.70,5.82
1999-07-06,5.64,5.77,5.88
1999-07-07,5.64,5.79,5.92
1999-07-08,5.59,5.72,5.85
1999-07-09,5.61,5.72,5.84
1999-07-12,5.53,5.62,5.74
1999-07-13,5.50,5.60,5.71
1999-07-14,5.55,5.63,5.74
1999-07-15,5.53,5.63,5.72
1999-07-16,5.50,5.57,5.68
1999-07-19,5.46,5.56,5.66
1999-07-20,5.43,5.54,5.65
1999-07-21,5.45,5.55,5.66
1999-07-22,5.52,5.66,5.78
1999-07-23,5.58,5.72,5.84
1999-07-26,5.61,5.73,5.86
1999-07-27,5.56,5.70,5.82
1999-07-28,5.54,5.70,5.81
1999-07-29,5.62,5.79,5.88
1999-07-30,5.63,5.82,5.92
1999-08-02,5.65,5.85,5.92
1999-08-03,5.65,5.86,5.95
1999-08-04,5.64,5.86,5.96
1999-08-05,5.55,5.77,5.88
1999-08-06,5.69,5.94,6.02
1999-08-09,5.79,6.04,6.13
1999-08-10,5.79,6.00,6.16
1999-08-11,5.76,5.96,6.05
1999-08-12,5.78,5.97,6.08
1999-08-13,5.71,5.88,5.98
1999-08-16,5.75,5.88,5.98
1999-08-17,5.68,5.80,5.89
1999-08-18,5.66,5.79,5.88
1999-08-19,5.66,5.81,5.90
1999-08-20,5.65,5.79,5.88
1999-08-23,5.66,5.79,5.89
1999-08-24,5.65,5.73,5.85
1999-08-25,5.53,5.63,5.73
1999-08-26,5.56,5.67,5.75
1999-08-27,5.65,5.75,5.85
1999-08-30,5.73,5.86,5.95
1999-08-31,5.73,5.88,5.98
1999-09-01,5.74,5.88,5.99
1999-09-02,5.74,5.90,6.03
1999-09-03,5.64,5.78,5.89
1999-09-07,5.69,5.83,5.95
1999-09-08,5.67,5.82,5.93
1999-09-09,5.71,5.85,5.97
1999-09-10,5.64,5.78,5.89
1999-09-13,5.66,5.80,5.92
1999-09-14,5.71,5.85,5.96
1999-09-15,5.67,5.81,5.94
1999-09-16,5.63,5.77,5.90
1999-09-17,5.63,5.76,5.87
1999-09-20,5.67,5.81,5.91
1999-09-21,5.67,5.83,5.94
1999-09-22,5.67,5.81,5.92
1999-09-23,5.63,5.76,5.87
1999-09-24,5.55,5.65,5.75
1999-09-27,5.62,5.73,5.83
1999-09-28,5.65,5.78,5.89
1999-09-29,5.68,5.86,5.97
1999-09-30,5.63,5.78,5.90
1999-10-01,5.73,5.90,6.00
1999-10-04,5.70,5.85,5.95
1999-10-05,5.78,5.94,6.02
1999-10-06,5.81,5.98,6.04
1999-10-07,5.82,5.99,6.05
1999-10-08,5.80,5.97,6.04
1999-10-12,5.82,5.99,6.07
1999-10-13,5.87,6.04,6.12
1999-10-14,5.90,6.09,6.17
1999-10-15,5.82,5.99,6.09
1999-10-18,5.85,6.03,6.12
1999-10-19,5.92,6.09,6.18
1999-10-20,5.94,6.11,6.19
1999-10-21,5.93,6.11,6.20
1999-10-22,5.96,6.13,6.21
1999-10-25,5.98,6.14,6.22
1999-10-26,6.02,6.17,6.24
1999-10-27,5.94,6.13,6.19
1999-10-28,5.87,6.05,6.12
1999-10-29,5.79,5.97,6.02
1999-11-01,5.83,6.00,6.06
1999-11-02,5.81,5.98,6.04
1999-11-03,5.79,5.97,6.01
1999-11-04,5.74,5.91,5.95
1999-11-05,5.72,5.88,5.92
1999-11-08,5.74,5.90,5.95
1999-11-09,5.77,5.87,5.97
1999-11-10,5.81,5.90,6.00
1999-11-12,5.78,5.85,5.93
1999-11-15,5.79,5.87,5.94
1999-11-16,5.85,5.91,5.97
1999-11-17,5.90,5.98,6.04
1999-11-18,5.90,5.99,6.06
1999-11-19,5.92,6.00,6.07
1999-11-22,5.95,6.02,6.09
1999-11-23,5.93,6.02,6.08
1999-11-24,5.97,6.02,6.09
1999-11-26,5.99,6.06,6.12
1999-11-29,6.04,6.14,6.21
1999-11-30,6.01,6.11,6.18
1999-12-01,6.04,6.14,6.21
1999-12-02,6.06,6.16,6.24
1999-12-03,5.99,6.08,6.17
1999-12-06,5.98,6.07,6.16
1999-12-07,5.95,6.03,6.11
1999-12-08,5.98,6.06,6.15
1999-12-09,5.96,6.03,6.14
1999-12-10,5.93,5.98,6.08
1999-12-13,5.96,6.01,6.11
1999-12-14,6.07,6.12,6.22
1999-12-15,6.10,6.14,6.25
1999-12-16,6.15,6.20,6.31
1999-12-17,6.15,6.22,6.30
1999-12-20,6.21,6.28,6.36
1999-12-21,6.21,6.29,6.38
1999-12-22,6.24,6.31,6.39
1999-12-23,6.24,6.33,6.41
1999-12-27,6.21,6.32,6.40
1999-12-28,6.23,6.35,6.43
1999-12-29,6.21,6.32,6.40
1999-12-30,6.19,6.30,6.39
1999-12-31,6.24,6.36,6.45
2000-01-03,6.38,6.50,6.58
2000-01-04,6.30,6.40,6.49
2000-01-05,6.38,6.51,6.62
2000-01-06,6.35,6.46,6.57
2000-01-07,6.31,6.42,6.52
2000-01-10,6.38,6.49,6.57
2000-01-11,6.45,6.57,6.67
2000-01-12,6.49,6.63,6.72
2000-01-13,6.40,6.54,6.63
2000-01-14,6.44,6.59,6.69
2000-01-18,6.47,6.65,6.75
2000-01-19,6.46,6.62,6.73
2000-01-20,6.49,6.67,6.79
2000-01-21,6.48,6.67,6.79
2000-01-24,6.43,6.59,6.69
2000-01-25,6.44,6.60,6.70
2000-01-26,6.45,6.62,6.69
2000-01-27,6.51,6.67,6.68
2000-01-28,6.58,6.68,6.66
2000-01-31,6.61,6.71,6.68
2000-02-01,6.60,6.68,6.62
2000-02-02,6.63,6.69,6.60
2000-02-03,6.56,6.56,6.49
2000-02-04,6.63,6.64,6.53
2000-02-07,6.68,6.76,6.64
2000-02-08,6.69,6.74,6.59
2000-02-09,6.69,6.77,6.56
2000-02-10,6.67,6.78,6.67
2000-02-11,6.65,6.77,6.63
2000-02-14,6.62,6.72,6.56
2000-02-15,6.66,6.74,6.56
2000-02-16,6.63,6.75,6.56
2000-02-17,6.69,6.76,6.58
2000-02-18,6.66,6.72,6.49
2000-02-22,6.57,6.62,6.36
2000-02-23,6.61,6.66,6.44
2000-02-24,6.52,6.56,6.36
2000-02-25,6.45,6.50,6.36
2000-02-28,6.47,6.53,6.37
2000-02-29,6.53,6.61,6.42
2000-03-01,6.52,6.59,6.39
2000-03-02,6.52,6.59,6.40
2000-03-03,6.50,6.60,6.39
2000-03-06,6.55,6.64,6.42
2000-03-07,6.48,6.60,6.39
2000-03-08,6.50,6.59,6.38
2000-03-09,6.48,6.56,6.35
2000-03-10,6.55,6.61,6.39
2000-03-13,6.52,6.57,6.36
2000-03-14,6.48,6.52,6.31
2000-03-15,6.50,6.50,6.29
2000-03-16,6.50,6.47,6.26
2000-03-17,6.50,6.45,6.20
2000-03-20,6.52,6.45,6.18
2000-03-21,6.50,6.44,6.13
2000-03-22,6.50,6.41,6.13
2000-03-23,6.52,6.39,6.08
2000-03-24,6.64,6.51,6.20
2000-03-27,6.66,6.51,6.21
2000-03-28,6.60,6.46,6.17
2000-03-29,6.59,6.46,6.18
2000-03-30,6.52,6.35,6.06
2000-03-31,6.50,6.32,6.03
2000-04-03,6.45,6.30,6.00
2000-04-04,6.35,6.16,5.90
2000-04-05,6.35,6.17,5.90
2000-04-06,6.38,6.20,5.93
2000-04-07,6.38,6.18,5.86
2000-04-10,6.31,6.11,5.80
2000-04-11,6.36,6.19,5.89
2000-04-12,6.40,6.27,5.97
2000-04-13,6.40,6.24,5.94
2000-04-14,6.27,6.11,5.85
2000-04-17,6.33,6.23,6.01
2000-04-18,6.33,6.27,6.05
2000-04-19,6.33,6.23,5.99
2000-04-20,6.38,6.24,5.99
2000-04-24,6.36,6.23,6.00
2000-04-25,6.48,6.39,6.14
2000-04-26,6.50,6.40,6.14
2000-04-27,6.63,6.51,6.23
2000-04-28,6.68,6.56,6.23
2000-05-01,6.73,6.59,6.29
2000-05-02,6.72,6.60,6.32
2000-05-03,6.73,6.66,6.40
2000-05-04,6.77,6.70,6.46
2000-05-05,6.84,6.77,6.51
2000-05-08,6.87,6.83,6.57
2000-05-09,6.86,6.75,6.53
2000-05-10,6.84,6.69,6.47
2000-05-11,6.82,6.67,6.43
2000-05-12,6.91,6.76,6.51
2000-05-15,6.88,6.73,6.47
2000-05-16,6.89,6.72,6.43
2000-05-17,6.90,6.74,6.48
2000-05-18,6.93,6.79,6.56
2000-05-19,6.86,6.71,6.51
2000-05-22,6.81,6.66,6.44
2000-05-23,6.83,6.68,6.45
2000-05-24,6.79,6.71,6.47
2000-05-25,6.71,6.64,6.39
2000-05-26,6.69,6.57,6.33
2000-05-30,6.74,6.62,6.38
2000-05-31,6.69,6.54,6.29
2000-06-01,6.61,6.44,6.20
2000-06-02,6.52,6.37,6.15
2000-06-05,6.49,6.33,6.12
2000-06-06,6.51,6.35,6.14
2000-06-07,6.52,6.35,6.13
2000-06-08,6.56,6.37,6.13
2000-06-09,6.56,6.36,6.13
2000-06-12,6.52,6.33,6.09
2000-06-13,6.49,6.32,6.11
2000-06-14,6.44,6.26,6.06
2000-06-15,6.44,6.26,6.05
2000-06-16,6.38,6.19,5.99
2000-06-19,6.40,6.20,6.00
2000-06-20,6.43,6.23,6.03
2000-06-21,6.50,6.32,6.11
2000-06-22,6.50,6.32,6.12
2000-06-23,6.55,6.37,6.19
2000-06-26,6.50,6.29,6.11
2000-06-27,6.50,6.29,6.10
2000-06-28,6.43,6.28,6.11
2000-06-29,6.37,6.21,6.04
2000-06-30,6.38,6.18,6.03
2000-07-03,6.31,6.12,6.00
2000-07-05,6.29,6.12,5.99
2000-07-06,6.34,6.16,6.05
2000-07-07,6.29,6.11,6.01
2000-07-10,6.31,6.13,6.04
2000-07-11,6.32,6.16,6.06
2000-07-12,6.34,6.20,6.09
2000-07-13,6.31,6.15,6.01
2000-07-14,6.41,6.25,6.10
2000-07-17,6.46,6.31,6.17
2000-07-18,6.44,6.30,6.16
2000-07-19,6.46,6.31,6.16
2000-07-20,6.32,6.15,6.01
2000-07-21,6.32,6.14,6.01
2000-07-24,6.35,6.18,6.04
2000-07-25,6.35,6.17,6.04
2000-07-26,6.29,6.16,6.04
2000-07-27,6.27,6.14,6.02
2000-07-28,6.30,6.16,6.04
2000-07-31,6.30,6.16,6.04
2000-08-01,6.27,6.12,6.00
2000-08-02,6.23,6.09,5.98
2000-08-03,6.22,6.07,5.95
2000-08-04,6.15,6.02,5.91
2000-08-07,6.20,6.07,5.97
2000-08-08,6.16,6.03,5.93
2000-08-09,6.18,6.03,5.81
2000-08-10,6.16,6.00,5.76
2000-08-11,6.25,6.07,5.79
2000-08-14,6.25,6.07,5.78
2000-08-15,6.28,6.11,5.81
2000-08-16,6.30,6.13,5.83
2000-08-17,6.30,6.13,5.81
2000-08-18,6.27,6.09,5.78
2000-08-21,6.28,6.10,5.79
2000-08-22,6.27,6.07,5.78
2000-08-23,6.20,6.02,5.73
2000-08-24,6.19,6.00,5.73
2000-08-25,6.19,6.00,5.73
2000-08-28,6.23,6.05,5.78
2000-08-29,6.26,6.08,5.81
2000-08-30,6.24,6.07,5.81
2000-08-31,6.18,5.98,5.73
2000-09-01,6.09,5.92,5.68
2000-09-05,6.09,5.92,5.69
2000-09-06,6.11,5.95,5.72
2000-09-07,6.14,5.97,5.76
2000-09-08,6.11,5.95,5.73
2000-09-11,6.12,5.97,5.77
2000-09-12,6.12,5.97,5.78
2000-09-13,6.09,5.94,5.74
2000-09-14,6.11,5.96,5.79
2000-09-15,6.07,5.93,5.84
2000-09-18,6.04,5.93,5.88
2000-09-19,6.05,5.93,5.86
2000-09-20,6.11,5.98,5.91
2000-09-21,6.11,5.96,5.88
2000-09-22,6.09,5.93,5.85
2000-09-25,6.11,5.94,5.84
2000-09-26,6.07,5.90,5.81
2000-09-27,6.00,5.89,5.83
2000-09-28,6.02,5.90,5.82
2000-09-29,5.98,5.85,5.80
2000-10-02,5.98,5.86,5.83
2000-10-03,6.00,5.88,5.87
2000-10-04,6.03,5.94,5.90
2000-10-05,6.02,5.92,5.87
2000-10-06,5.98,5.88,5.82
2000-10-10,5.98,5.86,5.80
2000-10-11,5.93,5.82,5.77
2000-10-12,5.86,5.74,5.73
2000-10-13,5.84,5.73,5.73
2000-10-16,5.89,5.77,5.74
2000-10-17,5.83,5.68,5.68
2000-10-18,5.82,5.68,5.66
2000-10-19,5.86,5.69,5.66
2000-10-20,5.84,5.69,5.64
2000-10-23,5.82,5.66,5.59
2000-10-24,5.86,5.70,5.63
2000-10-25,5.87,5.74,5.67
2000-10-26,5.90,5.75,5.69
2000-10-27,5.94,5.79,5.72
2000-10-30,5.97,5.83,5.74
2000-10-31,5.94,5.83,5.77
2000-11-01,5.88,5.79,5.74
2000-11-02,5.87,5.78,5.74
2000-11-03,5.94,5.86,5.83
2000-11-06,5.99,5.91,5.87
2000-11-07,5.99,5.84,5.87
2000-11-08,5.99,5.83,5.87
2000-11-09,5.94,5.76,5.82
2000-11-10,5.92,5.76,5.82
2000-11-13,5.90,5.72,5.77
2000-11-14,5.92,5.72,5.76
2000-11-15,5.90,5.69,5.72
2000-11-16,5.87,5.66,5.68
2000-11-17,5.88,5.67,5.71
2000-11-20,5.87,5.65,5.68
2000-11-21,5.86,5.65,5.67
2000-11-22,5.85,5.60,5.62
2000-11-24,5.86,5.63,5.63
2000-11-27,5.86,5.63,5.64
2000-11-28,5.79,5.57,5.59
2000-11-29,5.69,5.51,5.55
2000-11-30,5.61,5.42,5.48
2000-12-01,5.62,5.46,5.52
2000-12-04,5.59,5.45,5.53
2000-12-05,5.49,5.36,5.43
2000-12-06,5.42,5.26,5.32
2000-12-07,5.45,5.26,5.32
2000-12-08,5.50,5.32,5.35
2000-12-11,5.52,5.33,5.37
2000-12-12,5.54,5.33,5.36
2000-12-13,5.45,5.24,5.29
2000-12-14,5.43,5.19,5.23
2000-12-15,5.38,5.15,5.20
2000-12-18,5.33,5.10,5.17
2000-12-19,5.35,5.12,5.19
2000-12-20,5.24,5.00,5.08
2000-12-21,5.14,4.94,5.03
2000-12-22,5.10,4.93,5.02
2000-12-26,5.10,4.92,5.04
2000-12-27,5.10,4.99,5.11
2000-12-28,5.18,5.02,5.13
2000-12-29,5.11,4.99,5.12
2001-01-02,4.87,4.76,4.92
2001-01-03,4.92,4.94,5.14
2001-01-04,4.77,4.82,5.03
2001-01-05,4.56,4.66,4.93
2001-01-08,4.54,4.65,4.94
2001-01-09,4.64,4.73,4.98
2001-01-10,4.76,4.83,5.10
2001-01-11,4.77,4.85,5.14
2001-01-12,4.90,4.97,5.25
2001-01-16,4.89,4.96,5.24
2001-01-17,4.84,4.87,5.19
2001-01-18,4.72,4.74,5.12
2001-01-19,4.75,4.84,5.19
2001-01-22,4.75,4.87,5.25
2001-01-23,4.82,4.96,5.30
2001-01-24,4.81,4.98,5.33
2001-01-25,4.78,4.94,5.29
2001-01-26,4.78,4.93,5.29
2001-01-29,4.77,4.97,5.32
2001-01-30,4.70,4.91,5.24
2001-01-31,4.62,4.85,5.19
2001-02-01,4.55,4.78,5.10
2001-02-02,4.65,4.86,5.17
2001-02-05,4.68,4.88,5.18
2001-02-06,4.72,4.92,5.22
2001-02-07,4.70,4.91,5.10
2001-02-08,4.73,4.93,5.10
2001-02-09,4.67,4.85,5.03
2001-02-12,4.67,4.86,5.05
2001-02-13,4.75,4.90,5.07
2001-02-14,4.84,4.99,5.13
2001-02-15,4.89,5.06,5.19
2001-02-16,4.75,4.94,5.11
2001-02-20,4.73,4.94,5.11
2001-02-21,4.68,4.96,5.14
2001-02-22,4.63,4.94,5.15
2001-02-23,4.53,4.86,5.10
2001-02-26,4.46,4.81,5.05
2001-02-27,4.44,4.75,4.96
2001-02-28,4.41,4.70,4.92
2001-03-01,4.41,4.67,4.87
2001-03-02,4.48,4.75,4.95
2001-03-05,4.49,4.78,4.98
2001-03-06,4.49,4.78,4.99
2001-03-07,4.43,4.72,4.92
2001-03-08,4.43,4.70,4.89
2001-03-09,4.47,4.75,4.95
2001-03-12,4.46,4.72,4.92
2001-03-13,4.46,4.75,4.95
2001-03-14,4.32,4.62,4.84
2001-03-15,4.22,4.55,4.81
2001-03-16,4.26,4.54,4.78
2001-03-19,4.32,4.58,4.82
2001-03-20,4.24,4.52,4.78
2001-03-21,4.21,4.49,4.77
2001-03-22,4.17,4.44,4.73
2001-03-23,4.24,4.52,4.80
2001-03-26,4.27,4.56,4.85
2001-03-27,4.41,4.73,5.00
2001-03-28,4.30,4.68,4.97
2001-03-29,4.27,4.67,4.98
2001-03-30,4.18,4.62,4.93
2001-04-02,4.22,4.66,4.98
2001-04-03,4.15,4.60,4.94
2001-04-04,4.12,4.58,4.94
2001-04-05,4.19,4.63,4.98
2001-04-06,4.07,4.52,4.89
2001-04-09,4.10,4.56,4.93
2001-04-10,4.24,4.70,5.09
2001-04-11,4.29,4.75,5.12
2001-04-12,4.36,4.83,5.17
2001-04-16,4.49,4.94,5.28
2001-04-17,4.41,4.87,5.21
2001-04-18,4.26,4.75,5.14
2001-04-19,4.29,4.86,5.27
2001-04-20,4.26,4.88,5.29
2001-04-23,4.15,4.78,5.20
2001-04-24,4.16,4.78,5.22
2001-04-25,4.20,4.88,5.28
2001-04-26,4.14,4.79,5.20
2001-04-27,4.28,4.94,5.34
2001-04-30,4.30,4.97,5.35
2001-05-01,4.23,4.94,5.30
2001-05-02,4.27,4.95,5.31
2001-05-03,4.22,4.87,5.22
2001-05-04,4.14,4.83,5.21
2001-05-07,4.12,4.82,5.21
2001-05-08,4.10,4.68,5.24
2001-05-09,4.07,4.65,5.20
2001-05-10,4.17,4.76,5.31
2001-05-11,4.36,4.99,5.51
2001-05-14,4.29,4.94,5.46
2001-05-15,4.28,4.95,5.50
2001-05-16,4.25,4.95,5.48
2001-05-17,4.33,4.99,5.46
2001-05-18,4.37,4.99,5.41
2001-05-21,4.37,4.99,5.41
2001-05-22,4.34,4.99,5.42
2001-05-23,4.29,4.96,5.41
2001-05-24,4.32,5.05,5.52
2001-05-25,4.31,5.04,5.52
2001-05-29,4.33,5.06,5.54
2001-05-30,4.34,5.07,5.54
2001-05-31,4.22,4.94,5.43
2001-06-01,4.22,4.94,5.39
2001-06-04,4.19,4.93,5.35
2001-06-05,4.12,4.84,5.29
2001-06-06,4.12,4.83,5.27
2001-06-07,4.14,4.88,5.33
2001-06-08,4.17,4.93,5.38
2001-06-11,4.11,4.87,5.32
2001-06-12,4.09,4.82,5.27
2001-06-13,4.08,4.81,5.28
2001-06-14,4.04,4.76,5.26
2001-06-15,4.01,4.74,5.27
2001-06-18,3.98,4.73,5.27
2001-06-19,3.99,4.72,5.26
2001-06-20,3.98,4.72,5.24
2001-06-21,3.99,4.70,5.22
2001-06-22,3.93,4.63,5.14
2001-06-25,3.96,4.65,5.16
2001-06-26,4.03,4.74,5.24
2001-06-27,4.06,4.82,5.26
2001-06-28,4.22,4.92,5.35
2001-06-29,4.25,4.97,5.42
2001-07-02,4.21,4.88,5.37
2001-07-03,4.24,4.91,5.41
2001-07-05,4.24,4.95,5.44
2001-07-06,4.16,4.90,5.41
2001-07-09,4.15,4.88,5.37
2001-07-10,4.08,4.82,5.32
2001-07-11,4.07,4.81,5.31
2001-07-12,4.07,4.80,5.27
2001-07-13,4.12,4.82,5.27
2001-07-16,4.07,4.76,5.21
2001-07-17,4.09,4.78,5.22
2001-07-18,3.96,4.66,5.12
2001-07-19,3.98,4.69,5.13
2001-07-20,3.98,4.70,5.15
2001-07-23,3.98,4.68,5.13
2001-07-24,3.97,4.67,5.13
2001-07-25,3.98,4.74,5.20
2001-07-26,3.94,4.71,5.19
2001-07-27,3.87,4.64,5.13
2001-07-30,3.86,4.63,5.11
2001-07-31,3.79,4.57,5.07
2001-08-01,3.83,4.62,5.11
2001-08-02,3.89,4.69,5.17
2001-08-03,3.91,4.72,5.20
2001-08-06,3.88,4.71,5.19
2001-08-07,3.90,4.72,5.20
2001-08-08,3.77,4.61,4.99
2001-08-09,3.77,4.66,5.04
2001-08-10,3.73,4.61,4.99
2001-08-13,3.70,4.57,4.97
2001-08-14,3.74,4.59,4.97
2001-08-15,3.80,4.62,5.00
2001-08-16,3.75,4.58,4.95
2001-08-17,3.67,4.49,4.84
2001-08-20,3.74,4.55,4.91
2001-08-21,3.69,4.50,4.87
2001-08-22,3.76,4.53,4.91
2001-08-23,3.72,4.52,4.89
2001-08-24,3.76,4.55,4.93
2001-08-27,3.78,4.57,4.94
2001-08-28,3.71,4.48,4.85
2001-08-29,3.67,4.43,4.78
2001-08-30,3.61,4.42,4.79
2001-08-31,3.64,4.46,4.85
2001-09-04,3.83,4.63,4.99
2001-09-05,3.79,4.61,4.97
2001-09-06,3.65,4.48,4.86
2001-09-07,3.53,4.39,4.80
2001-09-10,3.53,4.41,4.84
2001-09-13,2.99,4.03,4.64
2001-09-14,2.87,3.92,4.57
2001-09-17,2.96,3.99,4.63
2001-09-18,2.96,4.01,4.72
2001-09-19,2.81,3.90,4.69
2001-09-20,2.91,3.97,4.75
2001-09-21,2.91,3.94,4.70
2001-09-24,2.94,4.00,4.73
2001-09-25,2.88,3.97,4.72
2001-09-26,2.82,3.91,4.65
2001-09-27,2.78,3.87,4.58
2001-09-28,2.86,3.93,4.60
2001-10-01,2.82,3.90,4.55
2001-10-02,2.77,3.87,4.53
2001-10-03,2.77,3.86,4.50
2001-10-04,2.75,3.88,4.53
2001-10-05,2.71,3.87,4.52
2001-10-09,2.74,3.96,4.62
2001-10-10,2.78,3.96,4.61
2001-10-11,2.88,4.03,4.69
2001-10-12,2.81,4.01,4.68
2001-10-15,2.78,3.97,4.62
2001-10-16,2.77,3.93,4.59
2001-10-17,2.80,3.93,4.59
2001-10-18,2.77,3.93,4.58
2001-10-19,2.77,3.96,4.63
2001-10-22,2.79,3.98,4.63
2001-10-23,2.81,4.01,4.66
2001-10-24,2.72,3.96,4.61
2001-10-25,2.63,3.89,4.56
2001-10-26,2.63,3.88,4.53
2001-10-29,2.55,3.82,4.50
2001-10-30,2.48,3.76,4.44
2001-10-31,2.44,3.66,4.30
2001-11-01,2.49,3.66,4.24
2001-11-02,2.48,3.77,4.37
2001-11-05,2.46,3.71,4.31
2001-11-06,2.37,3.54,4.30
2001-11-07,2.32,3.47,4.22
2001-11-08,2.42,3.58,4.32
2001-11-09,2.45,3.62,4.34
2001-11-13,2.54,3.69,4.41
2001-11-14,2.70,3.83,4.54
2001-11-15,2.98,4.10,4.79
2001-11-16,3.09,4.24,4.91
2001-11-19,2.92,4.12,4.80
2001-11-20,2.96,4.17,4.88
2001-11-21,3.11,4.31,4.98
2001-11-23,3.20,4.40,5.04
2001-11-26,3.22,4.41,5.05
2001-11-27,3.11,4.32,4.98
2001-11-28,3.12,4.33,4.98
2001-11-29,2.87,4.10,4.79
2001-11-30,2.84,4.08,4.78
2001-12-03,2.82,4.04,4.75
2001-12-04,2.81,3.99,4.70
2001-12-05,3.07,4.24,4.92
2001-12-06,3.19,4.38,5.04
2001-12-07,3.19,4.50,5.20
2001-12-10,3.10,4.46,5.17
2001-12-11,3.03,4.38,5.13
2001-12-12,2.97,4.29,5.02
2001-12-13,3.09,4.40,5.13
2001-12-14,3.20,4.52,5.24
2001-12-17,3.21,4.54,5.26
2001-12-18,3.13,4.46,5.16
2001-12-19,3.11,4.38,5.08
2001-12-20,3.15,4.42,5.08
2001-12-21,3.17,4.45,5.12
2001-12-24,3.22,4.49,5.18
2001-12-26,3.26,4.55,5.22
2001-12-27,3.19,4.46,5.13
2001-12-28,3.16,4.46,5.15
2001-12-31,3.07,4.38,5.07
2002-01-02,3.22,4.52,5.20
2002-01-03,3.19,4.48,5.16
2002-01-04,3.19,4.50,5.18
2002-01-07,3.08,4.39,5.09
2002-01-08,3.07,4.39,5.10
2002-01-09,3.03,4.38,5.10
2002-01-10,2.94,4.27,5.00
2002-01-11,2.76,4.14,4.92
2002-01-14,2.79,4.15,4.91
2002-01-15,2.79,4.14,4.88
2002-01-16,2.84,4.16,4.88
2002-01-17,2.96,4.28,4.98
2002-01-18,2.91,4.23,4.94
2002-01-22,2.97,4.27,4.96
2002-01-23,3.07,4.36,5.05
2002-01-24,3.15,4.40,5.07
2002-01-25,3.17,4.46,5.10
2002-01-28,3.19,4.48,5.12
2002-01-29,3.05,4.35,5.02
2002-01-30,3.06,4.37,5.02
2002-01-31,3.16,4.42,5.07
2002-02-01,3.08,4.37,5.02
2002-02-04,2.99,4.29,4.94
2002-02-05,2.99,4.29,4.92
2002-02-06,2.98,4.30,4.92
2002-02-07,2.99,4.33,4.93
2002-02-08,2.95,4.28,4.90
2002-02-11,2.95,4.29,4.91
2002-02-12,3.04,4.36,4.97
2002-02-13,3.09,4.40,5.01
2002-02-14,3.07,4.35,4.95
2002-02-15,2.97,4.27,4.86
2002-02-19,2.98,4.28,4.88
2002-02-20,3.00,4.28,4.88
2002-02-21,3.00,4.27,4.88
2002-02-22,2.97,4.23,4.84
2002-02-25,3.01,4.26,4.86
2002-02-26,3.08,4.33,4.93
2002-02-27,3.09,4.22,4.84
2002-02-28,3.06,4.27,4.88
2002-03-01,3.18,4.43,4.98
2002-03-04,3.24,4.43,5.02
2002-03-05,3.25,4.44,5.02
2002-03-06,3.26,4.45,5.06
2002-03-07,3.36,4.65,5.22
2002-03-08,3.60,4.77,5.33
2002-03-11,3.59,4.77,5.33
2002-03-12,3.56,4.75,5.32
2002-03-13,3.49,4.69,5.28
2002-03-14,3.63,4.83,5.40
2002-03-15,3.63,4.80,5.35
2002-03-18,3.67,4.79,5.32
2002-03-19,3.64,4.78,5.33
2002-03-20,3.71,4.87,5.40
2002-03-21,3.73,4.88,5.39
2002-03-22,3.77,4.90,5.40
2002-03-25,3.78,4.92,5.41
2002-03-26,3.68,4.85,5.35
2002-03-27,3.66,4.85,5.35
2002-03-28,3.72,4.91,5.42
2002-04-01,3.74,4.93,5.44
2002-04-02,3.63,4.84,5.36
2002-04-03,3.55,4.76,5.30
2002-04-04,3.57,4.76,5.28
2002-04-05,3.49,4.68,5.22
2002-04-08,3.51,4.70,5.25
2002-04-09,3.48,4.67,5.22
2002-04-10,3.48,4.68,5.24
2002-04-11,3.47,4.66,5.22
2002-04-12,3.41,4.60,5.18
2002-04-15,3.38,4.57,5.15
2002-04-16,3.43,4.62,5.20
2002-04-17,3.41,4.64,5.24
2002-04-18,3.38,4.64,5.23
2002-04-19,3.36,4.62,5.21
2002-04-22,3.37,4.62,5.19
2002-04-23,3.39,4.62,5.18
2002-04-24,3.28,4.53,5.11
2002-04-25,3.25,4.52,5.10
2002-04-26,3.22,4.49,5.08
2002-04-29,3.26,4.55,5.13
2002-04-30,3.24,4.53,5.11
2002-05-01,3.21,4.49,5.08
2002-05-02,3.25,4.54,5.13
2002-05-03,3.17,4.48,5.08
2002-05-06,3.19,4.50,5.10
2002-05-07,3.14,4.43,5.09
2002-05-08,3.32,4.58,5.24
2002-05-09,3.27,4.53,5.20
2002-05-10,3.19,4.46,5.15
2002-05-13,3.28,4.54,5.23
2002-05-14,3.40,4.64,5.32
2002-05-15,3.37,4.59,5.28
2002-05-16,3.28,4.52,5.20
2002-05-17,3.41,4.60,5.27
2002-05-20,3.33,4.53,5.21
2002-05-21,3.28,4.49,5.18
2002-05-22,3.23,4.43,5.13
2002-05-23,3.28,4.46,5.16
2002-05-24,3.28,4.47,5.16
2002-05-28,3.30,4.46,5.16
2002-05-29,3.24,4.41,5.11
2002-05-30,3.17,4.36,5.06
2002-05-31,3.22,4.37,5.08
2002-06-03,3.19,4.36,5.06
2002-06-04,3.13,4.31,5.04
2002-06-05,3.16,4.35,5.08
2002-06-06,3.13,4.30,5.04
2002-06-07,3.16,4.36,5.10
2002-06-10,3.15,4.34,5.07
2002-06-11,3.09,4.29,5.02
2002-06-12,3.05,4.24,4.98
2002-06-13,3.00,4.20,4.94
2002-06-14,2.92,4.10,4.83
2002-06-17,2.96,4.14,4.89
2002-06-18,2.93,4.13,4.88
2002-06-19,2.81,4.01,4.76
2002-06-20,2.93,4.11,4.85
2002-06-21,2.88,4.06,4.79
2002-06-24,2.93,4.13,4.87
2002-06-25,2.92,4.13,4.88
2002-06-26,2.77,3.99,4.75
2002-06-27,2.85,4.08,4.84
2002-06-28,2.90,4.09,4.86
2002-07-01,2.88,4.08,4.85
2002-07-02,2.78,3.99,4.77
2002-07-03,2.78,4.00,4.78
2002-07-05,2.90,4.13,4.90
2002-07-08,2.84,4.07,4.84
2002-07-09,2.74,3.98,4.78
2002-07-10,2.61,3.85,4.66
2002-07-11,2.61,3.86,4.66
2002-07-12,2.56,3.82,4.63
2002-07-15,2.55,3.85,4.66
2002-07-16,2.66,3.93,4.75
2002-07-17,2.63,3.89,4.71
2002-07-18,2.55,3.82,4.66
2002-07-19,2.48,3.76,4.61
2002-07-22,2.40,3.65,4.51
2002-07-23,2.34,3.59,4.47
2002-07-24,2.38,3.60,4.49
2002-07-25,2.28,3.51,4.43
2002-07-26,2.20,3.46,4.43
2002-07-29,2.41,3.68,4.62
2002-07-30,2.44,3.71,4.65
2002-07-31,2.23,3.53,4.51
2002-08-01,2.15,3.46,4.47
2002-08-02,1.99,3.27,4.33
2002-08-05,1.93,3.21,4.29
2002-08-06,2.11,3.36,4.42
2002-08-07,1.98,3.24,4.35
2002-08-08,2.10,3.35,4.40
2002-08-09,2.10,3.28,4.27
2002-08-12,2.10,3.24,4.22
2002-08-13,2.00,3.15,4.12
2002-08-14,2.12,3.19,4.06
2002-08-15,2.22,3.28,4.17
2002-08-16,2.28,3.41,4.32
2002-08-19,2.25,3.40,4.29
2002-08-20,2.12,3.25,4.17
2002-08-21,2.12,3.28,4.20
2002-08-22,2.22,3.37,4.30
2002-08-23,2.19,3.31,4.25
2002-08-26,2.19,3.29,4.22
2002-08-27,2.26,3.37,4.29
2002-08-28,2.23,3.31,4.22
2002-08-29,2.14,3.24,4.16
2002-08-30,2.14,3.22,4.14
2002-09-03,2.01,3.04,3.98
2002-09-04,2.02,3.02,3.96
2002-09-05,1.95,2.95,3.91
2002-09-06,2.08,3.10,4.05
2002-09-09,2.13,3.11,4.05
2002-09-10,2.12,3.08,4.00
2002-09-11,2.18,3.15,4.07
2002-09-12,2.12,3.07,3.98
2002-09-13,2.07,3.00,3.92
2002-09-16,2.07,3.00,3.90
2002-09-17,2.06,2.97,3.87
2002-09-18,2.04,2.96,3.86
2002-09-19,1.93,2.87,3.79
2002-09-20,1.94,2.86,3.79
2002-09-23,1.93,2.76,3.70
2002-09-24,1.93,2.76,3.69
2002-09-25,2.00,2.83,3.77
2002-09-26,1.97,2.86,3.79
2002-09-27,1.82,2.74,3.69
2002-09-30,1.72,2.63,3.63
2002-10-01,1.80,2.75,3.72
2002-10-02,1.75,2.74,3.71
2002-10-03,1.75,2.74,3.70
2002-10-04,1.78,2.73,3.69
2002-10-07,1.77,2.67,3.64
2002-10-08,1.80,2.70,3.65
2002-10-09,1.72,2.65,3.61
2002-10-10,1.75,2.68,3.68
2002-10-11,1.85,2.83,3.83
2002-10-15,2.08,3.11,4.07
2002-10-16,2.02,3.11,4.06
2002-10-17,2.10,3.20,4.16
2002-10-18,2.09,3.17,4.14
2002-10-21,2.23,3.28,4.24
2002-10-22,2.21,3.29,4.27
2002-10-23,2.20,3.26,4.26
2002-10-24,2.09,3.18,4.16
2002-10-25,1.98,3.10,4.12
2002-10-28,1.88,3.03,4.10
2002-10-29,1.79,2.89,3.97
2002-10-30,1.74,2.87,3.99
2002-10-31,1.68,2.81,3.93
2002-11-01,1.76,2.92,4.01
2002-11-04,1.79,3.00,4.07
2002-11-05,1.82,3.00,4.10
2002-11-06,1.87,3.01,4.09
2002-11-07,1.86,2.86,3.88
2002-11-08,1.87,2.87,3.85
2002-11-12,1.79,2.83,3.84
2002-11-13,1.76,2.82,3.84
2002-11-14,1.89,3.01,4.03
2002-11-15,1.91,3.05,4.05
2002-11-18,1.91,3.04,4.02
2002-11-19,1.91,3.02,3.99
2002-11-20,1.98,3.13,4.08
2002-11-21,2.05,3.20,4.14
2002-11-22,2.10,3.26,4.18
2002-11-25,2.09,3.26,4.19
2002-11-26,1.97,3.14,4.08
2002-11-27,2.13,3.34,4.26
2002-11-29,2.08,3.28,4.22
2002-12-02,2.07,3.31,4.22
2002-12-03,2.08,3.33,4.24
2002-12-04,2.02,3.25,4.18
2002-12-05,1.97,3.19,4.13
2002-12-06,1.89,3.13,4.09
2002-12-09,1.88,3.08,4.06
2002-12-10,1.90,3.07,4.06
2002-12-11,1.85,3.02,4.01
2002-12-12,1.85,3.03,4.01
2002-12-13,1.87,3.08,4.07
2002-12-16,1.94,3.14,4.15
2002-12-17,1.89,3.11,4.13
2002-12-18,1.81,3.03,4.06
2002-12-19,1.74,2.91,3.96
2002-12-20,1.76,2.93,3.97
2002-12-23,1.79,2.95,3.98
2002-12-24,1.73,2.92,3.95
2002-12-26,1.70,2.89,3.93
2002-12-27,1.60,2.79,3.83
2002-12-30,1.61,2.76,3.82
2002-12-31,1.61,2.78,3.83
2003-01-02,1.80,3.05,4.07
2003-01-03,1.79,3.03,4.05
2003-01-06,1.84,3.10,4.09
2003-01-07,1.77,3.04,4.04
2003-01-08,1.71,3.01,4.00
2003-01-09,1.87,3.23,4.19
2003-01-10,1.79,3.20,4.16
2003-01-13,1.81,3.17,4.15
2003-01-14,1.76,3.10,4.10
2003-01-15,1.75,3.10,4.10
2003-01-16,1.75,3.11,4.10
2003-01-17,1.70,3.05,4.05
2003-01-21,1.67,3.00,4.01
2003-01-22,1.66,2.94,3.95
2003-01-23,1.69,2.97,3.98
2003-01-24,1.66,2.93,3.94
2003-01-27,1.70,2.97,3.98
2003-01-28,1.70,2.99,4.00
2003-01-29,1.77,3.07,4.06
2003-01-30,1.70,3.02,4.00
2003-01-31,1.72,3.02,4.00
2003-02-03,1.72,3.05,4.01
2003-02-04,1.68,2.99,3.96
2003-02-05,1.73,3.07,4.02
2003-02-06,1.68,3.02,3.97
2003-02-07,1.63,2.97,3.96
2003-02-10,1.68,3.03,3.99
2003-02-11,1.65,3.00,3.98
2003-02-12,1.62,2.92,3.93
2003-02-13,1.57,2.85,3.89
2003-02-14,1.62,2.91,3.95
2003-02-18,1.66,2.92,3.94
2003-02-19,1.61,2.87,3.88
2003-02-20,1.59,2.82,3.85
2003-02-21,1.63,2.86,3.90
2003-02-24,1.60,2.82,3.86
2003-02-25,1.58,2.77,3.81
2003-02-26,1.57,2.75,3.78
2003-02-27,1.58,2.75,3.76
2003-02-28,1.53,2.69,3.71
2003-03-03,1.52,2.66,3.68
2003-03-04,1.49,2.62,3.65
2003-03-05,1.46,2.58,3.63
2003-03-06,1.47,2.63,3.67
2003-03-07,1.39,2.56,3.63
2003-03-10,1.35,2.51,3.59
2003-03-11,1.38,2.54,3.60
2003-03-12,1.45,2.57,3.60
2003-03-13,1.59,2.75,3.74
2003-03-14,1.56,2.72,3.72
2003-03-17,1.63,2.82,3.82
2003-03-18,1.72,2.93,3.91
2003-03-19,1.72,2.98,3.98
2003-03-20,1.75,3.02,4.01
2003-03-21,1.80,3.12,4.11
2003-03-24,1.71,2.98,3.98
2003-03-25,1.69,2.97,3.97
2003-03-26,1.68,2.94,3.96
2003-03-27,1.62,2.92,3.95
2003-03-28,1.56,2.86,3.92
2003-03-31,1.51,2.78,3.83
2003-04-01,1.50,2.78,3.84
2003-04-02,1.60,2.89,3.94
2003-04-03,1.55,2.87,3.93
2003-04-04,1.55,2.88,3.96
2003-04-07,1.65,2.99,4.03
2003-04-08,1.59,2.91,3.95
2003-04-09,1.55,2.87,3.93
2003-04-10,1.60,2.89,3.95
2003-04-11,1.65,2.95,4.00
2003-04-14,1.74,3.02,4.04
2003-04-15,1.69,2.96,3.98
2003-04-16,1.67,2.95,3.96
2003-04-17,1.71,2.99,3.98
2003-04-21,1.71,3.03,4.00
2003-04-22,1.70,3.01,4.01
2003-04-23,1.70,3.02,4.02
2003-04-24,1.62,2.92,3.93
2003-04-25,1.57,2.88,3.91
2003-04-28,1.59,2.90,3.92
2003-04-29,1.62,2.94,3.96
2003-04-30,1.51,2.85,3.89
2003-05-01,1.50,2.82,3.88
2003-05-02,1.56,2.90,3.94
2003-05-05,1.55,2.87,3.92
2003-05-06,1.45,2.76,3.84
2003-05-07,1.45,2.64,3.72
2003-05-08,1.49,2.62,3.70
2003-05-09,1.45,2.61,3.69
2003-05-12,1.46,2.58,3.64
2003-05-13,1.47,2.58,3.63
2003-05-14,1.41,2.47,3.53
2003-05-15,1.46,2.52,3.53
2003-05-16,1.38,2.43,3.46
2003-05-19,1.35,2.41,3.46
2003-05-20,1.31,2.34,3.38
2003-05-21,1.38,2.37,3.39
2003-05-22,1.36,2.32,3.34
2003-05-23,1.38,2.33,3.34
2003-05-27,1.33,2.34,3.41
2003-05-28,1.35,2.35,3.44
2003-05-29,1.30,2.27,3.34
2003-05-30,1.33,2.30,3.37
2003-06-02,1.33,2.37,3.43
2003-06-03,1.20,2.25,3.34
2003-06-04,1.20,2.19,3.30
2003-06-05,1.25,2.25,3.34
2003-06-06,1.27,2.29,3.37
2003-06-09,1.19,2.20,3.29
2003-06-10,1.13,2.12,3.20
2003-06-11,1.16,2.16,3.21
2003-06-12,1.13,2.10,3.18
2003-06-13,1.10,2.08,3.13
2003-06-16,1.18,2.14,3.18
2003-06-17,1.25,2.26,3.27
2003-06-18,1.27,2.34,3.37
2003-06-19,1.17,2.28,3.35
2003-06-20,1.22,2.31,3.40
2003-06-23,1.17,2.24,3.32
2003-06-24,1.14,2.21,3.29
2003-06-25,1.30,2.32,3.38
2003-06-26,1.41,2.49,3.55
2003-06-27,1.38,2.52,3.58
2003-06-30,1.32,2.46,3.54
2003-07-01,1.30,2.48,3.56
2003-07-02,1.30,2.47,3.56
2003-07-03,1.32,2.55,3.67
2003-07-07,1.36,2.63,3.74
2003-07-08,1.39,2.65,3.75
2003-07-09,1.37,2.63,3.73
2003-07-10,1.33,2.59,3.70
2003-07-11,1.29,2.52,3.66
2003-07-14,1.35,2.60,3.74
2003-07-15,1.45,2.81,3.94
2003-07-16,1.49,2.87,3.97
2003-07-17,1.47,2.88,3.98
2003-07-18,1.51,2.93,4.00
2003-07-21,1.61,3.10,4.19
2003-07-22,1.57,3.07,4.17
2003-07-23,1.54,3.04,4.12
2003-07-24,1.54,3.08,4.20
2003-07-25,1.52,3.10,4.22
2003-07-28,1.61,3.21,4.31
2003-07-29,1.67,3.33,4.42
2003-07-30,1.64,3.27,4.34
2003-07-31,1.80,3.38,4.49
2003-08-01,1.85,3.37,4.44
2003-08-04,1.71,3.24,4.35
2003-08-05,1.88,3.37,4.47
2003-08-06,1.78,3.25,4.32
2003-08-07,1.74,3.19,4.30
2003-08-08,1.72,3.17,4.27
2003-08-11,1.81,3.26,4.38
2003-08-12,1.71,3.23,4.37
2003-08-13,1.86,3.43,4.58
2003-08-14,1.86,3.42,4.55
2003-08-15,1.85,3.42,4.55
2003-08-18,1.87,3.37,4.49
2003-08-19,1.81,3.27,4.38
2003-08-20,1.84,3.35,4.45
2003-08-21,1.98,3.51,4.53
2003-08-22,1.97,3.47,4.48
2003-08-25,2.02,3.52,4.53
2003-08-26,1.96,3.50,4.50
2003-08-27,2.05,3.55,4.54
2003-08-28,1.93,3.42,4.42
2003-08-29,1.95,3.46,4.45
2003-09-02,2.04,3.63,4.61
2003-09-03,2.02,3.61,4.60
2003-09-04,1.91,3.50,4.52
2003-09-05,1.72,3.28,4.35
2003-09-08,1.75,3.32,4.41
2003-09-09,1.71,3.28,4.37
2003-09-10,1.64,3.18,4.28
2003-09-11,1.71,3.24,4.35
2003-09-12,1.66,3.15,4.27
2003-09-15,1.63,3.12,4.28
2003-09-16,1.63,3.12,4.29
2003-09-17,1.63,3.06,4.20
2003-09-18,1.68,3.09,4.19
2003-09-19,1.70,3.11,4.17
2003-09-22,1.70,3.16,4.26
2003-09-23,1.68,3.13,4.24
2003-09-24,1.66,3.07,4.16
2003-09-25,1.65,3.05,4.12
2003-09-26,1.60,2.95,4.04
2003-09-29,1.61,2.98,4.09
2003-09-30,1.50,2.85,3.96
2003-10-01,1.47,2.84,3.96
2003-10-02,1.48,2.90,4.03
2003-10-03,1.65,3.12,4.21
2003-10-06,1.60,3.06,4.17
2003-10-07,1.67,3.15,4.27
2003-10-08,1.65,3.14,4.27
2003-10-09,1.69,3.17,4.32
2003-10-10,1.65,3.15,4.29
2003-10-14,1.73,3.23,4.37
2003-10-15,1.79,3.30,4.43
2003-10-16,1.96,3.40,4.47
2003-10-17,1.90,3.33,4.41
2003-10-20,1.88,3.33,4.41
2003-10-21,1.89,3.31,4.38
2003-10-22,1.80,3.21,4.29
2003-10-23,1.84,3.24,4.34
2003-10-24,1.76,3.13,4.24
2003-10-27,1.83,3.21,4.30
2003-10-28,1.71,3.11,4.23
2003-10-29,1.79,3.20,4.31
2003-10-30,1.86,3.29,4.36
2003-10-31,1.85,3.27,4.33
2003-11-03,1.90,3.34,4.40
2003-11-04,1.86,3.28,4.33
2003-11-05,1.94,3.35,4.38
2003-11-06,2.01,3.43,4.45
2003-11-07,2.04,3.47,4.48
2003-11-10,2.06,3.49,4.49
2003-11-12,2.05,3.45,4.44
2003-11-13,1.92,3.29,4.30
2003-11-14,1.84,3.19,4.22
2003-11-17,1.80,3.14,4.18
2003-11-18,1.83,3.14,4.17
2003-11-19,1.90,3.22,4.24
2003-11-20,1.83,3.14,4.16
2003-11-21,1.84,3.15,4.15
2003-11-24,1.94,3.24,4.23
2003-11-25,1.89,3.20,4.19
2003-11-26,1.97,3.27,4.25
2003-11-28,2.06,3.38,4.34
2003-12-01,2.12,3.46,4.40
2003-12-02,2.07,3.43,4.38
2003-12-03,2.09,3.46,4.41
2003-12-04,2.06,3.42,4.38
2003-12-05,1.88,3.23,4.23
2003-12-08,1.94,3.28,4.29
2003-12-09,1.97,3.33,4.32
2003-12-10,1.94,3.28,4.30
2003-12-11,1.83,3.21,4.27
2003-12-12,1.84,3.23,4.26
2003-12-15,1.88,3.26,4.28
2003-12-16,1.83,3.21,4.24
2003-12-17,1.83,3.18,4.19
2003-12-18,1.85,3.17,4.16
2003-12-19,1.82,3.16,4.15
2003-12-22,1.84,3.19,4.18
2003-12-23,1.96,3.30,4.28
2003-12-24,1.83,3.20,4.20
2003-12-26,1.82,3.17,4.17
2003-12-29,1.86,3.23,4.24
2003-12-30,1.86,3.26,4.29
2003-12-31,1.84,3.25,4.27
2004-01-02,1.94,3.36,4.38
2004-01-05,1.95,3.39,4.41
2004-01-06,1.84,3.26,4.29
2004-01-07,1.84,3.25,4.27
2004-01-08,1.85,3.24,4.27
2004-01-09,1.68,3.05,4.11
2004-01-12,1.68,3.04,4.11
2004-01-13,1.63,2.98,4.05
2004-01-14,1.65,2.96,4.01
2004-01-15,1.67,2.97,3.99
2004-01-16,1.70,3.03,4.04
2004-01-20,1.69,3.05,4.08
2004-01-21,1.69,3.02,4.05
2004-01-22,1.66,2.96,3.99
2004-01-23,1.71,3.06,4.09
2004-01-26,1.75,3.13,4.16
2004-01-27,1.70,3.07,4.11
2004-01-28,1.87,3.22,4.22
2004-01-29,1.88,3.22,4.22
2004-01-30,1.84,3.17,4.16
2004-02-02,1.83,3.18,4.18
2004-02-03,1.78,3.12,4.13
2004-02-04,1.80,3.15,4.15
2004-02-05,1.85,3.21,4.20
2004-02-06,1.77,3.12,4.12
2004-02-09,1.76,3.08,4.09
2004-02-10,1.82,3.13,4.13
2004-02-11,1.73,3.03,4.05
2004-02-12,1.75,3.07,4.10
2004-02-13,1.70,3.01,4.05
2004-02-17,1.70,3.02,4.05
2004-02-18,1.72,3.03,4.05
2004-02-19,1.70,3.02,4.05
2004-02-20,1.75,3.08,4.10
2004-02-23,1.69,3.03,4.05
2004-02-24,1.69,3.01,4.04
2004-02-25,1.67,2.98,4.02
2004-02-26,1.69,3.01,4.05
2004-02-27,1.66,3.01,3.99
2004-03-01,1.67,2.98,4.00
2004-03-02,1.74,3.04,4.05
2004-03-03,1.74,3.06,4.07
2004-03-04,1.73,3.02,4.04
2004-03-05,1.57,2.81,3.85
2004-03-08,1.52,2.74,3.78
2004-03-09,1.51,2.68,3.73
2004-03-10,1.54,2.71,3.74
2004-03-11,1.52,2.72,3.74
2004-03-12,1.54,2.73,3.78
2004-03-15,1.56,2.74,3.78
2004-03-16,1.51,2.65,3.70
2004-03-17,1.53,2.66,3.71
2004-03-18,1.55,2.72,3.76
2004-03-19,1.56,2.75,3.80
2004-03-22,1.52,2.69,3.74
2004-03-23,1.52,2.69,3.73
2004-03-24,1.50,2.68,3.73
2004-03-25,1.51,2.70,3.75
2004-03-26,1.59,2.81,3.85
2004-03-29,1.63,2.86,3.91
2004-03-30,1.63,2.86,3.91
2004-03-31,1.60,2.80,3.86
2004-04-01,1.65,2.87,3.91
2004-04-02,1.86,3.15,4.15
2004-04-05,1.91,3.24,4.24
2004-04-06,1.86,3.19,4.19
2004-04-07,1.87,3.19,4.19
2004-04-08,1.88,3.22,4.21
2004-04-12,1.91,3.26,4.25
2004-04-13,2.01,3.37,4.35
2004-04-14,2.13,3.44,4.40
2004-04-15,2.10,3.45,4.42
2004-04-16,2.03,3.39,4.37
2004-04-19,2.07,3.42,4.39
2004-04-20,2.11,3.45,4.43
2004-04-21,2.22,3.52,4.45
2004-04-22,2.15,3.46,4.40
2004-04-23,2.29,3.58,4.48
2004-04-26,2.28,3.57,4.46
2004-04-27,2.21,3.52,4.43
2004-04-28,2.30,3.60,4.50
2004-04-29,2.34,3.66,4.55
2004-04-30,2.31,3.63,4.53
2004-05-03,2.34,3.63,4.53
2004-05-04,2.32,3.66,4.56
2004-05-05,2.34,3.71,4.61
2004-05-06,2.39,3.72,4.63
2004-05-07,2.64,3.96,4.79
2004-05-10,2.61,3.95,4.81
2004-05-11,2.61,3.94,4.79
2004-05-12,2.62,3.96,4.83
2004-05-13,2.67,4.01,4.85
2004-05-14,2.59,3.92,4.79
2004-05-17,2.51,3.83,4.70
2004-05-18,2.58,3.87,4.74
2004-05-19,2.61,3.93,4.79
2004-05-20,2.55,3.86,4.72
2004-05-21,2.60,3.91,4.76
2004-05-24,2.59,3.90,4.75
2004-05-25,2.58,3.89,4.73
2004-05-26,2.52,3.81,4.67
2004-05-27,2.46,3.74,4.60
2004-05-28,2.54,3.81,4.66
2004-06-01,2.60,3.86,4.71
2004-06-02,2.65,3.91,4.74
2004-06-03,2.63,3.89,4.71
2004-06-04,2.70,3.97,4.78
2004-06-07,2.67,3.95,4.78
2004-06-08,2.73,3.96,4.78
2004-06-09,2.79,4.01,4.82
2004-06-10,2.81,4.00,4.81
2004-06-14,2.97,4.10,4.89
2004-06-15,2.77,3.90,4.69
2004-06-16,2.84,3.96,4.74
2004-06-17,2.81,3.93,4.71
2004-06-18,2.81,3.94,4.72
2004-06-21,2.80,3.91,4.70
2004-06-22,2.80,3.92,4.72
2004-06-23,2.78,3.90,4.71
2004-06-24,2.74,3.85,4.66
2004-06-25,2.74,3.85,4.66
2004-06-28,2.86,3.97,4.76
2004-06-29,2.83,3.92,4.70
2004-06-30,2.70,3.81,4.62
2004-07-01,2.64,3.74,4.57
2004-07-02,2.54,3.62,4.48
2004-07-06,2.56,3.65,4.49
2004-07-07,2.56,3.67,4.50
2004-07-08,2.55,3.65,4.49
2004-07-09,2.55,3.64,4.49
2004-07-12,2.53,3.62,4.46
2004-07-13,2.58,3.66,4.50
2004-07-14,2.62,3.68,4.50
2004-07-15,2.64,3.69,4.50
2004-07-16,2.54,3.56,4.38
2004-07-19,2.56,3.57,4.38
2004-07-20,2.67,3.68,4.47
2004-07-21,2.71,3.72,4.50
2004-07-22,2.69,3.71,4.48
2004-07-23,2.69,3.69,4.45
2004-07-26,2.75,3.73,4.49
2004-07-27,2.82,3.85,4.62
2004-07-28,2.78,3.82,4.61
2004-07-29,2.75,3.80,4.60
2004-07-30,2.68,3.71,4.50
2004-08-02,2.66,3.68,4.48
2004-08-03,2.66,3.67,4.45
2004-08-04,2.66,3.66,4.45
2004-08-05,2.64,3.64,4.43
2004-08-06,2.40,3.40,4.24
2004-08-09,2.45,3.45,4.28
2004-08-10,2.55,3.52,4.32
2004-08-11,2.54,3.51,4.30
2004-08-12,2.52,3.47,4.27
2004-08-13,2.47,3.42,4.22
2004-08-16,2.51,3.45,4.26
2004-08-17,2.44,3.39,4.21
2004-08-18,2.44,3.41,4.23
2004-08-19,2.43,3.39,4.22
2004-08-20,2.46,3.42,4.24
2004-08-23,2.50,3.46,4.28
2004-08-24,2.50,3.46,4.28
2004-08-25,2.51,3.46,4.26
2004-08-26,2.48,3.42,4.22
2004-08-27,2.48,3.43,4.23
2004-08-30,2.47,3.40,4.19
2004-08-31,2.41,3.33,4.13
2004-09-01,2.41,3.32,4.13
2004-09-02,2.46,3.40,4.20
2004-09-03,2.61,3.52,4.30
2004-09-07,2.58,3.48,4.26
2004-09-08,2.50,3.40,4.18
2004-09-09,2.50,3.41,4.22
2004-09-10,2.50,3.40,4.19
2004-09-13,2.50,3.38,4.16
2004-09-14,2.47,3.35,4.15
2004-09-15,2.51,3.39,4.18
2004-09-16,2.44,3.29,4.08
2004-09-17,2.53,3.35,4.14
2004-09-20,2.46,3.28,4.07
2004-09-21,2.49,3.28,4.05
2004-09-22,2.50,3.26,4.00
2004-09-23,2.57,3.30,4.02
2004-09-24,2.62,3.33,4.04
2004-09-27,2.59,3.29,4.01
2004-09-28,2.55,3.28,4.02
2004-09-29,2.61,3.37,4.10
2004-09-30,2.63,3.38,4.14
2004-10-01,2.63,3.44,4.21
2004-10-04,2.65,3.44,4.19
2004-10-05,2.65,3.44,4.18
2004-10-06,2.70,3.51,4.23
2004-10-07,2.72,3.53,4.26
2004-10-08,2.61,3.39,4.15
2004-10-12,2.56,3.35,4.12
2004-10-13,2.53,3.32,4.09
2004-10-14,2.48,3.26,4.03
2004-10-15,2.53,3.31,4.07
2004-10-18,2.55,3.31,4.07
2004-10-19,2.57,3.32,4.07
2004-10-20,2.53,3.26,4.01
2004-10-21,2.57,3.29,4.01
2004-10-22,2.55,3.26,4.00
2004-10-25,2.54,3.25,3.99
2004-10-26,2.54,3.26,4.01
2004-10-27,2.63,3.37,4.11
2004-10-28,2.59,3.34,4.09
2004-10-29,2.56,3.30,4.05
2004-11-01,2.61,3.36,4.11
2004-11-02,2.60,3.34,4.10
2004-11-03,2.60,3.35,4.09
2004-11-04,2.63,3.37,4.10
2004-11-05,2.80,3.51,4.21
2004-11-08,2.80,3.51,4.22
2004-11-09,2.80,3.53,4.22
2004-11-10,2.82,3.56,4.25
2004-11-12,2.86,3.53,4.20
2004-11-15,2.89,3.53,4.20
2004-11-16,2.91,3.56,4.21
2004-11-17,2.85,3.47,4.14
2004-11-18,2.86,3.48,4.12
2004-11-19,2.95,3.57,4.20
2004-11-22,2.95,3.56,4.18
2004-11-23,2.98,3.58,4.19
2004-11-24,3.01,3.61,4.20
2004-11-26,3.03,3.64,4.24
2004-11-29,3.07,3.72,4.34
2004-11-30,3.02,3.72,4.36
2004-12-01,3.01,3.72,4.38
2004-12-02,3.04,3.75,4.40
2004-12-03,2.94,3.61,4.27
2004-12-06,2.93,3.59,4.24
2004-12-07,2.95,3.60,4.23
2004-12-08,2.91,3.53,4.14
2004-12-09,2.93,3.54,4.19
2004-12-10,2.95,3.52,4.16
2004-12-13,2.98,3.54,4.16
2004-12-14,2.99,3.53,4.14
2004-12-15,2.97,3.48,4.09
2004-12-16,3.01,3.58,4.19
2004-12-17,3.03,3.59,4.21
2004-12-20,3.06,3.59,4.21
2004-12-21,3.05,3.57,4.18
2004-12-22,3.04,3.57,4.21
2004-12-23,3.02,3.58,4.23
2004-12-27,3.07,3.65,4.30
2004-12-28,3.08,3.66,4.31
2004-12-29,3.12,3.69,4.33
2004-12-30,3.10,3.64,4.27
2004-12-31,3.08,3.63,4.24
2005-01-03,3.10,3.64,4.23
2005-01-04,3.20,3.72,4.29
2005-01-05,3.22,3.73,4.29
2005-01-06,3.18,3.71,4.29
2005-01-07,3.20,3.73,4.29
2005-01-10,3.23,3.75,4.29
2005-01-11,3.24,3.73,4.26
2005-01-12,3.22,3.72,4.25
2005-01-13,3.21,3.68,4.20
2005-01-14,3.24,3.71,4.23
2005-01-18,3.26,3.72,4.21
2005-01-19,3.26,3.73,4.20
2005-01-20,3.21,3.68,4.17
2005-01-21,3.16,3.65,4.16
2005-01-24,3.20,3.65,4.14
2005-01-25,3.23,3.71,4.20
2005-01-26,3.27,3.73,4.21
2005-01-27,3.28,3.75,4.22
2005-01-28,3.25,3.69,4.16
2005-01-31,3.29,3.71,4.14
2005-02-01,3.29,3.71,4.15
2005-02-02,3.32,3.73,4.15
2005-02-03,3.34,3.76,4.18
2005-02-04,3.29,3.68,4.09
2005-02-07,3.31,3.67,4.07
2005-02-08,3.33,3.68,4.05
2005-02-09,3.24,3.58,4.00
2005-02-10,3.29,3.65,4.07
2005-02-11,3.34,3.70,4.10
2005-02-14,3.38,3.70,4.08
2005-02-15,3.37,3.71,4.10
2005-02-16,3.41,3.78,4.16
2005-02-17,3.38,3.78,4.19
2005-02-18,3.45,3.86,4.27
2005-02-22,3.46,3.88,4.29
2005-02-23,3.46,3.87,4.27
2005-02-24,3.52,3.91,4.29
2005-02-25,3.54,3.91,4.27
2005-02-28,3.59,4.00,4.36
2005-03-01,3.59,4.02,4.38
2005-03-02,3.57,4.00,4.38
2005-03-03,3.59,4.02,4.39
2005-03-04,3.57,3.97,4.32
2005-03-07,3.61,3.99,4.31
2005-03-08,3.62,4.05,4.38
2005-03-09,3.66,4.16,4.52
2005-03-10,3.68,4.13,4.48
2005-03-11,3.73,4.22,4.56
2005-03-14,3.75,4.20,4.52
2005-03-15,3.75,4.22,4.54
2005-03-16,3.72,4.18,4.52
2005-03-17,3.70,4.14,4.47
2005-03-18,3.72,4.18,4.51
2005-03-21,3.72,4.18,4.53
2005-03-22,3.86,4.31,4.63
2005-03-23,3.84,4.30,4.61
2005-03-24,3.88,4.30,4.60
2005-03-28,3.90,4.33,4.64
2005-03-29,3.87,4.30,4.60
2005-03-30,3.86,4.26,4.56
2005-03-31,3.80,4.18,4.50
2005-04-01,3.75,4.13,4.46
2005-04-04,3.74,4.13,4.47
2005-04-05,3.75,4.15,4.48
2005-04-06,3.70,4.09,4.44
2005-04-07,3.72,4.13,4.49
2005-04-08,3.77,4.17,4.50
2005-04-11,3.75,4.13,4.45
2005-04-12,3.71,4.05,4.38
2005-04-13,3.66,4.03,4.38
2005-04-14,3.60,3.99,4.37
2005-04-15,3.54,3.90,4.27
2005-04-18,3.55,3.90,4.27
2005-04-19,3.50,3.85,4.21
2005-04-20,3.52,3.86,4.22
2005-04-21,3.65,3.97,4.32
2005-04-22,3.62,3.92,4.26
2005-04-25,3.64,3.94,4.26
2005-04-26,3.67,3.96,4.28
2005-04-27,3.64,3.92,4.25
2005-04-28,3.59,3.85,4.19
2005-04-29,3.66,3.90,4.21
2005-05-02,3.64,3.88,4.21
2005-05-03,3.68,3.90,4.21
2005-05-04,3.63,3.87,4.20
2005-05-05,3.58,3.82,4.19
2005-05-06,3.73,3.95,4.28
2005-05-09,3.76,3.99,4.29
2005-05-10,3.69,3.93,4.23
2005-05-11,3.68,3.91,4.21
2005-05-12,3.66,3.87,4.18
2005-05-13,3.61,3.83,4.12
2005-05-16,3.61,3.83,4.13
2005-05-17,3.61,3.82,4.12
2005-05-18,3.56,3.77,4.07
2005-05-19,3.64,3.84,4.11
2005-05-20,3.69,3.88,4.13
2005-05-23,3.65,3.83,4.07
2005-05-24,3.61,3.78,4.04
2005-05-25,3.61,3.81,4.08
2005-05-26,3.64,3.82,4.08
2005-05-27,3.64,3.82,4.08
2005-05-31,3.60,3.76,4.00
2005-06-01,3.50,3.63,3.91
2005-06-02,3.52,3.65,3.89
2005-06-03,3.57,3.73,3.98
2005-06-06,3.59,3.73,3.96
2005-06-07,3.57,3.70,3.92
2005-06-08,3.60,3.73,3.95
2005-06-09,3.64,3.76,3.98
2005-06-10,3.71,3.84,4.05
2005-06-13,3.71,3.87,4.09
2005-06-14,3.71,3.89,4.13
2005-06-15,3.72,3.90,4.12
2005-06-16,3.70,3.87,4.09
2005-06-17,3.72,3.88,4.09
2005-06-20,3.72,3.88,4.11
2005-06-21,3.71,3.84,4.06
2005-06-22,3.62,3.72,3.95
2005-06-23,3.63,3.74,3.96
2005-06-24,3.59,3.69,3.92
2005-06-27,3.60,3.69,3.90
2005-06-28,3.65,3.76,3.97
2005-06-29,3.65,3.77,3.99
2005-06-30,3.66,3.72,3.94
2005-07-01,3.76,3.84,4.06
2005-07-05,3.79,3.90,4.11
2005-07-06,3.77,3.86,4.08
2005-07-07,3.71,3.83,4.05
2005-07-08,3.78,3.89,4.11
2005-07-11,3.81,3.91,4.11
2005-07-12,3.82,3.94,4.15
2005-07-13,3.84,3.96,4.17
2005-07-14,3.86,3.98,4.19
2005-07-15,3.86,3.98,4.18
2005-07-18,3.89,4.01,4.22
2005-07-19,3.88,3.99,4.20
2005-07-20,3.90,3.99,4.17
2005-07-21,3.96,4.09,4.28
2005-07-22,3.92,4.04,4.23
2005-07-25,3.95,4.06,4.25
2005-07-26,3.95,4.06,4.24
2005-07-27,3.99,4.09,4.27
2005-07-28,3.96,4.04,4.20
2005-07-29,4.02,4.12,4.28
2005-08-01,4.04,4.16,4.32
2005-08-02,4.06,4.17,4.34
2005-08-03,4.02,4.13,4.30
2005-08-04,4.04,4.15,4.32
2005-08-05,4.11,4.24,4.40
2005-08-08,4.16,4.28,4.42
2005-08-09,4.13,4.25,4.41
2005-08-10,4.13,4.24,4.40
2005-08-11,4.10,4.18,4.32
2005-08-12,4.05,4.11,4.24
2005-08-15,4.08,4.15,4.27
2005-08-16,4.03,4.10,4.23
2005-08-17,4.07,4.15,4.28
2005-08-18,4.01,4.08,4.21
2005-08-19,4.03,4.08,4.21
2005-08-22,4.03,4.08,4.22
2005-08-23,4.01,4.07,4.20
2005-08-24,3.99,4.06,4.19
2005-08-25,4.00,4.06,4.18
2005-08-26,4.06,4.09,4.20
2005-08-29,4.06,4.08,4.20
2005-08-30,3.97,4.03,4.16
2005-08-31,3.84,3.87,4.02
2005-09-01,3.72,3.85,4.02
2005-09-02,3.75,3.85,4.03
2005-09-06,3.80,3.89,4.09
2005-09-07,3.87,3.93,4.15
2005-09-08,3.87,3.94,4.15
2005-09-09,3.88,3.94,4.14
2005-09-12,3.92,3.98,4.18
2005-09-13,3.88,3.93,4.14
2005-09-14,3.90,3.96,4.17
2005-09-15,3.90,3.99,4.22
2005-09-16,3.97,4.05,4.26
2005-09-19,3.93,4.02,4.25
2005-09-20,4.00,4.06,4.26
2005-09-21,3.96,4.01,4.19
2005-09-22,3.95,3.99,4.19
2005-09-23,4.02,4.07,4.25
2005-09-26,4.07,4.11,4.30
2005-09-27,4.08,4.13,4.30
2005-09-28,4.09,4.11,4.26
2005-09-29,4.13,4.14,4.29
2005-09-30,4.18,4.18,4.34
2005-10-03,4.21,4.25,4.39
2005-10-04,4.22,4.24,4.38
2005-10-05,4.21,4.23,4.36
2005-10-06,4.20,4.23,4.37
2005-10-07,4.18,4.23,4.35
2005-10-11,4.22,4.27,4.39
2005-10-12,4.24,4.32,4.45
2005-10-13,4.24,4.32,4.48
2005-10-14,4.27,4.34,4.48
2005-10-17,4.29,4.36,4.50
2005-10-18,4.27,4.34,4.49
2005-10-19,4.25,4.32,4.47
2005-10-20,4.27,4.33,4.46
2005-10-21,4.22,4.26,4.39
2005-10-24,4.25,4.32,4.45
2005-10-25,4.34,4.41,4.54
2005-10-26,4.38,4.46,4.60
2005-10-27,4.36,4.43,4.57
2005-10-28,4.40,4.46,4.58
2005-10-31,4.40,4.45,4.57
2005-11-01,4.42,4.47,4.58
2005-11-02,4.43,4.50,4.61
2005-11-03,4.47,4.55,4.65
2005-11-04,4.47,4.56,4.66
2005-11-07,4.47,4.55,4.65
2005-11-08,4.43,4.49,4.57
2005-11-09,4.49,4.55,4.64
2005-11-10,4.44,4.49,4.55
2005-11-14,4.50,4.54,4.61
2005-11-15,4.47,4.51,4.56
2005-11-16,4.42,4.43,4.49
2005-11-17,4.37,4.39,4.46
2005-11-18,4.40,4.43,4.50
2005-11-21,4.39,4.39,4.46
2005-11-22,4.32,4.34,4.43
2005-11-23,4.36,4.38,4.47
2005-11-25,4.33,4.34,4.43
2005-11-28,4.33,4.32,4.41
2005-11-29,4.40,4.40,4.48
2005-11-30,4.42,4.42,4.49
2005-12-01,4.45,4.45,4.52
2005-12-02,4.43,4.45,4.52
2005-12-05,4.47,4.50,4.57
2005-12-06,4.42,4.42,4.49
2005-12-07,4.42,4.43,4.52
2005-12-08,4.37,4.36,4.47
2005-12-09,4.43,4.44,4.54
2005-12-12,4.45,4.46,4.56
2005-12-13,4.43,4.44,4.54
2005-12-14,4.37,4.36,4.45
2005-12-15,4.37,4.38,4.47
2005-12-16,4.37,4.36,4.45
2005-12-19,4.38,4.37,4.45
2005-12-20,4.42,4.40,4.47
2005-12-21,4.43,4.42,4.49
2005-12-22,4.40,4.38,4.44
2005-12-23,4.37,4.32,4.38
2005-12-27,4.35,4.30,4.34
2005-12-28,4.37,4.32,4.38
2005-12-29,4.38,4.33,4.37
2005-12-30,4.41,4.35,4.39
2006-01-03,4.34,4.30,4.37
2006-01-04,4.31,4.28,4.36
2006-01-05,4.32,4.29,4.36
2006-01-06,4.36,4.32,4.38
2006-01-09,4.36,4.32,4.38
2006-01-10,4.41,4.36,4.43
2006-01-11,4.44,4.39,4.46
2006-01-12,4.39,4.35,4.42
2006-01-13,4.34,4.28,4.36
2006-01-17,4.33,4.27,4.34
2006-01-18,4.33,4.28,4.34
2006-01-19,4.37,4.31,4.38
2006-01-20,4.37,4.31,4.37
2006-01-23,4.35,4.30,4.36
2006-01-24,4.37,4.32,4.40
2006-01-25,4.46,4.41,4.49
2006-01-26,4.49,4.44,4.53
2006-01-27,4.51,4.45,4.52
2006-01-30,4.52,4.46,4.54
2006-01-31,4.54,4.47,4.53
2006-02-01,4.59,4.51,4.57
2006-02-02,4.59,4.51,4.57
2006-02-03,4.59,4.50,4.54
2006-02-06,4.62,4.51,4.55
2006-02-07,4.61,4.52,4.57
2006-02-08,4.64,4.55,4.56
2006-02-09,4.66,4.55,4.54
2006-02-10,4.69,4.59,4.59
2006-02-13,4.68,4.58,4.58
2006-02-14,4.69,4.61,4.62
2006-02-15,4.71,4.60,4.61
2006-02-16,4.69,4.59,4.59
2006-02-17,4.66,4.55,4.54
2006-02-21,4.71,4.59,4.57
2006-02-22,4.68,4.57,4.53
2006-02-23,4.72,4.63,4.56
2006-02-24,4.74,4.64,4.58
2006-02-27,4.74,4.66,4.59
2006-02-28,4.69,4.61,4.55
2006-03-01,4.71,4.63,4.59
2006-03-02,4.72,4.68,4.64
2006-03-03,4.76,4.71,4.68
2006-03-06,4.77,4.76,4.74
2006-03-07,4.77,4.76,4.74
2006-03-08,4.72,4.75,4.73
2006-03-09,4.72,4.75,4.74
2006-03-10,4.74,4.77,4.76
2006-03-13,4.74,4.78,4.77
2006-03-14,4.66,4.68,4.71
2006-03-15,4.69,4.69,4.73
2006-03-16,4.62,4.60,4.65
2006-03-17,4.65,4.62,4.68
2006-03-20,4.65,4.61,4.66
2006-03-21,4.72,4.68,4.71
2006-03-22,4.74,4.69,4.70
2006-03-23,4.77,4.73,4.73
2006-03-24,4.72,4.66,4.67
2006-03-27,4.72,4.69,4.70
2006-03-28,4.81,4.79,4.79
2006-03-29,4.82,4.79,4.81
2006-03-30,4.84,4.83,4.86
2006-03-31,4.82,4.82,4.86
2006-04-03,4.86,4.85,4.88
2006-04-04,4.84,4.82,4.87
2006-04-05,4.81,4.79,4.84
2006-04-06,4.84,4.84,4.90
2006-04-07,4.89,4.89,4.97
2006-04-10,4.89,4.89,4.97
2006-04-11,4.88,4.86,4.93
2006-04-12,4.91,4.91,4.98
2006-04-13,4.96,4.97,5.05
2006-04-17,4.91,4.93,5.01
2006-04-18,4.84,4.87,4.99
2006-04-19,4.86,4.91,5.04
2006-04-20,4.89,4.92,5.04
2006-04-21,4.90,4.92,5.01
2006-04-24,4.89,4.90,4.99
2006-04-25,4.95,4.98,5.07
2006-04-26,4.99,5.02,5.12
2006-04-27,4.91,4.95,5.09
2006-04-28,4.87,4.92,5.07
2006-05-01,4.94,4.99,5.14
2006-05-02,4.92,4.98,5.12
2006-05-03,4.94,5.01,5.15
2006-05-04,4.97,5.03,5.16
2006-05-05,4.94,4.99,5.12
2006-05-08,4.97,5.01,5.12
2006-05-09,4.97,5.01,5.13
2006-05-10,5.01,5.03,5.13
2006-05-11,4.99,5.04,5.14
2006-05-12,5.01,5.08,5.19
2006-05-15,4.99,5.04,5.15
2006-05-16,4.96,4.99,5.10
2006-05-17,4.97,5.03,5.16
2006-05-18,4.94,4.96,5.08
2006-05-19,4.96,4.96,5.05
2006-05-22,4.94,4.94,5.04
2006-05-23,4.97,4.98,5.07
2006-05-24,4.94,4.93,5.03
2006-05-25,4.98,4.97,5.07
2006-05-26,4.96,4.95,5.06
2006-05-30,4.99,4.99,5.09
2006-05-31,5.04,5.04,5.12
2006-06-01,5.04,5.03,5.11
2006-06-02,4.92,4.90,5.00
2006-06-05,4.99,4.95,5.02
2006-06-06,4.99,4.95,5.01
2006-06-07,5.02,4.97,5.02
2006-06-08,5.01,4.95,5.00
2006-06-09,5.01,4.95,4.98
2006-06-12,5.02,4.95,4.99
2006-06-13,5.02,4.93,4.97
2006-06-14,5.11,5.03,5.05
2006-06-15,5.14,5.08,5.10
2006-06-16,5.16,5.10,5.13
2006-06-19,5.19,5.12,5.14
2006-06-20,5.19,5.13,5.15
2006-06-21,5.20,5.14,5.16
2006-06-22,5.23,5.18,5.20
2006-06-23,5.27,5.21,5.23
2006-06-26,5.27,5.22,5.25
2006-06-27,5.24,5.19,5.21
2006-06-28,5.29,5.23,5.25
2006-06-29,5.21,5.17,5.22
2006-06-30,5.16,5.10,5.15
2006-07-03,5.17,5.11,5.15
2006-07-05,5.24,5.19,5.23
2006-07-06,5.22,5.15,5.19
2006-07-07,5.17,5.10,5.14
2006-07-10,5.17,5.10,5.13
2006-07-11,5.17,5.07,5.10
2006-07-12,5.17,5.08,5.10
2006-07-13,5.12,5.04,5.08
2006-07-14,5.08,5.02,5.07
2006-07-17,5.12,5.04,5.07
2006-07-18,5.19,5.10,5.13
2006-07-19,5.12,5.02,5.06
2006-07-20,5.06,4.98,5.03
2006-07-21,5.08,4.99,5.05
2006-07-24,5.10,4.99,5.05
2006-07-25,5.11,5.02,5.07
2006-07-26,5.06,4.99,5.04
2006-07-27,5.07,4.98,5.07
2006-07-28,4.98,4.92,5.00
2006-07-31,4.97,4.91,4.99
2006-08-01,4.97,4.90,4.99
2006-08-02,4.97,4.88,4.96
2006-08-03,4.98,4.90,4.96
2006-08-04,4.91,4.84,4.91
2006-08-07,4.96,4.86,4.93
2006-08-08,4.91,4.85,4.93
2006-08-09,4.91,4.86,4.92
2006-08-10,4.93,4.86,4.93
2006-08-11,4.96,4.91,4.97
2006-08-14,5.01,4.95,5.00
2006-08-15,4.94,4.88,4.93
2006-08-16,4.87,4.81,4.87
2006-08-17,4.89,4.82,4.87
2006-08-18,4.87,4.78,4.84
2006-08-21,4.85,4.77,4.82
2006-08-22,4.87,4.77,4.82
2006-08-23,4.87,4.77,4.82
2006-08-24,4.88,4.78,4.81
2006-08-25,4.86,4.76,4.79
2006-08-28,4.88,4.77,4.80
2006-08-29,4.87,4.77,4.79
2006-08-30,4.83,4.72,4.76
2006-08-31,4.79,4.70,4.74
2006-09-01,4.77,4.68,4.73
2006-09-05,4.80,4.73,4.78
2006-09-06,4.82,4.75,4.80
2006-09-07,4.82,4.74,4.80
2006-09-08,4.80,4.71,4.78
2006-09-11,4.83,4.74,4.80
2006-09-12,4.82,4.71,4.78
2006-09-13,4.80,4.70,4.77
2006-09-14,4.83,4.74,4.79
2006-09-15,4.87,4.76,4.80
2006-09-18,4.88,4.77,4.81
2006-09-19,4.79,4.69,4.74
2006-09-20,4.81,4.70,4.73
2006-09-21,4.71,4.60,4.65
2006-09-22,4.67,4.55,4.60
2006-09-25,4.63,4.51,4.56
2006-09-26,4.68,4.55,4.59
2006-09-27,4.66,4.56,4.60
2006-09-28,4.68,4.57,4.63
2006-09-29,4.71,4.59,4.64
2006-10-02,4.66,4.56,4.62
2006-10-03,4.67,4.56,4.62
2006-10-04,4.60,4.50,4.57
2006-10-05,4.65,4.55,4.61
2006-10-06,4.74,4.64,4.70
2006-10-10,4.82,4.71,4.75
2006-10-11,4.85,4.75,4.78
2006-10-12,4.85,4.74,4.79
2006-10-13,4.87,4.77,4.81
2006-10-16,4.85,4.76,4.79
2006-10-17,4.83,4.73,4.78
2006-10-18,4.85,4.74,4.77
2006-10-19,4.85,4.75,4.79
2006-10-20,4.87,4.76,4.79
2006-10-23,4.90,4.80,4.83
2006-10-24,4.91,4.81,4.83
2006-10-25,4.88,4.75,4.78
2006-10-26,4.81,4.69,4.73
2006-10-27,4.76,4.64,4.68
2006-10-30,4.78,4.64,4.68
2006-10-31,4.71,4.57,4.61
2006-11-01,4.66,4.52,4.57
2006-11-02,4.67,4.55,4.60
2006-11-03,4.82,4.70,4.72
2006-11-06,4.82,4.69,4.71
2006-11-07,4.77,4.63,4.66
2006-11-08,4.75,4.61,4.64
2006-11-09,4.75,4.60,4.62
2006-11-10,4.73,4.57,4.59
2006-11-13,4.76,4.60,4.61
2006-11-14,4.74,4.57,4.57
2006-11-15,4.80,4.62,4.61
2006-11-16,4.85,4.67,4.66
2006-11-17,4.76,4.60,4.61
2006-11-20,4.76,4.60,4.60
2006-11-21,4.75,4.58,4.58
2006-11-22,4.74,4.57,4.57
2006-11-24,4.73,4.55,4.55
2006-11-27,4.71,4.54,4.54
2006-11-28,4.67,4.50,4.51
2006-11-29,4.69,4.51,4.52
2006-11-30,4.62,4.45,4.46
2006-12-01,4.52,4.39,4.43
2006-12-04,4.52,4.39,4.43
2006-12-05,4.52,4.39,4.45
2006-12-06,4.59,4.44,4.48
2006-12-07,4.58,4.45,4.49
2006-12-08,4.68,4.53,4.56
2006-12-11,4.67,4.50,4.52
2006-12-12,4.61,4.45,4.49
2006-12-13,4.70,4.54,4.58
2006-12-14,4.73,4.58,4.60
2006-12-15,4.73,4.57,4.60
2006-12-18,4.71,4.57,4.60
2006-12-19,4.71,4.57,4.60
2006-12-20,4.71,4.57,4.60
2006-12-21,4.66,4.52,4.55
2006-12-22,4.71,4.59,4.63
2006-12-26,4.71,4.58,4.61
2006-12-27,4.77,4.64,4.66
2006-12-28,4.82,4.69,4.70
2006-12-29,4.82,4.70,4.71
2007-01-02,4.80,4.68,4.68
2007-01-03,4.76,4.66,4.67
2007-01-04,4.71,4.61,4.62
2007-01-05,4.76,4.65,4.65
2007-01-08,4.78,4.66,4.66
2007-01-09,4.79,4.65,4.66
2007-01-10,4.81,4.68,4.69
2007-01-11,4.86,4.73,4.74
2007-01-12,4.88,4.76,4.77
2007-01-16,4.86,4.74,4.75
2007-01-17,4.91,4.78,4.79
2007-01-18,4.89,4.75,4.75
2007-01-19,4.93,4.78,4.78
2007-01-22,4.91,4.77,4.76
2007-01-23,4.94,4.81,4.81
2007-01-24,4.93,4.81,4.81
2007-01-25,4.98,4.85,4.87
2007-01-26,4.99,4.87,4.88
2007-01-29,4.99,4.89,4.90
2007-01-30,4.98,4.86,4.88
2007-01-31,4.94,4.82,4.83
2007-02-01,4.96,4.84,4.84
2007-02-02,4.94,4.82,4.83
2007-02-05,4.92,4.80,4.81
2007-02-06,4.90,4.76,4.77
2007-02-07,4.87,4.74,4.74
2007-02-08,4.87,4.73,4.73
2007-02-09,4.92,4.78,4.79
2007-02-12,4.94,4.80,4.80
2007-02-13,4.95,4.81,4.82
2007-02-14,4.87,4.72,4.74
2007-02-15,4.83,4.68,4.70
2007-02-16,4.83,4.68,4.69
2007-02-20,4.81,4.67,4.68
2007-02-21,4.82,4.68,4.69
2007-02-22,4.87,4.72,4.73
2007-02-23,4.82,4.67,4.68
2007-02-26,4.77,4.62,4.63
2007-02-27,4.59,4.46,4.50
2007-02-28,4.65,4.52,4.56
2007-03-01,4.63,4.50,4.56
2007-03-02,4.56,4.46,4.52
2007-03-05,4.53,4.45,4.51
2007-03-06,4.58,4.48,4.53
2007-03-07,4.54,4.45,4.50
2007-03-08,4.56,4.45,4.51
2007-03-09,4.66,4.55,4.59
2007-03-12,4.62,4.50,4.56
2007-03-13,4.52,4.41,4.50
2007-03-14,4.54,4.44,4.53
2007-03-15,4.57,4.46,4.54
2007-03-16,4.58,4.47,4.55
2007-03-19,4.61,4.50,4.58
2007-03-20,4.60,4.47,4.56
2007-03-21,4.51,4.43,4.53
2007-03-22,4.58,4.49,4.60
2007-03-23,4.60,4.52,4.62
2007-03-26,4.56,4.48,4.60
2007-03-27,4.58,4.50,4.62
2007-03-28,4.53,4.50,4.62
2007-03-29,4.58,4.53,4.64
2007-03-30,4.58,4.54,4.65
2007-04-02,4.60,4.54,4.65
2007-04-03,4.63,4.56,4.67
2007-04-04,4.61,4.55,4.66
2007-04-05,4.63,4.57,4.68
2007-04-06,4.75,4.67,4.76
2007-04-09,4.73,4.66,4.75
2007-04-10,4.71,4.63,4.73
2007-04-11,4.73,4.66,4.74
2007-04-12,4.73,4.66,4.74
2007-04-13,4.76,4.68,4.76
2007-04-16,4.74,4.67,4.74
2007-04-17,4.68,4.61,4.69
2007-04-18,4.64,4.56,4.66
2007-04-19,4.64,4.57,4.68
2007-04-20,4.64,4.57,4.68
2007-04-23,4.62,4.55,4.66
2007-04-24,4.58,4.51,4.63
2007-04-25,4.63,4.55,4.66
2007-04-26,4.67,4.59,4.69
2007-04-27,4.67,4.59,4.71
2007-04-30,4.60,4.51,4.63
2007-05-01,4.63,4.54,4.64
2007-05-02,4.65,4.55,4.65
2007-05-03,4.71,4.59,4.68
2007-05-04,4.68,4.55,4.65
2007-05-07,4.68,4.55,4.64
2007-05-08,4.68,4.54,4.63
2007-05-09,4.73,4.58,4.67
2007-05-10,4.70,4.56,4.65
2007-05-11,4.71,4.58,4.67
2007-05-14,4.73,4.61,4.69
2007-05-15,4.75,4.63,4.71
2007-05-16,4.73,4.62,4.71
2007-05-17,4.78,4.68,4.76
2007-05-18,4.82,4.74,4.81
2007-05-21,4.81,4.71,4.79
2007-05-22,4.83,4.76,4.83
2007-05-23,4.85,4.79,4.86
2007-05-24,4.85,4.79,4.86
2007-05-25,4.85,4.80,4.86
2007-05-29,4.88,4.82,4.88
2007-05-30,4.89,4.83,4.88
2007-05-31,4.92,4.86,4.90
2007-06-01,4.97,4.92,4.95
2007-06-04,4.97,4.91,4.93
2007-06-05,4.99,4.96,4.98
2007-06-06,4.97,4.94,4.97
2007-06-07,5.03,5.05,5.11
2007-06-08,5.01,5.06,5.12
2007-06-11,5.01,5.07,5.14
2007-06-12,5.08,5.18,5.26
2007-06-13,5.08,5.13,5.20
2007-06-14,5.10,5.16,5.23
2007-06-15,5.05,5.10,5.16
2007-06-18,5.01,5.07,5.15
2007-06-19,4.94,5.00,5.09
2007-06-20,4.97,5.05,5.14
2007-06-21,4.98,5.06,5.16
2007-06-22,4.92,5.02,5.14
2007-06-25,4.87,4.97,5.09
2007-06-26,4.90,4.99,5.10
2007-06-27,4.91,4.97,5.09
2007-06-28,4.96,5.02,5.12
2007-06-29,4.87,4.92,5.03
2007-07-02,4.86,4.90,5.00
2007-07-03,4.89,4.95,5.05
2007-07-05,4.99,5.05,5.16
2007-07-06,4.99,5.10,5.19
2007-07-09,4.97,5.07,5.16
2007-07-10,4.85,4.93,5.03
2007-07-11,4.89,4.98,5.09
2007-07-12,4.94,5.03,5.13
2007-07-13,4.94,5.01,5.11
2007-07-16,4.89,4.95,5.05
2007-07-17,4.91,4.98,5.08
2007-07-18,4.84,4.91,5.02
2007-07-19,4.87,4.94,5.04
2007-07-20,4.79,4.85,4.96
2007-07-23,4.80,4.86,4.97
2007-07-24,4.77,4.82,4.94
2007-07-25,4.74,4.80,4.92
2007-07-26,4.56,4.61,4.79
2007-07-27,4.56,4.60,4.80
2007-07-30,4.59,4.64,4.82
2007-07-31,4.56,4.60,4.78
2007-08-01,4.56,4.60,4.76
2007-08-02,4.59,4.62,4.77
2007-08-03,4.46,4.52,4.71
2007-08-06,4.46,4.52,4.72
2007-08-07,4.56,4.60,4.77
2007-08-08,4.64,4.69,4.84
2007-08-09,4.49,4.58,4.79
2007-08-10,4.47,4.59,4.81
2007-08-13,4.46,4.57,4.78
2007-08-14,4.39,4.51,4.73
2007-08-15,4.27,4.41,4.69
2007-08-16,4.08,4.26,4.60
2007-08-17,4.18,4.35,4.68
2007-08-20,4.11,4.32,4.64
2007-08-21,4.05,4.27,4.60
2007-08-22,4.15,4.34,4.63
2007-08-23,4.20,4.36,4.62
2007-08-24,4.30,4.42,4.63
2007-08-27,4.28,4.39,4.60
2007-08-28,4.13,4.25,4.53
2007-08-29,4.14,4.31,4.57
2007-08-30,4.08,4.21,4.51
2007-08-31,4.15,4.25,4.54
2007-09-04,4.13,4.26,4.56
2007-09-05,4.03,4.16,4.48
2007-09-06,4.08,4.20,4.51
2007-09-07,3.90,4.03,4.38
2007-09-10,3.87,4.00,4.34
2007-09-11,3.95,4.07,4.37
2007-09-12,3.95,4.11,4.41
2007-09-13,4.08,4.22,4.49
2007-09-14,4.05,4.18,4.47
2007-09-17,4.08,4.21,4.48
2007-09-18,4.00,4.19,4.50
2007-09-19,4.00,4.20,4.53
2007-09-20,4.10,4.35,4.69
2007-09-21,4.06,4.31,4.64
2007-09-24,4.05,4.31,4.63
2007-09-25,4.00,4.26,4.63
2007-09-26,3.97,4.27,4.63
2007-09-27,3.95,4.22,4.58
2007-09-28,3.97,4.23,4.59
2007-10-01,4.02,4.24,4.56
2007-10-02,3.98,4.20,4.54
2007-10-03,4.02,4.24,4.55
2007-10-04,4.00,4.22,4.54
2007-10-05,4.08,4.33,4.65
2007-10-09,4.15,4.38,4.67
2007-10-10,4.15,4.37,4.65
2007-10-11,4.13,4.36,4.66
2007-10-12,4.23,4.42,4.70
2007-10-15,4.22,4.40,4.69
2007-10-16,4.12,4.34,4.66
2007-10-17,4.00,4.22,4.57
2007-10-18,3.93,4.17,4.52
2007-10-19,3.80,4.03,4.41
2007-10-22,3.85,4.08,4.42
2007-10-23,3.81,4.06,4.41
2007-10-24,3.74,3.99,4.36
2007-10-25,3.74,4.01,4.37
2007-10-26,3.77,4.04,4.41
2007-10-29,3.79,4.04,4.39
2007-10-30,3.82,4.06,4.40
2007-10-31,3.94,4.16,4.48
2007-11-01,3.77,4.02,4.36
2007-11-02,3.66,3.93,4.31
2007-11-05,3.69,3.96,4.35
2007-11-06,3.70,3.99,4.38
2007-11-07,3.61,3.92,4.34
2007-11-08,3.47,3.81,4.28
2007-11-09,3.42,3.77,4.23
2007-11-13,3.54,3.84,4.26
2007-11-14,3.57,3.86,4.28
2007-11-15,3.35,3.71,4.17
2007-11-16,3.33,3.68,4.15
2007-11-19,3.18,3.57,4.07
2007-11-20,3.14,3.52,4.06
2007-11-21,2.99,3.40,4.00
2007-11-23,3.07,3.42,4.01
2007-11-26,2.92,3.23,3.83
2007-11-27,3.05,3.38,3.95
2007-11-28,3.17,3.50,4.03
2007-11-29,3.06,3.42,3.94
2007-11-30,3.04,3.41,3.97
2007-12-03,2.90,3.28,3.89
2007-12-04,2.90,3.28,3.89
2007-12-05,2.90,3.28,3.92
2007-12-06,3.03,3.39,4.02
2007-12-07,3.12,3.51,4.12
2007-12-10,3.17,3.54,4.15
2007-12-11,2.94,3.32,3.98
2007-12-12,3.07,3.41,4.05
2007-12-13,3.21,3.54,4.18
2007-12-14,3.31,3.63,4.24
2007-12-17,3.24,3.57,4.20
2007-12-18,3.19,3.53,4.14
2007-12-19,3.12,3.46,4.06
2007-12-20,3.09,3.45,4.04
2007-12-21,3.19,3.58,4.18
2007-12-24,3.24,3.65,4.23
2007-12-26,3.31,3.72,4.30
2007-12-27,3.24,3.64,4.21
2007-12-28,3.12,3.52,4.11
2007-12-31,3.05,3.45,4.04
2008-01-02,2.88,3.28,3.91
2008-01-03,2.83,3.26,3.91
2008-01-04,2.74,3.18,3.88
2008-01-07,2.76,3.16,3.86
2008-01-08,2.76,3.16,3.86
2008-01-09,2.69,3.10,3.82
2008-01-10,2.71,3.16,3.91
2008-01-11,2.59,3.06,3.82
2008-01-14,2.58,3.08,3.81
2008-01-15,2.53,3.00,3.72
2008-01-16,2.51,3.00,3.74
2008-01-17,2.44,2.90,3.66
2008-01-18,2.36,2.86,3.66
2008-01-22,2.08,2.64,3.52
2008-01-23,2.09,2.64,3.51
2008-01-24,2.25,2.85,3.68
2008-01-25,2.23,2.81,3.61
2008-01-28,2.20,2.80,3.61
2008-01-29,2.29,2.87,3.69
2008-01-30,2.30,2.96,3.78
2008-01-31,2.17,2.82,3.67
2008-02-01,2.09,2.75,3.62
2008-02-04,2.08,2.78,3.68
2008-02-05,1.93,2.66,3.61
2008-02-06,1.96,2.67,3.61
2008-02-07,1.99,2.79,3.74
2008-02-08,1.93,2.69,3.64
2008-02-11,1.93,2.67,3.62
2008-02-12,1.94,2.71,3.66
2008-02-13,1.91,2.71,3.70
2008-02-14,1.93,2.81,3.85
2008-02-15,1.91,2.76,3.76
2008-02-19,2.06,2.93,3.89
2008-02-20,2.14,3.02,3.93
2008-02-21,1.98,2.80,3.77
2008-02-22,1.98,2.81,3.79
2008-02-25,2.13,2.98,3.91
2008-02-26,2.04,2.92,3.88
2008-02-27,2.01,2.89,3.85
2008-02-28,1.87,2.73,3.71
2008-02-29,1.65,2.50,3.53
2008-03-03,1.61,2.48,3.54
2008-03-04,1.65,2.53,3.63
2008-03-05,1.66,2.59,3.70
2008-03-06,1.53,2.50,3.62
2008-03-07,1.53,2.45,3.56
2008-03-10,1.47,2.37,3.46
2008-03-11,1.74,2.61,3.60
2008-03-12,1.63,2.49,3.49
2008-03-13,1.63,2.53,3.56
2008-03-14,1.47,2.37,3.44
2008-03-17,1.35,2.23,3.34
2008-03-18,1.58,2.42,3.48
2008-03-19,1.54,2.36,3.38
2008-03-20,1.59,2.36,3.34
2008-03-24,1.84,2.64,3.56
2008-03-25,1.79,2.61,3.51
2008-03-26,1.71,2.55,3.51
2008-03-27,1.73,2.61,3.56
2008-03-28,1.67,2.51,3.47
2008-03-31,1.62,2.46,3.45
2008-04-01,1.80,2.65,3.57
2008-04-02,1.88,2.72,3.60
2008-04-03,1.91,2.75,3.61
2008-04-04,1.83,2.63,3.50
2008-04-07,1.95,2.75,3.57
2008-04-08,1.87,2.72,3.58
2008-04-09,1.77,2.59,3.49
2008-04-10,1.84,2.66,3.55
2008-04-11,1.76,2.57,3.49
2008-04-14,1.78,2.60,3.53
2008-04-15,1.84,2.68,3.60
2008-04-16,1.98,2.82,3.72
2008-04-17,2.13,2.90,3.75
2008-04-18,2.19,2.95,3.77
2008-04-21,2.20,2.95,3.75
2008-04-22,2.24,2.96,3.74
2008-04-23,2.22,2.98,3.77
2008-04-24,2.41,3.15,3.87
2008-04-25,2.44,3.20,3.91
2008-04-28,2.36,3.14,3.86
2008-04-29,2.35,3.11,3.85
2008-04-30,2.29,3.03,3.77
2008-05-01,2.37,3.06,3.78
2008-05-02,2.47,3.18,3.89
2008-05-05,2.42,3.14,3.88
2008-05-06,2.38,3.15,3.93
2008-05-07,2.31,3.09,3.87
2008-05-08,2.25,2.99,3.79
2008-05-09,2.25,2.98,3.77
2008-05-12,2.30,3.00,3.78
2008-05-13,2.47,3.17,3.90
2008-05-14,2.53,3.22,3.92
2008-05-15,2.45,3.10,3.83
2008-05-16,2.47,3.12,3.85
2008-05-19,2.42,3.09,3.83
2008-05-20,2.34,3.02,3.78
2008-05-21,2.41,3.09,3.81
2008-05-22,2.56,3.24,3.92
2008-05-23,2.46,3.15,3.85
2008-05-27,2.55,3.25,3.93
2008-05-28,2.62,3.36,4.03
2008-05-29,2.67,3.41,4.08
2008-05-30,2.66,3.41,4.06
2008-06-02,2.51,3.28,3.98
2008-06-03,2.45,3.21,3.92
2008-06-04,2.47,3.26,3.98
2008-06-05,2.52,3.34,4.06
2008-06-06,2.40,3.20,3.94
2008-06-09,2.73,3.41,4.02
2008-06-10,2.91,3.54,4.11
2008-06-11,2.83,3.49,4.10
2008-06-12,3.03,3.68,4.23
2008-06-13,3.05,3.73,4.27
2008-06-16,3.02,3.73,4.25
2008-06-17,2.94,3.66,4.23
2008-06-18,2.89,3.57,4.16
2008-06-19,2.99,3.67,4.22
2008-06-20,2.88,3.57,4.16
2008-06-23,2.98,3.65,4.19
2008-06-24,2.87,3.52,4.10
2008-06-25,2.82,3.54,4.12
2008-06-26,2.68,3.44,4.07
2008-06-27,2.65,3.36,3.99
2008-06-30,2.63,3.34,3.99
2008-07-01,2.63,3.33,4.01
2008-07-02,2.60,3.31,3.99
2008-07-03,2.54,3.28,3.99
2008-07-07,2.47,3.23,3.95
2008-07-08,2.47,3.19,3.91
2008-07-09,2.41,3.11,3.85
2008-07-10,2.44,3.10,3.83
2008-07-11,2.59,3.27,3.96
2008-07-14,2.47,3.20,3.90
2008-07-15,2.39,3.12,3.87
2008-07-16,2.44,3.20,3.97
2008-07-17,2.58,3.35,4.07
2008-07-18,2.66,3.42,4.11
2008-07-21,2.66,3.41,4.09
2008-07-22,2.74,3.48,4.14
2008-07-23,2.81,3.51,4.16
2008-07-24,2.61,3.37,4.03
2008-07-25,2.70,3.45,4.13
2008-07-28,2.59,3.34,4.06
2008-07-29,2.65,3.39,4.09
2008-07-30,2.64,3.36,4.07
2008-07-31,2.52,3.25,3.99
2008-08-01,2.51,3.23,3.97
2008-08-04,2.53,3.23,3.98
2008-08-05,2.54,3.28,4.04
2008-08-06,2.56,3.30,4.06
2008-08-07,2.43,3.16,3.92
2008-08-08,2.51,3.21,3.94
2008-08-11,2.56,3.27,3.99
2008-08-12,2.45,3.16,3.91
2008-08-13,2.50,3.21,3.94
2008-08-14,2.45,3.15,3.89
2008-08-15,2.40,3.11,3.84
2008-08-18,2.35,3.07,3.82
2008-08-19,2.32,3.07,3.83
2008-08-20,2.25,3.00,3.79
2008-08-21,2.33,3.08,3.84
2008-08-22,2.42,3.14,3.87
2008-08-25,2.33,3.04,3.79
2008-08-26,2.35,3.06,3.79
2008-08-27,2.31,3.02,3.77
2008-08-28,2.37,3.09,3.79
2008-08-29,2.36,3.10,3.83
2008-09-02,2.26,3.00,3.74
2008-09-03,2.26,2.95,3.71
2008-09-04,2.20,2.87,3.64
2008-09-05,2.23,2.91,3.66
2008-09-08,2.30,2.96,3.66
2008-09-09,2.23,2.90,3.62
2008-09-10,2.22,2.91,3.65
2008-09-11,2.18,2.87,3.64
2008-09-12,2.23,2.97,3.74
2008-09-15,1.78,2.59,3.47
2008-09-16,1.89,2.64,3.48
2008-09-17,1.64,2.52,3.41
2008-09-18,1.78,2.67,3.54
2008-09-19,2.16,3.01,3.78
2008-09-22,2.13,3.04,3.83
2008-09-23,2.11,3.03,3.85
2008-09-24,2.03,2.91,3.80
2008-09-25,2.16,3.09,3.88
2008-09-26,2.11,3.05,3.85
2008-09-29,1.70,2.70,3.61
2008-09-30,2.00,2.98,3.85
2008-10-01,1.82,2.87,3.77
2008-10-02,1.62,2.68,3.66
2008-10-03,1.60,2.64,3.63
2008-10-06,1.43,2.45,3.48
2008-10-07,1.47,2.45,3.50
2008-10-08,1.65,2.70,3.72
2008-10-09,1.65,2.79,3.84
2008-10-10,1.62,2.77,3.89
2008-10-14,1.82,3.01,4.08
2008-10-15,1.64,2.90,4.04
2008-10-16,1.61,2.84,3.99
2008-10-17,1.64,2.83,3.98
2008-10-20,1.71,2.82,3.91
2008-10-21,1.58,2.63,3.76
2008-10-22,1.53,2.56,3.65
2008-10-23,1.54,2.57,3.63
2008-10-24,1.57,2.64,3.76
2008-10-27,1.59,2.67,3.79
2008-10-28,1.65,2.75,3.89
2008-10-29,1.58,2.77,3.93
2008-10-30,1.59,2.84,4.00
2008-10-31,1.56,2.80,4.01
2008-11-03,1.45,2.71,3.96
2008-11-04,1.39,2.56,3.81
2008-11-05,1.36,2.50,3.73
2008-11-06,1.28,2.46,3.75
2008-11-07,1.33,2.56,3.83
2008-11-10,1.27,2.51,3.82
2008-11-12,1.19,2.37,3.75
2008-11-13,1.24,2.43,3.84
2008-11-14,1.22,2.33,3.72
2008-11-17,1.22,2.32,3.68
2008-11-18,1.15,2.22,3.53
2008-11-19,1.09,2.08,3.38
2008-11-20,1.00,1.94,3.10
2008-11-21,1.09,2.02,3.20
2008-11-24,1.31,2.24,3.35
2008-11-25,1.15,2.06,3.11
2008-11-26,1.09,2.01,2.99
2008-11-28,1.00,1.93,2.93
2008-12-01,0.90,1.71,2.72
2008-12-02,0.90,1.65,2.68
2008-12-03,0.87,1.60,2.67
2008-12-04,0.82,1.51,2.55
2008-12-05,0.93,1.67,2.67
2008-12-08,0.97,1.76,2.77
2008-12-09,0.84,1.61,2.67
2008-12-10,0.86,1.62,2.69
2008-12-11,0.79,1.55,2.64
2008-12-12,0.78,1.55,2.60
2008-12-15,0.75,1.50,2.53
2008-12-16,0.65,1.34,2.37
2008-12-17,0.73,1.35,2.20
2008-12-18,0.68,1.26,2.08
2008-12-19,0.74,1.35,2.13
2008-12-22,0.87,1.40,2.16
2008-12-23,0.90,1.53,2.18
2008-12-24,0.90,1.54,2.20
2008-12-26,0.89,1.51,2.16
2008-12-29,0.78,1.45,2.13
2008-12-30,0.75,1.47,2.11
2008-12-31,0.76,1.55,2.25
2009-01-02,0.88,1.72,2.46
2009-01-05,0.78,1.67,2.49
2009-01-06,0.80,1.68,2.51
2009-01-07,0.82,1.66,2.52
2009-01-08,0.83,1.60,2.47
2009-01-09,0.75,1.51,2.43
2009-01-12,0.74,1.45,2.34
2009-01-13,0.76,1.44,2.33
2009-01-14,0.73,1.36,2.24
2009-01-15,0.73,1.36,2.23
2009-01-16,0.73,1.47,2.36
2009-01-20,0.73,1.48,2.40
2009-01-21,0.78,1.60,2.56
2009-01-22,0.75,1.61,2.62
2009-01-23,0.83,1.64,2.65
2009-01-26,0.85,1.67,2.70
2009-01-27,0.87,1.59,2.59
2009-01-28,0.89,1.70,2.71
2009-01-29,0.95,1.87,2.87
2009-01-30,0.94,1.85,2.87
2009-02-02,0.89,1.75,2.76
2009-02-03,0.96,1.88,2.89
2009-02-04,0.98,1.91,2.95
2009-02-05,0.98,1.89,2.95
2009-02-06,0.99,1.97,3.05
2009-02-09,1.05,1.99,3.07
2009-02-10,0.92,1.79,2.90
2009-02-11,0.93,1.76,2.78
2009-02-12,0.89,1.73,2.75
2009-02-13,0.97,1.88,2.89
2009-02-17,0.87,1.65,2.64
2009-02-18,0.97,1.81,2.74
2009-02-19,1.01,1.89,2.85
2009-02-20,0.96,1.81,2.78
2009-02-23,0.96,1.84,2.78
2009-02-24,1.03,1.89,2.80
2009-02-25,1.09,2.06,2.95
2009-02-26,1.08,2.07,2.98
2009-02-27,1.00,1.99,3.02
2009-03-02,0.89,1.86,2.91
2009-03-03,0.91,1.87,2.93
2009-03-04,0.97,1.97,3.01
2009-03-05,0.90,1.82,2.83
2009-03-06,0.91,1.83,2.83
2009-03-09,0.96,1.90,2.89
2009-03-10,1.01,1.99,2.99
2009-03-11,1.03,1.96,2.95
2009-03-12,1.03,1.92,2.89
2009-03-13,0.98,1.87,2.89
2009-03-16,1.00,1.91,2.97
2009-03-17,1.05,2.00,3.02
2009-03-18,0.82,1.54,2.51
2009-03-19,0.87,1.64,2.61
2009-03-20,0.89,1.66,2.65
2009-03-23,0.93,1.69,2.68
2009-03-24,0.93,1.70,2.68
2009-03-25,0.96,1.84,2.81
2009-03-26,0.90,1.80,2.76
2009-03-27,0.90,1.79,2.78
2009-03-30,0.84,1.72,2.73
2009-03-31,0.81,1.67,2.71
2009-04-01,0.83,1.65,2.68
2009-04-02,0.88,1.74,2.77
2009-04-03,0.96,1.87,2.91
2009-04-06,0.94,1.90,2.95
2009-04-07,0.91,1.87,2.93
2009-04-08,0.93,1.83,2.86
2009-04-09,0.96,1.90,2.96
2009-04-13,0.89,1.81,2.88
2009-04-14,0.86,1.71,2.80
2009-04-15,0.86,1.71,2.82
2009-04-16,0.91,1.79,2.86
2009-04-17,0.99,1.91,2.98
2009-04-20,0.93,1.82,2.88
2009-04-21,0.96,1.87,2.94
2009-04-22,1.00,1.92,2.98
2009-04-23,0.97,1.89,2.96
2009-04-24,0.99,1.96,3.03
2009-04-27,0.90,1.87,2.95
2009-04-28,0.95,1.97,3.05
2009-04-29,0.94,2.01,3.12
2009-04-30,0.91,2.02,3.16
2009-05-01,0.92,2.03,3.21
2009-05-04,0.94,2.03,3.19
2009-05-05,0.98,2.05,3.20
2009-05-06,0.96,2.06,3.18
2009-05-07,1.00,2.15,3.29
2009-05-08,1.00,2.15,3.29
2009-05-11,0.92,2.04,3.17
2009-05-12,0.90,2.02,3.17
2009-05-13,0.89,1.98,3.11
2009-05-14,0.87,1.98,3.10
2009-05-15,0.88,2.01,3.14
2009-05-18,0.93,2.09,3.22
2009-05-19,0.91,2.12,3.25
2009-05-20,0.87,2.05,3.19
2009-05-21,0.89,2.16,3.35
2009-05-22,0.92,2.23,3.45
2009-05-26,0.96,2.30,3.50
2009-05-27,0.96,2.43,3.71
2009-05-28,0.97,2.46,3.67
2009-05-29,0.92,2.34,3.47
2009-06-01,0.97,2.55,3.71
2009-06-02,0.96,2.52,3.65
2009-06-03,0.91,2.43,3.56
2009-06-04,0.96,2.56,3.72
2009-06-05,1.32,2.85,3.84
2009-06-08,1.42,2.95,3.91
2009-06-09,1.33,2.86,3.86
2009-06-10,1.38,2.93,3.98
2009-06-11,1.35,2.87,3.88
2009-06-12,1.30,2.81,3.81
2009-06-15,1.26,2.75,3.76
2009-06-16,1.23,2.70,3.67
2009-06-17,1.19,2.69,3.68
2009-06-18,1.28,2.86,3.86
2009-06-19,1.25,2.82,3.79
2009-06-22,1.17,2.75,3.72
2009-06-23,1.14,2.71,3.65
2009-06-24,1.19,2.74,3.72
2009-06-25,1.12,2.58,3.55
2009-06-26,1.10,2.53,3.52
2009-06-29,1.11,2.53,3.51
2009-06-30,1.11,2.54,3.53
2009-07-01,1.05,2.51,3.55
2009-07-02,0.98,2.43,3.51
2009-07-06,0.96,2.40,3.52
2009-07-07,0.98,2.36,3.47
2009-07-08,0.91,2.23,3.33
2009-07-09,0.94,2.33,3.44
2009-07-10,0.91,2.22,3.32
2009-07-13,0.92,2.27,3.38
2009-07-14,0.97,2.37,3.50
2009-07-15,1.03,2.52,3.63
2009-07-16,1.00,2.46,3.59
2009-07-17,1.02,2.52,3.67
2009-07-20,0.99,2.46,3.61
2009-07-21,0.96,2.36,3.50
2009-07-22,0.98,2.43,3.58
2009-07-23,1.08,2.60,3.72
2009-07-24,1.05,2.57,3.70
2009-07-27,1.08,2.63,3.75
2009-07-28,1.12,2.63,3.72
2009-07-29,1.17,2.69,3.69
2009-07-30,1.19,2.66,3.67
2009-07-31,1.13,2.53,3.52
2009-08-03,1.18,2.66,3.66
2009-08-04,1.20,2.68,3.70
2009-08-05,1.23,2.73,3.80
2009-08-06,1.22,2.73,3.79
2009-08-07,1.32,2.84,3.89
2009-08-10,1.24,2.75,3.80
2009-08-11,1.21,2.69,3.71
2009-08-12,1.18,2.70,3.72
2009-08-13,1.12,2.58,3.59
2009-08-14,1.07,2.51,3.55
2009-08-17,1.04,2.43,3.48
2009-08-18,1.06,2.48,3.51
2009-08-19,1.01,2.43,3.45
2009-08-20,1.03,2.43,3.42
2009-08-21,1.13,2.58,3.56
2009-08-24,1.05,2.50,3.48
2009-08-25,1.05,2.48,3.45
2009-08-26,1.06,2.46,3.44
2009-08-27,1.04,2.48,3.47
2009-08-28,1.01,2.46,3.46
2009-08-31,0.97,2.39,3.40
2009-09-01,0.92,2.33,3.38
2009-09-02,0.89,2.26,3.29
2009-09-03,0.91,2.29,3.33
2009-09-04,0.94,2.36,3.45
2009-09-08,0.93,2.38,3.47
2009-09-09,0.93,2.38,3.48
2009-09-10,0.90,2.29,3.36
2009-09-11,0.90,2.29,3.34
2009-09-14,0.94,2.37,3.42
2009-09-15,0.96,2.41,3.47
2009-09-16,1.01,2.46,3.48
2009-09-17,0.98,2.41,3.42
2009-09-18,1.03,2.49,3.49
2009-09-21,1.02,2.47,3.49
2009-09-22,1.02,2.45,3.46
2009-09-23,0.96,2.40,3.44
2009-09-24,0.93,2.37,3.40
2009-09-25,0.98,2.36,3.34
2009-09-28,0.98,2.33,3.31
2009-09-29,1.00,2.34,3.31
2009-09-30,0.95,2.31,3.31
2009-10-01,0.87,2.20,3.21
2009-10-02,0.88,2.22,3.24
2009-10-05,0.88,2.21,3.24
2009-10-06,0.91,2.25,3.27
2009-10-07,0.87,2.16,3.21
2009-10-08,0.90,2.22,3.27
2009-10-09,0.98,2.36,3.40
2009-10-13,0.91,2.28,3.34
2009-10-14,0.96,2.36,3.45
2009-10-15,0.97,2.41,3.49
2009-10-16,0.97,2.37,3.43
2009-10-19,0.99,2.36,3.41
2009-10-20,0.95,2.30,3.35
2009-10-21,1.00,2.38,3.42
2009-10-22,0.97,2.39,3.44
2009-10-23,1.04,2.46,3.51
2009-10-26,1.06,2.53,3.59
2009-10-27,0.99,2.41,3.49
2009-10-28,0.95,2.37,3.44
2009-10-29,0.98,2.44,3.53
2009-10-30,0.90,2.31,3.41
2009-11-02,0.92,2.33,3.45
2009-11-03,0.92,2.36,3.50
2009-11-04,0.91,2.39,3.57
2009-11-05,0.90,2.35,3.57
2009-11-06,0.86,2.30,3.54
2009-11-09,0.87,2.31,3.52
2009-11-10,0.85,2.31,3.50
2009-11-12,0.82,2.28,3.45
2009-11-13,0.82,2.28,3.43
2009-11-16,0.78,2.19,3.33
2009-11-17,0.78,2.19,3.33
2009-11-18,0.77,2.21,3.36
2009-11-19,0.73,2.18,3.35
2009-11-20,0.75,2.20,3.36
2009-11-23,0.77,2.20,3.37
2009-11-24,0.73,2.15,3.32
2009-11-25,0.73,2.11,3.28
2009-11-27,0.68,2.03,3.21
2009-11-30,0.67,2.01,3.21
2009-12-01,0.67,2.03,3.28
2009-12-02,0.72,2.09,3.32
2009-12-03,0.74,2.14,3.39
2009-12-04,0.84,2.24,3.48
2009-12-07,0.78,2.19,3.44
2009-12-08,0.73,2.12,3.40
2009-12-09,0.76,2.15,3.45
2009-12-10,0.78,2.19,3.49
2009-12-11,0.83,2.26,3.55
2009-12-14,0.87,2.30,3.56
2009-12-15,0.88,2.35,3.60
2009-12-16,0.85,2.35,3.61
2009-12-17,0.77,2.24,3.50
2009-12-18,0.82,2.30,3.55
2009-12-21,0.89,2.43,3.69
2009-12-22,0.95,2.49,3.76
2009-12-23,0.96,2.51,3.77
2009-12-24,1.00,2.57,3.82
2009-12-28,1.09,2.62,3.85
2009-12-29,1.09,2.62,3.82
2009-12-30,1.08,2.61,3.80
2009-12-31,1.14,2.69,3.85
2010-01-04,1.09,2.65,3.85
2010-01-05,1.01,2.56,3.77
2010-01-06,1.01,2.60,3.85
2010-01-07,1.03,2.62,3.85
2010-01-08,0.96,2.57,3.83
2010-01-11,0.95,2.58,3.85
2010-01-12,0.92,2.49,3.74
2010-01-13,0.97,2.55,3.80
2010-01-14,0.94,2.51,3.76
2010-01-15,0.89,2.44,3.70
2010-01-19,0.93,2.48,3.73
2010-01-20,0.92,2.45,3.68
2010-01-21,0.87,2.38,3.62
2010-01-22,0.84,2.37,3.62
2010-01-25,0.86,2.39,3.66
2010-01-26,0.87,2.38,3.65
2010-01-27,0.90,2.43,3.66
2010-01-28,0.87,2.41,3.68
2010-01-29,0.82,2.34,3.63
2010-02-01,0.86,2.38,3.68
2010-02-02,0.86,2.37,3.67
2010-02-03,0.88,2.40,3.73
2010-02-04,0.80,2.29,3.62
2010-02-05,0.77,2.23,3.59
2010-02-08,0.79,2.26,3.62
2010-02-09,0.84,2.32,3.67
2010-02-10,0.91,2.39,3.72
2010-02-11,0.91,2.39,3.73
2010-02-12,0.84,2.35,3.69
2010-02-16,0.82,2.32,3.66
2010-02-17,0.87,2.40,3.74
2010-02-18,0.90,2.46,3.79
2010-02-19,0.95,2.48,3.78
2010-02-22,0.91,2.47,3.80
2010-02-23,0.87,2.37,3.69
2010-02-24,0.87,2.40,3.70
2010-02-25,0.82,2.33,3.64
2010-02-26,0.81,2.30,3.61
2010-03-01,0.80,2.28,3.61
2010-03-02,0.80,2.27,3.62
2010-03-03,0.82,2.27,3.63
2010-03-04,0.86,2.28,3.61
2010-03-05,0.91,2.35,3.69
2010-03-08,0.90,2.36,3.72
2010-03-09,0.89,2.34,3.71
2010-03-10,0.92,2.39,3.73
2010-03-11,0.97,2.43,3.73
2010-03-12,0.97,2.42,3.71
2010-03-15,0.96,2.42,3.71
2010-03-16,0.93,2.37,3.66
2010-03-17,0.95,2.38,3.65
2010-03-18,0.98,2.44,3.68
2010-03-19,1.02,2.48,3.70
2010-03-22,1.01,2.43,3.67
2010-03-23,1.02,2.44,3.69
2010-03-24,1.08,2.62,3.84
2010-03-25,1.10,2.65,3.91
2010-03-26,1.04,2.59,3.86
2010-03-29,1.04,2.60,3.88
2010-03-30,1.06,2.60,3.88
2010-03-31,1.02,2.55,3.84
2010-04-01,1.05,2.59,3.89
2010-04-02,1.11,2.67,3.96
2010-04-05,1.18,2.75,4.01
2010-04-06,1.14,2.71,3.98
2010-04-07,1.06,2.62,3.89
2010-04-08,1.09,2.64,3.91
2010-04-09,1.08,2.65,3.90
2010-04-12,1.07,2.60,3.87
2010-04-13,1.07,2.58,3.84
2010-04-14,1.07,2.61,3.88
2010-04-15,1.04,2.57,3.86
2010-04-16,0.98,2.49,3.79
2010-04-19,1.01,2.54,3.83
2010-04-20,1.05,2.56,3.82
2010-04-21,1.03,2.52,3.77
2010-04-22,1.07,2.57,3.80
2010-04-23,1.10,2.61,3.84
2010-04-26,1.09,2.60,3.83
2010-04-27,1.03,2.46,3.71
2010-04-28,1.03,2.53,3.80
2010-04-29,1.01,2.49,3.76
2010-04-30,0.97,2.43,3.69
2010-05-03,1.00,2.47,3.72
2010-05-04,0.96,2.38,3.63
2010-05-05,0.88,2.31,3.58
2010-05-06,0.75,2.13,3.41
2010-05-07,0.83,2.17,3.45
2010-05-10,0.87,2.27,3.57
2010-05-11,0.85,2.26,3.56
2010-05-12,0.89,2.29,3.56
2010-05-13,0.87,2.27,3.55
2010-05-14,0.79,2.16,3.44
2010-05-17,0.81,2.20,3.47
2010-05-18,0.76,2.11,3.38
2010-05-19,0.80,2.13,3.36
2010-05-20,0.76,2.04,3.25
2010-05-21,0.76,2.02,3.20
2010-05-24,0.77,2.04,3.23
2010-05-25,0.81,2.01,3.18
2010-05-26,0.82,2.06,3.21
2010-05-27,0.87,2.18,3.34
2010-05-28,0.76,2.10,3.31
2010-06-01,0.78,2.09,3.29
2010-06-02,0.82,2.14,3.35
2010-06-03,0.82,2.17,3.39
2010-06-04,0.72,1.98,3.20
2010-06-07,0.74,1.95,3.17
2010-06-08,0.74,1.98,3.18
2010-06-09,0.74,1.99,3.20
2010-06-10,0.79,2.12,3.33
2010-06-11,0.75,2.03,3.24
2010-06-14,0.77,2.07,3.28
2010-06-15,0.79,2.10,3.32
2010-06-16,0.75,2.06,3.27
2010-06-17,0.72,2.01,3.21
2010-06-18,0.74,2.04,3.24
2010-06-21,0.74,2.05,3.26
2010-06-22,0.71,1.98,3.18
2010-06-23,0.66,1.93,3.13
2010-06-24,0.67,1.93,3.14
2010-06-25,0.65,1.90,3.12
2010-06-28,0.62,1.83,3.05
2010-06-29,0.61,1.78,2.97
2010-06-30,0.61,1.79,2.97
2010-07-01,0.63,1.80,2.96
2010-07-02,0.63,1.82,3.00
2010-07-06,0.62,1.76,2.95
2010-07-07,0.63,1.79,3.00
2010-07-08,0.63,1.80,3.04
2010-07-09,0.63,1.85,3.07
2010-07-12,0.65,1.85,3.08
2010-07-13,0.67,1.90,3.15
2010-07-14,0.62,1.82,3.07
2010-07-15,0.61,1.76,3.00
2010-07-16,0.61,1.70,2.96
2010-07-19,0.61,1.73,2.99
2010-07-20,0.61,1.71,2.98
2010-07-21,0.58,1.66,2.90
2010-07-22,0.60,1.69,2.96
2010-07-23,0.60,1.75,3.02
2010-07-26,0.62,1.76,3.03
2010-07-27,0.65,1.82,3.08
2010-07-28,0.61,1.75,3.03
2010-07-29,0.59,1.70,3.03
2010-07-30,0.55,1.60,2.94
2010-08-02,0.56,1.64,2.99
2010-08-03,0.53,1.55,2.94
2010-08-04,0.56,1.62,2.98
2010-08-05,0.53,1.57,2.94
2010-08-06,0.50,1.51,2.86
2010-08-09,0.54,1.54,2.86
2010-08-10,0.52,1.46,2.79
2010-08-11,0.54,1.44,2.72
2010-08-12,0.55,1.48,2.74
2010-08-13,0.54,1.47,2.68
2010-08-16,0.51,1.40,2.58
2010-08-17,0.52,1.44,2.64
2010-08-18,0.51,1.46,2.64
2010-08-19,0.49,1.41,2.58
2010-08-20,0.49,1.47,2.62
2010-08-23,0.49,1.43,2.60
2010-08-24,0.50,1.36,2.50
2010-08-25,0.53,1.40,2.54
2010-08-26,0.51,1.38,2.50
2010-08-27,0.56,1.49,2.66
2010-08-30,0.50,1.39,2.54
2010-08-31,0.47,1.33,2.47
2010-09-01,0.50,1.41,2.58
2010-09-02,0.50,1.43,2.63
2010-09-03,0.52,1.49,2.72
2010-09-07,0.49,1.41,2.61
2010-09-08,0.52,1.46,2.66
2010-09-09,0.57,1.57,2.77
2010-09-10,0.58,1.59,2.81
2010-09-13,0.53,1.51,2.74
2010-09-14,0.50,1.43,2.68
2010-09-15,0.50,1.46,2.74
2010-09-16,0.48,1.48,2.77
2010-09-17,0.48,1.46,2.75
2010-09-20,0.47,1.43,2.72
2010-09-21,0.43,1.34,2.61
2010-09-22,0.44,1.33,2.56
2010-09-23,0.45,1.34,2.56
2010-09-24,0.45,1.37,2.62
2010-09-27,0.44,1.31,2.54
2010-09-28,0.37,1.25,2.48
2010-09-29,0.44,1.28,2.52
2010-09-30,0.42,1.27,2.53
2010-10-01,0.42,1.26,2.54
2010-10-04,0.41,1.23,2.50
2010-10-05,0.41,1.21,2.50
2010-10-06,0.38,1.16,2.41
2010-10-07,0.36,1.14,2.41
2010-10-08,0.35,1.11,2.41
2010-10-12,0.37,1.14,2.44
2010-10-13,0.37,1.13,2.46
2010-10-14,0.38,1.18,2.52
2010-10-15,0.37,1.20,2.59
2010-10-18,0.38,1.14,2.52
2010-10-19,0.37,1.11,2.50
2010-10-20,0.35,1.11,2.51
2010-10-21,0.37,1.15,2.57
2010-10-22,0.35,1.17,2.59
2010-10-25,0.37,1.20,2.59
2010-10-26,0.40,1.27,2.67
2010-10-27,0.40,1.34,2.75
2010-10-28,0.37,1.23,2.69
2010-10-29,0.34,1.17,2.63
2010-11-01,0.34,1.17,2.66
2010-11-02,0.34,1.15,2.63
2010-11-03,0.34,1.11,2.67
2010-11-04,0.33,1.04,2.53
2010-11-05,0.38,1.10,2.58
2010-11-08,0.41,1.13,2.60
2010-11-09,0.46,1.27,2.72
2010-11-10,0.44,1.23,2.65
2010-11-12,0.51,1.35,2.76
2010-11-15,0.53,1.51,2.92
2010-11-16,0.51,1.49,2.85
2010-11-17,0.50,1.49,2.89
2010-11-18,0.52,1.51,2.90
2010-11-19,0.52,1.54,2.88
2010-11-22,0.49,1.44,2.80
2010-11-23,0.45,1.40,2.77
2010-11-24,0.53,1.56,2.93
2010-11-26,0.51,1.53,2.87
2010-11-29,0.52,1.51,2.84
2010-11-30,0.45,1.47,2.81
2010-12-01,0.53,1.64,2.97
2010-12-02,0.55,1.68,3.01
2010-12-03,0.49,1.64,3.03
2010-12-06,0.42,1.53,2.95
2010-12-07,0.54,1.74,3.15
2010-12-08,0.63,1.87,3.26
2010-12-09,0.64,1.90,3.23
2010-12-10,0.64,1.98,3.32
2010-12-13,0.61,1.91,3.29
2010-12-14,0.66,2.08,3.49
2010-12-15,0.68,2.11,3.53
2010-12-16,0.66,2.06,3.47
2010-12-17,0.61,1.97,3.33
2010-12-20,0.62,1.99,3.36
2010-12-21,0.63,1.99,3.35
2010-12-22,0.65,2.02,3.36
2010-12-23,0.67,2.09,3.41
2010-12-27,0.71,2.08,3.36
2010-12-28,0.75,2.18,3.50
2010-12-29,0.64,2.03,3.35
2010-12-30,0.66,2.06,3.38
2010-12-31,0.61,2.01,3.30
2011-01-03,0.61,2.02,3.36
2011-01-04,0.63,2.01,3.36
2011-01-05,0.71,2.14,3.50
2011-01-06,0.68,2.09,3.44
2011-01-07,0.60,1.96,3.34
2011-01-10,0.59,1.93,3.32
2011-01-11,0.60,1.98,3.37
2011-01-12,0.61,1.99,3.40
2011-01-13,0.59,1.93,3.34
2011-01-14,0.59,1.95,3.35
2011-01-18,0.60,1.97,3.39
2011-01-19,0.60,1.95,3.37
2011-01-20,0.65,2.06,3.47
2011-01-21,0.63,2.04,3.44
2011-01-24,0.65,2.03,3.43
2011-01-25,0.62,1.96,3.35
2011-01-26,0.62,2.03,3.45
2011-01-27,0.59,1.98,3.42
2011-01-28,0.54,1.92,3.36
2011-01-31,0.58,1.95,3.42
2011-02-01,0.61,2.02,3.48
2011-02-02,0.67,2.10,3.52
2011-02-03,0.71,2.18,3.58
2011-02-04,0.77,2.27,3.68
2011-02-07,0.78,2.29,3.68
2011-02-08,0.86,2.39,3.75
2011-02-09,0.81,2.33,3.65
2011-02-10,0.85,2.40,3.70
2011-02-11,0.85,2.38,3.64
2011-02-14,0.87,2.37,3.62
2011-02-15,0.84,2.35,3.61
2011-02-16,0.86,2.37,3.62
2011-02-17,0.80,2.30,3.58
2011-02-18,0.78,2.30,3.59
2011-02-22,0.74,2.16,3.46
2011-02-23,0.74,2.21,3.49
2011-02-24,0.73,2.19,3.46
2011-02-25,0.72,2.16,3.42
2011-02-28,0.69,2.13,3.42
2011-03-01,0.66,2.11,3.41
2011-03-02,0.69,2.16,3.46
2011-03-03,0.79,2.30,3.58
2011-03-04,0.68,2.17,3.49
2011-03-07,0.70,2.19,3.51
2011-03-08,0.73,2.22,3.56
2011-03-09,0.70,2.16,3.48
2011-03-10,0.65,2.05,3.37
2011-03-11,0.64,2.06,3.40
2011-03-14,0.61,2.00,3.36
2011-03-15,0.63,2.00,3.33
2011-03-16,0.58,1.87,3.22
2011-03-17,0.60,1.91,3.25
2011-03-18,0.61,1.96,3.28
2011-03-21,0.67,2.04,3.34
2011-03-22,0.68,2.07,3.34
2011-03-23,0.69,2.07,3.36
2011-03-24,0.72,2.14,3.42
2011-03-25,0.79,2.20,3.46
2011-03-28,0.81,2.23,3.47
2011-03-29,0.81,2.25,3.50
2011-03-30,0.80,2.21,3.47
2011-03-31,0.80,2.24,3.47
2011-04-01,0.80,2.24,3.46
2011-04-04,0.77,2.20,3.45
2011-04-05,0.84,2.28,3.50
2011-04-06,0.85,2.32,3.56
2011-04-07,0.81,2.29,3.58
2011-04-08,0.83,2.31,3.59
2011-04-11,0.85,2.31,3.59
2011-04-12,0.77,2.22,3.52
2011-04-13,0.75,2.19,3.49
2011-04-14,0.77,2.23,3.51
2011-04-15,0.71,2.14,3.43
2011-04-18,0.69,2.09,3.40
2011-04-19,0.68,2.09,3.39
2011-04-20,0.69,2.15,3.43
2011-04-21,0.68,2.14,3.42
2011-04-25,0.67,2.10,3.39
2011-04-26,0.65,2.05,3.34
2011-04-27,0.65,2.06,3.39
2011-04-28,0.62,2.00,3.34
2011-04-29,0.61,1.97,3.32
2011-05-02,0.61,1.96,3.31
2011-05-03,0.61,1.96,3.28
2011-05-04,0.60,1.95,3.25
2011-05-05,0.58,1.88,3.18
2011-05-06,0.57,1.87,3.19
2011-05-09,0.57,1.84,3.17
2011-05-10,0.59,1.91,3.23
2011-05-11,0.56,1.87,3.19
2011-05-12,0.57,1.89,3.22
2011-05-13,0.57,1.86,3.18
2011-05-16,0.54,1.83,3.15
2011-05-17,0.55,1.80,3.12
2011-05-18,0.58,1.87,3.18
2011-05-19,0.55,1.85,3.17
2011-05-20,0.55,1.82,3.15
2011-05-23,0.55,1.80,3.13
2011-05-24,0.56,1.81,3.12
2011-05-25,0.54,1.81,3.13
2011-05-26,0.48,1.72,3.07
2011-05-27,0.48,1.71,3.07
2011-05-31,0.45,1.68,3.05
2011-06-01,0.44,1.60,2.96
2011-06-02,0.45,1.65,3.04
2011-06-03,0.42,1.60,2.99
2011-06-06,0.43,1.60,3.01
2011-06-07,0.39,1.59,3.01
2011-06-08,0.39,1.52,2.98
2011-06-09,0.43,1.60,3.01
2011-06-10,0.41,1.58,2.99
2011-06-13,0.40,1.59,3.00
2011-06-14,0.45,1.70,3.11
2011-06-15,0.38,1.55,2.98
2011-06-16,0.38,1.52,2.93
2011-06-17,0.38,1.53,2.94
2011-06-20,0.38,1.55,2.97
2011-06-21,0.40,1.57,2.99
2011-06-22,0.39,1.58,3.01
2011-06-23,0.35,1.48,2.93
2011-06-24,0.35,1.40,2.88
2011-06-27,0.41,1.47,2.95
2011-06-28,0.48,1.62,3.05
2011-06-29,0.47,1.70,3.14
2011-06-30,0.45,1.76,3.18
2011-07-01,0.50,1.80,3.22
2011-07-05,0.44,1.70,3.16
2011-07-06,0.43,1.66,3.12
2011-07-07,0.49,1.74,3.17
2011-07-08,0.40,1.57,3.03
2011-07-11,0.37,1.49,2.94
2011-07-12,0.37,1.47,2.92
2011-07-13,0.37,1.45,2.92
2011-07-14,0.38,1.51,2.98
2011-07-15,0.37,1.46,2.94
2011-07-18,0.37,1.45,2.94
2011-07-19,0.39,1.45,2.91
2011-07-20,0.40,1.49,2.96
2011-07-21,0.40,1.56,3.03
2011-07-22,0.40,1.53,2.99
2011-07-25,0.42,1.55,3.03
2011-07-26,0.41,1.51,2.99
2011-07-27,0.44,1.56,3.01
2011-07-28,0.42,1.52,2.98
2011-07-29,0.36,1.35,2.82
2011-08-01,0.38,1.32,2.77
2011-08-02,0.33,1.23,2.66
2011-08-03,0.33,1.25,2.64
2011-08-04,0.27,1.12,2.47
2011-08-05,0.28,1.23,2.58
2011-08-08,0.27,1.11,2.40
2011-08-09,0.19,0.91,2.20
2011-08-10,0.19,0.93,2.17
2011-08-11,0.19,1.02,2.34
2011-08-12,0.20,0.96,2.24
2011-08-15,0.19,0.99,2.29
2011-08-16,0.20,0.95,2.23
2011-08-17,0.19,0.92,2.17
2011-08-18,0.20,0.90,2.08
2011-08-19,0.20,0.90,2.07
2011-08-22,0.22,0.94,2.10
2011-08-23,0.22,0.95,2.15
2011-08-24,0.23,1.05,2.29
2011-08-25,0.22,0.98,2.23
2011-08-26,0.20,0.94,2.19
2011-08-29,0.20,0.99,2.28
2011-08-30,0.20,0.94,2.19
2011-08-31,0.20,0.96,2.23
2011-09-01,0.19,0.90,2.15
2011-09-02,0.20,0.88,2.02
2011-09-06,0.21,0.88,1.98
2011-09-07,0.21,0.92,2.05
2011-09-08,0.19,0.88,2.00
2011-09-09,0.17,0.81,1.93
2011-09-12,0.21,0.87,1.94
2011-09-13,0.21,0.89,2.00
2011-09-14,0.19,0.91,2.03
2011-09-15,0.21,0.95,2.09
2011-09-16,0.18,0.94,2.08
2011-09-19,0.16,0.85,1.97
2011-09-20,0.18,0.85,1.95
2011-09-21,0.21,0.88,1.88
2011-09-22,0.20,0.79,1.72
2011-09-23,0.23,0.89,1.84
2011-09-26,0.25,0.92,1.91
2011-09-27,0.25,0.97,2.00
2011-09-28,0.27,0.99,2.03
2011-09-29,0.27,0.98,1.99
2011-09-30,0.25,0.96,1.92
2011-10-03,0.24,0.87,1.80
2011-10-04,0.25,0.90,1.81
2011-10-05,0.25,0.96,1.92
2011-10-06,0.29,1.01,2.01
2011-10-07,0.30,1.08,2.10
2011-10-11,0.32,1.14,2.18
2011-10-12,0.29,1.17,2.24
2011-10-13,0.29,1.11,2.19
2011-10-14,0.28,1.12,2.26
2011-10-17,0.28,1.08,2.18
2011-10-18,0.28,1.07,2.19
2011-10-19,0.28,1.05,2.18
2011-10-20,0.28,1.07,2.20
2011-10-21,0.30,1.08,2.23
2011-10-24,0.30,1.10,2.25
2011-10-25,0.26,1.01,2.14
2011-10-26,0.28,1.09,2.23
2011-10-27,0.31,1.20,2.42
2011-10-28,0.28,1.13,2.34
2011-10-31,0.25,0.99,2.17
2011-11-01,0.23,0.90,2.01
2011-11-02,0.23,0.89,2.03
2011-11-03,0.24,0.91,2.09
2011-11-04,0.22,0.88,2.06
2011-11-07,0.25,0.88,2.04
2011-11-08,0.25,0.92,2.10
2011-11-09,0.24,0.88,2.00
2011-11-10,0.24,0.90,2.04
2011-11-14,0.24,0.91,2.04
2011-11-15,0.26,0.93,2.06
2011-11-16,0.26,0.90,2.01
2011-11-17,0.27,0.88,1.96
2011-11-18,0.29,0.94,2.01
2011-11-21,0.27,0.92,1.97
2011-11-22,0.26,0.91,1.94
2011-11-23,0.26,0.88,1.89
2011-11-25,0.28,0.93,1.97
2011-11-28,0.26,0.91,1.97
2011-11-29,0.27,0.93,2.00
2011-11-30,0.25,0.96,2.08
2011-12-01,0.27,0.97,2.11
2011-12-02,0.25,0.92,2.05
2011-12-05,0.27,0.93,2.04
2011-12-06,0.25,0.94,2.08
2011-12-07,0.24,0.89,2.02
2011-12-08,0.22,0.86,1.99
2011-12-09,0.22,0.89,2.07
2011-12-12,0.24,0.87,2.03
2011-12-13,0.24,0.85,1.96
2011-12-14,0.25,0.86,1.92
2011-12-15,0.26,0.86,1.92
2011-12-16,0.24,0.81,1.86
2011-12-19,0.24,0.82,1.82
2011-12-20,0.26,0.88,1.94
2011-12-21,0.28,0.91,1.98
2011-12-22,0.28,0.91,1.97
2011-12-23,0.28,0.97,2.03
2011-12-27,0.30,0.96,2.02
2011-12-28,0.28,0.91,1.93
2011-12-29,0.28,0.88,1.91
2011-12-30,0.25,0.83,1.89
2012-01-03,0.27,0.89,1.97
2012-01-04,0.25,0.89,2.00
2012-01-05,0.27,0.88,2.02
2012-01-06,0.25,0.86,1.98
2012-01-09,0.26,0.85,1.98
2012-01-10,0.24,0.86,2.00
2012-01-11,0.24,0.82,1.93
2012-01-12,0.22,0.84,1.94
2012-01-13,0.24,0.80,1.89
2012-01-17,0.21,0.79,1.87
2012-01-18,0.24,0.82,1.92
2012-01-19,0.26,0.87,2.01
2012-01-20,0.26,0.91,2.05
2012-01-23,0.26,0.93,2.09
2012-01-24,0.24,0.92,2.08
2012-01-25,0.22,0.81,2.01
2012-01-26,0.22,0.77,1.96
2012-01-27,0.22,0.75,1.93
2012-01-30,0.22,0.73,1.87
2012-01-31,0.22,0.71,1.83
2012-02-01,0.23,0.72,1.87
2012-02-02,0.23,0.71,1.86
2012-02-03,0.23,0.78,1.97
2012-02-06,0.24,0.76,1.93
2012-02-07,0.25,0.82,2.00
2012-02-08,0.27,0.82,2.01
2012-02-09,0.27,0.86,2.04
2012-02-10,0.27,0.81,1.96
2012-02-13,0.29,0.85,1.99
2012-02-14,0.29,0.81,1.92
2012-02-15,0.29,0.81,1.93
2012-02-16,0.29,0.87,1.99
2012-02-17,0.29,0.88,2.01
2012-02-21,0.31,0.92,2.05
2012-02-22,0.29,0.88,2.01
2012-02-23,0.31,0.88,1.99
2012-02-24,0.31,0.89,1.98
2012-02-27,0.30,0.84,1.92
2012-02-28,0.30,0.84,1.94
2012-02-29,0.30,0.87,1.98
2012-03-01,0.30,0.89,2.03
2012-03-02,0.28,0.84,1.99
2012-03-05,0.31,0.87,2.00
2012-03-06,0.30,0.83,1.96
2012-03-07,0.30,0.85,1.98
2012-03-08,0.32,0.89,2.03
2012-03-09,0.33,0.90,2.04
2012-03-12,0.33,0.92,2.04
2012-03-13,0.35,0.99,2.14
2012-03-14,0.40,1.13,2.29
2012-03-15,0.37,1.11,2.29
2012-03-16,0.37,1.13,2.31
2012-03-19,0.39,1.20,2.39
2012-03-20,0.41,1.22,2.38
2012-03-21,0.39,1.15,2.31
2012-03-22,0.37,1.13,2.29
2012-03-23,0.37,1.10,2.25
2012-03-26,0.36,1.09,2.26
2012-03-27,0.33,1.04,2.20
2012-03-28,0.34,1.05,2.21
2012-03-29,0.33,1.01,2.18
2012-03-30,0.33,1.04,2.23
2012-04-02,0.33,1.03,2.22
2012-04-03,0.36,1.10,2.30
2012-04-04,0.35,1.05,2.25
2012-04-05,0.35,1.01,2.19
2012-04-06,0.32,0.89,2.07
2012-04-09,0.32,0.90,2.06
2012-04-10,0.28,0.85,2.01
2012-04-11,0.30,0.89,2.05
2012-04-12,0.29,0.90,2.08
2012-04-13,0.27,0.86,2.02
2012-04-16,0.27,0.85,2.00
2012-04-17,0.27,0.88,2.03
2012-04-18,0.27,0.86,2.00
2012-04-19,0.27,0.84,1.98
2012-04-20,0.29,0.86,1.99
2012-04-23,0.27,0.83,1.96
2012-04-24,0.27,0.86,2.00
2012-04-25,0.26,0.86,2.01
2012-04-26,0.26,0.83,1.98
2012-04-27,0.26,0.82,1.96
2012-04-30,0.27,0.82,1.95
2012-05-01,0.27,0.84,1.98
2012-05-02,0.27,0.82,1.96
2012-05-03,0.28,0.82,1.96
2012-05-04,0.27,0.78,1.91
2012-05-07,0.27,0.79,1.92
2012-05-08,0.27,0.77,1.88
2012-05-09,0.27,0.77,1.87
2012-05-10,0.27,0.79,1.89
2012-05-11,0.27,0.75,1.84
2012-05-14,0.29,0.73,1.78
2012-05-15,0.29,0.74,1.76
2012-05-16,0.30,0.75,1.76
2012-05-17,0.32,0.74,1.70
2012-05-18,0.32,0.75,1.71
2012-05-21,0.30,0.75,1.75
2012-05-22,0.30,0.78,1.79
2012-05-23,0.28,0.74,1.73
2012-05-24,0.29,0.77,1.77
2012-05-25,0.30,0.76,1.75
2012-05-29,0.30,0.76,1.74
2012-05-30,0.27,0.69,1.63
2012-05-31,0.27,0.67,1.59
2012-06-01,0.25,0.62,1.47
2012-06-04,0.25,0.68,1.53
2012-06-05,0.25,0.68,1.57
2012-06-06,0.26,0.73,1.66
2012-06-07,0.27,0.72,1.66
2012-06-08,0.28,0.71,1.65
2012-06-11,0.27,0.69,1.60
2012-06-12,0.30,0.75,1.67
2012-06-13,0.30,0.71,1.61
2012-06-14,0.30,0.73,1.64
2012-06-15,0.29,0.68,1.60
2012-06-18,0.29,0.69,1.59
2012-06-19,0.30,0.71,1.64
2012-06-20,0.32,0.74,1.65
2012-06-21,0.32,0.73,1.63
2012-06-22,0.31,0.76,1.69
2012-06-25,0.31,0.72,1.63
2012-06-26,0.31,0.75,1.66
2012-06-27,0.31,0.73,1.65
2012-06-28,0.31,0.69,1.60
2012-06-29,0.33,0.72,1.67
2012-07-02,0.30,0.67,1.61
2012-07-03,0.30,0.69,1.65
2012-07-05,0.28,0.68,1.62
2012-07-06,0.27,0.64,1.57
2012-07-09,0.27,0.63,1.53
2012-07-10,0.27,0.63,1.53
2012-07-11,0.27,0.64,1.54
2012-07-12,0.25,0.63,1.50
2012-07-13,0.25,0.63,1.52
2012-07-16,0.24,0.60,1.50
2012-07-17,0.25,0.62,1.53
2012-07-18,0.22,0.60,1.52
2012-07-19,0.22,0.62,1.54
2012-07-20,0.22,0.59,1.49
2012-07-23,0.22,0.57,1.47
2012-07-24,0.22,0.57,1.44
2012-07-25,0.22,0.56,1.43
2012-07-26,0.23,0.58,1.45
2012-07-27,0.25,0.65,1.58
2012-07-30,0.23,0.61,1.53
2012-07-31,0.23,0.60,1.51
2012-08-01,0.24,0.63,1.56
2012-08-02,0.24,0.61,1.51
2012-08-03,0.24,0.67,1.60
2012-08-06,0.24,0.65,1.59
2012-08-07,0.27,0.71,1.66
2012-08-08,0.29,0.73,1.68
2012-08-09,0.29,0.74,1.69
2012-08-10,0.27,0.71,1.65
2012-08-13,0.27,0.71,1.65
2012-08-14,0.27,0.75,1.73
2012-08-15,0.27,0.80,1.80
2012-08-16,0.29,0.83,1.83
2012-08-17,0.29,0.81,1.81
2012-08-20,0.29,0.80,1.82
2012-08-21,0.31,0.80,1.80
2012-08-22,0.26,0.71,1.71
2012-08-23,0.26,0.71,1.68
2012-08-24,0.28,0.72,1.68
2012-08-27,0.28,0.70,1.65
2012-08-28,0.27,0.69,1.64
2012-08-29,0.27,0.69,1.66
2012-08-30,0.27,0.66,1.63
2012-08-31,0.22,0.59,1.57
2012-09-04,0.23,0.62,1.59
2012-09-05,0.25,0.62,1.60
2012-09-06,0.27,0.68,1.68
2012-09-07,0.25,0.64,1.67
2012-09-10,0.25,0.66,1.68
2012-09-11,0.25,0.67,1.70
2012-09-12,0.25,0.70,1.77
2012-09-13,0.24,0.65,1.75
2012-09-14,0.27,0.72,1.88
2012-09-17,0.25,0.73,1.85
2012-09-18,0.25,0.71,1.82
2012-09-19,0.27,0.70,1.79
2012-09-20,0.27,0.70,1.80
2012-09-21,0.27,0.68,1.77
2012-09-24,0.27,0.68,1.74
2012-09-25,0.27,0.66,1.70
2012-09-26,0.26,0.63,1.64
2012-09-27,0.25,0.64,1.66
2012-09-28,0.23,0.62,1.65
2012-10-01,0.25,0.62,1.64
2012-10-02,0.23,0.61,1.64
2012-10-03,0.23,0.61,1.64
2012-10-04,0.23,0.63,1.70
2012-10-05,0.27,0.67,1.75
2012-10-09,0.25,0.67,1.74
2012-10-10,0.27,0.66,1.72
2012-10-11,0.28,0.67,1.70
2012-10-12,0.27,0.67,1.69
2012-10-15,0.27,0.67,1.70
2012-10-16,0.27,0.70,1.75
2012-10-17,0.30,0.78,1.83
2012-10-18,0.29,0.79,1.86
2012-10-19,0.30,0.77,1.79
2012-10-22,0.32,0.79,1.83
2012-10-23,0.29,0.77,1.79
2012-10-24,0.29,0.76,1.80
2012-10-25,0.31,0.82,1.86
2012-10-26,0.30,0.76,1.78
2012-10-29,0.30,0.74,1.74
2012-10-31,0.30,0.72,1.72
2012-11-01,0.30,0.73,1.75
2012-11-02,0.28,0.73,1.75
2012-11-05,0.28,0.70,1.72
2012-11-06,0.30,0.75,1.78
2012-11-07,0.27,0.67,1.68
2012-11-08,0.27,0.65,1.62
2012-11-09,0.27,0.65,1.61
2012-11-13,0.27,0.63,1.59
2012-11-14,0.25,0.63,1.59
2012-11-15,0.24,0.62,1.58
2012-11-16,0.24,0.62,1.58
2012-11-19,0.25,0.64,1.61
2012-11-20,0.27,0.67,1.66
2012-11-21,0.27,0.69,1.69
2012-11-23,0.29,0.70,1.70
2012-11-26,0.27,0.68,1.66
2012-11-27,0.27,0.66,1.64
2012-11-28,0.27,0.64,1.63
2012-11-29,0.25,0.63,1.62
2012-11-30,0.25,0.61,1.62
2012-12-03,0.25,0.63,1.63
2012-12-04,0.25,0.63,1.62
2012-12-05,0.25,0.61,1.60
2012-12-06,0.25,0.60,1.59
2012-12-07,0.25,0.63,1.64
2012-12-10,0.24,0.62,1.63
2012-12-11,0.24,0.64,1.66
2012-12-12,0.25,0.66,1.72
2012-12-13,0.27,0.70,1.74
2012-12-14,0.24,0.70,1.72
2012-12-17,0.25,0.74,1.78
2012-12-18,0.28,0.78,1.84
2012-12-19,0.28,0.77,1.82
2012-12-20,0.28,0.77,1.81
2012-12-21,0.26,0.75,1.77
2012-12-24,0.26,0.77,1.79
2012-12-26,0.26,0.76,1.77
2012-12-27,0.26,0.72,1.74
2012-12-28,0.27,0.72,1.73
2012-12-31,0.25,0.72,1.78
2013-01-02,0.27,0.76,1.86
2013-01-03,0.27,0.81,1.92
2013-01-04,0.27,0.82,1.93
2013-01-07,0.27,0.82,1.92
2013-01-08,0.25,0.79,1.89
2013-01-09,0.24,0.77,1.88
2013-01-10,0.26,0.80,1.91
2013-01-11,0.26,0.78,1.89
2013-01-14,0.26,0.78,1.89
2013-01-15,0.26,0.75,1.86
2013-01-16,0.26,0.75,1.84
2013-01-17,0.28,0.79,1.89
2013-01-18,0.26,0.77,1.87
2013-01-22,0.26,0.76,1.86
2013-01-23,0.26,0.76,1.86
2013-01-24,0.23,0.78,1.88
2013-01-25,0.28,0.87,1.98
2013-01-28,0.29,0.89,2.00
2013-01-29,0.30,0.90,2.03
2013-01-30,0.27,0.88,2.03
2013-01-31,0.27,0.88,2.02
2013-02-01,0.27,0.88,2.04
2013-02-04,0.25,0.85,2.00
2013-02-05,0.27,0.88,2.04
2013-02-06,0.27,0.84,2.00
2013-02-07,0.25,0.83,1.99
2013-02-08,0.25,0.84,1.99
2013-02-11,0.27,0.85,1.99
2013-02-12,0.29,0.88,2.02
2013-02-13,0.29,0.92,2.05
2013-02-14,0.27,0.86,2.00
2013-02-15,0.29,0.87,2.01
2013-02-19,0.29,0.89,2.03
2013-02-20,0.27,0.88,2.02
2013-02-21,0.26,0.86,1.99
2013-02-22,0.27,0.84,1.97
2013-02-25,0.25,0.78,1.88
2013-02-26,0.25,0.78,1.88
2013-02-27,0.27,0.78,1.91
2013-02-28,0.25,0.77,1.89
2013-03-01,0.25,0.75,1.86
2013-03-04,0.24,0.76,1.88
2013-03-05,0.25,0.77,1.90
2013-03-06,0.25,0.81,1.95
2013-03-07,0.25,0.85,2.00
2013-03-08,0.27,0.90,2.06
2013-03-11,0.27,0.90,2.07
2013-03-12,0.27,0.88,2.03
2013-03-13,0.27,0.89,2.04
2013-03-14,0.27,0.88,2.04
2013-03-15,0.25,0.84,2.01
2013-03-18,0.26,0.81,1.96
2013-03-19,0.24,0.79,1.92
2013-03-20,0.26,0.81,1.96
2013-03-21,0.27,0.81,1.95
2013-03-22,0.26,0.80,1.93
2013-03-25,0.24,0.80,1.93
2013-03-26,0.25,0.79,1.92
2013-03-27,0.25,0.76,1.87
2013-03-28,0.25,0.77,1.87
2013-04-01,0.23,0.76,1.86
2013-04-02,0.25,0.78,1.88
2013-04-03,0.24,0.73,1.83
2013-04-04,0.22,0.69,1.78
2013-04-05,0.24,0.68,1.72
2013-04-08,0.24,0.71,1.76
2013-04-09,0.24,0.70,1.78
2013-04-10,0.24,0.74,1.84
2013-04-11,0.24,0.74,1.82
2013-04-12,0.22,0.70,1.75
2013-04-15,0.22,0.69,1.72
2013-04-16,0.24,0.71,1.75
2013-04-17,0.24,0.71,1.73
2013-04-18,0.24,0.71,1.72
2013-04-19,0.24,0.72,1.73
2013-04-22,0.24,0.70,1.72
2013-04-23,0.23,0.71,1.74
2013-04-24,0.23,0.70,1.73
2013-04-25,0.23,0.71,1.74
2013-04-26,0.22,0.68,1.70
2013-04-29,0.20,0.68,1.70
2013-04-30,0.22,0.68,1.70
2013-05-01,0.20,0.65,1.66
2013-05-02,0.20,0.65,1.66
2013-05-03,0.22,0.73,1.78
2013-05-06,0.22,0.74,1.80
2013-05-07,0.22,0.75,1.82
2013-05-08,0.22,0.75,1.81
2013-05-09,0.22,0.75,1.81
2013-05-10,0.26,0.82,1.90
2013-05-13,0.24,0.83,1.92
2013-05-14,0.26,0.85,1.96
2013-05-15,0.26,0.84,1.94
2013-05-16,0.23,0.79,1.87
2013-05-17,0.26,0.84,1.95
2013-05-20,0.26,0.85,1.97
2013-05-21,0.26,0.84,1.94
2013-05-22,0.26,0.91,2.03
2013-05-23,0.26,0.91,2.02
2013-05-24,0.26,0.90,2.01
2013-05-28,0.29,1.02,2.15
2013-05-29,0.30,1.02,2.13
2013-05-30,0.31,1.01,2.13
2013-05-31,0.30,1.05,2.16
2013-06-03,0.30,1.03,2.13
2013-06-04,0.32,1.05,2.14
2013-06-05,0.30,1.02,2.10
2013-06-06,0.30,1.01,2.08
2013-06-07,0.32,1.10,2.17
2013-06-10,0.32,1.13,2.22
2013-06-11,0.34,1.12,2.20
2013-06-12,0.34,1.15,2.25
2013-06-13,0.32,1.11,2.19
2013-06-14,0.29,1.04,2.14
2013-06-17,0.27,1.06,2.19
2013-06-18,0.27,1.07,2.20
2013-06-19,0.31,1.24,2.33
2013-06-20,0.33,1.31,2.41
2013-06-21,0.38,1.42,2.52
2013-06-24,0.42,1.48,2.57
2013-06-25,0.43,1.49,2.60
2013-06-26,0.39,1.45,2.55
2013-06-27,0.36,1.38,2.49
2013-06-28,0.36,1.41,2.52
2013-07-01,0.34,1.39,2.50
2013-07-02,0.34,1.38,2.48
2013-07-03,0.36,1.42,2.52
2013-07-05,0.40,1.60,2.73
2013-07-08,0.37,1.51,2.65
2013-07-09,0.37,1.50,2.65
2013-07-10,0.38,1.54,2.70
2013-07-11,0.34,1.40,2.60
2013-07-12,0.37,1.43,2.61
2013-07-15,0.34,1.40,2.57
2013-07-16,0.34,1.38,2.55
2013-07-17,0.32,1.33,2.52
2013-07-18,0.32,1.35,2.56
2013-07-19,0.32,1.31,2.50
2013-07-22,0.32,1.32,2.50
2013-07-23,0.33,1.33,2.53
2013-07-24,0.34,1.40,2.61
2013-07-25,0.32,1.38,2.61
2013-07-26,0.31,1.36,2.58
2013-07-29,0.33,1.37,2.61
2013-07-30,0.33,1.39,2.63
2013-07-31,0.31,1.38,2.60
2013-08-01,0.35,1.49,2.74
2013-08-02,0.30,1.36,2.63
2013-08-05,0.32,1.39,2.67
2013-08-06,0.32,1.39,2.67
2013-08-07,0.32,1.38,2.61
2013-08-08,0.30,1.36,2.58
2013-08-09,0.32,1.36,2.57
2013-08-12,0.32,1.39,2.61
2013-08-13,0.34,1.49,2.71
2013-08-14,0.34,1.48,2.71
2013-08-15,0.36,1.54,2.77
2013-08-16,0.36,1.60,2.84
2013-08-19,0.36,1.63,2.88
2013-08-20,0.36,1.57,2.82
2013-08-21,0.38,1.64,2.87
2013-08-22,0.42,1.71,2.90
2013-08-23,0.40,1.66,2.82
2013-08-26,0.41,1.61,2.79
2013-08-27,0.38,1.56,2.72
2013-08-28,0.40,1.62,2.78
2013-08-29,0.39,1.60,2.75
2013-08-30,0.39,1.62,2.78
2013-09-03,0.43,1.68,2.86
2013-09-04,0.46,1.74,2.90
2013-09-05,0.52,1.85,2.98
2013-09-06,0.46,1.77,2.94
2013-09-09,0.45,1.71,2.90
2013-09-10,0.50,1.78,2.96
2013-09-11,0.47,1.72,2.93
2013-09-12,0.45,1.72,2.92
2013-09-13,0.45,1.71,2.90
2013-09-16,0.41,1.65,2.88
2013-09-17,0.39,1.62,2.86
2013-09-18,0.34,1.43,2.69
2013-09-19,0.34,1.49,2.76
2013-09-20,0.34,1.50,2.75
2013-09-23,0.35,1.48,2.72
2013-09-24,0.35,1.44,2.67
2013-09-25,0.36,1.41,2.63
2013-09-26,0.34,1.43,2.66
2013-09-27,0.34,1.40,2.64
2013-09-30,0.33,1.39,2.64
2013-10-01,0.33,1.42,2.66
2013-10-02,0.31,1.38,2.63
2013-10-03,0.33,1.36,2.62
2013-10-04,0.33,1.41,2.66
2013-10-07,0.37,1.41,2.65
2013-10-08,0.40,1.43,2.66
2013-10-09,0.37,1.43,2.68
2013-10-10,0.35,1.44,2.71
2013-10-11,0.35,1.42,2.70
2013-10-15,0.37,1.45,2.75
2013-10-16,0.34,1.41,2.69
2013-10-17,0.33,1.35,2.61
2013-10-18,0.33,1.35,2.60
2013-10-21,0.33,1.38,2.63
2013-10-22,0.31,1.30,2.54
2013-10-23,0.31,1.30,2.51
2013-10-24,0.33,1.32,2.53
2013-10-25,0.32,1.30,2.53
2013-10-28,0.32,1.31,2.54
2013-10-29,0.31,1.29,2.53
2013-10-30,0.33,1.30,2.55
2013-10-31,0.31,1.31,2.57
2013-11-01,0.33,1.37,2.65
2013-11-04,0.32,1.36,2.63
2013-11-05,0.32,1.39,2.69
2013-11-06,0.30,1.34,2.67
2013-11-07,0.29,1.31,2.63
2013-11-08,0.32,1.42,2.77
2013-11-12,0.34,1.47,2.80
2013-11-13,0.32,1.41,2.75
2013-11-14,0.29,1.34,2.69
2013-11-15,0.31,1.36,2.71
2013-11-18,0.31,1.33,2.67
2013-11-19,0.29,1.37,2.71
2013-11-20,0.28,1.39,2.80
2013-11-21,0.29,1.38,2.79
2013-11-22,0.31,1.37,2.75
2013-11-25,0.30,1.37,2.74
2013-11-26,0.29,1.34,2.71
2013-11-27,0.28,1.36,2.74
2013-11-29,0.28,1.37,2.75
2013-12-02,0.30,1.43,2.81
2013-12-03,0.28,1.40,2.79
2013-12-04,0.30,1.45,2.84
2013-12-05,0.30,1.49,2.88
2013-12-06,0.30,1.51,2.88
2013-12-09,0.30,1.50,2.86
2013-12-10,0.30,1.46,2.81
2013-12-11,0.31,1.50,2.86
2013-12-12,0.34,1.55,2.89
2013-12-13,0.34,1.55,2.88
2013-12-16,0.34,1.55,2.89
2013-12-17,0.34,1.52,2.85
2013-12-18,0.32,1.55,2.89
2013-12-19,0.35,1.63,2.94
2013-12-20,0.37,1.66,2.89
2013-12-23,0.38,1.68,2.94
2013-12-24,0.38,1.73,2.99
2013-12-26,0.42,1.74,3.00
2013-12-27,0.40,1.74,3.02
2013-12-30,0.39,1.71,2.99
2013-12-31,0.38,1.75,3.04
2014-01-02,0.39,1.72,3.00
2014-01-03,0.41,1.73,3.01
2014-01-06,0.40,1.70,2.98
2014-01-07,0.40,1.69,2.96
2014-01-08,0.43,1.77,3.01
2014-01-09,0.44,1.75,2.97
2014-01-10,0.39,1.64,2.88
2014-01-13,0.39,1.60,2.84
2014-01-14,0.39,1.65,2.88
2014-01-15,0.41,1.68,2.90
2014-01-16,0.41,1.66,2.86
2014-01-17,0.40,1.64,2.84
2014-01-21,0.40,1.67,2.85
2014-01-22,0.44,1.72,2.87
2014-01-23,0.39,1.62,2.79
2014-01-24,0.37,1.58,2.75
2014-01-27,0.37,1.61,2.78
2014-01-28,0.38,1.59,2.77
2014-01-29,0.36,1.52,2.69
2014-01-30,0.36,1.55,2.72
2014-01-31,0.34,1.49,2.67
2014-02-03,0.30,1.44,2.61
2014-02-04,0.31,1.46,2.64
2014-02-05,0.32,1.50,2.70
2014-02-06,0.33,1.52,2.73
2014-02-07,0.30,1.47,2.71
2014-02-10,0.32,1.48,2.70
2014-02-11,0.35,1.54,2.75
2014-02-12,0.35,1.59,2.80
2014-02-13,0.32,1.51,2.73
2014-02-14,0.32,1.53,2.75
2014-02-18,0.31,1.50,2.71
2014-02-19,0.33,1.53,2.73
2014-02-20,0.34,1.57,2.76
2014-02-21,0.33,1.56,2.73
2014-02-24,0.35,1.57,2.75
2014-02-25,0.34,1.53,2.70
2014-02-26,0.33,1.50,2.67
2014-02-27,0.33,1.49,2.65
2014-02-28,0.33,1.51,2.66
2014-03-03,0.32,1.46,2.60
2014-03-04,0.33,1.54,2.70
2014-03-05,0.33,1.54,2.70
2014-03-06,0.37,1.57,2.74
2014-03-07,0.38,1.65,2.80
2014-03-10,0.37,1.64,2.79
2014-03-11,0.37,1.62,2.77
2014-03-12,0.37,1.59,2.73
2014-03-13,0.34,1.53,2.66
2014-03-14,0.36,1.55,2.65
2014-03-17,0.38,1.58,2.70
2014-03-18,0.36,1.56,2.68
2014-03-19,0.47,1.75,2.78
2014-03-20,0.45,1.73,2.79
2014-03-21,0.45,1.73,2.75
2014-03-24,0.47,1.76,2.74
2014-03-25,0.47,1.76,2.75
2014-03-26,0.45,1.70,2.71
2014-03-27,0.45,1.70,2.69
2014-03-28,0.45,1.74,2.73
2014-03-31,0.44,1.73,2.73
2014-04-01,0.44,1.74,2.77
2014-04-02,0.47,1.80,2.82
2014-04-03,0.46,1.79,2.80
2014-04-04,0.43,1.71,2.74
2014-04-07,0.41,1.68,2.71
2014-04-08,0.40,1.67,2.69
2014-04-09,0.37,1.65,2.71
2014-04-10,0.37,1.59,2.65
2014-04-11,0.37,1.58,2.63
2014-04-14,0.37,1.61,2.65
2014-04-15,0.39,1.63,2.64
2014-04-16,0.39,1.67,2.65
2014-04-17,0.43,1.75,2.73
2014-04-21,0.42,1.74,2.73
2014-04-22,0.45,1.76,2.73
2014-04-23,0.43,1.73,2.70
2014-04-24,0.43,1.74,2.70
2014-04-25,0.43,1.72,2.68
2014-04-28,0.44,1.73,2.70
2014-04-29,0.44,1.74,2.71
2014-04-30,0.42,1.69,2.67
2014-05-01,0.41,1.66,2.63
2014-05-02,0.42,1.67,2.60
2014-05-05,0.43,1.68,2.63
2014-05-06,0.43,1.68,2.61
2014-05-07,0.41,1.65,2.62
2014-05-08,0.40,1.63,2.61
2014-05-09,0.40,1.63,2.62
2014-05-12,0.41,1.67,2.66
2014-05-13,0.39,1.62,2.61
2014-05-14,0.39,1.57,2.54
2014-05-15,0.38,1.55,2.50
2014-05-16,0.38,1.56,2.52
2014-05-19,0.36,1.56,2.54
2014-05-20,0.35,1.53,2.52
2014-05-21,0.37,1.55,2.54
2014-05-22,0.37,1.57,2.56
2014-05-23,0.37,1.55,2.54
2014-05-27,0.39,1.56,2.52
2014-05-28,0.37,1.50,2.44
2014-05-29,0.37,1.52,2.45
2014-05-30,0.37,1.54,2.48
2014-06-02,0.39,1.60,2.54
2014-06-03,0.41,1.65,2.60
2014-06-04,0.41,1.65,2.61
2014-06-05,0.40,1.63,2.59
2014-06-06,0.41,1.66,2.60
2014-06-09,0.43,1.69,2.62
2014-06-10,0.45,1.71,2.64
2014-06-11,0.44,1.70,2.65
2014-06-12,0.42,1.66,2.58
2014-06-13,0.45,1.70,2.60
2014-06-16,0.49,1.71,2.61
2014-06-17,0.51,1.77,2.66
2014-06-18,0.48,1.71,2.61
2014-06-19,0.48,1.71,2.64
2014-06-20,0.50,1.71,2.63
2014-06-23,0.48,1.72,2.63
2014-06-24,0.49,1.70,2.59
2014-06-25,0.48,1.68,2.57
2014-06-26,0.46,1.64,2.53
2014-06-27,0.45,1.64,2.54
2014-06-30,0.47,1.62,2.53
2014-07-01,0.47,1.66,2.58
2014-07-02,0.49,1.71,2.64
2014-07-03,0.52,1.74,2.65
2014-07-07,0.52,1.74,2.63
2014-07-08,0.51,1.70,2.58
2014-07-09,0.51,1.68,2.57
2014-07-10,0.46,1.66,2.55
2014-07-11,0.48,1.65,2.53
2014-07-14,0.48,1.68,2.55
2014-07-15,0.49,1.70,2.56
2014-07-16,0.50,1.71,2.55
2014-07-17,0.47,1.65,2.47
2014-07-18,0.51,1.69,2.50
2014-07-21,0.51,1.70,2.49
2014-07-22,0.49,1.68,2.48
2014-07-23,0.50,1.67,2.48
2014-07-24,0.53,1.72,2.52
2014-07-25,0.53,1.69,2.48
2014-07-28,0.54,1.73,2.50
2014-07-29,0.54,1.70,2.47
2014-07-30,0.56,1.77,2.57
2014-07-31,0.53,1.76,2.58
2014-08-01,0.47,1.67,2.52
2014-08-04,0.47,1.66,2.51
2014-08-05,0.47,1.66,2.49
2014-08-06,0.48,1.66,2.49
2014-08-07,0.44,1.60,2.43
2014-08-08,0.45,1.62,2.44
2014-08-11,0.47,1.62,2.44
2014-08-12,0.45,1.63,2.46
2014-08-13,0.43,1.59,2.43
2014-08-14,0.42,1.58,2.40
2014-08-15,0.42,1.55,2.34
2014-08-18,0.44,1.58,2.39
2014-08-19,0.46,1.59,2.40
2014-08-20,0.49,1.65,2.43
2014-08-21,0.49,1.64,2.41
2014-08-22,0.53,1.68,2.40
2014-08-25,0.53,1.69,2.39
2014-08-26,0.52,1.68,2.39
2014-08-27,0.51,1.65,2.37
2014-08-28,0.50,1.63,2.34
2014-08-29,0.48,1.63,2.35
2014-09-02,0.53,1.69,2.42
2014-09-03,0.52,1.69,2.41
2014-09-04,0.54,1.71,2.45
2014-09-05,0.52,1.69,2.46
2014-09-08,0.54,1.72,2.48
2014-09-09,0.56,1.76,2.50
2014-09-10,0.58,1.79,2.54
2014-09-11,0.58,1.79,2.54
2014-09-12,0.58,1.83,2.62
2014-09-15,0.58,1.80,2.60
2014-09-16,0.55,1.78,2.60
2014-09-17,0.59,1.82,2.62
2014-09-18,0.59,1.85,2.63
2014-09-19,0.59,1.83,2.59
2014-09-22,0.58,1.80,2.57
2014-09-23,0.57,1.78,2.54
2014-09-24,0.59,1.82,2.57
2014-09-25,0.56,1.75,2.52
2014-09-26,0.59,1.80,2.54
2014-09-29,0.58,1.77,2.50
2014-09-30,0.58,1.78,2.52
2014-10-01,0.53,1.69,2.42
2014-10-02,0.53,1.70,2.44
2014-10-03,0.57,1.73,2.45
2014-10-06,0.54,1.70,2.43
2014-10-07,0.52,1.64,2.36
2014-10-08,0.46,1.57,2.35
2014-10-09,0.46,1.58,2.34
2014-10-10,0.45,1.55,2.31
2014-10-14,0.39,1.45,2.21
2014-10-15,0.34,1.37,2.15
2014-10-16,0.35,1.39,2.17
2014-10-17,0.39,1.44,2.22
2014-10-20,0.37,1.41,2.20
2014-10-21,0.38,1.44,2.23
2014-10-22,0.41,1.46,2.25
2014-10-23,0.41,1.52,2.29
2014-10-24,0.41,1.52,2.29
2014-10-27,0.41,1.51,2.27
2014-10-28,0.42,1.53,2.30
2014-10-29,0.48,1.61,2.34
2014-10-30,0.48,1.58,2.32
2014-10-31,0.50,1.62,2.35
2014-11-03,0.52,1.63,2.36
2014-11-04,0.52,1.63,2.35
2014-11-05,0.52,1.63,2.36
2014-11-06,0.54,1.67,2.39
2014-11-07,0.51,1.60,2.32
2014-11-10,0.55,1.65,2.38
2014-11-12,0.55,1.65,2.37
2014-11-13,0.53,1.64,2.35
2014-11-14,0.54,1.62,2.32
2014-11-17,0.54,1.64,2.34
2014-11-18,0.53,1.63,2.32
2014-11-19,0.54,1.66,2.36
2014-11-20,0.53,1.64,2.34
2014-11-21,0.53,1.63,2.31
2014-11-24,0.53,1.62,2.30
2014-11-25,0.51,1.58,2.27
2014-11-26,0.53,1.56,2.24
2014-11-28,0.47,1.49,2.18
2014-12-01,0.49,1.52,2.22
2014-12-02,0.55,1.59,2.28
2014-12-03,0.57,1.61,2.29
2014-12-04,0.55,1.59,2.25
2014-12-05,0.65,1.69,2.31
2014-12-08,0.64,1.67,2.26
2014-12-09,0.64,1.63,2.22
2014-12-10,0.59,1.58,2.18
2014-12-11,0.62,1.62,2.19
2014-12-12,0.56,1.53,2.10
2014-12-15,0.60,1.58,2.12
2014-12-16,0.58,1.53,2.07
2014-12-17,0.62,1.61,2.14
2014-12-18,0.67,1.68,2.22
2014-12-19,0.67,1.66,2.17
2014-12-22,0.71,1.67,2.17
2014-12-23,0.73,1.76,2.26
2014-12-24,0.73,1.76,2.27
2014-12-26,0.73,1.75,2.25
2014-12-29,0.72,1.72,2.22
2014-12-30,0.69,1.68,2.20
2014-12-31,0.67,1.65,2.17
2015-01-02,0.66,1.61,2.12
2015-01-05,0.68,1.57,2.04
2015-01-06,0.65,1.50,1.97
2015-01-07,0.62,1.47,1.96
2015-01-08,0.62,1.50,2.03
2015-01-09,0.59,1.45,1.98
2015-01-12,0.56,1.39,1.92
2015-01-13,0.54,1.37,1.91
2015-01-14,0.51,1.33,1.86
2015-01-15,0.44,1.22,1.77
2015-01-16,0.49,1.29,1.83
2015-01-20,0.53,1.31,1.82
2015-01-21,0.53,1.35,1.87
2015-01-22,0.53,1.39,1.90
2015-01-23,0.52,1.33,1.81
2015-01-26,0.54,1.36,1.83
2015-01-27,0.54,1.34,1.83
2015-01-28,0.50,1.25,1.73
2015-01-29,0.51,1.28,1.77
2015-01-30,0.47,1.18,1.68
2015-02-02,0.49,1.19,1.68
2015-02-03,0.52,1.28,1.79
2015-02-04,0.52,1.29,1.81
2015-02-05,0.52,1.30,1.83
2015-02-06,0.65,1.48,1.95
2015-02-09,0.65,1.49,1.96
2015-02-10,0.67,1.52,2.01
2015-02-11,0.67,1.53,2.00
2015-02-12,0.61,1.50,1.99
2015-02-13,0.66,1.53,2.02
2015-02-17,0.70,1.62,2.14
2015-02-18,0.62,1.52,2.07
2015-02-19,0.67,1.58,2.11
2015-02-20,0.67,1.61,2.13
2015-02-23,0.64,1.56,2.06
2015-02-24,0.60,1.47,1.99
2015-02-25,0.61,1.47,1.96
2015-02-26,0.66,1.54,2.03
2015-02-27,0.63,1.50,2.00
2015-03-02,0.66,1.57,2.08
2015-03-03,0.68,1.61,2.12
2015-03-04,0.66,1.60,2.12
2015-03-05,0.65,1.57,2.11
2015-03-06,0.73,1.70,2.24
2015-03-09,0.70,1.66,2.20
2015-03-10,0.70,1.62,2.14
2015-03-11,0.70,1.60,2.11
2015-03-12,0.67,1.59,2.10
2015-03-13,0.68,1.60,2.13
2015-03-16,0.66,1.57,2.10
2015-03-17,0.70,1.56,2.06
2015-03-18,0.57,1.41,1.93
2015-03-19,0.63,1.48,1.98
2015-03-20,0.60,1.42,1.93
2015-03-23,0.60,1.41,1.92
2015-03-24,0.58,1.37,1.88
2015-03-25,0.59,1.41,1.93
2015-03-26,0.61,1.47,2.01
2015-03-27,0.58,1.42,1.95
2015-03-30,0.58,1.41,1.96
2015-03-31,0.56,1.37,1.94
2015-04-01,0.55,1.32,1.87
2015-04-02,0.55,1.35,1.92
2015-04-03,0.49,1.26,1.85
2015-04-06,0.51,1.31,1.92
2015-04-07,0.52,1.32,1.89
2015-04-08,0.54,1.35,1.92
2015-04-09,0.56,1.40,1.97
2015-04-10,0.57,1.41,1.96
2015-04-13,0.54,1.38,1.94
2015-04-14,0.53,1.34,1.90
2015-04-15,0.51,1.33,1.91
2015-04-16,0.50,1.31,1.90
2015-04-17,0.51,1.31,1.87
2015-04-20,0.55,1.33,1.90
2015-04-21,0.55,1.35,1.92
2015-04-22,0.57,1.41,1.99
2015-04-23,0.55,1.37,1.96
2015-04-24,0.54,1.34,1.93
2015-04-27,0.54,1.36,1.94
2015-04-28,0.56,1.39,2.00
2015-04-29,0.56,1.43,2.06
2015-04-30,0.58,1.43,2.05
2015-05-01,0.60,1.50,2.12
2015-05-04,0.60,1.51,2.16
2015-05-05,0.62,1.54,2.19
2015-05-06,0.65,1.58,2.25
2015-05-07,0.63,1.55,2.18
2015-05-08,0.59,1.50,2.16
2015-05-11,0.62,1.59,2.28
2015-05-12,0.61,1.58,2.28
2015-05-13,0.59,1.57,2.27
2015-05-14,0.56,1.51,2.23
2015-05-15,0.55,1.46,2.14
2015-05-18,0.58,1.54,2.23
2015-05-19,0.63,1.60,2.27
2015-05-20,0.60,1.57,2.26
2015-05-21,0.60,1.53,2.19
2015-05-22,0.64,1.57,2.21
2015-05-26,0.64,1.54,2.14
2015-05-27,0.64,1.53,2.14
2015-05-28,0.62,1.51,2.13
2015-05-29,0.61,1.49,2.12
2015-06-01,0.64,1.55,2.19
2015-06-02,0.64,1.61,2.27
2015-06-03,0.69,1.69,2.38
2015-06-04,0.66,1.65,2.31
2015-06-05,0.73,1.75,2.41
2015-06-08,0.70,1.72,2.39
2015-06-09,0.72,1.74,2.42
2015-06-10,0.75,1.80,2.50
2015-06-11,0.73,1.74,2.39
2015-06-12,0.74,1.75,2.39
2015-06-15,0.72,1.71,2.36
2015-06-16,0.71,1.68,2.32
2015-06-17,0.67,1.63,2.32
2015-06-18,0.66,1.65,2.35
2015-06-19,0.65,1.59,2.26
2015-06-22,0.68,1.68,2.37
2015-06-23,0.70,1.71,2.42
2015-06-24,0.68,1.69,2.38
2015-06-25,0.68,1.70,2.40
2015-06-26,0.72,1.75,2.49
2015-06-29,0.64,1.62,2.33
2015-06-30,0.64,1.63,2.35
2015-07-01,0.69,1.70,2.43
2015-07-02,0.64,1.64,2.40
2015-07-06,0.60,1.56,2.30
2015-07-07,0.58,1.55,2.27
2015-07-08,0.55,1.50,2.22
2015-07-09,0.60,1.58,2.32
2015-07-10,0.65,1.68,2.42
2015-07-13,0.69,1.71,2.44
2015-07-14,0.66,1.67,2.41
2015-07-15,0.64,1.63,2.36
2015-07-16,0.67,1.66,2.36
2015-07-17,0.68,1.67,2.34
2015-07-20,0.71,1.72,2.38
2015-07-21,0.71,1.69,2.35
2015-07-22,0.75,1.69,2.33
2015-07-23,0.71,1.65,2.28
2015-07-24,0.70,1.64,2.27
2015-07-27,0.68,1.58,2.23
2015-07-28,0.69,1.61,2.26
2015-07-29,0.70,1.62,2.29
2015-07-30,0.72,1.62,2.28
2015-07-31,0.67,1.54,2.20
2015-08-03,0.68,1.52,2.16
2015-08-04,0.74,1.60,2.23
2015-08-05,0.73,1.65,2.28
2015-08-06,0.71,1.62,2.23
2015-08-07,0.73,1.59,2.18
2015-08-10,0.73,1.62,2.24
2015-08-11,0.68,1.53,2.15
2015-08-12,0.67,1.52,2.14
2015-08-13,0.72,1.58,2.19
2015-08-14,0.73,1.61,2.20
2015-08-17,0.72,1.58,2.16
2015-08-18,0.74,1.60,2.20
2015-08-19,0.67,1.50,2.12
2015-08-20,0.69,1.50,2.09
2015-08-21,0.64,1.44,2.05
2015-08-24,0.59,1.39,2.01
2015-08-25,0.67,1.48,2.12
2015-08-26,0.67,1.49,2.18
2015-08-27,0.68,1.49,2.18
2015-08-28,0.72,1.52,2.19
2015-08-31,0.74,1.54,2.21
2015-09-01,0.70,1.49,2.17
2015-09-02,0.72,1.52,2.20
2015-09-03,0.71,1.49,2.18
2015-09-04,0.71,1.47,2.13
2015-09-08,0.74,1.53,2.20
2015-09-09,0.75,1.53,2.21
2015-09-10,0.75,1.55,2.23
2015-09-11,0.71,1.52,2.20
2015-09-14,0.73,1.51,2.18
2015-09-15,0.82,1.61,2.28
2015-09-16,0.82,1.62,2.30
2015-09-17,0.70,1.50,2.21
2015-09-18,0.69,1.45,2.13
2015-09-21,0.72,1.51,2.20
2015-09-22,0.69,1.44,2.14
2015-09-23,0.70,1.47,2.16
2015-09-24,0.67,1.44,2.13
2015-09-25,0.70,1.48,2.17
2015-09-28,0.67,1.42,2.10
2015-09-29,0.64,1.37,2.05
2015-09-30,0.64,1.37,2.06
2015-10-01,0.64,1.37,2.05
2015-10-02,0.58,1.29,1.99
2015-10-05,0.61,1.35,2.07
2015-10-06,0.61,1.34,2.05
2015-10-07,0.65,1.37,2.08
2015-10-08,0.65,1.40,2.12
2015-10-09,0.65,1.41,2.12
2015-10-13,0.64,1.36,2.06
2015-10-14,0.57,1.29,1.99
2015-10-15,0.61,1.34,2.04
2015-10-16,0.61,1.36,2.04
2015-10-19,0.61,1.35,2.04
2015-10-20,0.66,1.40,2.08
2015-10-21,0.64,1.37,2.04
2015-10-22,0.61,1.36,2.04
2015-10-23,0.66,1.43,2.09
2015-10-26,0.66,1.41,2.07
2015-10-27,0.65,1.38,2.05
2015-10-28,0.73,1.47,2.10
2015-10-29,0.75,1.53,2.19
2015-10-30,0.75,1.52,2.16
2015-11-02,0.77,1.57,2.20
2015-11-03,0.80,1.59,2.23
2015-11-04,0.84,1.64,2.25
2015-11-05,0.85,1.65,2.26
2015-11-06,0.90,1.73,2.34
2015-11-09,0.89,1.75,2.36
2015-11-10,0.87,1.72,2.32
2015-11-12,0.89,1.73,2.32
2015-11-13,0.86,1.67,2.28
2015-11-16,0.88,1.66,2.27
2015-11-17,0.86,1.66,2.25
2015-11-18,0.90,1.69,2.27
2015-11-19,0.91,1.68,2.24
2015-11-20,0.93,1.70,2.26
2015-11-23,0.94,1.70,2.25
2015-11-24,0.93,1.66,2.24
2015-11-25,0.93,1.66,2.23
2015-11-27,0.92,1.64,2.22
2015-11-30,0.94,1.65,2.21
2015-12-01,0.91,1.59,2.15
2015-12-02,0.94,1.63,2.18
2015-12-03,0.96,1.74,2.33
2015-12-04,0.96,1.71,2.28
2015-12-07,0.94,1.67,2.23
2015-12-08,0.94,1.68,2.24
2015-12-09,0.93,1.64,2.22
2015-12-10,0.95,1.68,2.24
2015-12-11,0.88,1.56,2.13
2015-12-14,0.97,1.66,2.23
2015-12-15,0.98,1.71,2.28
2015-12-16,1.02,1.75,2.30
2015-12-17,1.00,1.73,2.24
2015-12-18,0.97,1.67,2.19
2015-12-21,0.96,1.67,2.20
2015-12-22,0.99,1.71,2.24
2015-12-23,1.01,1.74,2.27
2015-12-24,1.03,1.73,2.25
2015-12-28,1.05,1.73,2.24
2015-12-29,1.09,1.81,2.32
2015-12-30,1.08,1.80,2.31
2015-12-31,1.06,1.76,2.27
2016-01-04,1.02,1.73,2.24
2016-01-05,1.04,1.73,2.25
2016-01-06,0.99,1.65,2.18
2016-01-07,0.96,1.61,2.16
2016-01-08,0.94,1.57,2.13
2016-01-11,0.94,1.58,2.17
2016-01-12,0.93,1.55,2.12
2016-01-13,0.91,1.51,2.08
2016-01-14,0.90,1.52,2.10
2016-01-15,0.85,1.46,2.03
2016-01-19,0.88,1.49,2.06
2016-01-20,0.85,1.44,2.01
2016-01-21,0.84,1.44,2.02
2016-01-22,0.88,1.49,2.07
2016-01-25,0.88,1.47,2.03
2016-01-26,0.85,1.45,2.01
2016-01-27,0.84,1.43,2.02
2016-01-28,0.83,1.40,2.00
2016-01-29,0.76,1.33,1.94
2016-02-01,0.81,1.38,1.97
2016-02-02,0.75,1.28,1.87
2016-02-03,0.72,1.27,1.88
2016-02-04,0.70,1.25,1.87
2016-02-05,0.74,1.25,1.86
2016-02-08,0.66,1.16,1.75
2016-02-09,0.69,1.15,1.74
2016-02-10,0.71,1.15,1.71
2016-02-11,0.64,1.11,1.63
2016-02-12,0.71,1.20,1.74
2016-02-16,0.74,1.23,1.78
2016-02-17,0.74,1.26,1.81
2016-02-18,0.71,1.21,1.75
2016-02-19,0.76,1.24,1.76
2016-02-22,0.78,1.25,1.77
2016-02-23,0.76,1.23,1.74
2016-02-24,0.75,1.21,1.75
2016-02-25,0.72,1.16,1.71
2016-02-26,0.80,1.23,1.76
2016-02-29,0.78,1.22,1.74
2016-03-01,0.85,1.31,1.83
2016-03-02,0.85,1.34,1.84
2016-03-03,0.85,1.33,1.83
2016-03-04,0.88,1.38,1.88
2016-03-07,0.91,1.42,1.91
2016-03-08,0.88,1.34,1.83
2016-03-09,0.90,1.39,1.90
2016-03-10,0.93,1.45,1.93
2016-03-11,0.97,1.49,1.98
2016-03-14,0.97,1.49,1.97
2016-03-15,0.98,1.50,1.97
2016-03-16,0.87,1.41,1.94
2016-03-17,0.87,1.39,1.91
2016-03-18,0.84,1.34,1.88
2016-03-21,0.87,1.38,1.92
2016-03-22,0.91,1.42,1.94
2016-03-23,0.87,1.37,1.88
2016-03-24,0.89,1.39,1.91
2016-03-28,0.89,1.37,1.89
2016-03-29,0.78,1.29,1.81
2016-03-30,0.76,1.26,1.83
2016-03-31,0.73,1.21,1.78
2016-04-01,0.76,1.24,1.79
2016-04-04,0.75,1.22,1.78
2016-04-05,0.72,1.17,1.73
2016-04-06,0.73,1.20,1.76
2016-04-07,0.70,1.14,1.70
2016-04-08,0.70,1.16,1.72
2016-04-11,0.70,1.16,1.73
2016-04-12,0.74,1.22,1.79
2016-04-13,0.75,1.22,1.77
2016-04-14,0.77,1.26,1.80
2016-04-15,0.74,1.22,1.76
2016-04-18,0.75,1.24,1.78
2016-04-19,0.77,1.26,1.79
2016-04-20,0.80,1.32,1.85
2016-04-21,0.82,1.35,1.88
2016-04-22,0.84,1.37,1.89
2016-04-25,0.85,1.38,1.91
2016-04-26,0.86,1.40,1.94
2016-04-27,0.83,1.33,1.87
2016-04-28,0.78,1.28,1.84
2016-04-29,0.77,1.28,1.83
2016-05-02,0.80,1.32,1.88
2016-05-03,0.75,1.25,1.81
2016-05-04,0.75,1.23,1.79
2016-05-05,0.72,1.20,1.76
2016-05-06,0.74,1.23,1.79
2016-05-09,0.72,1.20,1.77
2016-05-10,0.72,1.20,1.77
2016-05-11,0.74,1.20,1.73
2016-05-12,0.76,1.24,1.75
2016-05-13,0.76,1.22,1.71
2016-05-16,0.79,1.26,1.75
2016-05-17,0.82,1.29,1.76
2016-05-18,0.90,1.41,1.87
2016-05-19,0.89,1.38,1.85
2016-05-20,0.89,1.38,1.85
2016-05-23,0.91,1.38,1.84
2016-05-24,0.92,1.41,1.86
2016-05-25,0.92,1.40,1.87
2016-05-26,0.87,1.35,1.83
2016-05-27,0.90,1.39,1.85
2016-05-31,0.87,1.37,1.84
2016-06-01,0.91,1.39,1.85
2016-06-02,0.89,1.36,1.81
2016-06-03,0.78,1.23,1.71
2016-06-06,0.80,1.25,1.73
2016-06-07,0.78,1.23,1.72
2016-06-08,0.78,1.23,1.71
2016-06-09,0.77,1.22,1.68
2016-06-10,0.73,1.17,1.64
2016-06-13,0.73,1.14,1.62
2016-06-14,0.74,1.15,1.62
2016-06-15,0.69,1.10,1.60
2016-06-16,0.70,1.10,1.57
2016-06-17,0.70,1.13,1.62
2016-06-20,0.74,1.17,1.67
2016-06-21,0.76,1.22,1.71
2016-06-22,0.75,1.20,1.69
2016-06-23,0.78,1.25,1.74
2016-06-24,0.64,1.08,1.57
2016-06-27,0.61,1.00,1.46
2016-06-28,0.61,1.00,1.46
2016-06-29,0.62,1.03,1.50
2016-06-30,0.58,1.01,1.49
2016-07-01,0.59,1.00,1.46
2016-07-05,0.56,0.94,1.37
2016-07-06,0.58,0.95,1.38
2016-07-07,0.58,0.97,1.40
2016-07-08,0.61,0.95,1.37
2016-07-11,0.66,1.03,1.43
2016-07-12,0.69,1.10,1.53
2016-07-13,0.68,1.07,1.48
2016-07-14,0.68,1.10,1.53
2016-07-15,0.71,1.15,1.60
2016-07-18,0.68,1.14,1.59
2016-07-19,0.70,1.12,1.56
2016-07-20,0.73,1.15,1.59
2016-07-21,0.70,1.11,1.57
2016-07-22,0.71,1.13,1.57
2016-07-25,0.72,1.15,1.58
2016-07-26,0.75,1.15,1.57
2016-07-27,0.73,1.10,1.52
2016-07-28,0.72,1.09,1.52
2016-07-29,0.67,1.03,1.46
2016-08-01,0.67,1.06,1.51
2016-08-02,0.67,1.07,1.55
2016-08-03,0.67,1.07,1.55
2016-08-04,0.64,1.03,1.51
2016-08-05,0.72,1.13,1.59
2016-08-08,0.74,1.15,1.59
2016-08-09,0.71,1.11,1.55
2016-08-10,0.69,1.07,1.50
2016-08-11,0.76,1.16,1.57
2016-08-12,0.71,1.10,1.51
2016-08-15,0.72,1.14,1.55
2016-08-16,0.76,1.16,1.57
2016-08-17,0.74,1.15,1.56
2016-08-18,0.71,1.12,1.53
2016-08-19,0.76,1.17,1.58
2016-08-22,0.76,1.15,1.55
2016-08-23,0.74,1.15,1.55
2016-08-24,0.76,1.13,1.56
2016-08-25,0.78,1.16,1.58
2016-08-26,0.84,1.23,1.62
2016-08-29,0.81,1.18,1.57
2016-08-30,0.80,1.18,1.57
2016-08-31,0.80,1.19,1.58
2016-09-01,0.78,1.18,1.57
2016-09-02,0.80,1.20,1.60
2016-09-06,0.74,1.13,1.55
2016-09-07,0.74,1.12,1.54
2016-09-08,0.78,1.19,1.61
2016-09-09,0.79,1.23,1.67
2016-09-12,0.79,1.21,1.68
2016-09-13,0.80,1.26,1.73
2016-09-14,0.77,1.21,1.70
2016-09-15,0.74,1.20,1.71
2016-09-16,0.77,1.21,1.70
2016-09-19,0.79,1.22,1.70
2016-09-20,0.79,1.20,1.69
2016-09-21,0.79,1.20,1.66
2016-09-22,0.79,1.18,1.63
2016-09-23,0.77,1.16,1.62
2016-09-26,0.76,1.13,1.59
2016-09-27,0.75,1.12,1.56
2016-09-28,0.75,1.13,1.57
2016-09-29,0.73,1.12,1.56
2016-09-30,0.77,1.14,1.60
2016-10-03,0.80,1.18,1.63
2016-10-04,0.82,1.22,1.69
2016-10-05,0.85,1.26,1.72
2016-10-06,0.86,1.28,1.75
2016-10-07,0.83,1.26,1.73
2016-10-11,0.87,1.30,1.77
2016-10-12,0.87,1.31,1.79
2016-10-13,0.85,1.27,1.75
2016-10-14,0.84,1.28,1.80
2016-10-17,0.81,1.26,1.77
2016-10-18,0.82,1.24,1.75
2016-10-19,0.81,1.24,1.76
2016-10-20,0.84,1.26,1.76
2016-10-21,0.84,1.25,1.74
2016-10-24,0.84,1.27,1.77
2016-10-25,0.86,1.29,1.77
2016-10-26,0.86,1.30,1.79
2016-10-27,0.87,1.33,1.85
2016-10-28,0.86,1.33,1.86
2016-10-31,0.86,1.31,1.84
2016-11-01,0.83,1.30,1.83
2016-11-02,0.81,1.26,1.81
2016-11-03,0.81,1.26,1.82
2016-11-04,0.80,1.24,1.79
2016-11-07,0.82,1.29,1.83
2016-11-08,0.87,1.34,1.88
2016-11-09,0.90,1.49,2.07
2016-11-10,0.92,1.56,2.15
2016-11-14,1.00,1.66,2.23
2016-11-15,1.02,1.68,2.23
2016-11-16,1.00,1.68,2.22
2016-11-17,1.04,1.73,2.29
2016-11-18,1.07,1.80,2.34
2016-11-21,1.08,1.79,2.33
2016-11-22,1.07,1.77,2.31
2016-11-23,1.12,1.83,2.36
2016-11-25,1.12,1.83,2.36
2016-11-28,1.11,1.80,2.32
2016-11-29,1.09,1.78,2.30
2016-11-30,1.11,1.83,2.37
2016-12-01,1.14,1.90,2.45
2016-12-02,1.11,1.84,2.40
2016-12-05,1.13,1.84,2.39
2016-12-06,1.12,1.84,2.39
2016-12-07,1.10,1.80,2.34
2016-12-08,1.12,1.83,2.40
2016-12-09,1.15,1.89,2.47
2016-12-12,1.15,1.90,2.49
2016-12-13,1.17,1.92,2.48
2016-12-14,1.27,2.02,2.54
2016-12-15,1.29,2.10,2.60
2016-12-16,1.28,2.07,2.60
2016-12-19,1.24,2.03,2.54
2016-12-20,1.25,2.06,2.57
2016-12-21,1.21,2.04,2.55
2016-12-22,1.22,2.04,2.55
2016-12-23,1.22,2.04,2.55
2016-12-27,1.28,2.07,2.57
2016-12-28,1.26,2.02,2.51
2016-12-29,1.22,1.96,2.49
2016-12-30,1.20,1.93,2.45
2017-01-03,1.22,1.94,2.45
2017-01-04,1.24,1.94,2.46
2017-01-05,1.17,1.86,2.37
2017-01-06,1.22,1.92,2.42
2017-01-09,1.21,1.89,2.38
2017-01-10,1.19,1.89,2.38
2017-01-11,1.20,1.89,2.38
2017-01-12,1.18,1.87,2.36
2017-01-13,1.21,1.90,2.40
2017-01-17,1.17,1.84,2.33
2017-01-18,1.23,1.93,2.42
2017-01-19,1.25,1.97,2.47
2017-01-20,1.20,1.95,2.48
2017-01-23,1.16,1.88,2.41
2017-01-24,1.21,1.94,2.47
2017-01-25,1.23,1.99,2.53
2017-01-26,1.21,1.95,2.51
2017-01-27,1.22,1.94,2.49
2017-01-30,1.22,1.94,2.49
2017-01-31,1.19,1.90,2.45
2017-02-01,1.22,1.93,2.48
2017-02-02,1.21,1.92,2.48
2017-02-03,1.21,1.93,2.49
2017-02-06,1.16,1.86,2.42
2017-02-07,1.16,1.85,2.40
2017-02-08,1.15,1.81,2.34
2017-02-09,1.20,1.88,2.40
2017-02-10,1.20,1.89,2.41
2017-02-13,1.20,1.92,2.43
2017-02-14,1.25,1.98,2.47
2017-02-15,1.27,2.01,2.51
2017-02-16,1.22,1.95,2.45
2017-02-17,1.21,1.92,2.42
2017-02-21,1.22,1.93,2.43
2017-02-22,1.22,1.92,2.42
2017-02-23,1.18,1.87,2.38
2017-02-24,1.12,1.80,2.31
2017-02-27,1.20,1.87,2.36
2017-02-28,1.22,1.89,2.36
2017-03-01,1.29,1.99,2.46
2017-03-02,1.32,2.03,2.49
2017-03-03,1.32,2.02,2.49
2017-03-06,1.31,2.02,2.49
2017-03-07,1.32,2.05,2.52
2017-03-08,1.36,2.08,2.57
2017-03-09,1.37,2.13,2.60
2017-03-10,1.36,2.11,2.58
2017-03-13,1.40,2.14,2.62
2017-03-14,1.40,2.13,2.60
2017-03-15,1.33,2.02,2.51
2017-03-16,1.35,2.05,2.53
2017-03-17,1.33,2.03,2.50
2017-03-20,1.30,2.00,2.47
2017-03-21,1.27,1.96,2.43
2017-03-22,1.27,1.95,2.40
2017-03-23,1.26,1.95,2.41
2017-03-24,1.26,1.93,2.40
2017-03-27,1.27,1.93,2.38
2017-03-28,1.30,1.97,2.42
2017-03-29,1.26,1.93,2.39
2017-03-30,1.28,1.96,2.42
2017-03-31,1.27,1.93,2.40
2017-04-03,1.24,1.88,2.35
2017-04-04,1.25,1.88,2.36
2017-04-05,1.24,1.85,2.34
2017-04-06,1.24,1.87,2.34
2017-04-07,1.29,1.92,2.38
2017-04-10,1.29,1.91,2.37
2017-04-11,1.24,1.84,2.32
2017-04-12,1.24,1.81,2.28
2017-04-13,1.21,1.77,2.24
2017-04-17,1.21,1.79,2.26
2017-04-18,1.18,1.71,2.18
2017-04-19,1.19,1.74,2.21
2017-04-20,1.21,1.78,2.24
2017-04-21,1.20,1.77,2.24
2017-04-24,1.25,1.81,2.28
2017-04-25,1.29,1.87,2.35
2017-04-26,1.28,1.84,2.32
2017-04-27,1.25,1.81,2.30
2017-04-28,1.28,1.81,2.29
2017-05-01,1.28,1.84,2.33
2017-05-02,1.27,1.81,2.29
2017-05-03,1.30,1.86,2.33
2017-05-04,1.32,1.88,2.36
2017-05-05,1.32,1.89,2.36
2017-05-08,1.33,1.91,2.39
2017-05-09,1.37,1.94,2.42
2017-05-10,1.35,1.94,2.41
2017-05-11,1.35,1.93,2.39
2017-05-12,1.29,1.85,2.33
2017-05-15,1.31,1.86,2.34
2017-05-16,1.29,1.86,2.33
2017-05-17,1.26,1.76,2.22
2017-05-18,1.27,1.78,2.23
2017-05-19,1.28,1.79,2.23
2017-05-22,1.29,1.80,2.25
2017-05-23,1.31,1.84,2.29
2017-05-24,1.29,1.79,2.26
2017-05-25,1.30,1.78,2.25
2017-05-26,1.30,1.79,2.25
2017-05-30,1.28,1.76,2.21
2017-05-31,1.28,1.75,2.21
2017-06-01,1.28,1.76,2.21
2017-06-02,1.28,1.71,2.15
2017-06-05,1.32,1.74,2.18
2017-06-06,1.30,1.71,2.14
2017-06-07,1.32,1.74,2.18
2017-06-08,1.33,1.75,2.19
2017-06-09,1.35,1.77,2.21
2017-06-12,1.35,1.78,2.21
2017-06-13,1.38,1.79,2.21
2017-06-14,1.35,1.74,2.15
2017-06-15,1.35,1.76,2.16
2017-06-16,1.32,1.75,2.16
2017-06-19,1.36,1.80,2.19
2017-06-20,1.36,1.77,2.16
2017-06-21,1.36,1.78,2.16
2017-06-22,1.34,1.76,2.15
2017-06-23,1.34,1.77,2.15
2017-06-26,1.36,1.77,2.14
2017-06-27,1.38,1.83,2.21
2017-06-28,1.34,1.81,2.22
2017-06-29,1.38,1.85,2.27
2017-06-30,1.38,1.89,2.31
2017-07-03,1.41,1.93,2.35
2017-07-05,1.41,1.92,2.33
2017-07-06,1.40,1.94,2.37
2017-07-07,1.40,1.95,2.39
2017-07-10,1.40,1.93,2.38
2017-07-11,1.37,1.92,2.37
2017-07-12,1.35,1.88,2.33
2017-07-13,1.37,1.89,2.35
2017-07-14,1.35,1.87,2.33
2017-07-17,1.36,1.86,2.31
2017-07-18,1.36,1.82,2.27
2017-07-19,1.37,1.83,2.27
2017-07-20,1.37,1.82,2.27
2017-07-21,1.36,1.81,2.24
2017-07-24,1.37,1.83,2.26
2017-07-25,1.40,1.90,2.33
2017-07-26,1.36,1.83,2.29
2017-07-27,1.36,1.84,2.32
2017-07-28,1.34,1.83,2.30
2017-07-31,1.34,1.84,2.30
2017-08-01,1.34,1.80,2.26
2017-08-02,1.36,1.82,2.27
2017-08-03,1.34,1.79,2.24
2017-08-04,1.36,1.82,2.27
2017-08-07,1.36,1.81,2.26
2017-08-08,1.36,1.84,2.29
2017-08-09,1.33,1.81,2.24
2017-08-10,1.33,1.78,2.20
2017-08-11,1.30,1.74,2.19
2017-08-14,1.33,1.77,2.22
2017-08-15,1.35,1.83,2.27
2017-08-16,1.33,1.79,2.23
2017-08-17,1.32,1.76,2.19
2017-08-18,1.33,1.77,2.19
2017-08-21,1.32,1.76,2.18
2017-08-22,1.33,1.80,2.22
2017-08-23,1.32,1.76,2.17
2017-08-24,1.33,1.78,2.19
2017-08-25,1.35,1.77,2.17
2017-08-28,1.33,1.74,2.16
2017-08-29,1.33,1.70,2.13
2017-08-30,1.33,1.72,2.15
2017-08-31,1.33,1.70,2.12
2017-09-01,1.35,1.73,2.16
2017-09-05,1.30,1.65,2.07
2017-09-06,1.30,1.69,2.10
2017-09-07,1.27,1.63,2.05
2017-09-08,1.27,1.64,2.06
2017-09-11,1.32,1.71,2.14
2017-09-12,1.33,1.75,2.17
2017-09-13,1.35,1.78,2.20
2017-09-14,1.37,1.79,2.20
2017-09-15,1.39,1.81,2.20
2017-09-18,1.40,1.83,2.23
2017-09-19,1.40,1.84,2.24
2017-09-20,1.45,1.89,2.28
2017-09-21,1.45,1.89,2.27
2017-09-22,1.46,1.88,2.26
2017-09-25,1.44,1.85,2.22
2017-09-26,1.45,1.87,2.24
2017-09-27,1.47,1.91,2.31
2017-09-28,1.45,1.89,2.31
2017-09-29,1.47,1.92,2.33
2017-10-02,1.49,1.94,2.34
2017-10-03,1.47,1.92,2.33
2017-10-04,1.47,1.92,2.33
2017-10-05,1.49,1.94,2.35
2017-10-06,1.54,1.97,2.37
2017-10-10,1.51,1.95,2.35
2017-10-11,1.51,1.95,2.35
2017-10-12,1.51,1.95,2.33
2017-10-13,1.51,1.91,2.28
2017-10-16,1.54,1.95,2.30
2017-10-17,1.54,1.97,2.30
2017-10-18,1.59,1.99,2.34
2017-10-19,1.58,1.98,2.33
2017-10-20,1.60,2.03,2.39
2017-10-23,1.58,2.01,2.38
2017-10-24,1.60,2.05,2.42
2017-10-25,1.61,2.06,2.44
2017-10-26,1.63,2.07,2.46
2017-10-27,1.59,2.03,2.42
2017-10-30,1.58,2.00,2.37
2017-10-31,1.60,2.01,2.38
2017-11-01,1.61,2.01,2.37
2017-11-02,1.61,2.00,2.35
2017-11-03,1.63,1.99,2.34
2017-11-06,1.61,1.99,2.32
2017-11-07,1.63,1.99,2.32
2017-11-08,1.65,2.01,2.32
2017-11-09,1.63,2.01,2.33
2017-11-10,1.67,2.06,2.40
2017-11-13,1.70,2.08,2.40
2017-11-14,1.68,2.06,2.38
2017-11-15,1.68,2.04,2.33
2017-11-16,1.72,2.07,2.37
2017-11-17,1.73,2.06,2.35
2017-11-20,1.77,2.09,2.37
2017-11-21,1.77,2.11,2.36
2017-11-22,1.74,2.05,2.32
2017-11-24,1.75,2.07,2.34
2017-11-27,1.74,2.06,2.32
2017-11-28,1.75,2.07,2.34
2017-11-29,1.78,2.09,2.37
2017-11-30,1.78,2.14,2.42
2017-12-01,1.78,2.13,2.37
2017-12-04,1.80,2.15,2.37
2017-12-05,1.83,2.15,2.36
2017-12-06,1.78,2.11,2.33
2017-12-07,1.80,2.14,2.37
2017-12-08,1.80,2.14,2.38
2017-12-11,1.82,2.16,2.39
2017-12-12,1.83,2.18,2.40
2017-12-13,1.79,2.12,2.36
2017-12-14,1.82,2.14,2.35
2017-12-15,1.84,2.16,2.35
2017-12-18,1.84,2.17,2.39
2017-12-19,1.87,2.23,2.46
2017-12-20,1.87,2.24,2.49
2017-12-21,1.89,2.26,2.48
2017-12-22,1.91,2.26,2.48
2017-12-26,1.92,2.25,2.47
2017-12-27,1.89,2.22,2.42
2017-12-28,1.91,2.23,2.43
2017-12-29,1.89,2.20,2.40
2018-01-02,1.92,2.25,2.46
2018-01-03,1.94,2.25,2.44
2018-01-04,1.96,2.27,2.46
2018-01-05,1.96,2.29,2.47
2018-01-08,1.96,2.29,2.49
2018-01-09,1.98,2.33,2.55
2018-01-10,1.98,2.32,2.55
2018-01-11,1.98,2.32,2.54
2018-01-12,1.99,2.35,2.55
2018-01-16,2.03,2.36,2.54
2018-01-17,2.05,2.39,2.57
2018-01-18,2.05,2.43,2.62
2018-01-19,2.06,2.45,2.64
2018-01-22,2.08,2.46,2.66
2018-01-23,2.06,2.43,2.63
2018-01-24,2.08,2.43,2.65
2018-01-25,2.08,2.41,2.63
2018-01-26,2.13,2.47,2.66
2018-01-29,2.11,2.49,2.70
2018-01-30,2.13,2.51,2.73
2018-01-31,2.14,2.52,2.72
2018-02-01,2.16,2.56,2.78
2018-02-02,2.15,2.58,2.84
2018-02-05,2.08,2.50,2.77
2018-02-06,2.10,2.52,2.79
2018-02-07,2.15,2.57,2.84
2018-02-08,2.13,2.57,2.85
2018-02-09,2.05,2.52,2.83
2018-02-12,2.09,2.56,2.86
2018-02-13,2.10,2.54,2.83
2018-02-14,2.17,2.65,2.91
2018-02-15,2.19,2.65,2.90
2018-02-16,2.21,2.63,2.87
2018-02-20,2.25,2.65,2.88
2018-02-21,2.26,2.69,2.94
2018-02-22,2.25,2.66,2.92
2018-02-23,2.25,2.62,2.88
2018-02-26,2.22,2.60,2.86
2018-02-27,2.27,2.67,2.90
2018-02-28,2.25,2.65,2.87
2018-03-01,2.22,2.58,2.81
2018-03-02,2.25,2.63,2.86
2018-03-05,2.24,2.65,2.88
2018-03-06,2.25,2.65,2.88
2018-03-07,2.25,2.65,2.89
2018-03-08,2.25,2.63,2.86
2018-03-09,2.27,2.65,2.90
2018-03-12,2.27,2.64,2.87
2018-03-13,2.26,2.62,2.84
2018-03-14,2.26,2.61,2.81
2018-03-15,2.29,2.62,2.82
2018-03-16,2.31,2.65,2.85
2018-03-19,2.31,2.65,2.85
2018-03-20,2.34,2.69,2.89
2018-03-21,2.31,2.69,2.89
2018-03-22,2.29,2.63,2.83
2018-03-23,2.28,2.61,2.82
2018-03-26,2.33,2.64,2.85
2018-03-27,2.26,2.58,2.78
2018-03-28,2.28,2.59,2.77
2018-03-29,2.27,2.56,2.74
2018-04-02,2.25,2.55,2.73
2018-04-03,2.28,2.60,2.79
2018-04-04,2.28,2.61,2.79
2018-04-05,2.30,2.64,2.83
2018-04-06,2.27,2.58,2.77
2018-04-09,2.29,2.60,2.78
2018-04-10,2.32,2.62,2.80
2018-04-11,2.32,2.62,2.79
2018-04-12,2.34,2.67,2.83
2018-04-13,2.37,2.67,2.82
2018-04-16,2.39,2.69,2.83
2018-04-17,2.41,2.68,2.82
2018-04-18,2.42,2.73,2.87
2018-04-19,2.44,2.77,2.92
2018-04-20,2.46,2.80,2.96
2018-04-23,2.49,2.83,2.98
2018-04-24,2.48,2.83,3.00
2018-04-25,2.49,2.84,3.03
2018-04-26,2.49,2.82,3.00
2018-04-27,2.49,2.80,2.96
2018-04-30,2.49,2.79,2.95
2018-05-01,2.50,2.82,2.97
2018-05-02,2.49,2.80,2.97
2018-05-03,2.49,2.78,2.94
2018-05-04,2.51,2.78,2.95
2018-05-07,2.49,2.78,2.95
2018-05-08,2.51,2.81,2.97
2018-05-09,2.54,2.84,3.00
2018-05-10,2.54,2.83,2.97
2018-05-11,2.54,2.84,2.97
2018-05-14,2.55,2.85,3.00
2018-05-15,2.58,2.92,3.08
2018-05-16,2.58,2.94,3.09
2018-05-17,2.57,2.94,3.11
2018-05-18,2.55,2.90,3.06
2018-05-21,2.58,2.90,3.06
2018-05-22,2.59,2.90,3.06
2018-05-23,2.53,2.83,3.01
2018-05-24,2.50,2.82,2.98
2018-05-25,2.48,2.76,2.93
2018-05-29,2.32,2.58,2.77
2018-05-30,2.42,2.67,2.84
2018-05-31,2.40,2.68,2.83
2018-06-01,2.47,2.74,2.89
2018-06-04,2.52,2.78,2.94
2018-06-05,2.49,2.76,2.92
2018-06-06,2.52,2.81,2.97
2018-06-07,2.50,2.77,2.93
2018-06-08,2.50,2.77,2.93
2018-06-11,2.52,2.80,2.96
2018-06-12,2.54,2.81,2.96
2018-06-13,2.59,2.85,2.98
2018-06-14,2.59,2.81,2.94
2018-06-15,2.55,2.81,2.93
2018-06-18,2.56,2.80,2.92
2018-06-19,2.54,2.77,2.89
2018-06-20,2.56,2.80,2.93
2018-06-21,2.56,2.77,2.90
2018-06-22,2.56,2.77,2.90
2018-06-25,2.54,2.75,2.87
2018-06-26,2.53,2.75,2.88
2018-06-27,2.52,2.71,2.83
2018-06-28,2.52,2.73,2.84
2018-06-29,2.52,2.73,2.85
2018-07-02,2.57,2.75,2.87
2018-07-03,2.53,2.72,2.83
2018-07-05,2.55,2.74,2.84
2018-07-06,2.53,2.71,2.82
2018-07-09,2.57,2.75,2.86
2018-07-10,2.59,2.77,2.87
2018-07-11,2.58,2.74,2.85
2018-07-12,2.60,2.75,2.85
2018-07-13,2.59,2.73,2.83
2018-07-16,2.59,2.75,2.85
2018-07-17,2.62,2.76,2.86
2018-07-18,2.60,2.77,2.88
2018-07-19,2.60,2.74,2.84
2018-07-20,2.60,2.77,2.89
2018-07-23,2.64,2.83,2.96
2018-07-24,2.63,2.83,2.95
2018-07-25,2.66,2.82,2.94
2018-07-26,2.69,2.86,2.98
2018-07-27,2.67,2.84,2.96
2018-07-30,2.66,2.85,2.98
2018-07-31,2.67,2.85,2.96
2018-08-01,2.67,2.87,3.00
2018-08-02,2.66,2.85,2.98
2018-08-03,2.63,2.82,2.95
2018-08-06,2.64,2.80,2.94
2018-08-07,2.68,2.84,2.98
2018-08-08,2.68,2.83,2.96
2018-08-09,2.64,2.80,2.93
2018-08-10,2.61,2.75,2.87
2018-08-13,2.61,2.75,2.88
2018-08-14,2.63,2.77,2.89
2018-08-15,2.61,2.73,2.86
2018-08-16,2.63,2.75,2.87
2018-08-17,2.61,2.75,2.87
2018-08-20,2.60,2.70,2.82
2018-08-21,2.61,2.73,2.85
2018-08-22,2.60,2.70,2.82
2018-08-23,2.61,2.72,2.82
2018-08-24,2.63,2.72,2.82
2018-08-27,2.67,2.74,2.85
2018-08-28,2.67,2.77,2.88
2018-08-29,2.67,2.78,2.89
2018-08-30,2.64,2.75,2.86
2018-08-31,2.62,2.74,2.86
2018-09-04,2.66,2.78,2.90
2018-09-05,2.66,2.77,2.90
2018-09-06,2.64,2.76,2.88
2018-09-07,2.71,2.82,2.94
2018-09-10,2.73,2.83,2.94
2018-09-11,2.76,2.87,2.98
2018-09-12,2.74,2.87,2.97
2018-09-13,2.76,2.87,2.97
2018-09-14,2.78,2.90,2.99
2018-09-17,2.78,2.89,2.99
2018-09-18,2.81,2.94,3.05
2018-09-19,2.81,2.96,3.08
2018-09-20,2.81,2.96,3.07
2018-09-21,2.81,2.95,3.07
2018-09-24,2.83,2.96,3.08
2018-09-25,2.83,2.99,3.10
2018-09-26,2.83,2.96,3.06
2018-09-27,2.83,2.96,3.06
2018-09-28,2.81,2.94,3.05
2018-10-01,2.82,2.96,3.09
2018-10-02,2.82,2.94,3.05
2018-10-03,2.85,3.02,3.15
2018-10-04,2.87,3.05,3.19
2018-10-05,2.88,3.07,3.23
2018-10-09,2.88,3.05,3.21
2018-10-10,2.88,3.05,3.22
2018-10-11,2.85,3.00,3.14
2018-10-12,2.85,3.00,3.15
2018-10-15,2.85,3.01,3.16
2018-10-16,2.87,3.02,3.16
2018-10-17,2.89,3.04,3.19
2018-10-18,2.87,3.03,3.17
2018-10-19,2.92,3.05,3.20
2018-10-22,2.92,3.05,3.20
2018-10-23,2.89,3.01,3.17
2018-10-24,2.84,2.94,3.10
2018-10-25,2.86,2.98,3.14
2018-10-26,2.81,2.91,3.08
2018-10-29,2.81,2.91,3.08
2018-10-30,2.84,2.94,3.12
2018-10-31,2.87,2.98,3.15
2018-11-01,2.84,2.96,3.14
2018-11-02,2.91,3.04,3.22
2018-11-05,2.91,3.03,3.20
2018-11-06,2.93,3.05,3.22
2018-11-07,2.96,3.07,3.22
2018-11-08,2.98,3.09,3.24
2018-11-09,2.94,3.05,3.19
2018-11-13,2.89,2.99,3.14
2018-11-14,2.86,2.95,3.12
2018-11-15,2.86,2.94,3.11
2018-11-16,2.81,2.90,3.08
2018-11-19,2.79,2.87,3.06
2018-11-20,2.79,2.88,3.06
2018-11-21,2.81,2.89,3.06
2018-11-23,2.81,2.88,3.05
2018-11-26,2.84,2.90,3.07
2018-11-27,2.83,2.89,3.06
2018-11-28,2.81,2.87,3.06
2018-11-29,2.81,2.85,3.03
2018-11-30,2.80,2.84,3.01
2018-12-03,2.83,2.83,2.98
2018-12-04,2.80,2.79,2.91
2018-12-06,2.75,2.75,2.87
2018-12-07,2.72,2.70,2.85
2018-12-10,2.72,2.71,2.85
2018-12-11,2.78,2.75,2.89
2018-12-12,2.77,2.77,2.91
2018-12-13,2.75,2.75,2.91
2018-12-14,2.73,2.73,2.89
2018-12-17,2.70,2.69,2.86
2018-12-18,2.65,2.65,2.82
2018-12-19,2.63,2.62,2.77
2018-12-20,2.67,2.65,2.79
2018-12-21,2.63,2.64,2.79
2018-12-24,2.55,2.58,2.74
2018-12-26,2.61,2.67,2.81
2018-12-27,2.56,2.60,2.77
2018-12-28,2.52,2.56,2.72
2018-12-31,2.48,2.51,2.69
2019-01-02,2.50,2.49,2.66
2019-01-03,2.39,2.37,2.56
2019-01-04,2.50,2.49,2.67
2019-01-07,2.53,2.53,2.70
2019-01-08,2.58,2.58,2.73
2019-01-09,2.56,2.57,2.74
2019-01-10,2.56,2.56,2.74
2019-01-11,2.55,2.52,2.71
2019-01-14,2.53,2.53,2.71
2019-01-15,2.53,2.53,2.72
2019-01-16,2.55,2.54,2.73
2019-01-17,2.56,2.58,2.75
2019-01-18,2.62,2.62,2.79
2019-01-22,2.58,2.57,2.74
2019-01-23,2.58,2.59,2.76
2019-01-24,2.56,2.55,2.72
2019-01-25,2.60,2.59,2.76
2019-01-28,2.60,2.58,2.75
2019-01-29,2.56,2.55,2.72
2019-01-30,2.52,2.49,2.70
2019-01-31,2.45,2.43,2.63
2019-02-01,2.52,2.51,2.70
2019-02-04,2.53,2.53,2.73
2019-02-05,2.53,2.51,2.71
2019-02-06,2.52,2.50,2.70
2019-02-07,2.48,2.46,2.65
2019-02-08,2.45,2.44,2.63
2019-02-11,2.48,2.47,2.65
2019-02-12,2.50,2.49,2.68
2019-02-13,2.53,2.53,2.71
2019-02-14,2.50,2.48,2.66
2019-02-15,2.52,2.49,2.66
2019-02-19,2.50,2.47,2.65
2019-02-20,2.50,2.47,2.65
2019-02-21,2.53,2.51,2.69
2019-02-22,2.48,2.47,2.65
2019-02-25,2.51,2.48,2.67
2019-02-26,2.48,2.45,2.64
2019-02-27,2.50,2.49,2.69
2019-02-28,2.52,2.52,2.73
2019-03-01,2.55,2.56,2.76
2019-03-04,2.55,2.53,2.72
2019-03-05,2.55,2.53,2.72
2019-03-06,2.52,2.49,2.69
2019-03-07,2.47,2.44,2.64
2019-03-08,2.45,2.42,2.62
2019-03-11,2.47,2.44,2.64
2019-03-12,2.45,2.41,2.61
2019-03-13,2.45,2.42,2.61
2019-03-14,2.46,2.43,2.63
2019-03-15,2.43,2.40,2.59
2019-03-18,2.45,2.42,2.60
2019-03-19,2.46,2.42,2.61
2019-03-20,2.40,2.34,2.54
2019-03-21,2.41,2.34,2.54
2019-03-22,2.31,2.24,2.44
2019-03-25,2.26,2.21,2.43
2019-03-26,2.24,2.18,2.41
2019-03-27,2.22,2.18,2.39
2019-03-28,2.23,2.20,2.39
2019-03-29,2.27,2.23,2.41
2019-04-01,2.33,2.31,2.49
2019-04-02,2.30,2.28,2.48
2019-04-03,2.33,2.32,2.52
2019-04-04,2.33,2.32,2.51
2019-04-05,2.35,2.31,2.50
2019-04-08,2.36,2.33,2.52
2019-04-09,2.35,2.31,2.51
2019-04-10,2.31,2.28,2.48
2019-04-11,2.35,2.31,2.51
2019-04-12,2.40,2.38,2.56
2019-04-15,2.40,2.37,2.55
2019-04-16,2.41,2.41,2.60
2019-04-17,2.40,2.40,2.59
2019-04-18,2.38,2.38,2.57
2019-04-22,2.38,2.39,2.59
2019-04-23,2.36,2.36,2.57
2019-04-24,2.32,2.32,2.53
2019-04-25,2.33,2.33,2.54
2019-04-26,2.28,2.29,2.51
2019-04-29,2.30,2.32,2.54
2019-04-30,2.27,2.28,2.51
2019-05-01,2.31,2.31,2.52
2019-05-02,2.35,2.34,2.55
2019-05-03,2.33,2.33,2.54
2019-05-06,2.31,2.30,2.51
2019-05-07,2.28,2.25,2.45
2019-05-08,2.30,2.28,2.49
2019-05-09,2.26,2.25,2.45
2019-05-10,2.26,2.26,2.47
2019-05-13,2.18,2.18,2.40
2019-05-14,2.20,2.20,2.42
2019-05-15,2.16,2.15,2.37
2019-05-16,2.20,2.18,2.40
2019-05-17,2.20,2.17,2.39
2019-05-20,2.21,2.21,2.41
2019-05-21,2.26,2.23,2.43
2019-05-22,2.23,2.19,2.39
2019-05-23,2.12,2.11,2.31
2019-05-24,2.16,2.12,2.32
2019-05-28,2.12,2.06,2.26
2019-05-29,2.09,2.05,2.25
2019-05-30,2.06,2.03,2.22
2019-05-31,1.95,1.93,2.14
2019-06-03,1.82,1.83,2.07
2019-06-04,1.88,1.89,2.12
2019-06-05,1.83,1.86,2.12
2019-06-06,1.88,1.88,2.12
2019-06-07,1.85,1.85,2.09
2019-06-10,1.90,1.91,2.15
2019-06-11,1.93,1.92,2.15
2019-06-12,1.88,1.88,2.13
2019-06-13,1.83,1.84,2.10
2019-06-14,1.84,1.85,2.09
2019-06-17,1.86,1.85,2.09
2019-06-18,1.86,1.83,2.06
2019-06-19,1.74,1.77,2.03
2019-06-20,1.72,1.74,2.01
2019-06-21,1.77,1.80,2.07
2019-06-24,1.72,1.75,2.02
2019-06-25,1.71,1.73,2.00
2019-06-26,1.77,1.80,2.05
2019-06-27,1.74,1.76,2.01
2019-06-28,1.75,1.76,2.00
2019-07-01,1.78,1.79,2.03
2019-07-02,1.77,1.75,1.98
2019-07-03,1.77,1.74,1.96
2019-07-05,1.87,1.84,2.04
2019-07-08,1.88,1.86,2.05
2019-07-09,1.92,1.88,2.07
2019-07-10,1.82,1.82,2.07
2019-07-11,1.85,1.88,2.13
2019-07-12,1.84,1.86,2.12
2019-07-15,1.83,1.84,2.09
2019-07-16,1.87,1.88,2.13
2019-07-17,1.83,1.83,2.06
2019-07-18,1.77,1.78,2.04
2019-07-19,1.80,1.80,2.05
2019-07-22,1.80,1.80,2.05
2019-07-23,1.83,1.83,2.08
2019-07-24,1.83,1.82,2.05
2019-07-25,1.86,1.85,2.08
2019-07-26,1.86,1.85,2.08
2019-07-29,1.85,1.84,2.06
2019-07-30,1.85,1.84,2.06
2019-07-31,1.89,1.84,2.02
2019-08-01,1.73,1.68,1.90
2019-08-02,1.72,1.66,1.86
2019-08-05,1.59,1.55,1.75
2019-08-06,1.60,1.53,1.73
2019-08-07,1.59,1.52,1.71
2019-08-08,1.62,1.54,1.72
2019-08-09,1.63,1.57,1.74
2019-08-12,1.58,1.49,1.65
2019-08-13,1.66,1.57,1.68
2019-08-14,1.58,1.51,1.59
2019-08-15,1.48,1.42,1.52
2019-08-16,1.48,1.42,1.55
2019-08-19,1.53,1.47,1.60
2019-08-20,1.50,1.42,1.55
2019-08-21,1.56,1.47,1.59
2019-08-22,1.61,1.50,1.62
2019-08-23,1.51,1.40,1.52
2019-08-26,1.54,1.43,1.54
2019-08-27,1.53,1.40,1.49
2019-08-28,1.50,1.37,1.47
2019-08-29,1.53,1.40,1.50
2019-08-30,1.50,1.39,1.50
2019-09-03,1.47,1.35,1.47
2019-09-04,1.43,1.32,1.47
2019-09-05,1.55,1.43,1.57
2019-09-06,1.53,1.42,1.55
2019-09-09,1.58,1.49,1.63
2019-09-10,1.67,1.58,1.72
2019-09-11,1.68,1.60,1.75
2019-09-12,1.72,1.65,1.79
2019-09-13,1.79,1.75,1.90
2019-09-16,1.74,1.69,1.84
2019-09-17,1.72,1.66,1.81
2019-09-18,1.77,1.68,1.80
2019-09-19,1.74,1.66,1.79
2019-09-20,1.69,1.61,1.74
2019-09-23,1.68,1.59,1.72
2019-09-24,1.60,1.52,1.64
2019-09-25,1.68,1.60,1.73
2019-09-26,1.66,1.59,1.70
2019-09-27,1.63,1.56,1.69
2019-09-30,1.63,1.55,1.68
2019-10-01,1.56,1.51,1.65
2019-10-02,1.48,1.43,1.60
2019-10-03,1.39,1.34,1.54
2019-10-04,1.40,1.34,1.52
2019-10-07,1.46,1.38,1.56
2019-10-08,1.42,1.36,1.54
2019-10-09,1.47,1.40,1.59
2019-10-10,1.53,1.48,1.67
2019-10-11,1.63,1.59,1.76
2019-10-15,1.61,1.59,1.77
2019-10-16,1.58,1.57,1.75
2019-10-17,1.60,1.57,1.76
2019-10-18,1.58,1.56,1.76
2019-10-21,1.62,1.61,1.80
2019-10-22,1.60,1.60,1.78
2019-10-23,1.58,1.58,1.77
2019-10-24,1.58,1.58,1.77
2019-10-25,1.63,1.62,1.80
2019-10-28,1.64,1.66,1.85
2019-10-29,1.64,1.66,1.84
2019-10-30,1.61,1.61,1.78
2019-10-31,1.52,1.51,1.69
2019-11-01,1.56,1.55,1.73
2019-11-04,1.60,1.60,1.79
2019-11-05,1.63,1.66,1.86
2019-11-06,1.61,1.63,1.81
2019-11-07,1.68,1.74,1.92
2019-11-08,1.68,1.74,1.94
2019-11-12,1.66,1.73,1.92
2019-11-13,1.63,1.69,1.88
2019-11-14,1.58,1.63,1.82
2019-11-15,1.61,1.65,1.84
2019-11-18,1.60,1.63,1.81
2019-11-19,1.60,1.63,1.79
2019-11-20,1.56,1.58,1.73
2019-11-21,1.60,1.62,1.77
2019-11-22,1.61,1.62,1.77
2019-11-25,1.61,1.62,1.76
2019-11-26,1.58,1.58,1.74
2019-11-27,1.63,1.63,1.77
2019-11-29,1.61,1.62,1.78
2019-12-02,1.61,1.65,1.83
2019-12-03,1.53,1.54,1.72
2019-12-04,1.58,1.60,1.77
2019-12-05,1.58,1.62,1.80
2019-12-06,1.61,1.67,1.84
2019-12-09,1.63,1.67,1.83
2019-12-10,1.65,1.68,1.85
2019-12-11,1.61,1.64,1.79
2019-12-12,1.66,1.73,1.90
2019-12-13,1.61,1.66,1.82
2019-12-16,1.65,1.72,1.89
2019-12-17,1.63,1.71,1.89
2019-12-18,1.63,1.74,1.92
2019-12-19,1.62,1.73,1.92
2019-12-20,1.63,1.73,1.92
2019-12-23,1.64,1.75,1.93
2019-12-24,1.62,1.72,1.90
2019-12-26,1.64,1.72,1.90
2019-12-27,1.59,1.68,1.88
2019-12-30,1.58,1.68,1.90
2019-12-31,1.58,1.69,1.92
2020-01-02,1.58,1.67,1.88
2020-01-03,1.53,1.59,1.80
2020-01-06,1.54,1.61,1.81
2020-01-07,1.54,1.62,1.83
2020-01-08,1.58,1.67,1.87
2020-01-09,1.58,1.65,1.85
2020-01-10,1.56,1.63,1.83
2020-01-13,1.58,1.65,1.85
2020-01-14,1.58,1.63,1.82
2020-01-15,1.56,1.60,1.79
2020-01-16,1.58,1.63,1.81
2020-01-17,1.58,1.63,1.84
2020-01-21,1.53,1.57,1.78
2020-01-22,1.53,1.57,1.77
2020-01-23,1.51,1.55,1.74
2020-01-24,1.49,1.51,1.70
2020-01-27,1.44,1.44,1.61
2020-01-28,1.45,1.47,1.65
2020-01-29,1.42,1.41,1.60
2020-01-30,1.41,1.39,1.57
2020-01-31,1.33,1.32,1.51
2020-02-03,1.36,1.35,1.54
2020-02-04,1.41,1.42,1.61
2020-02-05,1.44,1.46,1.66
2020-02-06,1.44,1.45,1.65
2020-02-07,1.41,1.41,1.59
2020-02-10,1.37,1.38,1.56
2020-02-11,1.41,1.40,1.59
2020-02-12,1.44,1.45,1.62
2020-02-13,1.44,1.43,1.61
2020-02-14,1.42,1.42,1.59
2020-02-18,1.41,1.39,1.55
2020-02-19,1.42,1.41,1.56
2020-02-20,1.39,1.37,1.52
2020-02-21,1.34,1.30,1.46
2020-02-24,1.26,1.21,1.38
2020-02-25,1.20,1.16,1.33
2020-02-26,1.16,1.14,1.33
2020-02-27,1.11,1.11,1.30
2020-02-28,0.86,0.89,1.13
2020-03-02,0.84,0.88,1.10
2020-03-03,0.71,0.77,1.02
2020-03-04,0.67,0.75,1.02
2020-03-05,0.59,0.67,0.92
2020-03-06,0.49,0.58,0.74
2020-03-09,0.38,0.46,0.54
2020-03-10,0.50,0.63,0.76
2020-03-11,0.50,0.66,0.82
2020-03-12,0.50,0.66,0.88
2020-03-13,0.49,0.70,0.94
2020-03-16,0.36,0.49,0.73
2020-03-17,0.47,0.66,1.02
2020-03-18,0.54,0.79,1.18
2020-03-19,0.44,0.66,1.12
2020-03-20,0.37,0.52,0.92
2020-03-23,0.28,0.38,0.76
2020-03-24,0.38,0.52,0.84
2020-03-25,0.34,0.56,0.88
2020-03-26,0.30,0.51,0.83
2020-03-27,0.25,0.41,0.72
2020-03-30,0.23,0.39,0.70
2020-03-31,0.23,0.37,0.70
2020-04-01,0.23,0.37,0.62
2020-04-02,0.23,0.39,0.63
2020-04-03,0.23,0.39,0.62
2020-04-06,0.27,0.44,0.67
2020-04-07,0.28,0.48,0.75
2020-04-08,0.27,0.47,0.77
2020-04-09,0.23,0.41,0.73
2020-04-13,0.25,0.44,0.76
2020-04-14,0.23,0.42,0.76
2020-04-15,0.20,0.34,0.63
2020-04-16,0.20,0.35,0.61
2020-04-17,0.20,0.36,0.65
2020-04-20,0.20,0.35,0.63
2020-04-21,0.20,0.34,0.58
2020-04-22,0.22,0.37,0.63
2020-04-23,0.22,0.37,0.61
2020-04-24,0.22,0.36,0.60
2020-04-27,0.24,0.41,0.67
2020-04-28,0.20,0.37,0.62
2020-04-29,0.20,0.36,0.63
2020-04-30,0.20,0.36,0.64
2020-05-01,0.20,0.36,0.64
2020-05-04,0.19,0.36,0.64
2020-05-05,0.19,0.36,0.66
2020-05-06,0.17,0.37,0.72
2020-05-07,0.13,0.29,0.63
2020-05-08,0.16,0.33,0.69
2020-05-11,0.17,0.36,0.73
2020-05-12,0.17,0.34,0.69
2020-05-13,0.16,0.31,0.64
2020-05-14,0.16,0.31,0.63
2020-05-15,0.16,0.31,0.64
2020-05-18,0.18,0.38,0.73
2020-05-19,0.17,0.35,0.70
2020-05-20,0.16,0.34,0.68
2020-05-21,0.17,0.35,0.68
2020-05-22,0.17,0.34,0.66
2020-05-26,0.18,0.35,0.69
2020-05-27,0.19,0.34,0.68
2020-05-28,0.17,0.34,0.70
2020-05-29,0.16,0.30,0.65
2020-06-01,0.14,0.31,0.66
2020-06-02,0.17,0.32,0.68
2020-06-03,0.19,0.38,0.77
2020-06-04,0.19,0.40,0.82
2020-06-05,0.22,0.47,0.91
2020-06-08,0.22,0.45,0.88
2020-06-09,0.20,0.40,0.84
2020-06-10,0.17,0.33,0.75
2020-06-11,0.19,0.32,0.66
2020-06-12,0.19,0.33,0.71
2020-06-15,0.19,0.33,0.71
2020-06-16,0.21,0.34,0.75
2020-06-17,0.19,0.34,0.74
2020-06-18,0.19,0.34,0.71
2020-06-19,0.19,0.33,0.70
2020-06-22,0.19,0.34,0.71
2020-06-23,0.18,0.33,0.72
2020-06-24,0.19,0.33,0.69
2020-06-25,0.17,0.32,0.68
2020-06-26,0.17,0.30,0.64
2020-06-29,0.16,0.28,0.64
2020-06-30,0.16,0.29,0.66
2020-07-01,0.17,0.31,0.69
2020-07-02,0.16,0.29,0.68
2020-07-06,0.16,0.31,0.69
2020-07-07,0.16,0.29,0.65
2020-07-08,0.16,0.30,0.67
2020-07-09,0.16,0.28,0.62
2020-07-10,0.16,0.30,0.65
2020-07-13,0.16,0.30,0.64
2020-07-14,0.14,0.28,0.63
2020-07-15,0.16,0.28,0.64
2020-07-16,0.16,0.28,0.62
2020-07-17,0.14,0.29,0.64
2020-07-20,0.16,0.29,0.62
2020-07-21,0.14,0.27,0.61
2020-07-22,0.14,0.27,0.60
2020-07-23,0.16,0.27,0.59
2020-07-24,0.14,0.27,0.59
2020-07-27,0.15,0.30,0.62
2020-07-28,0.14,0.26,0.59
2020-07-29,0.12,0.25,0.58
2020-07-30,0.11,0.23,0.55
2020-07-31,0.11,0.21,0.55
2020-08-03,0.11,0.22,0.56
2020-08-04,0.11,0.19,0.52
2020-08-05,0.11,0.22,0.55
2020-08-06,0.11,0.21,0.55
2020-08-07,0.13,0.23,0.57
2020-08-10,0.14,0.24,0.59
2020-08-11,0.16,0.27,0.64
2020-08-12,0.16,0.30,0.69
2020-08-13,0.16,0.32,0.71
2020-08-14,0.14,0.29,0.71
2020-08-17,0.14,0.29,0.69
2020-08-18,0.14,0.27,0.67
2020-08-19,0.14,0.29,0.68
2020-08-20,0.13,0.26,0.65
2020-08-21,0.16,0.27,0.64
2020-08-24,0.14,0.28,0.65
2020-08-25,0.15,0.30,0.69
2020-08-26,0.16,0.28,0.69
2020-08-27,0.16,0.31,0.74
2020-08-28,0.14,0.28,0.74
2020-08-31,0.14,0.28,0.72
2020-09-01,0.13,0.26,0.68
2020-09-02,0.14,0.26,0.66
2020-09-03,0.13,0.24,0.63
2020-09-04,0.14,0.30,0.72
2020-09-08,0.14,0.28,0.69
2020-09-09,0.14,0.28,0.71
2020-09-10,0.14,0.26,0.68
2020-09-11,0.13,0.26,0.67
2020-09-14,0.14,0.27,0.68
2020-09-15,0.14,0.27,0.68
2020-09-16,0.14,0.28,0.69
2020-09-17,0.13,0.28,0.69
2020-09-18,0.14,0.29,0.70
2020-09-21,0.14,0.27,0.68
2020-09-22,0.13,0.27,0.68
2020-09-23,0.14,0.28,0.68
2020-09-24,0.14,0.27,0.67
2020-09-25,0.12,0.26,0.66
2020-09-28,0.14,0.26,0.67
2020-09-29,0.11,0.24,0.66
2020-09-30,0.13,0.28,0.69
2020-10-01,0.14,0.27,0.68
2020-10-02,0.13,0.28,0.70
2020-10-05,0.14,0.33,0.78
2020-10-06,0.14,0.32,0.76
2020-10-07,0.16,0.35,0.81
2020-10-08,0.13,0.33,0.78
2020-10-09,0.16,0.34,0.79
2020-10-13,0.16,0.31,0.74
2020-10-14,0.14,0.30,0.73
2020-10-15,0.14,0.32,0.74
2020-10-16,0.14,0.32,0.76
2020-10-19,0.16,0.34,0.78
2020-10-20,0.14,0.34,0.81
2020-10-21,0.14,0.36,0.83
2020-10-22,0.16,0.38,0.87
2020-10-23,0.18,0.37,0.85
2020-10-26,0.16,0.35,0.81
2020-10-27,0.16,0.34,0.79
2020-10-28,0.16,0.34,0.79
2020-10-29,0.16,0.38,0.85
2020-10-30,0.14,0.38,0.88
2020-11-02,0.16,0.38,0.87
2020-11-03,0.17,0.39,0.90
2020-11-04,0.14,0.33,0.78
2020-11-05,0.14,0.33,0.79
2020-11-06,0.16,0.36,0.83
2020-11-09,0.17,0.44,0.96
2020-11-10,0.19,0.46,0.98
2020-11-12,0.17,0.40,0.88
2020-11-13,0.17,0.41,0.89
2020-11-16,0.19,0.41,0.91
2020-11-17,0.18,0.39,0.87
2020-11-18,0.16,0.40,0.88
2020-11-19,0.18,0.39,0.86
2020-11-20,0.16,0.38,0.83
2020-11-23,0.16,0.39,0.86
2020-11-24,0.16,0.39,0.88
2020-11-25,0.17,0.39,0.88
2020-11-27,0.16,0.37,0.84
2020-11-30,0.16,0.36,0.84
2020-12-01,0.17,0.42,0.92
2020-12-02,0.16,0.42,0.95
2020-12-03,0.16,0.40,0.92
2020-12-04,0.16,0.42,0.97
2020-12-07,0.14,0.40,0.94
2020-12-08,0.14,0.39,0.92
2020-12-09,0.16,0.41,0.95
2020-12-10,0.14,0.39,0.92
2020-12-11,0.11,0.37,0.90
2020-12-14,0.13,0.37,0.90
2020-12-15,0.11,0.37,0.92
2020-12-16,0.13,0.37,0.92
2020-12-17,0.13,0.38,0.94
2020-12-18,0.13,0.39,0.95
2020-12-21,0.13,0.39,0.95
2020-12-22,0.13,0.37,0.93
2020-12-23,0.13,0.38,0.96
2020-12-24,0.13,0.37,0.94
2020-12-28,0.13,0.38,0.94
2020-12-29,0.12,0.37,0.94
2020-12-30,0.12,0.37,0.93
2020-12-31,0.13,0.36,0.93
2021-01-04,0.11,0.36,0.93
2021-01-05,0.13,0.38,0.96
2021-01-06,0.14,0.43,1.04
2021-01-07,0.14,0.46,1.08
2021-01-08,0.14,0.49,1.13
2021-01-11,0.14,0.50,1.15
2021-01-12,0.14,0.50,1.15
2021-01-13,0.14,0.48,1.10
2021-01-14,0.16,0.49,1.15
2021-01-15,0.13,0.46,1.11
2021-01-19,0.14,0.45,1.10
2021-01-20,0.13,0.45,1.10
2021-01-21,0.13,0.45,1.12
2021-01-22,0.13,0.44,1.10
2021-01-25,0.13,0.42,1.05
2021-01-26,0.11,0.42,1.05
2021-01-27,0.12,0.41,1.04
2021-01-28,0.12,0.42,1.07
2021-01-29,0.11,0.45,1.11
2021-02-01,0.11,0.42,1.09
2021-02-02,0.11,0.45,1.12
2021-02-03,0.11,0.46,1.15
2021-02-04,0.11,0.46,1.15
2021-02-05,0.09,0.47,1.19
2021-02-08,0.11,0.48,1.19
2021-02-09,0.11,0.48,1.18
2021-02-10,0.11,0.46,1.15
2021-02-11,0.11,0.46,1.16
2021-02-12,0.11,0.50,1.20
2021-02-16,0.13,0.57,1.30
2021-02-17,0.11,0.57,1.29
2021-02-18,0.11,0.56,1.29
2021-02-19,0.11,0.59,1.34
2021-02-22,0.11,0.61,1.37
2021-02-23,0.11,0.59,1.37
2021-02-24,0.12,0.62,1.38
2021-02-25,0.17,0.81,1.54
2021-02-26,0.14,0.75,1.44
2021-03-01,0.13,0.71,1.45
2021-03-02,0.13,0.67,1.42
2021-03-03,0.14,0.73,1.47
2021-03-04,0.14,0.77,1.54
2021-03-05,0.14,0.79,1.56
2021-03-08,0.17,0.86,1.59
2021-03-09,0.17,0.83,1.55
2021-03-10,0.16,0.80,1.53
2021-03-11,0.14,0.78,1.54
2021-03-12,0.14,0.85,1.64
2021-03-15,0.14,0.84,1.62
2021-03-16,0.15,0.83,1.62
2021-03-17,0.13,0.80,1.63
2021-03-18,0.16,0.86,1.71
2021-03-19,0.16,0.90,1.74
2021-03-22,0.15,0.87,1.69
2021-03-23,0.15,0.83,1.63
2021-03-24,0.14,0.83,1.62
2021-03-25,0.14,0.82,1.63
2021-03-26,0.14,0.85,1.67
2021-03-29,0.14,0.89,1.73
2021-03-30,0.16,0.90,1.73
2021-03-31,0.16,0.92,1.74
2021-04-01,0.17,0.90,1.69
2021-04-02,0.19,0.97,1.72
2021-04-05,0.17,0.94,1.73
2021-04-06,0.16,0.88,1.67
2021-04-07,0.16,0.87,1.68
2021-04-08,0.14,0.85,1.64
2021-04-09,0.16,0.87,1.67
2021-04-12,0.18,0.89,1.69
2021-04-13,0.16,0.85,1.64
2021-04-14,0.16,0.87,1.64
2021-04-15,0.16,0.81,1.56
2021-04-16,0.16,0.84,1.59
2021-04-19,0.16,0.85,1.61
2021-04-20,0.15,0.81,1.58
2021-04-21,0.15,0.81,1.57
2021-04-22,0.16,0.81,1.57
2021-04-23,0.16,0.83,1.58
2021-04-26,0.18,0.85,1.58
2021-04-27,0.17,0.88,1.63
2021-04-28,0.17,0.86,1.63
2021-04-29,0.16,0.86,1.65
2021-04-30,0.16,0.86,1.65
2021-05-03,0.16,0.84,1.63
2021-05-04,0.16,0.82,1.61
2021-05-05,0.16,0.80,1.59
2021-05-06,0.16,0.81,1.58
2021-05-07,0.14,0.77,1.60
2021-05-10,0.16,0.80,1.63
2021-05-11,0.16,0.80,1.64
2021-05-12,0.16,0.87,1.69
2021-05-13,0.16,0.84,1.66
2021-05-14,0.16,0.82,1.63
2021-05-17,0.16,0.84,1.64
2021-05-18,0.16,0.83,1.64
2021-05-19,0.16,0.87,1.68
2021-05-20,0.15,0.83,1.63
2021-05-21,0.17,0.84,1.63
2021-05-24,0.15,0.82,1.61
2021-05-25,0.15,0.79,1.56
2021-05-26,0.14,0.80,1.58
2021-05-27,0.14,0.81,1.61
2021-05-28,0.14,0.79,1.58
2021-06-01,0.16,0.81,1.62
2021-06-02,0.13,0.80,1.59
2021-06-03,0.16,0.84,1.63
2021-06-04,0.14,0.78,1.56
2021-06-07,0.16,0.79,1.57
2021-06-08,0.14,0.77,1.53
2021-06-09,0.16,0.75,1.50
2021-06-10,0.14,0.73,1.45
2021-06-11,0.16,0.76,1.47
2021-06-14,0.16,0.80,1.51
2021-06-15,0.16,0.79,1.51
2021-06-16,0.21,0.89,1.57
2021-06-17,0.23,0.90,1.52
2021-06-18,0.26,0.89,1.45
2021-06-21,0.27,0.90,1.50
2021-06-22,0.25,0.87,1.48
2021-06-23,0.26,0.90,1.50
2021-06-24,0.26,0.90,1.49
2021-06-25,0.28,0.92,1.54
2021-06-28,0.25,0.90,1.49
2021-06-29,0.27,0.89,1.49
2021-06-30,0.25,0.87,1.45
2021-07-01,0.25,0.89,1.48
2021-07-02,0.24,0.86,1.44
2021-07-06,0.22,0.81,1.37
2021-07-07,0.22,0.79,1.33
2021-07-08,0.19,0.74,1.30
2021-07-09,0.23,0.79,1.37
2021-07-12,0.23,0.81,1.38
2021-07-13,0.26,0.85,1.42
2021-07-14,0.23,0.80,1.37
2021-07-15,0.23,0.78,1.31
2021-07-16,0.25,0.79,1.31
2021-07-19,0.21,0.70,1.19
2021-07-20,0.20,0.69,1.23
2021-07-21,0.22,0.74,1.30
2021-07-22,0.20,0.71,1.27
2021-07-23,0.22,0.72,1.30
2021-07-26,0.22,0.73,1.29
2021-07-27,0.20,0.71,1.25
2021-07-28,0.20,0.72,1.26
2021-07-29,0.20,0.73,1.28
2021-07-30,0.19,0.69,1.24
2021-08-02,0.17,0.66,1.20
2021-08-03,0.17,0.65,1.19
2021-08-04,0.17,0.67,1.19
2021-08-05,0.21,0.72,1.23
2021-08-06,0.21,0.77,1.31
2021-08-09,0.23,0.79,1.33
2021-08-10,0.24,0.82,1.36
2021-08-11,0.23,0.81,1.35
2021-08-12,0.23,0.83,1.36
2021-08-13,0.23,0.79,1.29
2021-08-16,0.21,0.75,1.26
2021-08-17,0.23,0.77,1.26
2021-08-18,0.23,0.79,1.27
2021-08-19,0.22,0.78,1.24
2021-08-20,0.23,0.80,1.26
2021-08-23,0.23,0.78,1.25
2021-08-24,0.24,0.80,1.29
2021-08-25,0.23,0.84,1.35
2021-08-26,0.25,0.84,1.34
2021-08-27,0.22,0.79,1.31
2021-08-30,0.20,0.77,1.29
2021-08-31,0.20,0.77,1.30
2021-09-01,0.20,0.78,1.31
2021-09-02,0.20,0.78,1.29
2021-09-03,0.21,0.78,1.33
2021-09-07,0.22,0.82,1.38
2021-09-08,0.22,0.81,1.35
2021-09-09,0.23,0.79,1.30
2021-09-10,0.23,0.82,1.35
2021-09-13,0.21,0.81,1.33
2021-09-14,0.21,0.79,1.28
2021-09-15,0.21,0.81,1.31
2021-09-16,0.23,0.84,1.34
2021-09-17,0.23,0.88,1.37
2021-09-20,0.23,0.83,1.31
2021-09-21,0.22,0.84,1.33
2021-09-22,0.25,0.86,1.32
2021-09-23,0.27,0.94,1.41
2021-09-24,0.29,0.97,1.47
2021-09-27,0.31,0.98,1.48
2021-09-28,0.31,1.02,1.54
2021-09-29,0.30,1.01,1.55
2021-09-30,0.28,0.98,1.52
2021-10-01,0.27,0.93,1.48
2021-10-04,0.27,0.95,1.49
2021-10-05,0.28,0.98,1.54
2021-10-06,0.30,0.99,1.53
2021-10-07,0.32,1.02,1.58
2021-10-08,0.32,1.05,1.61
2021-10-12,0.35,1.08,1.59
2021-10-13,0.37,1.09,1.56
2021-10-14,0.36,1.05,1.52
2021-10-15,0.41,1.13,1.59
2021-10-18,0.44,1.16,1.59
2021-10-19,0.41,1.17,1.65
2021-10-20,0.40,1.16,1.65
2021-10-21,0.45,1.23,1.68
2021-10-22,0.48,1.22,1.66
2021-10-25,0.47,1.19,1.64
2021-10-26,0.47,1.20,1.63
2021-10-27,0.50,1.16,1.54
2021-10-28,0.50,1.18,1.57
2021-10-29,0.48,1.18,1.55
2021-11-01,0.50,1.20,1.58
2021-11-02,0.46,1.15,1.56
2021-11-03,0.47,1.19,1.60
2021-11-04,0.41,1.10,1.53
2021-11-05,0.39,1.04,1.45
2021-11-08,0.45,1.13,1.51
2021-11-09,0.41,1.08,1.46
2021-11-10,0.51,1.23,1.56
2021-11-12,0.53,1.24,1.58
2021-11-15,0.53,1.26,1.63
2021-11-16,0.54,1.27,1.63
2021-11-17,0.52,1.24,1.60
2021-11-18,0.52,1.22,1.59
2021-11-19,0.52,1.22,1.54
2021-11-22,0.63,1.33,1.63
2021-11-23,0.60,1.33,1.67
2021-11-24,0.64,1.34,1.64
2021-11-26,0.50,1.16,1.48
2021-11-29,0.51,1.18,1.52
2021-11-30,0.52,1.14,1.43
2021-12-01,0.56,1.15,1.43
2021-12-02,0.63,1.21,1.44
2021-12-03,0.60,1.13,1.35
2021-12-06,0.65,1.21,1.43
2021-12-07,0.70,1.26,1.48
2021-12-08,0.68,1.27,1.52
2021-12-09,0.70,1.26,1.49
2021-12-10,0.67,1.25,1.48
2021-12-13,0.66,1.21,1.42
2021-12-14,0.67,1.23,1.44
2021-12-15,0.69,1.26,1.47
2021-12-16,0.64,1.19,1.44
2021-12-17,0.66,1.18,1.41
2021-12-20,0.65,1.17,1.43
2021-12-21,0.70,1.24,1.48
2021-12-22,0.68,1.23,1.46
2021-12-23,0.71,1.25,1.50
2021-12-27,0.76,1.26,1.48
2021-12-28,0.74,1.27,1.49
2021-12-29,0.75,1.29,1.55
2021-12-30,0.73,1.27,1.52
2021-12-31,0.73,1.26,1.52
2022-01-03,0.78,1.37,1.63
2022-01-04,0.77,1.37,1.66
2022-01-05,0.83,1.43,1.71
2022-01-06,0.88,1.47,1.73
2022-01-07,0.87,1.50,1.76
2022-01-10,0.92,1.53,1.78
2022-01-11,0.90,1.51,1.75
2022-01-12,0.92,1.50,1.74
2022-01-13,0.91,1.47,1.70
2022-01-14,0.99,1.55,1.78
2022-01-18,1.06,1.65,1.87
2022-01-19,1.04,1.62,1.83
2022-01-20,1.08,1.62,1.83
2022-01-21,1.01,1.54,1.75
2022-01-24,0.99,1.53,1.75
2022-01-25,1.02,1.56,1.78
2022-01-26,1.13,1.66,1.85
2022-01-27,1.18,1.66,1.81
2022-01-28,1.15,1.61,1.78
2022-01-31,1.18,1.62,1.79
2022-02-01,1.18,1.63,1.81
2022-02-02,1.16,1.60,1.78
2022-02-03,1.19,1.66,1.82
2022-02-04,1.31,1.78,1.93
2022-02-07,1.30,1.76,1.92
2022-02-08,1.35,1.81,1.96
2022-02-09,1.36,1.82,1.94
2022-02-10,1.61,1.96,2.03
2022-02-11,1.50,1.84,1.92
2022-02-14,1.58,1.90,1.98
2022-02-15,1.58,1.94,2.05
2022-02-16,1.52,1.90,2.03
2022-02-17,1.49,1.85,1.97
2022-02-18,1.47,1.82,1.92
2022-02-22,1.56,1.85,1.94
2022-02-23,1.58,1.89,1.99
2022-02-24,1.54,1.84,1.96
2022-02-25,1.55,1.86,1.97
2022-02-28,1.44,1.71,1.83
2022-03-01,1.31,1.56,1.72
2022-03-02,1.50,1.74,1.86
2022-03-03,1.53,1.74,1.86
2022-03-04,1.50,1.65,1.74
2022-03-07,1.55,1.71,1.78
2022-03-08,1.63,1.80,1.86
2022-03-09,1.68,1.87,1.94
2022-03-10,1.72,1.92,1.98
2022-03-11,1.75,1.96,2.00
2022-03-14,1.87,2.10,2.14
2022-03-15,1.85,2.10,2.15
2022-03-16,1.95,2.18,2.19
2022-03-17,1.94,2.17,2.20
2022-03-18,1.97,2.14,2.14
2022-03-21,2.14,2.33,2.32
2022-03-22,2.18,2.39,2.38
2022-03-23,2.13,2.34,2.32
2022-03-24,2.13,2.37,2.34
2022-03-25,2.30,2.55,2.48
2022-03-28,2.35,2.54,2.46
2022-03-29,2.35,2.49,2.41
2022-03-30,2.31,2.44,2.35
2022-03-31,2.28,2.42,2.32
2022-04-01,2.44,2.55,2.39
2022-04-04,2.43,2.56,2.42
2022-04-05,2.51,2.69,2.54
2022-04-06,2.50,2.70,2.61
2022-04-07,2.47,2.70,2.66
2022-04-08,2.53,2.76,2.72
2022-04-11,2.50,2.79,2.79
2022-04-12,2.39,2.66,2.72
2022-04-13,2.37,2.66,2.70
2022-04-14,2.47,2.79,2.83
2022-04-18,2.46,2.79,2.85
2022-04-19,2.61,2.91,2.93
2022-04-20,2.60,2.87,2.85
2022-04-21,2.68,2.96,2.90
2022-04-22,2.72,2.94,2.90
2022-04-25,2.63,2.84,2.81
2022-04-26,2.54,2.79,2.77
2022-04-27,2.58,2.81,2.82
2022-04-28,2.63,2.86,2.85
2022-04-29,2.70,2.92,2.89
2022-05-02,2.73,3.01,2.99
2022-05-03,2.78,3.01,2.97
2022-05-04,2.66,2.93,2.93
2022-05-05,2.71,3.01,3.05
2022-05-06,2.72,3.06,3.12
2022-05-09,2.61,2.95,3.05
2022-05-10,2.62,2.91,2.99
2022-05-11,2.66,2.89,2.91
2022-05-12,2.56,2.81,2.84
2022-05-13,2.61,2.89,2.93
2022-05-16,2.58,2.83,2.88
2022-05-17,2.71,2.96,2.98
2022-05-18,2.68,2.89,2.89
2022-05-19,2.63,2.84,2.84
2022-05-20,2.60,2.80,2.78
2022-05-23,2.65,2.88,2.86
2022-05-24,2.50,2.76,2.76
2022-05-25,2.48,2.71,2.75
2022-05-26,2.46,2.70,2.75
2022-05-27,2.47,2.71,2.74
2022-05-31,2.53,2.81,2.85
2022-06-01,2.66,2.94,2.94
2022-06-02,2.65,2.92,2.92
2022-06-03,2.66,2.95,2.96
2022-06-06,2.73,3.03,3.04
2022-06-07,2.75,2.99,2.98
2022-06-08,2.78,3.03,3.03
2022-06-09,2.83,3.07,3.04
2022-06-10,3.06,3.25,3.15
2022-06-13,3.40,3.56,3.43
2022-06-14,3.45,3.61,3.49
2022-06-15,3.20,3.38,3.33
2022-06-16,3.14,3.35,3.28
2022-06-17,3.17,3.34,3.25
2022-06-21,3.21,3.38,3.31
2022-06-22,3.06,3.22,3.16
2022-06-23,3.01,3.14,3.09
2022-06-24,3.04,3.18,3.13
2022-06-27,3.08,3.24,3.20
2022-06-28,3.10,3.25,3.20
2022-06-29,3.06,3.15,3.10
2022-06-30,2.92,3.01,2.98
2022-07-01,2.84,2.88,2.88
2022-07-05,2.82,2.82,2.82
2022-07-06,2.97,2.96,2.93
2022-07-07,3.03,3.05,3.01
2022-07-08,3.12,3.13,3.09
2022-07-11,3.07,3.05,2.99
2022-07-12,3.03,3.01,2.96
2022-07-13,3.13,3.02,2.91
2022-07-14,3.15,3.06,2.96
2022-07-15,3.13,3.05,2.93
2022-07-18,3.15,3.06,2.96
2022-07-19,3.23,3.14,3.01
2022-07-20,3.25,3.18,3.04
2022-07-21,3.10,3.00,2.91
2022-07-22,2.98,2.87,2.77
2022-07-25,3.00,2.89,2.81
2022-07-26,3.02,2.89,2.81
2022-07-27,2.96,2.82,2.78
2022-07-28,2.85,2.69,2.68
2022-07-29,2.89,2.70,2.67
2022-08-01,2.90,2.66,2.60
2022-08-02,3.06,2.85,2.75
2022-08-03,3.10,2.86,2.73
2022-08-04,3.03,2.76,2.68
2022-08-05,3.24,2.97,2.83
2022-08-08,3.21,2.91,2.77
2022-08-09,3.28,2.97,2.80
2022-08-10,3.23,2.93,2.78
2022-08-11,3.23,2.98,2.87
2022-08-12,3.25,2.97,2.84
2022-08-15,3.20,2.91,2.79
2022-08-16,3.25,2.95,2.82
2022-08-17,3.28,3.04,2.89
2022-08-18,3.22,3.02,2.88
2022-08-19,3.25,3.11,2.98
2022-08-22,3.32,3.17,3.03
2022-08-23,3.29,3.18,3.05
2022-08-24,3.36,3.20,3.11
2022-08-25,3.35,3.15,3.03
2022-08-26,3.37,3.20,3.04
2022-08-29,3.42,3.27,3.12
2022-08-30,3.46,3.27,3.11
2022-08-31,3.45,3.30,3.15
2022-09-01,3.51,3.39,3.26
2022-09-02,3.40,3.30,3.20
2022-09-06,3.50,3.43,3.33
2022-09-07,3.45,3.37,3.27
2022-09-08,3.48,3.39,3.29
2022-09-09,3.56,3.45,3.33
2022-09-12,3.58,3.47,3.37
2022-09-13,3.75,3.58,3.42
2022-09-14,3.78,3.60,3.41
2022-09-15,3.87,3.66,3.45
2022-09-16,3.85,3.62,3.45
2022-09-19,3.95,3.69,3.49
2022-09-20,3.96,3.75,3.57
2022-09-21,4.02,3.74,3.51
2022-09-22,4.11,3.91,3.70
2022-09-23,4.20,3.96,3.69
2022-09-26,4.27,4.15,3.88
2022-09-27,4.30,4.21,3.97
2022-09-28,4.07,3.92,3.72
2022-09-29,4.16,3.98,3.76
2022-09-30,4.22,4.06,3.83
2022-10-03,4.12,3.90,3.67
2022-10-04,4.10,3.84,3.62
2022-10-05,4.15,3.96,3.76
2022-10-06,4.23,4.05,3.83
2022-10-07,4.30,4.14,3.89
2022-10-11,4.30,4.14,3.93
2022-10-12,4.28,4.12,3.91
2022-10-13,4.47,4.21,3.97
2022-10-14,4.48,4.25,4.00
2022-10-17,4.45,4.24,4.02
2022-10-18,4.43,4.21,4.01
2022-10-19,4.55,4.35,4.14
2022-10-20,4.62,4.45,4.24
2022-10-21,4.49,4.34,4.21
2022-10-24,4.50,4.36,4.25
2022-10-25,4.42,4.25,4.10
2022-10-26,4.39,4.20,4.04
2022-10-27,4.30,4.09,3.96
2022-10-28,4.41,4.19,4.02
2022-10-31,4.51,4.27,4.10
2022-11-01,4.54,4.27,4.07
2022-11-02,4.61,4.30,4.10
2022-11-03,4.71,4.36,4.14
2022-11-04,4.66,4.33,4.17
2022-11-07,4.72,4.39,4.22
2022-11-08,4.67,4.31,4.14
2022-11-09,4.61,4.27,4.12
2022-11-10,4.34,3.95,3.82
2022-11-14,4.40,4.00,3.88
2022-11-15,4.37,3.93,3.80
2022-11-16,4.35,3.83,3.67
2022-11-17,4.43,3.93,3.77
2022-11-18,4.51,3.99,3.82
2022-11-21,4.48,3.97,3.83
2022-11-22,4.47,3.93,3.76
2022-11-23,4.46,3.88,3.71
2022-11-25,4.42,3.85,3.68
2022-11-28,4.46,3.88,3.69
2022-11-29,4.48,3.92,3.75
2022-11-30,4.38,3.82,3.68
2022-12-01,4.25,3.68,3.53
2022-12-02,4.28,3.67,3.51
2022-12-05,4.41,3.80,3.60
2022-12-06,4.34,3.73,3.51
2022-12-07,4.26,3.62,3.42
2022-12-08,4.31,3.71,3.48
2022-12-09,4.33,3.75,3.57
2022-12-12,4.39,3.80,3.61
2022-12-13,4.22,3.66,3.51
2022-12-14,4.23,3.64,3.49
2022-12-15,4.23,3.62,3.44
2022-12-16,4.17,3.61,3.48
2022-12-19,4.25,3.70,3.57
2022-12-20,4.25,3.79,3.69
2022-12-21,4.21,3.78,3.68
2022-12-22,4.24,3.79,3.67
2022-12-23,4.31,3.86,3.75
2022-12-27,4.32,3.94,3.84
2022-12-28,4.31,3.97,3.88
2022-12-29,4.34,3.94,3.83
2022-12-30,4.41,3.99,3.88
2023-01-03,4.40,3.94,3.79
2023-01-04,4.36,3.85,3.69
2023-01-05,4.45,3.90,3.71
2023-01-06,4.24,3.69,3.55
2023-01-09,4.19,3.66,3.53
2023-01-10,4.24,3.72,3.61
2023-01-11,4.20,3.66,3.54
2023-01-12,4.12,3.53,3.43
2023-01-13,4.22,3.60,3.49
2023-01-17,4.18,3.60,3.53
2023-01-18,4.06,3.43,3.37
2023-01-19,4.09,3.48,3.39
2023-01-20,4.14,3.56,3.48
2023-01-23,4.21,3.61,3.52
2023-01-24,4.12,3.58,3.46
2023-01-25,4.11,3.54,3.46
2023-01-26,4.17,3.58,3.49
2023-01-27,4.19,3.62,3.52
2023-01-30,4.25,3.68,3.55
2023-01-31,4.21,3.63,3.52
2023-02-01,4.09,3.48,3.39
2023-02-02,4.09,3.49,3.40
2023-02-03,4.30,3.67,3.53
2023-02-06,4.44,3.81,3.63
2023-02-07,4.47,3.85,3.67
2023-02-08,4.45,3.82,3.63
2023-02-09,4.48,3.87,3.67
2023-02-10,4.50,3.93,3.74
2023-02-13,4.52,3.93,3.72
2023-02-14,4.60,4.00,3.77
2023-02-15,4.62,4.04,3.81
2023-02-16,4.62,4.06,3.86
2023-02-17,4.60,4.03,3.82
2023-02-21,4.67,4.16,3.95
2023-02-22,4.66,4.13,3.93
2023-02-23,4.66,4.09,3.88
2023-02-24,4.78,4.19,3.95
2023-02-27,4.78,4.17,3.92
2023-02-28,4.81,4.18,3.92
2023-03-01,4.89,4.27,4.01
2023-03-02,4.89,4.32,4.08
2023-03-03,4.86,4.26,3.97
2023-03-06,4.89,4.27,3.98
2023-03-07,5.00,4.31,3.97
2023-03-08,5.05,4.34,3.98
2023-03-09,4.90,4.22,3.93
2023-03-10,4.60,3.96,3.70
2023-03-13,4.03,3.68,3.55
2023-03-14,4.20,3.78,3.64
2023-03-15,3.93,3.59,3.51
2023-03-16,4.14,3.72,3.56
2023-03-17,3.81,3.44,3.39
2023-03-20,3.92,3.56,3.47
2023-03-21,4.17,3.73,3.59
2023-03-22,3.96,3.54,3.48
2023-03-23,3.76,3.39,3.38
2023-03-24,3.76,3.41,3.38
2023-03-27,3.94,3.59,3.53
2023-03-28,4.02,3.63,3.55
2023-03-29,4.08,3.67,3.57
2023-03-30,4.10,3.66,3.55
2023-03-31,4.06,3.60,3.48
2023-04-03,3.97,3.52,3.43
2023-04-04,3.84,3.39,3.35
2023-04-05,3.79,3.36,3.30
2023-04-06,3.82,3.37,3.30
2023-04-07,3.97,3.49,3.39
2023-04-10,4.00,3.52,3.41
2023-04-11,4.03,3.54,3.43
2023-04-12,3.95,3.46,3.41
2023-04-13,3.96,3.51,3.45
2023-04-14,4.08,3.60,3.52
2023-04-17,4.18,3.69,3.60
2023-04-18,4.19,3.69,3.58
2023-04-19,4.24,3.71,3.60
2023-04-20,4.14,3.63,3.54
2023-04-21,4.17,3.66,3.57
2023-04-24,4.12,3.60,3.52
2023-04-25,3.86,3.43,3.40
2023-04-26,3.90,3.46,3.43
2023-04-27,4.07,3.60,3.53
2023-04-28,4.04,3.51,3.44
2023-05-01,4.14,3.64,3.59
2023-05-02,3.97,3.46,3.44
2023-05-03,3.89,3.37,3.38
2023-05-04,3.75,3.29,3.37
2023-05-05,3.92,3.41,3.44
2023-05-08,4.00,3.49,3.52
2023-05-09,4.01,3.51,3.53
2023-05-10,3.90,3.37,3.43
2023-05-11,3.89,3.36,3.39
2023-05-12,3.98,3.45,3.46
2023-05-15,3.99,3.46,3.50
2023-05-16,4.06,3.52,3.54
2023-05-17,4.12,3.58,3.57
2023-05-18,4.24,3.69,3.65
2023-05-19,4.28,3.76,3.70
2023-05-22,4.29,3.77,3.72
2023-05-23,4.26,3.76,3.70
2023-05-24,4.31,3.75,3.73
2023-05-25,4.50,3.90,3.83
2023-05-26,4.54,3.92,3.80
2023-05-30,4.46,3.81,3.69
2023-05-31,4.40,3.74,3.64
2023-06-01,4.33,3.70,3.61
2023-06-02,4.50,3.84,3.69
2023-06-05,4.46,3.82,3.69
2023-06-06,4.51,3.85,3.70
2023-06-07,4.56,3.93,3.79
2023-06-08,4.52,3.87,3.73
2023-06-09,4.59,3.92,3.75
2023-06-12,4.55,3.89,3.73
2023-06-13,4.67,4.01,3.84
2023-06-14,4.74,4.06,3.83
2023-06-15,4.62,3.91,3.72
2023-06-16,4.70,3.99,3.77
2023-06-20,4.68,3.96,3.74
2023-06-21,4.68,3.95,3.72
2023-06-22,4.77,4.03,3.80
2023-06-23,4.71,3.99,3.74
2023-06-26,4.65,3.96,3.72
2023-06-27,4.74,4.02,3.77
2023-06-28,4.71,3.97,3.71
2023-06-29,4.87,4.14,3.85
2023-06-30,4.87,4.13,3.81
2023-07-03,4.94,4.19,3.86
2023-07-05,4.94,4.25,3.95
2023-07-06,4.99,4.37,4.05
2023-07-07,4.94,4.35,4.06
2023-07-10,4.85,4.25,4.01
2023-07-11,4.88,4.24,3.99
2023-07-12,4.72,4.07,3.86
2023-07-13,4.59,3.93,3.76
2023-07-14,4.74,4.04,3.83
2023-07-17,4.74,4.02,3.81
2023-07-18,4.74,4.00,3.80
2023-07-19,4.74,3.98,3.75
2023-07-20,4.80,4.08,3.85
2023-07-21,4.82,4.09,3.84
2023-07-24,4.81,4.13,3.86
2023-07-25,4.85,4.15,3.91
2023-07-26,4.82,4.09,3.86
2023-07-27,4.91,4.24,4.01
2023-07-28,4.87,4.18,3.96
2023-07-31,4.88,4.18,3.97
2023-08-01,4.92,4.24,4.05
2023-08-02,4.88,4.24,4.08
2023-08-03,4.90,4.30,4.20
2023-08-04,4.78,4.15,4.05
2023-08-07,4.76,4.16,4.09
2023-08-08,4.74,4.10,4.02
2023-08-09,4.79,4.12,4.00
2023-08-10,4.82,4.21,4.09
2023-08-11,4.89,4.31,4.16
2023-08-14,4.96,4.36,4.19
2023-08-15,4.92,4.36,4.21
2023-08-16,4.97,4.42,4.28
2023-08-17,4.94,4.42,4.30
2023-08-18,4.92,4.38,4.26
2023-08-21,4.97,4.46,4.34
2023-08-22,5.02,4.49,4.34
2023-08-23,4.95,4.36,4.19
2023-08-24,4.98,4.39,4.23
2023-08-25,5.03,4.44,4.25
2023-08-28,4.98,4.38,4.20
2023-08-29,4.87,4.26,4.12
2023-08-30,4.90,4.27,4.12
2023-08-31,4.85,4.23,4.09
2023-09-01,4.87,4.29,4.18
2023-09-05,4.94,4.37,4.27
2023-09-06,5.01,4.44,4.30
2023-09-07,4.94,4.38,4.27
2023-09-08,4.98,4.39,4.26
2023-09-11,4.97,4.40,4.29
2023-09-12,4.98,4.41,4.27
2023-09-13,4.96,4.39,4.25
2023-09-14,5.00,4.42,4.29
2023-09-15,5.02,4.45,4.33
2023-09-18,5.05,4.46,4.32
2023-09-19,5.08,4.51,4.37
2023-09-20,5.12,4.52,4.35
2023-09-21,5.12,4.61,4.49
2023-09-22,5.10,4.57,4.44
2023-09-25,5.09,4.62,4.55
2023-09-26,5.04,4.62,4.56
2023-09-27,5.10,4.67,4.61
2023-09-28,5.04,4.62,4.59
2023-09-29,5.03,4.60,4.59
2023-10-02,5.12,4.72,4.69
2023-10-03,5.15,4.80,4.81
2023-10-04,5.05,4.72,4.73
2023-10-05,5.03,4.68,4.72
2023-10-06,5.08,4.75,4.78
2023-10-10,4.96,4.62,4.66
2023-10-11,4.99,4.59,4.58
2023-10-12,5.06,4.69,4.70
2023-10-13,5.04,4.65,4.63
2023-10-16,5.09,4.72,4.71
2023-10-17,5.19,4.86,4.83
2023-10-18,5.19,4.92,4.91
2023-10-19,5.14,4.95,4.98
2023-10-20,5.07,4.86,4.93
2023-10-23,5.05,4.81,4.86
2023-10-24,5.02,4.82,4.83
2023-10-25,5.08,4.89,4.95
2023-10-26,5.02,4.79,4.86
2023-10-27,4.99,4.76,4.84
2023-10-30,5.03,4.80,4.88
2023-10-31,5.07,4.82,4.88
2023-11-01,4.95,4.67,4.77
2023-11-02,4.98,4.65,4.67
2023-11-03,4.83,4.49,4.57
2023-11-06,4.93,4.60,4.67
2023-11-07,4.91,4.53,4.58
2023-11-08,4.93,4.51,4.49
2023-11-09,5.03,4.65,4.62
2023-11-10,5.04,4.65,4.61
2023-11-13,5.02,4.66,4.63
2023-11-14,4.80,4.42,4.44
2023-11-15,4.90,4.52,4.53
2023-11-16,4.83,4.43,4.45
2023-11-17,4.88,4.45,4.44
2023-11-20,4.89,4.44,4.42
2023-11-21,4.86,4.41,4.41
2023-11-22,4.89,4.44,4.42
2023-11-24,4.92,4.49,4.47
2023-11-27,4.84,4.38,4.39
2023-11-28,4.73,4.29,4.34
2023-11-29,4.64,4.22,4.27
2023-11-30,4.73,4.31,4.37
2023-12-01,4.56,4.14,4.22
2023-12-04,4.64,4.23,4.28
2023-12-05,4.57,4.14,4.18
2023-12-06,4.60,4.12,4.12
2023-12-07,4.58,4.11,4.14
2023-12-08,4.71,4.24,4.23
2023-12-11,4.71,4.25,4.23
2023-12-12,4.73,4.23,4.20
2023-12-13,4.46,4.00,4.04
2023-12-14,4.37,3.90,3.92
2023-12-15,4.44,3.91,3.91
2023-12-18,4.43,3.94,3.95
2023-12-19,4.41,3.94,3.93
2023-12-20,4.34,3.86,3.86
2023-12-21,4.33,3.87,3.89
2023-12-22,4.31,3.87,3.90
2023-12-26,4.26,3.89,3.89
2023-12-27,4.20,3.78,3.79
2023-12-28,4.26,3.83,3.84
2023-12-29,4.23,3.84,3.88
2024-01-02,4.33,3.93,3.95
2024-01-03,4.33,3.90,3.91
2024-01-04,4.38,3.97,3.99
2024-01-05,4.40,4.02,4.05
2024-01-08,4.36,3.97,4.01
2024-01-09,4.36,3.97,4.02
2024-01-10,4.37,3.99,4.04
2024-01-11,4.26,3.90,3.98
2024-01-12,4.14,3.84,3.96
2024-01-16,4.22,3.95,4.07
2024-01-17,4.34,4.02,4.10
2024-01-18,4.34,4.04,4.14
2024-01-19,4.39,4.08,4.15
2024-01-22,4.37,4.03,4.11
2024-01-23,4.31,4.06,4.14
2024-01-24,4.34,4.06,4.18
2024-01-25,4.28,4.01,4.14
2024-01-26,4.34,4.04,4.15
2024-01-29,4.29,3.97,4.08
2024-01-30,4.36,4.00,4.06
2024-01-31,4.27,3.91,3.99
2024-02-01,4.20,3.80,3.87
2024-02-02,4.36,3.99,4.03
2024-02-05,4.46,4.13,4.17
2024-02-06,4.39,4.03,4.09
2024-02-07,4.41,4.06,4.09
2024-02-08,4.46,4.12,4.15
2024-02-09,4.48,4.14,4.17
2024-02-12,4.46,4.13,4.17
2024-02-13,4.64,4.31,4.31
2024-02-14,4.56,4.25,4.27
2024-02-15,4.56,4.22,4.24
2024-02-16,4.64,4.29,4.30
2024-02-20,4.59,4.25,4.27
2024-02-21,4.64,4.30,4.32
2024-02-22,4.69,4.33,4.33
2024-02-23,4.67,4.28,4.26
2024-02-26,4.69,4.29,4.28
2024-02-27,4.70,4.32,4.31
2024-02-28,4.64,4.26,4.27
2024-02-29,4.64,4.26,4.25
2024-03-01,4.54,4.17,4.19
2024-03-04,4.61,4.21,4.22
2024-03-05,4.54,4.13,4.13
2024-03-06,4.55,4.12,4.11
2024-03-07,4.50,4.07,4.09
2024-03-08,4.48,4.06,4.09
2024-03-11,4.51,4.08,4.10
2024-03-12,4.58,4.15,4.16
2024-03-13,4.61,4.19,4.19
2024-03-14,4.68,4.29,4.29
2024-03-15,4.72,4.33,4.31
2024-03-18,4.73,4.36,4.34
2024-03-19,4.68,4.31,4.30
2024-03-20,4.59,4.25,4.27
2024-03-21,4.62,4.26,4.27
2024-03-22,4.59,4.20,4.22
2024-03-25,4.54,4.23,4.25
2024-03-26,4.56,4.22,4.24
2024-03-27,4.54,4.18,4.20
2024-03-28,4.59,4.21,4.20
2024-04-01,4.72,4.34,4.33
2024-04-02,4.70,4.35,4.36
2024-04-03,4.68,4.34,4.36
2024-04-04,4.65,4.30,4.31
2024-04-05,4.73,4.38,4.39
2024-04-08,4.78,4.43,4.42
2024-04-09,4.74,4.37,4.36
2024-04-10,4.97,4.61,4.55
2024-04-11,4.93,4.61,4.56
2024-04-12,4.88,4.54,4.50
2024-04-15,4.93,4.65,4.63
2024-04-16,4.97,4.69,4.67
2024-04-17,4.93,4.62,4.59
2024-04-18,4.98,4.68,4.64
2024-04-19,4.97,4.66,4.62
2024-04-22,4.97,4.66,4.62
2024-04-23,4.86,4.63,4.61
2024-04-24,4.89,4.64,4.65
2024-04-25,4.96,4.70,4.70
2024-04-26,4.96,4.68,4.67
2024-04-29,4.97,4.65,4.63
2024-04-30,5.04,4.72,4.69
2024-05-01,4.96,4.64,4.63
2024-05-02,4.87,4.57,4.58
2024-05-03,4.81,4.48,4.50
2024-05-06,4.82,4.48,4.49
2024-05-07,4.82,4.48,4.47
2024-05-08,4.84,4.50,4.48
2024-05-09,4.80,4.47,4.45
2024-05-10,4.87,4.52,4.50
2024-05-13,4.85,4.50,4.48
2024-05-14,4.81,4.46,4.45
2024-05-15,4.73,4.35,4.36
2024-05-16,4.78,4.40,4.38
2024-05-17,4.83,4.44,4.42
2024-05-20,4.82,4.46,4.44
2024-05-21,4.82,4.43,4.41
2024-05-22,4.86,4.47,4.43
2024-05-23,4.91,4.52,4.47
2024-05-24,4.93,4.53,4.46
2024-05-28,4.94,4.56,4.54
2024-05-29,4.96,4.63,4.61
2024-05-30,4.92,4.57,4.55
2024-05-31,4.89,4.52,4.51
2024-06-03,4.82,4.42,4.41
2024-06-04,4.77,4.35,4.33
2024-06-05,4.72,4.31,4.29
2024-06-06,4.72,4.29,4.28
2024-06-07,4.87,4.46,4.43
2024-06-10,4.87,4.48,4.47
2024-06-11,4.81,4.41,4.39
2024-06-12,4.75,4.32,4.31
2024-06-13,4.68,4.24,4.24
2024-06-14,4.67,4.22,4.20
2024-06-17,4.75,4.30,4.28
2024-06-18,4.69,4.24,4.22
2024-06-20,4.70,4.26,4.25
2024-06-21,4.70,4.26,4.25
2024-06-24,4.71,4.27,4.25
2024-06-25,4.65,4.25,4.23
2024-06-26,4.71,4.32,4.32
2024-06-27,4.70,4.29,4.29
2024-06-28,4.71,4.33,4.36
2024-07-01,4.77,4.44,4.48
2024-07-02,4.74,4.39,4.43
2024-07-03,4.71,4.33,4.36
2024-07-05,4.60,4.22,4.28
2024-07-08,4.62,4.23,4.28
2024-07-09,4.62,4.24,4.30
2024-07-10,4.62,4.24,4.28
2024-07-11,4.50,4.13,4.20
2024-07-12,4.45,4.10,4.18
2024-07-15,4.44,4.13,4.23
2024-07-16,4.43,4.09,4.17
2024-07-17,4.42,4.07,4.16
2024-07-18,4.46,4.11,4.20
2024-07-19,4.49,4.16,4.25
2024-07-22,4.50,4.17,4.26
2024-07-23,4.40,4.15,4.25
2024-07-24,4.37,4.12,4.28
2024-07-25,4.41,4.13,4.27
2024-07-26,4.36,4.06,4.20
2024-07-29,4.36,4.05,4.17
2024-07-30,4.35,4.03,4.15
2024-07-31,4.29,3.97,4.09
2024-08-01,4.16,3.84,3.99
2024-08-02,3.88,3.62,3.80
2024-08-05,3.89,3.62,3.78
2024-08-06,3.99,3.73,3.90
2024-08-07,4.00,3.79,3.96
2024-08-08,4.04,3.83,3.99
2024-08-09,4.05,3.80,3.94
2024-08-12,4.01,3.75,3.90
2024-08-13,3.93,3.68,3.85
2024-08-14,3.94,3.67,3.83
2024-08-15,4.08,3.79,3.92
2024-08-16,4.06,3.77,3.89
2024-08-19,4.06,3.75,3.86
2024-08-20,3.99,3.70,3.82
2024-08-21,3.92,3.64,3.79
2024-08-22,3.99,3.72,3.86
2024-08-23,3.90,3.65,3.81
2024-08-26,3.91,3.66,3.82
2024-08-27,3.83,3.66,3.83
2024-08-28,3.83,3.63,3.84
2024-08-29,3.87,3.66,3.87
2024-08-30,3.91,3.71,3.91
2024-09-03,3.88,3.65,3.84
2024-09-04,3.76,3.56,3.77
2024-09-05,3.75,3.54,3.73
2024-09-06,3.66,3.50,3.72
2024-09-09,3.68,3.49,3.70
2024-09-10,3.59,3.43,3.65
2024-09-11,3.62,3.45,3.65
2024-09-12,3.64,3.47,3.68
2024-09-13,3.57,3.43,3.66
2024-09-16,3.56,3.41,3.63
2024-09-17,3.59,3.44,3.65
2024-09-18,3.61,3.47,3.70
2024-09-19,3.59,3.49,3.73
2024-09-20,3.55,3.48,3.73
2024-09-23,3.57,3.51,3.75
2024-09-24,3.49,3.47,3.74
2024-09-25,3.53,3.52,3.79
2024-09-26,3.60,3.55,3.79
2024-09-27,3.55,3.50,3.75
2024-09-30,3.66,3.58,3.81
2024-10-01,3.61,3.51,3.74
2024-10-02,3.63,3.55,3.79
2024-10-03,3.70,3.62,3.85
2024-10-04,3.93,3.81,3.98
2024-10-07,3.99,3.86,4.03
2024-10-08,3.98,3.86,4.04
2024-10-09,3.99,3.91,4.06
2024-10-10,3.98,3.91,4.09
2024-10-11,3.95,3.88,4.08
2024-10-15,3.95,3.86,4.03
2024-10-16,3.93,3.84,4.02
2024-10-17,3.96,3.90,4.09
2024-10-18,3.95,3.88,4.08
2024-10-21,4.02,3.98,4.19
2024-10-22,4.03,4.00,4.20
2024-10-23,4.07,4.05,4.24
2024-10-24,4.07,4.03,4.21
2024-10-25,4.11,4.07,4.25
2024-10-28,4.12,4.11,4.28
2024-10-29,4.11,4.11,4.28
2024-10-30,4.15,4.14,4.29
2024-10-31,4.16,4.15,4.28
2024-11-01,4.21,4.22,4.37
2024-11-04,4.17,4.17,4.31
2024-11-05,4.19,4.16,4.26
2024-11-06,4.27,4.27,4.42
2024-11-07,4.21,4.17,4.31
2024-11-08,4.26,4.20,4.30
2024-11-12,4.34,4.32,4.43
2024-11-13,4.27,4.30,4.44
2024-11-14,4.34,4.32,4.43
2024-11-15,4.31,4.30,4.43
2024-11-18,4.29,4.28,4.42
2024-11-19,4.27,4.25,4.39
2024-11-20,4.31,4.28,4.41
2024-11-21,4.34,4.30,4.43
2024-11-22,4.37,4.30,4.41
2024-11-25,4.21,4.17,4.27
2024-11-26,4.21,4.17,4.30
2024-11-27,4.19,4.11,4.25
2024-11-29,4.13,4.05,4.18
2024-12-02,4.17,4.08,4.19
2024-12-03,4.17,4.11,4.23
2024-12-04,4.13,4.07,4.19
2024-12-05,4.15,4.07,4.17
2024-12-06,4.10,4.03,4.15
2024-12-09,4.13,4.07,4.20
2024-12-10,4.15,4.09,4.22
2024-12-11,4.15,4.13,4.26
2024-12-12,4.18,4.18,4.32
2024-12-13,4.25,4.25,4.40
2024-12-16,4.25,4.25,4.39
2024-12-17,4.25,4.26,4.40
2024-12-18,4.35,4.40,4.50
2024-12-19,4.32,4.43,4.57
2024-12-20,4.30,4.37,4.52
2024-12-23,4.30,4.44,4.59
2024-12-24,4.29,4.43,4.59
2024-12-26,4.30,4.42,4.58
2024-12-27,4.31,4.45,4.62
2024-12-30,4.24,4.37,4.55
2024-12-31,4.25,4.38,4.58
2025-01-02,4.25,4.38,4.57
2025-01-03,4.28,4.41,4.60
2025-01-06,4.28,4.42,4.62
2025-01-07,4.30,4.46,4.67
2025-01-08,4.28,4.45,4.67
2025-01-09,4.27,4.46,4.68
2025-01-10,4.40,4.59,4.77
2025-01-13,4.40,4.61,4.79
2025-01-14,4.37,4.59,4.78
2025-01-15,4.27,4.45,4.66
2025-01-16,4.23,4.39,4.61
2025-01-17,4.27,4.42,4.61
2025-01-21,4.29,4.40,4.57
2025-01-22,4.29,4.43,4.60
2025-01-23,4.29,4.45,4.65
2025-01-24,4.27,4.43,4.63
2025-01-27,4.17,4.32,4.53
2025-01-28,4.19,4.33,4.55
2025-01-29,4.21,4.35,4.55
2025-01-30,4.18,4.31,4.52
2025-01-31,4.22,4.36,4.58
2025-02-03,4.26,4.35,4.54
2025-02-04,4.21,4.31,4.52
2025-02-05,4.17,4.24,4.43
2025-02-06,4.21,4.28,4.45
2025-02-07,4.29,4.34,4.49
2025-02-10,4.28,4.34,4.51
2025-02-11,4.29,4.37,4.54
2025-02-12,4.36,4.48,4.62
2025-02-13,4.31,4.39,4.52
2025-02-14,4.26,4.33,4.47
2025-02-18,4.29,4.40,4.55
2025-02-19,4.28,4.37,4.53
2025-02-20,4.28,4.34,4.50
2025-02-21,4.19,4.26,4.42
2025-02-24,4.13,4.23,4.40
2025-02-25,4.07,4.12,4.30
2025-02-26,4.05,4.06,4.25
2025-02-27,4.07,4.09,4.29
2025-02-28,3.99,4.03,4.24
2025-03-03,3.96,3.97,4.16
2025-03-04,3.96,4.01,4.22
2025-03-05,3.99,4.08,4.28
2025-03-06,3.96,4.06,4.29
2025-03-07,3.99,4.09,4.32
2025-03-10,3.89,3.98,4.22
2025-03-11,3.94,4.03,4.28
2025-03-12,4.01,4.09,4.32
2025-03-13,3.94,4.02,4.27
2025-03-14,4.02,4.09,4.31
2025-03-17,4.06,4.11,4.31
2025-03-18,4.04,4.07,4.29
2025-03-19,3.99,4.03,4.25
2025-03-20,3.95,4.01,4.24
2025-03-21,3.94,4.00,4.25
2025-03-24,4.04,4.09,4.34
2025-03-25,3.96,4.07,4.31
2025-03-26,3.98,4.08,4.35
2025-03-27,3.97,4.09,4.38
2025-03-28,3.89,3.98,4.27
2025-03-31,3.89,3.96,4.23
2025-04-01,3.87,3.91,4.17
2025-04-02,3.91,3.95,4.20
2025-04-03,3.71,3.75,4.06
2025-04-04,3.68,3.72,4.01
2025-04-07,3.73,3.82,4.15
2025-04-08,3.71,3.88,4.26
2025-04-09,3.91,4.06,4.34
2025-04-10,3.84,4.04,4.40
2025-04-11,3.96,4.15,4.48
2025-04-14,3.84,4.02,4.38
2025-04-15,3.84,3.98,4.35
2025-04-16,3.77,3.91,4.29
2025-04-17,3.81,3.95,4.34
2025-04-21,3.75,3.97,4.42
2025-04-22,3.76,3.98,4.41
2025-04-23,3.81,4.00,4.40
2025-04-24,3.77,3.91,4.32
2025-04-25,3.74,3.88,4.29
2025-04-28,3.67,3.81,4.23
2025-04-29,3.65,3.77,4.19
2025-04-30,3.60,3.72,4.17
2025-05-01,3.70,3.81,4.25
2025-05-02,3.83,3.92,4.33
2025-05-05,3.83,3.95,4.36
2025-05-06,3.78,3.90,4.30
2025-05-07,3.78,3.87,4.26
2025-05-08,3.90,4.00,4.37
2025-05-09,3.88,4.00,4.37
2025-05-12,3.98,4.09,4.45
2025-05-13,4.02,4.12,4.49
2025-05-14,4.05,4.17,4.53
2025-05-15,3.96,4.07,4.45
2025-05-16,3.98,4.06,4.43
2025-05-19,3.97,4.07,4.46
2025-05-20,3.97,4.07,4.48
2025-05-21,4.00,4.15,4.58
2025-05-22,4.00,4.11,4.54
2025-05-23,4.00,4.08,4.51
2025-05-27,3.92,4.04,4.43
2025-05-28,3.96,4.05,4.47
2025-05-29,3.92,4.00,4.43
2025-05-30,3.89,3.96,4.41
2025-06-02,3.94,4.01,4.46
2025-06-03,3.96,4.04,4.46
2025-06-04,3.87,3.93,4.37
2025-06-05,3.92,3.99,4.40
2025-06-06,4.04,4.13,4.51
2025-06-09,4.01,4.09,4.49
2025-06-10,4.01,4.08,4.47
2025-06-11,3.94,4.02,4.41
2025-06-12,3.90,3.97,4.36
2025-06-13,3.96,4.02,4.41
2025-06-16,3.97,4.04,4.46
2025-06-17,3.94,3.99,4.39
2025-06-18,3.94,3.98,4.38
2025-06-20,3.90,3.96,4.38
2025-06-23,3.84,3.91,4.34
2025-06-24,3.75,3.86,4.30
2025-06-25,3.74,3.83,4.29
2025-06-26,3.70,3.79,4.26
2025-06-27,3.73,3.83,4.29
2025-06-30,3.72,3.79,4.24
2025-07-01,3.78,3.84,4.26
2025-07-02,3.78,3.87,4.30
2025-07-03,3.88,3.94,4.35
2025-07-07,3.90,3.96,4.40
2025-07-08,3.90,3.99,4.42
2025-07-09,3.86,3.92,4.34
2025-07-10,3.86,3.93,4.35
2025-07-11,3.90,3.99,4.43
2025-07-14,3.90,3.98,4.43
2025-07-15,3.95,4.05,4.50
2025-07-16,3.88,3.99,4.46
2025-07-17,3.91,4.01,4.47
2025-07-18,3.88,3.96,4.44
2025-07-21,3.85,3.91,4.38
2025-07-22,3.83,3.88,4.35
2025-07-23,3.88,3.94,4.40
2025-07-24,3.91,3.98,4.43
2025-07-25,3.91,3.95,4.40
2025-07-28,3.91,3.96,4.42
2025-07-29,3.86,3.90,4.34
2025-07-30,3.94,3.96,4.38
2025-07-31,3.94,3.96,4.37
2025-08-01,3.69,3.77,4.23
2025-08-04,3.69,3.75,4.22
2025-08-05,3.72,3.77,4.22
2025-08-06,3.69,3.77,4.22
2025-08-07,3.72,3.79,4.23
2025-08-08,3.76,3.84,4.27
2025-08-11,3.76,3.83,4.27
2025-08-12,3.72,3.83,4.29
2025-08-13,3.67,3.77,4.24
2025-08-14,3.74,3.82,4.29
2025-08-15,3.75,3.85,4.33
2025-08-18,3.77,3.86,4.34
2025-08-19,3.75,3.82,4.30
2025-08-20,3.74,3.81,4.29
2025-08-21,3.79,3.86,4.33
2025-08-22,3.68,3.76,4.26
2025-08-25,3.73,3.80,4.28
2025-08-26,3.61,3.75,4.26
2025-08-27,3.59,3.69,4.24
2025-08-28,3.62,3.69,4.22
2025-08-29,3.59,3.68,4.23
2025-09-02,3.66,3.74,4.28
2025-09-03,3.61,3.69,4.22
2025-09-04,3.59,3.65,4.17
2025-09-05,3.51,3.59,4.10
2025-09-08,3.49,3.57,4.05
2025-09-09,3.54,3.61,4.08
2025-09-10,3.54,3.59,4.04
2025-09-11,3.52,3.59,4.01
2025-09-12,3.56,3.63,4.06
2025-09-15,3.54,3.61,4.05
2025-09-16,3.51,3.59,4.04
2025-09-17,3.52,3.62,4.06
2025-09-18,3.57,3.67,4.11
2025-09-19,3.57,3.68,4.14
2025-09-22,3.61,3.71,4.15
2025-09-23,3.53,3.68,4.12
2025-09-24,3.57,3.70,4.16
2025-09-25,3.64,3.75,4.18
2025-09-26,3.63,3.76,4.20
2025-09-29,3.63,3.74,4.15
2025-09-30,3.60,3.74,4.16
2025-10-01,3.55,3.68,4.12
2025-10-02,3.55,3.67,4.10
2025-10-03,3.58,3.72,4.13
2025-10-06,3.60,3.75,4.18
2025-10-07,3.57,3.71,4.14
2025-10-08,3.58,3.72,4.13
2025-10-09,3.60,3.74,4.14
2025-10-10,3.52,3.65,4.05
2025-10-14,3.48,3.60,4.03
2025-10-15,3.50,3.63,4.05
2025-10-16,3.41,3.55,3.99
2025-10-17,3.46,3.59,4.02
2025-10-20,3.46,3.58,4.00
2025-10-21,3.45,3.56,3.98
2025-10-22,3.45,3.56,3.97
2025-10-23,3.48,3.61,4.01
2025-10-24,3.48,3.61,4.02
2025-10-27,3.48,3.61,4.01
2025-10-28,3.47,3.60,3.99
2025-10-29,3.59,3.70,4.08
2025-10-30,3.61,3.72,4.11
2025-10-31,3.60,3.71,4.11
2025-11-03,3.60,3.72,4.13
2025-11-04,3.58,3.69,4.10
2025-11-05,3.63,3.76,4.17
2025-11-06,3.57,3.69,4.11
2025-11-07,3.55,3.67,4.11
2025-11-10,3.58,3.72,4.13
2025-11-12,3.56,3.68,4.08
2025-11-13,3.58,3.71,4.11
2025-11-14,3.62,3.74,4.14
2025-11-17,3.60,3.72,4.13
2025-11-18,3.58,3.70,4.12
2025-11-19,3.58,3.71,4.13
2025-11-20,3.55,3.68,4.10
2025-11-21,3.51,3.62,4.06
2025-11-24,3.46,3.61,4.04
2025-11-25,3.43,3.55,4.01
2025-11-26,3.45,3.56,4.00
2025-11-28,3.47,3.59,4.02
2025-12-01,3.54,3.67,4.09
2025-12-02,3.51,3.66,4.09
2025-12-03,3.49,3.62,4.06
2025-12-04,3.52,3.68,4.11
2025-12-05,3.56,3.72,4.14
2025-12-08,3.57,3.75,4.17
2025-12-09,3.61,3.78,4.18
2025-12-10,3.54,3.72,4.13
2025-12-11,3.52,3.72,4.14
2025-12-12,3.52,3.75,4.19
2025-12-15,3.51,3.73,4.18
2025-12-16,3.48,3.69,4.15
2025-12-17,3.49,3.70,4.16
2025-12-18,3.46,3.66,4.12
2025-12-19,3.48,3.70,4.16
2025-12-22,3.44,3.71,4.17
2025-12-23,3.48,3.72,4.18
2025-12-24,3.47,3.70,4.15
2025-12-26,3.46,3.68,4.14
2025-12-29,3.45,3.67,4.12
2025-12-30,3.45,3.68,4.14
2025-12-31,3.47,3.73,4.18
2026-01-02,3.47,3.74,4.19
2026-01-05,3.46,3.71,4.17
2026-01-06,3.47,3.72,4.18
2026-01-07,3.47,3.70,4.15
2026-01-08,3.49,3.74,4.19
2026-01-09,3.54,3.75,4.18
2026-01-12,3.54,3.77,4.19
2026-01-13,3.53,3.75,4.18
2026-01-14,3.51,3.72,4.15
2026-01-15,3.56,3.77,4.17
2026-01-16,3.59,3.82,4.24
2026-01-20,3.60,3.86,4.30
2026-01-21,3.60,3.83,4.26
2026-01-22,3.61,3.85,4.26
2026-01-23,3.60,3.84,4.24
2026-01-26,3.56,3.82,4.22
2026-01-27,3.53,3.81,4.24
2026-01-28,3.56,3.83,4.26
2026-01-29,3.53,3.80,4.24
2026-01-30,3.52,3.79,4.26
2026-02-02,3.57,3.83,4.29
2026-02-03,3.57,3.83,4.28
2026-02-04,3.57,3.83,4.29
2026-02-05,3.47,3.74,4.21
2026-02-06,3.50,3.76,4.22
2026-02-09,3.48,3.75,4.22
2026-02-10,3.45,3.70,4.16
2026-02-11,3.52,3.75,4.18
2026-02-12,3.47,3.67,4.09
2026-02-13,3.40,3.61,4.04
2026-02-17,3.43,3.63,4.05
2026-02-18,3.47,3.66,4.09
2026-02-19,3.47,3.65,4.08
2026-02-20,3.48,3.65,4.08
2026-02-23,3.43,3.59,4.03
2026-02-24,3.43,3.61,4.04
2026-02-25,3.45,3.61,4.05
2026-02-26,3.42,3.57,4.02
2026-02-27,3.38,3.51,3.97
2026-03-02,3.47,3.62,4.05
2026-03-03,3.51,3.63,4.06
2026-03-04,3.54,3.67,4.09
2026-03-05,3.57,3.72,4.13
2026-03-06,3.56,3.72,4.15
2026-03-09,3.56,3.71,4.12
2026-03-10,3.57,3.73,4.15
2026-03-11,3.64,3.79,4.21
2026-03-12,3.76,3.88,4.27
2026-03-13,3.73,3.87,4.28
2026-03-16,3.68,3.80,4.23
2026-03-17,3.68,3.79,4.20
2026-03-18,3.76,3.87,4.26
2026-03-19,3.79,3.88,4.25
2026-03-20,3.88,4.01,4.39
2026-03-23,3.83,3.95,4.34
2026-03-24,3.90,4.03,4.39
2026-03-25,3.84,3.96,4.33
2026-03-26,3.96,4.08,4.42
2026-03-27,3.88,4.06,4.44
2026-03-30,3.82,3.97,4.35
2026-03-31,3.79,3.92,4.30
2026-04-01,3.81,3.97,4.33
2026-04-02,3.79,3.94,4.31
2026-04-03,3.84,3.99,4.35
2026-04-06,3.84,3.98,4.34
2026-04-07,3.81,3.95,4.33
2026-04-08,3.79,3.92,4.29
2026-04-09,3.78,3.91,4.29
2026-04-10,3.81,3.94,4.31
2026-04-13,3.78,3.92,4.30
2026-04-14,3.76,3.87,4.26
2026-04-15,3.76,3.90,4.29
2026-04-16,3.78,3.91,4.32
2026-04-17,3.71,3.84,4.26
2026-04-20,3.72,3.86,4.26
2026-04-21,3.78,3.91,4.30
2026-04-22,3.79,3.91,4.30
2026-04-23,3.83,3.96,4.34
2026-04-24,3.78,3.92,4.31
2026-04-27,3.78,3.94,4.35
2026-04-28,3.84,3.97,4.36
2026-04-29,3.92,4.05,4.42
2026-04-30,3.88,4.02,4.40
2026-05-01,3.88,4.02,4.39
2026-05-04,3.95,4.08,4.45
2026-05-05,3.93,4.08,4.43
2026-05-06,3.87,3.99,4.36
2026-05-07,3.92,4.04,4.41
2026-05-08,3.90,4.02,4.38
2026-05-11,3.95,4.07,4.42
2026-05-12,4.00,4.12,4.46
2026-05-13,3.98,4.12,4.46
2026-05-14,4.00,4.13,4.47
2026-05-15,4.09,4.26,4.59
2026-05-18,4.07,4.27,4.61
2026-05-19,4.13,4.32,4.67
2026-05-20,4.04,4.22,4.57
2026-05-21,4.08,4.25,4.57
2026-05-22,4.13,4.27,4.56
2026-05-26,4.01,4.19,4.50
2026-05-27,4.00,4.17,4.48
2026-05-28,3.99,4.15,4.45
2026-05-29,3.98,4.13,4.45
2026-06-01,4.05,4.18,4.47
2026-06-02,4.05,4.17,4.46
2026-06-03,4.08,4.21,4.49
2026-06-04,4.05,4.18,4.47
2026-06-05,4.17,4.29,4.55
2026-06-08,4.15,4.29,4.56
2026-06-09,4.13,4.26,4.53
2026-06-10,4.13,4.27,4.55
2026-06-11,4.05,4.18,4.45
2026-06-12,4.09,4.21,4.48
2026-06-15,4.07,4.18,4.47
2026-06-16,4.05,4.16,4.43
2026-06-17,4.20,4.27,4.49
2026-06-18,4.19,4.23,4.46
2026-06-22,4.24,4.29,4.51
2026-06-23,4.16,4.27,4.50
2026-06-24,4.11,4.17,4.41
2026-06-25,4.09,4.15,4.40
2026-06-26,4.07,4.12,4.38
2026-06-29,4.10,4.14,4.38
2026-06-30,4.14,4.19,4.44
2026-07-01,4.17,4.24,4.48
2026-07-02,4.14,4.23,4.49
2026-07-06,4.13,4.21,4.48
2026-07-07,4.19,4.27,4.55
2026-07-08,4.21,4.31,4.56
2026-07-09,4.16,4.27,4.54
2026-07-10,4.21,4.30,4.56
2026-07-13,4.26,4.37,4.62
2026-07-14,4.18,4.31,4.58
2026-07-15,4.13,4.26,4.55
2026-07-16,4.16,4.28,4.57
2026-07-17,4.18,4.28,4.55
2026-07-20,4.21,4.33,4.60
2026-07-21,4.26,4.37,4.63
2026-07-22,4.31,4.41,4.67
2026-07-23,4.37,4.46,4.71
2026-07-24,4.33,4.43,4.69
2026-07-27,4.31,4.40,4.65
2026-07-28,4.26,4.35,4.61
2026-07-29,4.22,4.37,4.67
2026-07-30,4.23,4.38,4.68
2026-07-31,4.28,4.45,4.75
2026-08-03,4.25,4.40,4.70
2026-08-04,4.20,4.33,4.63
2026-08-05,4.18,4.33,4.63
2026-08-06,4.25,4.40,4.69
2026-08-07,4.19,4.35,4.65
2026-08-10,4.25,4.41,4.72
2026-08-11,4.22,4.39,4.70
2026-08-12,4.20,4.38,4.68
2026-08-13,4.15,4.32,4.63
2026-08-14,4.17,4.36,4.68
2026-08-17,4.19,4.38,4.72
2026-08-18,4.19,4.37,4.71
2026-08-19,4.19,4.35,4.65
2026-08-20,4.19,4.39,4.69
2026-08-21,4.24,4.43,4.74
2026-08-24,4.24,4.41,4.70
2026-08-25,4.17,4.35,4.64
2026-08-26,4.19,4.37,4.66
2026-08-27,4.20,4.38,4.67
2026-08-28,4.34,4.48,4.73
2026-08-31,4.34,4.49,4.75
2026-09-01,4.39,4.55,4.79
2026-09-02,4.39,4.54,4.79
2026-09-03,4.34,4.52,4.77
2026-09-04,4.37,4.54,4.78
2026-09-08,4.39,4.57,4.80
2026-09-09,4.43,4.61,4.83
2026-09-10,4.56,4.75,4.95
2026-09-11,4.63,4.78,4.96
2026-09-14,4.65,4.80,4.97
2026-09-15,4.67,4.83,5.00
2026-09-16,4.74,4.86,5.01
2026-09-17,4.67,4.78,4.94
2026-09-18,4.76,4.86,5.01
2026-09-21,4.76,4.83,4.96
2026-09-22,4.71,4.83,4.96
