bid,ask,bid_qty,ask_qty,imbalance,depth_imbalance,ofi,ofi_cum,wmid,micro
nan,nan,nan,nan,nan,nan,nan,nan,nan,nan
nan,nan,nan,nan,nan,nan,nan,nan,nan,nan
nan,nan,nan,nan,nan,nan,nan,nan,nan,nan
10000,10001,400,100,0.6,0.6,0,0,10000.8,10000.733333333334
10000,10001,400,200,0.3333333333333333,0.3333333333333333,-100,-100,10000.666666666666,10000.6
10000,10001,400,500,-0.1111111111111111,-0.1111111111111111,-300,-400,10000.444444444445,10000.466666666667
10000,10001,400,500,-0.1111111111111111,0.23076923076923078,0,-400,10000.444444444445,10000.466666666667
10000,10001,400,500,-0.1111111111111111,0.375,0,-400,10000.444444444445,10000.466666666667
10000,10001,400,500,-0.1111111111111111,0.4117647058823529,0,-400,10000.444444444445,10000.466666666667
10000,10001,400,500,-0.1111111111111111,0.2,0,-400,10000.444444444445,10000.466666666667
10000,10001,400,500,-0.1111111111111111,0.14285714285714285,0,-400,10000.444444444445,10000.466666666667
10000,10001,400,500,-0.1111111111111111,0.09090909090909091,0,-400,10000.444444444445,10000.466666666667
10000,10001,400,500,-0.1111111111111111,0.16666666666666666,0,-400,10000.444444444445,10000.466666666667
10000,10001,400,500,-0.1111111111111111,0.2,0,-400,10000.444444444445,10000.466666666667
10000,10001,400,500,-0.1111111111111111,0.2857142857142857,0,-400,10000.444444444445,10000.466666666667
10000,10001,400,500,-0.1111111111111111,0.2,0,-400,10000.444444444445,10000.466666666667
10000,10001,400,500,-0.1111111111111111,0.125,0,-400,10000.444444444445,10000.466666666667
10000,10001,400,500,-0.1111111111111111,0.058823529411764705,0,-400,10000.444444444445,10000.466666666667
10000,10001,400,500,-0.1111111111111111,0.15789473684210525,0,-400,10000.444444444445,10000.466666666667
10000,10001,400,500,-0.1111111111111111,0.21951219512195122,0,-400,10000.444444444445,10000.466666666667
10000,10001,400,500,-0.1111111111111111,0.23809523809523808,0,-400,10000.444444444445,10000.466666666667
10000,10001,400,500,-0.1111111111111111,0.061224489795918366,0,-400,10000.444444444445,10000.466666666667
10000,10001,400,500,-0.1111111111111111,0.04,0,-400,10000.444444444445,10000.466666666667
10000,10001,400,500,-0.1111111111111111,0.0196078431372549,0,-400,10000.444444444445,10000.466666666667
10000,10001,400,500,-0.1111111111111111,0.07407407407407407,0,-400,10000.444444444445,10000.466666666667
10000,10001,400,500,-0.1111111111111111,0.13793103448275862,0,-400,10000.444444444445,10000.466666666667
10000,10001,400,500,-0.1111111111111111,0.18032786885245902,0,-400,10000.444444444445,10000.466666666667
10000,10001,400,500,-0.1111111111111111,0.14285714285714285,0,-400,10000.444444444445,10000.466666666667
10000,10001,400,500,-0.1111111111111111,0.125,0,-400,10000.444444444445,10000.466666666667
10000,10001,400,500,-0.1111111111111111,0.1076923076923077,0,-400,10000.444444444445,10000.466666666667
10000,10001,400,500,-0.1111111111111111,0.1076923076923077,0,-400,10000.444444444445,10000.466666666667
10000,10001,400,500,-0.1111111111111111,0.1076923076923077,0,-400,10000.444444444445,10000.466666666667
10000,10001,400,500,-0.1111111111111111,0.1076923076923077,0,-400,10000.444444444445,10000.466666666667
10000,10001,400,500,-0.1111111111111111,0.1076923076923077,0,-400,10000.444444444445,10000.466666666667
10000,10001,400,500,-0.1111111111111111,0.1076923076923077,0,-400,10000.444444444445,10000.466666666667
10000,10001,400,500,-0.1111111111111111,0.1076923076923077,0,-400,10000.444444444445,10000.466666666667
10000,10001,400,500,-0.1111111111111111,0.1076923076923077,0,-400,10000.444444444445,10000.466666666667
10000,10001,400,500,-0.1111111111111111,0.1076923076923077,0,-400,10000.444444444445,10000.466666666667
10000,10001,400,500,-0.1111111111111111,0.1076923076923077,0,-400,10000.444444444445,10000.466666666667
10000,10001,400,500,-0.1111111111111111,0.1076923076923077,0,-400,10000.444444444445,10000.466666666667
10000,10001,400,500,-0.1111111111111111,0.1076923076923077,0,-400,10000.444444444445,10000.466666666667
10000,10001,400,500,-0.1111111111111111,0.1076923076923077,0,-400,10000.444444444445,10000.466666666667
10000,10001,400,500,-0.1111111111111111,0.1076923076923077,0,-400,10000.444444444445,10000.466666666667
10000,10001,400,500,-0.1111111111111111,0.1076923076923077,0,-400,10000.444444444445,10000.466666666667
10000,10001,400,500,-0.1111111111111111,0.1076923076923077,0,-400,10000.444444444445,10000.466666666667
10000,10001,400,500,-0.1111111111111111,0.1076923076923077,0,-400,10000.444444444445,10000.466666666667
10000,10001,400,500,-0.1111111111111111,0.1076923076923077,0,-400,10000.444444444445,10000.466666666667
10000,10001,400,500,-0.1111111111111111,0.1076923076923077,0,-400,10000.444444444445,10000.466666666667
10000,10001,400,500,-0.1111111111111111,0.1076923076923077,0,-400,10000.444444444445,10000.466666666667
10000,10001,400,500,-0.1111111111111111,0.1076923076923077,0,-400,10000.444444444445,10000.466666666667
10000,10001,400,500,-0.1111111111111111,0.1076923076923077,0,-400,10000.444444444445,10000.466666666667
10000,10001,400,500,-0.1111111111111111,0.1076923076923077,0,-400,10000.444444444445,10000.466666666667
10000,10001,400,500,-0.1111111111111111,0.1076923076923077,0,-400,10000.444444444445,10000.466666666667
10000,10001,400,500,-0.1111111111111111,0.1076923076923077,0,-400,10000.444444444445,10000.466666666667
10000,10001,400,500,-0.1111111111111111,0.1076923076923077,0,-400,10000.444444444445,10000.466666666667
10000,10001,400,500,-0.1111111111111111,0.1076923076923077,0,-400,10000.444444444445,10000.466666666667
10000,10001,400,500,-0.1111111111111111,0.1076923076923077,0,-400,10000.444444444445,10000.466666666667
10000,10001,400,500,-0.1111111111111111,0.1076923076923077,0,-400,10000.444444444445,10000.466666666667
10000,10001,400,500,-0.1111111111111111,0.1076923076923077,0,-400,10000.444444444445,10000.466666666667
10000,10001,400,500,-0.1111111111111111,0.1076923076923077,0,-400,10000.444444444445,10000.466666666667
10000,10001,400,500,-0.1111111111111111,0.07462686567164178,0,-400,10000.444444444445,10000.466666666667
10000,10001,600,500,0.09090909090909091,0.10144927536231885,200,-200,10000.545454545454,10000.533333333333
10000,10001,600,500,0.09090909090909091,0.10144927536231885,0,-200,10000.545454545454,10000.533333333333
10000,10001,900,500,0.2857142857142857,0.1388888888888889,300,100,10000.642857142857,10000.6
10000,10001,900,500,0.2857142857142857,0.09333333333333334,0,100,10000.642857142857,10000.6
10000,10001,900,500,0.2857142857142857,0.10526315789473684,0,100,10000.642857142857,10000.6
10000,10001,900,500,0.2857142857142857,0.10526315789473684,0,100,10000.642857142857,10000.6
10000,10001,900,1000,-0.05263157894736842,0.037037037037037035,-500,-400,10000.473684210527,10000.466666666667
10000,10001,900,1000,-0.05263157894736842,0.024390243902439025,0,-400,10000.473684210527,10000.466666666667
10000,10001,900,1000,-0.05263157894736842,0.024390243902439025,0,-400,10000.473684210527,10000.466666666667
10000,10001,900,1000,-0.05263157894736842,0.012048192771084338,0,-400,10000.473684210527,10000.466666666667
10000,10001,1000,1000,0.0,0.023809523809523808,100,-300,10000.5,10000.533333333333
10000,10001,1100,1000,0.047619047619047616,0.03529411764705882,100,-200,10000.52380952381,10000.533333333333
10000,10001,1100,1000,0.047619047619047616,0.03529411764705882,0,-200,10000.52380952381,10000.533333333333
10000,10001,1100,1200,-0.043478260869565216,0.011494252873563218,-200,-400,10000.478260869566,10000.466666666667
10000,10001,1100,1200,-0.043478260869565216,0.011494252873563218,0,-400,10000.478260869566,10000.466666666667
10000,10001,1100,1200,-0.043478260869565216,0.011494252873563218,0,-400,10000.478260869566,10000.466666666667
10000,10001,1200,1200,0.0,0.022727272727272728,100,-300,10000.5,10000.533333333333
10000,10001,1200,1200,0.0,0.022727272727272728,0,-300,10000.5,10000.533333333333
10000,10001,1200,1200,0.0,-0.01098901098901099,0,-300,10000.5,10000.533333333333
10000,10001,1200,1200,0.0,0.0,0,-300,10000.5,10000.533333333333
10000,10001,1200,1200,0.0,-0.02127659574468085,0,-300,10000.5,10000.533333333333
10000,10001,1200,1200,0.0,-0.02127659574468085,0,-300,10000.5,10000.533333333333
10000,10001,1200,1200,0.0,-0.02127659574468085,0,-300,10000.5,10000.533333333333
10000,10001,1200,1200,0.0,-0.031578947368421054,0,-300,10000.5,10000.533333333333
10000,10001,1200,1200,0.0,-0.041666666666666664,0,-300,10000.5,10000.533333333333
10000,10001,1200,1200,0.0,-0.030927835051546393,0,-300,10000.5,10000.533333333333
10000,10001,1200,1200,0.0,-0.010101010101010102,0,-300,10000.5,10000.533333333333
10000,10001,1200,1200,0.0,0.0196078431372549,0,-300,10000.5,10000.533333333333
10000,10001,1200,1200,0.0,0.0196078431372549,0,-300,10000.5,10000.533333333333
10000,10001,1200,1200,0.0,0.0196078431372549,0,-300,10000.5,10000.533333333333
10000,10001,1200,1200,0.0,0.0196078431372549,0,-300,10000.5,10000.533333333333
10000,10001,1200,1200,0.0,0.0196078431372549,0,-300,10000.5,10000.533333333333
10000,10001,1200,1200,0.0,0.0196078431372549,0,-300,10000.5,10000.533333333333
10000,10001,1200,1200,0.0,0.04,0,-300,10000.5,10000.533333333333
10000,10001,1300,1200,0.04,0.04950495049504951,100,-200,10000.52,10000.533333333333
10000,10001,1300,1200,0.04,0.04950495049504951,0,-200,10000.52,10000.533333333333
10000,10001,1300,1200,0.04,0.06796116504854369,0,-200,10000.52,10000.533333333333
10000,10001,1300,1200,0.04,0.06796116504854369,0,-200,10000.52,10000.533333333333
10000,10001,1300,1200,0.04,0.0784313725490196,0,-200,10000.52,10000.533333333333
10000,10001,1300,1200,0.04,0.057692307692307696,0,-200,10000.52,10000.533333333333
10000,10001,1300,1300,0.0,0.047619047619047616,-100,-300,10000.5,10000.533333333333
10000,10001,1300,1300,0.0,0.03773584905660377,0,-300,10000.5,10000.533333333333
10000,10001,1300,1300,0.0,0.02857142857142857,0,-300,10000.5,10000.533333333333
10000,10001,1300,1300,0.0,0.02857142857142857,0,-300,10000.5,10000.533333333333
10000,10001,1400,1300,0.037037037037037035,0.03773584905660377,100,-200,10000.518518518518,10000.533333333333
10000,10001,1500,1300,0.07142857142857142,0.04672897196261682,100,-100,10000.535714285714,10000.533333333333
10000,10001,1500,1300,0.07142857142857142,0.04672897196261682,0,-100,10000.535714285714,10000.533333333333
10000,10001,1400,1300,0.037037037037037035,0.03773584905660377,-100,-200,10000.518518518518,10000.533333333333
10000,10001,1400,1300,0.037037037037037035,0.028037383177570093,0,-200,10000.518518518518,10000.533333333333
10000,10001,1400,1300,0.037037037037037035,0.045871559633027525,0,-200,10000.518518518518,10000.533333333333
10000,10001,1400,1300,0.037037037037037035,0.045871559633027525,0,-200,10000.518518518518,10000.533333333333
10000,10001,1400,1300,0.037037037037037035,0.045871559633027525,0,-200,10000.518518518518,10000.533333333333
10000,10001,1400,1300,0.037037037037037035,0.07547169811320754,0,-200,10000.518518518518,10000.533333333333
10000,10001,1400,1300,0.037037037037037035,0.05555555555555555,0,-200,10000.518518518518,10000.533333333333
10000,10001,1400,1300,0.037037037037037035,0.07547169811320754,0,-200,10000.518518518518,10000.533333333333
10000,10001,1400,1300,0.037037037037037035,0.07547169811320754,0,-200,10000.518518518518,10000.533333333333
10000,10001,1500,1300,0.07142857142857142,0.08411214953271028,100,-100,10000.535714285714,10000.533333333333
10000,10001,1500,1300,0.07142857142857142,0.07407407407407407,0,-100,10000.535714285714,10000.533333333333
10000,10001,1500,1300,0.07142857142857142,0.0990990990990991,0,-100,10000.535714285714,10000.533333333333
10000,10001,1500,1300,0.07142857142857142,0.10909090909090909,0,-100,10000.535714285714,10000.533333333333
10000,10001,1500,1300,0.07142857142857142,0.10909090909090909,0,-100,10000.535714285714,10000.533333333333
10000,10001,1500,1300,0.07142857142857142,0.10909090909090909,0,-100,10000.535714285714,10000.533333333333
10000,10001,1500,1300,0.07142857142857142,0.0990990990990991,0,-100,10000.535714285714,10000.533333333333
10000,10001,1500,1300,0.07142857142857142,0.0990990990990991,0,-100,10000.535714285714,10000.533333333333
10000,10001,1500,1300,0.07142857142857142,0.08928571428571429,0,-100,10000.535714285714,10000.533333333333
10000,10001,1500,1300,0.07142857142857142,0.08928571428571429,0,-100,10000.535714285714,10000.533333333333
10000,10001,1500,1300,0.07142857142857142,0.05555555555555555,0,-100,10000.535714285714,10000.533333333333
10000,10001,1600,1300,0.10344827586206896,0.06422018348623854,100,0,10000.551724137931,10000.533333333333
10000,10001,1600,1300,0.10344827586206896,0.06422018348623854,0,0,10000.551724137931,10000.533333333333
10000,10001,1600,1300,0.10344827586206896,0.05454545454545454,0,0,10000.551724137931,10000.533333333333
10000,10001,1600,1300,0.10344827586206896,0.05454545454545454,0,0,10000.551724137931,10000.533333333333
10000,10001,1600,1300,0.10344827586206896,0.06306306306306306,0,0,10000.551724137931,10000.533333333333
10000,10001,1600,1300,0.10344827586206896,0.07142857142857142,0,0,10000.551724137931,10000.533333333333
10000,10001,1600,1300,0.10344827586206896,0.07142857142857142,0,0,10000.551724137931,10000.533333333333
10000,10001,1600,1300,0.10344827586206896,0.10091743119266056,0,0,10000.551724137931,10000.533333333333
10000,10001,1600,1300,0.10344827586206896,0.10909090909090909,0,0,10000.551724137931,10000.533333333333
10000,10001,1600,1300,0.10344827586206896,0.13274336283185842,0,0,10000.551724137931,10000.533333333333
10000,10001,1400,1300,0.037037037037037035,0.11711711711711711,-200,-200,10000.518518518518,10000.533333333333
10000,10001,1400,1300,0.037037037037037035,0.11711711711711711,0,-200,10000.518518518518,10000.533333333333
10000,10001,1400,1300,0.037037037037037035,0.11711711711711711,0,-200,10000.518518518518,10000.533333333333
10000,10001,1400,1300,0.037037037037037035,0.09259259259259259,0,-200,10000.518518518518,10000.533333333333
10000,10001,1400,1300,0.037037037037037035,0.07272727272727272,0,-200,10000.518518518518,10000.533333333333
10000,10001,1400,1300,0.037037037037037035,0.08256880733944955,0,-200,10000.518518518518,10000.533333333333
10000,10001,1400,1300,0.037037037037037035,0.07272727272727272,0,-200,10000.518518518518,10000.533333333333
10000,10001,1400,1300,0.037037037037037035,0.07272727272727272,0,-200,10000.518518518518,10000.533333333333
10000,10001,1400,1300,0.037037037037037035,0.07272727272727272,0,-200,10000.518518518518,10000.533333333333
10000,10001,1400,1300,0.037037037037037035,0.06306306306306306,0,-200,10000.518518518518,10000.533333333333
10000,10001,1400,1300,0.037037037037037035,0.07142857142857142,0,-200,10000.518518518518,10000.533333333333
10000,10001,1400,1300,0.037037037037037035,0.07142857142857142,0,-200,10000.518518518518,10000.533333333333
10000,10001,1400,1000,0.16666666666666666,0.10091743119266056,300,100,10000.583333333334,10000.533333333333
10000,10001,1400,1200,0.07692307692307693,0.08108108108108109,-200,-100,10000.538461538461,10000.533333333333
10000,10001,1400,1200,0.07692307692307693,0.08108108108108109,0,-100,10000.538461538461,10000.533333333333
10000,10001,1400,1200,0.07692307692307693,0.05555555555555555,0,-100,10000.538461538461,10000.533333333333
10000,10001,1400,1200,0.07692307692307693,0.03636363636363636,0,-100,10000.538461538461,10000.533333333333
10000,10001,1400,1200,0.07692307692307693,0.05357142857142857,0,-100,10000.538461538461,10000.533333333333
10000,10001,1400,1200,0.07692307692307693,0.03508771929824561,0,-100,10000.538461538461,10000.533333333333
10000,10001,1400,1200,0.07692307692307693,0.03508771929824561,0,-100,10000.538461538461,10000.533333333333
10000,10001,1400,1200,0.07692307692307693,0.04424778761061947,0,-100,10000.538461538461,10000.533333333333
10000,10001,1400,1200,0.07692307692307693,0.02608695652173913,0,-100,10000.538461538461,10000.533333333333
10000,10001,1400,1200,0.07692307692307693,0.017241379310344827,0,-100,10000.538461538461,10000.533333333333
10000,10001,1400,1200,0.07692307692307693,0.008547008547008548,0,-100,10000.538461538461,10000.533333333333
10000,10001,1400,1200,0.07692307692307693,0.008547008547008548,0,-100,10000.538461538461,10000.533333333333
10000,10001,1400,1000,0.16666666666666666,0.02608695652173913,200,100,10000.583333333334,10000.533333333333
10000,10001,1400,1000,0.16666666666666666,0.008547008547008548,0,100,10000.583333333334,10000.533333333333
10000,10001,1400,1000,0.16666666666666666,0.008547008547008548,0,100,10000.583333333334,10000.533333333333
10000,10001,1300,1000,0.13043478260869565,0.0,-100,0,10000.565217391304,10000.533333333333
10000,10001,1300,1000,0.13043478260869565,0.0,0,0,10000.565217391304,10000.533333333333
10000,10001,1700,1000,0.25925925925925924,0.03333333333333333,400,400,10000.62962962963,10000.6
10000,10001,1700,1000,0.25925925925925924,0.03333333333333333,0,400,10000.62962962963,10000.6
10000,10001,1700,1000,0.25925925925925924,0.025210084033613446,0,400,10000.62962962963,10000.6
10000,10001,1900,1000,0.3103448275862069,0.04132231404958678,200,600,10000.655172413793,10000.6
10000,10001,1900,1000,0.3103448275862069,0.03278688524590164,0,600,10000.655172413793,10000.6
10000,10001,1900,1000,0.3103448275862069,0.024390243902439025,0,600,10000.655172413793,10000.6
10000,10001,1900,1000,0.3103448275862069,0.024390243902439025,0,600,10000.655172413793,10000.6
10000,10001,1900,1000,0.3103448275862069,0.024390243902439025,0,600,10000.655172413793,10000.6
10000,10001,1900,1000,0.3103448275862069,0.04,0,600,10000.655172413793,10000.6
10000,10001,1900,1000,0.3103448275862069,0.04,0,600,10000.655172413793,10000.6
10000,10001,1800,1000,0.2857142857142857,0.03225806451612903,-100,500,10000.642857142857,10000.6
10000,10001,1800,1000,0.2857142857142857,0.024,0,500,10000.642857142857,10000.6
10000,10001,1800,1000,0.2857142857142857,0.031746031746031744,0,500,10000.642857142857,10000.6
10000,10001,1800,1000,0.2857142857142857,0.05426356589147287,0,500,10000.642857142857,10000.6
10000,10001,1800,1000,0.2857142857142857,0.0625,0,500,10000.642857142857,10000.6
10000,10001,1800,1000,0.2857142857142857,0.0625,0,500,10000.642857142857,10000.6
10000,10001,1800,1000,0.2857142857142857,0.05426356589147287,0,500,10000.642857142857,10000.6
10000,10001,1800,1000,0.2857142857142857,0.06153846153846154,0,500,10000.642857142857,10000.6
10000,10001,1800,1000,0.2857142857142857,0.06153846153846154,0,500,10000.642857142857,10000.6
10000,10001,1800,1000,0.2857142857142857,0.06153846153846154,0,500,10000.642857142857,10000.6
10000,10001,1600,1000,0.23076923076923078,0.046875,-200,300,10000.615384615385,10000.6
10000,10001,1600,1000,0.23076923076923078,0.03076923076923077,0,300,10000.615384615385,10000.6
10000,10001,1600,1500,0.03225806451612903,-0.007407407407407408,-500,-200,10000.516129032258,10000.533333333333
10000,10001,1300,1500,-0.07142857142857142,-0.030303030303030304,-300,-500,10000.464285714286,10000.466666666667
10000,10001,1300,1500,-0.07142857142857142,-0.05185185185185185,0,-500,10000.464285714286,10000.466666666667
10000,10001,1600,1500,0.03225806451612903,-0.028985507246376812,300,-200,10000.516129032258,10000.533333333333
10000,10001,2000,1500,0.14285714285714285,0.0,400,200,10000.57142857143,10000.533333333333
10000,10001,2000,1500,0.14285714285714285,0.006993006993006993,0,200,10000.57142857143,10000.533333333333
10000,10001,2000,1500,0.14285714285714285,-0.046357615894039736,0,200,10000.57142857143,10000.533333333333
10000,10001,2000,1500,0.14285714285714285,-0.046357615894039736,0,200,10000.57142857143,10000.533333333333
10000,10001,2000,1400,0.17647058823529413,-0.04,100,300,10000.588235294117,10000.533333333333
10000,10001,2000,1400,0.17647058823529413,-0.03355704697986577,0,300,10000.588235294117,10000.533333333333
10000,10001,2000,1400,0.17647058823529413,-0.03355704697986577,0,300,10000.588235294117,10000.533333333333
10000,10001,2200,1400,0.2222222222222222,-0.019867549668874173,200,500,10000.611111111111,10000.6
10000,10001,2200,1400,0.2222222222222222,-0.019867549668874173,0,500,10000.611111111111,10000.6
10000,10001,2200,1400,0.2222222222222222,-0.03896103896103896,0,500,10000.611111111111,10000.6
10000,10001,2200,1400,0.2222222222222222,-0.05128205128205128,0,500,10000.611111111111,10000.6
10000,10001,2200,1400,0.2222222222222222,-0.05732484076433121,0,500,10000.611111111111,10000.6
10000,10001,2200,1400,0.2222222222222222,-0.05732484076433121,0,500,10000.611111111111,10000.6
10000,10001,2200,1500,0.1891891891891892,-0.06329113924050633,-100,400,10000.594594594595,10000.533333333333
10000,10001,2200,1500,0.1891891891891892,-0.05128205128205128,0,400,10000.594594594595,10000.533333333333
10000,10001,2200,1600,0.15789473684210525,-0.05732484076433121,-100,300,10000.578947368422,10000.533333333333
10000,10001,2200,1600,0.15789473684210525,-0.05063291139240506,0,300,10000.578947368422,10000.533333333333
10000,10001,2200,1600,0.15789473684210525,-0.05660377358490566,0,300,10000.578947368422,10000.533333333333
10000,10001,2200,1600,0.15789473684210525,-0.06832298136645963,0,300,10000.578947368422,10000.533333333333
10000,10001,2200,1600,0.15789473684210525,-0.06832298136645963,0,300,10000.578947368422,10000.533333333333
10000,10001,2200,1600,0.15789473684210525,-0.05660377358490566,0,300,10000.578947368422,10000.533333333333
10000,10001,2200,1600,0.15789473684210525,-0.044585987261146494,0,300,10000.578947368422,10000.533333333333
10000,10001,2200,1600,0.15789473684210525,-0.0379746835443038,0,300,10000.578947368422,10000.533333333333
10000,10001,2200,1600,0.15789473684210525,-0.02564102564102564,0,300,10000.578947368422,10000.533333333333
10000,10001,2200,1600,0.15789473684210525,-0.012658227848101266,0,300,10000.578947368422,10000.533333333333
10000,10001,2200,1100,0.3333333333333333,0.0196078431372549,500,800,10000.666666666666,10000.6
10000,10001,2200,1100,0.3333333333333333,0.03225806451612903,0,800,10000.666666666666,10000.6
10000,10001,2200,1000,0.375,0.03896103896103896,100,900,10000.6875,10000.6
10000,10001,2200,1000,0.375,0.03896103896103896,0,900,10000.6875,10000.6
10000,10001,2200,1000,0.375,0.032679738562091505,0,900,10000.6875,10000.6
10000,10001,2200,1000,0.375,0.04516129032258064,0,900,10000.6875,10000.6
10000,10001,2200,1000,0.375,0.03184713375796178,0,900,10000.6875,10000.6
10000,10001,2200,1000,0.375,0.038461538461538464,0,900,10000.6875,10000.6
10000,10001,2200,1000,0.375,0.038461538461538464,0,900,10000.6875,10000.6
10000,10001,2200,1000,0.375,0.02531645569620253,0,900,10000.6875,10000.6
10000,10001,2200,1000,0.375,0.02531645569620253,0,900,10000.6875,10000.6
10000,10001,2200,1000,0.375,0.031446540880503145,0,900,10000.6875,10000.6
10000,10001,2200,1000,0.375,0.031446540880503145,0,900,10000.6875,10000.6
10000,10001,2200,1000,0.375,0.044585987261146494,0,900,10000.6875,10000.6
10000,10001,2200,1000,0.375,0.044585987261146494,0,900,10000.6875,10000.6
10000,10001,2200,1000,0.375,0.05806451612903226,0,900,10000.6875,10000.6
10000,10001,2200,900,0.41935483870967744,0.06493506493506493,100,1000,10000.709677419354,10000.666666666666
10000,10001,2600,900,0.4857142857142857,0.08860759493670886,400,1400,10000.742857142857,10000.666666666666
10000,10001,2600,900,0.4857142857142857,0.08860759493670886,0,1400,10000.742857142857,10000.666666666666
10000,10001,2600,900,0.4857142857142857,0.08860759493670886,0,1400,10000.742857142857,10000.666666666666
10000,10001,2600,400,0.7333333333333333,0.12418300653594772,500,1900,10000.866666666667,10000.733333333334
10000,10001,2600,400,0.7333333333333333,0.12418300653594772,0,1900,10000.866666666667,10000.733333333334
10000,10001,2600,400,0.7333333333333333,0.12418300653594772,0,1900,10000.866666666667,10000.733333333334
10000,10001,3200,400,0.7777777777777778,0.15723270440251572,600,2500,10000.888888888889,10000.733333333334
10000,10001,3200,300,0.8285714285714286,0.16455696202531644,100,2600,10000.914285714285,10000.8
10000,10001,3200,100,0.9393939393939394,0.1794871794871795,200,2800,10000.969696969696,10000.8
10000,10001,3200,100,0.9393939393939394,0.16455696202531644,0,2800,10000.969696969696,10000.8
10000,10001,3200,100,0.9393939393939394,0.1794871794871795,0,2800,10000.969696969696,10000.8
10000,10001,3200,100,0.9393939393939394,0.189873417721519,0,2800,10000.969696969696,10000.8
10000,10001,3200,100,0.9393939393939394,0.189873417721519,0,2800,10000.969696969696,10000.8
10000,10001,3200,100,0.9393939393939394,0.19745222929936307,0,2800,10000.969696969696,10000.8
10000,10001,3200,200,0.8823529411764706,0.189873417721519,-100,2700,10000.941176470587,10000.8
10000,10001,3200,200,0.8823529411764706,0.20512820512820512,0,2700,10000.941176470587,10000.8
10000,10001,3200,200,0.8823529411764706,0.20512820512820512,0,2700,10000.941176470587,10000.8
10000,10001,3200,200,0.8823529411764706,0.2129032258064516,0,2700,10000.941176470587,10000.8
10000,10001,3200,200,0.8823529411764706,0.20512820512820512,0,2700,10000.941176470587,10000.8
10000,10001,3200,100,0.9393939393939394,0.2129032258064516,100,2800,10000.969696969696,10000.8
10000,10001,3200,100,0.9393939393939394,0.2375,0,2800,10000.969696969696,10000.8
10000,10001,3200,100,0.9393939393939394,0.29411764705882354,0,2800,10000.969696969696,10000.8
10000,10001,3200,200,0.8823529411764706,0.2857142857142857,-100,2700,10000.941176470587,10000.8
10000,10001,3200,200,0.8823529411764706,0.2857142857142857,0,2700,10000.941176470587,10000.8
10000,10001,3200,100,0.9393939393939394,0.29411764705882354,100,2800,10000.969696969696,10000.8
10000,10001,3200,500,0.7297297297297297,0.2611464968152866,-400,2400,10000.864864864865,10000.733333333334
10000,10001,3200,500,0.7297297297297297,0.2611464968152866,0,2400,10000.864864864865,10000.733333333334
10000,10001,3300,500,0.7368421052631579,0.26582278481012656,100,2500,10000.868421052632,10000.733333333334
10000,10001,3300,500,0.7368421052631579,0.2422360248447205,0,2500,10000.868421052632,10000.733333333334
10000,10001,3300,500,0.7368421052631579,0.24691358024691357,0,2500,10000.868421052632,10000.733333333334
10000,10001,3300,500,0.7368421052631579,0.22424242424242424,0,2500,10000.868421052632,10000.733333333334
10000,10001,3300,400,0.7837837837837838,0.23170731707317074,100,2600,10000.891891891892,10000.733333333334
10000,10001,3300,400,0.7837837837837838,0.23170731707317074,0,2600,10000.891891891892,10000.733333333334
10000,10001,3300,400,0.7837837837837838,0.23170731707317074,0,2600,10000.891891891892,10000.733333333334
10000,10001,3400,400,0.7894736842105263,0.23636363636363636,100,2700,10000.894736842105,10000.733333333334
10000,10001,3400,400,0.7894736842105263,0.23636363636363636,0,2700,10000.894736842105,10000.733333333334
10000,10001,3400,400,0.7894736842105263,0.23636363636363636,0,2700,10000.894736842105,10000.733333333334
10000,10001,3400,400,0.7894736842105263,0.20710059171597633,0,2700,10000.894736842105,10000.733333333334
10000,10002,3400,900,0.5813953488372093,0.05154639175257732,400,3100,10001.581395348838,10001.0
10000,10002,3400,900,0.5813953488372093,0.05154639175257732,0,3100,10001.581395348838,10001.0
10000,10002,3400,900,0.5813953488372093,0.05154639175257732,0,3100,10001.581395348838,10001.0
10000,10002,3400,900,0.5813953488372093,0.05154639175257732,0,3100,10001.581395348838,10001.0
10000,10002,3400,900,0.5813953488372093,0.046153846153846156,0,3100,10001.581395348838,10001.0
10000,10002,3400,900,0.5813953488372093,0.046153846153846156,0,3100,10001.581395348838,10001.0
10000,10002,3400,1000,0.5454545454545454,0.04081632653061224,-100,3000,10001.545454545454,10001.0
10000,10002,3300,1000,0.5348837209302325,0.035897435897435895,-100,2900,10001.53488372093,10001.0
10000,10002,3300,1000,0.5348837209302325,0.035897435897435895,0,2900,10001.53488372093,10001.0
10000,10002,3300,900,0.5714285714285714,0.041237113402061855,100,3000,10001.57142857143,10001.0
10000,10002,3300,800,0.6097560975609756,0.046632124352331605,100,3100,10001.609756097561,10001.0
10000,10002,3300,800,0.6097560975609756,0.05154639175257732,0,3100,10001.609756097561,10001.0
10000,10002,3300,800,0.6097560975609756,0.02512562814070352,0,3100,10001.609756097561,10001.0
10000,10002,3300,800,0.6097560975609756,0.02512562814070352,0,3100,10001.609756097561,10001.0
10000,10002,3300,800,0.6097560975609756,0.02512562814070352,0,3100,10001.609756097561,10001.0
10000,10002,3300,700,0.65,0.030303030303030304,100,3200,10001.65,10001.0
10000,10002,3300,700,0.65,0.025380710659898477,0,3200,10001.65,10001.0
10000,10002,3300,700,0.65,0.01,0,3200,10001.65,10001.0
10000,10002,3300,700,0.65,0.005025125628140704,0,3200,10001.65,10001.0
10000,10002,3300,700,0.65,0.005025125628140704,0,3200,10001.65,10001.0
10000,10002,3300,700,0.65,0.005025125628140704,0,3200,10001.65,10001.0
10001,10002,200,700,-0.5555555555555556,-0.07608695652173914,200,3400,10001.222222222223,10001.333333333334
10001,10002,200,700,-0.5555555555555556,-0.08602150537634409,0,3400,10001.222222222223,10001.333333333334
10001,10002,200,700,-0.5555555555555556,-0.08108108108108109,0,3400,10001.222222222223,10001.333333333334
10001,10002,200,700,-0.5555555555555556,-0.08108108108108109,0,3400,10001.222222222223,10001.333333333334
10001,10002,200,700,-0.5555555555555556,-0.08108108108108109,0,3400,10001.222222222223,10001.333333333334
10001,10002,200,700,-0.5555555555555556,-0.10497237569060773,0,3400,10001.222222222223,10001.333333333334
10001,10002,200,700,-0.5555555555555556,-0.10497237569060773,0,3400,10001.222222222223,10001.333333333334
10001,10002,200,700,-0.5555555555555556,-0.11475409836065574,0,3400,10001.222222222223,10001.333333333334
10001,10002,400,700,-0.2727272727272727,-0.10270270270270271,200,3600,10001.363636363636,10001.4
10001,10002,400,900,-0.38461538461538464,-0.11229946524064172,-200,3400,10001.307692307691,10001.4
10001,10002,400,900,-0.38461538461538464,-0.11229946524064172,0,3400,10001.307692307691,10001.4
10001,10002,400,800,-0.3333333333333333,-0.10752688172043011,100,3500,10001.333333333334,10001.4
10001,10002,400,800,-0.3333333333333333,-0.10160427807486631,0,3500,10001.333333333334,10001.4
10001,10002,400,800,-0.3333333333333333,-0.10160427807486631,0,3500,10001.333333333334,10001.4
10001,10002,400,800,-0.3333333333333333,-0.0967741935483871,0,3500,10001.333333333334,10001.4
10001,10002,400,800,-0.3333333333333333,-0.0851063829787234,0,3500,10001.333333333334,10001.4
10001,10002,400,800,-0.3333333333333333,-0.07936507936507936,0,3500,10001.333333333334,10001.4
10001,10002,400,800,-0.3333333333333333,-0.07936507936507936,0,3500,10001.333333333334,10001.4
10001,10002,400,800,-0.3333333333333333,-0.0851063829787234,0,3500,10001.333333333334,10001.4
10001,10002,400,800,-0.3333333333333333,-0.0851063829787234,0,3500,10001.333333333334,10001.4
10001,10002,400,800,-0.3333333333333333,-0.09947643979057591,0,3500,10001.333333333334,10001.4
10001,10002,400,800,-0.3333333333333333,-0.08994708994708994,0,3500,10001.333333333334,10001.4
10001,10002,400,1300,-0.5294117647058824,-0.1134020618556701,-500,3000,10001.235294117647,10001.333333333334
10001,10002,400,1300,-0.5294117647058824,-0.1134020618556701,0,3000,10001.235294117647,10001.333333333334
10001,10002,400,1500,-0.5789473684210527,-0.12244897959183673,-200,2800,10001.21052631579,10001.333333333334
10001,10002,400,1000,-0.42857142857142855,-0.09947643979057591,500,3300,10001.285714285714,10001.333333333334
10001,10002,400,1000,-0.42857142857142855,-0.09947643979057591,0,3300,10001.285714285714,10001.333333333334
10001,10002,400,1000,-0.42857142857142855,-0.09947643979057591,0,3300,10001.285714285714,10001.333333333334
10001,10002,400,1000,-0.42857142857142855,-0.09473684210526316,0,3300,10001.285714285714,10001.333333333334
10001,10002,400,800,-0.3333333333333333,-0.0851063829787234,200,3500,10001.333333333334,10001.4
10001,10002,400,800,-0.3333333333333333,-0.0851063829787234,0,3500,10001.333333333334,10001.4
10001,10002,400,800,-0.3333333333333333,-0.0851063829787234,0,3500,10001.333333333334,10001.4
10001,10002,400,800,-0.3333333333333333,-0.09090909090909091,0,3500,10001.333333333334,10001.4
10001,10002,400,800,-0.3333333333333333,-0.09090909090909091,0,3500,10001.333333333334,10001.4
10001,10002,400,800,-0.3333333333333333,-0.09090909090909091,0,3500,10001.333333333334,10001.4
10001,10002,400,800,-0.3333333333333333,-0.09090909090909091,0,3500,10001.333333333334,10001.4
10001,10002,400,800,-0.3333333333333333,-0.06806282722513089,0,3500,10001.333333333334,10001.4
10001,10002,400,800,-0.3333333333333333,-0.06806282722513089,0,3500,10001.333333333334,10001.4
10001,10002,400,400,0.0,-0.0481283422459893,400,3900,10001.5,10001.533333333333
10001,10002,400,400,0.0,-0.0481283422459893,0,3900,10001.5,10001.533333333333
10001,10002,400,400,0.0,-0.0425531914893617,0,3900,10001.5,10001.533333333333
10001,10002,400,400,0.0,-0.053763440860215055,0,3900,10001.5,10001.533333333333
10001,10002,400,400,0.0,-0.05945945945945946,0,3900,10001.5,10001.533333333333
10001,10002,400,400,0.0,-0.06951871657754011,0,3900,10001.5,10001.533333333333
10001,10002,600,400,0.2,-0.0582010582010582,200,4100,10001.6,10001.6
10001,10002,600,400,0.2,-0.06382978723404255,0,4100,10001.6,10001.6
10001,10002,600,400,0.2,-0.058823529411764705,0,4100,10001.6,10001.6
10001,10002,600,400,0.2,-0.06878306878306878,0,4100,10001.6,10001.6
10001,10002,600,400,0.2,-0.06878306878306878,0,4100,10001.6,10001.6
10001,10002,600,400,0.2,-0.06878306878306878,0,4100,10001.6,10001.6
10001,10002,600,400,0.2,-0.06878306878306878,0,4100,10001.6,10001.6
10001,10002,600,600,0.0,-0.07853403141361257,-200,3900,10001.5,10001.533333333333
10001,10002,600,800,-0.14285714285714285,-0.08808290155440414,-200,3700,10001.42857142857,10001.466666666667
10001,10002,600,800,-0.14285714285714285,-0.09278350515463918,0,3700,10001.42857142857,10001.466666666667
10001,10002,600,800,-0.14285714285714285,-0.07853403141361257,0,3700,10001.42857142857,10001.466666666667
10001,10002,600,800,-0.14285714285714285,-0.07853403141361257,0,3700,10001.42857142857,10001.466666666667
10001,10002,400,800,-0.3333333333333333,-0.08994708994708994,-200,3500,10001.333333333334,10001.4
10001,10002,200,800,-0.6,-0.10160427807486631,-200,3300,10001.2,10001.333333333334
10001,10002,200,600,-0.5,-0.0918918918918919,200,3500,10001.25,10001.333333333334
10001,10002,200,600,-0.5,-0.0918918918918919,0,3500,10001.25,10001.333333333334
10001,10002,200,600,-0.5,-0.08021390374331551,0,3500,10001.25,10001.333333333334
10001,10002,300,600,-0.3333333333333333,-0.07446808510638298,100,3600,10001.333333333334,10001.4
10001,10002,300,400,-0.14285714285714285,-0.06451612903225806,200,3800,10001.42857142857,10001.466666666667
10001,10002,300,500,-0.25,-0.06951871657754011,-100,3700,10001.375,10001.4
10001,10002,300,500,-0.25,-0.06951871657754011,0,3700,10001.375,10001.4
10001,10002,300,400,-0.14285714285714285,-0.06451612903225806,100,3800,10001.42857142857,10001.466666666667
10001,10002,300,300,0.0,-0.05945945945945946,100,3900,10001.5,10001.533333333333
10001,10002,400,300,0.14285714285714285,-0.053763440860215055,100,4000,10001.57142857143,10001.533333333333
10001,10002,400,300,0.14285714285714285,-0.0425531914893617,0,4000,10001.57142857143,10001.533333333333
10001,10002,400,300,0.14285714285714285,-0.06521739130434782,0,4000,10001.57142857143,10001.533333333333
10001,10002,400,300,0.14285714285714285,-0.0851063829787234,0,4000,10001.57142857143,10001.533333333333
10001,10002,400,300,0.14285714285714285,-0.09090909090909091,0,4000,10001.57142857143,10001.533333333333
10001,10002,400,300,0.14285714285714285,-0.12087912087912088,0,4000,10001.57142857143,10001.533333333333
10001,10002,400,300,0.14285714285714285,-0.13966480446927373,0,4000,10001.57142857143,10001.533333333333
10001,10002,400,300,0.14285714285714285,-0.13966480446927373,0,4000,10001.57142857143,10001.533333333333
10001,10002,400,300,0.14285714285714285,-0.13966480446927373,0,4000,10001.57142857143,10001.533333333333
10001,10002,400,300,0.14285714285714285,-0.14444444444444443,0,4000,10001.57142857143,10001.533333333333
10001,10002,400,700,-0.2727272727272727,-0.16304347826086957,-400,3600,10001.363636363636,10001.4
10001,10002,400,700,-0.2727272727272727,-0.18232044198895028,0,3600,10001.363636363636,10001.4
10001,10002,400,700,-0.2727272727272727,-0.16304347826086957,0,3600,10001.363636363636,10001.4
10001,10002,400,700,-0.2727272727272727,-0.16304347826086957,0,3600,10001.363636363636,10001.4
10001,10002,400,700,-0.2727272727272727,-0.15675675675675677,0,3600,10001.363636363636,10001.4
10001,10002,400,900,-0.38461538461538464,-0.1657754010695187,-200,3400,10001.307692307691,10001.4
10001,10002,400,900,-0.38461538461538464,-0.17204301075268819,0,3400,10001.307692307691,10001.4
10001,10002,400,900,-0.38461538461538464,-0.1912568306010929,0,3400,10001.307692307691,10001.4
10001,10002,500,900,-0.2857142857142857,-0.18478260869565216,100,3500,10001.357142857143,10001.4
10001,10002,600,900,-0.2,-0.1783783783783784,100,3600,10001.4,10001.466666666667
10001,10002,600,900,-0.2,-0.1783783783783784,0,3600,10001.4,10001.466666666667
10001,10002,600,900,-0.2,-0.18716577540106952,0,3600,10001.4,10001.466666666667
10001,10002,600,900,-0.2,-0.18085106382978725,0,3600,10001.4,10001.466666666667
10001,10002,600,900,-0.2,-0.16842105263157894,0,3600,10001.4,10001.466666666667
10001,10002,600,900,-0.2,-0.16842105263157894,0,3600,10001.4,10001.466666666667
10001,10002,600,900,-0.2,-0.16230366492146597,0,3600,10001.4,10001.466666666667
10001,10002,600,900,-0.2,-0.16842105263157894,0,3600,10001.4,10001.466666666667
10001,10002,600,900,-0.2,-0.17277486910994763,0,3600,10001.4,10001.466666666667
10001,10002,600,700,-0.07692307692307693,-0.164021164021164,200,3800,10001.461538461539,10001.466666666667
10001,10002,600,700,-0.07692307692307693,-0.164021164021164,0,3800,10001.461538461539,10001.466666666667
10001,10002,600,600,0.0,-0.1595744680851064,100,3900,10001.5,10001.533333333333
10001,10002,600,500,0.09090909090909091,-0.15508021390374332,100,4000,10001.545454545454,10001.533333333333
10001,10002,600,400,0.2,-0.15053763440860216,100,4100,10001.6,10001.6
10001,10002,600,400,0.2,-0.13829787234042554,0,4100,10001.6,10001.6
10001,10002,600,400,0.2,-0.08629441624365482,0,4100,10001.6,10001.6
10001,10002,600,400,0.2,-0.09743589743589744,0,4100,10001.6,10001.6
10001,10002,600,400,0.2,-0.09183673469387756,0,4100,10001.6,10001.6
10001,10002,600,400,0.2,-0.08717948717948718,0,4100,10001.6,10001.6
10001,10002,600,400,0.2,-0.07614213197969544,0,4100,10001.6,10001.6
10001,10002,600,400,0.2,-0.07614213197969544,0,4100,10001.6,10001.6
10001,10002,600,400,0.2,-0.07614213197969544,0,4100,10001.6,10001.6
10001,10002,600,400,0.2,-0.04433497536945813,0,4100,10001.6,10001.6
10001,10002,600,400,0.2,-0.04433497536945813,0,4100,10001.6,10001.6
10001,10002,600,400,0.2,-0.04433497536945813,0,4100,10001.6,10001.6
10001,10002,600,400,0.2,-0.02912621359223301,0,4100,10001.6,10001.6
10001,10002,600,400,0.2,-0.04433497536945813,0,4100,10001.6,10001.6
10001,10002,600,400,0.2,-0.0392156862745098,0,4100,10001.6,10001.6
10001,10002,600,400,0.2,-0.0392156862745098,0,4100,10001.6,10001.6
10001,10002,600,400,0.2,-0.04854368932038835,0,4100,10001.6,10001.6
10001,10002,600,400,0.2,-0.05314009661835749,0,4100,10001.6,10001.6
10001,10002,600,400,0.2,-0.04807692307692308,0,4100,10001.6,10001.6
10001,10002,800,400,0.3333333333333333,-0.0380952380952381,200,4300,10001.666666666666,10001.6
10001,10002,800,400,0.3333333333333333,-0.04265402843601896,0,4300,10001.666666666666,10001.6
10001,10003,800,3200,-0.6,-0.1440677966101695,400,4700,10001.4,10002.0
10002,10003,100,3200,-0.9393939393939394,-0.30434782608695654,100,4800,10002.030303030304,10002.2
10002,10003,100,3200,-0.9393939393939394,-0.30434782608695654,0,4800,10002.030303030304,10002.2
10002,10003,100,3200,-0.9393939393939394,-0.30434782608695654,0,4800,10002.030303030304,10002.2
10002,10003,100,3200,-0.9393939393939394,-0.2975609756097561,0,4800,10002.030303030304,10002.2
10002,10003,100,3300,-0.9411764705882353,-0.30097087378640774,-100,4700,10002.029411764706,10002.2
10002,10003,100,3300,-0.9411764705882353,-0.32673267326732675,0,4700,10002.029411764706,10002.2
10002,10003,100,3300,-0.9411764705882353,-0.3096446700507614,0,4700,10002.029411764706,10002.2
10002,10003,100,3300,-0.9411764705882353,-0.3165829145728643,0,4700,10002.029411764706,10002.2
10002,10003,100,3200,-0.9393939393939394,-0.31313131313131315,100,4800,10002.030303030304,10002.2
10002,10003,100,3200,-0.9393939393939394,-0.3065326633165829,0,4800,10002.030303030304,10002.2
10002,10003,100,3300,-0.9411764705882353,-0.31,-100,4700,10002.029411764706,10002.2
10002,10003,100,3300,-0.9411764705882353,-0.32019704433497537,0,4700,10002.029411764706,10002.2
10002,10003,100,3300,-0.9411764705882353,-0.32019704433497537,0,4700,10002.029411764706,10002.2
10002,10003,100,3200,-0.9393939393939394,-0.31683168316831684,100,4800,10002.030303030304,10002.2
10002,10003,100,3200,-0.9393939393939394,-0.31683168316831684,0,4800,10002.030303030304,10002.2
10002,10003,100,3200,-0.9393939393939394,-0.3300970873786408,0,4800,10002.030303030304,10002.2
10002,10003,200,3200,-0.8823529411764706,-0.32367149758454106,100,4900,10002.058823529413,10002.2
10002,10003,200,3200,-0.8823529411764706,-0.3300970873786408,0,4900,10002.058823529413,10002.2
10002,10003,200,3200,-0.8823529411764706,-0.3300970873786408,0,4900,10002.058823529413,10002.2
10002,10003,200,3200,-0.8823529411764706,-0.33658536585365856,0,4900,10002.058823529413,10002.2
10002,10003,200,3200,-0.8823529411764706,-0.33980582524271846,0,4900,10002.058823529413,10002.2
10002,10003,200,3200,-0.8823529411764706,-0.33980582524271846,0,4900,10002.058823529413,10002.2
10002,10003,200,3200,-0.8823529411764706,-0.33980582524271846,0,4900,10002.058823529413,10002.2
10002,10003,200,3200,-0.8823529411764706,-0.3333333333333333,0,4900,10002.058823529413,10002.2
10002,10003,200,3200,-0.8823529411764706,-0.3235294117647059,0,4900,10002.058823529413,10002.2
10002,10003,200,3200,-0.8823529411764706,-0.3235294117647059,0,4900,10002.058823529413,10002.2
10002,10003,200,3200,-0.8823529411764706,-0.3170731707317073,0,4900,10002.058823529413,10002.2
10002,10003,200,3200,-0.8823529411764706,-0.33014354066985646,0,4900,10002.058823529413,10002.2
10002,10003,200,3200,-0.8823529411764706,-0.32367149758454106,0,4900,10002.058823529413,10002.2
10002,10003,200,3200,-0.8823529411764706,-0.3269230769230769,0,4900,10002.058823529413,10002.2
10002,10003,200,3200,-0.8823529411764706,-0.3142857142857143,0,4900,10002.058823529413,10002.2
10002,10003,200,3200,-0.8823529411764706,-0.2897196261682243,0,4900,10002.058823529413,10002.2
10002,10003,200,3200,-0.8823529411764706,-0.2897196261682243,0,4900,10002.058823529413,10002.2
10002,10003,200,3200,-0.8823529411764706,-0.2837209302325581,0,4900,10002.058823529413,10002.2
10002,10003,200,3200,-0.8823529411764706,-0.28703703703703703,0,4900,10002.058823529413,10002.2
10002,10003,200,3200,-0.8823529411764706,-0.28703703703703703,0,4900,10002.058823529413,10002.2
10002,10003,200,3200,-0.8823529411764706,-0.28703703703703703,0,4900,10002.058823529413,10002.2
10002,10003,200,3200,-0.8823529411764706,-0.28703703703703703,0,4900,10002.058823529413,10002.2
10002,10003,200,3200,-0.8823529411764706,-0.28703703703703703,0,4900,10002.058823529413,10002.2
10002,10003,200,3000,-0.875,-0.2803738317757009,200,5100,10002.0625,10002.2
10002,10003,200,3000,-0.875,-0.2803738317757009,0,5100,10002.0625,10002.2
10002,10003,200,3000,-0.875,-0.3031674208144796,0,5100,10002.0625,10002.2
10002,10003,200,3000,-0.875,-0.2968036529680365,0,5100,10002.0625,10002.2
10002,10003,200,3000,-0.875,-0.2909090909090909,0,5100,10002.0625,10002.2
10002,10003,200,3000,-0.875,-0.2909090909090909,0,5100,10002.0625,10002.2
10002,10003,200,3000,-0.875,-0.2909090909090909,0,5100,10002.0625,10002.2
10002,10003,200,3000,-0.875,-0.29411764705882354,0,5100,10002.0625,10002.2
10002,10003,200,3000,-0.875,-0.2972972972972973,0,5100,10002.0625,10002.2
10002,10003,200,3000,-0.875,-0.2972972972972973,0,5100,10002.0625,10002.2
10002,10003,200,3300,-0.8857142857142857,-0.30666666666666664,-300,4800,10002.057142857142,10002.2
10002,10003,300,3300,-0.8333333333333334,-0.3008849557522124,100,4900,10002.083333333334,10002.2
10002,10003,300,3300,-0.8333333333333334,-0.2782608695652174,0,4900,10002.083333333334,10002.2
10002,10003,300,3300,-0.8333333333333334,-0.2727272727272727,0,4900,10002.083333333334,10002.2
10002,10003,500,3300,-0.7368421052631579,-0.26180257510729615,200,5100,10002.131578947368,10002.266666666666
10002,10003,500,3300,-0.7368421052631579,-0.2680851063829787,0,5100,10002.131578947368,10002.266666666666
10002,10003,500,3300,-0.7368421052631579,-0.26495726495726496,0,5100,10002.131578947368,10002.266666666666
10002,10003,300,3300,-0.8333333333333334,-0.27586206896551724,-200,4900,10002.083333333334,10002.2
10002,10003,300,3300,-0.8333333333333334,-0.27586206896551724,0,4900,10002.083333333334,10002.2
10002,10003,300,3300,-0.8333333333333334,-0.28205128205128205,0,4900,10002.083333333334,10002.2
10002,10003,300,3300,-0.8333333333333334,-0.28205128205128205,0,4900,10002.083333333334,10002.2
10002,10003,300,3300,-0.8333333333333334,-0.28205128205128205,0,4900,10002.083333333334,10002.2
10002,10003,300,2900,-0.8125,-0.26956521739130435,400,5300,10002.09375,10002.2
10002,10003,300,2900,-0.8125,-0.26956521739130435,0,5300,10002.09375,10002.2
10002,10003,300,2900,-0.8125,-0.27586206896551724,0,5300,10002.09375,10002.2
10002,10003,300,2900,-0.8125,-0.2703862660944206,0,5300,10002.09375,10002.2
10002,10003,300,3000,-0.8181818181818182,-0.27350427350427353,-100,5200,10002.09090909091,10002.2
10002,10003,300,3000,-0.8181818181818182,-0.2765957446808511,0,5200,10002.09090909091,10002.2
10002,10003,300,3000,-0.8181818181818182,-0.2765957446808511,0,5200,10002.09090909091,10002.2
10002,10003,300,3000,-0.8181818181818182,-0.28205128205128205,0,5200,10002.09090909091,10002.2
10002,10003,300,3000,-0.8181818181818182,-0.2851063829787234,0,5200,10002.09090909091,10002.2
10002,10003,300,3000,-0.8181818181818182,-0.2851063829787234,0,5200,10002.09090909091,10002.2
10002,10003,300,3400,-0.8378378378378378,-0.29707112970711297,-400,4800,10002.081081081082,10002.2
10002,10003,300,3400,-0.8378378378378378,-0.3029045643153527,0,4800,10002.081081081082,10002.2
10002,10003,300,3400,-0.8378378378378378,-0.30833333333333335,0,4800,10002.081081081082,10002.2
10002,10003,300,3600,-0.8461538461538461,-0.3140495867768595,-200,4600,10002.076923076924,10002.2
10002,10003,300,3600,-0.8461538461538461,-0.30864197530864196,0,4600,10002.076923076924,10002.2
10002,10003,300,3600,-0.8461538461538461,-0.30864197530864196,0,4600,10002.076923076924,10002.2
10002,10003,300,3600,-0.8461538461538461,-0.31950207468879666,0,4600,10002.076923076924,10002.2
10002,10003,300,3600,-0.8461538461538461,-0.31666666666666665,0,4600,10002.076923076924,10002.2
10002,10003,300,3700,-0.85,-0.31950207468879666,-100,4500,10002.075,10002.2
10002,10003,300,3700,-0.85,-0.31950207468879666,0,4500,10002.075,10002.2
10002,10003,300,3700,-0.85,-0.31950207468879666,0,4500,10002.075,10002.2
10002,10003,300,3700,-0.85,-0.31950207468879666,0,4500,10002.075,10002.2
10002,10003,300,3700,-0.85,-0.31950207468879666,0,4500,10002.075,10002.2
10002,10003,300,3700,-0.85,-0.31666666666666665,0,4500,10002.075,10002.2
10002,10003,300,3700,-0.85,-0.32217573221757323,0,4500,10002.075,10002.2
10002,10003,300,3700,-0.85,-0.32217573221757323,0,4500,10002.075,10002.2
10002,10003,300,3700,-0.85,-0.32217573221757323,0,4500,10002.075,10002.2
10002,10003,300,3700,-0.85,-0.30578512396694213,0,4500,10002.075,10002.2
10002,10003,300,3700,-0.85,-0.3114754098360656,0,4500,10002.075,10002.2
10002,10003,300,3700,-0.85,-0.30578512396694213,0,4500,10002.075,10002.2
10002,10003,300,3700,-0.85,-0.30864197530864196,0,4500,10002.075,10002.2
10002,10003,300,3700,-0.85,-0.2874493927125506,0,4500,10002.075,10002.2
10002,10003,300,3700,-0.85,-0.2931726907630522,0,4500,10002.075,10002.2
10002,10003,300,3700,-0.85,-0.2931726907630522,0,4500,10002.075,10002.2
10002,10003,300,3700,-0.85,-0.296,0,4500,10002.075,10002.2
10002,10003,300,3700,-0.85,-0.296,0,4500,10002.075,10002.2
10002,10003,300,3700,-0.85,-0.296,0,4500,10002.075,10002.2
10002,10003,300,3700,-0.85,-0.296,0,4500,10002.075,10002.2
10002,10003,300,3700,-0.85,-0.296,0,4500,10002.075,10002.2
10002,10003,300,3700,-0.85,-0.29880478087649404,0,4500,10002.075,10002.2
10002,10003,300,3700,-0.85,-0.2734375,0,4500,10002.075,10002.2
10002,10003,400,3700,-0.8048780487804879,-0.26848249027237353,100,4600,10002.09756097561,10002.2
10002,10003,400,3900,-0.813953488372093,-0.27413127413127414,-200,4400,10002.093023255815,10002.2
10002,10003,400,3900,-0.813953488372093,-0.27692307692307694,0,4400,10002.093023255815,10002.2
10002,10003,400,3900,-0.813953488372093,-0.27692307692307694,0,4400,10002.093023255815,10002.2
10002,10003,400,3900,-0.813953488372093,-0.27692307692307694,0,4400,10002.093023255815,10002.2
10002,10003,700,3900,-0.6956521739130435,-0.2623574144486692,300,4700,10002.152173913044,10002.266666666666
10002,10003,700,3700,-0.6818181818181818,-0.2567049808429119,200,4900,10002.15909090909,10002.266666666666
10002,10003,700,3700,-0.6818181818181818,-0.26515151515151514,0,4900,10002.15909090909,10002.266666666666
10002,10003,700,3700,-0.6818181818181818,-0.27340823970037453,0,4900,10002.15909090909,10002.266666666666
10002,10003,700,3900,-0.6956521739130435,-0.2788104089219331,-200,4700,10002.152173913044,10002.266666666666
10002,10003,700,3900,-0.6956521739130435,-0.2814814814814815,0,4700,10002.152173913044,10002.266666666666
10002,10003,700,3900,-0.6956521739130435,-0.27205882352941174,0,4700,10002.152173913044,10002.266666666666
10002,10003,700,3900,-0.6956521739130435,-0.2673992673992674,0,4700,10002.152173913044,10002.266666666666
10002,10003,700,3900,-0.6956521739130435,-0.2673992673992674,0,4700,10002.152173913044,10002.266666666666
10002,10003,700,3900,-0.6956521739130435,-0.26199261992619927,0,4700,10002.152173913044,10002.266666666666
10002,10003,700,3900,-0.6956521739130435,-0.26199261992619927,0,4700,10002.152173913044,10002.266666666666
10002,10003,1100,3900,-0.56,-0.24363636363636362,400,5100,10002.22,10002.333333333334
10002,10003,1100,3900,-0.56,-0.24363636363636362,0,5100,10002.22,10002.333333333334
10002,10003,1100,3900,-0.56,-0.24363636363636362,0,5100,10002.22,10002.333333333334
10002,10003,1100,3900,-0.56,-0.24087591240875914,0,5100,10002.22,10002.333333333334
10002,10003,1100,3900,-0.56,-0.20567375886524822,0,5100,10002.22,10002.333333333334
10002,10003,1100,3900,-0.56,-0.20567375886524822,0,5100,10002.22,10002.333333333334
10002,10003,1100,3900,-0.56,-0.20141342756183744,0,5100,10002.22,10002.333333333334
10002,10003,1100,3900,-0.56,-0.20141342756183744,0,5100,10002.22,10002.333333333334
10002,10003,1100,3900,-0.56,-0.19858156028368795,0,5100,10002.22,10002.333333333334
10002,10003,1100,3900,-0.56,-0.20284697508896798,0,5100,10002.22,10002.333333333334
10002,10003,1100,3900,-0.56,-0.20284697508896798,0,5100,10002.22,10002.333333333334
10002,10003,1100,4100,-0.5769230769230769,-0.20848056537102475,-200,4900,10002.211538461539,10002.333333333334
10002,10003,1100,4100,-0.5769230769230769,-0.20848056537102475,0,4900,10002.211538461539,10002.333333333334
10002,10003,1100,4100,-0.5769230769230769,-0.2,0,4900,10002.211538461539,10002.333333333334
10002,10003,1100,4100,-0.5769230769230769,-0.20422535211267606,0,4900,10002.211538461539,10002.333333333334
10002,10003,1100,4100,-0.5769230769230769,-0.22336769759450173,0,4900,10002.211538461539,10002.333333333334
10002,10003,1100,4100,-0.5769230769230769,-0.2150170648464164,0,4900,10002.211538461539,10002.333333333334
10002,10003,1100,4100,-0.5769230769230769,-0.2150170648464164,0,4900,10002.211538461539,10002.333333333334
10002,10003,1100,4100,-0.5769230769230769,-0.20689655172413793,0,4900,10002.211538461539,10002.333333333334
10002,10003,1100,3300,-0.5,-0.18439716312056736,800,5700,10002.25,10002.333333333334
10002,10003,1100,3300,-0.5,-0.17857142857142858,0,5700,10002.25,10002.333333333334
10002,10003,1100,3300,-0.5,-0.16607773851590105,0,5700,10002.25,10002.333333333334
10002,10003,1100,3100,-0.47619047619047616,-0.1601423487544484,200,5900,10002.261904761905,10002.333333333334
10002,10003,1100,3100,-0.47619047619047616,-0.1601423487544484,0,5900,10002.261904761905,10002.333333333334
10002,10003,1100,3100,-0.47619047619047616,-0.1510791366906475,0,5900,10002.261904761905,10002.333333333334
10002,10003,1200,3100,-0.4418604651162791,-0.14695340501792115,100,6000,10002.279069767443,10002.333333333334
10002,10003,1200,3100,-0.4418604651162791,-0.14695340501792115,0,6000,10002.279069767443,10002.333333333334
10002,10003,1200,3000,-0.42857142857142855,-0.14388489208633093,100,6100,10002.285714285714,10002.333333333334
10002,10003,1300,3000,-0.3953488372093023,-0.13978494623655913,100,6200,10002.302325581395,10002.4
10002,10003,1300,3000,-0.3953488372093023,-0.13978494623655913,0,6200,10002.302325581395,10002.4
10002,10003,1300,3100,-0.4090909090909091,-0.14285714285714285,-100,6100,10002.295454545454,10002.333333333334
10002,10003,1300,3100,-0.4090909090909091,-0.14285714285714285,0,6100,10002.295454545454,10002.333333333334
10002,10003,1500,3100,-0.34782608695652173,-0.1347517730496454,200,6300,10002.326086956522,10002.4
10002,10003,1500,3100,-0.34782608695652173,-0.1347517730496454,0,6300,10002.326086956522,10002.4
10002,10003,1500,3100,-0.34782608695652173,-0.1347517730496454,0,6300,10002.326086956522,10002.4
10002,10003,1500,3100,-0.34782608695652173,-0.13780918727915195,0,6300,10002.326086956522,10002.4
10002,10003,1500,3100,-0.34782608695652173,-0.13167259786476868,0,6300,10002.326086956522,10002.4
10002,10003,1500,3100,-0.34782608695652173,-0.13167259786476868,0,6300,10002.326086956522,10002.4
10002,10003,1500,3100,-0.34782608695652173,-0.13167259786476868,0,6300,10002.326086956522,10002.4
10002,10003,1500,3100,-0.34782608695652173,-0.11971830985915492,0,6300,10002.326086956522,10002.4
10002,10003,1500,3100,-0.34782608695652173,-0.11971830985915492,0,6300,10002.326086956522,10002.4
10002,10003,1500,3100,-0.34782608695652173,-0.11971830985915492,0,6300,10002.326086956522,10002.4
10002,10003,1500,3100,-0.34782608695652173,-0.11971830985915492,0,6300,10002.326086956522,10002.4
10002,10003,1500,3100,-0.34782608695652173,-0.12280701754385964,0,6300,10002.326086956522,10002.4
10002,10003,1700,3100,-0.2916666666666667,-0.11498257839721254,200,6500,10002.354166666666,10002.4
10002,10003,1700,3100,-0.2916666666666667,-0.12110726643598616,0,6500,10002.354166666666,10002.4
10002,10003,1700,3100,-0.2916666666666667,-0.12110726643598616,0,6500,10002.354166666666,10002.4
10002,10003,1700,3100,-0.2916666666666667,-0.12110726643598616,0,6500,10002.354166666666,10002.4
10002,10003,1700,3100,-0.2916666666666667,-0.125,0,6500,10002.354166666666,10002.4
10002,10003,1700,3100,-0.2916666666666667,-0.1310344827586207,0,6500,10002.354166666666,10002.4
10002,10003,2100,3100,-0.19230769230769232,-0.11564625850340136,400,6900,10002.403846153846,10002.466666666667
10002,10003,2100,3100,-0.19230769230769232,-0.10810810810810811,0,6900,10002.403846153846,10002.466666666667
10002,10003,2100,3100,-0.19230769230769232,-0.10810810810810811,0,6900,10002.403846153846,10002.466666666667
10002,10003,2100,3100,-0.19230769230769232,-0.10810810810810811,0,6900,10002.403846153846,10002.466666666667
10002,10003,2100,3100,-0.19230769230769232,-0.11945392491467577,0,6900,10002.403846153846,10002.466666666667
10002,10003,2100,3100,-0.19230769230769232,-0.12244897959183673,0,6900,10002.403846153846,10002.466666666667
10002,10003,2100,3100,-0.19230769230769232,-0.11864406779661017,0,6900,10002.403846153846,10002.466666666667
10002,10003,2100,3100,-0.19230769230769232,-0.11564625850340136,0,6900,10002.403846153846,10002.466666666667
10002,10003,2300,3100,-0.14814814814814814,-0.10810810810810811,200,7100,10002.425925925925,10002.466666666667
10002,10003,2300,3300,-0.17857142857142858,-0.11409395973154363,-200,6900,10002.410714285714,10002.466666666667
10002,10003,2300,3300,-0.17857142857142858,-0.12542372881355932,0,6900,10002.410714285714,10002.466666666667
10002,10003,2300,3400,-0.19298245614035087,-0.12837837837837837,-100,6800,10002.40350877193,10002.466666666667
10002,10003,2400,3400,-0.1724137931034483,-0.12457912457912458,100,6900,10002.413793103447,10002.466666666667
10002,10003,2400,3400,-0.1724137931034483,-0.12457912457912458,0,6900,10002.413793103447,10002.466666666667
10002,10003,2400,3400,-0.1724137931034483,-0.12457912457912458,0,6900,10002.413793103447,10002.466666666667
10002,10003,2400,3400,-0.1724137931034483,-0.12837837837837837,0,6900,10002.413793103447,10002.466666666667
10002,10003,2600,3400,-0.13333333333333333,-0.12080536912751678,200,7100,10002.433333333332,10002.466666666667
10002,10003,2600,3400,-0.13333333333333333,-0.12080536912751678,0,7100,10002.433333333332,10002.466666666667
10002,10003,2700,3400,-0.11475409836065574,-0.11705685618729098,100,7200,10002.442622950819,10002.466666666667
10002,10003,2700,3400,-0.11475409836065574,-0.12292358803986711,0,7200,10002.442622950819,10002.466666666667
10002,10003,2700,3400,-0.11475409836065574,-0.12292358803986711,0,7200,10002.442622950819,10002.466666666667
10002,10003,2700,3400,-0.11475409836065574,-0.12666666666666668,0,7200,10002.442622950819,10002.466666666667
10002,10003,2700,3400,-0.11475409836065574,-0.13815789473684212,0,7200,10002.442622950819,10002.466666666667
10002,10003,2700,3400,-0.11475409836065574,-0.12337662337662338,0,7200,10002.442622950819,10002.466666666667
10002,10003,2700,3400,-0.11475409836065574,-0.12052117263843648,0,7200,10002.442622950819,10002.466666666667
10002,10003,2700,3400,-0.11475409836065574,-0.11764705882352941,0,7200,10002.442622950819,10002.466666666667
10002,10003,2700,3400,-0.11475409836065574,-0.11475409836065574,0,7200,10002.442622950819,10002.466666666667
10002,10003,2700,3400,-0.11475409836065574,-0.11842105263157894,0,7200,10002.442622950819,10002.466666666667
10002,10003,2700,3400,-0.11475409836065574,-0.11842105263157894,0,7200,10002.442622950819,10002.466666666667
10002,10003,2700,3500,-0.12903225806451613,-0.12131147540983607,-100,7100,10002.435483870968,10002.466666666667
10002,10003,2700,3500,-0.12903225806451613,-0.125,0,7100,10002.435483870968,10002.466666666667
10002,10003,2700,3500,-0.12903225806451613,-0.13355048859934854,0,7100,10002.435483870968,10002.466666666667
10002,10003,2700,3500,-0.12903225806451613,-0.13355048859934854,0,7100,10002.435483870968,10002.466666666667
10002,10003,2700,3500,-0.12903225806451613,-0.13636363636363635,0,7100,10002.435483870968,10002.466666666667
10002,10003,2700,3500,-0.12903225806451613,-0.13636363636363635,0,7100,10002.435483870968,10002.466666666667
10002,10003,2700,3500,-0.12903225806451613,-0.13636363636363635,0,7100,10002.435483870968,10002.466666666667
10002,10003,2700,3500,-0.12903225806451613,-0.13268608414239483,0,7100,10002.435483870968,10002.466666666667
10002,10003,2700,3500,-0.12903225806451613,-0.13268608414239483,0,7100,10002.435483870968,10002.466666666667
10002,10003,2700,3500,-0.12903225806451613,-0.13268608414239483,0,7100,10002.435483870968,10002.466666666667
10002,10003,2700,3500,-0.12903225806451613,-0.14376996805111822,0,7100,10002.435483870968,10002.466666666667
10002,10003,2700,3500,-0.12903225806451613,-0.13268608414239483,0,7100,10002.435483870968,10002.466666666667
10002,10003,2700,3300,-0.1,-0.1270358306188925,200,7300,10002.45,10002.466666666667
10002,10003,2700,3300,-0.1,-0.12337662337662338,0,7300,10002.45,10002.466666666667
10002,10003,2700,3300,-0.1,-0.11974110032362459,0,7300,10002.45,10002.466666666667
10002,10003,2700,3300,-0.1,-0.11974110032362459,0,7300,10002.45,10002.466666666667
10002,10003,2700,3300,-0.1,-0.0949367088607595,0,7300,10002.45,10002.466666666667
10002,10003,2700,3300,-0.1,-0.0880503144654088,0,7300,10002.45,10002.466666666667
10002,10003,2700,3300,-0.1,-0.09090909090909091,0,7300,10002.45,10002.466666666667
10002,10003,2700,3300,-0.1,-0.09657320872274143,0,7300,10002.45,10002.466666666667
10002,10003,2700,3300,-0.1,-0.09657320872274143,0,7300,10002.45,10002.466666666667
10002,10003,2700,3300,-0.1,-0.09657320872274143,0,7300,10002.45,10002.466666666667
10002,10003,2700,3300,-0.1,-0.09937888198757763,0,7300,10002.45,10002.466666666667
10002,10003,2700,3300,-0.1,-0.08923076923076922,0,7300,10002.45,10002.466666666667
10002,10003,2700,3300,-0.1,-0.09480122324159021,0,7300,10002.45,10002.466666666667
10002,10003,2600,3300,-0.11864406779661017,-0.09815950920245399,-100,7200,10002.440677966102,10002.466666666667
10002,10003,2600,3300,-0.11864406779661017,-0.09815950920245399,0,7200,10002.440677966102,10002.466666666667
10002,10003,2600,3300,-0.11864406779661017,-0.09815950920245399,0,7200,10002.440677966102,10002.466666666667
10002,10003,2600,3300,-0.11864406779661017,-0.09815950920245399,0,7200,10002.440677966102,10002.466666666667
10002,10003,2500,3300,-0.13793103448275862,-0.10153846153846154,-100,7100,10002.431034482759,10002.466666666667
10002,10003,2500,3300,-0.13793103448275862,-0.08157099697885196,0,7100,10002.431034482759,10002.466666666667
10002,10003,2500,3300,-0.13793103448275862,-0.0783132530120482,0,7100,10002.431034482759,10002.466666666667
10002,10003,2500,3300,-0.13793103448275862,-0.08108108108108109,0,7100,10002.431034482759,10002.466666666667
10002,10003,2300,3300,-0.17857142857142858,-0.08761329305135952,-200,6900,10002.410714285714,10002.466666666667
10002,10003,2300,3300,-0.17857142857142858,-0.08761329305135952,0,6900,10002.410714285714,10002.466666666667
10002,10003,2300,3300,-0.17857142857142858,-0.08761329305135952,0,6900,10002.410714285714,10002.466666666667
10002,10003,2300,2800,-0.09803921568627451,-0.0736196319018405,500,7400,10002.450980392157,10002.466666666667
10002,10003,2300,2800,-0.09803921568627451,-0.0736196319018405,0,7400,10002.450980392157,10002.466666666667
10002,10003,2300,2800,-0.09803921568627451,-0.07692307692307693,0,7400,10002.450980392157,10002.466666666667
10002,10003,2300,2800,-0.09803921568627451,-0.08024691358024691,0,7400,10002.450980392157,10002.466666666667
10002,10003,2300,2800,-0.09803921568627451,-0.07739938080495357,0,7400,10002.450980392157,10002.466666666667
10002,10003,2300,2800,-0.09803921568627451,-0.07739938080495357,0,7400,10002.450980392157,10002.466666666667
10002,10003,2300,2800,-0.09803921568627451,-0.07453416149068323,0,7400,10002.450980392157,10002.466666666667
10002,10003,2300,2800,-0.09803921568627451,-0.0581039755351682,0,7400,10002.450980392157,10002.466666666667
10002,10003,2600,2800,-0.037037037037037035,-0.048484848484848485,300,7700,10002.481481481482,10002.466666666667
10002,10003,2600,2800,-0.037037037037037035,-0.039755351681957186,0,7700,10002.481481481482,10002.466666666667
10002,10003,2600,2800,-0.037037037037037035,-0.05421686746987952,0,7700,10002.481481481482,10002.466666666667
10002,10003,2600,2800,-0.037037037037037035,-0.05421686746987952,0,7700,10002.481481481482,10002.466666666667
10002,10003,2700,2800,-0.01818181818181818,-0.05105105105105105,100,7800,10002.49090909091,10002.466666666667
10002,10003,2700,2800,-0.01818181818181818,-0.045317220543806644,0,7800,10002.49090909091,10002.466666666667
10002,10003,2700,2800,-0.01818181818181818,-0.04216867469879518,0,7800,10002.49090909091,10002.466666666667
10002,10003,2500,2800,-0.05660377358490566,-0.048484848484848485,-200,7600,10002.471698113208,10002.466666666667
10002,10003,2500,2800,-0.05660377358490566,-0.039755351681957186,0,7600,10002.471698113208,10002.466666666667
10002,10003,2500,2800,-0.05660377358490566,-0.04294478527607362,0,7600,10002.471698113208,10002.466666666667
10002,10003,2500,2800,-0.05660377358490566,-0.046153846153846156,0,7600,10002.471698113208,10002.466666666667
10002,10003,2500,2800,-0.05660377358490566,-0.046153846153846156,0,7600,10002.471698113208,10002.466666666667
10002,10003,2500,2800,-0.05660377358490566,-0.04294478527607362,0,7600,10002.471698113208,10002.466666666667
10002,10003,2500,2800,-0.05660377358490566,-0.039755351681957186,0,7600,10002.471698113208,10002.466666666667
10002,10003,2500,2800,-0.05660377358490566,-0.0513595166163142,0,7600,10002.471698113208,10002.466666666667
10002,10003,2500,2800,-0.05660377358490566,-0.0513595166163142,0,7600,10002.471698113208,10002.466666666667
10002,10003,2500,2800,-0.05660377358490566,-0.048484848484848485,0,7600,10002.471698113208,10002.466666666667
10002,10003,2500,2800,-0.05660377358490566,-0.04559270516717325,0,7600,10002.471698113208,10002.466666666667
10002,10003,2500,2800,-0.05660377358490566,-0.04559270516717325,0,7600,10002.471698113208,10002.466666666667
10002,10003,2500,2800,-0.05660377358490566,-0.04559270516717325,0,7600,10002.471698113208,10002.466666666667
10002,10003,2500,2800,-0.05660377358490566,-0.04559270516717325,0,7600,10002.471698113208,10002.466666666667
10002,10003,2500,2800,-0.05660377358490566,-0.04559270516717325,0,7600,10002.471698113208,10002.466666666667
10002,10003,2500,2800,-0.05660377358490566,-0.04878048780487805,0,7600,10002.471698113208,10002.466666666667
10002,10003,2500,2900,-0.07407407407407407,-0.05167173252279635,-100,7500,10002.462962962964,10002.466666666667
10002,10003,2500,2900,-0.07407407407407407,-0.05167173252279635,0,7500,10002.462962962964,10002.466666666667
10002,10003,2500,2900,-0.07407407407407407,-0.05167173252279635,0,7500,10002.462962962964,10002.466666666667
10002,10003,2500,2900,-0.07407407407407407,-0.04878048780487805,0,7500,10002.462962962964,10002.466666666667
10002,10003,2500,2900,-0.07407407407407407,-0.04878048780487805,0,7500,10002.462962962964,10002.466666666667
10002,10003,2500,2900,-0.07407407407407407,-0.05167173252279635,0,7500,10002.462962962964,10002.466666666667
10002,10003,2500,2900,-0.07407407407407407,-0.05167173252279635,0,7500,10002.462962962964,10002.466666666667
10002,10003,2500,2900,-0.07407407407407407,-0.05167173252279635,0,7500,10002.462962962964,10002.466666666667
10002,10003,2500,2900,-0.07407407407407407,-0.04,0,7500,10002.462962962964,10002.466666666667
10002,10003,2500,2900,-0.07407407407407407,-0.04,0,7500,10002.462962962964,10002.466666666667
10002,10003,2500,2900,-0.07407407407407407,-0.03680981595092025,0,7500,10002.462962962964,10002.466666666667
10002,10003,2500,2900,-0.07407407407407407,-0.033846153846153845,0,7500,10002.462962962964,10002.466666666667
10002,10003,2500,2900,-0.07407407407407407,-0.027522935779816515,0,7500,10002.462962962964,10002.466666666667
10002,10003,2500,2900,-0.07407407407407407,-0.03067484662576687,0,7500,10002.462962962964,10002.466666666667
10002,10003,2500,2900,-0.07407407407407407,-0.027522935779816515,0,7500,10002.462962962964,10002.466666666667
10002,10003,2500,2900,-0.07407407407407407,-0.027522935779816515,0,7500,10002.462962962964,10002.466666666667
10002,10003,2500,2900,-0.07407407407407407,-0.024390243902439025,0,7500,10002.462962962964,10002.466666666667
10002,10003,2500,2900,-0.07407407407407407,-0.03067484662576687,0,7500,10002.462962962964,10002.466666666667
10002,10003,2500,2900,-0.07407407407407407,-0.03067484662576687,0,7500,10002.462962962964,10002.466666666667
10002,10003,2500,2900,-0.07407407407407407,-0.033846153846153845,0,7500,10002.462962962964,10002.466666666667
10002,10003,2500,2900,-0.07407407407407407,-0.033846153846153845,0,7500,10002.462962962964,10002.466666666667
10002,10003,2500,2900,-0.07407407407407407,-0.01818181818181818,0,7500,10002.462962962964,10002.466666666667
10002,10003,2500,2900,-0.07407407407407407,-0.01818181818181818,0,7500,10002.462962962964,10002.466666666667
10002,10003,2500,3100,-0.10714285714285714,-0.024096385542168676,-200,7300,10002.44642857143,10002.466666666667
10002,10003,2500,3100,-0.10714285714285714,-0.024096385542168676,0,7300,10002.44642857143,10002.466666666667
10002,10003,2500,3100,-0.10714285714285714,-0.021021021021021023,0,7300,10002.44642857143,10002.466666666667
10002,10003,2500,3100,-0.10714285714285714,-0.021021021021021023,0,7300,10002.44642857143,10002.466666666667
10002,10003,2500,3200,-0.12280701754385964,-0.023952095808383235,-100,7200,10002.438596491229,10002.466666666667
10002,10003,2500,3200,-0.12280701754385964,-0.023952095808383235,0,7200,10002.438596491229,10002.466666666667
10002,10003,2500,3000,-0.09090909090909091,-0.018072289156626505,200,7400,10002.454545454546,10002.466666666667
10002,10003,2500,3000,-0.09090909090909091,-0.024242424242424242,0,7400,10002.454545454546,10002.466666666667
10002,10003,2500,3000,-0.09090909090909091,-0.027190332326283987,0,7400,10002.454545454546,10002.466666666667
10002,10003,2500,3000,-0.09090909090909091,-0.027190332326283987,0,7400,10002.454545454546,10002.466666666667
10002,10003,2500,3000,-0.09090909090909091,-0.03303303303303303,0,7400,10002.454545454546,10002.466666666667
10002,10003,2500,3000,-0.09090909090909091,-0.023809523809523808,0,7400,10002.454545454546,10002.466666666667
10002,10003,2500,3000,-0.09090909090909091,-0.023809523809523808,0,7400,10002.454545454546,10002.466666666667
10002,10003,2500,3000,-0.09090909090909091,-0.023809523809523808,0,7400,10002.454545454546,10002.466666666667
10002,10003,2500,3000,-0.09090909090909091,-0.020895522388059702,0,7400,10002.454545454546,10002.466666666667
10002,10003,2500,2900,-0.07407407407407407,-0.017964071856287425,100,7500,10002.462962962964,10002.466666666667
10002,10003,2500,2800,-0.05660377358490566,-0.015015015015015015,100,7600,10002.471698113208,10002.466666666667
10002,10003,2500,2700,-0.038461538461538464,-0.012048192771084338,100,7700,10002.48076923077,10002.466666666667
10002,10003,2500,2700,-0.038461538461538464,-0.012048192771084338,0,7700,10002.48076923077,10002.466666666667
10002,10003,2500,2600,-0.0196078431372549,-0.00906344410876133,100,7800,10002.490196078432,10002.466666666667
10002,10003,2500,2500,0.0,-0.006060606060606061,100,7900,10002.5,10002.533333333333
10002,10003,2500,2400,0.02040816326530612,-0.00303951367781155,100,8000,10002.510204081633,10002.533333333333
10002,10003,2500,2400,0.02040816326530612,0.0,0,8000,10002.510204081633,10002.533333333333
10002,10003,2500,2400,0.02040816326530612,0.0,0,8000,10002.510204081633,10002.533333333333
10002,10003,2500,2300,0.041666666666666664,0.00303951367781155,100,8100,10002.520833333334,10002.533333333333
10002,10003,2500,2100,0.08695652173913043,0.009174311926605505,200,8300,10002.54347826087,10002.533333333333
10002,10003,2500,2000,0.1111111111111111,0.012269938650306749,100,8400,10002.555555555555,10002.533333333333
10002,10003,2500,2000,0.1111111111111111,0.02127659574468085,0,8400,10002.555555555555,10002.533333333333
10002,10003,2500,2000,0.1111111111111111,0.024242424242424242,0,8400,10002.555555555555,10002.533333333333
10002,10003,2500,1900,0.13636363636363635,0.02735562310030395,100,8500,10002.568181818182,10002.533333333333
10002,10003,2500,1900,0.13636363636363635,0.02735562310030395,0,8500,10002.568181818182,10002.533333333333
10002,10003,2500,1900,0.13636363636363635,0.03323262839879154,0,8500,10002.568181818182,10002.533333333333
10002,10003,2500,1900,0.13636363636363635,0.041916167664670656,0,8500,10002.568181818182,10002.533333333333
10002,10003,2500,1900,0.13636363636363635,0.03571428571428571,0,8500,10002.568181818182,10002.533333333333
10002,10003,2500,1800,0.16279069767441862,0.03880597014925373,100,8600,10002.581395348838,10002.533333333333
10002,10003,2400,1800,0.14285714285714285,0.03592814371257485,-100,8500,10002.57142857143,10002.533333333333
10002,10003,2400,1600,0.2,0.04216867469879518,200,8700,10002.6,10002.6
10002,10003,2400,1600,0.2,0.04790419161676647,0,8700,10002.6,10002.6
10002,10003,2400,1600,0.2,0.04790419161676647,0,8700,10002.6,10002.6
10002,10003,2400,1500,0.23076923076923078,0.05105105105105105,100,8800,10002.615384615385,10002.6
10002,10003,2400,1400,0.2631578947368421,0.05421686746987952,100,8900,10002.631578947368,10002.6
10002,10003,2400,1400,0.2631578947368421,0.05421686746987952,0,8900,10002.631578947368,10002.6
10002,10003,2400,1400,0.2631578947368421,0.05421686746987952,0,8900,10002.631578947368,10002.6
10002,10003,2400,1400,0.2631578947368421,0.05105105105105105,0,8900,10002.631578947368,10002.6
10002,10003,2400,1200,0.3333333333333333,0.05740181268882175,200,9100,10002.666666666666,10002.6
10002,10003,2400,1200,0.3333333333333333,0.05740181268882175,0,9100,10002.666666666666,10002.6
10002,10003,2400,1200,0.3333333333333333,0.06707317073170732,0,9100,10002.666666666666,10002.6
10002,10003,2400,1200,0.3333333333333333,0.06707317073170732,0,9100,10002.666666666666,10002.6
10002,10003,2400,1200,0.3333333333333333,0.06422018348623854,0,9100,10002.666666666666,10002.6
10002,10003,2400,1300,0.2972972972972973,0.06097560975609756,-100,9000,10002.648648648648,10002.6
10002,10003,2400,1300,0.2972972972972973,0.06382978723404255,0,9000,10002.648648648648,10002.6
10002,10003,2400,1100,0.37142857142857144,0.07033639143730887,200,9200,10002.685714285713,10002.6
10002,10003,2400,1100,0.37142857142857144,0.07033639143730887,0,9200,10002.685714285713,10002.6
10002,10003,2400,1100,0.37142857142857144,0.07033639143730887,0,9200,10002.685714285713,10002.6
10002,10003,2400,1100,0.37142857142857144,0.06707317073170732,0,9200,10002.685714285713,10002.6
10002,10003,2400,1300,0.2972972972972973,0.06060606060606061,-200,9000,10002.648648648648,10002.6
10002,10003,2400,1200,0.3333333333333333,0.06382978723404255,100,9100,10002.666666666666,10002.6
10002,10003,2400,1100,0.37142857142857144,0.06707317073170732,100,9200,10002.685714285713,10002.6
10002,10003,2400,1100,0.37142857142857144,0.06707317073170732,0,9200,10002.685714285713,10002.6
10002,10003,2400,1100,0.37142857142857144,0.06707317073170732,0,9200,10002.685714285713,10002.6
10002,10003,2400,1100,0.37142857142857144,0.06707317073170732,0,9200,10002.685714285713,10002.6
10002,10003,2400,1100,0.37142857142857144,0.06990881458966565,0,9200,10002.685714285713,10002.6
10002,10003,2300,1100,0.35294117647058826,0.06707317073170732,-100,9100,10002.676470588236,10002.6
10002,10003,2300,1100,0.35294117647058826,0.06990881458966565,0,9100,10002.676470588236,10002.6
10002,10003,2300,1100,0.35294117647058826,0.07975460122699386,0,9100,10002.676470588236,10002.6
10002,10003,2300,1100,0.35294117647058826,0.0764525993883792,0,9100,10002.676470588236,10002.6
10002,10003,2300,1300,0.2777777777777778,0.06990881458966565,-200,8900,10002.638888888889,10002.6
10002,10003,2200,1300,0.2571428571428571,0.06707317073170732,-100,8800,10002.628571428571,10002.6
10002,10003,2100,1300,0.23529411764705882,0.06422018348623854,-100,8700,10002.617647058823,10002.6
10002,10003,1900,1300,0.1875,0.05846153846153846,-200,8500,10002.59375,10002.533333333333
10002,10003,1900,1300,0.1875,0.049689440993788817,0,8500,10002.59375,10002.533333333333
10002,10003,1900,1300,0.1875,0.049689440993788817,0,8500,10002.59375,10002.533333333333
10002,10003,2100,1300,0.23529411764705882,0.05555555555555555,200,8700,10002.617647058823,10002.6
10002,10003,2100,1700,0.10526315789473684,0.042682926829268296,-400,8300,10002.552631578947,10002.533333333333
10002,10003,2100,2500,-0.08695652173913043,0.017857142857142856,-800,7500,10002.45652173913,10002.466666666667
10002,10003,2100,2500,-0.08695652173913043,0.023952095808383235,0,7500,10002.45652173913,10002.466666666667
10002,10003,2100,2500,-0.08695652173913043,0.023952095808383235,0,7500,10002.45652173913,10002.466666666667
10002,10003,2100,3100,-0.19230769230769232,0.0058823529411764705,-600,6900,10002.403846153846,10002.466666666667
10002,10003,2100,3100,-0.19230769230769232,0.0,0,6900,10002.403846153846,10002.466666666667
10002,10003,2100,3100,-0.19230769230769232,0.0,0,6900,10002.403846153846,10002.466666666667
10002,10003,2100,3100,-0.19230769230769232,0.0,0,6900,10002.403846153846,10002.466666666667
10002,10003,2100,2900,-0.16,0.0058823529411764705,200,7100,10002.42,10002.466666666667
10002,10003,2100,2900,-0.16,0.014577259475218658,0,7100,10002.42,10002.466666666667
10002,10003,2100,2600,-0.10638297872340426,0.023529411764705882,300,7400,10002.446808510638,10002.466666666667
10002,10003,2100,2600,-0.10638297872340426,0.023529411764705882,0,7400,10002.446808510638,10002.466666666667
10002,10003,2100,2200,-0.023255813953488372,0.03571428571428571,400,7800,10002.488372093023,10002.466666666667
10002,10003,2100,2200,-0.023255813953488372,0.04142011834319527,0,7800,10002.488372093023,10002.466666666667
10002,10003,2100,2400,-0.06666666666666667,0.03529411764705882,-200,7600,10002.466666666667,10002.466666666667
10002,10003,2100,2400,-0.06666666666666667,0.043731778425655975,0,7600,10002.466666666667,10002.466666666667
10002,10003,2100,2400,-0.06666666666666667,0.043731778425655975,0,7600,10002.466666666667,10002.466666666667
10002,10003,2100,2400,-0.06666666666666667,0.043731778425655975,0,7600,10002.466666666667,10002.466666666667
10002,10003,2100,2400,-0.06666666666666667,0.043731778425655975,0,7600,10002.466666666667,10002.466666666667
10002,10003,2100,2200,-0.023255813953488372,0.04985337243401759,200,7800,10002.488372093023,10002.466666666667
10002,10003,2100,2200,-0.023255813953488372,0.04985337243401759,0,7800,10002.488372093023,10002.466666666667
10002,10003,2400,2200,0.043478260869565216,0.05813953488372093,300,8100,10002.521739130434,10002.533333333333
10002,10003,2400,1800,0.14285714285714285,0.07058823529411765,400,8500,10002.57142857143,10002.533333333333
10002,10003,2600,1800,0.18181818181818182,0.07602339181286549,200,8700,10002.59090909091,10002.533333333333
10002,10003,2600,1800,0.18181818181818182,0.07602339181286549,0,8700,10002.59090909091,10002.533333333333
10002,10003,2600,1800,0.18181818181818182,0.07602339181286549,0,8700,10002.59090909091,10002.533333333333
10002,10003,2600,1800,0.18181818181818182,0.07602339181286549,0,8700,10002.59090909091,10002.533333333333
10002,10003,2600,1000,0.4444444444444444,0.10179640718562874,800,9500,10002.722222222223,10002.666666666666
10002,10003,2600,1000,0.4444444444444444,0.10510510510510511,0,9500,10002.722222222223,10002.666666666666
10002,10003,2600,900,0.4857142857142857,0.10843373493975904,100,9600,10002.742857142857,10002.666666666666
10002,10003,2600,900,0.4857142857142857,0.10843373493975904,0,9600,10002.742857142857,10002.666666666666
10002,10003,2600,900,0.4857142857142857,0.11377245508982035,0,9600,10002.742857142857,10002.666666666666
10002,10003,2600,900,0.4857142857142857,0.10030395136778116,0,9600,10002.742857142857,10002.666666666666
10002,10003,2600,900,0.4857142857142857,0.09480122324159021,0,9600,10002.742857142857,10002.666666666666
10002,10003,2200,900,0.41935483870967744,0.08359133126934984,-400,9200,10002.709677419354,10002.666666666666
10002,10003,2200,900,0.41935483870967744,0.08359133126934984,0,9200,10002.709677419354,10002.666666666666
10002,10003,2200,900,0.41935483870967744,0.08359133126934984,0,9200,10002.709677419354,10002.666666666666
10002,10003,2200,900,0.41935483870967744,0.075,0,9200,10002.709677419354,10002.666666666666
10002,10003,2200,900,0.41935483870967744,0.08359133126934984,0,9200,10002.709677419354,10002.666666666666
10002,10003,2200,900,0.41935483870967744,0.08359133126934984,0,9200,10002.709677419354,10002.666666666666
10002,10003,2200,900,0.41935483870967744,0.07692307692307693,0,9200,10002.709677419354,10002.666666666666
10002,10003,2200,900,0.41935483870967744,0.07692307692307693,0,9200,10002.709677419354,10002.666666666666
10002,10003,2200,900,0.41935483870967744,0.07975460122699386,0,9200,10002.709677419354,10002.666666666666
10002,10003,2200,900,0.41935483870967744,0.07407407407407407,0,9200,10002.709677419354,10002.666666666666
10002,10003,2200,900,0.41935483870967744,0.06422018348623854,0,9200,10002.709677419354,10002.666666666666
10002,10003,2200,900,0.41935483870967744,0.06990881458966565,0,9200,10002.709677419354,10002.666666666666
10002,10003,2200,900,0.41935483870967744,0.06990881458966565,0,9200,10002.709677419354,10002.666666666666
10002,10003,2200,1400,0.2222222222222222,0.05389221556886228,-500,8700,10002.611111111111,10002.6
10002,10003,2200,1400,0.2222222222222222,0.050746268656716415,0,8700,10002.611111111111,10002.6
10002,10003,2200,1400,0.2222222222222222,0.050746268656716415,0,8700,10002.611111111111,10002.6
10002,10003,2200,1400,0.2222222222222222,0.04504504504504504,0,8700,10002.611111111111,10002.6
10002,10003,2200,1400,0.2222222222222222,0.04504504504504504,0,8700,10002.611111111111,10002.6
10002,10003,2200,1300,0.2571428571428571,0.04819277108433735,100,8800,10002.628571428571,10002.6
10002,10003,2200,1100,0.3333333333333333,0.05454545454545454,200,9000,10002.666666666666,10002.6
10002,10003,2200,1000,0.375,0.057750759878419454,100,9100,10002.6875,10002.6
10002,10003,2200,1000,0.375,0.05454545454545454,0,9100,10002.6875,10002.6
10002,10003,2200,1000,0.375,0.07142857142857142,0,9100,10002.6875,10002.6
10002,10003,2200,1000,0.375,0.08235294117647059,0,9100,10002.6875,10002.6
10002,10003,2200,1000,0.375,0.06306306306306306,0,9100,10002.6875,10002.6
10002,10003,2200,1000,0.375,0.06306306306306306,0,9100,10002.6875,10002.6
10002,10003,2200,1000,0.375,0.06306306306306306,0,9100,10002.6875,10002.6
10002,10003,2200,1000,0.375,0.059880239520958084,0,9100,10002.6875,10002.6
10002,10003,2200,1000,0.375,0.059880239520958084,0,9100,10002.6875,10002.6
10002,10003,2200,1000,0.375,0.042682926829268296,0,9100,10002.6875,10002.6
10002,10003,2200,1300,0.2571428571428571,0.03323262839879154,-300,8800,10002.628571428571,10002.6
10002,10003,2200,1300,0.2571428571428571,0.03636363636363636,0,8800,10002.628571428571,10002.6
10002,10003,2200,1300,0.2571428571428571,0.03636363636363636,0,8800,10002.628571428571,10002.6
10002,10003,2200,1300,0.2571428571428571,0.03636363636363636,0,8800,10002.628571428571,10002.6
10002,10003,2200,1300,0.2571428571428571,0.04216867469879518,0,8800,10002.628571428571,10002.6
10002,10003,2100,1300,0.23529411764705882,0.03927492447129909,-100,8700,10002.617647058823,10002.6
10002,10003,2100,1300,0.23529411764705882,0.03927492447129909,0,8700,10002.617647058823,10002.6
10002,10003,2100,1400,0.2,0.03614457831325301,-100,8600,10002.6,10002.6
10002,10003,2200,1400,0.2222222222222222,0.03903903903903904,100,8700,10002.611111111111,10002.6
10002,10003,2500,1400,0.28205128205128205,0.047619047619047616,300,9000,10002.641025641025,10002.6
10002,10003,2500,1400,0.28205128205128205,0.04451038575667656,0,9000,10002.641025641025,10002.6
10002,10003,2500,1400,0.28205128205128205,0.04451038575667656,0,9000,10002.641025641025,10002.6
10002,10003,2500,1400,0.28205128205128205,0.047337278106508875,0,9000,10002.641025641025,10002.6
10002,10003,2500,1400,0.28205128205128205,0.04424778761061947,0,9000,10002.641025641025,10002.6
10002,10003,2500,1400,0.28205128205128205,0.04424778761061947,0,9000,10002.641025641025,10002.6
10002,10003,2500,1400,0.28205128205128205,0.03508771929824561,0,9000,10002.641025641025,10002.6
10002,10003,2500,1400,0.28205128205128205,0.037900874635568516,0,9000,10002.641025641025,10002.6
10002,10003,2500,1400,0.28205128205128205,0.04899135446685879,0,9000,10002.641025641025,10002.6
10002,10003,2500,1400,0.28205128205128205,0.04899135446685879,0,9000,10002.641025641025,10002.6
10002,10003,2500,1400,0.28205128205128205,0.040697674418604654,0,9000,10002.641025641025,10002.6
10002,10003,2500,1400,0.28205128205128205,0.037900874635568516,0,9000,10002.641025641025,10002.6
10002,10003,2500,1300,0.3157894736842105,0.04093567251461988,100,9100,10002.657894736842,10002.6
10002,10003,2500,1300,0.3157894736842105,0.04093567251461988,0,9100,10002.657894736842,10002.6
10002,10003,2500,800,0.5151515151515151,0.05637982195845697,500,9600,10002.757575757576,10002.666666666666
10002,10003,2500,800,0.5151515151515151,0.05637982195845697,0,9600,10002.757575757576,10002.666666666666
10002,10003,2500,800,0.5151515151515151,0.05637982195845697,0,9600,10002.757575757576,10002.666666666666
10002,10003,2500,500,0.6666666666666666,0.0658682634730539,300,9900,10002.833333333334,10002.733333333334
10002,10003,2500,500,0.6666666666666666,0.06865671641791045,0,9900,10002.833333333334,10002.733333333334
10002,10003,2500,700,0.5625,0.06231454005934718,-200,9700,10002.78125,10002.666666666666
10002,10003,2500,700,0.5625,0.06547619047619048,0,9700,10002.78125,10002.666666666666
10002,10003,2500,200,0.8518518518518519,0.08157099697885196,500,10200,10002.925925925925,10002.8
10002,10003,2500,200,0.8518518518518519,0.07878787878787878,0,10200,10002.925925925925,10002.8
10002,10003,2500,200,0.8518518518518519,0.0658682634730539,0,10200,10002.925925925925,10002.8
10002,10003,2600,200,0.8571428571428571,0.06865671641791045,100,10300,10002.92857142857,10002.8
10002,10003,2600,200,0.8571428571428571,0.05167173252279635,0,10300,10002.92857142857,10002.8
10002,10003,2600,200,0.8571428571428571,0.04878048780487805,0,10300,10002.92857142857,10002.8
10002,10003,2400,200,0.8461538461538461,0.04294478527607362,-200,10100,10002.923076923076,10002.8
10002,10003,2400,200,0.8461538461538461,0.04294478527607362,0,10100,10002.923076923076,10002.8
10002,10003,2400,200,0.8461538461538461,0.04294478527607362,0,10100,10002.923076923076,10002.8
10002,10003,2400,200,0.8461538461538461,0.046153846153846156,0,10100,10002.923076923076,10002.8
10002,10003,2400,200,0.8461538461538461,0.05198776758409786,0,10100,10002.923076923076,10002.8
10002,10003,2400,200,0.8461538461538461,0.05198776758409786,0,10100,10002.923076923076,10002.8
10002,10003,2400,200,0.8461538461538461,0.05521472392638037,0,10100,10002.923076923076,10002.8
10002,10003,2400,200,0.8461538461538461,0.05846153846153846,0,10100,10002.923076923076,10002.8
10002,10003,2400,200,0.8461538461538461,0.05846153846153846,0,10100,10002.923076923076,10002.8
10002,10003,2400,200,0.8461538461538461,0.07165109034267912,0,10100,10002.923076923076,10002.8
10002,10003,2400,200,0.8461538461538461,0.07165109034267912,0,10100,10002.923076923076,10002.8
10002,10003,2400,200,0.8461538461538461,0.08176100628930817,0,10100,10002.923076923076,10002.8
10002,10003,2400,200,0.8461538461538461,0.08176100628930817,0,10100,10002.923076923076,10002.8
10002,10003,2400,200,0.8461538461538461,0.08176100628930817,0,10100,10002.923076923076,10002.8
10002,10003,2400,200,0.8461538461538461,0.0875,0,10100,10002.923076923076,10002.8
10002,10003,2400,200,0.8461538461538461,0.0875,0,10100,10002.923076923076,10002.8
10002,10003,2400,200,0.8461538461538461,0.0875,0,10100,10002.923076923076,10002.8
10002,10003,2400,200,0.8461538461538461,0.08074534161490683,0,10100,10002.923076923076,10002.8
10002,10003,2400,200,0.8461538461538461,0.07210031347962383,0,10100,10002.923076923076,10002.8
10002,10003,2400,200,0.8461538461538461,0.09202453987730061,0,10100,10002.923076923076,10002.8
10002,10003,2400,300,0.7777777777777778,0.08868501529051988,-100,10000,10002.888888888889,10002.733333333334
10002,10003,2400,100,0.92,0.09538461538461539,200,10200,10002.96,10002.8
10002,10003,2400,100,0.92,0.09538461538461539,0,10200,10002.96,10002.8
10002,10003,2400,100,0.92,0.09538461538461539,0,10200,10002.96,10002.8
10002,10003,2400,100,0.92,0.10091743119266056,0,10200,10002.96,10002.8
10002,10003,2400,100,0.92,0.09538461538461539,0,10200,10002.96,10002.8
10002,10003,2400,100,0.92,0.09538461538461539,0,10200,10002.96,10002.8
10002,10003,2400,100,0.92,0.09538461538461539,0,10200,10002.96,10002.8
10002,10004,2400,4500,-0.30434782608695654,0.05014749262536873,100,10300,10002.695652173914,10003.0
10002,10004,2400,4400,-0.29411764705882354,0.05325443786982249,100,10400,10002.70588235294,10003.0
10003,10004,100,4400,-0.9555555555555556,-0.003134796238244514,100,10500,10003.022222222222,10003.2
10003,10004,100,4400,-0.9555555555555556,-0.003134796238244514,0,10500,10003.022222222222,10003.2
10003,10004,100,4100,-0.9523809523809523,0.006329113924050633,300,10800,10003.02380952381,10003.2
10003,10004,100,4000,-0.9512195121951219,0.009523809523809525,100,10900,10003.024390243903,10003.2
10003,10004,100,4000,-0.9512195121951219,0.015772870662460567,0,10900,10003.024390243903,10003.2
10003,10004,100,3900,-0.95,0.0189873417721519,100,11000,10003.025,10003.2
10003,10004,100,3900,-0.95,0.0189873417721519,0,11000,10003.025,10003.2
10003,10004,100,3700,-0.9473684210526315,0.025477707006369428,200,11200,10003.026315789473,10003.2
10003,10004,100,3700,-0.9473684210526315,0.02875399361022364,0,11200,10003.026315789473,10003.2
10003,10004,100,3600,-0.9459459459459459,0.03205128205128205,100,11300,10003.027027027027,10003.2
10003,10004,100,3600,-0.9459459459459459,0.03870967741935484,0,11300,10003.027027027027,10003.2
10003,10004,100,3400,-0.9428571428571428,0.045454545454545456,200,11500,10003.028571428571,10003.2
10003,10004,100,3400,-0.9428571428571428,0.05573770491803279,0,11500,10003.028571428571,10003.2
10003,10004,100,3200,-0.9393939393939394,0.0627062706270627,200,11700,10003.030303030304,10003.2
10003,10004,100,2800,-0.9310344827586207,0.07692307692307693,400,12100,10003.034482758621,10003.2
10003,10004,100,2700,-0.9285714285714286,0.08053691275167785,100,12200,10003.035714285714,10003.2
10003,10004,100,2700,-0.9285714285714286,0.08783783783783784,0,12200,10003.035714285714,10003.2
10003,10004,100,2700,-0.9285714285714286,0.09523809523809523,0,12200,10003.035714285714,10003.2
10003,10004,100,2500,-0.9230769230769231,0.10273972602739725,200,12400,10003.038461538461,10003.2
10003,10004,100,2500,-0.9230769230769231,0.09965635738831616,0,12400,10003.038461538461,10003.2
10003,10004,100,2500,-0.9230769230769231,0.10344827586206896,0,12400,10003.038461538461,10003.2
10003,10004,100,2500,-0.9230769230769231,0.10344827586206896,0,12400,10003.038461538461,10003.2
10003,10004,100,2400,-0.92,0.10726643598615918,100,12500,10003.04,10003.2
10003,10004,100,2200,-0.9130434782608695,0.11498257839721254,200,12700,10003.04347826087,10003.2
10003,10004,100,2000,-0.9047619047619048,0.12280701754385964,200,12900,10003.047619047618,10003.2
10003,10004,100,1300,-0.8571428571428571,0.1510791366906475,700,13600,10003.07142857143,10003.2
10002,10004,2400,1300,0.2972972972972973,0.2053872053872054,-100,13500,10003.297297297297,10003.0
10002,10004,2400,1400,0.2631578947368421,0.20134228187919462,-100,13400,10003.263157894737,10003.0
10002,10004,2400,1400,0.2631578947368421,0.20134228187919462,0,13400,10003.263157894737,10003.0
10002,10004,2400,1300,0.2972972972972973,0.2053872053872054,100,13500,10003.297297297297,10003.0
10002,10004,2400,1300,0.2972972972972973,0.2,0,13500,10003.297297297297,10003.0
10002,10004,2400,1100,0.37142857142857144,0.20819112627986347,200,13700,10003.371428571429,10003.0
10003,10004,100,1100,-0.8333333333333334,0.15328467153284672,100,13800,10003.083333333334,10003.2
10003,10004,100,1100,-0.8333333333333334,0.15328467153284672,0,13800,10003.083333333334,10003.2
10003,10004,100,1100,-0.8333333333333334,0.15328467153284672,0,13800,10003.083333333334,10003.2
10003,10004,100,1100,-0.8333333333333334,0.1575091575091575,0,13800,10003.083333333334,10003.2
10003,10004,100,1000,-0.8181818181818182,0.16176470588235295,100,13900,10003.09090909091,10003.2
10003,10004,100,1000,-0.8181818181818182,0.16176470588235295,0,13900,10003.09090909091,10003.2
10003,10004,100,900,-0.8,0.16605166051660517,100,14000,10003.1,10003.2
10003,10004,100,900,-0.8,0.16605166051660517,0,14000,10003.1,10003.2
10003,10004,100,900,-0.8,0.18115942028985507,0,14000,10003.1,10003.2
10003,10004,100,900,-0.8,0.18545454545454546,0,14000,10003.1,10003.2
10003,10004,100,900,-0.8,0.18545454545454546,0,14000,10003.1,10003.2
10003,10004,100,800,-0.7777777777777778,0.1897810218978102,100,14100,10003.111111111111,10003.266666666666
10003,10004,100,800,-0.7777777777777778,0.19852941176470587,0,14100,10003.111111111111,10003.266666666666
10003,10004,100,800,-0.7777777777777778,0.21641791044776118,0,14100,10003.111111111111,10003.266666666666
10003,10004,100,700,-0.75,0.2209737827715356,100,14200,10003.125,10003.266666666666
10003,10004,100,700,-0.75,0.22388059701492538,0,14200,10003.125,10003.266666666666
10003,10004,100,600,-0.7142857142857143,0.22846441947565543,100,14300,10003.142857142857,10003.266666666666
10003,10004,100,800,-0.7777777777777778,0.21933085501858737,-200,14100,10003.111111111111,10003.266666666666
10003,10004,100,800,-0.7777777777777778,0.24731182795698925,0,14100,10003.111111111111,10003.266666666666
10003,10004,100,800,-0.7777777777777778,0.25,0,14100,10003.111111111111,10003.266666666666
10003,10004,100,800,-0.7777777777777778,0.2323943661971831,0,14100,10003.111111111111,10003.266666666666
10003,10004,100,800,-0.7777777777777778,0.23508771929824562,0,14100,10003.111111111111,10003.266666666666
10003,10004,100,800,-0.7777777777777778,0.24381625441696114,0,14100,10003.111111111111,10003.266666666666
10003,10004,100,800,-0.7777777777777778,0.24381625441696114,0,14100,10003.111111111111,10003.266666666666
10003,10004,100,800,-0.7777777777777778,0.24381625441696114,0,14100,10003.111111111111,10003.266666666666
10003,10004,200,800,-0.6,0.24647887323943662,100,14200,10003.2,10003.333333333334
10003,10004,200,800,-0.6,0.24210526315789474,0,14200,10003.2,10003.333333333334
10003,10004,300,800,-0.45454545454545453,0.24475524475524477,100,14300,10003.272727272728,10003.333333333334
10003,10004,500,800,-0.23076923076923078,0.25,200,14500,10003.384615384615,10003.4
10003,10004,600,800,-0.14285714285714285,0.25259515570934254,100,14600,10003.42857142857,10003.466666666667
10003,10004,600,700,-0.07692307692307693,0.2569444444444444,100,14700,10003.461538461539,10003.466666666667
10003,10004,600,700,-0.07692307692307693,0.26573426573426573,0,14700,10003.461538461539,10003.466666666667
10003,10004,600,700,-0.07692307692307693,0.26573426573426573,0,14700,10003.461538461539,10003.466666666667
10003,10004,600,700,-0.07692307692307693,0.2613240418118467,0,14700,10003.461538461539,10003.466666666667
10003,10004,600,700,-0.07692307692307693,0.2638888888888889,0,14700,10003.461538461539,10003.466666666667
10003,10004,600,1600,-0.45454545454545453,0.2255892255892256,-900,13800,10003.272727272728,10003.333333333334
10003,10004,600,700,-0.07692307692307693,0.2638888888888889,900,14700,10003.461538461539,10003.466666666667
10003,10004,600,700,-0.07692307692307693,0.2638888888888889,0,14700,10003.461538461539,10003.466666666667
10003,10004,600,900,-0.2,0.25517241379310346,-200,14500,10003.4,10003.466666666667
10003,10004,600,900,-0.2,0.25517241379310346,0,14500,10003.4,10003.466666666667
10003,10004,600,700,-0.07692307692307693,0.2638888888888889,200,14700,10003.461538461539,10003.466666666667
10003,10004,600,700,-0.07692307692307693,0.25951557093425603,0,14700,10003.461538461539,10003.466666666667
10003,10004,600,700,-0.07692307692307693,0.2646048109965636,0,14700,10003.461538461539,10003.466666666667
10003,10004,600,700,-0.07692307692307693,0.2689655172413793,0,14700,10003.461538461539,10003.466666666667
10003,10004,600,700,-0.07692307692307693,0.24745762711864408,0,14700,10003.461538461539,10003.466666666667
10003,10004,600,600,0.0,0.25170068027210885,100,14800,10003.5,10003.533333333333
10003,10004,600,600,0.0,0.24745762711864408,0,14800,10003.5,10003.533333333333
10003,10004,600,600,0.0,0.25170068027210885,0,14800,10003.5,10003.533333333333
10003,10004,600,500,0.09090909090909091,0.25597269624573377,100,14900,10003.545454545454,10003.533333333333
10003,10004,700,500,0.16666666666666666,0.2585034013605442,100,15000,10003.583333333334,10003.533333333333
10003,10004,700,500,0.16666666666666666,0.26101694915254237,0,15000,10003.583333333334,10003.533333333333
10003,10004,700,500,0.16666666666666666,0.26101694915254237,0,15000,10003.583333333334,10003.533333333333
10003,10004,700,300,0.4,0.2696245733788396,200,15200,10003.7,10003.666666666666
10003,10004,700,300,0.4,0.272108843537415,0,15200,10003.7,10003.666666666666
10003,10004,700,300,0.4,0.2646048109965636,0,15200,10003.7,10003.666666666666
10003,10004,700,300,0.4,0.2689655172413793,0,15200,10003.7,10003.666666666666
10003,10004,700,300,0.4,0.2664359861591695,0,15200,10003.7,10003.666666666666
10003,10004,700,300,0.4,0.2620689655172414,0,15200,10003.7,10003.666666666666
10003,10004,700,300,0.4,0.2620689655172414,0,15200,10003.7,10003.666666666666
10003,10004,700,300,0.4,0.2671232876712329,0,15200,10003.7,10003.666666666666
10003,10004,700,300,0.4,0.2671232876712329,0,15200,10003.7,10003.666666666666
10003,10004,700,300,0.4,0.2671232876712329,0,15200,10003.7,10003.666666666666
10003,10004,700,300,0.4,0.2671232876712329,0,15200,10003.7,10003.666666666666
10003,10004,700,300,0.4,0.2671232876712329,0,15200,10003.7,10003.666666666666
10003,10004,700,300,0.4,0.2671232876712329,0,15200,10003.7,10003.666666666666
10003,10004,700,400,0.2727272727272727,0.2627986348122867,-100,15100,10003.636363636364,10003.6
10003,10004,700,400,0.2727272727272727,0.2585034013605442,0,15100,10003.636363636364,10003.6
10003,10004,700,400,0.2727272727272727,0.27147766323024053,0,15100,10003.636363636364,10003.6
10003,10004,700,400,0.2727272727272727,0.28027681660899656,0,15100,10003.636363636364,10003.6
10003,10004,700,400,0.2727272727272727,0.2671232876712329,0,15100,10003.636363636364,10003.6
10003,10004,700,300,0.4,0.27147766323024053,100,15200,10003.7,10003.666666666666
10003,10004,700,300,0.4,0.27147766323024053,0,15200,10003.7,10003.666666666666
10003,10004,700,300,0.4,0.2689655172413793,0,15200,10003.7,10003.666666666666
10003,10004,700,300,0.4,0.2664359861591695,0,15200,10003.7,10003.666666666666
10003,10004,700,500,0.16666666666666666,0.25773195876288657,-200,15000,10003.583333333334,10003.533333333333
10003,10004,700,300,0.4,0.2664359861591695,200,15200,10003.7,10003.666666666666
10003,10004,700,300,0.4,0.24914675767918087,0,15200,10003.7,10003.666666666666
10003,10004,700,300,0.4,0.24914675767918087,0,15200,10003.7,10003.666666666666
10003,10004,700,300,0.4,0.24914675767918087,0,15200,10003.7,10003.666666666666
10003,10004,700,300,0.4,0.2465753424657534,0,15200,10003.7,10003.666666666666
10003,10004,700,300,0.4,0.2465753424657534,0,15200,10003.7,10003.666666666666
10003,10004,700,300,0.4,0.2465753424657534,0,15200,10003.7,10003.666666666666
10003,10004,700,200,0.5555555555555556,0.2508591065292096,100,15300,10003.777777777777,10003.666666666666
10003,10004,700,200,0.5555555555555556,0.24305555555555555,0,15300,10003.777777777777,10003.666666666666
10003,10004,700,200,0.5555555555555556,0.26501766784452296,0,15300,10003.777777777777,10003.666666666666
10003,10005,700,1100,-0.2222222222222222,0.1737704918032787,200,15500,10003.777777777777,10004.0
10003,10005,700,1300,-0.3,0.16612377850162866,-200,15300,10003.7,10004.0
10003,10005,800,1300,-0.23809523809523808,0.16883116883116883,100,15400,10003.761904761905,10004.0
10003,10005,800,1300,-0.23809523809523808,0.16883116883116883,0,15400,10003.761904761905,10004.0
10003,10005,800,1100,-0.15789473684210525,0.17647058823529413,200,15600,10003.842105263158,10004.0
10003,10005,800,1100,-0.15789473684210525,0.17263843648208468,0,15600,10003.842105263158,10004.0
10003,10005,800,900,-0.058823529411764705,0.18032786885245902,200,15800,10003.941176470587,10004.0
10003,10005,800,900,-0.058823529411764705,0.19093851132686085,0,15800,10003.941176470587,10004.0
10003,10005,800,900,-0.058823529411764705,0.1986970684039088,0,15800,10003.941176470587,10004.0
10003,10005,800,900,-0.058823529411764705,0.20261437908496732,0,15800,10003.941176470587,10004.0
10003,10005,800,900,-0.058823529411764705,0.1870967741935484,0,15800,10003.941176470587,10004.0
10003,10005,1000,900,0.05263157894736842,0.19230769230769232,200,16000,10004.052631578947,10004.0
10003,10005,1000,900,0.05263157894736842,0.18849840255591055,0,16000,10004.052631578947,10004.0
10003,10005,1000,900,0.05263157894736842,0.18849840255591055,0,16000,10004.052631578947,10004.0
10003,10005,1000,900,0.05263157894736842,0.18849840255591055,0,16000,10004.052631578947,10004.0
10003,10005,1000,900,0.05263157894736842,0.19230769230769232,0,16000,10004.052631578947,10004.0
10003,10005,1000,900,0.05263157894736842,0.19230769230769232,0,16000,10004.052631578947,10004.0
10003,10005,1000,900,0.05263157894736842,0.2,0,16000,10004.052631578947,10004.0
10003,10005,1000,900,0.05263157894736842,0.2,0,16000,10004.052631578947,10004.0
10003,10005,1000,900,0.05263157894736842,0.2,0,16000,10004.052631578947,10004.0
10003,10005,1000,900,0.05263157894736842,0.2,0,16000,10004.052631578947,10004.0
10003,10005,1000,900,0.05263157894736842,0.21172638436482086,0,16000,10004.052631578947,10004.0
10003,10005,1000,900,0.05263157894736842,0.18849840255591055,0,16000,10004.052631578947,10004.0
10003,10005,1000,900,0.05263157894736842,0.1962025316455696,0,16000,10004.052631578947,10004.0
10003,10005,1000,800,0.1111111111111111,0.2,100,16100,10004.111111111111,10004.0
10003,10005,1400,800,0.2727272727272727,0.21003134796238246,400,16500,10004.272727272728,10004.0
10003,10005,1400,800,0.2727272727272727,0.19504643962848298,0,16500,10004.272727272728,10004.0
10003,10005,1400,800,0.2727272727272727,0.19504643962848298,0,16500,10004.272727272728,10004.0
10003,10005,1400,800,0.2727272727272727,0.19504643962848298,0,16500,10004.272727272728,10004.0
10003,10005,1400,800,0.2727272727272727,0.19504643962848298,0,16500,10004.272727272728,10004.0
10003,10005,1400,400,0.5555555555555556,0.21003134796238246,400,16900,10004.555555555555,10004.0
10004,10005,100,400,-0.6,0.056179775280898875,100,17000,10004.2,10004.333333333334
10004,10005,100,400,-0.6,0.06319702602230483,0,17000,10004.2,10004.333333333334
10004,10005,100,200,-0.3333333333333333,0.07116104868913857,200,17200,10004.333333333334,10004.4
10004,10005,100,200,-0.3333333333333333,0.07924528301886792,0,17200,10004.333333333334,10004.4
10004,10005,100,200,-0.3333333333333333,0.07575757575757576,0,17200,10004.333333333334,10004.4
10004,10005,100,500,-0.6666666666666666,0.06367041198501873,-300,16900,10004.166666666666,10004.266666666666
10004,10005,100,500,-0.6666666666666666,0.06367041198501873,0,16900,10004.166666666666,10004.266666666666
10004,10005,100,900,-0.8,0.04797047970479705,-400,16500,10004.1,10004.2
10004,10005,100,900,-0.8,0.051470588235294115,0,16500,10004.1,10004.2
10004,10005,100,900,-0.8,0.051470588235294115,0,16500,10004.1,10004.2
10004,10005,100,1200,-0.8461538461538461,0.04,-300,16200,10004.076923076924,10004.2
10004,10005,100,1200,-0.8461538461538461,0.043478260869565216,0,16200,10004.076923076924,10004.2
10004,10005,100,1200,-0.8461538461538461,0.03597122302158273,0,16200,10004.076923076924,10004.2
10004,10005,100,1100,-0.8333333333333334,0.039711191335740074,100,16300,10004.083333333334,10004.2
10004,10005,300,1100,-0.5714285714285714,0.04659498207885305,200,16500,10004.214285714286,10004.333333333334
10004,10005,300,1100,-0.5714285714285714,0.04659498207885305,0,16500,10004.214285714286,10004.333333333334
10004,10005,300,1100,-0.5714285714285714,0.06338028169014084,0,16500,10004.214285714286,10004.333333333334
10004,10005,300,1100,-0.5714285714285714,0.06666666666666667,0,16500,10004.214285714286,10004.333333333334
10004,10005,300,1100,-0.5714285714285714,0.06666666666666667,0,16500,10004.214285714286,10004.333333333334
10004,10005,300,1100,-0.5714285714285714,0.06666666666666667,0,16500,10004.214285714286,10004.333333333334
10004,10005,300,1100,-0.5714285714285714,0.06293706293706294,0,16500,10004.214285714286,10004.333333333334
10004,10005,300,1000,-0.5384615384615384,0.06666666666666667,100,16600,10004.23076923077,10004.333333333334
10004,10005,300,1000,-0.5384615384615384,0.059233449477351915,0,16600,10004.23076923077,10004.333333333334
10004,10005,300,1000,-0.5384615384615384,0.07420494699646643,0,16600,10004.23076923077,10004.333333333334
10004,10005,300,1000,-0.5384615384615384,0.07420494699646643,0,16600,10004.23076923077,10004.333333333334
10004,10005,300,1000,-0.5384615384615384,0.07746478873239436,0,16600,10004.23076923077,10004.333333333334
10004,10005,300,700,-0.4,0.08896797153024912,300,16900,10004.3,10004.4
10004,10005,300,700,-0.4,0.08896797153024912,0,16900,10004.3,10004.4
10004,10005,300,700,-0.4,0.08243727598566308,0,16900,10004.3,10004.4
10004,10005,300,700,-0.4,0.06713780918727916,0,16900,10004.3,10004.4
10004,10005,300,700,-0.4,0.06713780918727916,0,16900,10004.3,10004.4
10004,10005,300,700,-0.4,0.06382978723404255,0,16900,10004.3,10004.4
10004,10005,300,300,0.0,0.07913669064748201,400,17300,10004.5,10004.533333333333
10004,10005,300,300,0.0,0.07526881720430108,0,17300,10004.5,10004.533333333333
10004,10005,300,300,0.0,0.07526881720430108,0,17300,10004.5,10004.533333333333
10004,10005,300,300,0.0,0.08185053380782918,0,17300,10004.5,10004.533333333333
10004,10005,300,300,0.0,0.08185053380782918,0,17300,10004.5,10004.533333333333
10004,10005,300,300,0.0,0.0851063829787234,0,17300,10004.5,10004.533333333333
10004,10005,300,300,0.0,0.0851063829787234,0,17300,10004.5,10004.533333333333
10004,10005,300,300,0.0,0.09473684210526316,0,17300,10004.5,10004.533333333333
10004,10006,300,4200,-0.8666666666666667,0.0064516129032258064,300,17600,10004.133333333333,10005.0
10004,10006,300,4200,-0.8666666666666667,0.0064516129032258064,0,17600,10004.133333333333,10005.0
10004,10006,300,4200,-0.8666666666666667,0.003215434083601286,0,17600,10004.133333333333,10005.0
10004,10006,300,4200,-0.8666666666666667,-0.003236245954692557,0,17600,10004.133333333333,10005.0
10004,10006,300,4000,-0.8604651162790697,0.003257328990228013,200,17800,10004.139534883721,10005.0
10004,10006,500,4000,-0.7777777777777778,0.009708737864077669,200,18000,10004.222222222223,10005.0
10004,10006,500,4000,-0.7777777777777778,0.012903225806451613,0,18000,10004.222222222223,10005.0
10005,10006,100,4000,-0.9512195121951219,-0.15037593984962405,100,18100,10005.024390243903,10005.2
10005,10006,100,4000,-0.9512195121951219,-0.16793893129770993,0,18100,10005.024390243903,10005.2
10005,10006,100,4000,-0.9512195121951219,-0.16793893129770993,0,18100,10005.024390243903,10005.2
10005,10006,100,4000,-0.9512195121951219,-0.16793893129770993,0,18100,10005.024390243903,10005.2
10005,10006,100,4000,-0.9512195121951219,-0.1634980988593156,0,18100,10005.024390243903,10005.2
10005,10006,100,4000,-0.9512195121951219,-0.15708812260536398,0,18100,10005.024390243903,10005.2
10005,10006,100,4000,-0.9512195121951219,-0.15708812260536398,0,18100,10005.024390243903,10005.2
10005,10006,100,4000,-0.9512195121951219,-0.16153846153846155,0,18100,10005.024390243903,10005.2
10005,10006,100,4000,-0.9512195121951219,-0.15708812260536398,0,18100,10005.024390243903,10005.2
10005,10006,100,4000,-0.9512195121951219,-0.15267175572519084,0,18100,10005.024390243903,10005.2
10005,10006,100,3800,-0.9487179487179487,-0.14615384615384616,200,18300,10005.02564102564,10005.2
10005,10006,100,3800,-0.9487179487179487,-0.1328125,0,18300,10005.02564102564,10005.2
10005,10006,100,3300,-0.9411764705882353,-0.11553784860557768,500,18800,10005.029411764706,10005.2
10005,10006,100,3300,-0.9411764705882353,-0.11904761904761904,0,18800,10005.029411764706,10005.2
10005,10006,100,3300,-0.9411764705882353,-0.11904761904761904,0,18800,10005.029411764706,10005.2
10005,10006,100,2300,-0.9166666666666666,-0.08264462809917356,1000,19800,10005.041666666666,10005.2
10005,10006,100,2300,-0.9166666666666666,-0.09623430962343096,0,19800,10005.041666666666,10005.2
10005,10006,100,2000,-0.9047619047619048,-0.0847457627118644,300,20100,10005.047619047618,10005.2
10005,10006,100,1700,-0.8888888888888888,-0.07296137339055794,300,20400,10005.055555555555,10005.2
10005,10006,100,1600,-0.8823529411764706,-0.06896551724137931,100,20500,10005.058823529413,10005.2
10005,10006,200,1600,-0.7777777777777778,-0.06437768240343347,100,20600,10005.111111111111,10005.266666666666
10005,10006,200,1300,-0.7333333333333333,-0.05217391304347826,300,20900,10005.133333333333,10005.266666666666
10005,10006,200,1200,-0.7142857142857143,-0.048034934497816595,100,21000,10005.142857142857,10005.266666666666
10005,10006,200,1200,-0.7142857142857143,-0.034482758620689655,0,21000,10005.142857142857,10005.266666666666
10005,10006,200,1100,-0.6923076923076923,-0.030303030303030304,100,21100,10005.153846153846,10005.266666666666
10005,10006,200,1100,-0.6923076923076923,-0.030303030303030304,0,21100,10005.153846153846,10005.266666666666
10005,10006,200,1000,-0.6666666666666666,-0.02608695652173913,100,21200,10005.166666666666,10005.266666666666
10005,10006,200,800,-0.6,-0.017543859649122806,200,21400,10005.2,10005.333333333334
10005,10006,200,800,-0.6,-0.017543859649122806,0,21400,10005.2,10005.333333333334
10005,10006,200,700,-0.5555555555555556,-0.013215859030837005,100,21500,10005.222222222223,10005.333333333334
10005,10006,200,700,-0.5555555555555556,-0.02608695652173913,0,21500,10005.222222222223,10005.333333333334
10005,10006,200,700,-0.5555555555555556,-0.02608695652173913,0,21500,10005.222222222223,10005.333333333334
10005,10006,200,700,-0.5555555555555556,-0.017241379310344827,0,21500,10005.222222222223,10005.333333333334
10005,10006,200,700,-0.5555555555555556,-0.017241379310344827,0,21500,10005.222222222223,10005.333333333334
10005,10006,200,200,0.0,0.004405286343612335,500,22000,10005.5,10005.533333333333
10005,10006,200,200,0.0,0.004405286343612335,0,22000,10005.5,10005.533333333333
10005,10006,200,400,-0.3333333333333333,-0.004366812227074236,-200,21800,10005.333333333334,10005.4
10005,10006,200,400,-0.3333333333333333,-0.004366812227074236,0,21800,10005.333333333334,10005.4
10005,10006,200,400,-0.3333333333333333,-0.004366812227074236,0,21800,10005.333333333334,10005.4
10005,10006,200,400,-0.3333333333333333,-0.004366812227074236,0,21800,10005.333333333334,10005.4
10005,10006,200,400,-0.3333333333333333,0.0,0,21800,10005.333333333334,10005.4
10005,10006,200,400,-0.3333333333333333,0.017857142857142856,0,21800,10005.333333333334,10005.4
10005,10006,200,400,-0.3333333333333333,0.017857142857142856,0,21800,10005.333333333334,10005.4
10005,10006,200,400,-0.3333333333333333,0.013333333333333334,0,21800,10005.333333333334,10005.4
10005,10006,200,300,-0.2,0.017857142857142856,100,21900,10005.4,10005.466666666667
10005,10006,200,100,0.3333333333333333,0.02702702702702703,200,22100,10005.666666666666,10005.6
10005,10006,200,300,-0.2,0.017857142857142856,-200,21900,10005.4,10005.466666666667
10005,10006,200,300,-0.2,0.017857142857142856,0,21900,10005.4,10005.466666666667
10005,10006,200,300,-0.2,0.004405286343612335,0,21900,10005.4,10005.466666666667
10005,10006,600,300,0.3333333333333333,0.021645021645021644,400,22300,10005.666666666666,10005.6
10005,10006,600,300,0.3333333333333333,0.058333333333333334,0,22300,10005.666666666666,10005.6
10005,10006,600,300,0.3333333333333333,0.058333333333333334,0,22300,10005.666666666666,10005.6
10005,10006,600,300,0.3333333333333333,0.058333333333333334,0,22300,10005.666666666666,10005.6
10005,10006,600,300,0.3333333333333333,0.05394190871369295,0,22300,10005.666666666666,10005.6
10005,10006,600,300,0.3333333333333333,0.040983606557377046,0,22300,10005.666666666666,10005.6
10005,10006,600,300,0.3333333333333333,0.040983606557377046,0,22300,10005.666666666666,10005.6
10005,10006,600,300,0.3333333333333333,0.036734693877551024,0,22300,10005.666666666666,10005.6
10005,10006,600,300,0.3333333333333333,0.036734693877551024,0,22300,10005.666666666666,10005.6
10005,10006,600,300,0.3333333333333333,0.02880658436213992,0,22300,10005.666666666666,10005.6
10005,10006,600,300,0.3333333333333333,0.059322033898305086,0,22300,10005.666666666666,10005.6
10005,10006,600,300,0.3333333333333333,0.059322033898305086,0,22300,10005.666666666666,10005.6
10005,10006,600,300,0.3333333333333333,0.06837606837606838,0,22300,10005.666666666666,10005.6
10005,10006,600,300,0.3333333333333333,0.06837606837606838,0,22300,10005.666666666666,10005.6
10005,10006,600,300,0.3333333333333333,0.07296137339055794,0,22300,10005.666666666666,10005.6
10005,10006,700,300,0.4,0.07692307692307693,100,22400,10005.7,10005.666666666666
10005,10006,700,300,0.4,0.06493506493506493,0,22400,10005.7,10005.666666666666
10005,10006,700,100,0.75,0.07423580786026202,200,22600,10005.875,10005.733333333334
10005,10006,700,100,0.75,0.07017543859649122,0,22600,10005.875,10005.733333333334
10005,10006,700,100,0.75,0.06607929515418502,0,22600,10005.875,10005.733333333334
10005,10007,700,3200,-0.6410256410256411,0.056768558951965066,100,22700,10005.358974358975,10006.0
10005,10007,700,3200,-0.6410256410256411,0.048458149779735685,0,22700,10005.358974358975,10006.0
10005,10007,700,3200,-0.6410256410256411,0.043859649122807015,0,22700,10005.358974358975,10006.0
10005,10007,700,3200,-0.6410256410256411,0.039647577092511016,0,22700,10005.358974358975,10006.0
10005,10007,700,3500,-0.6666666666666666,0.02608695652173913,-300,22400,10005.333333333334,10006.0
10005,10007,700,3500,-0.6666666666666666,0.017241379310344827,0,22400,10005.333333333334,10006.0
10005,10007,700,3500,-0.6666666666666666,0.017241379310344827,0,22400,10005.333333333334,10006.0
10005,10007,700,3500,-0.6666666666666666,0.02564102564102564,0,22400,10005.333333333334,10006.0
10005,10007,700,3500,-0.6666666666666666,0.01694915254237288,0,22400,10005.333333333334,10006.0
10005,10007,700,3900,-0.6956521739130435,0.0,-400,22000,10005.304347826086,10006.0
10005,10007,700,3900,-0.6956521739130435,0.0,0,22000,10005.304347826086,10006.0
10005,10007,700,3900,-0.6956521739130435,0.0,0,22000,10005.304347826086,10006.0
10005,10007,700,3900,-0.6956521739130435,0.0,0,22000,10005.304347826086,10006.0
10005,10007,700,3900,-0.6956521739130435,-0.01639344262295082,0,22000,10005.304347826086,10006.0
10005,10007,700,3900,-0.6956521739130435,-0.004149377593360996,0,22000,10005.304347826086,10006.0
10005,10007,700,3900,-0.6956521739130435,0.0,0,22000,10005.304347826086,10006.0
10005,10007,700,3900,-0.6956521739130435,0.0,0,22000,10005.304347826086,10006.0
10006,10007,400,3900,-0.813953488372093,-0.16346153846153846,400,22400,10006.093023255815,10006.2
10006,10007,400,3900,-0.813953488372093,-0.16346153846153846,0,22400,10006.093023255815,10006.2
10006,10007,400,3900,-0.813953488372093,-0.15789473684210525,0,22400,10006.093023255815,10006.2
10006,10007,400,3900,-0.813953488372093,-0.15789473684210525,0,22400,10006.093023255815,10006.2
10006,10007,400,3900,-0.813953488372093,-0.16346153846153846,0,22400,10006.093023255815,10006.2
10006,10007,400,3900,-0.813953488372093,-0.16346153846153846,0,22400,10006.093023255815,10006.2
10006,10007,400,3900,-0.813953488372093,-0.1674641148325359,0,22400,10006.093023255815,10006.2
10006,10007,400,3900,-0.813953488372093,-0.1674641148325359,0,22400,10006.093023255815,10006.2
10006,10007,400,3900,-0.813953488372093,-0.1674641148325359,0,22400,10006.093023255815,10006.2
10006,10007,400,3900,-0.813953488372093,-0.1619047619047619,0,22400,10006.093023255815,10006.2
10006,10007,400,3900,-0.813953488372093,-0.1619047619047619,0,22400,10006.093023255815,10006.2
10006,10007,400,3900,-0.813953488372093,-0.1619047619047619,0,22400,10006.093023255815,10006.2
10006,10007,400,3900,-0.813953488372093,-0.16587677725118483,0,22400,10006.093023255815,10006.2
10006,10007,400,3900,-0.813953488372093,-0.1813953488372093,0,22400,10006.093023255815,10006.2
10006,10007,400,3900,-0.813953488372093,-0.17050691244239632,0,22400,10006.093023255815,10006.2
10006,10007,500,3900,-0.7727272727272727,-0.1651376146788991,100,22500,10006.113636363636,10006.266666666666
10006,10007,500,3900,-0.7727272727272727,-0.1651376146788991,0,22500,10006.113636363636,10006.266666666666
10006,10007,500,3900,-0.7727272727272727,-0.1651376146788991,0,22500,10006.113636363636,10006.266666666666
10006,10007,1000,3900,-0.5918367346938775,-0.13901345291479822,500,23000,10006.204081632653,10006.333333333334
10006,10007,1200,3900,-0.5294117647058824,-0.1288888888888889,200,23200,10006.235294117647,10006.333333333334
10006,10007,1200,3900,-0.5294117647058824,-0.13901345291479822,0,23200,10006.235294117647,10006.333333333334
10006,10007,1200,3900,-0.5294117647058824,-0.13901345291479822,0,23200,10006.235294117647,10006.333333333334
10006,10007,1200,3900,-0.5294117647058824,-0.13901345291479822,0,23200,10006.235294117647,10006.333333333334
10006,10007,1200,3800,-0.52,-0.13513513513513514,100,23300,10006.24,10006.333333333334
10006,10007,1200,3900,-0.5294117647058824,-0.13901345291479822,-100,23200,10006.235294117647,10006.333333333334
10006,10007,1100,3900,-0.56,-0.14414414414414414,-100,23100,10006.22,10006.333333333334
10006,10007,1100,3900,-0.56,-0.15454545454545454,0,23100,10006.22,10006.333333333334
10006,10007,1100,3900,-0.56,-0.16216216216216217,0,23100,10006.22,10006.333333333334
10006,10007,1100,3900,-0.56,-0.15695067264573992,0,23100,10006.22,10006.333333333334
10006,10007,1100,3900,-0.56,-0.15695067264573992,0,23100,10006.22,10006.333333333334
10006,10007,1100,3900,-0.56,-0.16071428571428573,0,23100,10006.22,10006.333333333334
10006,10007,1000,3900,-0.5918367346938775,-0.16591928251121077,-100,23000,10006.204081632653,10006.333333333334
10006,10007,1000,3800,-0.5833333333333334,-0.16216216216216217,100,23100,10006.208333333334,10006.333333333334
10006,10007,1000,3800,-0.5833333333333334,-0.167420814479638,0,23100,10006.208333333334,10006.333333333334
10006,10007,1000,3700,-0.574468085106383,-0.16363636363636364,100,23200,10006.212765957447,10006.333333333334
10006,10007,1000,3600,-0.5652173913043478,-0.1598173515981735,100,23300,10006.217391304348,10006.333333333334
10006,10007,1000,3600,-0.5652173913043478,-0.1598173515981735,0,23300,10006.217391304348,10006.333333333334
10006,10007,1000,3600,-0.5652173913043478,-0.1598173515981735,0,23300,10006.217391304348,10006.333333333334
10006,10007,1000,3600,-0.5652173913043478,-0.17117117117117117,0,23300,10006.217391304348,10006.333333333334
10006,10007,1000,3800,-0.5833333333333334,-0.17857142857142858,-200,23100,10006.208333333334,10006.333333333334
10006,10007,800,3800,-0.6521739130434783,-0.1891891891891892,-200,22900,10006.173913043478,10006.266666666666
10006,10007,800,3800,-0.6521739130434783,-0.1891891891891892,0,22900,10006.173913043478,10006.266666666666
10006,10007,800,3800,-0.6521739130434783,-0.1891891891891892,0,22900,10006.173913043478,10006.266666666666
10006,10007,800,3800,-0.6521739130434783,-0.1891891891891892,0,22900,10006.173913043478,10006.266666666666
10006,10007,800,3800,-0.6521739130434783,-0.19282511210762332,0,22900,10006.173913043478,10006.266666666666
10006,10007,800,3800,-0.6521739130434783,-0.1891891891891892,0,22900,10006.173913043478,10006.266666666666
10006,10007,800,3800,-0.6521739130434783,-0.2,0,22900,10006.173913043478,10006.266666666666
10006,10007,800,3800,-0.6521739130434783,-0.2,0,22900,10006.173913043478,10006.266666666666
10006,10007,800,3800,-0.6521739130434783,-0.17857142857142858,0,22900,10006.173913043478,10006.266666666666
10006,10007,800,3800,-0.6521739130434783,-0.17117117117117117,0,22900,10006.173913043478,10006.266666666666
10006,10007,800,3800,-0.6521739130434783,-0.1926605504587156,0,22900,10006.173913043478,10006.266666666666
10006,10007,800,3800,-0.6521739130434783,-0.1926605504587156,0,22900,10006.173913043478,10006.266666666666
10006,10007,800,3800,-0.6521739130434783,-0.1926605504587156,0,22900,10006.173913043478,10006.266666666666
10006,10007,1200,3800,-0.52,-0.17117117117117117,400,23300,10006.24,10006.333333333334
10006,10007,1200,3800,-0.52,-0.167420814479638,0,23300,10006.24,10006.333333333334
10006,10007,1200,3800,-0.52,-0.167420814479638,0,23300,10006.24,10006.333333333334
10006,10007,1200,3800,-0.52,-0.16216216216216217,0,23300,10006.24,10006.333333333334
10006,10007,1200,3800,-0.52,-0.15695067264573992,0,23300,10006.24,10006.333333333334
10006,10007,1200,3800,-0.52,-0.15695067264573992,0,23300,10006.24,10006.333333333334
10006,10007,1200,3800,-0.52,-0.16071428571428573,0,23300,10006.24,10006.333333333334
10006,10007,1200,3800,-0.52,-0.15315315315315314,0,23300,10006.24,10006.333333333334
10006,10007,1200,3800,-0.52,-0.13777777777777778,0,23300,10006.24,10006.333333333334
10006,10007,1200,3900,-0.5294117647058824,-0.1415929203539823,-100,23200,10006.235294117647,10006.333333333334
10006,10007,1200,3900,-0.5294117647058824,-0.1415929203539823,0,23200,10006.235294117647,10006.333333333334
10006,10007,1200,3900,-0.5294117647058824,-0.1415929203539823,0,23200,10006.235294117647,10006.333333333334
10006,10007,1200,3900,-0.5294117647058824,-0.13157894736842105,0,23200,10006.235294117647,10006.333333333334
10006,10007,1200,3900,-0.5294117647058824,-0.13656387665198239,0,23200,10006.235294117647,10006.333333333334
10006,10007,1200,4100,-0.5471698113207547,-0.14410480349344978,-200,23000,10006.22641509434,10006.333333333334
10006,10007,1200,4100,-0.5471698113207547,-0.14410480349344978,0,23000,10006.22641509434,10006.333333333334
10006,10007,1200,4100,-0.5471698113207547,-0.14410480349344978,0,23000,10006.22641509434,10006.333333333334
10006,10007,1200,4100,-0.5471698113207547,-0.14410480349344978,0,23000,10006.22641509434,10006.333333333334
10006,10007,1200,4100,-0.5471698113207547,-0.14782608695652175,0,23000,10006.22641509434,10006.333333333334
10006,10007,1200,4200,-0.5555555555555556,-0.15151515151515152,-100,22900,10006.222222222223,10006.333333333334
10006,10007,1200,4200,-0.5555555555555556,-0.16666666666666666,0,22900,10006.222222222223,10006.333333333334
10006,10007,1200,4200,-0.5555555555555556,-0.16666666666666666,0,22900,10006.222222222223,10006.333333333334
10006,10007,1200,4200,-0.5555555555555556,-0.14655172413793102,0,22900,10006.222222222223,10006.333333333334
10006,10007,1200,4200,-0.5555555555555556,-0.14655172413793102,0,22900,10006.222222222223,10006.333333333334
10006,10007,1200,4200,-0.5555555555555556,-0.14655172413793102,0,22900,10006.222222222223,10006.333333333334
10006,10007,1200,4200,-0.5555555555555556,-0.15384615384615385,0,22900,10006.222222222223,10006.333333333334
10006,10007,1200,4200,-0.5555555555555556,-0.15384615384615385,0,22900,10006.222222222223,10006.333333333334
10006,10007,1200,4200,-0.5555555555555556,-0.15384615384615385,0,22900,10006.222222222223,10006.333333333334
10006,10007,1200,4200,-0.5555555555555556,-0.14893617021276595,0,22900,10006.222222222223,10006.333333333334
10006,10007,1200,4200,-0.5555555555555556,-0.15384615384615385,0,22900,10006.222222222223,10006.333333333334
10006,10007,1200,4200,-0.5555555555555556,-0.16101694915254236,0,22900,10006.222222222223,10006.333333333334
10006,10007,1200,4200,-0.5555555555555556,-0.15126050420168066,0,22900,10006.222222222223,10006.333333333334
10006,10007,1200,4200,-0.5555555555555556,-0.15481171548117154,0,22900,10006.222222222223,10006.333333333334
10006,10007,1200,4300,-0.5636363636363636,-0.15833333333333333,-100,22800,10006.218181818182,10006.333333333334
10006,10007,1200,4300,-0.5636363636363636,-0.15833333333333333,0,22800,10006.218181818182,10006.333333333334
10006,10007,1200,4300,-0.5636363636363636,-0.15833333333333333,0,22800,10006.218181818182,10006.333333333334
10006,10007,1200,4500,-0.5789473684210527,-0.1652892561983471,-200,22600,10006.21052631579,10006.333333333334
10006,10007,1200,4400,-0.5714285714285714,-0.16182572614107885,100,22700,10006.214285714286,10006.333333333334
10006,10007,1200,4400,-0.5714285714285714,-0.16666666666666666,0,22700,10006.214285714286,10006.333333333334
10006,10007,1200,4400,-0.5714285714285714,-0.16666666666666666,0,22700,10006.214285714286,10006.333333333334
10006,10007,1200,4400,-0.5714285714285714,-0.21739130434782608,0,22700,10006.214285714286,10006.333333333334
10006,10007,1100,4400,-0.6,-0.22270742358078602,-100,22600,10006.2,10006.333333333334
10006,10007,1100,4400,-0.6,-0.22270742358078602,0,22600,10006.2,10006.333333333334
10006,10007,1100,4800,-0.6271186440677966,-0.23605150214592274,-400,22200,10006.186440677966,10006.266666666666
10006,10007,1000,4800,-0.6551724137931034,-0.2413793103448276,-100,22100,10006.172413793103,10006.266666666666
10006,10007,1000,4700,-0.6491228070175439,-0.23809523809523808,100,22200,10006.17543859649,10006.266666666666
10006,10007,1000,4600,-0.6428571428571429,-0.23478260869565218,100,22300,10006.17857142857,10006.266666666666
10006,10007,1000,4500,-0.6363636363636364,-0.2314410480349345,100,22400,10006.181818181818,10006.266666666666
10006,10007,1000,4500,-0.6363636363636364,-0.2314410480349345,0,22400,10006.181818181818,10006.266666666666
10006,10007,1000,4500,-0.6363636363636364,-0.23809523809523808,0,22400,10006.181818181818,10006.266666666666
10006,10007,1000,4500,-0.6363636363636364,-0.23809523809523808,0,22400,10006.181818181818,10006.266666666666
10006,10007,1000,4500,-0.6363636363636364,-0.2599118942731278,0,22400,10006.181818181818,10006.266666666666
10006,10007,800,4500,-0.6981132075471698,-0.27111111111111114,-200,22200,10006.150943396226,10006.266666666666
10006,10007,800,4300,-0.6862745098039216,-0.2645739910313901,200,22400,10006.156862745098,10006.266666666666
10006,10007,700,4300,-0.72,-0.2702702702702703,-100,22300,10006.14,10006.266666666666
10006,10007,700,4300,-0.72,-0.2669683257918552,0,22300,10006.14,10006.266666666666
10006,10007,700,4300,-0.72,-0.26126126126126126,0,22300,10006.14,10006.266666666666
10006,10007,700,4300,-0.72,-0.26126126126126126,0,22300,10006.14,10006.266666666666
10006,10007,700,4300,-0.72,-0.26126126126126126,0,22300,10006.14,10006.266666666666
10006,10007,700,4300,-0.72,-0.2579185520361991,0,22300,10006.14,10006.266666666666
10006,10007,700,4300,-0.72,-0.2579185520361991,0,22300,10006.14,10006.266666666666
10006,10007,700,4300,-0.72,-0.24423963133640553,0,22300,10006.14,10006.266666666666
10006,10007,700,4300,-0.72,-0.24423963133640553,0,22300,10006.14,10006.266666666666
10006,10007,700,4300,-0.72,-0.2545454545454545,0,22300,10006.14,10006.266666666666
10006,10007,700,4300,-0.72,-0.2545454545454545,0,22300,10006.14,10006.266666666666
10006,10007,700,4300,-0.72,-0.2579185520361991,0,22300,10006.14,10006.266666666666
10006,10007,700,4300,-0.72,-0.25225225225225223,0,22300,10006.14,10006.266666666666
10006,10007,700,4300,-0.72,-0.25225225225225223,0,22300,10006.14,10006.266666666666
10006,10007,700,4100,-0.7083333333333334,-0.24545454545454545,200,22500,10006.145833333334,10006.266666666666
10006,10007,700,4100,-0.7083333333333334,-0.24545454545454545,0,22500,10006.145833333334,10006.266666666666
10006,10007,700,4100,-0.7083333333333334,-0.25892857142857145,0,22500,10006.145833333334,10006.266666666666
10006,10007,700,4100,-0.7083333333333334,-0.2556053811659193,0,22500,10006.145833333334,10006.266666666666
10006,10007,700,4100,-0.7083333333333334,-0.26126126126126126,0,22500,10006.145833333334,10006.266666666666
10006,10007,700,4100,-0.7083333333333334,-0.26126126126126126,0,22500,10006.145833333334,10006.266666666666
10006,10007,700,4100,-0.7083333333333334,-0.26126126126126126,0,22500,10006.145833333334,10006.266666666666
10006,10007,700,3900,-0.6956521739130435,-0.2545454545454545,200,22700,10006.152173913044,10006.266666666666
10006,10007,700,3900,-0.6956521739130435,-0.2545454545454545,0,22700,10006.152173913044,10006.266666666666
10006,10007,700,3900,-0.6956521739130435,-0.2545454545454545,0,22700,10006.152173913044,10006.266666666666
10006,10007,900,3900,-0.625,-0.24324324324324326,200,22900,10006.1875,10006.266666666666
10006,10007,900,3900,-0.625,-0.23214285714285715,0,22900,10006.1875,10006.266666666666
10006,10007,900,3900,-0.625,-0.22869955156950672,0,22900,10006.1875,10006.266666666666
10006,10007,900,3900,-0.625,-0.22869955156950672,0,22900,10006.1875,10006.266666666666
10006,10007,900,3900,-0.625,-0.21238938053097345,0,22900,10006.1875,10006.266666666666
10006,10007,900,3900,-0.625,-0.1965065502183406,0,22900,10006.1875,10006.266666666666
10006,10007,900,3900,-0.625,-0.2,0,22900,10006.1875,10006.266666666666
10006,10007,900,3900,-0.625,-0.2,0,22900,10006.1875,10006.266666666666
10006,10007,900,3900,-0.625,-0.2,0,22900,10006.1875,10006.266666666666
10006,10007,900,3900,-0.625,-0.2,0,22900,10006.1875,10006.266666666666
10006,10007,900,3900,-0.625,-0.19480519480519481,0,22900,10006.1875,10006.266666666666
10006,10007,900,3900,-0.625,-0.19480519480519481,0,22900,10006.1875,10006.266666666666
10006,10007,900,3900,-0.625,-0.2,0,22900,10006.1875,10006.266666666666
10006,10007,900,3900,-0.625,-0.2,0,22900,10006.1875,10006.266666666666
10006,10007,900,3900,-0.625,-0.2,0,22900,10006.1875,10006.266666666666
10006,10007,900,3900,-0.625,-0.2,0,22900,10006.1875,10006.266666666666
10006,10007,900,3900,-0.625,-0.1896551724137931,0,22900,10006.1875,10006.266666666666
10006,10007,900,3900,-0.625,-0.1896551724137931,0,22900,10006.1875,10006.266666666666
10006,10007,900,3900,-0.625,-0.1896551724137931,0,22900,10006.1875,10006.266666666666
10006,10007,900,3900,-0.625,-0.1896551724137931,0,22900,10006.1875,10006.266666666666
10006,10007,900,3900,-0.625,-0.1896551724137931,0,22900,10006.1875,10006.266666666666
10006,10007,800,3900,-0.6595744680851063,-0.19480519480519481,-100,22800,10006.170212765957,10006.266666666666
10006,10007,800,3900,-0.6595744680851063,-0.19130434782608696,0,22800,10006.170212765957,10006.266666666666
10006,10007,800,3900,-0.6595744680851063,-0.19130434782608696,0,22800,10006.170212765957,10006.266666666666
10006,10007,700,3900,-0.6956521739130435,-0.1965065502183406,-100,22700,10006.152173913044,10006.266666666666
10006,10007,700,3900,-0.6956521739130435,-0.19130434782608696,0,22700,10006.152173913044,10006.266666666666
10006,10007,700,3900,-0.6956521739130435,-0.19480519480519481,0,22700,10006.152173913044,10006.266666666666
10006,10007,700,4000,-0.7021276595744681,-0.19827586206896552,-100,22600,10006.148936170213,10006.266666666666
10006,10007,700,4000,-0.7021276595744681,-0.20512820512820512,0,22600,10006.148936170213,10006.266666666666
10006,10007,700,4000,-0.7021276595744681,-0.2017167381974249,0,22600,10006.148936170213,10006.266666666666
10006,10007,800,4000,-0.6666666666666666,-0.19658119658119658,100,22700,10006.166666666666,10006.266666666666
10006,10007,800,4000,-0.6666666666666666,-0.2017167381974249,0,22700,10006.166666666666,10006.266666666666
10006,10007,800,4000,-0.6666666666666666,-0.2017167381974249,0,22700,10006.166666666666,10006.266666666666
10006,10007,800,4000,-0.6666666666666666,-0.2017167381974249,0,22700,10006.166666666666,10006.266666666666
10006,10007,800,4000,-0.6666666666666666,-0.2017167381974249,0,22700,10006.166666666666,10006.266666666666
10006,10007,800,4000,-0.6666666666666666,-0.2017167381974249,0,22700,10006.166666666666,10006.266666666666
10006,10007,800,4000,-0.6666666666666666,-0.20689655172413793,0,22700,10006.166666666666,10006.266666666666
10006,10007,800,4000,-0.6666666666666666,-0.21739130434782608,0,22700,10006.166666666666,10006.266666666666
10006,10007,800,4000,-0.6666666666666666,-0.21739130434782608,0,22700,10006.166666666666,10006.266666666666
10006,10007,800,4000,-0.6666666666666666,-0.21052631578947367,0,22700,10006.166666666666,10006.266666666666
10006,10007,800,4000,-0.6666666666666666,-0.20704845814977973,0,22700,10006.166666666666,10006.266666666666
10006,10007,800,4000,-0.6666666666666666,-0.20704845814977973,0,22700,10006.166666666666,10006.266666666666
10006,10007,800,4000,-0.6666666666666666,-0.20704845814977973,0,22700,10006.166666666666,10006.266666666666
10006,10007,800,4000,-0.6666666666666666,-0.1965065502183406,0,22700,10006.166666666666,10006.266666666666
10006,10007,900,4000,-0.6326530612244898,-0.19130434782608696,100,22800,10006.183673469388,10006.266666666666
10006,10007,900,4000,-0.6326530612244898,-0.2398190045248869,0,22800,10006.183673469388,10006.266666666666
10006,10007,900,4000,-0.6326530612244898,-0.2398190045248869,0,22800,10006.183673469388,10006.266666666666
10006,10007,900,4000,-0.6326530612244898,-0.2328767123287671,0,22800,10006.183673469388,10006.266666666666
10006,10007,900,4000,-0.6326530612244898,-0.22171945701357465,0,22800,10006.183673469388,10006.266666666666
10006,10007,900,4000,-0.6326530612244898,-0.22727272727272727,0,22800,10006.183673469388,10006.266666666666
10006,10007,900,4000,-0.6326530612244898,-0.22727272727272727,0,22800,10006.183673469388,10006.266666666666
10006,10007,900,4000,-0.6326530612244898,-0.23076923076923078,0,22800,10006.183673469388,10006.266666666666
10006,10007,900,4000,-0.6326530612244898,-0.23076923076923078,0,22800,10006.183673469388,10006.266666666666
10006,10007,900,4000,-0.6326530612244898,-0.23423423423423423,0,22800,10006.183673469388,10006.266666666666
10006,10007,900,4000,-0.6326530612244898,-0.25688073394495414,0,22800,10006.183673469388,10006.266666666666
10006,10007,900,4000,-0.6326530612244898,-0.24545454545454545,0,22800,10006.183673469388,10006.266666666666
10006,10007,900,4200,-0.6470588235294118,-0.25225225225225223,-200,22600,10006.176470588236,10006.266666666666
10006,10007,900,4200,-0.6470588235294118,-0.2556053811659193,0,22600,10006.176470588236,10006.266666666666
10006,10007,900,4200,-0.6470588235294118,-0.26548672566371684,0,22600,10006.176470588236,10006.266666666666
10006,10007,900,4200,-0.6470588235294118,-0.26222222222222225,0,22600,10006.176470588236,10006.266666666666
10006,10007,900,4200,-0.6470588235294118,-0.26222222222222225,0,22600,10006.176470588236,10006.266666666666
10006,10007,1000,4200,-0.6153846153846154,-0.25663716814159293,100,22700,10006.192307692309,10006.266666666666
10006,10007,1000,4200,-0.6153846153846154,-0.25663716814159293,0,22700,10006.192307692309,10006.266666666666
10006,10007,1100,4200,-0.5849056603773585,-0.2511013215859031,100,22800,10006.207547169812,10006.333333333334
10006,10007,1100,4200,-0.5849056603773585,-0.2511013215859031,0,22800,10006.207547169812,10006.333333333334
10006,10007,1100,4200,-0.5849056603773585,-0.24561403508771928,0,22800,10006.207547169812,10006.333333333334
10006,10007,1100,4200,-0.5849056603773585,-0.24017467248908297,0,22800,10006.207547169812,10006.333333333334
10006,10007,1100,4200,-0.5849056603773585,-0.24017467248908297,0,22800,10006.207547169812,10006.333333333334
10006,10007,1100,4200,-0.5849056603773585,-0.2564102564102564,0,22800,10006.207547169812,10006.333333333334
10006,10007,1100,4200,-0.5849056603773585,-0.25,0,22800,10006.207547169812,10006.333333333334
10006,10007,1100,4200,-0.5849056603773585,-0.25,0,22800,10006.207547169812,10006.333333333334
10006,10007,1100,4200,-0.5849056603773585,-0.25,0,22800,10006.207547169812,10006.333333333334
10006,10007,1100,4200,-0.5849056603773585,-0.2446351931330472,0,22800,10006.207547169812,10006.333333333334
10006,10007,1100,4200,-0.5849056603773585,-0.23809523809523808,0,22800,10006.207547169812,10006.333333333334
10006,10007,1100,4200,-0.5849056603773585,-0.23809523809523808,0,22800,10006.207547169812,10006.333333333334
10006,10007,1100,4200,-0.5849056603773585,-0.23809523809523808,0,22800,10006.207547169812,10006.333333333334
10006,10007,1100,4400,-0.6,-0.2446351931330472,-200,22600,10006.2,10006.333333333334
10006,10007,1100,4400,-0.6,-0.2446351931330472,0,22600,10006.2,10006.333333333334
10006,10007,1100,4400,-0.6,-0.2446351931330472,0,22600,10006.2,10006.333333333334
10006,10007,1100,4400,-0.6,-0.23478260869565218,0,22600,10006.2,10006.333333333334
10006,10007,1100,4400,-0.6,-0.23478260869565218,0,22600,10006.2,10006.333333333334
10006,10007,1100,4500,-0.6071428571428571,-0.23809523809523808,-100,22500,10006.19642857143,10006.266666666666
10006,10007,1100,4500,-0.6071428571428571,-0.2413793103448276,0,22500,10006.19642857143,10006.266666666666
10006,10007,1100,4500,-0.6071428571428571,-0.23076923076923078,0,22500,10006.19642857143,10006.266666666666
10006,10007,1100,4500,-0.6071428571428571,-0.23076923076923078,0,22500,10006.19642857143,10006.266666666666
10006,10007,1100,4500,-0.6071428571428571,-0.2413793103448276,0,22500,10006.19642857143,10006.266666666666
10006,10007,1100,4500,-0.6071428571428571,-0.2413793103448276,0,22500,10006.19642857143,10006.266666666666
10006,10007,1100,4500,-0.6071428571428571,-0.23809523809523808,0,22500,10006.19642857143,10006.266666666666
10006,10007,1100,4500,-0.6071428571428571,-0.23809523809523808,0,22500,10006.19642857143,10006.266666666666
10006,10007,1100,4500,-0.6071428571428571,-0.2170212765957447,0,22500,10006.19642857143,10006.266666666666
10006,10007,1100,4500,-0.6071428571428571,-0.2170212765957447,0,22500,10006.19642857143,10006.266666666666
10006,10007,1100,4500,-0.6071428571428571,-0.20346320346320346,0,22500,10006.19642857143,10006.266666666666
10006,10007,1100,4500,-0.6071428571428571,-0.18584070796460178,0,22500,10006.19642857143,10006.266666666666
10006,10007,1100,4500,-0.6071428571428571,-0.18584070796460178,0,22500,10006.19642857143,10006.266666666666
10006,10007,1100,4500,-0.6071428571428571,-0.18584070796460178,0,22500,10006.19642857143,10006.266666666666
10006,10007,1100,4500,-0.6071428571428571,-0.19111111111111112,0,22500,10006.19642857143,10006.266666666666
10006,10007,1100,4500,-0.6071428571428571,-0.19111111111111112,0,22500,10006.19642857143,10006.266666666666
10006,10007,1100,4500,-0.6071428571428571,-0.17543859649122806,0,22500,10006.19642857143,10006.266666666666
10006,10007,1100,4500,-0.6071428571428571,-0.16444444444444445,0,22500,10006.19642857143,10006.266666666666
10006,10007,1100,4500,-0.6071428571428571,-0.16444444444444445,0,22500,10006.19642857143,10006.266666666666
10006,10007,1100,4500,-0.6071428571428571,-0.16444444444444445,0,22500,10006.19642857143,10006.266666666666
10006,10007,1100,4200,-0.5849056603773585,-0.15315315315315314,300,22800,10006.207547169812,10006.333333333334
10006,10007,1100,4200,-0.5849056603773585,-0.15315315315315314,0,22800,10006.207547169812,10006.333333333334
10006,10007,1100,4200,-0.5849056603773585,-0.15315315315315314,0,22800,10006.207547169812,10006.333333333334
10006,10007,1100,4200,-0.5849056603773585,-0.15315315315315314,0,22800,10006.207547169812,10006.333333333334
10006,10007,1100,4200,-0.5849056603773585,-0.1583710407239819,0,22800,10006.207547169812,10006.333333333334
10006,10007,1100,4200,-0.5849056603773585,-0.15315315315315314,0,22800,10006.207547169812,10006.333333333334
10006,10007,1100,4200,-0.5849056603773585,-0.15315315315315314,0,22800,10006.207547169812,10006.333333333334
10006,10007,1100,4300,-0.5925925925925926,-0.15695067264573992,-100,22700,10006.203703703704,10006.333333333334
10006,10007,1000,4300,-0.6226415094339622,-0.16216216216216217,-100,22600,10006.188679245282,10006.266666666666
10006,10007,1000,4300,-0.6226415094339622,-0.16216216216216217,0,22600,10006.188679245282,10006.266666666666
10006,10007,1000,4300,-0.6226415094339622,-0.167420814479638,0,22600,10006.188679245282,10006.266666666666
10006,10007,1000,4300,-0.6226415094339622,-0.17488789237668162,0,22600,10006.188679245282,10006.266666666666
10006,10007,1000,4300,-0.6226415094339622,-0.17488789237668162,0,22600,10006.188679245282,10006.266666666666
10006,10007,1000,4300,-0.6226415094339622,-0.16444444444444445,0,22600,10006.188679245282,10006.266666666666
10006,10007,1100,4300,-0.5925925925925926,-0.1592920353982301,100,22700,10006.203703703704,10006.333333333334
10006,10007,1100,4300,-0.5925925925925926,-0.14027149321266968,0,22700,10006.203703703704,10006.333333333334
10006,10007,1100,4300,-0.5925925925925926,-0.1506849315068493,0,22700,10006.203703703704,10006.333333333334
10006,10007,1100,4300,-0.5925925925925926,-0.1559633027522936,0,22700,10006.203703703704,10006.333333333334
10006,10007,1100,4300,-0.5925925925925926,-0.16666666666666666,0,22700,10006.203703703704,10006.333333333334
10006,10007,1100,4300,-0.5925925925925926,-0.16129032258064516,0,22700,10006.203703703704,10006.333333333334
10006,10007,1100,4300,-0.5925925925925926,-0.1574074074074074,0,22700,10006.203703703704,10006.333333333334
10006,10007,1100,4300,-0.5925925925925926,-0.1689497716894977,0,22700,10006.203703703704,10006.333333333334
10006,10007,1100,4300,-0.5925925925925926,-0.17272727272727273,0,22700,10006.203703703704,10006.333333333334
10006,10007,1100,4300,-0.5925925925925926,-0.18385650224215247,0,22700,10006.203703703704,10006.333333333334
10006,10007,1100,4300,-0.5925925925925926,-0.18385650224215247,0,22700,10006.203703703704,10006.333333333334
10006,10007,1100,4300,-0.5925925925925926,-0.18018018018018017,0,22700,10006.203703703704,10006.333333333334
10006,10007,1200,4300,-0.5636363636363636,-0.17488789237668162,100,22800,10006.218181818182,10006.333333333334
10006,10007,1200,4300,-0.5636363636363636,-0.17488789237668162,0,22800,10006.218181818182,10006.333333333334
10006,10007,1200,4500,-0.5789473684210527,-0.18222222222222223,-200,22600,10006.21052631579,10006.333333333334
10006,10007,1200,4500,-0.5789473684210527,-0.18222222222222223,0,22600,10006.21052631579,10006.333333333334
10006,10007,1200,4500,-0.5789473684210527,-0.18584070796460178,0,22600,10006.21052631579,10006.333333333334
10006,10007,1200,4400,-0.5714285714285714,-0.18222222222222223,100,22700,10006.214285714286,10006.333333333334
10006,10007,1200,4400,-0.5714285714285714,-0.18222222222222223,0,22700,10006.214285714286,10006.333333333334
10006,10007,1200,4400,-0.5714285714285714,-0.18222222222222223,0,22700,10006.214285714286,10006.333333333334
10006,10007,1200,4400,-0.5714285714285714,-0.1894273127753304,0,22700,10006.214285714286,10006.333333333334
10006,10007,1200,4400,-0.5714285714285714,-0.18421052631578946,0,22700,10006.214285714286,10006.333333333334
10006,10007,1200,4400,-0.5714285714285714,-0.18777292576419213,0,22700,10006.214285714286,10006.333333333334
10006,10007,1200,4400,-0.5714285714285714,-0.18421052631578946,0,22700,10006.214285714286,10006.333333333334
10006,10007,1200,4400,-0.5714285714285714,-0.18061674008810572,0,22700,10006.214285714286,10006.333333333334
10006,10007,1200,4400,-0.5714285714285714,-0.18061674008810572,0,22700,10006.214285714286,10006.333333333334
10006,10007,1200,4400,-0.5714285714285714,-0.18061674008810572,0,22700,10006.214285714286,10006.333333333334
10006,10007,1200,4400,-0.5714285714285714,-0.18061674008810572,0,22700,10006.214285714286,10006.333333333334
10006,10007,1200,4400,-0.5714285714285714,-0.18584070796460178,0,22700,10006.214285714286,10006.333333333334
10006,10007,1200,4400,-0.5714285714285714,-0.17543859649122806,0,22700,10006.214285714286,10006.333333333334
10006,10007,1200,4400,-0.5714285714285714,-0.17543859649122806,0,22700,10006.214285714286,10006.333333333334
10006,10007,1200,4500,-0.5789473684210527,-0.17903930131004367,-100,22600,10006.21052631579,10006.333333333334
10006,10007,1200,4500,-0.5789473684210527,-0.17903930131004367,0,22600,10006.21052631579,10006.333333333334
10006,10007,1200,4500,-0.5789473684210527,-0.17903930131004367,0,22600,10006.21052631579,10006.333333333334
10006,10007,1200,4500,-0.5789473684210527,-0.17903930131004367,0,22600,10006.21052631579,10006.333333333334
10006,10007,1200,4500,-0.5789473684210527,-0.17903930131004367,0,22600,10006.21052631579,10006.333333333334
10006,10007,1200,4500,-0.5789473684210527,-0.17903930131004367,0,22600,10006.21052631579,10006.333333333334
10006,10007,1200,4500,-0.5789473684210527,-0.18614718614718614,0,22600,10006.21052631579,10006.333333333334
10006,10007,1200,4500,-0.5789473684210527,-0.1810344827586207,0,22600,10006.21052631579,10006.333333333334
10006,10007,1200,4500,-0.5789473684210527,-0.18454935622317598,0,22600,10006.21052631579,10006.333333333334
10006,10007,1400,4500,-0.5254237288135594,-0.17446808510638298,200,22800,10006.237288135593,10006.333333333334
10006,10007,1500,4500,-0.5,-0.1694915254237288,100,22900,10006.25,10006.333333333334
10006,10007,1500,4500,-0.5,-0.17647058823529413,0,22900,10006.25,10006.333333333334
10006,10007,1500,4500,-0.5,-0.17647058823529413,0,22900,10006.25,10006.333333333334
10006,10007,1500,4500,-0.5,-0.17154811715481172,0,22900,10006.25,10006.333333333334
10006,10007,1500,4500,-0.5,-0.16806722689075632,0,22900,10006.25,10006.333333333334
10006,10007,1500,4500,-0.5,-0.16806722689075632,0,22900,10006.25,10006.333333333334
10006,10007,1500,4500,-0.5,-0.1829787234042553,0,22900,10006.25,10006.333333333334
10006,10007,1500,4500,-0.5,-0.2,0,22900,10006.25,10006.333333333334
10006,10007,1500,4500,-0.5,-0.2,0,22900,10006.25,10006.333333333334
10006,10007,1500,4500,-0.5,-0.1864406779661017,0,22900,10006.25,10006.333333333334
10006,10007,1500,4500,-0.5,-0.1864406779661017,0,22900,10006.25,10006.333333333334
10006,10007,1500,4500,-0.5,-0.2017167381974249,0,22900,10006.25,10006.333333333334
10006,10007,1500,4500,-0.5,-0.2017167381974249,0,22900,10006.25,10006.333333333334
10006,10007,1500,4400,-0.4915254237288136,-0.19827586206896552,100,23000,10006.254237288136,10006.333333333334
10006,10007,1500,4400,-0.4915254237288136,-0.19827586206896552,0,23000,10006.254237288136,10006.333333333334
10006,10007,1500,4400,-0.4915254237288136,-0.19827586206896552,0,23000,10006.254237288136,10006.333333333334
10006,10007,1500,4400,-0.4915254237288136,-0.19827586206896552,0,23000,10006.254237288136,10006.333333333334
10006,10007,1500,4400,-0.4915254237288136,-0.2017167381974249,0,23000,10006.254237288136,10006.333333333334
10006,10007,1500,4400,-0.4915254237288136,-0.20689655172413793,0,23000,10006.254237288136,10006.333333333334
10006,10007,1500,4400,-0.4915254237288136,-0.20689655172413793,0,23000,10006.254237288136,10006.333333333334
10006,10007,1500,4400,-0.4915254237288136,-0.19658119658119658,0,23000,10006.254237288136,10006.333333333334
10006,10007,1500,4400,-0.4915254237288136,-0.19658119658119658,0,23000,10006.254237288136,10006.333333333334
10006,10007,1500,4400,-0.4915254237288136,-0.19658119658119658,0,23000,10006.254237288136,10006.333333333334
10006,10007,1500,4400,-0.4915254237288136,-0.1896551724137931,0,23000,10006.254237288136,10006.333333333334
10006,10007,1400,4400,-0.5172413793103449,-0.19480519480519481,-100,22900,10006.241379310344,10006.333333333334
10006,10007,1300,4400,-0.543859649122807,-0.2,-100,22800,10006.228070175439,10006.333333333334
10006,10007,1300,4400,-0.543859649122807,-0.2,0,22800,10006.228070175439,10006.333333333334
10006,10007,1300,4400,-0.543859649122807,-0.2052401746724891,0,22800,10006.228070175439,10006.333333333334
10006,10007,1300,4400,-0.543859649122807,-0.21551724137931033,0,22800,10006.228070175439,10006.333333333334
10006,10007,1300,4400,-0.543859649122807,-0.21030042918454936,0,22800,10006.228070175439,10006.333333333334
10006,10007,1300,4300,-0.5357142857142857,-0.20689655172413793,100,22900,10006.232142857143,10006.333333333334
10006,10007,1300,4200,-0.5272727272727272,-0.20346320346320346,100,23000,10006.236363636364,10006.333333333334
10006,10007,1300,4200,-0.5272727272727272,-0.20346320346320346,0,23000,10006.236363636364,10006.333333333334
10006,10007,1300,4200,-0.5272727272727272,-0.19827586206896552,0,23000,10006.236363636364,10006.333333333334
10006,10007,1300,4200,-0.5272727272727272,-0.21397379912663755,0,23000,10006.236363636364,10006.333333333334
10006,10007,1300,4200,-0.5272727272727272,-0.22077922077922077,0,23000,10006.236363636364,10006.333333333334
10006,10007,1300,4500,-0.5517241379310345,-0.23076923076923078,-300,22700,10006.224137931034,10006.333333333334
10006,10007,1300,4400,-0.543859649122807,-0.22746781115879827,100,22800,10006.228070175439,10006.333333333334
10006,10007,1300,4400,-0.543859649122807,-0.19166666666666668,0,22800,10006.228070175439,10006.333333333334
10006,10007,1300,4400,-0.543859649122807,-0.17796610169491525,0,22800,10006.228070175439,10006.333333333334
10006,10007,1300,4400,-0.543859649122807,-0.1729957805907173,0,22800,10006.228070175439,10006.333333333334
10006,10007,1300,4400,-0.543859649122807,-0.1694915254237288,0,22800,10006.228070175439,10006.333333333334
10006,10007,1300,4400,-0.543859649122807,-0.1729957805907173,0,22800,10006.228070175439,10006.333333333334
10006,10007,1300,4400,-0.543859649122807,-0.1729957805907173,0,22800,10006.228070175439,10006.333333333334
10006,10007,1300,4400,-0.543859649122807,-0.15833333333333333,0,22800,10006.228070175439,10006.333333333334
10006,10007,1300,4400,-0.543859649122807,-0.15352697095435686,0,22800,10006.228070175439,10006.333333333334
10006,10007,1300,4400,-0.543859649122807,-0.15352697095435686,0,22800,10006.228070175439,10006.333333333334
10006,10007,1300,4400,-0.543859649122807,-0.15352697095435686,0,22800,10006.228070175439,10006.333333333334
10006,10007,1300,4400,-0.543859649122807,-0.1729957805907173,0,22800,10006.228070175439,10006.333333333334
10006,10007,1300,4500,-0.5517241379310345,-0.17647058823529413,-100,22700,10006.224137931034,10006.333333333334
10006,10007,1300,4500,-0.5517241379310345,-0.18333333333333332,0,22700,10006.224137931034,10006.333333333334
10006,10007,1300,4500,-0.5517241379310345,-0.18333333333333332,0,22700,10006.224137931034,10006.333333333334
10006,10007,900,4500,-0.6666666666666666,-0.2033898305084746,-400,22300,10006.166666666666,10006.266666666666
10006,10007,900,4500,-0.6666666666666666,-0.19831223628691982,0,22300,10006.166666666666,10006.266666666666
10006,10007,900,4500,-0.6666666666666666,-0.20168067226890757,0,22300,10006.166666666666,10006.266666666666
10006,10007,900,4500,-0.6666666666666666,-0.20675105485232068,0,22300,10006.166666666666,10006.266666666666
10006,10007,900,4500,-0.6666666666666666,-0.19166666666666668,0,22300,10006.166666666666,10006.266666666666
10006,10007,900,4500,-0.6666666666666666,-0.19166666666666668,0,22300,10006.166666666666,10006.266666666666
10006,10007,900,4500,-0.6666666666666666,-0.19834710743801653,0,22300,10006.166666666666,10006.266666666666
10006,10007,900,4500,-0.6666666666666666,-0.19834710743801653,0,22300,10006.166666666666,10006.266666666666
10006,10007,900,4500,-0.6666666666666666,-0.19834710743801653,0,22300,10006.166666666666,10006.266666666666
10006,10007,900,4500,-0.6666666666666666,-0.19834710743801653,0,22300,10006.166666666666,10006.266666666666
10006,10007,900,4500,-0.6666666666666666,-0.20164609053497942,0,22300,10006.166666666666,10006.266666666666
10006,10007,900,4500,-0.6666666666666666,-0.20164609053497942,0,22300,10006.166666666666,10006.266666666666
10006,10007,900,4500,-0.6666666666666666,-0.20164609053497942,0,22300,10006.166666666666,10006.266666666666
10006,10007,900,4500,-0.6666666666666666,-0.2066115702479339,0,22300,10006.166666666666,10006.266666666666
10006,10007,900,4500,-0.6666666666666666,-0.20987654320987653,0,22300,10006.166666666666,10006.266666666666
10006,10007,900,4500,-0.6666666666666666,-0.20987654320987653,0,22300,10006.166666666666,10006.266666666666
10006,10007,900,4500,-0.6666666666666666,-0.2,0,22300,10006.166666666666,10006.266666666666
10006,10007,900,4300,-0.6538461538461539,-0.1934156378600823,200,22500,10006.173076923076,10006.266666666666
10006,10007,1000,4300,-0.6226415094339622,-0.1885245901639344,100,22600,10006.188679245282,10006.266666666666
10006,10007,1000,4300,-0.6226415094339622,-0.19838056680161945,0,22600,10006.188679245282,10006.266666666666
10006,10007,1000,4300,-0.6226415094339622,-0.19838056680161945,0,22600,10006.188679245282,10006.266666666666
10006,10007,1000,4300,-0.6226415094339622,-0.18875502008032127,0,22600,10006.188679245282,10006.266666666666
10006,10007,1000,4300,-0.6226415094339622,-0.18218623481781376,0,22600,10006.188679245282,10006.266666666666
10006,10007,1000,4300,-0.6226415094339622,-0.18875502008032127,0,22600,10006.188679245282,10006.266666666666
10006,10007,1000,4300,-0.6226415094339622,-0.18548387096774194,0,22600,10006.188679245282,10006.266666666666
10006,10007,1100,4300,-0.5925925925925926,-0.18072289156626506,100,22700,10006.203703703704,10006.333333333334
10006,10007,1100,4300,-0.5925925925925926,-0.176,0,22700,10006.203703703704,10006.333333333334
10006,10007,1100,4300,-0.5925925925925926,-0.1857707509881423,0,22700,10006.203703703704,10006.333333333334
10006,10007,1100,4300,-0.5925925925925926,-0.1857707509881423,0,22700,10006.203703703704,10006.333333333334
10006,10007,1100,4300,-0.5925925925925926,-0.1857707509881423,0,22700,10006.203703703704,10006.333333333334
10006,10007,1100,4300,-0.5925925925925926,-0.1857707509881423,0,22700,10006.203703703704,10006.333333333334
10006,10007,1100,4300,-0.5925925925925926,-0.176,0,22700,10006.203703703704,10006.333333333334
10006,10007,1100,4300,-0.5925925925925926,-0.17131474103585656,0,22700,10006.203703703704,10006.333333333334
10006,10007,1100,4300,-0.5925925925925926,-0.1902834008097166,0,22700,10006.203703703704,10006.333333333334
10006,10007,1000,4300,-0.6226415094339622,-0.1951219512195122,-100,22600,10006.188679245282,10006.266666666666
10006,10007,1000,4300,-0.6226415094339622,-0.19838056680161945,0,22600,10006.188679245282,10006.266666666666
10006,10007,1000,4300,-0.6226415094339622,-0.19838056680161945,0,22600,10006.188679245282,10006.266666666666
10006,10007,1000,4300,-0.6226415094339622,-0.1935483870967742,0,22600,10006.188679245282,10006.266666666666
10006,10007,1000,4300,-0.6226415094339622,-0.1902834008097166,0,22600,10006.188679245282,10006.266666666666
10006,10007,1000,4300,-0.6226415094339622,-0.1902834008097166,0,22600,10006.188679245282,10006.266666666666
10006,10007,1000,4300,-0.6226415094339622,-0.2,0,22600,10006.188679245282,10006.266666666666
10006,10007,1000,4300,-0.6226415094339622,-0.2,0,22600,10006.188679245282,10006.266666666666
10006,10007,1000,4300,-0.6226415094339622,-0.1952191235059761,0,22600,10006.188679245282,10006.266666666666
10006,10007,1000,4300,-0.6226415094339622,-0.2,0,22600,10006.188679245282,10006.266666666666
10006,10007,1000,4300,-0.6226415094339622,-0.1935483870967742,0,22600,10006.188679245282,10006.266666666666
10006,10007,1000,4300,-0.6226415094339622,-0.19678714859437751,0,22600,10006.188679245282,10006.266666666666
10006,10007,1000,4300,-0.6226415094339622,-0.18725099601593626,0,22600,10006.188679245282,10006.266666666666
10006,10007,1000,4300,-0.6226415094339622,-0.17786561264822134,0,22600,10006.188679245282,10006.266666666666
10006,10007,1000,4300,-0.6226415094339622,-0.18253968253968253,0,22600,10006.188679245282,10006.266666666666
10006,10007,1000,4400,-0.6296296296296297,-0.1857707509881423,-100,22500,10006.185185185184,10006.266666666666
10006,10007,1000,4400,-0.6296296296296297,-0.18110236220472442,0,22500,10006.185185185184,10006.266666666666
10006,10007,1000,4400,-0.6296296296296297,-0.168,0,22500,10006.185185185184,10006.266666666666
10006,10007,1000,4400,-0.6296296296296297,-0.168,0,22500,10006.185185185184,10006.266666666666
10006,10007,1000,4400,-0.6296296296296297,-0.168,0,22500,10006.185185185184,10006.266666666666
10006,10007,1000,4400,-0.6296296296296297,-0.1646586345381526,0,22500,10006.185185185184,10006.266666666666
10006,10007,1000,4400,-0.6296296296296297,-0.17131474103585656,0,22500,10006.185185185184,10006.266666666666
10006,10007,1000,4400,-0.6296296296296297,-0.17131474103585656,0,22500,10006.185185185184,10006.266666666666
10006,10007,1000,4400,-0.6296296296296297,-0.17131474103585656,0,22500,10006.185185185184,10006.266666666666
10006,10007,1000,4400,-0.6296296296296297,-0.16666666666666666,0,22500,10006.185185185184,10006.266666666666
10006,10007,800,4400,-0.6923076923076923,-0.176,-200,22300,10006.153846153846,10006.266666666666
10006,10007,800,4400,-0.6923076923076923,-0.17928286852589642,0,22300,10006.153846153846,10006.266666666666
10006,10007,800,4400,-0.6923076923076923,-0.1693548387096774,0,22300,10006.153846153846,10006.266666666666
10006,10007,800,4400,-0.6923076923076923,-0.1693548387096774,0,22300,10006.153846153846,10006.266666666666
10006,10007,800,4400,-0.6923076923076923,-0.16,0,22300,10006.153846153846,10006.266666666666
10006,10007,800,4400,-0.6923076923076923,-0.16334661354581673,0,22300,10006.153846153846,10006.266666666666
10006,10007,800,4400,-0.6923076923076923,-0.14960629921259844,0,22300,10006.153846153846,10006.266666666666
10006,10007,800,4400,-0.6923076923076923,-0.14960629921259844,0,22300,10006.153846153846,10006.266666666666
10006,10007,800,4500,-0.6981132075471698,-0.15294117647058825,-100,22200,10006.150943396226,10006.266666666666
10006,10007,800,4500,-0.6981132075471698,-0.15953307392996108,0,22200,10006.150943396226,10006.266666666666
10006,10007,900,4500,-0.6666666666666666,-0.15503875968992248,100,22300,10006.166666666666,10006.266666666666
10006,10007,900,4500,-0.6666666666666666,-0.15503875968992248,0,22300,10006.166666666666,10006.266666666666
10006,10007,900,4500,-0.6666666666666666,-0.14615384615384616,0,22300,10006.166666666666,10006.266666666666
10006,10007,900,4500,-0.6666666666666666,-0.14615384615384616,0,22300,10006.166666666666,10006.266666666666
10006,10007,900,4500,-0.6666666666666666,-0.1417624521072797,0,22300,10006.166666666666,10006.266666666666
10006,10007,900,4500,-0.6666666666666666,-0.1417624521072797,0,22300,10006.166666666666,10006.266666666666
10006,10007,900,4500,-0.6666666666666666,-0.15057915057915058,0,22300,10006.166666666666,10006.266666666666
10006,10007,900,4500,-0.6666666666666666,-0.15057915057915058,0,22300,10006.166666666666,10006.266666666666
10006,10007,900,4500,-0.6666666666666666,-0.16030534351145037,0,22300,10006.166666666666,10006.266666666666
10006,10007,900,4500,-0.6666666666666666,-0.155893536121673,0,22300,10006.166666666666,10006.266666666666
10006,10007,900,4500,-0.6666666666666666,-0.13432835820895522,0,22300,10006.166666666666,10006.266666666666
10006,10007,900,4500,-0.6666666666666666,-0.13011152416356878,0,22300,10006.166666666666,10006.266666666666
10006,10007,900,4500,-0.6666666666666666,-0.13333333333333333,0,22300,10006.166666666666,10006.266666666666
10006,10007,900,4500,-0.6666666666666666,-0.13333333333333333,0,22300,10006.166666666666,10006.266666666666
10006,10007,900,4500,-0.6666666666666666,-0.137546468401487,0,22300,10006.166666666666,10006.266666666666
10006,10007,900,4500,-0.6666666666666666,-0.13333333333333333,0,22300,10006.166666666666,10006.266666666666
10006,10007,900,4700,-0.6785714285714286,-0.13970588235294118,-200,22100,10006.160714285714,10006.266666666666
10006,10007,900,4700,-0.6785714285714286,-0.13970588235294118,0,22100,10006.160714285714,10006.266666666666
10006,10007,900,4700,-0.6785714285714286,-0.14285714285714285,0,22100,10006.160714285714,10006.266666666666
10006,10007,900,4700,-0.6785714285714286,-0.13970588235294118,0,22100,10006.160714285714,10006.266666666666
10006,10007,900,4700,-0.6785714285714286,-0.13970588235294118,0,22100,10006.160714285714,10006.266666666666
10006,10007,900,4700,-0.6785714285714286,-0.13970588235294118,0,22100,10006.160714285714,10006.266666666666
10006,10007,900,4700,-0.6785714285714286,-0.16981132075471697,0,22100,10006.160714285714,10006.266666666666
10006,10007,900,4700,-0.6785714285714286,-0.17870722433460076,0,22100,10006.160714285714,10006.266666666666
10006,10007,900,4700,-0.6785714285714286,-0.16541353383458646,0,22100,10006.160714285714,10006.266666666666
10006,10007,900,4700,-0.6785714285714286,-0.16853932584269662,0,22100,10006.160714285714,10006.266666666666
10006,10007,900,4700,-0.6785714285714286,-0.17293233082706766,0,22100,10006.160714285714,10006.266666666666
10006,10007,900,4700,-0.6785714285714286,-0.17293233082706766,0,22100,10006.160714285714,10006.266666666666
10006,10007,900,4700,-0.6785714285714286,-0.16666666666666666,0,22100,10006.160714285714,10006.266666666666
10006,10007,900,4700,-0.6785714285714286,-0.16666666666666666,0,22100,10006.160714285714,10006.266666666666
10006,10007,900,4700,-0.6785714285714286,-0.1634980988593156,0,22100,10006.160714285714,10006.266666666666
10006,10007,900,4700,-0.6785714285714286,-0.1634980988593156,0,22100,10006.160714285714,10006.266666666666
10006,10007,900,4700,-0.6785714285714286,-0.1634980988593156,0,22100,10006.160714285714,10006.266666666666
10006,10007,900,4700,-0.6785714285714286,-0.16030534351145037,0,22100,10006.160714285714,10006.266666666666
10006,10007,900,4700,-0.6785714285714286,-0.16030534351145037,0,22100,10006.160714285714,10006.266666666666
10006,10007,900,4700,-0.6785714285714286,-0.15708812260536398,0,22100,10006.160714285714,10006.266666666666
10006,10007,800,4700,-0.7090909090909091,-0.16153846153846155,-100,22000,10006.145454545454,10006.266666666666
10006,10007,800,4700,-0.7090909090909091,-0.15267175572519084,0,22000,10006.145454545454,10006.266666666666
10006,10007,800,4700,-0.7090909090909091,-0.15267175572519084,0,22000,10006.145454545454,10006.266666666666
10006,10007,800,4700,-0.7090909090909091,-0.15267175572519084,0,22000,10006.145454545454,10006.266666666666
10006,10007,800,4700,-0.7090909090909091,-0.14615384615384616,0,22000,10006.145454545454,10006.266666666666
10006,10007,800,4700,-0.7090909090909091,-0.15267175572519084,0,22000,10006.145454545454,10006.266666666666
10006,10007,800,4700,-0.7090909090909091,-0.1590909090909091,0,22000,10006.145454545454,10006.266666666666
10006,10007,800,4700,-0.7090909090909091,-0.155893536121673,0,22000,10006.145454545454,10006.266666666666
10006,10007,800,4700,-0.7090909090909091,-0.14942528735632185,0,22000,10006.145454545454,10006.266666666666
10006,10007,800,4700,-0.7090909090909091,-0.1583011583011583,0,22000,10006.145454545454,10006.266666666666
10006,10007,800,4700,-0.7090909090909091,-0.1583011583011583,0,22000,10006.145454545454,10006.266666666666
10006,10007,800,4700,-0.7090909090909091,-0.1583011583011583,0,22000,10006.145454545454,10006.266666666666
10006,10007,800,4700,-0.7090909090909091,-0.16793893129770993,0,22000,10006.145454545454,10006.266666666666
10006,10007,800,4700,-0.7090909090909091,-0.16793893129770993,0,22000,10006.145454545454,10006.266666666666
10006,10007,800,4700,-0.7090909090909091,-0.16793893129770993,0,22000,10006.145454545454,10006.266666666666
10006,10007,800,4700,-0.7090909090909091,-0.16153846153846155,0,22000,10006.145454545454,10006.266666666666
10006,10007,800,4700,-0.7090909090909091,-0.15708812260536398,0,22000,10006.145454545454,10006.266666666666
10006,10007,800,4700,-0.7090909090909091,-0.15708812260536398,0,22000,10006.145454545454,10006.266666666666
10006,10007,800,4700,-0.7090909090909091,-0.15708812260536398,0,22000,10006.145454545454,10006.266666666666
10006,10007,800,4700,-0.7090909090909091,-0.15708812260536398,0,22000,10006.145454545454,10006.266666666666
10006,10007,800,4700,-0.7090909090909091,-0.15384615384615385,0,22000,10006.145454545454,10006.266666666666
10006,10007,800,4900,-0.7192982456140351,-0.16030534351145037,-200,21800,10006.140350877193,10006.266666666666
10006,10007,800,4900,-0.7192982456140351,-0.16030534351145037,0,21800,10006.140350877193,10006.266666666666
10006,10007,800,4900,-0.7192982456140351,-0.16475095785440613,0,21800,10006.140350877193,10006.266666666666
10006,10007,800,4900,-0.7192982456140351,-0.16793893129770993,0,21800,10006.140350877193,10006.266666666666
10006,10007,800,4900,-0.7192982456140351,-0.1583011583011583,0,21800,10006.140350877193,10006.266666666666
10006,10007,800,4600,-0.7037037037037037,-0.1484375,300,22100,10006.148148148148,10006.266666666666
10006,10007,800,4600,-0.7037037037037037,-0.14396887159533073,0,22100,10006.148148148148,10006.266666666666
10006,10007,800,4600,-0.7037037037037037,-0.13725490196078433,0,22100,10006.148148148148,10006.266666666666
10006,10007,800,4600,-0.7037037037037037,-0.13725490196078433,0,22100,10006.148148148148,10006.266666666666
10006,10007,800,4600,-0.7037037037037037,-0.13725490196078433,0,22100,10006.148148148148,10006.266666666666
10006,10007,800,4900,-0.7192982456140351,-0.14728682170542637,-300,21800,10006.140350877193,10006.266666666666
10006,10007,800,4900,-0.7192982456140351,-0.12547528517110265,0,21800,10006.140350877193,10006.266666666666
10006,10007,800,4900,-0.7192982456140351,-0.13533834586466165,0,21800,10006.140350877193,10006.266666666666
10006,10007,800,4900,-0.7192982456140351,-0.13533834586466165,0,21800,10006.140350877193,10006.266666666666
10006,10007,800,4900,-0.7192982456140351,-0.13533834586466165,0,21800,10006.140350877193,10006.266666666666
10006,10007,800,4900,-0.7192982456140351,-0.13533834586466165,0,21800,10006.140350877193,10006.266666666666
10006,10007,800,4900,-0.7192982456140351,-0.1417910447761194,0,21800,10006.140350877193,10006.266666666666
10006,10007,800,4900,-0.7192982456140351,-0.11272727272727273,0,21800,10006.140350877193,10006.266666666666
10006,10007,800,4900,-0.7192982456140351,-0.11272727272727273,0,21800,10006.140350877193,10006.266666666666
10006,10007,800,4900,-0.7192982456140351,-0.11594202898550725,0,21800,10006.140350877193,10006.266666666666
10006,10007,800,4900,-0.7192982456140351,-0.11191335740072202,0,21800,10006.140350877193,10006.266666666666
10006,10007,800,4900,-0.7192982456140351,-0.11191335740072202,0,21800,10006.140350877193,10006.266666666666
10006,10007,800,4900,-0.7192982456140351,-0.11510791366906475,0,21800,10006.140350877193,10006.266666666666
10006,10007,800,4900,-0.7192982456140351,-0.10714285714285714,0,21800,10006.140350877193,10006.266666666666
10006,10007,800,4900,-0.7192982456140351,-0.11510791366906475,0,21800,10006.140350877193,10006.266666666666
10006,10007,800,4900,-0.7192982456140351,-0.11510791366906475,0,21800,10006.140350877193,10006.266666666666
10006,10007,800,4900,-0.7192982456140351,-0.1111111111111111,0,21800,10006.140350877193,10006.266666666666
10006,10007,800,4900,-0.7192982456140351,-0.1111111111111111,0,21800,10006.140350877193,10006.266666666666
10006,10007,800,4800,-0.7142857142857143,-0.1079136690647482,100,21900,10006.142857142857,10006.266666666666
10006,10007,800,4800,-0.7142857142857143,-0.1039426523297491,0,21900,10006.142857142857,10006.266666666666
10006,10007,800,4800,-0.7142857142857143,-0.1039426523297491,0,21900,10006.142857142857,10006.266666666666
10006,10007,800,4800,-0.7142857142857143,-0.1039426523297491,0,21900,10006.142857142857,10006.266666666666
10006,10007,800,4800,-0.7142857142857143,-0.10714285714285714,0,21900,10006.142857142857,10006.266666666666
10006,10007,800,4800,-0.7142857142857143,-0.10714285714285714,0,21900,10006.142857142857,10006.266666666666
10006,10007,800,4800,-0.7142857142857143,-0.10714285714285714,0,21900,10006.142857142857,10006.266666666666
10006,10007,800,4800,-0.7142857142857143,-0.1111111111111111,0,21900,10006.142857142857,10006.266666666666
10006,10007,800,4800,-0.7142857142857143,-0.12318840579710146,0,21900,10006.142857142857,10006.266666666666
10006,10007,800,4800,-0.7142857142857143,-0.12727272727272726,0,21900,10006.142857142857,10006.266666666666
10006,10007,800,4700,-0.7090909090909091,-0.12408759124087591,100,22000,10006.145454545454,10006.266666666666
10006,10007,800,4700,-0.7090909090909091,-0.12087912087912088,0,22000,10006.145454545454,10006.266666666666
10006,10007,800,4700,-0.7090909090909091,-0.1111111111111111,0,22000,10006.145454545454,10006.266666666666
10006,10007,800,4700,-0.7090909090909091,-0.1111111111111111,0,22000,10006.145454545454,10006.266666666666
10006,10007,1100,4700,-0.6206896551724138,-0.0989010989010989,300,22300,10006.189655172413,10006.266666666666
10006,10007,1300,4700,-0.5666666666666667,-0.09090909090909091,200,22500,10006.216666666667,10006.333333333334
10006,10007,1300,4700,-0.5666666666666667,-0.08695652173913043,0,22500,10006.216666666667,10006.333333333334
10006,10007,1300,4700,-0.5666666666666667,-0.09090909090909091,0,22500,10006.216666666667,10006.333333333334
10006,10007,1300,4700,-0.5666666666666667,-0.09747292418772563,0,22500,10006.216666666667,10006.333333333334
10006,10007,1300,4700,-0.5666666666666667,-0.09747292418772563,0,22500,10006.216666666667,10006.333333333334
10006,10007,1300,4700,-0.5666666666666667,-0.11764705882352941,0,22500,10006.216666666667,10006.333333333334
10006,10007,1300,4700,-0.5666666666666667,-0.11764705882352941,0,22500,10006.216666666667,10006.333333333334
10006,10007,1300,4600,-0.559322033898305,-0.11439114391143912,100,22600,10006.22033898305,10006.333333333334
10006,10007,1400,4600,-0.5333333333333333,-0.11029411764705882,100,22700,10006.233333333334,10006.333333333334
10006,10007,1500,4600,-0.5081967213114754,-0.10622710622710622,100,22800,10006.245901639344,10006.333333333334
10006,10007,1400,4600,-0.5333333333333333,-0.11029411764705882,-100,22700,10006.233333333334,10006.333333333334
10006,10007,1300,4600,-0.559322033898305,-0.11439114391143912,-100,22600,10006.22033898305,10006.333333333334
10006,10007,1300,4600,-0.559322033898305,-0.10622710622710622,0,22600,10006.22033898305,10006.333333333334
10006,10007,1300,4600,-0.559322033898305,-0.10622710622710622,0,22600,10006.22033898305,10006.333333333334
10006,10007,1400,4600,-0.5333333333333333,-0.10218978102189781,100,22700,10006.233333333334,10006.333333333334
10006,10007,1400,4600,-0.5333333333333333,-0.11439114391143912,0,22700,10006.233333333334,10006.333333333334
10006,10007,1300,4600,-0.559322033898305,-0.11851851851851852,-100,22600,10006.22033898305,10006.333333333334
10006,10007,1300,4600,-0.559322033898305,-0.12177121771217712,0,22600,10006.22033898305,10006.333333333334
10006,10007,1300,4600,-0.559322033898305,-0.125,0,22600,10006.22033898305,10006.333333333334
10006,10007,1300,4600,-0.559322033898305,-0.125,0,22600,10006.22033898305,10006.333333333334
10006,10007,1600,4600,-0.4838709677419355,-0.11272727272727273,300,22900,10006.258064516129,10006.333333333334
10006,10007,1600,4600,-0.4838709677419355,-0.10294117647058823,0,22900,10006.258064516129,10006.333333333334
10006,10007,1600,4600,-0.4838709677419355,-0.1070110701107011,0,22900,10006.258064516129,10006.333333333334
10006,10007,1600,4600,-0.4838709677419355,-0.1037037037037037,0,22900,10006.258064516129,10006.333333333334
10006,10007,1300,4600,-0.559322033898305,-0.11610486891385768,-300,22600,10006.22033898305,10006.333333333334
10006,10007,1300,4900,-0.5806451612903226,-0.1259259259259259,-300,22300,10006.209677419354,10006.333333333334
10006,10007,1300,4900,-0.5806451612903226,-0.12915129151291513,0,22300,10006.209677419354,10006.333333333334
10006,10007,1300,4900,-0.5806451612903226,-0.125,0,22300,10006.209677419354,10006.333333333334
10006,10007,1300,4900,-0.5806451612903226,-0.11272727272727273,0,22300,10006.209677419354,10006.333333333334
10006,10007,1300,4900,-0.5806451612903226,-0.11272727272727273,0,22300,10006.209677419354,10006.333333333334
10006,10007,1200,4900,-0.6065573770491803,-0.11678832116788321,-100,22200,10006.196721311475,10006.266666666666
10006,10007,1200,4900,-0.6065573770491803,-0.11355311355311355,0,22200,10006.196721311475,10006.266666666666
10006,10007,1200,4900,-0.6065573770491803,-0.11355311355311355,0,22200,10006.196721311475,10006.266666666666
10006,10007,1100,4900,-0.6333333333333333,-0.11764705882352941,-100,22100,10006.183333333332,10006.266666666666
10006,10007,1200,4900,-0.6065573770491803,-0.11355311355311355,100,22200,10006.196721311475,10006.266666666666
10006,10007,1200,4900,-0.6065573770491803,-0.11678832116788321,0,22200,10006.196721311475,10006.266666666666
10006,10007,1200,4900,-0.6065573770491803,-0.11678832116788321,0,22200,10006.196721311475,10006.266666666666
10006,10007,1200,4900,-0.6065573770491803,-0.11678832116788321,0,22200,10006.196721311475,10006.266666666666
10006,10007,1200,4900,-0.6065573770491803,-0.1263537906137184,0,22200,10006.196721311475,10006.266666666666
10006,10007,1200,4900,-0.6065573770491803,-0.11678832116788321,0,22200,10006.196721311475,10006.266666666666
10006,10007,1200,4900,-0.6065573770491803,-0.12,0,22200,10006.196721311475,10006.266666666666
10006,10007,1200,4900,-0.6065573770491803,-0.11355311355311355,0,22200,10006.196721311475,10006.266666666666
10006,10007,1200,4900,-0.6065573770491803,-0.11764705882352941,0,22200,10006.196721311475,10006.266666666666
10006,10007,1200,4900,-0.6065573770491803,-0.11439114391143912,0,22200,10006.196721311475,10006.266666666666
10006,10007,1200,4900,-0.6065573770491803,-0.10780669144981413,0,22200,10006.196721311475,10006.266666666666
10006,10007,1200,4900,-0.6065573770491803,-0.1111111111111111,0,22200,10006.196721311475,10006.266666666666
10006,10007,1200,4900,-0.6065573770491803,-0.1111111111111111,0,22200,10006.196721311475,10006.266666666666
10006,10007,1600,4900,-0.5076923076923077,-0.0948905109489051,400,22600,10006.246153846154,10006.333333333334
10006,10007,1600,4900,-0.5076923076923077,-0.0989010989010989,0,22600,10006.246153846154,10006.333333333334
10006,10007,1600,4900,-0.5076923076923077,-0.0989010989010989,0,22600,10006.246153846154,10006.333333333334
10006,10007,1600,4900,-0.5076923076923077,-0.08695652173913043,0,22600,10006.246153846154,10006.333333333334
10006,10007,1600,4900,-0.5076923076923077,-0.08695652173913043,0,22600,10006.246153846154,10006.333333333334
10006,10007,1600,4900,-0.5076923076923077,-0.09025270758122744,0,22600,10006.246153846154,10006.333333333334
10006,10007,1600,4900,-0.5076923076923077,-0.09025270758122744,0,22600,10006.246153846154,10006.333333333334
10006,10007,1600,4900,-0.5076923076923077,-0.08029197080291971,0,22600,10006.246153846154,10006.333333333334
10006,10007,1600,4900,-0.5076923076923077,-0.08029197080291971,0,22600,10006.246153846154,10006.333333333334
10006,10007,1700,4900,-0.48484848484848486,-0.07636363636363637,100,22700,10006.257575757576,10006.333333333334
10006,10007,1700,4900,-0.48484848484848486,-0.072992700729927,0,22700,10006.257575757576,10006.333333333334
10006,10007,1400,4900,-0.5555555555555556,-0.08487084870848709,-300,22400,10006.222222222223,10006.333333333334
10006,10007,1200,4900,-0.6065573770491803,-0.09293680297397769,-200,22200,10006.196721311475,10006.266666666666
10006,10007,1100,4900,-0.6333333333333333,-0.09701492537313433,-100,22100,10006.183333333332,10006.266666666666
10006,10007,1000,4900,-0.6610169491525424,-0.10112359550561797,-100,22000,10006.169491525423,10006.266666666666
10006,10007,1000,4900,-0.6610169491525424,-0.10526315789473684,0,22000,10006.169491525423,10006.266666666666
10006,10007,1500,4900,-0.53125,-0.08487084870848709,500,22500,10006.234375,10006.333333333334
10006,10007,1500,4900,-0.53125,-0.0948905109489051,0,22500,10006.234375,10006.333333333334
10006,10007,1300,4900,-0.5806451612903226,-0.10294117647058823,-200,22300,10006.209677419354,10006.333333333334
10006,10007,1300,4900,-0.5806451612903226,-0.0989010989010989,0,22300,10006.209677419354,10006.333333333334
10006,10007,1300,4900,-0.5806451612903226,-0.0989010989010989,0,22300,10006.209677419354,10006.333333333334
10006,10007,800,4900,-0.7192982456140351,-0.11940298507462686,-500,21800,10006.140350877193,10006.266666666666
10006,10007,800,4900,-0.7192982456140351,-0.12781954887218044,0,21800,10006.140350877193,10006.266666666666
10006,10007,400,4900,-0.8490566037735849,-0.1450381679389313,-400,21400,10006.075471698114,10006.2
10006,10007,400,4900,-0.8490566037735849,-0.1450381679389313,0,21400,10006.075471698114,10006.2
10006,10007,400,4900,-0.8490566037735849,-0.1450381679389313,0,21400,10006.075471698114,10006.2
10006,10007,400,4900,-0.8490566037735849,-0.1417624521072797,0,21400,10006.075471698114,10006.2
10006,10007,400,4900,-0.8490566037735849,-0.14615384615384616,0,21400,10006.075471698114,10006.2
10006,10007,400,4900,-0.8490566037735849,-0.14942528735632185,0,21400,10006.075471698114,10006.2
10006,10007,400,4900,-0.8490566037735849,-0.14942528735632185,0,21400,10006.075471698114,10006.2
10006,10007,400,4900,-0.8490566037735849,-0.15384615384615385,0,21400,10006.075471698114,10006.2
10006,10007,400,4900,-0.8490566037735849,-0.15708812260536398,0,21400,10006.075471698114,10006.2
10006,10007,400,4900,-0.8490566037735849,-0.15057915057915058,0,21400,10006.075471698114,10006.2
10006,10007,400,4900,-0.8490566037735849,-0.15503875968992248,0,21400,10006.075471698114,10006.2
10006,10007,400,4900,-0.8490566037735849,-0.1583011583011583,0,21400,10006.075471698114,10006.2
10006,10007,400,4900,-0.8490566037735849,-0.1583011583011583,0,21400,10006.075471698114,10006.2
10006,10007,400,4900,-0.8490566037735849,-0.1517509727626459,0,21400,10006.075471698114,10006.2
10006,10007,400,4900,-0.8490566037735849,-0.1517509727626459,0,21400,10006.075471698114,10006.2
10006,10007,400,4900,-0.8490566037735849,-0.1517509727626459,0,21400,10006.075471698114,10006.2
10006,10007,300,4900,-0.8846153846153846,-0.15625,-100,21300,10006.057692307691,10006.2
10006,10007,300,4900,-0.8846153846153846,-0.15294117647058825,0,21300,10006.057692307691,10006.2
10006,10007,200,4900,-0.9215686274509803,-0.15748031496062992,-100,21200,10006.039215686274,10006.2
10006,10007,200,4900,-0.9215686274509803,-0.15748031496062992,0,21200,10006.039215686274,10006.2
10006,10007,200,4900,-0.9215686274509803,-0.15748031496062992,0,21200,10006.039215686274,10006.2
10006,10007,200,4900,-0.9215686274509803,-0.15748031496062992,0,21200,10006.039215686274,10006.2
10006,10007,200,4900,-0.9215686274509803,-0.1541501976284585,0,21200,10006.039215686274,10006.2
10006,10007,200,4900,-0.9215686274509803,-0.15748031496062992,0,21200,10006.039215686274,10006.2
10006,10007,200,4900,-0.9215686274509803,-0.14741035856573706,0,21200,10006.039215686274,10006.2
10006,10007,200,4900,-0.9215686274509803,-0.14741035856573706,0,21200,10006.039215686274,10006.2
10006,10007,200,4900,-0.9215686274509803,-0.14741035856573706,0,21200,10006.039215686274,10006.2
10006,10007,200,4900,-0.9215686274509803,-0.152,0,21200,10006.039215686274,10006.2
10006,10007,200,4800,-0.92,-0.14859437751004015,100,21300,10006.04,10006.2
10006,10007,200,4700,-0.9183673469387755,-0.14516129032258066,100,21400,10006.040816326531,10006.2
10006,10007,200,4700,-0.9183673469387755,-0.13821138211382114,0,21400,10006.040816326531,10006.2
10006,10007,200,4700,-0.9183673469387755,-0.13821138211382114,0,21400,10006.040816326531,10006.2
10006,10007,200,4700,-0.9183673469387755,-0.12903225806451613,0,21400,10006.040816326531,10006.2
10006,10007,700,4700,-0.7407407407407407,-0.1067193675889328,500,21900,10006.12962962963,10006.266666666666
10006,10007,700,4900,-0.75,-0.11372549019607843,-200,21700,10006.125,10006.266666666666
10006,10007,700,4900,-0.75,-0.11372549019607843,0,21700,10006.125,10006.266666666666
10006,10007,200,4900,-0.9215686274509803,-0.136,-500,21200,10006.039215686274,10006.2
10006,10007,200,4900,-0.9215686274509803,-0.12550607287449392,0,21200,10006.039215686274,10006.2
10006,10007,200,4900,-0.9215686274509803,-0.13253012048192772,0,21200,10006.039215686274,10006.2
10006,10007,200,4900,-0.9215686274509803,-0.1394422310756972,0,21200,10006.039215686274,10006.2
10006,10007,200,4900,-0.9215686274509803,-0.1349206349206349,0,21200,10006.039215686274,10006.2
10006,10007,200,4500,-0.9148936170212766,-0.12096774193548387,400,21600,10006.04255319149,10006.2
10006,10007,200,4500,-0.9148936170212766,-0.12096774193548387,0,21600,10006.04255319149,10006.2
10006,10007,200,4500,-0.9148936170212766,-0.12096774193548387,0,21600,10006.04255319149,10006.2
10006,10007,200,4500,-0.9148936170212766,-0.12096774193548387,0,21600,10006.04255319149,10006.2
10006,10007,200,4500,-0.9148936170212766,-0.1349206349206349,0,21600,10006.04255319149,10006.2
10006,10007,200,4500,-0.9148936170212766,-0.1383399209486166,0,21600,10006.04255319149,10006.2
10006,10007,200,4500,-0.9148936170212766,-0.14173228346456693,0,21600,10006.04255319149,10006.2
10006,10007,200,4500,-0.9148936170212766,-0.14173228346456693,0,21600,10006.04255319149,10006.2
10006,10007,200,4500,-0.9148936170212766,-0.1349206349206349,0,21600,10006.04255319149,10006.2
10006,10007,200,4500,-0.9148936170212766,-0.1349206349206349,0,21600,10006.04255319149,10006.2
10006,10007,200,4500,-0.9148936170212766,-0.128,0,21600,10006.04255319149,10006.2
10006,10007,200,4500,-0.9148936170212766,-0.13147410358565736,0,21600,10006.04255319149,10006.2
10006,10007,200,4500,-0.9148936170212766,-0.128,0,21600,10006.04255319149,10006.2
10006,10007,200,4500,-0.9148936170212766,-0.16049382716049382,0,21600,10006.04255319149,10006.2
10006,10007,200,4500,-0.9148936170212766,-0.16049382716049382,0,21600,10006.04255319149,10006.2
10006,10007,200,4500,-0.9148936170212766,-0.15702479338842976,0,21600,10006.04255319149,10006.2
10006,10007,100,4500,-0.9565217391304348,-0.16182572614107885,-100,21500,10006.021739130434,10006.2
10006,10007,100,4500,-0.9565217391304348,-0.1652892561983471,0,21500,10006.021739130434,10006.2
10006,10007,100,4500,-0.9565217391304348,-0.1652892561983471,0,21500,10006.021739130434,10006.2
10006,10007,100,4500,-0.9565217391304348,-0.16872427983539096,0,21500,10006.021739130434,10006.2
10006,10007,100,4500,-0.9565217391304348,-0.17355371900826447,0,21500,10006.021739130434,10006.2
10006,10007,100,4500,-0.9565217391304348,-0.17355371900826447,0,21500,10006.021739130434,10006.2
10006,10007,100,4500,-0.9565217391304348,-0.17355371900826447,0,21500,10006.021739130434,10006.2
10006,10007,100,4500,-0.9565217391304348,-0.16872427983539096,0,21500,10006.021739130434,10006.2
10006,10007,100,4500,-0.9565217391304348,-0.16182572614107885,0,21500,10006.021739130434,10006.2
10006,10007,100,4500,-0.9565217391304348,-0.16666666666666666,0,21500,10006.021739130434,10006.2
10006,10007,100,4500,-0.9565217391304348,-0.16666666666666666,0,21500,10006.021739130434,10006.2
10006,10007,100,4500,-0.9565217391304348,-0.16666666666666666,0,21500,10006.021739130434,10006.2
10006,10007,100,4500,-0.9565217391304348,-0.16666666666666666,0,21500,10006.021739130434,10006.2
10006,10007,100,4500,-0.9565217391304348,-0.15611814345991562,0,21500,10006.021739130434,10006.2
10006,10007,100,4600,-0.9574468085106383,-0.15966386554621848,-100,21400,10006.021276595744,10006.2
10006,10007,300,4600,-0.8775510204081632,-0.15,200,21600,10006.061224489797,10006.2
10006,10007,300,4600,-0.8775510204081632,-0.14049586776859505,0,21600,10006.061224489797,10006.2
10006,10007,300,4600,-0.8775510204081632,-0.14049586776859505,0,21600,10006.061224489797,10006.2
10006,10007,300,4600,-0.8775510204081632,-0.1440329218106996,0,21600,10006.061224489797,10006.2
10006,10007,300,4600,-0.8775510204081632,-0.1440329218106996,0,21600,10006.061224489797,10006.2
10006,10007,200,4600,-0.9166666666666666,-0.1487603305785124,-100,21500,10006.041666666666,10006.2
10006,10007,200,4600,-0.9166666666666666,-0.1440329218106996,0,21500,10006.041666666666,10006.2
10006,10007,200,4500,-0.9148936170212766,-0.14049586776859505,100,21600,10006.04255319149,10006.2
10006,10007,200,4500,-0.9148936170212766,-0.13333333333333333,0,21600,10006.04255319149,10006.2
10006,10007,200,4500,-0.9148936170212766,-0.13333333333333333,0,21600,10006.04255319149,10006.2
10006,10007,200,4500,-0.9148936170212766,-0.14285714285714285,0,21600,10006.04255319149,10006.2
10006,10007,200,4500,-0.9148936170212766,-0.13924050632911392,0,21600,10006.04255319149,10006.2
10006,10007,300,4500,-0.875,-0.13445378151260504,100,21700,10006.0625,10006.2
10006,10007,200,4500,-0.9148936170212766,-0.13924050632911392,-100,21600,10006.04255319149,10006.2
10006,10007,200,4500,-0.9148936170212766,-0.13559322033898305,0,21600,10006.04255319149,10006.2
10006,10007,200,4100,-0.9069767441860465,-0.1206896551724138,400,22000,10006.046511627907,10006.2
10006,10007,200,4100,-0.9069767441860465,-0.1206896551724138,0,22000,10006.046511627907,10006.2
10006,10007,200,4100,-0.9069767441860465,-0.1206896551724138,0,22000,10006.046511627907,10006.2
10006,10007,200,4100,-0.9069767441860465,-0.1206896551724138,0,22000,10006.046511627907,10006.2
10006,10007,200,4100,-0.9069767441860465,-0.1206896551724138,0,22000,10006.046511627907,10006.2
10006,10007,200,4100,-0.9069767441860465,-0.12446351931330472,0,22000,10006.046511627907,10006.2
10006,10007,200,4100,-0.9069767441860465,-0.12446351931330472,0,22000,10006.046511627907,10006.2
10006,10007,200,4100,-0.9069767441860465,-0.1206896551724138,0,22000,10006.046511627907,10006.2
10006,10007,200,3900,-0.9024390243902439,-0.11304347826086956,200,22200,10006.048780487805,10006.2
10006,10007,200,3900,-0.9024390243902439,-0.13274336283185842,0,22200,10006.048780487805,10006.2
10006,10007,200,3900,-0.9024390243902439,-0.14285714285714285,0,22200,10006.048780487805,10006.2
10006,10007,200,3900,-0.9024390243902439,-0.14285714285714285,0,22200,10006.048780487805,10006.2
10006,10007,200,3900,-0.9024390243902439,-0.13901345291479822,0,22200,10006.048780487805,10006.2
10006,10007,200,3900,-0.9024390243902439,-0.13901345291479822,0,22200,10006.048780487805,10006.2
10006,10007,200,3900,-0.9024390243902439,-0.13901345291479822,0,22200,10006.048780487805,10006.2
10006,10007,200,3900,-0.9024390243902439,-0.1288888888888889,0,22200,10006.048780487805,10006.2
10006,10007,200,4200,-0.9090909090909091,-0.14035087719298245,-300,21900,10006.045454545454,10006.2
10006,10007,200,4200,-0.9090909090909091,-0.125,0,21900,10006.045454545454,10006.2
10006,10007,200,4200,-0.9090909090909091,-0.09565217391304348,0,21900,10006.045454545454,10006.2
10006,10007,200,4200,-0.9090909090909091,-0.09565217391304348,0,21900,10006.045454545454,10006.2
10006,10007,200,4200,-0.9090909090909091,-0.10526315789473684,0,21900,10006.045454545454,10006.2
10006,10007,200,4200,-0.9090909090909091,-0.1013215859030837,0,21900,10006.045454545454,10006.2
10006,10007,200,4200,-0.9090909090909091,-0.1013215859030837,0,21900,10006.045454545454,10006.2
10006,10007,200,4100,-0.9069767441860465,-0.09734513274336283,100,22000,10006.046511627907,10006.2
10006,10007,200,4200,-0.9090909090909091,-0.1013215859030837,-100,21900,10006.045454545454,10006.2
10006,10007,200,4200,-0.9090909090909091,-0.10526315789473684,0,21900,10006.045454545454,10006.2
10006,10007,100,4200,-0.9534883720930233,-0.11013215859030837,-100,21800,10006.023255813954,10006.2
10006,10007,100,4200,-0.9534883720930233,-0.11013215859030837,0,21800,10006.023255813954,10006.2
10006,10007,100,4200,-0.9534883720930233,-0.11403508771929824,0,21800,10006.023255813954,10006.2
10006,10007,100,4200,-0.9534883720930233,-0.1091703056768559,0,21800,10006.023255813954,10006.2
10006,10007,100,4200,-0.9534883720930233,-0.1091703056768559,0,21800,10006.023255813954,10006.2
10006,10007,100,4200,-0.9534883720930233,-0.1091703056768559,0,21800,10006.023255813954,10006.2
10006,10007,100,4200,-0.9534883720930233,-0.09734513274336283,0,21800,10006.023255813954,10006.2
10006,10007,100,4200,-0.9534883720930233,-0.1013215859030837,0,21800,10006.023255813954,10006.2
10006,10007,100,4200,-0.9534883720930233,-0.10619469026548672,0,21800,10006.023255813954,10006.2
10006,10007,100,4200,-0.9534883720930233,-0.12173913043478261,0,21800,10006.023255813954,10006.2
10006,10007,100,4300,-0.9545454545454546,-0.12554112554112554,-100,21700,10006.022727272728,10006.2
10006,10007,100,4300,-0.9545454545454546,-0.12173913043478261,0,21700,10006.022727272728,10006.2
10006,10007,100,4300,-0.9545454545454546,-0.12663755458515283,0,21700,10006.022727272728,10006.2
10006,10007,100,4200,-0.9534883720930233,-0.12280701754385964,100,21800,10006.023255813954,10006.2
10006,10007,100,4200,-0.9534883720930233,-0.12280701754385964,0,21800,10006.023255813954,10006.2
10006,10007,100,4200,-0.9534883720930233,-0.12280701754385964,0,21800,10006.023255813954,10006.2
10006,10007,100,4200,-0.9534883720930233,-0.13043478260869565,0,21800,10006.023255813954,10006.2
10006,10007,100,4200,-0.9534883720930233,-0.13043478260869565,0,21800,10006.023255813954,10006.2
10006,10007,100,4200,-0.9534883720930233,-0.12663755458515283,0,21800,10006.023255813954,10006.2
10006,10007,100,4200,-0.9534883720930233,-0.12280701754385964,0,21800,10006.023255813954,10006.2
10006,10007,100,4200,-0.9534883720930233,-0.12663755458515283,0,21800,10006.023255813954,10006.2
10006,10007,200,4200,-0.9090909090909091,-0.12173913043478261,100,21900,10006.045454545454,10006.2
10006,10007,200,4200,-0.9090909090909091,-0.12554112554112554,0,21900,10006.045454545454,10006.2
10006,10007,200,4200,-0.9090909090909091,-0.12554112554112554,0,21900,10006.045454545454,10006.2
10006,10007,200,4200,-0.9090909090909091,-0.13043478260869565,0,21900,10006.045454545454,10006.2
10006,10007,200,4200,-0.9090909090909091,-0.11894273127753303,0,21900,10006.045454545454,10006.2
10006,10007,200,4200,-0.9090909090909091,-0.13392857142857142,0,21900,10006.045454545454,10006.2
10006,10007,200,4200,-0.9090909090909091,-0.13392857142857142,0,21900,10006.045454545454,10006.2
10006,10007,200,4200,-0.9090909090909091,-0.13392857142857142,0,21900,10006.045454545454,10006.2
10006,10007,100,4200,-0.9534883720930233,-0.13901345291479822,-100,21800,10006.023255813954,10006.2
10006,10007,100,4200,-0.9534883720930233,-0.15418502202643172,0,21800,10006.023255813954,10006.2
10006,10007,100,4200,-0.9534883720930233,-0.14285714285714285,0,21800,10006.023255813954,10006.2
10006,10007,100,4200,-0.9534883720930233,-0.13777777777777778,0,21800,10006.023255813954,10006.2
10006,10007,100,4200,-0.9534883720930233,-0.13392857142857142,0,21800,10006.023255813954,10006.2
10006,10007,100,4200,-0.9534883720930233,-0.13392857142857142,0,21800,10006.023255813954,10006.2
10006,10007,100,4200,-0.9534883720930233,-0.1493212669683258,0,21800,10006.023255813954,10006.2
10005,10007,2400,4200,-0.2727272727272727,-0.02834008097165992,-100,21700,10005.727272727272,10006.0
10005,10007,2400,4200,-0.2727272727272727,-0.024193548387096774,0,21700,10005.727272727272,10006.0
10005,10007,2400,4200,-0.2727272727272727,-0.02834008097165992,0,21700,10005.727272727272,10006.0
10005,10007,2400,4200,-0.2727272727272727,-0.02834008097165992,0,21700,10005.727272727272,10006.0
10005,10007,2400,4200,-0.2727272727272727,-0.01195219123505976,0,21700,10005.727272727272,10006.0
10005,10007,2400,4200,-0.2727272727272727,-0.007936507936507936,0,21700,10005.727272727272,10006.0
10005,10007,2400,4200,-0.2727272727272727,-0.007936507936507936,0,21700,10005.727272727272,10006.0
10005,10007,2400,4200,-0.2727272727272727,-0.01195219123505976,0,21700,10005.727272727272,10006.0
10005,10007,2400,4200,-0.2727272727272727,-0.024193548387096774,0,21700,10005.727272727272,10006.0
10005,10007,2400,4200,-0.2727272727272727,-0.016260162601626018,0,21700,10005.727272727272,10006.0
10005,10007,2400,4200,-0.2727272727272727,-0.004016064257028112,0,21700,10005.727272727272,10006.0
10005,10007,2400,4200,-0.2727272727272727,-0.004016064257028112,0,21700,10005.727272727272,10006.0
10005,10007,2400,4300,-0.2835820895522388,-0.008,-100,21600,10005.716417910447,10006.0
10005,10007,2400,4300,-0.2835820895522388,-0.008,0,21600,10005.716417910447,10006.0
10005,10006,2400,100,0.92,0.05084745762711865,-100,21500,10005.96,10005.8
10005,10006,2400,100,0.92,0.046413502109704644,0,21500,10005.96,10005.8
10005,10006,2200,100,0.9130434782608695,0.03829787234042553,-200,21300,10005.95652173913,10005.8
10005,10006,2200,100,0.9130434782608695,0.042735042735042736,0,21300,10005.95652173913,10005.8
10005,10006,2200,100,0.9130434782608695,0.034482758620689655,0,21300,10005.95652173913,10005.8
10005,10006,2000,100,0.9047619047619048,0.02608695652173913,-200,21100,10005.952380952382,10005.8
10005,10006,2000,100,0.9047619047619048,0.030303030303030304,0,21100,10005.952380952382,10005.8
10005,10006,1800,100,0.8947368421052632,0.021834061135371178,-200,20900,10005.947368421053,10005.8
10005,10006,1800,100,0.8947368421052632,0.02631578947368421,0,20900,10005.947368421053,10005.8
10005,10006,1800,100,0.8947368421052632,0.035398230088495575,0,20900,10005.947368421053,10005.8
10005,10006,2000,100,0.9047619047619048,0.043859649122807015,200,21100,10005.952380952382,10005.8
10005,10006,2000,100,0.9047619047619048,0.030303030303030304,0,21100,10005.952380952382,10005.8
10005,10006,2000,100,0.9047619047619048,0.030303030303030304,0,21100,10005.952380952382,10005.8
10005,10006,2000,100,0.9047619047619048,0.030303030303030304,0,21100,10005.952380952382,10005.8
10005,10006,2000,100,0.9047619047619048,0.02586206896551724,0,21100,10005.952380952382,10005.8
10005,10006,2000,100,0.9047619047619048,0.030303030303030304,0,21100,10005.952380952382,10005.8
10005,10007,2000,4400,-0.375,-0.02857142857142857,100,21200,10005.625,10006.0
10005,10007,2000,4400,-0.375,-0.03278688524590164,0,21200,10005.625,10006.0
10005,10007,2000,4400,-0.375,-0.03278688524590164,0,21200,10005.625,10006.0
10005,10007,2000,4400,-0.375,-0.04065040650406504,0,21200,10005.625,10006.0
10005,10007,2000,4400,-0.375,-0.044897959183673466,0,21200,10005.625,10006.0
10005,10007,2000,4400,-0.375,-0.04065040650406504,0,21200,10005.625,10006.0
10005,10007,2000,4400,-0.375,-0.036734693877551024,0,21200,10005.625,10006.0
10005,10007,2000,4400,-0.375,-0.040983606557377046,0,21200,10005.625,10006.0
10005,10007,2000,4400,-0.375,-0.040983606557377046,0,21200,10005.625,10006.0
10005,10007,2000,4400,-0.375,-0.037037037037037035,0,21200,10005.625,10006.0
10005,10007,2000,4400,-0.375,-0.037037037037037035,0,21200,10005.625,10006.0
10005,10007,2000,4400,-0.375,-0.037037037037037035,0,21200,10005.625,10006.0
10005,10007,2000,4400,-0.375,-0.037037037037037035,0,21200,10005.625,10006.0
10005,10007,2000,4400,-0.375,-0.03278688524590164,0,21200,10005.625,10006.0
10005,10007,2100,4400,-0.35384615384615387,-0.02857142857142857,100,21300,10005.646153846154,10006.0
10005,10007,2100,4400,-0.35384615384615387,-0.02857142857142857,0,21300,10005.646153846154,10006.0
10005,10007,2100,4400,-0.35384615384615387,-0.02857142857142857,0,21300,10005.646153846154,10006.0
10005,10007,2100,4400,-0.35384615384615387,-0.012048192771084338,0,21300,10005.646153846154,10006.0
10005,10007,2100,4400,-0.35384615384615387,-0.0199203187250996,0,21300,10005.646153846154,10006.0
10005,10006,2100,200,0.8260869565217391,0.03361344537815126,-200,21100,10005.91304347826,10005.8
10005,10006,2100,200,0.8260869565217391,0.03361344537815126,0,21100,10005.91304347826,10005.8
10005,10006,2100,200,0.8260869565217391,0.0379746835443038,0,21100,10005.91304347826,10005.8
10005,10006,2100,200,0.8260869565217391,0.0423728813559322,0,21100,10005.91304347826,10005.8
10005,10006,2100,200,0.8260869565217391,0.03361344537815126,0,21100,10005.91304347826,10005.8
10005,10006,2100,100,0.9090909090909091,0.0379746835443038,100,21200,10005.954545454546,10005.8
10005,10006,2100,100,0.9090909090909091,0.0423728813559322,0,21200,10005.954545454546,10005.8
10005,10006,2100,100,0.9090909090909091,0.0379746835443038,0,21200,10005.954545454546,10005.8
10005,10006,2100,100,0.9090909090909091,0.04602510460251046,0,21200,10005.954545454546,10005.8
10005,10006,2100,100,0.9090909090909091,0.04602510460251046,0,21200,10005.954545454546,10005.8
10005,10006,2100,100,0.9090909090909091,0.04602510460251046,0,21200,10005.954545454546,10005.8
10005,10007,2100,4500,-0.36363636363636365,-0.011857707509881422,100,21300,10005.636363636364,10006.0
10005,10007,2100,4400,-0.35384615384615387,-0.007936507936507936,100,21400,10005.646153846154,10006.0
10005,10007,2100,4400,-0.35384615384615387,-0.007936507936507936,0,21400,10005.646153846154,10006.0
10005,10007,2100,4400,-0.35384615384615387,-0.016,0,21400,10005.646153846154,10006.0
10005,10007,2100,4400,-0.35384615384615387,-0.003952569169960474,0,21400,10005.646153846154,10006.0
10005,10007,2100,4400,-0.35384615384615387,0.00392156862745098,0,21400,10005.646153846154,10006.0
10005,10007,2100,4400,-0.35384615384615387,0.0,0,21400,10005.646153846154,10006.0
10005,10007,2100,4400,-0.35384615384615387,0.0,0,21400,10005.646153846154,10006.0
10005,10007,2100,4600,-0.373134328358209,-0.007751937984496124,-200,21200,10005.626865671642,10006.0
10005,10006,2100,100,0.9090909090909091,0.04918032786885246,-100,21100,10005.954545454546,10005.8
10005,10007,2100,4600,-0.373134328358209,-0.007751937984496124,100,21200,10005.626865671642,10006.0
10005,10007,2100,4500,-0.36363636363636365,-0.0038910505836575876,100,21300,10005.636363636364,10006.0
10005,10007,2100,4300,-0.34375,0.00392156862745098,200,21500,10005.65625,10006.0
10005,10007,2100,4200,-0.3333333333333333,0.007874015748031496,100,21600,10005.666666666666,10006.0
10005,10007,2100,4200,-0.3333333333333333,0.0,0,21600,10005.666666666666,10006.0
10005,10007,2100,4200,-0.3333333333333333,0.0,0,21600,10005.666666666666,10006.0
10005,10007,2100,4300,-0.34375,-0.003952569169960474,-100,21500,10005.65625,10006.0
10005,10007,2100,4300,-0.34375,0.011673151750972763,0,21500,10005.65625,10006.0
10005,10007,2000,4300,-0.36507936507936506,0.0078125,-100,21400,10005.63492063492,10006.0
10005,10007,2000,4300,-0.36507936507936506,0.00392156862745098,0,21400,10005.63492063492,10006.0
10005,10007,2000,4300,-0.36507936507936506,0.00392156862745098,0,21400,10005.63492063492,10006.0
10005,10007,2000,4300,-0.36507936507936506,0.015873015873015872,0,21400,10005.63492063492,10006.0
10005,10007,2000,4300,-0.36507936507936506,0.015873015873015872,0,21400,10005.63492063492,10006.0
10005,10006,2000,200,0.8181818181818182,0.07112970711297072,-200,21200,10005.90909090909,10005.8
10005,10006,2000,200,0.8181818181818182,0.07112970711297072,0,21200,10005.90909090909,10005.8
10005,10006,2000,200,0.8181818181818182,0.06722689075630252,0,21200,10005.90909090909,10005.8
10005,10006,2000,200,0.8181818181818182,0.06722689075630252,0,21200,10005.90909090909,10005.8
10005,10006,2000,200,0.8181818181818182,0.06722689075630252,0,21200,10005.90909090909,10005.8
10005,10006,2000,200,0.8181818181818182,0.07627118644067797,0,21200,10005.90909090909,10005.8
10005,10006,2000,200,0.8181818181818182,0.06437768240343347,0,21200,10005.90909090909,10005.8
10005,10006,2000,200,0.8181818181818182,0.06896551724137931,0,21200,10005.90909090909,10005.8
10005,10006,2000,200,0.8181818181818182,0.06896551724137931,0,21200,10005.90909090909,10005.8
10005,10006,2000,200,0.8181818181818182,0.07296137339055794,0,21200,10005.90909090909,10005.8
10005,10006,2000,300,0.7391304347826086,0.06837606837606838,-100,21100,10005.869565217392,10005.733333333334
10005,10006,2000,500,0.6,0.059322033898305086,-200,20900,10005.8,10005.733333333334
10005,10006,1900,500,0.5833333333333334,0.05531914893617021,-100,20800,10005.791666666666,10005.666666666666
10005,10006,2500,500,0.6666666666666666,0.07883817427385892,600,21400,10005.833333333334,10005.733333333334
10005,10006,2500,500,0.6666666666666666,0.08264462809917356,0,21400,10005.833333333334,10005.733333333334
10005,10006,2500,500,0.6666666666666666,0.07818930041152264,0,21400,10005.833333333334,10005.733333333334
10005,10006,2500,500,0.6666666666666666,0.07377049180327869,0,21400,10005.833333333334,10005.733333333334
10005,10006,2500,500,0.6666666666666666,0.07377049180327869,0,21400,10005.833333333334,10005.733333333334
10005,10006,2500,500,0.6666666666666666,0.07377049180327869,0,21400,10005.833333333334,10005.733333333334
10005,10006,2500,500,0.6666666666666666,0.06504065040650407,0,21400,10005.833333333334,10005.733333333334
10005,10006,2500,700,0.5625,0.056451612903225805,-200,21200,10005.78125,10005.666666666666
10005,10006,2500,700,0.5625,0.056451612903225805,0,21200,10005.78125,10005.666666666666
10005,10006,2500,700,0.5625,0.05263157894736842,0,21200,10005.78125,10005.666666666666
10005,10006,2500,700,0.5625,0.037037037037037035,0,21200,10005.78125,10005.666666666666
10005,10006,2600,700,0.5757575757575758,0.040983606557377046,100,21300,10005.787878787878,10005.666666666666
10005,10006,2600,700,0.5757575757575758,0.049586776859504134,0,21300,10005.787878787878,10005.666666666666
10005,10006,2600,700,0.5757575757575758,0.04526748971193416,0,21300,10005.787878787878,10005.666666666666
10005,10006,2600,700,0.5757575757575758,0.053061224489795916,0,21300,10005.787878787878,10005.666666666666
10005,10006,2600,700,0.5757575757575758,0.053061224489795916,0,21300,10005.787878787878,10005.666666666666
10005,10006,2600,700,0.5757575757575758,0.053061224489795916,0,21300,10005.787878787878,10005.666666666666
10005,10006,2600,700,0.5757575757575758,0.06451612903225806,0,21300,10005.787878787878,10005.666666666666
10005,10006,2600,700,0.5757575757575758,0.06882591093117409,0,21300,10005.787878787878,10005.666666666666
10005,10006,2600,700,0.5757575757575758,0.06451612903225806,0,21300,10005.787878787878,10005.666666666666
10005,10006,2600,700,0.5757575757575758,0.06451612903225806,0,21300,10005.787878787878,10005.666666666666
10005,10006,2600,700,0.5757575757575758,0.056,0,21300,10005.787878787878,10005.666666666666
10005,10006,2600,700,0.5757575757575758,0.060240963855421686,0,21300,10005.787878787878,10005.666666666666
10005,10006,2600,700,0.5757575757575758,0.060240963855421686,0,21300,10005.787878787878,10005.666666666666
10005,10006,2600,700,0.5757575757575758,0.060240963855421686,0,21300,10005.787878787878,10005.666666666666
10005,10006,2600,700,0.5757575757575758,0.06451612903225806,0,21300,10005.787878787878,10005.666666666666
10005,10006,2600,700,0.5757575757575758,0.06827309236947791,0,21300,10005.787878787878,10005.666666666666
10005,10006,2600,800,0.5294117647058824,0.064,-100,21200,10005.764705882353,10005.666666666666
10005,10006,2600,800,0.5294117647058824,0.07258064516129033,0,21200,10005.764705882353,10005.666666666666
10005,10006,2700,800,0.5428571428571428,0.07630522088353414,100,21300,10005.771428571428,10005.666666666666
10005,10006,2700,800,0.5428571428571428,0.07258064516129033,0,21300,10005.771428571428,10005.666666666666
10005,10006,2700,800,0.5428571428571428,0.07258064516129033,0,21300,10005.771428571428,10005.666666666666
10005,10006,2600,800,0.5294117647058824,0.06882591093117409,-100,21200,10005.764705882353,10005.666666666666
10005,10006,2600,800,0.5294117647058824,0.06504065040650407,0,21200,10005.764705882353,10005.666666666666
10005,10006,2600,800,0.5294117647058824,0.05220883534136546,0,21200,10005.764705882353,10005.666666666666
10005,10006,2600,600,0.625,0.06072874493927125,200,21400,10005.8125,10005.733333333334
10005,10006,2600,600,0.625,0.05220883534136546,0,21400,10005.8125,10005.733333333334
10005,10006,2600,600,0.625,0.06072874493927125,0,21400,10005.8125,10005.733333333334
10005,10006,2600,600,0.625,0.048,0,21400,10005.8125,10005.733333333334
10005,10006,2600,600,0.625,0.048,0,21400,10005.8125,10005.733333333334
10005,10006,2600,600,0.625,0.05555555555555555,0,21400,10005.8125,10005.733333333334
10005,10006,2600,600,0.625,0.048,0,21400,10005.8125,10005.733333333334
10005,10006,2600,600,0.625,0.011583011583011582,0,21400,10005.8125,10005.733333333334
10005,10006,2600,600,0.625,0.011583011583011582,0,21400,10005.8125,10005.733333333334
10005,10006,2600,600,0.625,0.007692307692307693,0,21400,10005.8125,10005.733333333334
10005,10006,2600,600,0.625,0.015503875968992248,0,21400,10005.8125,10005.733333333334
10005,10006,2600,600,0.625,0.007692307692307693,0,21400,10005.8125,10005.733333333334
10005,10006,2600,600,0.625,0.011494252873563218,0,21400,10005.8125,10005.733333333334
10005,10006,2600,600,0.625,0.0,0,21400,10005.8125,10005.733333333334
10005,10006,2600,600,0.625,0.0,0,21400,10005.8125,10005.733333333334
10005,10006,2600,600,0.625,-0.0038022813688212928,0,21400,10005.8125,10005.733333333334
10005,10006,2500,600,0.6129032258064516,-0.007633587786259542,-100,21300,10005.806451612903,10005.733333333334
10005,10006,2500,600,0.6129032258064516,0.0,0,21300,10005.806451612903,10005.733333333334
10005,10006,2500,600,0.6129032258064516,0.0037735849056603774,0,21300,10005.806451612903,10005.733333333334
10005,10006,2500,600,0.6129032258064516,-0.015384615384615385,0,21300,10005.806451612903,10005.733333333334
10005,10006,2500,700,0.5625,-0.019157088122605363,-100,21200,10005.78125,10005.666666666666
10005,10006,2500,700,0.5625,-0.022900763358778626,0,21200,10005.78125,10005.666666666666
10005,10006,2500,700,0.5625,-0.022900763358778626,0,21200,10005.78125,10005.666666666666
10005,10006,2500,700,0.5625,-0.030303030303030304,0,21200,10005.78125,10005.666666666666
10005,10006,2500,700,0.5625,-0.03759398496240601,0,21200,10005.78125,10005.666666666666
10005,10006,2500,700,0.5625,-0.04477611940298507,0,21200,10005.78125,10005.666666666666
10005,10006,2500,700,0.5625,-0.030303030303030304,0,21200,10005.78125,10005.666666666666
10005,10006,2500,700,0.5625,-0.03816793893129771,0,21200,10005.78125,10005.666666666666
10005,10006,2500,700,0.5625,-0.046153846153846156,0,21200,10005.78125,10005.666666666666
10005,10006,2500,700,0.5625,-0.046153846153846156,0,21200,10005.78125,10005.666666666666
10005,10006,2500,700,0.5625,-0.057034220532319393,0,21200,10005.78125,10005.666666666666
10005,10006,2500,700,0.5625,-0.057034220532319393,0,21200,10005.78125,10005.666666666666
10005,10006,2500,700,0.5625,-0.06415094339622641,0,21200,10005.78125,10005.666666666666
10005,10006,2500,700,0.5625,-0.06415094339622641,0,21200,10005.78125,10005.666666666666
10005,10006,2500,700,0.5625,-0.06060606060606061,0,21200,10005.78125,10005.666666666666
10005,10006,2700,700,0.5882352941176471,-0.05263157894736842,200,21400,10005.79411764706,10005.666666666666
10005,10006,2700,700,0.5882352941176471,-0.04477611940298507,0,21400,10005.79411764706,10005.666666666666
10005,10006,2700,700,0.5882352941176471,-0.04477611940298507,0,21400,10005.79411764706,10005.666666666666
10005,10006,2700,700,0.5882352941176471,-0.04477611940298507,0,21400,10005.79411764706,10005.666666666666
10005,10006,2700,700,0.5882352941176471,-0.03759398496240601,0,21400,10005.79411764706,10005.666666666666
10005,10006,2700,700,0.5882352941176471,-0.04119850187265917,0,21400,10005.79411764706,10005.666666666666
10005,10006,2700,700,0.5882352941176471,-0.048327137546468404,0,21400,10005.79411764706,10005.666666666666
10005,10006,2700,700,0.5882352941176471,-0.048327137546468404,0,21400,10005.79411764706,10005.666666666666
10005,10006,2700,800,0.5428571428571428,-0.05185185185185185,-100,21300,10005.771428571428,10005.666666666666
10005,10006,2700,800,0.5428571428571428,-0.05185185185185185,0,21300,10005.771428571428,10005.666666666666
10005,10006,2700,800,0.5428571428571428,-0.055762081784386616,0,21300,10005.771428571428,10005.666666666666
10005,10006,2700,800,0.5428571428571428,-0.055762081784386616,0,21300,10005.771428571428,10005.666666666666
10005,10006,2700,800,0.5428571428571428,-0.0695970695970696,0,21300,10005.771428571428,10005.666666666666
10005,10006,2700,800,0.5428571428571428,-0.06569343065693431,0,21300,10005.771428571428,10005.666666666666
10005,10006,2700,800,0.5428571428571428,-0.06569343065693431,0,21300,10005.771428571428,10005.666666666666
10005,10006,2700,800,0.5428571428571428,-0.06569343065693431,0,21300,10005.771428571428,10005.666666666666
10005,10006,2700,800,0.5428571428571428,-0.0695970695970696,0,21300,10005.771428571428,10005.666666666666
10005,10006,2700,800,0.5428571428571428,-0.0695970695970696,0,21300,10005.771428571428,10005.666666666666
10005,10006,3200,800,0.6,-0.050359712230215826,500,21800,10005.8,10005.733333333334
10005,10006,3200,800,0.6,-0.06181818181818182,0,21800,10005.8,10005.733333333334
10005,10006,3200,800,0.6,-0.05415162454873646,0,21800,10005.8,10005.733333333334
10005,10006,3200,800,0.6,-0.04659498207885305,0,21800,10005.8,10005.733333333334
10005,10006,3200,800,0.6,-0.04659498207885305,0,21800,10005.8,10005.733333333334
10005,10006,3200,900,0.5609756097560976,-0.05,-100,21700,10005.780487804877,10005.666666666666
10005,10006,3200,900,0.5609756097560976,-0.05,0,21700,10005.780487804877,10005.666666666666
10005,10006,3200,900,0.5609756097560976,-0.05,0,21700,10005.780487804877,10005.666666666666
10005,10006,3200,900,0.5609756097560976,-0.05,0,21700,10005.780487804877,10005.666666666666
10005,10006,3200,800,0.6,-0.04659498207885305,100,21800,10005.8,10005.733333333334
10005,10006,3200,800,0.6,-0.050359712230215826,0,21800,10005.8,10005.733333333334
10005,10006,3200,800,0.6,-0.050359712230215826,0,21800,10005.8,10005.733333333334
10005,10006,3100,800,0.5897435897435898,-0.05415162454873646,-100,21700,10005.794871794871,10005.666666666666
10005,10006,3000,800,0.5789473684210527,-0.057971014492753624,-100,21600,10005.78947368421,10005.666666666666
10005,10006,2800,800,0.5555555555555556,-0.06569343065693431,-200,21400,10005.777777777777,10005.666666666666
10005,10006,2800,800,0.5555555555555556,-0.058823529411764705,0,21400,10005.777777777777,10005.666666666666
10005,10006,2800,800,0.5555555555555556,-0.058823529411764705,0,21400,10005.777777777777,10005.666666666666
10005,10006,2800,700,0.6,-0.055350553505535055,100,21500,10005.8,10005.733333333334
10005,10006,2800,700,0.6,-0.058823529411764705,0,21500,10005.8,10005.733333333334
10005,10006,2800,500,0.696969696969697,-0.05185185185185185,200,21700,10005.848484848484,10005.733333333334
10005,10006,2800,500,0.696969696969697,-0.058823529411764705,0,21700,10005.848484848484,10005.733333333334
10005,10006,2800,500,0.696969696969697,-0.048327137546468404,0,21700,10005.848484848484,10005.733333333334
10005,10006,2800,500,0.696969696969697,-0.044444444444444446,0,21700,10005.848484848484,10005.733333333334
10005,10006,2800,500,0.696969696969697,-0.048327137546468404,0,21700,10005.848484848484,10005.733333333334
10005,10006,2800,500,0.696969696969697,-0.044444444444444446,0,21700,10005.848484848484,10005.733333333334
10005,10006,2900,500,0.7058823529411765,-0.04059040590405904,100,21800,10005.85294117647,10005.733333333334
10005,10006,2900,500,0.7058823529411765,-0.03296703296703297,0,21800,10005.85294117647,10005.733333333334
10005,10006,2400,500,0.6551724137931034,-0.05223880597014925,-500,21300,10005.827586206897,10005.733333333334
10005,10006,2400,500,0.6551724137931034,-0.055762081784386616,0,21300,10005.827586206897,10005.733333333334
10005,10006,2400,500,0.6551724137931034,-0.055762081784386616,0,21300,10005.827586206897,10005.733333333334
10005,10006,2200,500,0.6296296296296297,-0.06367041198501873,-200,21100,10005.814814814816,10005.733333333334
10005,10006,2200,400,0.6923076923076923,-0.06015037593984962,100,21200,10005.846153846154,10005.733333333334
10005,10006,2200,400,0.6923076923076923,-0.06716417910447761,0,21200,10005.846153846154,10005.733333333334
10005,10006,2200,400,0.6923076923076923,-0.07063197026022305,0,21200,10005.846153846154,10005.733333333334
10005,10006,2200,400,0.6923076923076923,-0.07063197026022305,0,21200,10005.846153846154,10005.733333333334
10005,10006,2200,400,0.6923076923076923,-0.07063197026022305,0,21200,10005.846153846154,10005.733333333334
10005,10006,2200,600,0.5714285714285714,-0.07749077490774908,-200,21000,10005.785714285714,10005.666666666666
10005,10006,2200,1000,0.375,-0.09090909090909091,-400,20600,10005.6875,10005.6
10005,10006,2200,1000,0.375,-0.09090909090909091,0,20600,10005.6875,10005.6
10005,10006,2200,1000,0.375,-0.09090909090909091,0,20600,10005.6875,10005.6
10005,10006,2200,1000,0.375,-0.09420289855072464,0,20600,10005.6875,10005.6
10005,10006,2200,1000,0.375,-0.09420289855072464,0,20600,10005.6875,10005.6
10005,10006,2200,1000,0.375,-0.09420289855072464,0,20600,10005.6875,10005.6
10005,10006,2200,1000,0.375,-0.10622710622710622,0,20600,10005.6875,10005.6
10005,10006,2200,1000,0.375,-0.09818181818181818,0,20600,10005.6875,10005.6
10005,10006,2300,1000,0.3939393939393939,-0.09420289855072464,100,20700,10005.69696969697,10005.6
10005,10006,2400,1000,0.4117647058823529,-0.09025270758122744,100,20800,10005.70588235294,10005.666666666666
10005,10006,2400,1000,0.4117647058823529,-0.0967741935483871,0,20800,10005.70588235294,10005.666666666666
10005,10006,2400,1000,0.4117647058823529,-0.0967741935483871,0,20800,10005.70588235294,10005.666666666666
10005,10006,2400,1000,0.4117647058823529,-0.0812720848056537,0,20800,10005.70588235294,10005.666666666666
10005,10006,2400,1000,0.4117647058823529,-0.0812720848056537,0,20800,10005.70588235294,10005.666666666666
10005,10006,2400,1000,0.4117647058823529,-0.0967741935483871,0,20800,10005.70588235294,10005.666666666666
10005,10006,2400,1000,0.4117647058823529,-0.10638297872340426,0,20800,10005.70588235294,10005.666666666666
10005,10006,2400,1000,0.4117647058823529,-0.1103202846975089,0,20800,10005.70588235294,10005.666666666666
10005,10006,2400,1000,0.4117647058823529,-0.1103202846975089,0,20800,10005.70588235294,10005.666666666666
10005,10006,2500,1000,0.42857142857142855,-0.10638297872340426,100,20900,10005.714285714286,10005.666666666666
10005,10006,2500,1000,0.42857142857142855,-0.10638297872340426,0,20900,10005.714285714286,10005.666666666666
10005,10006,2500,1000,0.42857142857142855,-0.1103202846975089,0,20900,10005.714285714286,10005.666666666666
10005,10006,2500,1000,0.42857142857142855,-0.11971830985915492,0,20900,10005.714285714286,10005.666666666666
10005,10006,2500,1000,0.42857142857142855,-0.11971830985915492,0,20900,10005.714285714286,10005.666666666666
10005,10006,2500,1000,0.42857142857142855,-0.12367491166077739,0,20900,10005.714285714286,10005.666666666666
10005,10006,2500,1000,0.42857142857142855,-0.11578947368421053,0,20900,10005.714285714286,10005.666666666666
10005,10006,2500,1000,0.42857142857142855,-0.12195121951219512,0,20900,10005.714285714286,10005.666666666666
10005,10006,2600,1000,0.4444444444444444,-0.11805555555555555,100,21000,10005.722222222223,10005.666666666666
10005,10006,2600,1000,0.4444444444444444,-0.11498257839721254,0,21000,10005.722222222223,10005.666666666666
10005,10006,2600,1000,0.4444444444444444,-0.11888111888111888,0,21000,10005.722222222223,10005.666666666666
10005,10006,2600,1000,0.4444444444444444,-0.1267605633802817,0,21000,10005.722222222223,10005.666666666666
10005,10006,2600,1000,0.4444444444444444,-0.11888111888111888,0,21000,10005.722222222223,10005.666666666666
10005,10006,2500,1000,0.42857142857142855,-0.12280701754385964,-100,20900,10005.714285714286,10005.666666666666
10005,10006,2500,1000,0.42857142857142855,-0.1267605633802817,0,20900,10005.714285714286,10005.666666666666
10005,10006,2500,1000,0.42857142857142855,-0.12280701754385964,0,20900,10005.714285714286,10005.666666666666
10005,10006,2500,1000,0.42857142857142855,-0.1267605633802817,0,20900,10005.714285714286,10005.666666666666
10005,10006,2500,1000,0.42857142857142855,-0.13074204946996468,0,20900,10005.714285714286,10005.666666666666
10005,10006,2500,1000,0.42857142857142855,-0.12455516014234876,0,20900,10005.714285714286,10005.666666666666
10005,10006,2500,1000,0.42857142857142855,-0.12056737588652482,0,20900,10005.714285714286,10005.666666666666
10005,10006,2500,1000,0.42857142857142855,-0.12857142857142856,0,20900,10005.714285714286,10005.666666666666
10005,10006,2500,1000,0.42857142857142855,-0.12544802867383512,0,20900,10005.714285714286,10005.666666666666
10005,10006,2500,1000,0.42857142857142855,-0.12544802867383512,0,20900,10005.714285714286,10005.666666666666
10005,10006,2500,1000,0.42857142857142855,-0.12857142857142856,0,20900,10005.714285714286,10005.666666666666
10005,10006,2500,1000,0.42857142857142855,-0.13167259786476868,0,20900,10005.714285714286,10005.666666666666
10005,10006,2500,1000,0.42857142857142855,-0.1347517730496454,0,20900,10005.714285714286,10005.666666666666
10005,10006,2500,1000,0.42857142857142855,-0.13074204946996468,0,20900,10005.714285714286,10005.666666666666
10005,10006,2500,1000,0.42857142857142855,-0.13074204946996468,0,20900,10005.714285714286,10005.666666666666
10005,10006,2500,1000,0.42857142857142855,-0.14285714285714285,0,20900,10005.714285714286,10005.666666666666
10005,10006,2500,1000,0.42857142857142855,-0.14285714285714285,0,20900,10005.714285714286,10005.666666666666
10005,10006,2500,1000,0.42857142857142855,-0.1387900355871886,0,20900,10005.714285714286,10005.666666666666
10005,10006,2500,1000,0.42857142857142855,-0.14695340501792115,0,20900,10005.714285714286,10005.666666666666
10005,10006,2500,1000,0.42857142857142855,-0.14285714285714285,0,20900,10005.714285714286,10005.666666666666
10005,10006,2500,1000,0.42857142857142855,-0.14285714285714285,0,20900,10005.714285714286,10005.666666666666
10005,10006,2500,1000,0.42857142857142855,-0.14590747330960854,0,20900,10005.714285714286,10005.666666666666
10005,10006,2500,1000,0.42857142857142855,-0.14184397163120568,0,20900,10005.714285714286,10005.666666666666
10005,10006,2500,1000,0.42857142857142855,-0.14184397163120568,0,20900,10005.714285714286,10005.666666666666
10005,10006,2500,1000,0.42857142857142855,-0.13780918727915195,0,20900,10005.714285714286,10005.666666666666
10005,10006,2500,1100,0.3888888888888889,-0.14084507042253522,-100,20800,10005.694444444445,10005.6
10005,10006,2500,1100,0.3888888888888889,-0.13286713286713286,0,20800,10005.694444444445,10005.6
10005,10006,2500,1100,0.3888888888888889,-0.13588850174216027,0,20800,10005.694444444445,10005.6
10005,10006,2500,1100,0.3888888888888889,-0.13286713286713286,0,20800,10005.694444444445,10005.6
10005,10006,2500,1100,0.3888888888888889,-0.125,0,20800,10005.694444444445,10005.6
10005,10006,2500,1100,0.3888888888888889,-0.12110726643598616,0,20800,10005.694444444445,10005.6
10005,10006,2500,1100,0.3888888888888889,-0.11724137931034483,0,20800,10005.694444444445,10005.6
10005,10006,2500,1100,0.3888888888888889,-0.12110726643598616,0,20800,10005.694444444445,10005.6
10005,10006,2500,1100,0.3888888888888889,-0.12110726643598616,0,20800,10005.694444444445,10005.6
10005,10006,2500,1100,0.3888888888888889,-0.11724137931034483,0,20800,10005.694444444445,10005.6
10005,10006,2500,1100,0.3888888888888889,-0.11724137931034483,0,20800,10005.694444444445,10005.6
10005,10006,2500,1100,0.3888888888888889,-0.10580204778156997,0,20800,10005.694444444445,10005.6
10005,10006,2500,1100,0.3888888888888889,-0.10884353741496598,0,20800,10005.694444444445,10005.6
10005,10006,2500,1100,0.3888888888888889,-0.11486486486486487,0,20800,10005.694444444445,10005.6
10005,10006,2500,1100,0.3888888888888889,-0.11486486486486487,0,20800,10005.694444444445,10005.6
10005,10006,2500,1100,0.3888888888888889,-0.11186440677966102,0,20800,10005.694444444445,10005.6
10005,10006,2500,1100,0.3888888888888889,-0.11186440677966102,0,20800,10005.694444444445,10005.6
10005,10006,2500,1100,0.3888888888888889,-0.12080536912751678,0,20800,10005.694444444445,10005.6
10005,10006,2500,1100,0.3888888888888889,-0.12374581939799331,0,20800,10005.694444444445,10005.6
10005,10006,2500,1100,0.3888888888888889,-0.12374581939799331,0,20800,10005.694444444445,10005.6
10005,10006,2500,1100,0.3888888888888889,-0.12374581939799331,0,20800,10005.694444444445,10005.6
10005,10006,2500,1100,0.3888888888888889,-0.12751677852348994,0,20800,10005.694444444445,10005.6
10005,10006,2500,1100,0.3888888888888889,-0.12751677852348994,0,20800,10005.694444444445,10005.6
10005,10006,2500,1100,0.3888888888888889,-0.12751677852348994,0,20800,10005.694444444445,10005.6
10005,10006,2500,1100,0.3888888888888889,-0.12457912457912458,0,20800,10005.694444444445,10005.6
10005,10006,2500,1100,0.3888888888888889,-0.12457912457912458,0,20800,10005.694444444445,10005.6
10005,10006,2500,1100,0.3888888888888889,-0.13043478260869565,0,20800,10005.694444444445,10005.6
10005,10006,2500,1100,0.3888888888888889,-0.13043478260869565,0,20800,10005.694444444445,10005.6
10005,10006,3100,1100,0.47619047619047616,-0.10819672131147541,600,21400,10005.738095238095,10005.666666666666
10005,10006,3100,1100,0.47619047619047616,-0.11551155115511551,0,21400,10005.738095238095,10005.666666666666
10005,10006,3100,1100,0.47619047619047616,-0.1270358306188925,0,21400,10005.738095238095,10005.666666666666
10005,10006,3100,1100,0.47619047619047616,-0.14950166112956811,0,21400,10005.738095238095,10005.666666666666
10005,10006,3100,1100,0.47619047619047616,-0.1610738255033557,0,21400,10005.738095238095,10005.666666666666
10005,10006,3100,1100,0.47619047619047616,-0.1610738255033557,0,21400,10005.738095238095,10005.666666666666
10005,10006,3100,1100,0.47619047619047616,-0.15719063545150502,0,21400,10005.738095238095,10005.666666666666
10005,10006,3100,1100,0.47619047619047616,-0.15333333333333332,0,21400,10005.738095238095,10005.666666666666
10005,10006,3100,1100,0.47619047619047616,-0.15333333333333332,0,21400,10005.738095238095,10005.666666666666
10005,10006,3100,1100,0.47619047619047616,-0.14950166112956811,0,21400,10005.738095238095,10005.666666666666
10005,10006,3400,1100,0.5111111111111111,-0.13815789473684212,300,21700,10005.755555555555,10005.666666666666
10005,10006,3400,1100,0.5111111111111111,-0.15483870967741936,0,21700,10005.755555555555,10005.666666666666
10005,10006,3400,1100,0.5111111111111111,-0.1465798045602606,0,21700,10005.755555555555,10005.666666666666
10005,10006,3400,1100,0.5111111111111111,-0.15210355987055016,0,21700,10005.755555555555,10005.666666666666
10005,10006,3400,1100,0.5111111111111111,-0.15210355987055016,0,21700,10005.755555555555,10005.666666666666
10005,10006,3700,1100,0.5416666666666666,-0.14102564102564102,300,22000,10005.770833333334,10005.666666666666
10005,10006,3700,1100,0.5416666666666666,-0.14469453376205788,0,22000,10005.770833333334,10005.666666666666
10005,10006,3700,1100,0.5416666666666666,-0.14469453376205788,0,22000,10005.770833333334,10005.666666666666
10005,10006,3700,1100,0.5416666666666666,-0.13738019169329074,0,22000,10005.770833333334,10005.666666666666
10005,10006,3700,1400,0.45098039215686275,-0.14556962025316456,-300,21700,10005.725490196079,10005.666666666666
10005,10006,3700,1400,0.45098039215686275,-0.14556962025316456,0,21700,10005.725490196079,10005.666666666666
10005,10006,3700,1400,0.45098039215686275,-0.1536050156739812,0,21700,10005.725490196079,10005.666666666666
10005,10006,3700,1300,0.48,-0.1509433962264151,100,21800,10005.74,10005.666666666666
10005,10006,3700,1300,0.48,-0.14018691588785046,0,21800,10005.74,10005.666666666666
10005,10006,3700,1300,0.48,-0.1375,0,21800,10005.74,10005.666666666666
10005,10006,3700,1300,0.48,-0.1375,0,21800,10005.74,10005.666666666666
10005,10006,3700,1300,0.48,-0.1375,0,21800,10005.74,10005.666666666666
10005,10006,3700,1300,0.48,-0.14018691588785046,0,21800,10005.74,10005.666666666666
10005,10006,3700,1300,0.48,-0.14018691588785046,0,21800,10005.74,10005.666666666666
10005,10006,3700,1300,0.48,-0.14018691588785046,0,21800,10005.74,10005.666666666666
10005,10006,3700,1300,0.48,-0.14018691588785046,0,21800,10005.74,10005.666666666666
10005,10006,3700,1300,0.48,-0.1320754716981132,0,21800,10005.74,10005.666666666666
10005,10006,3700,1300,0.48,-0.1320754716981132,0,21800,10005.74,10005.666666666666
10005,10006,3700,1300,0.48,-0.1464968152866242,0,21800,10005.74,10005.666666666666
10005,10006,3700,1300,0.48,-0.1464968152866242,0,21800,10005.74,10005.666666666666
10005,10006,3700,1300,0.48,-0.1464968152866242,0,21800,10005.74,10005.666666666666
10005,10006,3700,1300,0.48,-0.1464968152866242,0,21800,10005.74,10005.666666666666
10005,10006,3700,900,0.6086956521739131,-0.13548387096774195,400,22200,10005.804347826086,10005.733333333334
10005,10006,3700,1100,0.5416666666666666,-0.14102564102564102,-200,22000,10005.770833333334,10005.666666666666
10005,10006,3700,1100,0.5416666666666666,-0.14376996805111822,0,22000,10005.770833333334,10005.666666666666
10005,10006,3700,1100,0.5416666666666666,-0.1492063492063492,0,22000,10005.770833333334,10005.666666666666
10005,10006,3700,1100,0.5416666666666666,-0.13548387096774195,0,22000,10005.770833333334,10005.666666666666
10005,10006,3700,1100,0.5416666666666666,-0.14102564102564102,0,22000,10005.770833333334,10005.666666666666
10005,10006,3700,1100,0.5416666666666666,-0.14469453376205788,0,22000,10005.770833333334,10005.666666666666
10005,10006,3700,1100,0.5416666666666666,-0.13915857605177995,0,22000,10005.770833333334,10005.666666666666
10005,10006,3700,1100,0.5416666666666666,-0.14743589743589744,0,22000,10005.770833333334,10005.666666666666
10005,10006,3700,1100,0.5416666666666666,-0.14743589743589744,0,22000,10005.770833333334,10005.666666666666
10005,10006,3700,1100,0.5416666666666666,-0.16233766233766234,0,22000,10005.770833333334,10005.666666666666
10005,10006,3700,1100,0.5416666666666666,-0.15857605177993528,0,22000,10005.770833333334,10005.666666666666
10005,10006,3700,1100,0.5416666666666666,-0.15309446254071662,0,22000,10005.770833333334,10005.666666666666
10005,10006,3700,1100,0.5416666666666666,-0.1568627450980392,0,22000,10005.770833333334,10005.666666666666
10005,10006,3700,1100,0.5416666666666666,-0.1568627450980392,0,22000,10005.770833333334,10005.666666666666
10005,10006,3700,1100,0.5416666666666666,-0.14935064935064934,0,22000,10005.770833333334,10005.666666666666
10005,10006,3700,1100,0.5416666666666666,-0.13815789473684212,0,22000,10005.770833333334,10005.666666666666
10005,10006,3700,1100,0.5416666666666666,-0.13245033112582782,0,22000,10005.770833333334,10005.666666666666
10005,10006,3700,1100,0.5416666666666666,-0.13245033112582782,0,22000,10005.770833333334,10005.666666666666
10005,10006,3700,1100,0.5416666666666666,-0.13815789473684212,0,22000,10005.770833333334,10005.666666666666
10005,10006,3700,1100,0.5416666666666666,-0.13815789473684212,0,22000,10005.770833333334,10005.666666666666
10005,10006,3700,1200,0.5102040816326531,-0.14098360655737704,-100,21900,10005.755102040815,10005.666666666666
10005,10006,3700,1200,0.5102040816326531,-0.1437908496732026,0,21900,10005.755102040815,10005.666666666666
10005,10006,3700,1200,0.5102040816326531,-0.1437908496732026,0,21900,10005.755102040815,10005.666666666666
10005,10006,3700,1200,0.5102040816326531,-0.1513157894736842,0,21900,10005.755102040815,10005.666666666666
10005,10006,3700,1200,0.5102040816326531,-0.1485148514851485,0,21900,10005.755102040815,10005.666666666666
10005,10006,3700,1200,0.5102040816326531,-0.1540983606557377,0,21900,10005.755102040815,10005.666666666666
10005,10006,3600,1200,0.5,-0.15789473684210525,-100,21800,10005.75,10005.666666666666
10005,10006,3500,1200,0.48936170212765956,-0.1617161716171617,-100,21700,10005.744680851063,10005.666666666666
10005,10006,3400,1200,0.4782608695652174,-0.16556291390728478,-100,21600,10005.739130434782,10005.666666666666
10005,10006,3400,1200,0.4782608695652174,-0.15719063545150502,0,21600,10005.739130434782,10005.666666666666
10005,10006,3400,1200,0.4782608695652174,-0.15719063545150502,0,21600,10005.739130434782,10005.666666666666
10005,10006,3400,1200,0.4782608695652174,-0.15719063545150502,0,21600,10005.739130434782,10005.666666666666
10005,10006,3400,1200,0.4782608695652174,-0.16,0,21600,10005.739130434782,10005.666666666666
10005,10006,3400,1200,0.4782608695652174,-0.16387959866220736,0,21600,10005.739130434782,10005.666666666666
10005,10006,3400,1300,0.44680851063829785,-0.16666666666666666,-100,21500,10005.72340425532,10005.666666666666
10005,10006,3400,1300,0.44680851063829785,-0.17218543046357615,0,21500,10005.72340425532,10005.666666666666
10005,10006,3300,1300,0.43478260869565216,-0.1760797342192691,-100,21400,10005.717391304348,10005.666666666666
10005,10006,3300,1300,0.43478260869565216,-0.16831683168316833,0,21400,10005.717391304348,10005.666666666666
10005,10006,3300,1300,0.43478260869565216,-0.16447368421052633,0,21400,10005.717391304348,10005.666666666666
10005,10006,3300,1300,0.43478260869565216,-0.16447368421052633,0,21400,10005.717391304348,10005.666666666666
10005,10006,3300,1300,0.43478260869565216,-0.16447368421052633,0,21400,10005.717391304348,10005.666666666666
10005,10006,3300,1300,0.43478260869565216,-0.17218543046357615,0,21400,10005.717391304348,10005.666666666666
10005,10006,3300,1300,0.43478260869565216,-0.16943521594684385,0,21400,10005.717391304348,10005.666666666666
10005,10006,3300,1300,0.43478260869565216,-0.16387959866220736,0,21400,10005.717391304348,10005.666666666666
10005,10006,3300,1300,0.43478260869565216,-0.16387959866220736,0,21400,10005.717391304348,10005.666666666666
10005,10006,3300,1300,0.43478260869565216,-0.16387959866220736,0,21400,10005.717391304348,10005.666666666666
10005,10006,3300,1300,0.43478260869565216,-0.1485148514851485,0,21400,10005.717391304348,10005.666666666666
10005,10006,3300,1300,0.43478260869565216,-0.1485148514851485,0,21400,10005.717391304348,10005.666666666666
10005,10006,3300,1300,0.43478260869565216,-0.1485148514851485,0,21400,10005.717391304348,10005.666666666666
10005,10006,3300,1300,0.43478260869565216,-0.1568627450980392,0,21400,10005.717391304348,10005.666666666666
10005,10006,3300,1300,0.43478260869565216,-0.1485148514851485,0,21400,10005.717391304348,10005.666666666666
10005,10006,3300,1300,0.43478260869565216,-0.1485148514851485,0,21400,10005.717391304348,10005.666666666666
10005,10006,3300,1300,0.43478260869565216,-0.1485148514851485,0,21400,10005.717391304348,10005.666666666666
10005,10006,3300,1300,0.43478260869565216,-0.14285714285714285,0,21400,10005.717391304348,10005.666666666666
10005,10006,3300,1300,0.43478260869565216,-0.14285714285714285,0,21400,10005.717391304348,10005.666666666666
10005,10006,3300,1300,0.43478260869565216,-0.1540983606557377,0,21400,10005.717391304348,10005.666666666666
10005,10006,3300,1300,0.43478260869565216,-0.1540983606557377,0,21400,10005.717391304348,10005.666666666666
10005,10006,3300,1300,0.43478260869565216,-0.15960912052117263,0,21400,10005.717391304348,10005.666666666666
10005,10006,3300,1300,0.43478260869565216,-0.17491749174917492,0,21400,10005.717391304348,10005.666666666666
10005,10006,3300,1300,0.43478260869565216,-0.17491749174917492,0,21400,10005.717391304348,10005.666666666666
10005,10006,3300,1300,0.43478260869565216,-0.16943521594684385,0,21400,10005.717391304348,10005.666666666666
10005,10006,3300,1200,0.4666666666666667,-0.16666666666666666,100,21500,10005.733333333334,10005.666666666666
10005,10006,3300,1200,0.4666666666666667,-0.16666666666666666,0,21500,10005.733333333334,10005.666666666666
10005,10006,3300,1200,0.4666666666666667,-0.17218543046357615,0,21500,10005.733333333334,10005.666666666666
10005,10006,3300,1200,0.4666666666666667,-0.16943521594684385,0,21500,10005.733333333334,10005.666666666666
10005,10006,3300,1200,0.4666666666666667,-0.1891891891891892,0,21500,10005.733333333334,10005.666666666666
10005,10006,3300,1200,0.4666666666666667,-0.1891891891891892,0,21500,10005.733333333334,10005.666666666666
10005,10006,3300,1200,0.4666666666666667,-0.1891891891891892,0,21500,10005.733333333334,10005.666666666666
10005,10006,3300,1300,0.43478260869565216,-0.1919191919191919,-100,21400,10005.717391304348,10005.666666666666
10005,10006,3300,1300,0.43478260869565216,-0.19732441471571907,0,21400,10005.717391304348,10005.666666666666
10005,10006,3300,1300,0.43478260869565216,-0.1891891891891892,0,21400,10005.717391304348,10005.666666666666
10005,10006,3300,1300,0.43478260869565216,-0.1891891891891892,0,21400,10005.717391304348,10005.666666666666
10005,10006,3300,1400,0.40425531914893614,-0.1919191919191919,-100,21300,10005.702127659575,10005.666666666666
10005,10006,3300,1400,0.40425531914893614,-0.1919191919191919,0,21300,10005.702127659575,10005.666666666666
10005,10006,3300,1400,0.40425531914893614,-0.1919191919191919,0,21300,10005.702127659575,10005.666666666666
10005,10006,3300,1400,0.40425531914893614,-0.18394648829431437,0,21300,10005.702127659575,10005.666666666666
10005,10006,3300,1400,0.40425531914893614,-0.18394648829431437,0,21300,10005.702127659575,10005.666666666666
10005,10006,3300,1400,0.40425531914893614,-0.17845117845117844,0,21300,10005.702127659575,10005.666666666666
10005,10006,3300,1400,0.40425531914893614,-0.17845117845117844,0,21300,10005.702127659575,10005.666666666666
10005,10006,3300,1400,0.40425531914893614,-0.17845117845117844,0,21300,10005.702127659575,10005.666666666666
10005,10006,3300,1400,0.40425531914893614,-0.17288135593220338,0,21300,10005.702127659575,10005.666666666666
10005,10006,3300,1300,0.43478260869565216,-0.17006802721088435,100,21400,10005.717391304348,10005.666666666666
10005,10006,3300,1200,0.4666666666666667,-0.16723549488054607,100,21500,10005.733333333334,10005.666666666666
10005,10006,3300,1100,0.5,-0.1643835616438356,100,21600,10005.75,10005.666666666666
10005,10006,3300,900,0.5714285714285714,-0.15862068965517243,200,21800,10005.785714285714,10005.666666666666
10005,10006,3300,900,0.5714285714285714,-0.16151202749140894,0,21800,10005.785714285714,10005.666666666666
10005,10006,3300,900,0.5714285714285714,-0.16151202749140894,0,21800,10005.785714285714,10005.666666666666
10005,10006,3300,900,0.5714285714285714,-0.1527777777777778,0,21800,10005.785714285714,10005.666666666666
10005,10006,3300,800,0.6097560975609756,-0.14982578397212543,100,21900,10005.80487804878,10005.733333333334
10005,10006,3300,800,0.6097560975609756,-0.15789473684210525,0,21900,10005.80487804878,10005.733333333334
10005,10006,3300,900,0.5714285714285714,-0.16083916083916083,-100,21800,10005.785714285714,10005.666666666666
10005,10006,3300,600,0.6923076923076923,-0.1519434628975265,300,22100,10005.846153846154,10005.733333333334
10005,10006,3300,800,0.6097560975609756,-0.15789473684210525,-200,21900,10005.80487804878,10005.733333333334
10005,10006,3600,800,0.6363636363636364,-0.14583333333333334,300,22200,10005.818181818182,10005.733333333334
10005,10006,3600,800,0.6363636363636364,-0.14285714285714285,0,22200,10005.818181818182,10005.733333333334
10005,10006,3600,800,0.6363636363636364,-0.13494809688581316,0,22200,10005.818181818182,10005.733333333334
10005,10006,3600,700,0.6744186046511628,-0.13194444444444445,100,22300,10005.837209302326,10005.733333333334
10005,10006,3600,700,0.6744186046511628,-0.12802768166089964,0,22300,10005.837209302326,10005.733333333334
10005,10006,3500,700,0.6666666666666666,-0.13194444444444445,-100,22200,10005.833333333334,10005.733333333334
10005,10006,3500,700,0.6666666666666666,-0.13793103448275862,0,22200,10005.833333333334,10005.733333333334
10005,10006,3500,600,0.7073170731707317,-0.13494809688581316,100,22300,10005.853658536585,10005.733333333334
10005,10006,3500,400,0.7948717948717948,-0.1289198606271777,200,22500,10005.897435897436,10005.733333333334
10005,10006,3500,500,0.75,-0.13194444444444445,-100,22400,10005.875,10005.733333333334
10005,10006,3500,500,0.75,-0.13494809688581316,0,22400,10005.875,10005.733333333334
10005,10006,3500,500,0.75,-0.13494809688581316,0,22400,10005.875,10005.733333333334
10005,10006,3500,300,0.8421052631578947,-0.1289198606271777,200,22600,10005.921052631578,10005.8
10005,10006,3500,300,0.8421052631578947,-0.12280701754385964,0,22600,10005.921052631578,10005.8
10005,10006,3500,400,0.7948717948717948,-0.1258741258741259,-100,22500,10005.897435897436,10005.733333333334
10005,10006,3500,400,0.7948717948717948,-0.1166077738515901,0,22500,10005.897435897436,10005.733333333334
10005,10006,3500,400,0.7948717948717948,-0.10714285714285714,0,22500,10005.897435897436,10005.733333333334
10005,10006,3500,400,0.7948717948717948,-0.10071942446043165,0,22500,10005.897435897436,10005.733333333334
10005,10006,3700,400,0.8048780487804879,-0.09285714285714286,200,22700,10005.90243902439,10005.8
10005,10006,3700,400,0.8048780487804879,-0.08896797153024912,0,22700,10005.90243902439,10005.8
10005,10006,3700,400,0.8048780487804879,-0.09219858156028368,0,22700,10005.90243902439,10005.8
10005,10006,3700,300,0.85,-0.08896797153024912,100,22800,10005.925,10005.8
10005,10006,3700,200,0.8974358974358975,-0.08571428571428572,100,22900,10005.948717948719,10005.8
10005,10006,3700,200,0.8974358974358975,-0.08571428571428572,0,22900,10005.948717948719,10005.8
10005,10006,3700,200,0.8974358974358975,-0.08571428571428572,0,22900,10005.948717948719,10005.8
10005,10006,3700,200,0.8974358974358975,-0.09859154929577464,0,22900,10005.948717948719,10005.8
10005,10006,3700,200,0.8974358974358975,-0.09859154929577464,0,22900,10005.948717948719,10005.8
10005,10006,3700,200,0.8974358974358975,-0.09473684210526316,0,22900,10005.948717948719,10005.8
10005,10006,3700,200,0.8974358974358975,-0.08833922261484099,0,22900,10005.948717948719,10005.8
10005,10006,3700,200,0.8974358974358975,-0.08833922261484099,0,22900,10005.948717948719,10005.8
10005,10006,3700,200,0.8974358974358975,-0.08833922261484099,0,22900,10005.948717948719,10005.8
10005,10006,3700,200,0.8974358974358975,-0.08450704225352113,0,22900,10005.948717948719,10005.8
10005,10006,3700,200,0.8974358974358975,-0.08833922261484099,0,22900,10005.948717948719,10005.8
10005,10006,3700,200,0.8974358974358975,-0.0851063829787234,0,22900,10005.948717948719,10005.8
10005,10006,3700,200,0.8974358974358975,-0.0851063829787234,0,22900,10005.948717948719,10005.8
10005,10006,3700,300,0.85,-0.08833922261484099,-100,22800,10005.925,10005.8
10005,10006,3700,300,0.85,-0.08833922261484099,0,22800,10005.925,10005.8
10005,10006,3700,300,0.85,-0.08833922261484099,0,22800,10005.925,10005.8
10005,10006,3600,300,0.8461538461538461,-0.09219858156028368,-100,22700,10005.923076923076,10005.8
10005,10006,3600,300,0.8461538461538461,-0.09219858156028368,0,22700,10005.923076923076,10005.8
10005,10006,3800,300,0.8536585365853658,-0.08450704225352113,200,22900,10005.926829268292,10005.8
10005,10006,4300,300,0.8695652173913043,-0.0657439446366782,500,23400,10005.934782608696,10005.8
10005,10006,4300,300,0.8695652173913043,-0.0657439446366782,0,23400,10005.934782608696,10005.8
10005,10006,4300,300,0.8695652173913043,-0.06896551724137931,0,23400,10005.934782608696,10005.8
10005,10006,4300,300,0.8695652173913043,-0.06896551724137931,0,23400,10005.934782608696,10005.8
10005,10006,4300,300,0.8695652173913043,-0.06896551724137931,0,23400,10005.934782608696,10005.8
10005,10006,4300,300,0.8695652173913043,-0.0763888888888889,0,23400,10005.934782608696,10005.8
10005,10006,4300,300,0.8695652173913043,-0.07958477508650519,0,23400,10005.934782608696,10005.8
10005,10006,4300,300,0.8695652173913043,-0.08275862068965517,0,23400,10005.934782608696,10005.8
10005,10006,4300,300,0.8695652173913043,-0.07903780068728522,0,23400,10005.934782608696,10005.8
10005,10006,4300,300,0.8695652173913043,-0.07903780068728522,0,23400,10005.934782608696,10005.8
10005,10006,4300,200,0.9111111111111111,-0.07586206896551724,100,23500,10005.955555555556,10005.8
10005,10006,4300,100,0.9545454545454546,-0.0726643598615917,100,23600,10005.977272727272,10005.8
10005,10006,4300,100,0.9545454545454546,-0.0726643598615917,0,23600,10005.977272727272,10005.8
10005,10007,4300,5100,-0.0851063829787234,-0.15723270440251572,100,23700,10005.91489361702,10006.0
10005,10007,4300,5100,-0.0851063829787234,-0.15,0,23700,10005.91489361702,10006.0
10005,10007,5000,5100,-0.009900990099009901,-0.12538226299694188,700,24400,10005.990099009901,10006.0
10005,10007,5000,5100,-0.009900990099009901,-0.12538226299694188,0,24400,10005.990099009901,10006.0
10005,10007,5000,5100,-0.009900990099009901,-0.12538226299694188,0,24400,10005.990099009901,10006.0
10005,10007,5000,5100,-0.009900990099009901,-0.11854103343465046,0,24400,10005.990099009901,10006.0
10006,10007,200,5100,-0.9245283018867925,-0.1794871794871795,200,24600,10006.037735849057,10006.2
10006,10007,200,5100,-0.9245283018867925,-0.1832797427652733,0,24600,10006.037735849057,10006.2
10006,10007,200,5100,-0.9245283018867925,-0.1832797427652733,0,24600,10006.037735849057,10006.2
10006,10007,200,5100,-0.9245283018867925,-0.1779935275080906,0,24600,10006.037735849057,10006.2
10006,10007,400,5100,-0.8545454545454545,-0.17041800643086816,200,24800,10006.072727272727,10006.2
10006,10007,400,5100,-0.8545454545454545,-0.17307692307692307,0,24800,10006.072727272727,10006.2
10006,10007,400,5100,-0.8545454545454545,-0.17307692307692307,0,24800,10006.072727272727,10006.2
10006,10007,300,5100,-0.8888888888888888,-0.17684887459807075,-100,24700,10006.055555555555,10006.2
10006,10007,300,5100,-0.8888888888888888,-0.18064516129032257,0,24700,10006.055555555555,10006.2
10006,10007,300,5100,-0.8888888888888888,-0.18064516129032257,0,24700,10006.055555555555,10006.2
10006,10007,300,5100,-0.8888888888888888,-0.17532467532467533,0,24700,10006.055555555555,10006.2
10006,10007,300,5100,-0.8888888888888888,-0.1779935275080906,0,24700,10006.055555555555,10006.2
10006,10007,300,5200,-0.8909090909090909,-0.18064516129032257,-100,24600,10006.054545454546,10006.2
10006,10007,300,5200,-0.8909090909090909,-0.1832797427652733,0,24600,10006.054545454546,10006.2
10006,10007,300,5200,-0.8909090909090909,-0.20376175548589343,0,24600,10006.054545454546,10006.2
10006,10007,300,5200,-0.8909090909090909,-0.20376175548589343,0,24600,10006.054545454546,10006.2
10006,10007,300,5200,-0.8909090909090909,-0.20376175548589343,0,24600,10006.054545454546,10006.2
10006,10007,300,5200,-0.8909090909090909,-0.20376175548589343,0,24600,10006.054545454546,10006.2
10006,10007,300,5200,-0.8909090909090909,-0.20376175548589343,0,24600,10006.054545454546,10006.2
10006,10007,300,5200,-0.8909090909090909,-0.19626168224299065,0,24600,10006.054545454546,10006.2
10006,10007,300,5200,-0.8909090909090909,-0.19626168224299065,0,24600,10006.054545454546,10006.2
10006,10007,300,5200,-0.8909090909090909,-0.19626168224299065,0,24600,10006.054545454546,10006.2
10006,10007,300,5200,-0.8909090909090909,-0.19626168224299065,0,24600,10006.054545454546,10006.2
10006,10007,300,5200,-0.8909090909090909,-0.19875776397515527,0,24600,10006.054545454546,10006.2
10006,10007,300,5200,-0.8909090909090909,-0.19875776397515527,0,24600,10006.054545454546,10006.2
10006,10007,300,5200,-0.8909090909090909,-0.19626168224299065,0,24600,10006.054545454546,10006.2
10006,10007,300,5200,-0.8909090909090909,-0.19626168224299065,0,24600,10006.054545454546,10006.2
10006,10007,300,5500,-0.896551724137931,-0.2037037037037037,-300,24300,10006.051724137931,10006.2
10006,10007,300,5500,-0.896551724137931,-0.2037037037037037,0,24300,10006.051724137931,10006.2
10006,10007,300,5500,-0.896551724137931,-0.20615384615384616,0,24300,10006.051724137931,10006.2
10006,10007,300,5500,-0.896551724137931,-0.20615384615384616,0,24300,10006.051724137931,10006.2
10006,10007,300,5900,-0.9032258064516129,-0.21580547112462006,-400,23900,10006.048387096775,10006.2
10006,10007,300,5900,-0.9032258064516129,-0.21580547112462006,0,23900,10006.048387096775,10006.2
10006,10007,300,5900,-0.9032258064516129,-0.20481927710843373,0,23900,10006.048387096775,10006.2
10006,10007,300,5900,-0.9032258064516129,-0.19756838905775076,0,23900,10006.048387096775,10006.2
10006,10007,200,5900,-0.9344262295081968,-0.20121951219512196,-100,23800,10006.032786885246,10006.2
10005,10007,5300,5900,-0.05357142857142857,-0.12571428571428572,-200,23600,10005.94642857143,10006.0
10005,10007,5300,5900,-0.05357142857142857,-0.12571428571428572,0,23600,10005.94642857143,10006.0
10005,10007,5300,5900,-0.05357142857142857,-0.13218390804597702,0,23600,10005.94642857143,10006.0
10005,10007,5500,5900,-0.03508771929824561,-0.12571428571428572,200,23800,10005.964912280702,10006.0
10005,10007,5500,5900,-0.03508771929824561,-0.13068181818181818,0,23800,10005.964912280702,10006.0
10006,10007,100,5900,-0.9666666666666667,-0.20972644376899696,100,23900,10006.016666666666,10006.2
10006,10007,100,5900,-0.9666666666666667,-0.21450151057401812,0,23900,10006.016666666666,10006.2
10006,10007,100,5900,-0.9666666666666667,-0.21450151057401812,0,23900,10006.016666666666,10006.2
10006,10007,100,5900,-0.9666666666666667,-0.21450151057401812,0,23900,10006.016666666666,10006.2
10006,10007,100,5900,-0.9666666666666667,-0.22188449848024316,0,23900,10006.016666666666,10006.2
10006,10007,100,5900,-0.9666666666666667,-0.22188449848024316,0,23900,10006.016666666666,10006.2
10006,10007,100,5900,-0.9666666666666667,-0.22188449848024316,0,23900,10006.016666666666,10006.2
10006,10007,100,5900,-0.9666666666666667,-0.22424242424242424,0,23900,10006.016666666666,10006.2
10006,10007,100,5900,-0.9666666666666667,-0.22424242424242424,0,23900,10006.016666666666,10006.2
10006,10007,100,5900,-0.9666666666666667,-0.22424242424242424,0,23900,10006.016666666666,10006.2
10005,10007,5500,5900,-0.03508771929824561,-0.14447592067988668,-100,23800,10005.964912280702,10006.0
10005,10007,5500,5800,-0.02654867256637168,-0.14204545454545456,100,23900,10005.973451327434,10006.0
10005,10007,5400,5800,-0.03571428571428571,-0.1452991452991453,-100,23800,10005.964285714286,10006.0
10005,10007,5400,5800,-0.03571428571428571,-0.14204545454545456,0,23800,10005.964285714286,10006.0
10005,10007,5400,5800,-0.03571428571428571,-0.14204545454545456,0,23800,10005.964285714286,10006.0
10005,10007,5400,5800,-0.03571428571428571,-0.1388101983002833,0,23800,10005.964285714286,10006.0
10005,10007,5400,5800,-0.03571428571428571,-0.1388101983002833,0,23800,10005.964285714286,10006.0
10005,10006,5400,200,0.9285714285714286,-0.03492063492063492,-200,23600,10005.964285714286,10005.8
10005,10006,5400,200,0.9285714285714286,-0.03184713375796178,0,23600,10005.964285714286,10005.8
10005,10006,5400,200,0.9285714285714286,-0.03492063492063492,0,23600,10005.964285714286,10005.8
10005,10006,5400,200,0.9285714285714286,-0.03492063492063492,0,23600,10005.964285714286,10005.8
10005,10006,5100,200,0.9245283018867925,-0.04487179487179487,-300,23300,10005.962264150943,10005.8
10005,10006,5100,500,0.8214285714285714,-0.05396825396825397,-300,23000,10005.910714285714,10005.8
10005,10006,5100,500,0.8214285714285714,-0.050955414012738856,0,23000,10005.910714285714,10005.8
10005,10006,5100,500,0.8214285714285714,-0.05396825396825397,0,23000,10005.910714285714,10005.8
10005,10006,5100,500,0.8214285714285714,-0.050955414012738856,0,23000,10005.910714285714,10005.8
10005,10006,5100,500,0.8214285714285714,-0.047619047619047616,0,23000,10005.910714285714,10005.8
10005,10006,5100,500,0.8214285714285714,-0.04430379746835443,0,23000,10005.910714285714,10005.8
10005,10006,5100,500,0.8214285714285714,-0.050955414012738856,0,23000,10005.910714285714,10005.8
10005,10006,5100,500,0.8214285714285714,-0.050955414012738856,0,23000,10005.910714285714,10005.8
10005,10006,5100,500,0.8214285714285714,-0.054313099041533544,0,23000,10005.910714285714,10005.8
10005,10006,5100,500,0.8214285714285714,-0.05128205128205128,0,23000,10005.910714285714,10005.8
10005,10006,5200,500,0.8245614035087719,-0.04792332268370607,100,23100,10005.912280701754,10005.8
10005,10006,5200,500,0.8245614035087719,-0.05128205128205128,0,23100,10005.912280701754,10005.8
10005,10006,5200,500,0.8245614035087719,-0.05128205128205128,0,23100,10005.912280701754,10005.8
10005,10006,5200,500,0.8245614035087719,-0.04823151125401929,0,23100,10005.912280701754,10005.8
10005,10006,5200,500,0.8245614035087719,-0.04823151125401929,0,23100,10005.912280701754,10005.8
10005,10006,5200,500,0.8245614035087719,-0.04823151125401929,0,23100,10005.912280701754,10005.8
10005,10006,5200,500,0.8245614035087719,-0.04487179487179487,0,23100,10005.912280701754,10005.8
10005,10006,5200,500,0.8245614035087719,-0.04487179487179487,0,23100,10005.912280701754,10005.8
10005,10006,5200,800,0.7333333333333333,-0.05396825396825397,-300,22800,10005.866666666667,10005.733333333334
10005,10006,5200,800,0.7333333333333333,-0.056962025316455694,0,22800,10005.866666666667,10005.733333333334
10005,10006,5200,800,0.7333333333333333,-0.056962025316455694,0,22800,10005.866666666667,10005.733333333334
10005,10006,5200,900,0.7049180327868853,-0.05993690851735016,-100,22700,10005.852459016394,10005.733333333334
10005,10006,5200,900,0.7049180327868853,-0.06289308176100629,0,22700,10005.852459016394,10005.733333333334
10005,10006,5200,1200,0.625,-0.07165109034267912,-300,22400,10005.8125,10005.733333333334
10005,10006,5200,1200,0.625,-0.06501547987616099,0,22400,10005.8125,10005.733333333334
10005,10006,5200,1200,0.625,-0.06790123456790123,0,22400,10005.8125,10005.733333333334
10005,10006,5200,1200,0.625,-0.06790123456790123,0,22400,10005.8125,10005.733333333334
10005,10006,5200,1200,0.625,-0.06501547987616099,0,22400,10005.8125,10005.733333333334
10005,10006,5200,1200,0.625,-0.059190031152647975,0,22400,10005.8125,10005.733333333334
10005,10006,5200,1200,0.625,-0.059190031152647975,0,22400,10005.8125,10005.733333333334
10005,10006,5200,1200,0.625,-0.05625,0,22400,10005.8125,10005.733333333334
10005,10006,5200,1200,0.625,-0.049689440993788817,0,22400,10005.8125,10005.733333333334
10005,10006,5200,1200,0.625,-0.05956112852664577,0,22400,10005.8125,10005.733333333334
10005,10006,5200,1200,0.625,-0.05956112852664577,0,22400,10005.8125,10005.733333333334
10005,10006,5200,1200,0.625,-0.05956112852664577,0,22400,10005.8125,10005.733333333334
10005,10006,5200,1200,0.625,-0.06832298136645963,0,22400,10005.8125,10005.733333333334
10005,10006,5300,1200,0.6307692307692307,-0.06501547987616099,100,22500,10005.815384615385,10005.733333333334
10005,10006,5300,1200,0.6307692307692307,-0.05521472392638037,0,22500,10005.815384615385,10005.733333333334
10005,10006,5300,1200,0.6307692307692307,-0.04242424242424243,0,22500,10005.815384615385,10005.733333333334
10005,10006,5300,1200,0.6307692307692307,-0.04242424242424243,0,22500,10005.815384615385,10005.733333333334
10005,10006,5300,1200,0.6307692307692307,-0.03927492447129909,0,22500,10005.815384615385,10005.733333333334
10005,10006,5300,1200,0.6307692307692307,-0.03927492447129909,0,22500,10005.815384615385,10005.733333333334
10005,10006,5300,1200,0.6307692307692307,-0.03636363636363636,0,22500,10005.815384615385,10005.733333333334
10005,10006,5300,1200,0.6307692307692307,-0.03323262839879154,0,22500,10005.815384615385,10005.733333333334
10005,10006,5200,1200,0.625,-0.03636363636363636,-100,22400,10005.8125,10005.733333333334
10005,10006,5200,1200,0.625,-0.03636363636363636,0,22400,10005.8125,10005.733333333334
10005,10006,5200,1200,0.625,-0.04216867469879518,0,22400,10005.8125,10005.733333333334
10005,10006,5200,1200,0.625,-0.03283582089552239,0,22400,10005.8125,10005.733333333334
10005,10006,5300,1200,0.6307692307692307,-0.02976190476190476,100,22500,10005.815384615385,10005.733333333334
10005,10006,5200,1200,0.625,-0.03283582089552239,-100,22400,10005.8125,10005.733333333334
10005,10006,5000,1200,0.6129032258064516,-0.03903903903903904,-200,22200,10005.806451612903,10005.733333333334
10005,10006,5000,1200,0.6129032258064516,-0.03903903903903904,0,22200,10005.806451612903,10005.733333333334
10005,10006,5000,1200,0.6129032258064516,-0.041916167664670656,0,22200,10005.806451612903,10005.733333333334
10005,10006,5000,1200,0.6129032258064516,-0.041916167664670656,0,22200,10005.806451612903,10005.733333333334
10005,10006,5000,1200,0.6129032258064516,-0.041916167664670656,0,22200,10005.806451612903,10005.733333333334
10005,10006,5000,1200,0.6129032258064516,-0.04477611940298507,0,22200,10005.806451612903,10005.733333333334
10005,10006,5000,1200,0.6129032258064516,-0.04477611940298507,0,22200,10005.806451612903,10005.733333333334
10005,10006,5000,1200,0.6129032258064516,-0.041666666666666664,0,22200,10005.806451612903,10005.733333333334
10005,10006,5000,1200,0.6129032258064516,-0.03592814371257485,0,22200,10005.806451612903,10005.733333333334
10005,10006,5000,1200,0.6129032258064516,-0.03592814371257485,0,22200,10005.806451612903,10005.733333333334
10005,10006,5100,1200,0.6190476190476191,-0.03283582089552239,100,22300,10005.809523809523,10005.733333333334
10005,10006,5100,1200,0.6190476190476191,-0.04142011834319527,0,22300,10005.809523809523,10005.733333333334
10005,10006,5100,1200,0.6190476190476191,-0.05263157894736842,0,22300,10005.809523809523,10005.733333333334
10005,10006,5100,1200,0.6190476190476191,-0.0650887573964497,0,22300,10005.809523809523,10005.733333333334
10005,10006,5100,1200,0.6190476190476191,-0.0650887573964497,0,22300,10005.809523809523,10005.733333333334
10005,10006,5000,1200,0.6129032258064516,-0.06824925816023739,-100,22200,10005.806451612903,10005.733333333334
10005,10006,5000,1200,0.6129032258064516,-0.07784431137724551,0,22200,10005.806451612903,10005.733333333334
10005,10006,5000,1200,0.6129032258064516,-0.07784431137724551,0,22200,10005.806451612903,10005.733333333334
10005,10006,5100,1200,0.6190476190476191,-0.07462686567164178,100,22300,10005.809523809523,10005.733333333334
10005,10006,5100,1200,0.6190476190476191,-0.06906906906906907,0,22300,10005.809523809523,10005.733333333334
10005,10006,5100,1200,0.6190476190476191,-0.06906906906906907,0,22300,10005.809523809523,10005.733333333334
10005,10006,5100,1400,0.5692307692307692,-0.07462686567164178,-200,22100,10005.784615384615,10005.666666666666
10005,10006,5100,1400,0.5692307692307692,-0.08108108108108109,0,22100,10005.784615384615,10005.666666666666
10005,10006,5100,1400,0.5692307692307692,-0.08761329305135952,0,22100,10005.784615384615,10005.666666666666
10005,10006,5100,1400,0.5692307692307692,-0.09036144578313253,0,22100,10005.784615384615,10005.666666666666
10005,10006,5100,1400,0.5692307692307692,-0.09036144578313253,0,22100,10005.784615384615,10005.666666666666
10005,10006,5100,1400,0.5692307692307692,-0.09036144578313253,0,22100,10005.784615384615,10005.666666666666
10005,10006,5100,1400,0.5692307692307692,-0.08708708708708708,0,22100,10005.784615384615,10005.666666666666
10005,10006,5100,1400,0.5692307692307692,-0.08708708708708708,0,22100,10005.784615384615,10005.666666666666
10005,10006,5100,1400,0.5692307692307692,-0.05847953216374269,0,22100,10005.784615384615,10005.666666666666
10005,10006,5100,1400,0.5692307692307692,-0.05847953216374269,0,22100,10005.784615384615,10005.666666666666
10005,10006,5100,1400,0.5692307692307692,-0.061224489795918366,0,22100,10005.784615384615,10005.666666666666
10005,10006,5100,1400,0.5692307692307692,-0.06432748538011696,0,22100,10005.784615384615,10005.666666666666
10005,10006,5000,1400,0.5625,-0.06744868035190615,-100,22000,10005.78125,10005.666666666666
10005,10006,5000,1400,0.5625,-0.061946902654867256,0,22000,10005.78125,10005.666666666666
10005,10006,5000,1400,0.5625,-0.05917159763313609,0,22000,10005.78125,10005.666666666666
10005,10006,5000,1400,0.5625,-0.06231454005934718,0,22000,10005.78125,10005.666666666666
10005,10006,5000,1400,0.5625,-0.05917159763313609,0,22000,10005.78125,10005.666666666666
10005,10006,5000,1400,0.5625,-0.05917159763313609,0,22000,10005.78125,10005.666666666666
10005,10006,5000,1400,0.5625,-0.050746268656716415,0,22000,10005.78125,10005.666666666666
10005,10006,5000,1400,0.5625,-0.05357142857142857,0,22000,10005.78125,10005.666666666666
10005,10006,5000,1400,0.5625,-0.050445103857566766,0,22000,10005.78125,10005.666666666666
10005,10006,5000,1400,0.5625,-0.050445103857566766,0,22000,10005.78125,10005.666666666666
10005,10006,5000,1400,0.5625,-0.056716417910447764,0,22000,10005.78125,10005.666666666666
10005,10006,5000,1400,0.5625,-0.05105105105105105,0,22000,10005.78125,10005.666666666666
10005,10006,4800,1400,0.5483870967741935,-0.05740181268882175,-200,21800,10005.774193548386,10005.666666666666
10005,10006,4800,1400,0.5483870967741935,-0.060240963855421686,0,21800,10005.774193548386,10005.666666666666
10005,10006,4800,1400,0.5483870967741935,-0.06865671641791045,0,21800,10005.774193548386,10005.666666666666
10005,10006,4700,1400,0.5409836065573771,-0.0718562874251497,-100,21700,10005.77049180328,10005.666666666666
10005,10006,4700,1400,0.5409836065573771,-0.06626506024096386,0,21700,10005.77049180328,10005.666666666666
10005,10006,4600,1400,0.5333333333333333,-0.06948640483383686,-100,21600,10005.766666666666,10005.666666666666
10005,10006,4600,1400,0.5333333333333333,-0.07598784194528875,0,21600,10005.766666666666,10005.666666666666
10005,10006,4600,1400,0.5333333333333333,-0.07272727272727272,0,21600,10005.766666666666,10005.666666666666
10005,10006,4600,1200,0.5862068965517241,-0.06707317073170732,200,21800,10005.793103448275,10005.666666666666
10005,10006,4600,1000,0.6428571428571429,-0.06134969325153374,200,22000,10005.82142857143,10005.733333333334
10005,10006,4600,1000,0.6428571428571429,-0.05167173252279635,0,22000,10005.82142857143,10005.733333333334
10005,10006,4600,1000,0.6428571428571429,-0.05167173252279635,0,22000,10005.82142857143,10005.733333333334
10005,10006,4600,1000,0.6428571428571429,-0.05167173252279635,0,22000,10005.82142857143,10005.733333333334
10005,10006,4600,1000,0.6428571428571429,-0.05167173252279635,0,22000,10005.82142857143,10005.733333333334
10005,10006,4600,1000,0.6428571428571429,-0.03903903903903904,0,22000,10005.82142857143,10005.733333333334
10005,10006,4600,1000,0.6428571428571429,-0.04216867469879518,0,22000,10005.82142857143,10005.733333333334
10005,10006,4600,1100,0.6140350877192983,-0.04504504504504504,-100,21900,10005.807017543859,10005.733333333334
10005,10006,4600,1100,0.6140350877192983,-0.0513595166163142,0,21900,10005.807017543859,10005.733333333334
10005,10006,4600,1100,0.6140350877192983,-0.05454545454545454,0,21900,10005.807017543859,10005.733333333334
10005,10006,4600,1300,0.559322033898305,-0.060240963855421686,-200,21700,10005.77966101695,10005.666666666666
10005,10006,4600,1300,0.559322033898305,-0.05454545454545454,0,21700,10005.77966101695,10005.666666666666
10005,10006,4500,1300,0.5517241379310345,-0.057750759878419454,-100,21600,10005.775862068966,10005.666666666666
10005,10006,4500,1200,0.5789473684210527,-0.054878048780487805,100,21700,10005.78947368421,10005.666666666666
10005,10006,4600,1200,0.5862068965517241,-0.05167173252279635,100,21800,10005.793103448275,10005.666666666666
10005,10006,4600,1200,0.5862068965517241,-0.04878048780487805,0,21800,10005.793103448275,10005.666666666666
10005,10006,4600,1100,0.6140350877192983,-0.045871559633027525,100,21900,10005.807017543859,10005.733333333334
10005,10006,4600,1100,0.6140350877192983,-0.045871559633027525,0,21900,10005.807017543859,10005.733333333334
10005,10006,4600,1100,0.6140350877192983,-0.05555555555555555,0,21900,10005.807017543859,10005.733333333334
10005,10006,4600,1100,0.6140350877192983,-0.05263157894736842,0,21900,10005.807017543859,10005.733333333334
10005,10006,4600,1000,0.6428571428571429,-0.049689440993788817,100,22000,10005.82142857143,10005.733333333334
10005,10006,4600,1000,0.6428571428571429,-0.04672897196261682,0,22000,10005.82142857143,10005.733333333334
10005,10006,4600,1000,0.6428571428571429,-0.04075235109717868,0,22000,10005.82142857143,10005.733333333334
10005,10006,4600,1000,0.6428571428571429,-0.05263157894736842,0,22000,10005.82142857143,10005.733333333334
10005,10006,4600,1000,0.6428571428571429,-0.05263157894736842,0,22000,10005.82142857143,10005.733333333334
10005,10006,4600,1000,0.6428571428571429,-0.06134969325153374,0,22000,10005.82142857143,10005.733333333334
10005,10006,4600,1000,0.6428571428571429,-0.06134969325153374,0,22000,10005.82142857143,10005.733333333334
10005,10006,4600,1000,0.6428571428571429,-0.049689440993788817,0,22000,10005.82142857143,10005.733333333334
10005,10006,4600,1000,0.6428571428571429,-0.049689440993788817,0,22000,10005.82142857143,10005.733333333334
10005,10006,4700,1000,0.6491228070175439,-0.04643962848297214,100,22100,10005.82456140351,10005.733333333334
10005,10006,4700,1000,0.6491228070175439,-0.04643962848297214,0,22100,10005.82456140351,10005.733333333334
10005,10006,4700,1000,0.6491228070175439,-0.0375,0,22100,10005.82456140351,10005.733333333334
10005,10006,4800,1000,0.6551724137931034,-0.03426791277258567,100,22200,10005.827586206897,10005.733333333334
10005,10006,4800,1000,0.6551724137931034,-0.03426791277258567,0,22200,10005.827586206897,10005.733333333334
10005,10006,4800,1000,0.6551724137931034,-0.03125,0,22200,10005.827586206897,10005.733333333334
10005,10006,4800,1000,0.6551724137931034,-0.024844720496894408,0,22200,10005.827586206897,10005.733333333334
10005,10006,4800,800,0.7142857142857143,-0.01875,200,22400,10005.857142857143,10005.733333333334
10005,10006,4800,800,0.7142857142857143,-0.01875,0,22400,10005.857142857143,10005.733333333334
10005,10006,4800,800,0.7142857142857143,-0.01875,0,22400,10005.857142857143,10005.733333333334
10005,10006,4800,800,0.7142857142857143,-0.00946372239747634,0,22400,10005.857142857143,10005.733333333334
10005,10006,4500,800,0.6981132075471698,-0.01910828025477707,-300,22100,10005.849056603774,10005.733333333334
10005,10006,4500,800,0.6981132075471698,-0.00946372239747634,0,22100,10005.849056603774,10005.733333333334
10005,10006,4500,800,0.6981132075471698,-0.006329113924050633,0,22100,10005.849056603774,10005.733333333334
10005,10006,4500,800,0.6981132075471698,-0.006329113924050633,0,22100,10005.849056603774,10005.733333333334
10005,10006,4500,800,0.6981132075471698,-0.006329113924050633,0,22100,10005.849056603774,10005.733333333334
10005,10006,4500,800,0.6981132075471698,-0.006329113924050633,0,22100,10005.849056603774,10005.733333333334
10005,10006,4500,1000,0.6363636363636364,-0.012578616352201259,-200,21900,10005.818181818182,10005.733333333334
10005,10006,5200,1000,0.6774193548387096,0.009230769230769232,700,22600,10005.838709677419,10005.733333333334
10005,10006,5200,1000,0.6774193548387096,0.009230769230769232,0,22600,10005.838709677419,10005.733333333334
10005,10006,5200,1000,0.6774193548387096,0.018292682926829267,0,22600,10005.838709677419,10005.733333333334
10005,10006,5200,1000,0.6774193548387096,0.018292682926829267,0,22600,10005.838709677419,10005.733333333334
10005,10006,5200,1000,0.6774193548387096,0.021406727828746176,0,22600,10005.838709677419,10005.733333333334
10005,10006,5100,1000,0.6721311475409836,0.018404907975460124,-100,22500,10005.83606557377,10005.733333333334
10005,10006,5100,1000,0.6721311475409836,0.018404907975460124,0,22500,10005.83606557377,10005.733333333334
10005,10006,5100,1000,0.6721311475409836,0.018404907975460124,0,22500,10005.83606557377,10005.733333333334
10005,10006,5100,1200,0.6190476190476191,0.012195121951219513,-200,22300,10005.809523809523,10005.733333333334
10005,10006,5300,1200,0.6307692307692307,0.01818181818181818,200,22500,10005.815384615385,10005.733333333334
10005,10006,5300,1200,0.6307692307692307,0.01818181818181818,0,22500,10005.815384615385,10005.733333333334
10005,10006,5300,1200,0.6307692307692307,0.01818181818181818,0,22500,10005.815384615385,10005.733333333334
10005,10006,5300,1200,0.6307692307692307,0.021148036253776436,0,22500,10005.815384615385,10005.733333333334
10005,10006,5300,1200,0.6307692307692307,0.021148036253776436,0,22500,10005.815384615385,10005.733333333334
10005,10006,5300,1200,0.6307692307692307,0.01818181818181818,0,22500,10005.815384615385,10005.733333333334
10005,10006,5000,1200,0.6129032258064516,0.009174311926605505,-300,22200,10005.806451612903,10005.733333333334
10005,10006,4900,1200,0.6065573770491803,0.006134969325153374,-100,22100,10005.803278688525,10005.733333333334
10005,10006,4800,1200,0.6,0.003076923076923077,-100,22000,10005.8,10005.733333333334
10005,10006,4700,1200,0.5932203389830508,0.0,-100,21900,10005.796610169491,10005.666666666666
10005,10006,4700,1200,0.5932203389830508,0.0030959752321981426,0,21900,10005.796610169491,10005.666666666666
10005,10006,4700,1200,0.5932203389830508,-0.009174311926605505,0,21900,10005.796610169491,10005.666666666666
10005,10006,4700,1200,0.5932203389830508,-0.009174311926605505,0,21900,10005.796610169491,10005.666666666666
10005,10006,4700,1200,0.5932203389830508,-0.012269938650306749,0,21900,10005.796610169491,10005.666666666666
10005,10006,4700,1200,0.5932203389830508,-0.006172839506172839,0,21900,10005.796610169491,10005.666666666666
10005,10006,4700,1200,0.5932203389830508,-0.006172839506172839,0,21900,10005.796610169491,10005.666666666666
10005,10006,4700,1200,0.5932203389830508,0.0,0,21900,10005.796610169491,10005.666666666666
10005,10006,4700,1200,0.5932203389830508,-0.0030581039755351682,0,21900,10005.796610169491,10005.666666666666
10005,10006,4700,1200,0.5932203389830508,0.00303951367781155,0,21900,10005.796610169491,10005.666666666666
10005,10006,4700,1200,0.5932203389830508,0.0,0,21900,10005.796610169491,10005.666666666666
10005,10006,4700,1200,0.5932203389830508,0.0,0,21900,10005.796610169491,10005.666666666666
10005,10006,4700,1200,0.5932203389830508,-0.0030581039755351682,0,21900,10005.796610169491,10005.666666666666
10005,10006,4700,1200,0.5932203389830508,0.0,0,21900,10005.796610169491,10005.666666666666
10005,10006,4700,1200,0.5932203389830508,0.006172839506172839,0,21900,10005.796610169491,10005.666666666666
10005,10006,4700,1300,0.5666666666666667,0.003076923076923077,-100,21800,10005.783333333333,10005.666666666666
10005,10006,4700,1300,0.5666666666666667,0.003076923076923077,0,21800,10005.783333333333,10005.666666666666
10005,10006,4700,1100,0.6206896551724138,0.009287925696594427,200,22000,10005.810344827587,10005.733333333334
10005,10006,4700,1100,0.6206896551724138,0.006211180124223602,0,22000,10005.810344827587,10005.733333333334
10005,10006,4800,1100,0.6271186440677966,0.009287925696594427,100,22100,10005.813559322034,10005.733333333334
10005,10006,4800,1100,0.6271186440677966,0.01557632398753894,0,22100,10005.813559322034,10005.733333333334
10005,10006,4800,1100,0.6271186440677966,0.01557632398753894,0,22100,10005.813559322034,10005.733333333334
10005,10006,4800,1100,0.6271186440677966,0.021671826625386997,0,22100,10005.813559322034,10005.733333333334
10005,10006,4800,1100,0.6271186440677966,0.018518518518518517,0,22100,10005.813559322034,10005.733333333334
10005,10006,4800,1100,0.6271186440677966,0.012422360248447204,0,22100,10005.813559322034,10005.733333333334
10005,10006,4800,1100,0.6271186440677966,0.012422360248447204,0,22100,10005.813559322034,10005.733333333334
10005,10006,4800,1100,0.6271186440677966,0.012422360248447204,0,22100,10005.813559322034,10005.733333333334
10005,10006,4800,1100,0.6271186440677966,0.012422360248447204,0,22100,10005.813559322034,10005.733333333334
10005,10006,4800,1100,0.6271186440677966,0.003134796238244514,0,22100,10005.813559322034,10005.733333333334
10005,10006,4800,1100,0.6271186440677966,0.003134796238244514,0,22100,10005.813559322034,10005.733333333334
10005,10006,4800,1100,0.6271186440677966,0.003134796238244514,0,22100,10005.813559322034,10005.733333333334
10005,10006,4800,1100,0.6271186440677966,0.0,0,22100,10005.813559322034,10005.733333333334
10005,10006,4800,1100,0.6271186440677966,0.0,0,22100,10005.813559322034,10005.733333333334
10005,10006,4800,1200,0.6,-0.003115264797507788,-100,22000,10005.8,10005.733333333334
10005,10006,4800,1200,0.6,-0.003115264797507788,0,22000,10005.8,10005.733333333334
10005,10006,4500,1200,0.5789473684210527,-0.012578616352201259,-300,21700,10005.78947368421,10005.666666666666
10005,10006,4500,1200,0.5789473684210527,0.0,0,21700,10005.78947368421,10005.666666666666
10005,10006,4500,1200,0.5789473684210527,0.003194888178913738,0,21700,10005.78947368421,10005.666666666666
10005,10006,4500,1200,0.5789473684210527,0.006369426751592357,0,21700,10005.78947368421,10005.666666666666
10005,10006,4500,1200,0.5789473684210527,0.0,0,21700,10005.78947368421,10005.666666666666
10005,10006,4500,1200,0.5789473684210527,-0.009523809523809525,0,21700,10005.78947368421,10005.666666666666
10005,10006,4500,1200,0.5789473684210527,0.0,0,21700,10005.78947368421,10005.666666666666
10005,10006,4500,1200,0.5789473684210527,0.0031545741324921135,0,21700,10005.78947368421,10005.666666666666
10005,10006,4500,1200,0.5789473684210527,0.0031545741324921135,0,21700,10005.78947368421,10005.666666666666
10005,10006,4500,1200,0.5789473684210527,0.006329113924050633,0,21700,10005.78947368421,10005.666666666666
10005,10006,4500,1200,0.5789473684210527,0.0031746031746031746,0,21700,10005.78947368421,10005.666666666666
10005,10006,4600,1200,0.5862068965517241,0.006329113924050633,100,21800,10005.793103448275,10005.666666666666
10005,10006,4600,1200,0.5862068965517241,0.019230769230769232,0,21800,10005.793103448275,10005.666666666666
10005,10006,4600,1200,0.5862068965517241,0.022508038585209004,0,21800,10005.793103448275,10005.666666666666
10005,10006,4600,1200,0.5862068965517241,0.022508038585209004,0,21800,10005.793103448275,10005.666666666666
10005,10006,4600,1200,0.5862068965517241,0.022508038585209004,0,21800,10005.793103448275,10005.666666666666
10005,10006,4600,1200,0.5862068965517241,0.022508038585209004,0,21800,10005.793103448275,10005.666666666666
10005,10006,4600,1200,0.5862068965517241,0.022508038585209004,0,21800,10005.793103448275,10005.666666666666
10005,10006,4600,1100,0.6140350877192983,0.025806451612903226,100,21900,10005.807017543859,10005.733333333334
10005,10006,4600,1100,0.6140350877192983,0.025806451612903226,0,21900,10005.807017543859,10005.733333333334
10005,10006,4600,1100,0.6140350877192983,0.02912621359223301,0,21900,10005.807017543859,10005.733333333334
10005,10006,4600,1100,0.6140350877192983,0.032467532467532464,0,21900,10005.807017543859,10005.733333333334
10005,10006,4600,1100,0.6140350877192983,0.035830618892508145,0,21900,10005.807017543859,10005.733333333334
10005,10006,4600,1100,0.6140350877192983,0.035830618892508145,0,21900,10005.807017543859,10005.733333333334
10005,10006,4600,1100,0.6140350877192983,0.035830618892508145,0,21900,10005.807017543859,10005.733333333334
10005,10006,4600,1100,0.6140350877192983,0.035830618892508145,0,21900,10005.807017543859,10005.733333333334
10005,10006,4600,1100,0.6140350877192983,0.032679738562091505,0,21900,10005.807017543859,10005.733333333334
10005,10006,4600,1100,0.6140350877192983,0.04516129032258064,0,21900,10005.807017543859,10005.733333333334
10005,10006,4600,1100,0.6140350877192983,0.04516129032258064,0,21900,10005.807017543859,10005.733333333334
10005,10006,4600,1100,0.6140350877192983,0.04854368932038835,0,21900,10005.807017543859,10005.733333333334
10005,10006,4600,1100,0.6140350877192983,0.045454545454545456,0,21900,10005.807017543859,10005.733333333334
10005,10006,4600,1100,0.6140350877192983,0.045454545454545456,0,21900,10005.807017543859,10005.733333333334
10005,10006,4600,1100,0.6140350877192983,0.045454545454545456,0,21900,10005.807017543859,10005.733333333334
10005,10006,4700,1100,0.6206896551724138,0.04854368932038835,100,22000,10005.810344827587,10005.733333333334
10005,10006,4700,1100,0.6206896551724138,0.04234527687296417,0,22000,10005.810344827587,10005.733333333334
10005,10006,4700,1100,0.6206896551724138,0.03559870550161812,0,22000,10005.810344827587,10005.733333333334
10005,10006,4700,1000,0.6491228070175439,0.03896103896103896,100,22100,10005.82456140351,10005.733333333334
10005,10006,4700,1000,0.6491228070175439,0.03896103896103896,0,22100,10005.82456140351,10005.733333333334
10005,10006,4700,1600,0.49206349206349204,0.01910828025477707,-600,21500,10005.746031746032,10005.666666666666
10005,10006,4700,1600,0.49206349206349204,0.028391167192429023,0,21500,10005.746031746032,10005.666666666666
10005,10006,4700,1600,0.49206349206349204,0.03821656050955414,0,21500,10005.746031746032,10005.666666666666
10005,10006,4700,1600,0.49206349206349204,0.04153354632587859,0,21500,10005.746031746032,10005.666666666666
10005,10006,4700,1600,0.49206349206349204,0.04487179487179487,0,21500,10005.746031746032,10005.666666666666
10005,10006,4700,1700,0.46875,0.04153354632587859,-100,21400,10005.734375,10005.666666666666
10005,10006,4800,1700,0.47692307692307695,0.044585987261146494,100,21500,10005.738461538462,10005.666666666666
10005,10006,4900,1700,0.48484848484848486,0.047619047619047616,100,21600,10005.742424242424,10005.666666666666
10005,10006,4900,1700,0.48484848484848486,0.06109324758842444,0,21600,10005.742424242424,10005.666666666666
10005,10006,4900,1700,0.48484848484848486,0.05501618122977346,0,21600,10005.742424242424,10005.666666666666
10005,10006,4800,1700,0.47692307692307695,0.05194805194805195,-100,21500,10005.738461538462,10005.666666666666
10005,10006,4800,1700,0.47692307692307695,0.04854368932038835,0,21500,10005.738461538462,10005.666666666666
10005,10006,4800,1700,0.47692307692307695,0.04854368932038835,0,21500,10005.738461538462,10005.666666666666
10005,10006,4800,1700,0.47692307692307695,0.04854368932038835,0,21500,10005.738461538462,10005.666666666666
10005,10006,5000,1700,0.4925373134328358,0.05466237942122187,200,21700,10005.746268656716,10005.666666666666
10005,10006,5000,1700,0.4925373134328358,0.04854368932038835,0,21700,10005.746268656716,10005.666666666666
10005,10006,5000,1400,0.5625,0.058823529411764705,300,22000,10005.78125,10005.666666666666
10005,10006,5000,1400,0.5625,0.05263157894736842,0,22000,10005.78125,10005.666666666666
10005,10006,5000,1400,0.5625,0.04950495049504951,0,22000,10005.78125,10005.666666666666
10005,10006,4700,1400,0.5409836065573771,0.04,-300,21700,10005.77049180328,10005.666666666666
10005,10006,4700,1400,0.5409836065573771,0.04,0,21700,10005.77049180328,10005.666666666666
10005,10006,4700,1400,0.5409836065573771,0.04,0,21700,10005.77049180328,10005.666666666666
10005,10006,4700,1400,0.5409836065573771,0.04,0,21700,10005.77049180328,10005.666666666666
10005,10006,4700,1400,0.5409836065573771,0.036544850498338874,0,21700,10005.77049180328,10005.666666666666
10005,10006,4700,1400,0.5409836065573771,0.016286644951140065,0,21700,10005.77049180328,10005.666666666666
10005,10006,4700,1400,0.5409836065573771,0.016286644951140065,0,21700,10005.77049180328,10005.666666666666
10005,10006,4700,1400,0.5409836065573771,0.016286644951140065,0,21700,10005.77049180328,10005.666666666666
10005,10006,4700,1400,0.5409836065573771,0.016286644951140065,0,21700,10005.77049180328,10005.666666666666
10005,10006,4700,1400,0.5409836065573771,0.01948051948051948,0,21700,10005.77049180328,10005.666666666666
10005,10006,4700,1400,0.5409836065573771,0.012903225806451613,0,21700,10005.77049180328,10005.666666666666
10005,10006,4700,1400,0.5409836065573771,0.012903225806451613,0,21700,10005.77049180328,10005.666666666666
10005,10006,4700,1400,0.5409836065573771,0.01607717041800643,0,21700,10005.77049180328,10005.666666666666
10005,10006,4700,1400,0.5409836065573771,0.01282051282051282,0,21700,10005.77049180328,10005.666666666666
10005,10006,4700,1400,0.5409836065573771,0.01282051282051282,0,21700,10005.77049180328,10005.666666666666
10005,10006,4700,1400,0.5409836065573771,0.009584664536741214,0,21700,10005.77049180328,10005.666666666666
10005,10006,4700,1400,0.5409836065573771,0.012738853503184714,0,21700,10005.77049180328,10005.666666666666
10005,10006,4700,1400,0.5409836065573771,0.012738853503184714,0,21700,10005.77049180328,10005.666666666666
10005,10006,4700,1400,0.5409836065573771,0.0189873417721519,0,21700,10005.77049180328,10005.666666666666
10005,10006,4700,1400,0.5409836065573771,0.015873015873015872,0,21700,10005.77049180328,10005.666666666666
10005,10006,4700,1400,0.5409836065573771,0.012738853503184714,0,21700,10005.77049180328,10005.666666666666
10005,10006,5100,1400,0.5692307692307692,0.025157232704402517,400,22100,10005.784615384615,10005.666666666666
10005,10006,5100,1400,0.5692307692307692,0.025157232704402517,0,22100,10005.784615384615,10005.666666666666
10005,10006,5100,1400,0.5692307692307692,0.0189873417721519,0,22100,10005.784615384615,10005.666666666666
10005,10006,5100,1400,0.5692307692307692,0.015873015873015872,0,22100,10005.784615384615,10005.666666666666
10005,10006,5100,1400,0.5692307692307692,0.03125,0,22100,10005.784615384615,10005.666666666666
10005,10006,5100,1400,0.5692307692307692,0.04100946372239748,0,22100,10005.784615384615,10005.666666666666
10005,10006,5100,1400,0.5692307692307692,0.04100946372239748,0,22100,10005.784615384615,10005.666666666666
10005,10006,5100,1400,0.5692307692307692,0.04100946372239748,0,22100,10005.784615384615,10005.666666666666
10005,10006,5100,1400,0.5692307692307692,0.04430379746835443,0,22100,10005.784615384615,10005.666666666666
10005,10006,5100,1400,0.5692307692307692,0.04430379746835443,0,22100,10005.784615384615,10005.666666666666
10005,10006,5100,1400,0.5692307692307692,0.04430379746835443,0,22100,10005.784615384615,10005.666666666666
10005,10006,5100,1400,0.5692307692307692,0.04126984126984127,0,22100,10005.784615384615,10005.666666666666
10005,10006,5100,1400,0.5692307692307692,0.04126984126984127,0,22100,10005.784615384615,10005.666666666666
10005,10006,5100,1400,0.5692307692307692,0.04126984126984127,0,22100,10005.784615384615,10005.666666666666
