x,p
10000.5,0.1
10000.5,0.05454545454545454
10000.5,0.04
10000.5,0.0316148857688439
10000.5,0.025188579639271437
10000.5,0.02284124592618272
10000.5,0.020475955710171287
10000.5,0.017674594005830914
10000.5,0.016706796412601626
10000.5,0.015073172319937683
10000.5,0.013449434387576654
10000.5,0.013848800471873828
10000.5,0.012359415711158422
10000.5,0.012727668362011729
10000.5,0.012672895827280988
10000.5,0.01331649974931325
10000.5,0.012529318607060204
10000.5,0.011498808694258261
10000.5,0.011369224947386035
10000.5,0.010802521442129768
10000.5,0.010517038350296324
10000.5,0.01252395233626045
10000.5,0.012240161587372938
10000.5,0.012937014382187034
10000.5,0.011956412588698027
10000.5,0.01121894133853827
10000.5,0.010614783303768964
10000.5,0.009970087631969826
10000.5,0.009493504591586908
10000.5,0.009029718889839479
10000.5,0.008466287049776061
10000.5,0.00818645074364652
10000.5,0.008070991395033252
10000.5,0.010171973148939237
10000.5,0.009833580182967601
10000.5,0.009289497007908501
10000.5,0.00925570213137759
10000.5,0.009055392595886528
10000.5,0.009292829760420063
10000.5,0.010538033930244639
10000.5,0.01022182034478454
10000.5,0.011258007594635118
10000.5,0.013054998078967678
10000.5,0.013255578321266483
10000.5,0.013003130977031237
10000.5,0.011924669427298562
10000.5,0.010656749379765244
10000.5,0.011038555483794397
10000.5,0.010770072512151152
10000.5,0.010223971256934751
10000.5,0.011096469465958023
10000.5,0.010318751070625345
10000.5,0.01344583911179224
10000.5,0.012634533043270354
10000.5,0.01170692551030635
10000.5,0.010685173670390366
10000.5,0.010073370923344697
10000.5,0.013721334231419843
10000.5,0.014330084219327037
10000.5,0.013416952045865809
10000.5,0.012294216451778136
10000.5,0.01160223981927288
10000.5,0.011143387745351535
10000.5,0.011389936491249916
10000.5,0.01044799492593799
10000.5,0.010122341826408334
10000.5,0.010854369265346893
10000.5,0.010172469839348336
10000.5,0.009446347827166534
10000.5,0.009455122895936315
10000.5,0.009258380779536028
10000.5,0.008785557348148215
10000.5,0.00886830106948136
10000.5,0.009434525937381937
10000.5,0.012735240044737868
10000.5,0.012267586985805469
10000.5,0.011464061305908421
10000.5,0.0115845759415165
10000.5,0.01111751857650899
10000.5,0.011932313294741747
10000.5,0.011498558365153403
10000.5,0.010584848337400407
10000.5,0.010653823661345804
10000.5,0.010812000650440969
10000.5,0.010210003576832594
10000.5,0.009738858100449511
10000.5,0.012051603575823144
10000.5,0.011748561773104252
10000.5,0.011354884305570167
10000.5,0.010343555325802641
10000.5,0.010593408361706603
10000.5,0.009743360012829832
10000.5,0.011563857467133452
10000.5,0.011541746714316358
10000.5,0.011756338512615885
10000.5,0.011109837768946267
10000.5,0.01061139748085024
10000.5,0.009920468304638988
10000.5,0.009337023773068324
10000.5,0.009096919486335453
10000.5,0.012023321115557675
10000.5,0.011199283080411111
10000.5,0.010525525390559263
10000.5,0.010934564955953756
10000.5,0.01084069100412928
10000.5,0.010395457519195198
10000.5,0.010190270624423167
10000.5,0.011753264311786808
10000.5,0.010763215515503095
10000.5,0.010104319084105525
10000.5,0.009902842197346993
10000.5,0.00968581601903174
10000.5,0.009224634247063523
10000.5,0.008856291341610676
10000.5,0.009756573057737618
10000.5,0.012453616547104985
10000.5,0.011653429347760917
10000.5,0.011619646647592267
10000.5,0.011426678142461325
10000.5,0.010841318410472816
10000.5,0.01014636180136091
10000.5,0.010547985797215087
10000.5,0.011037082916104723
10000.5,0.010229007762825582
10000.5,0.010195093894762211
10000.5,0.010600653956745186
10000.5,0.010271212043074905
10000.5,0.01129320626901064
10000.5,0.010862195647123792
10000.5,0.010169130695118008
10000.5,0.011887157544615327
10000.5,0.011204089059258304
10000.5,0.010566593229657808
10000.5,0.009818876303845961
10000.5,0.014056238598167362
10000.5,0.014613489042888467
10000.5,0.013800625137486965
10000.5,0.012548347162067068
10000.5,0.011514618865829211
10000.5,0.011536550732987589
10000.5,0.011016190713355424
10000.5,0.010857456414513574
10000.5,0.010530298354969568
10000.5,0.010034025265296046
10000.5,0.009167089147305591
10000.5,0.009142301498120014
10000.5,0.010400393624416266
10000.5,0.011395020504715744
10000.5,0.010640872512280842
10000.5,0.011039813975183426
10000.5,0.010648323080103288
10000.5,0.012765460032466923
10000.5,0.013030065002943238
10000.5,0.012654706484168447
10000.5,0.011697043720282498
10000.5,0.011512873648578286
10000.5,0.011474244349771913
10000.5,0.010806851061134326
10000.5,0.011167015462106945
10000.5,0.010318379395418615
10000.5,0.01147225015038569
10000.5,0.011263205090175176
10000.5,0.010832379449005242
10000.5,0.010205096362870253
10000.5,0.00981139964595232
10000.5,0.009078814865844399
10000.5,0.008749152560158091
10000.5,0.010247496802641646
10000.5,0.010295522037938034
10000.5,0.00975778650847023
10000.5,0.00953741389708581
10000.5,0.009682352826849785
10000.5,0.009085156674205605
10000.5,0.008732999587747536
10000.5,0.008303326317739775
10000.5,0.009193114888323611
10000.5,0.008814598138109475
10000.5,0.0081506923787324
10000.5,0.009737781143896201
10000.5,0.009156894534814356
10000.5,0.009457367247906866
10000.5,0.008921985175653572
10000.5,0.00907379450381495
10000.5,0.010255400545822172
10000.5,0.00966866734741403
10000.5,0.01120393922103252
10000.5,0.010425246996294298
10000.5,0.00980118839387913
10000.5,0.009590423698984012
10000.5,0.009081174894107154
10000.5,0.009293254125262523
10000.5,0.009154472006990013
10000.5,0.01039829739093181
10000.5,0.009995985151035763
10000.5,0.009657213582955383
10000.5,0.009257391725618146
10000.5,0.009369450795908537
10000.5,0.01131474879899336
10000.5,0.010791241832451488
10000.5,0.010984790935924464
10000.5,0.010826028336000543
10000.5,0.010142672837194566
10000.5,0.01054657170112209
10000.5,0.012805776260246734
10000.5,0.012789941925123798
10000.5,0.011985548466484983
10000.5,0.010766077843447212
10000.5,0.014354802865196591
10000.5,0.013897338340702205
10000.5,0.014386049533214942
10000.5,0.016306095001158483
10000.5,0.014930033855179518
10000.5,0.013817369735772814
10000.5,0.014388470283760923
10000.5,0.013557377591797117
10000.5,0.013045190799450492
10000.5,0.011976995589582604
10000.5,0.011192972579263176
10000.5,0.011098037820238224
10000.5,0.010509500998879942
10000.5,0.009875085377028497
10000.5,0.010096672552774416
10000.5,0.009438024914748521
10000.5,0.009418761369485282
10000.5,0.009494579297063509
10000.5,0.009173572844526514
10000.5,0.008964409448565502
10000.5,0.008672256119038123
10000.5,0.00861289527656308
10000.5,0.008327360628548285
10000.5,0.00886702485654212
10000.5,0.00926021360797674
10000.5,0.009379074030269883
10000.5,0.009707047275201237
10000.5,0.01059015257103819
10000.5,0.011518503384583203
10000.5,0.011884153902155869
10000.5,0.012012047395271239
10000.5,0.011576874140142645
10000.5,0.010985267595145077
10000.5,0.010382620940761304
10000.5,0.010152790042576654
10000.5,0.01010846540706519
10000.5,0.0109011052285297
10000.5,0.012066146932977449
10000.5,0.011156410618185895
10000.5,0.010418370049428782
10000.5,0.009880251724505148
10000.5,0.00974954794475708
10000.5,0.010831438788071236
10000.5,0.010441583885640433
10000.5,0.009942399849340394
10000.5,0.010634947084270463
10000.5,0.011018509156291217
10000.5,0.011500605595192297
10000.5,0.011112713619241597
10000.5,0.010244394429104126
10000.5,0.00955728253849628
10000.5,0.009680142941720881
10000.5,0.009248627087899992
10000.5,0.008528726909806487
10000.5,0.008343154864928199
10000.5,0.00781677331272881
10000.5,0.007839524068259275
10000.5,0.008608525055050867
10000.5,0.00842798065331444
10000.5,0.008093850029735231
10000.5,0.008095006133548638
10000.5,0.011843149048936578
10000.5,0.011713486838064547
10000.5,0.01139421825134557
10000.5,0.011917254424165413
10000.5,0.011911660433530145
10000.5,0.013182618527290328
10000.5,0.0124529261049399
10000.5,0.012465709003936567
10000.5,0.012782216570753579
10000.5,0.012036137925712976
10000.5,0.012387064685827492
10000.5,0.011308658117140056
10000.5,0.011370895177704884
10000.5,0.011186504022444968
10000.5,0.01045000601343078
10000.5,0.010838599694434911
10000.5,0.011096858057595537
10000.5,0.010732874544163542
10000.5,0.01212209031348476
10000.5,0.011456148127378944
10000.5,0.011242871025509475
10000.5,0.011350976629042206
10000.5,0.011136203220692
10000.5,0.012695497293253139
10000.5,0.011667568441277436
10000.5,0.011608064140836703
10000.5,0.011062215460217666
10000.5,0.010136849375768552
10000.5,0.0094617819945192
10000.5,0.008902617934250514
10000.5,0.008942961801511667
10000.5,0.00921353846833856
10000.5,0.009802899024856062
10000.5,0.010100097185778208
10000.5,0.01050487671600877
10000.5,0.011172626113658568
10000.5,0.010752145317491139
10000.5,0.010124070206261417
10000.5,0.010755107077590519
10000.5,0.010646292192353664
10000.5,0.01128480238754666
10000.5,0.01034332642336006
10000.5,0.010829282731408665
10000.5,0.0105153977771966
10000.5,0.01101863917160744
10000.5,0.010446673320459699
10000.5,0.009955632735505465
10000.5,0.011822613882323403
10000.5,0.011510353569772511
10000.5,0.013520307915263166
10000.5,0.012491976916632048
10000.5,0.013679491347651817
10000.5,0.012461181153702509
10000.5,0.012368893305217576
10000.5,0.013281517850996984
10000.5,0.012660711929613244
10000.5,0.01190391342908369
10000.5,0.010716310507684413
10000.5,0.010462482846594328
10000.5,0.010037018683724933
10000.5,0.009661283628876331
10000.5,0.009891807965909005
10000.5,0.009747041265681685
10000.5,0.010959006115138779
10000.5,0.010260206538910922
10000.5,0.009645320300034446
10000.5,0.00937453434706198
10000.5,0.010261686085913066
10000.5,0.010854220681451948
10000.5,0.010134082706024382
10000.5,0.010942243074852129
10000.5,0.010706249719067983
10000.5,0.010624925030365369
10000.5,0.010006128407104919
10000.5,0.009928052761016036
10000.5,0.010106438331387678
10000.5,0.009597254367603576
10000.5,0.009226538741503967
10000.5,0.010564875441500327
10000.5,0.011286017575814317
10000.5,0.01160968706129793
10000.5,0.011495258036354351
10000.5,0.011841293430853876
10000.5,0.011299967830231414
10000.5,0.010846198976393
10000.5,0.010768242184261775
10000.5,0.010565543868763133
10000.5,0.010265439098897588
10000.5,0.011191157997689015
10000.5,0.010797581315018583
10000.5,0.009847816205303174
10000.5,0.009274096520578166
10000.5,0.009672158863416524
10000.5,0.012527385833607404
10000.5,0.011912961806570052
10000.5,0.011163167268946157
10000.5,0.010722933237292303
10000.5,0.01070967913619441
10000.5,0.00989003456919527
10000.5,0.009338438554944914
10000.5,0.009933302268453022
10000.5,0.00956321601587076
10000.5,0.009056579799262695
10000.5,0.008635296890476133
10000.5,0.008318265470056216
10000.5,0.009171793916463724
10000.5,0.010693614839719567
10000.5,0.012815257579198491
10000.5,0.011542607398784814
10000.5,0.010800817303348753
10000.5,0.011282537581415097
10000.5,0.011532948634877265
10000.5,0.010446474252633274
10000.5,0.01085349592777529
10000.5,0.01163940126175671
10000.5,0.010500295168050882
10000.5,0.010348620877349468
10000.5,0.009811988925799632
10000.5,0.009378731523530909
10000.5,0.010245405755420616
10000.5,0.009676074418726787
10000.5,0.009693173812823955
10000.5,0.009464890768069601
10000.5,0.009212789690343145
10000.5,0.008718604763083232
10000.5,0.009746230811777633
10000.5,0.009748603173764175
10000.5,0.009478578581705172
10000.5,0.009018695960518986
10000.5,0.010570083263164795
10000.5,0.010815047357412878
10000.5,0.010704446817883698
10000.5,0.01004991359851375
10000.5,0.010151531939248245
10000.5,0.011435419433215898
10000.5,0.011225287180424261
10000.5,0.011154501422096947
10000.5,0.010614906094815022
10000.5,0.01001101600952539
10000.5,0.010037512717662631
10000.5,0.00994890679827341
10000.5,0.00959399079223231
10000.5,0.010055607492662266
10000.5,0.011025776800297852
10000.5,0.011154448504252004
10000.5,0.010765910688579915
10000.5,0.010398396589767314
10000.5,0.011498958719107928
10000.5,0.011885517143270873
10000.5,0.011759084923910156
10000.5,0.011725412414481856
10000.5,0.010741973022975889
10000.5,0.010687570798164172
10000.5,0.010539525103213198
10000.5,0.009762165370844076
10000.5,0.00934369139235963
10000.5,0.010028360360707573
10000.5,0.010100353111778362
10000.5,0.009916494950474
10000.5,0.009259190683559213
10000.5,0.008871067111356911
10000.5,0.009433312943801979
10000.5,0.008917977388479525
10000.5,0.008697978611546196
10000.5,0.00890444782674288
10000.5,0.008754635104440463
10000.5,0.0083345656279352
10000.5,0.008351223696189907
10000.5,0.007848381194894345
10000.5,0.008865468312006316
10000.5,0.01064857110750611
10000.5,0.009984169296251792
10000.5,0.011486803461141818
10000.5,0.011233360726400105
10000.5,0.01158399382373968
10000.5,0.01116905598572913
10000.5,0.010395037605777846
10000.5,0.01103439713739796
10000.5,0.011078202079499649
10000.5,0.013470999600618972
10000.5,0.01286057123321955
10000.5,0.012729798435963786
10000.5,0.012315933075265977
10000.5,0.01173261426339419
10000.5,0.010995771750131878
10000.5,0.010251911839647333
10000.5,0.01052411454972758
10000.5,0.009834143529694467
10000.5,0.009229076446861415
10000.5,0.008817426359009034
10000.5,0.008222086429461152
10000.5,0.00802281858338416
10000.5,0.008560018257107612
10000.5,0.00840833244127632
10000.5,0.008795973298050335
10000.5,0.0088279224497305
10000.5,0.00887092117848996
10000.5,0.009493440004243462
10000.5,0.009340891532671137
10000.5,0.008949338037652953
10000.5,0.009760012185337895
10000.5,0.010133834450808614
10000.5,0.009524534511886706
10000.5,0.008989563646266376
10000.5,0.009198995304093922
10000.5,0.008812569960489161
10000.5,0.009554706986894599
10000.5,0.00993588081155625
10000.5,0.009156789383757642
10000.5,0.009973605359238635
10000.5,0.009550036526925326
10000.5,0.009385151501332763
10000.5,0.00922660960556144
10000.5,0.008761297209941897
10000.5,0.00818611740768941
10000.5,0.008228980048222017
10000.5,0.008203399618787901
10000.5,0.007750295075674697
10000.5,0.007751791896438861
10000.5,0.009820110654504798
10000.5,0.009124969693167489
10000.5,0.009251026139371095
10000.5,0.009247382320213236
10000.5,0.010405068526257522
10000.5,0.010041577800948522
10000.5,0.009636929525464185
10000.5,0.00880759827053241
10000.5,0.00865632286134798
10000.5,0.009497891185134619
10000.5,0.009548760465380755
10000.5,0.01046460616471673
10000.5,0.011251234031737122
10000.5,0.011622940763616384
10000.5,0.013348339078640336
10000.5,0.013981160854963136
10000.5,0.014039946122701166
10000.5,0.013983750812869783
10000.5,0.01296270627079646
10000.5,0.012013345779063392
10000.5,0.01142148597238549
10000.5,0.011368432263446892
10000.5,0.011185137100012378
10000.5,0.011121220791462442
10000.5,0.011162878767663921
10000.5,0.011352495063021653
10000.5,0.010662787034028695
10000.5,0.01119805342962365
10000.5,0.010857184230496765
10000.5,0.012408356668116596
10000.5,0.01227519264417803
10000.5,0.012906987867495081
10000.5,0.012690262524264131
10000.5,0.011378735091389714
10000.5,0.010884633198831555
10000.5,0.010160728091036972
10000.5,0.009668969324477715
10000.5,0.00912023113111176
10000.5,0.008525227048266807
10000.5,0.008994507919667754
10000.5,0.008718662319466787
10000.5,0.00850182177036873
10000.5,0.00795057393315543
10000.5,0.007990884514675913
10000.5,0.0076479299137467245
10000.5,0.00820988507591609
10000.5,0.008926200845062926
10000.5,0.008587927056793399
10000.5,0.008370852417026018
10000.5,0.008626855823319717
10000.5,0.00842078586004656
10000.5,0.009363039748386093
10000.5,0.008851122714203963
10000.5,0.00836395742113209
10000.5,0.00797824332847161
10000.5,0.007599372746661617
10000.5,0.007250823734353534
10000.5,0.007857399755712025
10000.5,0.007404809463566433
10000.5,0.006982820752960747
10000.5,0.00798169429155362
10000.5,0.007930357628070324
10000.5,0.007952709567957373
10000.5,0.008101450197622038
10000.5,0.008641622994390747
10000.5,0.00867538469811211
10000.5,0.008882883269534332
10000.5,0.008362481085914942
10000.5,0.009043820627516208
10000.5,0.01085624535452457
10000.5,0.010693933278358167
10000.5,0.009771377541256848
10000.5,0.009871165879997751
10000.5,0.011747962997099855
10000.5,0.01132006052914898
10000.5,0.010941920099086656
10000.5,0.011264761966312136
10000.5,0.011474641074728063
10000.5,0.011749453386796479
10000.5,0.011019531872265042
10000.5,0.012270667894211483
10000.5,0.011379675487495964
10000.5,0.010809022101275344
10000.5,0.010812124519393649
10000.5,0.009923813576001443
10000.5,0.01080605459859118
10000.5,0.010132357304386346
10000.5,0.009794071260254977
10000.5,0.01095587792266429
10000.5,0.010312412115074908
10000.5,0.010243004509226142
10000.5,0.010691118726110676
10000.5,0.010251186612577085
10000.5,0.010140852083469543
10000.5,0.010652973460146068
10000.5,0.010599842829556684
10000.5,0.010215847815868193
10000.5,0.011884895337940701
10000.5,0.011431901432315032
10000.5,0.010793617968499524
10000.5,0.010755733162393784
10000.5,0.010665509032729817
10000.5,0.011876912578436441
10000.5,0.012266403986821018
10000.5,0.01095208014087083
10000.5,0.01430943882188317
10000.5,0.01324864069858397
10000.5,0.012207341908528298
10000.5,0.012761210092719369
10000.5,0.01627290392671166
10000.5,0.015933969798629464
10000.5,0.014561318017921456
10000.5,0.01345026821673671
10000.5,0.01253146981904789
10000.5,0.01334675221488512
10000.5,0.012534162373241682
10000.5,0.011336580987452195
10000.5,0.010720197912213708
10000.5,0.010156142014853684
10000.5,0.009453294827344602
10000.5,0.009404253676644563
10000.5,0.010120037434807685
10000.5,0.009800382601135109
10000.5,0.009215569459575879
10000.5,0.009655001663202949
10000.5,0.00973206653123535
10000.5,0.009951065696738188
10000.5,0.009396392235862366
10000.5,0.009048380789524697
10000.5,0.00864981188945764
10000.5,0.008952410908008942
10000.5,0.009405308262666952
10000.5,0.010904038186643313
10000.5,0.010256183537518818
10000.5,0.009877990717721025
10000.5,0.009324461492709338
10000.5,0.01000710990308632
10000.5,0.009949069275845632
10000.5,0.009589622976293868
10000.5,0.009446454689613276
10000.5,0.009356254465971103
10000.5,0.009392310730354608
10000.5,0.009106468899816804
10000.5,0.010175305849723839
10000.5,0.0097001357735206
10000.5,0.009326367497272026
10000.5,0.010223226694903085
10000.5,0.010591534443805707
10000.5,0.009741789715739841
10000.5,0.009430230871726121
10000.5,0.009374752719420253
10000.5,0.009022305679167227
10000.5,0.008954516333924198
10000.5,0.010419636327179953
10000.5,0.010569386278100943
10000.5,0.010196960477574155
10000.5,0.010456040104437424
10000.5,0.010623517402008219
10000.5,0.010329988023114824
10000.5,0.010042271186551113
10000.5,0.00948795118195271
10000.5,0.008924159795734367
10000.5,0.009280601736283768
10000.5,0.008744520796565612
10000.5,0.008416327019472338
10000.5,0.00856746161934393
10000.5,0.008157445374541968
10000.5,0.009673220271720188
10000.5,0.009323667819563217
10000.5,0.009036132582313488
10000.5,0.008564844035706825
10000.5,0.008774010283241903
10000.5,0.008911140390412816
10000.5,0.008469914956967337
10000.5,0.007937753753323167
10000.5,0.008596506201386096
10000.5,0.007935499829093235
10000.5,0.009165281324266927
10000.5,0.00960440812160378
10000.5,0.009966159893023211
10000.5,0.009229876450865022
10000.5,0.009724246822190275
10000.5,0.009320913219392452
10000.5,0.008745645686860638
10000.5,0.009505574125132475
10000.5,0.00963315675943712
10000.5,0.009591057355989205
10000.5,0.009108063014577646
10000.5,0.008592129014075424
10000.5,0.008417274373022596
10000.5,0.007996539830359922
10000.5,0.009736066681604637
10000.5,0.009449493623423627
10000.5,0.009147931369869945
10000.5,0.008729403399648776
10000.5,0.008980117588517958
10000.5,0.009202841527649443
10000.5,0.008748050072764935
10000.5,0.008828495153791064
10000.5,0.008928199646936825
10000.5,0.010695369213473768
10000.5,0.010321859789484172
10000.5,0.011099949556882795
10000.5,0.01096785040762284
10000.5,0.011194079985983728
10000.5,0.01047292415187224
10000.5,0.010911056287330648
10000.5,0.01002693874249857
10000.5,0.011166723930386918
10000.5,0.011998358345901489
10000.5,0.011578491347113286
10000.5,0.011174711715652538
10000.5,0.010230132879931813
10000.5,0.010055072285334326
10000.5,0.010516205116267534
10000.5,0.009650000733498792
10000.5,0.009456043097545535
10000.5,0.008915591424764452
10000.5,0.011030026950368253
10000.5,0.01064617647175966
10000.5,0.009712691359926964
10000.5,0.009437751085909283
10000.5,0.010203685596823954
10000.5,0.009668526216311035
10000.5,0.009150541344560349
10000.5,0.009037559763504654
10000.5,0.00884896687743667
10000.5,0.008361453145833047
10000.5,0.009609233658414542
10000.5,0.009571237007017029
10000.5,0.010451945045778873
10000.5,0.009462889079451583
10000.5,0.008793043083516531
10000.5,0.008926454290227996
10000.5,0.008415130136905752
10000.5,0.009236370416406578
10000.5,0.00902436978105146
10000.5,0.009011183801774725
10000.5,0.009311891012732347
10000.5,0.009230070450242558
10000.5,0.00920694500037112
10000.5,0.009361478894971522
10000.5,0.008913057457871106
10000.5,0.009997763281898154
10000.5,0.009398171684908217
10000.5,0.009197053449579242
10000.5,0.009054795425729411
10000.5,0.009716515739728124
10000.5,0.010662082540341062
10000.5,0.01045302882929667
10000.5,0.010133049111984366
10000.5,0.010866100213840331
10000.5,0.010032969363844901
10000.5,0.00989735102728069
10000.5,0.009776451746410278
10000.5,0.009631566219751794
10000.5,0.009836991842893366
10000.5,0.009492046478512468
10000.5,0.009454634652756451
10000.5,0.009439881609050824
10000.5,0.00960576028738555
10000.5,0.009100994303248764
10000.5,0.009556361157379765
10000.5,0.009650045079294588
10000.5,0.009091860377538735
10000.5,0.00873350461756385
10000.5,0.008656664625544272
10000.5,0.009934889324519795
10000.5,0.010147758444094787
10000.5,0.010133010351190047
10000.5,0.009697945760706435
10000.5,0.009892546139592768
10000.5,0.010096662774701502
10000.5,0.01024685848909881
10000.5,0.01143718528905203
10000.5,0.01110587935879125
10000.5,0.01133763098942045
10000.5,0.010997824301685277
10000.5,0.009965265268686144
10000.5,0.01022479632224043
10000.5,0.00971385460671975
10000.5,0.009337224330205743
10000.5,0.008861730242531538
10000.5,0.009261694591089204
10000.5,0.010514861126897363
10000.5,0.011736017946174127
10000.5,0.012000701496322402
10000.5,0.011652148206230502
10000.5,0.012110803253518364
10000.5,0.01132386686030063
10000.5,0.010693242577883337
10000.5,0.010025451396181932
10000.5,0.009786776372206332
10000.5,0.009559248924967678
10000.5,0.008813143973020012
10000.5,0.008996304363278154
10000.5,0.008922275761899717
10000.5,0.009926717703031971
10000.5,0.010324333407459687
10000.5,0.009679255364594597
10000.5,0.00925157867776192
10000.5,0.009671762413737585
10000.5,0.00989956969815973
10000.5,0.009601441456903925
10000.5,0.009056637949472817
10000.5,0.009196382871961825
10000.5,0.009373503223395476
10000.5,0.008997729580050004
10000.5,0.008373021610360937
10000.5,0.008179410519774855
10000.5,0.008535663624724882
10000.5,0.009337421842454327
10000.5,0.009266535802013717
10000.5,0.008901387851703288
10000.5,0.009310324241220955
10000.5,0.010114862548839554
10000.5,0.009986141323036702
10000.5,0.011626938862529176
10000.5,0.012030188664613944
10000.5,0.012162347652873114
10000.5,0.01161918030033218
10000.5,0.011730545122600465
10000.5,0.01119736691084015
10000.5,0.010244492808696989
10000.5,0.010246116711674781
10000.5,0.010695030656003985
10000.5,0.010554779803114346
10000.5,0.010077097291893511
10000.5,0.009464682094938535
10000.5,0.013604094852934743
10000.5,0.01347573698611301
10000.5,0.012732466921112679
10000.5,0.01188138975052969
10000.5,0.011755136629963333
10000.5,0.011170380078787267
10000.5,0.010757302246624122
10000.5,0.010562132571642503
10000.5,0.00989435082940715
10000.5,0.010074457284266054
10000.5,0.009942044568266166
10000.5,0.01086786219390934
10000.5,0.010173688185064672
10000.5,0.010668256776541459
10000.5,0.011734478806803098
10000.5,0.011029453689202592
10000.5,0.010190051215438296
10000.5,0.00954905925135982
10000.5,0.009814095929923331
10000.5,0.009257590094732255
10000.5,0.008890368094963816
10000.5,0.008705361292233545
10000.5,0.008227851807920827
10000.5,0.008521693143299713
10000.5,0.008172779815946265
10000.5,0.012057803267572314
10000.5,0.012008208505765056
10000.5,0.011200466109618683
10000.5,0.011095987377468228
10000.5,0.010758470743868919
10000.5,0.010579438849074281
10000.5,0.010368895122914381
10000.5,0.00953561414040119
10000.5,0.009206070220066477
10000.5,0.009527469642204467
10000.5,0.010445280525332714
10000.5,0.010825461282549966
10000.5,0.010947108862785217
10000.5,0.010670139986677889
10000.5,0.01007876730148592
10000.5,0.011265153339683759
10000.5,0.010300560504002737
10000.5,0.010248202657002076
10000.5,0.00963322421074485
10000.5,0.009204594214679318
10000.5,0.010661951227497628
10000.5,0.009963627855466395
10000.5,0.010175121731280141
10000.5,0.010355767489362061
10000.5,0.010231348538765159
10000.5,0.009985393342075802
10000.5,0.00951041409684367
10000.5,0.00940548725187702
10000.5,0.008947155890728885
10000.5,0.009766774003875633
10000.5,0.010225834500336706
10000.5,0.00957320759061038
10000.5,0.009096823547583307
10000.5,0.008515572319708743
10000.5,0.007915273816351093
10000.5,0.008640849320747487
10000.5,0.00943702925712639
10000.5,0.008994236207640356
10000.5,0.008420973136484355
10000.5,0.008759518688107377
10000.5,0.008863262516032597
10000.5,0.008702367322483657
10000.5,0.00848844182283933
10000.5,0.00843236978933243
10000.5,0.00889859772044322
10000.5,0.00948727084724938
10000.5,0.009129147487001653
10000.5,0.009037664739057046
10000.5,0.009393659718183482
10000.5,0.008594878659717633
10000.5,0.008790376108425518
10000.5,0.008439854870426153
10000.5,0.008235699171969939
10000.5,0.011116071887978324
10000.5,0.011767382186853893
10000.5,0.011600035826572555
10000.5,0.011102409909217084
10000.5,0.011111498439843921
10000.5,0.01054750125021519
10000.5,0.009910681323193381
10000.5,0.010255595300619102
10000.5,0.010978745044516127
10000.5,0.01087003753333077
10000.5,0.010241819533787182
10000.5,0.010717950386219139
10000.5,0.009839928245939803
10000.5,0.01012845849728682
10000.5,0.009687926361712366
10000.5,0.009319091512512
10000.5,0.009285120179118376
10000.5,0.010233103057945366
10000.5,0.009594877773447655
10000.5,0.009435511236639342
10000.5,0.008890121603936452
10000.5,0.008989272643919206
10000.5,0.009718087309256822
10000.5,0.01102974686857147
10000.5,0.009941382155128967
10000.5,0.010103804472946103
10000.5,0.009556340721278029
10000.5,0.009948846442694852
10000.5,0.011084958067767716
10000.5,0.010400149473306404
10000.5,0.010001402839991645
10000.5,0.009627301849992508
10000.5,0.00906263119294449
10000.5,0.008790850067606598
10000.5,0.009695003788536554
10000.5,0.010335813046451033
10000.5,0.009871510910551398
10000.5,0.00938854994701587
10000.5,0.009337034440851997
10000.5,0.009018540746435535
10000.5,0.010781458851679613
10000.5,0.010501105267453811
10000.5,0.010269313263379886
10000.5,0.009691862335554835
10000.5,0.009261211083430526
10000.5,0.008589922753946738
10000.5,0.008544981423921995
10000.5,0.00835935110837487
10000.5,0.00962299814008873
10000.5,0.009236240253595481
10000.5,0.008639290652419607
10000.5,0.008432155559282763
10000.5,0.009176744616673917
10000.5,0.009428892197829261
10000.5,0.009142296892813638
10000.5,0.008638777264916414
10000.5,0.008550453667025684
10000.5,0.010562153047689926
10000.5,0.01220374193418567
10000.5,0.011326677329125493
10000.5,0.010866304643280074
10000.5,0.010607446507813
10000.5,0.010444023396546218
10000.5,0.01081259021710861
10000.5,0.010737989524780481
10000.5,0.010106813141981405
10000.5,0.009784958396167802
10000.5,0.009173701251168032
10000.5,0.00898096776837968
10000.5,0.008325196297800243
10000.5,0.008139852930329854
10000.5,0.007908239966920319
10000.5,0.007548862869872283
10000.5,0.00805039191671388
10000.5,0.007692541818448146
10000.5,0.008240838605534132
10000.5,0.0076162339700675775
10000.5,0.007403716909155196
10000.5,0.007429289736144015
10000.5,0.00853502395753236
10000.5,0.008188511734523656
10000.5,0.007766712323829926
10000.5,0.00749571696200983
10000.5,0.00785835451421278
10000.5,0.007820512227054651
10000.5,0.010076499331074112
10000.5,0.01076421774848637
10000.5,0.010349299899923434
10000.5,0.009711838747462464
10000.5,0.01013037171786664
10000.5,0.009715616879021154
10000.5,0.01188988531105016
10000.5,0.011229350461885721
10000.5,0.011003770666381293
10000.5,0.011104960798677208
10000.5,0.011082867103496591
10000.5,0.010504306946634836
10000.5,0.010932866334205949
10000.5,0.010481509986186327
10000.5,0.009556269610169492
10000.5,0.010997544464204315
10000.5,0.010437958358131277
10000.5,0.010059851069990806
10000.5,0.009676156507555992
10000.5,0.009850755251286853
10000.5,0.009718806819094233
10000.5,0.010204526015881185
10000.5,0.009584033801316968
10000.5,0.009353347397926674
10000.5,0.009317465557007734
10000.5,0.009008931671685523
10000.5,0.009226031175641181
10000.5,0.008588679308072325
10000.5,0.007992375770400939
10000.5,0.00828319982150547
10000.5,0.008111145188028777
10000.5,0.008093721389987337
10000.5,0.00824127699475061
10000.5,0.008488994298269706
10000.5,0.007980394366669757
10000.5,0.007493989090294411
10000.5,0.006997065117428609
10000.5,0.008665287927495073
10000.5,0.008181802145580551
10000.5,0.00799491081587582
10000.5,0.008089526662128706
10000.5,0.00853826909195759
10000.5,0.008045072049496657
10000.5,0.008114989142219132
10000.5,0.008189566934554426
10000.5,0.007943022841450875
10000.5,0.007927208505694148
10000.5,0.008027767524817125
10000.5,0.007994449519995011
10000.5,0.008094820449279151
10000.5,0.009860260225638245
10000.5,0.009218287651492275
10000.5,0.009381408022100942
10000.5,0.008933993617711468
10000.5,0.008452023051018366
10000.5,0.009740130280428756
10000.5,0.00939014866880371
10000.5,0.008779179509143836
10000.5,0.008321957175071136
10000.5,0.008125248857828678
10000.5,0.007629253280254564
10000.5,0.007319559874730996
10000.5,0.0069027120514921535
10000.5,0.00808237355872157
10000.5,0.008222806357839835
10000.5,0.0077954688206354145
10000.5,0.007410354250567659
10000.5,0.007373236104620751
10000.5,0.007389213026147643
10000.5,0.007677786601850418
10000.5,0.007624293286900032
10000.5,0.0074506688095630725
10000.5,0.0072891435562556645
10000.5,0.007190804013775624
10000.5,0.009565506649563208
10000.5,0.009004435330641608
10000.5,0.009573949353917111
10000.5,0.009411962848057743
10000.5,0.008639465893073158
10000.5,0.008984833346018682
10000.5,0.008702462198934044
10000.5,0.008915537677124455
10000.5,0.008298957135287019
10000.5,0.009634936535259037
10000.5,0.009054531180276007
10000.5,0.008633885139203943
10000.5,0.008527765531740217
10000.5,0.009163515294327849
10000.5,0.009408712028078076
10000.5,0.008939424160714578
10000.5,0.008986430390812948
10000.5,0.009215563743629501
10000.5,0.009065340761037056
10000.5,0.008623059470173128
10000.5,0.008479298865194907
10000.5,0.008074662854133137
10000.5,0.007752221565905975
10000.5,0.00818652817548953
10000.5,0.008972548548622169
10000.5,0.008714760428154862
10000.5,0.010009612955834553
10000.5,0.009728757242994634
10000.5,0.009533854319391974
10000.5,0.009305896863235451
10000.5,0.008939755347468197
10000.5,0.008726907883009524
10000.5,0.008377926245889088
10000.5,0.008108499264995834
10000.5,0.007929114573333944
10000.5,0.007661021473501703
10000.5,0.009210602437417855
10000.5,0.008740400679354554
10000.5,0.008868605136358816
10000.5,0.008784454503905489
10000.5,0.008531041595982754
10000.5,0.008239066942815223
10000.5,0.007810081702952035
10000.5,0.008659515725652203
10000.5,0.01020743777408082
10000.5,0.00994883955197388
10000.5,0.00969249217659298
10000.5,0.009358439337494676
10000.5,0.008896817561145583
10000.5,0.008575100444604907
10000.5,0.009418645028581472
10000.5,0.009514432441754293
10000.5,0.010050346576993373
10000.5,0.010210226968132147
10000.5,0.009624942403491186
10000.5,0.009101563566467265
10000.5,0.008654780049046086
10000.5,0.008863994901340842
10000.5,0.00878143763687806
10000.5,0.008734099064835523
10000.5,0.008459372923923379
10000.5,0.009536806161111402
10000.5,0.009236477660847984
10000.5,0.00878782593795471
10000.5,0.008396917191161687
10000.5,0.009324141823060152
10000.5,0.008958954627473122
10000.5,0.010673691622870726
10000.5,0.01038272533139195
10000.5,0.010043113688740696
10000.5,0.010010116266879334
10000.5,0.009260812879423914
10000.5,0.009043465223395889
10000.5,0.008522543554241441
10000.5,0.008841863200896236
10000.5,0.008382865396279708
10000.5,0.00837210662908572
10000.5,0.008836668098674134
10000.5,0.008347130514604069
10000.5,0.007900518844104839
10000.5,0.007603322915699897
10000.5,0.0073487851925401575
10000.5,0.007251085492778815
10000.5,0.007134412725077159
10000.5,0.0069571087899094304
10000.5,0.006604637708958614
10000.5,0.007066410159202996
10000.5,0.007336700326176473
10000.5,0.007026540609182141
10000.5,0.006762487721988476
10000.5,0.006506694690563818
10000.5,0.006609549889361192
10000.5,0.006360268069095078
10000.5,0.006220514436164741
10000.5,0.006883006238852505
10000.5,0.007629218519944834
10000.5,0.007609395282323021
10000.5,0.0073683680936768485
10000.5,0.007026722879631833
10000.5,0.007268545365550622
10000.5,0.007123850585950403
10000.5,0.007100215419074765
10000.5,0.006832583771217638
10000.5,0.009778179528726692
10000.5,0.009270772313321228
10000.5,0.0086209150353552
10000.5,0.008485040867941485
10000.5,0.010208689755972358
10000.5,0.009643579721441769
10000.5,0.00892623891641599
10000.5,0.00890824269889501
10000.5,0.008829213283501305
10000.5,0.009236039236259944
10000.5,0.009113955905326503
10000.5,0.009171103666854608
10000.5,0.008663387002053283
10000.5,0.008134839543076552
10000.5,0.008751712647165262
10000.5,0.008204701265371568
10000.5,0.00807264586103856
10000.5,0.008285855532152565
10000.5,0.007974533814416965
10000.5,0.008222911701393176
10000.5,0.007980274814582619
10000.5,0.008643344640080035
10000.5,0.009149126334094728
10000.5,0.01016616807797762
10000.5,0.01121087663372188
10000.5,0.01038534937071879
10000.5,0.009953427298059262
10000.5,0.009935681776348732
10000.5,0.009508175996529512
10000.5,0.008832736996700633
10000.5,0.009554650892789614
10000.5,0.010003186488614878
10000.5,0.009464349117733263
10000.5,0.008866425792551471
10000.5,0.008395413655020958
10000.5,0.00917427373911769
10000.5,0.008783792180750384
10000.5,0.009304761103590317
10000.5,0.0086740915848793
10000.5,0.010299924817515236
10000.5,0.010424672561313644
10000.5,0.011303299859974148
10000.5,0.01033480278117145
10000.5,0.009789416713248688
10000.5,0.009189673115976474
10000.5,0.008659173301978016
10000.5,0.008463989578745192
10000.5,0.008409725200250635
10000.5,0.00876872315178546
10000.5,0.008383165752650754
10000.5,0.008073149759630053
10000.5,0.00824001389665948
10000.5,0.007927583661405353
10000.5,0.007771914880203579
10000.5,0.007435471279572826
10000.5,0.007794412478666268
10000.5,0.007398592568608159
10000.5,0.00715989023519008
10000.5,0.007682287837948715
10000.46991639182,0.007220065963447231
10000.471338009454,0.007088333419561916
10000.472724303458,0.007255047413608182
10000.473998495632,0.00700729405845019
10000.475225394417,0.007077852692479353
10000.476555020621,0.008050337263225989
10000.478429558332,0.007995476053097148
10000.479614860815,0.008242546675163151
10000.480683565682,0.007863852617386454
10000.481740624677,0.008208494719334556
10000.48271447565,0.008000144761939986
10000.483845733264,0.009816806184733358
10000.485343595843,0.009272241214288641
10000.48631963334,0.00998919128127527
10000.487268575122,0.01040478451985169
10000.488531391473,0.009918892527222537
10000.489251573337,0.009419388531073313
10000.489945911062,0.00968985153864283
10000.49058200272,0.009490044226368224
10000.491147327322,0.009003898385255515
10000.453409651962,0.009220290514185098
10000.407018410324,0.012277967556326383
10000.369239187305,0.011138333419976262
10000.378720757995,0.010876619487405401
10000.387614207055,0.010999552248219885
10000.39881717225,0.009968310853886095
10000.367261243566,0.009494855552031299
10000.375408131998,0.009206303401803725
10000.383790148886,0.010091369149966606
10000.39136073411,0.009771871942013727
10000.398015650095,0.009188550656874597
10000.404693514827,0.009821896307706404
10000.413315684715,0.00904678193980845
10000.418394616549,0.008788669236263348
10000.423459413154,0.009309673683611784
10000.392361265045,0.008812598461727316
10000.398713604121,0.008852304534048042
10000.407149522809,0.008328777635054874
10000.41211432915,0.008020647538431933
10000.416584235032,0.007629069400128319
10000.423175184364,0.007901323368815459
10000.42751082175,0.008465306459216086
10000.431629945148,0.008523596551763964
10000.435418198107,0.008311210882442821
10000.403897127748,0.008687116109660404
10000.411591851325,0.008006757131038966
10000.416080500907,0.007615784827481412
10000.420135571307,0.007248143357725718
10000.423949297101,0.007162874368685829
10000.399322793435,0.006970598748763204
10000.40751937094,0.008141443117479262
10000.412588185429,0.008221420866508887
10000.419337627298,0.007721429766214732
10000.392825941428,0.007586732258876785
10000.398841989498,0.008420015276047205
10000.405687681907,0.010150989094181195
10000.370143368891,0.010513796085221894
10000.33697584571,0.010752867986636416
10000.34799280597,0.01013680485689643
10000.3578077799,0.009685371135487
10000.371285428797,0.009478471387094673
10000.341815452468,0.009524739958147276
10000.316046996686,0.009046445008491671
10000.327674648963,0.009481486086179594
10000.338754317054,0.00964425839634964
10000.349977825084,0.010440752111643015
10000.364300594343,0.009547101465160718
10000.376801486716,0.00921219390204097
10000.34957809558,0.008669835580789476
10000.31971343575,0.010251669726536947
10000.3312831161,0.00962607535147877
10000.341486306568,0.009071282818740955
10000.35322828515,0.008889058094980301
10000.36192772361,0.00889078505637321
10000.37019654964,0.008983149529052279
10000.377636449097,0.008597498105773402
10000.386204414419,0.008402468144894195
10000.393837829643,0.008049607743305225
10000.401838950975,0.00753669721072462
10000.409710928441,0.008019451242558099
10000.415467566529,0.009563679171225888
10000.422063244754,0.009363049832369071
10000.426813176206,0.009141896085012124
10000.463680923944,0.009648097149614251
10000.467708788532,0.011090217664183218
10000.50610518836,0.01082012975282986
10000.574621454363,0.010340571034361413
10000.634593200402,0.00972116972927127
10000.694159821458,0.010324616310533
10000.675216424226,0.011707920056080645
10000.735580302367,0.010978130490546264
10000.709379116712,0.011121976409749145
10000.782585347975,0.01388900157037835
10000.85020559986,0.014138319804503651
10000.911363335163,0.014117789093791758
10000.962350463691,0.01299285235890981
10000.907621641627,0.014204503214476359
10000.958978327195,0.013004362374889795
10000.90095490663,0.012641865013148986
10000.949318836436,0.012110256057526298
10000.991574009322,0.01150988330881929
10001.031124423778,0.0116684872080819
10000.969645701127,0.011575201572195794
10000.925852115319,0.01118977621707408
10000.973239503566,0.012380274188499865
10001.013963583131,0.011596564237426353
10001.05385858486,0.01231234955170899
10000.99870199676,0.011950325864861657
10000.945167544849,0.010734757883243061
10000.982729268071,0.010154882669577541
10000.941672870247,0.010206068007005867
10000.97792984687,0.009740788515332213
10001.01557290208,0.010815516358886994
10000.962553673971,0.010283556000624961
10000.998735727311,0.010098325615193781
10001.035456644704,0.010988490321621532
10000.981275703,0.010118642142386941
10000.942417799715,0.009688725952665119
10000.90270746156,0.008975755085053678
10000.938044495053,0.008874303097355105
10000.972143384126,0.009101847594364151
10001.002974436764,0.008761200971455104
10000.961550748621,0.009882893073061467
10000.924780772642,0.009559939249929063
10000.966452803157,0.01086682134388726
10001.002550579065,0.010148430014035592
10000.952739788983,0.009911597390668485
10000.910890341249,0.00924359836550666
10000.950025593871,0.009964677723382356
10000.984323667313,0.009354455332718292
10000.947402975908,0.009147773003185705
10000.983515873402,0.009802685117768396
10001.01720273353,0.009783512714061362
10001.046998748147,0.009257306332897706
10001.07565258557,0.009487999417221645
10001.102534965465,0.009502489816152105
10001.134873063093,0.012204129225493212
10001.074185446598,0.011470818975868519
10001.104515720166,0.010684324899231143
10001.041123065064,0.010486518875728339
10000.995343173137,0.010152195287807676
10001.032290176894,0.01098182025564056
10000.98669118172,0.010279880520482544
10001.022720883235,0.010528662346694709
10001.055427125693,0.010278967163155144
10001.087281308302,0.010747680903620474
10001.024182566973,0.01074421072779295
10001.058221680332,0.010730727059208637
10001.090630025185,0.01100382592664164
10001.12007412675,0.010788810871568565
10001.147403969766,0.010790200776082618
10001.171564162043,0.010278132851035031
10001.194849224945,0.01063452593092125
10001.116848408386,0.01122557437752411
10001.147416794956,0.01196721633396311
10001.174446035931,0.011499090394193686
10001.10226157597,0.010702777704358086
10001.129770001815,0.010374315448172857
10001.155171746183,0.010291607038541147
10001.179609092904,0.01063022524293546
10001.109796932711,0.010272399372160084
10001.138400622793,0.010995693965531529
10001.084395435144,0.010151341158488836
10001.11083529801,0.009542675334294693
10001.05691079019,0.008827994713999301
10001.018195033934,0.008342253072991983
10001.05229081802,0.010615016392572575
10001.00508272085,0.010257225858861487
10001.037864974487,0.009935676632358066
10001.070065484775,0.010451656500065137
10001.098413437847,0.009890327038782799
10001.049258669098,0.009857018370378398
10001.0794291254,0.010040278392587972
10001.111778301709,0.011537595062329313
10001.047670465734,0.010478932612630922
10000.989597400947,0.010603650994572012
10001.025644258048,0.010593654059117687
10000.98274293447,0.009793998033337154
10001.01572167045,0.009563543403883688
10001.050222629594,0.010686300740308106
10001.082400077945,0.010731125152761322
10001.034263231211,0.00991830500512705
10000.983911701587,0.009424479672694528
10001.014751766903,0.008963601406324882
10001.044247591502,0.00911775332339351
10001.073761630856,0.00971383984074629
10001.103839692527,0.010584943958853479
10001.054562318981,0.009792805770511915
10001.086665012546,0.010810499964403827
10001.115028544167,0.010293175928014228
10001.14353515815,0.011107296482454308
10001.170031263026,0.011149530794783511
10001.193501130676,0.010669132415008787
10001.125154876383,0.009855247709134065
10001.15080223116,0.010263180642130108
10001.175536685036,0.010624833296485213
10001.19743155594,0.010122039947504479
10001.134830050343,0.010771208454166058
10001.160658040899,0.010609302838068133
10001.103865394485,0.010315650681206861
10001.129984020152,0.009890057055329608
10001.153386073513,0.009486909201734109
10001.103962640213,0.009077040721279116
10001.059481805867,0.008837798509359814
10001.087196775565,0.00943717083631447
10001.112704935618,0.009268881107608573
10001.1382375339,0.009888816291590339
10001.16364784291,0.010536047016421225
10001.093223175883,0.010611752569999407
10001.12139865341,0.010389779796347816
10001.15058054144,0.011561721171962566
10001.08290353386,0.010402556373765985
10001.02263634143,0.010339136568633958
10000.978042751456,0.01023891829279018
10000.934062977283,0.011039960097035223
10000.97585193984,0.011076045800015444
10001.012508923573,0.010490447219065615
10001.046812641765,0.01055518342328835
10001.0006037678,0.010140703510488827
10000.957584594762,0.010312149241516648
10000.996273166567,0.010698969304477312
10001.03536807146,0.011641698128043589
10000.987890817165,0.010641782390517137
10001.02437889917,0.010687588670780705
10000.971826991412,0.010021743407691372
10000.935097620897,0.009341399585070069
10000.903279837756,0.008775350159742668
10000.939586025888,0.009126435747172262
10000.974606125503,0.009373454597580296
10000.937334546064,0.0094237922609886
10000.974630192919,0.009942581313827841
10001.00954371189,0.009968269541163418
10001.043282284241,0.010318525779623184
10000.996103856749,0.01042075448302785
10001.029541244126,0.009953654485958589
10001.065215893344,0.011374424040417894
10001.00147174473,0.01127784079754626
10001.03862808632,0.011179810130328375
10000.980305807618,0.010827931216960567
10000.93311302273,0.009825570321946676
10000.899137324668,0.009413440726534843
10000.938839763761,0.009911359298147468
10000.898885362465,0.00910455355141424
10000.933533883466,0.008646068196702992
10000.901447399114,0.008881377601945727
10000.936064896148,0.008675301966139283
10000.968952162322,0.008747619880969837
10000.999823111604,0.008719821575164497
10001.032027779213,0.009657983511867752
10001.060902444497,0.009255249778350419
10001.011580286951,0.0087933575667898
10001.047199515779,0.010939125062413407
10000.997479454634,0.010903531829497578
10001.032200241607,0.010363990276308941
10001.07121539093,0.012510208253328891
10001.005545540858,0.011496512719010659
10000.952137101745,0.01056451591316609
10000.990711993709,0.01056146311968516
10000.934004211502,0.011556225022646187
10000.976597488852,0.01128805502146404
10000.935367225184,0.010381153396521398
10000.899988602081,0.009751388085297567
10000.864220787505,0.008942208450522598
10000.901829604541,0.008873084310666492
10000.938850554128,0.009283546093729776
10000.898569455732,0.011014528208055839
10000.865039207183,0.010095178564272828
10000.834631482809,0.009995986330066488
10000.803791153878,0.00921620663810408
10000.778839091421,0.009856269534456102
10000.82351855465,0.009293237340447296
10000.793392084437,0.00931213056538505
10000.765557297265,0.011384678175482521
10000.831247095977,0.013416253943567585
10000.888671814098,0.01288025467477773
10000.937862204511,0.012069717595416345
10000.89000075599,0.010930710170819986
10000.85652105153,0.010301427557640746
10000.901598184544,0.010507833967574291
10000.862709876397,0.009683387436281499
10000.906498692233,0.010306643916127187
10000.946425193792,0.01009092171405542
10000.905353718364,0.009200080102695603
10000.943045728889,0.009507839792183335
10000.903516745566,0.00892210007792221
10000.867867742756,0.008834578292279077
10000.903337946158,0.008416799569083946
10000.871229841141,0.007960596150877628
10000.842722721593,0.007679102375048255
10000.881381888848,0.008822570441635102
10000.84996575747,0.009884936531173406
10000.890952189231,0.009457909078900283
10000.937748032455,0.01152516495320297
10000.980316893252,0.011356703912709149
10001.034332999845,0.015591070565560201
10001.079323813397,0.014492377666082783
10001.002805904114,0.0132081415461113
10001.044025508387,0.012435667864795979
10000.972768700283,0.013098063786644486
10000.925363302586,0.012032623395732795
10000.968181176293,0.01117694203148287
10001.008626601693,0.011407670318630225
10001.045154653242,0.011150802528647483
10000.985813043413,0.01088527988834146
10000.938058494668,0.009829820214280643
10000.972861073842,0.009289911541698068
10001.005637716775,0.009326756564325607
10000.966520561089,0.009283442525349258
10000.9262266816,0.00863710688210241
10000.964493834437,0.010004077815190129
10000.99847135985,0.009517404540804016
10001.029439211776,0.009262038928861573
10000.984053954364,0.008572326416775947
10001.017766956465,0.009801316160951543
10000.969879884386,0.009248769447574986
10001.011765032537,0.011851601246246733
10001.049810861829,0.011688786699257114
10001.08452174284,0.011565432637660016
10001.117456651402,0.011890480907838985
10001.14622464134,0.01128028628999976
10001.074300144328,0.0133559432575653
10001.111325252994,0.013046201979662154
10001.144779390963,0.012910848296942943
10001.070865791573,0.011463393592513665
10001.004329692225,0.011655296276257495
10000.943482724295,0.012064918815771293
10000.987545080101,0.011876277088506408
10001.028766172707,0.012065771350339424
10001.067205735457,0.012235824506738258
10001.100540556141,0.011553348812968302
10001.129573835096,0.010902212753744754
10001.062897377868,0.010590728761659214
10001.09236122412,0.010111073953949296
10001.120172037256,0.010233624024620466
10001.064626496354,0.010747767567333226
10001.096152201253,0.010861606632749196
10001.125884952411,0.011043548305643512
10001.062602545362,0.010110868907276234
10001.091102269822,0.009773624934314811
10001.117974406245,0.009857771677279028
10001.146474351503,0.01119032823632481
10001.17129481091,0.010531255446478089
10001.193821124109,0.010279566893913456
10001.21842177354,0.01205209668305682
10001.243342870519,0.013275758548280234
10001.26816749591,0.01450843705793293
10001.289621682665,0.013881263224260445
10001.310849660955,0.015135574729088021
10001.328365967609,0.013890781329347197
10001.343824140438,0.013509709538388388
10001.357460747722,0.013097357672391913
10001.369056113976,0.012202287512213948
10001.28006424658,0.012288071984681749
10001.29811243211,0.012309175690859417
10001.315210659868,0.012703774633081907
10001.33035635922,0.012294296312042251
10001.343448382615,0.011576051423213617
10001.35511996031,0.011183127223199404
10001.365273663165,0.01051252768530793
10001.290788171378,0.010329979282655877
10001.22786270489,0.009548772037624222
10001.244657518719,0.009257173196684008
10001.261532601244,0.009913205064741139
10001.279312110812,0.011183610208146117
10001.299117587763,0.013461642836606098
10001.201443504026,0.012222742338986426
10001.130004638157,0.012221460253268897
10001.061067915483,0.010942256373678811
10000.996158341968,0.0115689334077956
10001.037647974099,0.012351985431271948
10001.076374852408,0.01256408844529074
10001.113673283417,0.013206875661767316
10001.050818159441,0.012290929197680236
10001.086708702836,0.011985305333034093
10001.118421182335,0.011509731652856214
10001.064075669967,0.010545339762689397
10001.092859850067,0.009904533235686732
10001.047207865302,0.009240359540519813
10001.073953386678,0.008860198530621113
10001.101485489804,0.009693341854388849
10001.04730450965,0.009007861548189805
10001.07636664227,0.009629695868153754
10001.104090955336,0.00981661827128821
10001.133121868677,0.010999084411038888
10001.160313760225,0.011117543903181499
10001.184715102037,0.010775241511879391
10001.127895865748,0.009957876399359206
10001.152033282231,0.00973010547119986
10001.100229442325,0.009533962388168744
10001.124767920453,0.009207210607679627
10001.149730923751,0.009979025511738316
10001.088423167072,0.011323042405166198
10001.125936231008,0.013671711185689958
10001.158535205132,0.013072225978144777
10001.073465398338,0.012918034773376618
10001.003007230662,0.012286385173416594
10001.041037231576,0.01147803446852361
10001.074635362183,0.010980671936143585
10001.006725564474,0.011817893951236396
10000.95854443042,0.01140999486068334
10000.916250721675,0.01106816420098762
10000.956398841947,0.010316446228427206
10000.993053302813,0.01011434403399074
10000.951334274747,0.010153635193771268
10000.98928615927,0.01037568489618597
10000.946236518186,0.010558150546817054
10000.985566098845,0.010653351642864954
10001.024454602786,0.01133921302234896
10000.956857534515,0.012889021835704088
10001.00165329925,0.012371274826131574
10001.039823652516,0.011489095806788049
10001.07256276792,0.010671707352180043
10001.016407610647,0.00980768579809791
10000.964722060551,0.01000867319349514
10000.999140526828,0.009645026557202313
10001.03604726163,0.011053020890485652
10001.068680039938,0.010550464177517267
10001.021135481222,0.010032613500069806
10001.051296885586,0.009447788418679168
10001.009979054816,0.008993592784751927
10001.03824948526,0.008653843490244128
10001.063713689926,0.00827206592741533
10001.0234684839,0.008567158842393091
10000.976117917005,0.009045543017609986
10001.007491695998,0.008983065086156124
10001.036298951143,0.008773635361386336
10000.989526641426,0.008721312920395139
10000.943914155558,0.009317671809638014
10000.902767136084,0.00926913885445851
10000.938801703081,0.009050381143384845
10000.906559948186,0.008817218712503096
10000.94359817947,0.009361913938349628
10000.978753295087,0.009477444443929948
10001.010703546997,0.009194375219074059
10001.04286111469,0.00985830803459917
10001.071859064525,0.009515034959595473
10001.099859431297,0.009809982339465756
10001.12466537025,0.009298959250295414
10001.078378355747,0.008891867557997429
10001.033576415075,0.009295356278873687
10000.983897814313,0.00931049412194079
10001.015411300574,0.009159083356508646
10000.971531374978,0.010216289525780364
10001.008507718961,0.010495328075814636
10001.043540710029,0.010691823376996286
10000.998973223835,0.009839370344110173
10001.03089246069,0.009556147008546956
10000.983363590882,0.008952636047315388
10001.01499530698,0.009183939286671775
10001.044028715909,0.008979317936838193
10001.070136645729,0.008588675667839305
10001.029388466226,0.008576508065111229
10000.980775882057,0.009182781127837446
10000.9343169066,0.009663333205866346
10000.97269493852,0.010176554426614129
10001.007985769844,0.010039017421022894
10000.967527664257,0.009557300535734899
10001.002581307179,0.009874778622687673
10000.952961912457,0.00987290892308463
10000.911689785646,0.00911161086098573
10000.881236520483,0.008876566645183643
10000.918061863076,0.008927161301401755
10000.951268402547,0.008559296262964693
10000.905408671777,0.010162406787333328
10000.949534421254,0.011131784315078216
10000.988768727293,0.010691215097302672
10001.023901268154,0.0103082135433614
10001.054900851725,0.009766750517463854
10001.08259804991,0.009334054544885435
10001.03227960432,0.008636905941851302
10001.058538566138,0.00842136521964911
10001.083346039079,0.00842909630519835
10001.106664932058,0.008395057469479416
10001.128558517448,0.008349211845578143
10001.14837575789,0.008002838147920984
10001.107441207494,0.0075760791297084015
10001.062330963041,0.007426273340914316
10001.022049108242,0.007163371296784138
10001.045549586668,0.007375384845253745
10001.069539373666,0.007918285348797686
10001.091634870067,0.007699483431072216
10001.12016900583,0.01048111126731868
10001.148763039346,0.011292140697510542
10001.082023077997,0.010287263191818342
10001.110634935907,0.01026798002616413
10001.137764663441,0.010451526100593132
10001.072980122004,0.010158063804674516
10001.103685086917,0.010785785332541263
10001.137296461106,0.012721464577347632
10001.171978290356,0.014343048329686846
10001.201417427787,0.013462129135552104
10001.226654061813,0.01267821854410947
10001.249028644113,0.012278167978012598
10001.26821262437,0.011465838515466514
10001.284925392754,0.010815581525306109
10001.299606002614,0.010238733001494648
10001.313303687859,0.010253065528474645
10001.325582289397,0.009865166641878465
10001.33652991027,0.009415002210708774
10001.262006715056,0.008908610953144462
10001.19717085984,0.0085085674360519
10001.21567670155,0.009166476697495792
10001.159488318062,0.009421301551231998
10001.180505237924,0.009258237371861976
10001.122720443533,0.008491454756066523
10001.143431673569,0.008234436380474058
10001.162179101942,0.0078866069911199
10001.180221525767,0.008011237875045818
10001.197372391807,0.008045037778545157
10001.147264114898,0.008622356290425064
10001.170045570963,0.009687753796076566
10001.11906272608,0.009130634767297516
10001.14317222961,0.009493493488304253
10001.165724249888,0.009480212366841888
10001.186388373768,0.009272639672539466
10001.116026101341,0.01025108744797459
10001.054423658761,0.009999972800879702
10001.00208290076,0.009440570793393993
10000.96015131834,0.010021830822588035
10001.010471771055,0.013981821505632893
10001.054001951969,0.013338407779242353
10001.092300123602,0.012880607371285517
10001.124830293538,0.011968425238521223
10001.15399794086,0.011661781383565894
10001.179126450359,0.010893797667077175
10001.108335879651,0.0104237687503194
10001.046007841043,0.010245662091041944
10001.079308252743,0.011002528692527687
10001.108247914102,0.010318598432540948
10001.136183994755,0.010696591667716259
10001.074593702519,0.009681207440680824
10001.014658933524,0.010430808540444876
10001.046563348564,0.009860410722498228
10001.004525338716,0.009229600182486685
10001.033701428092,0.008832769358865528
10001.062998542766,0.009424363413726423
10001.012949174852,0.008889786404824457
10001.040325068441,0.008431120175422623
10001.065411802207,0.008186241638157168
10001.08888049702,0.008100321729311653
10001.1105440131,0.007904094523033211
10001.130614974769,0.007730383796152298
10001.150564116306,0.008100954359942788
10001.169116854138,0.007964009435966934
10001.189400639918,0.009195294184749705
10001.213008009932,0.011400878292800821
10001.134770762817,0.010972842664365025
10001.069361652068,0.01030436727404922
10001.10074183212,0.010930348006588481
10001.127940289343,0.010218372250421834
10001.153381117492,0.010256752110113008
10001.176493321425,0.010001851500123388
10001.113193292611,0.009357081113598542
10001.141234334655,0.01087405214619207
10001.17067603712,0.01230958198165055
10001.198400211324,0.01262776657447406
10001.222358613344,0.011915659221520457
10001.244250760772,0.011827567041969153
10001.26313183769,0.011073978347386765
10001.176452084828,0.011358424400718221
10001.19942663937,0.01065122975535199
10001.220131501028,0.010332682983024335
10001.238940932491,0.010081215748725867
10001.260049059583,0.012128362726279311
10001.172069991591,0.011575445937562013
10001.196579803336,0.011211147706332327
10001.21890198956,0.011035283643972466
10001.144008240131,0.012501356320929316
10001.075730582344,0.012722382143519022
10001.010392563843,0.011348714226026065
10001.046459029598,0.011049607223324176
10001.079319204442,0.010867874234516772
10001.016498329656,0.010843913735852166
10001.050125823942,0.010432485454102821
10001.082485031056,0.01078941918751794
10001.032014815011,0.01039756492016577
10001.065489144214,0.01072929131397419
10001.099811187369,0.011848510583299807
10001.129329620679,0.011064189843997244
10001.155425996063,0.010560477788816905
10001.08353626779,0.01096839745528429
10001.112526626677,0.010441614711300135
10001.138622702994,0.010102401137870285
10001.079120495559,0.009317270926321154
10001.0281566186,0.008800219876298365
10001.055826743677,0.008796390762770844
10001.082149841091,0.00888946949391672
10001.106686135705,0.008808047845742784
10001.052924839372,0.01063376131438331
10001.082847408408,0.010039442470955565
10001.109701471209,0.009656201354502228
10001.137992066017,0.01087267542178405
10001.074617705703,0.009933408844618116
10001.101912406959,0.009624766341785537
10001.12603065055,0.009087790230137376
10001.08018652802,0.008787580446380243
10001.106337813495,0.009343894570012862
10001.053817424727,0.008661902259559477
10001.079487991245,0.008630065787047803
10001.03290071124,0.008039386615374806
10001.057702756942,0.007964702462342287
10001.088205899225,0.01034478829401967
10001.121337145609,0.012068378221539623
10001.149546186736,0.011174468581147474
10001.090770342054,0.010858506301475038
10001.119684197925,0.010598152641938778
10001.147068241049,0.010800514851459834
10001.091031449687,0.010392126420218546
10001.041165852914,0.01012445550224472
10001.072208560428,0.010148342613134204
10001.099793436219,0.009672309882079832
10001.124679985587,0.009327639132277988
10001.149113057467,0.009764895665467104
10001.171343005204,0.009503038603889315
10001.191975856591,0.009416892861444877
10001.210946583918,0.009238266415487964
10001.154847092437,0.009468979990942145
10001.087025944604,0.01035679147345447
10001.115335429484,0.01028254118255407
10001.141093477489,0.010044354216558481
10001.16698063053,0.010819176338928397
10001.096507767836,0.0105659534128327
10001.123091211635,0.009882511364773083
10001.062470602117,0.009729010518089911
10001.012379604263,0.00890553171415462
10001.046198975338,0.01040339105126867
10000.988239306076,0.010611456974368666
10001.02464635936,0.01067111651488785
10001.05811603243,0.010561507331283375
10000.99528613261,0.01125749775471413
10000.942838961932,0.010589266935603308
10000.980285849704,0.010081525415757272
10000.935065243628,0.009415352566439146
10000.975551867086,0.010749902444782524
10001.01157732095,0.010303817938547922
10001.043766835164,0.009885755390077376
10000.9986527437,0.009955905041679623
10001.033100871151,0.010306666791854477
10001.071632265488,0.012378924682683173
10001.017871945473,0.011285644270544353
10001.057500316068,0.012329204935422175
10000.988698662028,0.012341096867252805
10001.031842858034,0.012657172826074077
10000.980233506212,0.01164464676946332
10001.018134535267,0.010937900819127728
10001.05290828431,0.010824727518887842
10001.001672511016,0.011119914404749878
10001.036921279197,0.010610121544896127
10000.977946414589,0.010983894081482747
10001.018278007732,0.011588348668789007
10000.971439734905,0.0108447448190738
10001.008326984653,0.010468224396575668
10001.04126204015,0.010047853289339758
10000.995104359876,0.010233345813949966
10000.944757148463,0.010169009908293253
10000.984168593504,0.010647083055442054
10001.018781360735,0.010065139538146277
10000.97692196065,0.009682552979740893
10001.009491022289,0.00933963745031345
10001.038398665409,0.008840096033096696
10001.066946735258,0.009276858961471342
10001.100107452856,0.01148613356526656
10001.13343851359,0.012502506350601354
10001.162618793729,0.011940812613908771
10001.188952857337,0.011708149321622873
10001.21304877102,0.011620061902384725
10001.234455164817,0.011189912240380559
10001.253685554791,0.010862792696748898
10001.270412717413,0.010186468727796223
10001.193613385823,0.01196231524029353
10001.118744394611,0.010794052240313028
10001.055021066502,0.012358575592339358
10000.989013646791,0.011892777354914891
10000.927163337592,0.012647972015783517
10000.97335437691,0.012095342970330979
10000.928364742678,0.011405315702844658
10000.890672133606,0.010559022809488092
10000.93565838655,0.011074395762431698
10000.887429277102,0.011070396195338417
10000.848644714899,0.010010746346711064
10000.89400754102,0.01044656284148768
10000.860883779893,0.010088262079862242
10000.829146779823,0.01055309277036297
10000.874172984048,0.010067672674967242
10000.917776771586,0.010451079873606743
10000.884199015363,0.009644697888259553
10000.924628684275,0.009848068593569327
10000.962978630188,0.00999787742232711
10000.919232815339,0.009448776249601422
10000.887683835104,0.0090304897172112
10000.924578592663,0.009038163535707773
10000.958670979187,0.008887152812516029
10000.99024642875,0.008749424568426646
10001.018558444817,0.008331089078615793
10000.983174553769,0.008188212858818022
10000.950960319147,0.008000645159127788
10000.915647063808,0.007830679073145273
10000.88780013207,0.008039589593214089
10000.925164322894,0.0091549000864118
10000.961772103505,0.00955258573930054
10000.99549006321,0.009396937595740073
10000.95403180711,0.010040545918753772
10000.99098790593,0.01015336588329966
10001.029381155091,0.011314048214658824
10001.064750877576,0.011273365761016374
10001.097880456548,0.01141745402738695
10001.044282642806,0.010757564624219835
10001.080542626576,0.011935023934274161
10001.115006440696,0.012324427809823915
10001.044118623407,0.01152635364417509
10001.079700528378,0.011707619612585585
10001.012937190993,0.011516866747078806
10001.048147008432,0.01084351446736202
10001.079534150089,0.010419475662213342
10001.108279330461,0.010254761609981278
10001.050685480628,0.009468322684818793
10001.079077465207,0.009478433264972082
10001.107958657316,0.010292104742025611
10001.13541876211,0.01050658507309131
10001.078239702467,0.010798370407248077
10001.027247247745,0.010582280221347915
10001.062846901952,0.011295435311053726
10001.094791316475,0.0109610619248561
10001.02130482745,0.01235500367759613
10001.058266999175,0.011582163507011177
10001.096464423086,0.012970761922081289
10001.03730203706,0.01190261488901201
10000.973607463222,0.011854519329018863
10001.01413024454,0.01154730884854601
10000.959605652231,0.01060521003939181
10000.998271371114,0.010732639703327131
10001.03730632193,0.011670138567420645
10000.978331187373,0.010976073079730543
10001.014461514023,0.010388869080401944
10000.969906149694,0.01039269911102568
10000.931249547788,0.009871741903732413
10000.885927139396,0.010509554995280163
10000.926500902562,0.00991098103392583
10000.887127844371,0.009231647097303513
10000.922992557871,0.00877786170497166
10000.9551846722,0.008368725941597759
10000.986394992233,0.008592908029534906
10000.953385737688,0.008143814407123374
10000.982686126568,0.008040511627857475
10001.014237357802,0.009148574836411816
10001.046613656594,0.009997567529959683
10000.994469711903,0.00953945150514112
10001.029586655497,0.010419833713509657
10001.064876909973,0.011252950694003337
10001.095300088142,0.010487783410631958
10001.046555128412,0.009825960526635267
10001.002974509087,0.009568429692154743
10001.03357331502,0.00923457845531804
10001.061374849132,0.008940805170678833
10001.014484034675,0.008352852738113127
10001.042931403457,0.008788805357672558
10001.003785351337,0.008652154258539437
10001.037013649106,0.010044533507071738
10001.066378363494,0.009513686849840402
10001.010090990036,0.009938122125741746
10000.96315847923,0.00920081156557536
10000.92260332876,0.008756214619449747
10000.88682722195,0.010158776623366336
10000.852588525435,0.01062139205464142
10000.900076991584,0.01100269334458926
10000.945404759723,0.011333396328359314
10000.98464251603,0.010612538692456033
10000.943577493792,0.010167912441973573
10000.97971311145,0.009741415180445644
10000.943684152158,0.009012626529916109
10000.979002168677,0.009522832215349622
10001.01137835722,0.009321398266059346
10000.973357417808,0.008921990273875715
10001.010039767141,0.010447982343457477
10000.96735768058,0.0100420608691203
10000.924681225075,0.00913143343493353
10000.890384945951,0.009690924043186454
10000.927442162034,0.009118184296142596
10000.96362919162,0.009480360022847899
10001.015408074278,0.014480341355885353
10001.05980330062,0.013742044796864831
10001.001532597284,0.012490966724650292
10000.935010482868,0.013263766857041955
10000.981907382124,0.012450735235133653
10000.934866821719,0.011713593644747076
10000.884522155298,0.011577030921973862
10000.842542269844,0.010917416558765264
10000.813144992284,0.010298505082851928
10000.782518520524,0.009780284697390179
10000.827603310536,0.009425634940232993
10000.871433968921,0.009777857120308972
10000.91012240576,0.00923254716090603
10000.945451261521,0.008983776322247939
10000.906230590048,0.00880470544403164
10000.871580635365,0.010235552574727228
10000.91474507369,0.010303097124469352
10000.953068046905,0.00982212318779188
10000.987856509211,0.009540984607870593
10000.943885946132,0.009013011459050495
10000.976085901826,0.008685256775369118
10000.943911437818,0.008109745880269166
10000.976967178372,0.008916495357379728
10000.943286001246,0.008473835178751643
10000.975379202853,0.008647133450849788
10000.938811846585,0.009230699883103429
10000.901429701105,0.008518946279804067
10000.93580870556,0.00861527990587312
10000.901155561054,0.00795145761543683
10000.931709983037,0.007653345341944255
10000.889107696676,0.009868265278740376
10000.850025760932,0.010043989383139027
10000.910011943206,0.013843513789212955
10000.863136329604,0.01371929214587236
10000.920600711492,0.013534540724930405
10000.87518097078,0.01295853463076381
10000.837762413548,0.011968162613396257
10000.7941392864,0.012915329059242696
10000.855405096121,0.013019383684493485
10000.907038459323,0.012015305168846998
10000.86905016133,0.011199422695679346
10000.91307393115,0.010466070467655339
10000.95155150007,0.009833666698931555
10000.909835275454,0.009238420115997284
10000.873857377748,0.00877862396425889
10000.846267851648,0.008855631395819921
10000.883145885147,0.008461730142731164
10000.919435004449,0.00882440071980967
10000.954667140779,0.009102891993156958
10000.98601959112,0.008623847750314982
10001.018288860558,0.009417460922588905
10001.048806956309,0.009503027827034608
10001.001374193036,0.010371464004289906
10001.034499959856,0.009965118037700057
10001.069841297958,0.01138818530187627
10001.108895905863,0.01361867412627172
10001.045634222983,0.012467487254614754
10000.977921665057,0.01240988102894361
10001.018195137303,0.01157110041282359
10001.058071872456,0.012414798471134431
10001.09297992878,0.011848552111608669
10001.029406607093,0.010720990475804599
10001.06415143943,0.011074793928837295
10001.094258539208,0.01036154613164766
10001.124754494635,0.011274157945429462
10001.06063746099,0.010262756681963962
10001.007899094117,0.00940685746903654
10001.037436433198,0.009003439760733319
10000.992202823436,0.008416550677945164
10001.019523481587,0.008070345625985523
10000.973767774592,0.00880724521936845
10000.930817836259,0.009065609911888933
10000.964644954895,0.008914664089326037
10000.995246501914,0.008574182862384289
10001.023184698903,0.00830252700413728
10000.978864566765,0.008471221010678652
10000.940829031284,0.009531430334231024
10000.974623051,0.009065390088420108
10001.006260658865,0.009032830977399868
10001.034341183513,0.008530976461128353
10001.061146620856,0.008634681571457315
10001.092609926392,0.010754151738787812
10001.122091943256,0.010855204424369741
10001.14776548731,0.010190392979097967
10001.170756327014,0.009790709971044451
10001.118259130457,0.009391880975414615
10001.063472444499,0.008861443892898247
10001.092970550926,0.01013616645356966
10001.120423631734,0.010117111011352946
10001.146311805845,0.010230421178705328
10001.169617472538,0.009883988388185017
10001.191139404918,0.009771369817341818
10001.121579783927,0.01006448489227055
10001.14736790808,0.010222018958417275
10001.083014060638,0.009940846099663773
10001.115887422191,0.011825348932756578
10001.058816988705,0.011119649097601393
10001.090052838192,0.010620031376926164
10001.118936156008,0.010568429485943888
10001.15111509939,0.012666752785312194
10001.178686859943,0.011854236384770716
10001.202851887592,0.011281064156405035
10001.225120050893,0.011240941320173907
10001.158278779276,0.011061551234306726
10001.183292221442,0.010979758052348224
10001.107574734335,0.01108127456032784
10001.038712010328,0.011334033513256176
10001.071127419775,0.010540728408222186
10001.10059446619,0.010306224193840806
10001.126502057046,0.009729806673756272
10001.152176124935,0.010310927425038611
10001.093882233316,0.010726039680026028
10001.035785968419,0.009782455449336104
10001.067254853413,0.010168440477957993
10001.094751460872,0.009530993360545966
10001.121951884257,0.010068052352378998
10001.073637740892,0.009321777697857945
10001.099144695827,0.00897369117133221
10001.124095177218,0.009336466724277372
10001.150328368696,0.010468018719674269
10001.178652212264,0.012150189362570908
10001.202796025127,0.011269945111127786
10001.224548352155,0.010978483903301283
10001.243991035026,0.010587710959673164
10001.154899729412,0.01197478214386395
10001.082959746023,0.010984885190619303
10001.114051959043,0.011183169749920749
10001.051823533733,0.010134065105301848
10001.083659351934,0.010655117101670402
10001.033340399683,0.010345545308417536
10001.06390107558,0.009823223140818897
10001.09079136175,0.009249146695154378
10001.115531332047,0.009068712626125523
10001.140430420064,0.009714349994834155
10001.163099578647,0.00945678938735704
10001.183841595304,0.009235080461445113
10001.203490446156,0.009322313068615924
10001.142955020354,0.008605010364238089
10001.162378277533,0.00816000432186459
10001.182449082711,0.008917141807990673
10001.126252292785,0.008234576227102197
10001.076968189207,0.007869688326209026
10001.031703402388,0.007845282923039893
10001.058342058723,0.008532623278516081
10001.084521286475,0.008891234133808799
10001.024423042756,0.010281617643211997
10000.971455996303,0.010100060854378937
10000.918726414293,0.011184412208768505
10000.874800344667,0.010490398533970111
10000.917841433899,0.010326562610213681
10000.962224256988,0.01143575625444172
10001.00357417051,0.01153359389888164
10001.03935000924,0.01081002536673624
10000.973275466275,0.012250772565815492
10000.928427303435,0.011371346972754739
10000.970506152406,0.011042912622587322
10001.014808185691,0.01255029689786402
10001.052759797618,0.01173297162282161
10001.002754841553,0.010855700348815658
10000.960977577904,0.009971602903504087
10000.925017606867,0.009360968366700731
10000.960309564605,0.009206879591298536
10000.993731758066,0.009289267865961362
10001.023876708943,0.008931515463498477
10001.055068132951,0.009826684997730215
10001.000413268626,0.009846514523370768
10000.962444945224,0.009104872100650623
10000.9952347173,0.009149696887397541
10000.956070235685,0.009489919889731432
10000.988723050355,0.00900469605055315
10001.023839124082,0.010302461440102478
10000.980085076266,0.01002308818992415
10001.013918099801,0.009761123019556783
10001.045070610615,0.009613352441538913
10001.074403264261,0.009671606516562568
10001.029120105575,0.00946021615882762
10000.980729766223,0.009145435760548463
10000.938424452608,0.008800227609457777
10000.908042274632,0.008315825760540203
10000.881058761368,0.007935505198957995
10000.91379252785,0.00793300666661568
10000.946433841273,0.008352327880606226
10000.916425783798,0.008066070633552311
10000.883141240425,0.007992911262695914
10000.85745930124,0.008043594312006045
10000.834228306177,0.007798704349954368
10000.871510892439,0.008399858376722517
10000.904936537298,0.00797761913212502
10000.93548639448,0.007700823298434769
10000.964155862705,0.0076179213244292505
10000.997240010047,0.009261316409155253
10001.027011751417,0.008882491238250233
10000.99002440258,0.008421978919280999
10001.019305673768,0.008612550680090645
10001.04733956945,0.008747938394113046
10001.07402153844,0.008841716832937224
10001.027249951581,0.008148054336988326
10001.052441788357,0.007993178486095138
10001.076044567979,0.00791051722713169
10001.098667797907,0.008004342515310429
10001.119768632887,0.00788654693161637
10001.141390822104,0.008529881180087755
10001.160911491528,0.008165157486221266
10001.111592442021,0.008954732996438931
10001.059302639858,0.008549778998253186
10001.011223306405,0.008596300111580761
10001.041255733313,0.009216609742700754
10001.069172095913,0.009128080052387987
10001.095945609426,0.009321650220130559
10001.119814070558,0.00886085946196458
10001.074891685717,0.008697263319579127
10001.022221644636,0.009161732964430815
10000.982481377227,0.00913181622816802
10001.013876079953,0.009099586375701038
10000.975713201786,0.008911769896875362
10001.007377062539,0.009059123992813004
10001.041963982318,0.010531458387904188
10001.07527784896,0.010909797054022674
10001.10654384287,0.011042275697072298
10001.051195079712,0.010950323966225604
10000.994611244521,0.010265664058618227
10001.027382987122,0.009726693237499136
10000.97738327831,0.00948072084857929
10001.00877739118,0.009010651085290252
10000.963328379354,0.008932985744865951
10000.998524065371,0.009837212737958628
10001.030379359892,0.009528461583365436
10001.059135849302,0.009185016677677146
10001.0117429368,0.00847609978166824
10000.977821836836,0.007954251447547652
10001.00495219774,0.007793420756992559
10001.030477286084,0.007734128369049839
10001.059751702467,0.00935239622581124
10001.085712200153,0.008845178219979958
10001.108967124681,0.008419844080583931
10001.131483358038,0.00863721496752032
10001.080626032572,0.008053628780497965
10001.03213622481,0.00835129757222765
10000.990924872553,0.00774451171255839
10000.958690587624,0.007879238571486287
10000.98648969774,0.007703295789850527
10000.95155326421,0.007181330599658956
10000.976999504064,0.0069595381444934505
10001.001181070264,0.0069354330599787324
10001.025201278708,0.007223124568736927
10000.972085137279,0.01011348288395939
10001.006341607866,0.009733521351518774
10000.967835334888,0.00912576151287838
10000.999451508686,0.00891157639829802
10000.957734009193,0.008352662624465898
10000.987172623069,0.008143221511545546
10001.013866105315,0.007807739050335957
10001.041875233877,0.008642411751601149
10001.06873447269,0.008794298234800947
10001.093797849195,0.008717382302994738
10001.11879670058,0.009231432429666992
10001.144371881493,0.01006359898427866
10001.166984146177,0.009537602698053677
10001.187851668888,0.00939933751172415
10001.137387337243,0.008803816391398472
10001.157616062923,0.008367906484350643
10001.176103472751,0.008099420486844493
10001.122395808321,0.00794370486094274
10001.143083137185,0.008217862507891378
10001.162487043692,0.00815480096130128
10001.180725824726,0.008105813729742109
10001.120621216753,0.008829488435829275
10001.14190616618,0.008415711566050007
10001.099428365496,0.007940936464728598
10001.120352692427,0.007835425100944727
10001.074095781425,0.00745655037332406
10001.040348381692,0.007054028437516572
10001.001819324907,0.007130410322195402
10000.964124049482,0.00751172255696055
10000.990556357656,0.007398813516753984
10001.014645968282,0.007092917240617375
10001.03703082128,0.006918100459166358
10001.065954183141,0.009371043426750209
10001.09162408969,0.00887115099987324
10001.050305693083,0.008380672253027702
10001.075620903746,0.008444139810588482
10001.100334381907,0.008735165697084001
10001.124049997561,0.008900796533782418
10001.150673721106,0.010622578815672572
10001.175805443585,0.010791510972777005
10001.105142580811,0.01045609552938217
10001.13098316278,0.009816422604995463
10001.153760777595,0.009258770542821494
10001.17405430488,0.008791693418028905
10001.107580497239,0.009861788161647561
10001.132096386205,0.009371051436250865
10001.154746228362,0.009234691359579938
10001.175390075212,0.0089689882689885
10001.19417597602,0.008680834767712673
10001.211756294282,0.008622761891187231
10001.23041744987,0.009711134302169579
10001.173936924484,0.009279163644763905
10001.194244592412,0.009342211424453585
10001.142630323193,0.00892151321608487
10001.163463820312,0.00874451519154921
10001.184630806918,0.009434492284933033
10001.123343890276,0.008951819874594678
10001.147794611523,0.00973728579533403
10001.087549021297,0.011160128069127745
10001.116620165569,0.010572581629965947
10001.108494884213,0.010450955864822389
10001.10125420768,0.010010623889089456
10001.094590256085,0.009872110622382796
10001.088668291946,0.009390973845112711
10001.083369243497,0.008964391329014184
10001.039686901344,0.008985528662734846
10001.037300397918,0.009019991523098722
10001.035163432793,0.008593601857167493
10000.998374103194,0.008249292237396332
10000.972281737924,0.007853246718582178
10000.946480898227,0.008194528062338176
10000.907056363423,0.008830060806468434
10000.879155393375,0.008225191169003157
10000.850183054372,0.007641283629302315
10000.830988418245,0.008221972431580285
10000.809848311306,0.009580444106779227
10000.786528278204,0.009031528880788486
10000.762461289049,0.008399516203708447
10000.746775824206,0.008964444756671006
10000.725101208798,0.00878311944729435
10000.709332259197,0.008406325147005055
10000.696521210115,0.009179938962803799
10000.679047415877,0.00889155640147488
10000.662952181901,0.008989369602270876
10000.653358436044,0.008831191222327039
10000.642285076574,0.008664688886934474
10000.59804065868,0.008266314041641907
10000.592919793191,0.007834808883346473
10000.585431376312,0.008059011563764245
10000.580382246126,0.008865238517720617
10000.539991880647,0.008351123573906586
10000.501923884482,0.008459681901797935
10000.501771551231,0.007918004049681845
10000.501639815158,0.0074361989119059784
10000.468424828454,0.007945538380400345
10000.470030430271,0.007627520637750687
10000.440487613341,0.00754235854370323
10000.443543038416,0.0077011490727374055
10000.413373774632,0.00816225561123475
10000.38684189866,0.007702049118878067
10000.393192034586,0.008417606672293654
10000.399246559677,0.008502912308025138
10000.4073645374,0.008057270994508092
10000.41489209779,0.008126002914103063
10000.420550659228,0.009973036508301347
10000.34330709397,0.010069220784455664
10000.353616477278,0.009869033227445336
10000.363251720753,0.00987328692879585
10000.371878234617,0.009462474310822104
10000.379881082183,0.00936942393296008
10000.387494616898,0.009507496638856859
10000.398915622687,0.010151519397904388
10000.405935827788,0.010417344333536386
10000.412991951815,0.01125209077132582
10000.42005779972,0.012181369514431405
10000.426128986413,0.011391705517578038
10000.431443244048,0.010790953126589826
10000.436071751057,0.01012702601846163
10000.440261628155,0.009831046134261195
10000.446217350664,0.009969676650300479
10000.45135154949,0.009546199173361396
10000.454341404018,0.009218755679334412
10000.457133026452,0.009171183562952465
10000.459678115185,0.008905767739814557
10000.461965931492,0.00851082353305109
10000.394405470812,0.008427798757043336
10000.400688015043,0.008924530863483606
10000.406611048278,0.008946100369898576
10000.412176134461,0.008938561917918671
10000.417209678517,0.008597111999095792
10000.349826216174,0.008815885473599025
10000.36228913343,0.008298996628950766
10000.369813476118,0.008195804957712681
10000.377354022072,0.008688164177415539
10000.388985679958,0.009483929340330996
10000.395810195407,0.009221128562519307
10000.402291554536,0.009331084486469713
10000.410643147645,0.008547462882299673
10000.415771373997,0.008608561429940946
10000.420394954237,0.008233982541949767
10000.424841457816,0.008378558549385483
10000.354168101396,0.00917000713873387
10000.362967865904,0.009051275397897122
10000.370941274849,0.008727962601919766
10000.305879670723,0.00896431564394705
10000.317050742968,0.008632072916200093
10000.254830808115,0.009138223355829091
10000.195034680859,0.009506150508803315
10000.143020953463,0.008980339340462913
10000.167291979387,0.010198508634936241
10000.114434087503,0.009505504669464298
10000.137680815165,0.009043873009045597
10000.173499678593,0.009885996912673752
10000.120128090615,0.009509418876883582
10000.144731177219,0.009715019455999965
10000.166776003365,0.009307667067886854
10000.187533572496,0.009343971025728388
10000.137112631754,0.00880031627729343
10000.157274248648,0.008333832475030058
10000.175463781688,0.007960971550077222
10000.192224515293,0.007746778013447979
10000.14754009617,0.00774622998231174
10000.165086758627,0.007467514289836254
10000.125692044188,0.007107893325638504
10000.143770745117,0.007244850389370926
10000.162711077617,0.00797534126117028
10000.182099840727,0.008622620766985577
10000.135013301226,0.008283808913064216
10000.163044062334,0.007679940447925905
10000.18173559688,0.008320762059532022
10000.198670035084,0.007981306441388135
10000.22123189607,0.007487426944558724
10000.24128555258,0.0071936696584940065
10000.253275215244,0.00695148422318942
10000.26700018634,0.008344300175098057
10000.28083464904,0.008906313581179508
10000.300589912627,0.009013862593138093
10000.240823987828,0.008958282964595847
10000.25665052939,0.009159725912196486
10000.19459666089,0.009841352025592196
10000.230015440413,0.011597377954751449
10000.251116333226,0.011723388651780419
10000.269554368613,0.011112441985175742
10000.287100207634,0.011420810354799898
10000.216144253807,0.010817827738425155
10000.236910634298,0.010973732662977001
10000.255984838901,0.010875128619290951
10000.277858118292,0.013445852683450289
10000.297743255082,0.01342732174351113
10000.315196831452,0.012944124343995179
10000.342077972948,0.014545822837609808
10000.356858890429,0.014039445058363891
10000.266092594022,0.012711492744724644
10000.284728273022,0.011950676970607225
10000.302413392605,0.012322881293379773
10000.31833495152,0.012087022843817647
10000.33941415858,0.011603336599610676
10000.356369716032,0.010558563135395417
10000.286586645836,0.009778449969352001
10000.306057422322,0.009123504272667298
10000.318495667894,0.009620047635631816
10000.329729836092,0.009284214928582892
10000.344554061407,0.00870629649657129
10000.360615446965,0.01033245751198483
10000.286661845816,0.010311727693553124
10000.301149446299,0.01018636390155812
10000.313880371677,0.009603386921777817
10000.326776962424,0.010393791505636537
10000.34379232912,0.009822808175402977
10000.35439903468,0.010185196572147432
10000.368280350454,0.009533807514864406
10000.379844108485,0.00877906832454949
10000.318945199093,0.008305868115206979
10000.334342514027,0.00850422902707801
10000.34386050082,0.008618373087498007
10000.283168237203,0.00863065829833585
10000.296389667268,0.009146328397712015
10000.308573349923,0.00897573504032406
10000.324590836868,0.008367427910127874
10000.334183683375,0.008203260026183375
10000.348839538163,0.008838608338915204
10000.284623358775,0.009078207576507876
10000.304092317558,0.009039494102820669
10000.31651563125,0.009512118312611962
10000.328045815444,0.009426021633057531
10000.343487366004,0.008980037677443802
10000.315075146425,0.00827169275790961
10000.261101439739,0.007946316153420839
10000.241296022661,0.007585334304185259
10000.196546426074,0.007244004319936352
10000.148059125999,0.008353321173263472
10000.136628923872,0.007720025395128864
10000.09473659461,0.007896404518892959
10000.08778351024,0.007339386009197376
10000.053531064461,0.006992869690740339
10000.021818138544,0.006875045240295271
9999.991713777543,0.006922954671970866
10000.015187579038,0.006927337528888284
10000.037081123057,0.00677381902933781
10000.00837722699,0.00641330961013979
10000.028693534565,0.0061987489259362274
10000.049656498972,0.0066717622009379
10000.06969016339,0.006672794557305152
10000.038188046594,0.006635631538776908
10000.007882270094,0.006757290881959487
10000.038280718341,0.009265602436365072
9999.996329268364,0.009352320872098942
9999.9966462193,0.008634543959462067
9999.962449309101,0.00826268088722304
9999.931179746533,0.008114073120027888
9999.96318531711,0.008439987073817127
9999.932027455712,0.008072240698471308
9999.961552469342,0.0077974755804528055
9999.988233226199,0.0074326899106679
10000.01301666974,0.007264083409855173
9999.976814981079,0.008467956102878616
9999.94274838116,0.008573539323506211
9999.910076597609,0.00885517416408594
9999.877768342561,0.009454308361723278
9999.914892463492,0.00894942916032524
9999.95166299182,0.00942660776860133
9999.984182517523,0.008895859266492464
9999.942514824204,0.008605782284534956
9999.905406784843,0.010062859998889912
9999.86821979785,0.00917275891323818
9999.841634356455,0.008663990872160948
9999.88039075103,0.00883013754333113
9999.915440818559,0.008485202792091712
9999.947871799215,0.00832190692221575
9999.982926979199,0.009523652278582059
10000.0155395947,0.009460737900597338
10000.05088612984,0.010944094115833816
10000.004084289856,0.010194885102158761
9999.961109845844,0.010230299545691117
9999.92440631915,0.009551787373189506
9999.88806481337,0.01027548482858053
9999.85166706006,0.009379297492733342
9999.823926268777,0.009466041412861687
9999.867988615202,0.009776081599568909
9999.840000415128,0.00912686933834593
9999.879746555742,0.009033219457628838
9999.915170578293,0.008566826080292357
9999.947065937153,0.00818068252259165
9999.977551760947,0.008270196894019585
9999.943569588217,0.00853909682924125
9999.906697720788,0.00831253278137408
9999.938314964355,0.007993541742708034
9999.968104867057,0.00795550018553407
9999.99656563206,0.008026233906151104
10000.023332529869,0.007975289187486736
9999.989212842469,0.007823634599916926
9999.953255154382,0.007350111232921469
9999.919450432018,0.007458210245509792
9999.885922381267,0.007993328458559292
9999.859865577851,0.008102189874568908
9999.896385217815,0.008557493246818952
9999.929656753298,0.008268071739980834
9999.963943759209,0.009017466089405846
9999.998784467314,0.009749175213380546
9999.959260871083,0.009508779560215952
9999.993718129788,0.009558377652797588
9999.95032938859,0.008788160405648502
9999.908421240381,0.009306109987490242
9999.947011979608,0.009785021503607874
9999.982804566736,0.009708868675816988
10000.015430220374,0.00946228007968455
9999.976351120658,0.009098209186261029
9999.936045662987,0.00846129166552583
9999.966874556965,0.008199837811763583
9999.99492618483,0.007892596826445225
9999.995365044178,0.008649494181035739
9999.995734029084,0.007960915277363038
10000.02127150021,0.007596429047360005
10000.045719137484,0.0076601781440960685
10000.06794456728,0.007338663686306973
10000.095869090022,0.009694770842296089
10000.120507751375,0.009145054514556751
10000.11026127993,0.008502748850349249
10000.10127053136,0.008154039727635651
10000.123934673598,0.00852613514405936
10000.11242606469,0.009286028336156377
10000.102831929757,0.00853372833031329
10000.09403250917,0.00855708981333327
10000.086119231768,0.008415469790367107
10000.079395604758,0.0078073467110336345
10000.101765614747,0.007977808924946529
10000.122935854055,0.007974037435619396
10000.113469475114,0.007700258816306035
10000.132573221887,0.007413546489543692
10000.12323101035,0.007046831482062438
10000.115104707173,0.006594365455088352
10000.075165265922,0.006493112601130161
10000.092832637385,0.006237968572011334
10000.110406422495,0.00647416273599148
10000.07204580377,0.00754132669211144
10000.029588041705,0.007422091340426125
9999.995375782106,0.00775219761135312
9999.964972108679,0.0073649963178174255
9999.930905093668,0.007326679251200729
9999.899935149073,0.007187184614532248
9999.87148759252,0.007113042356860528
9999.845841361011,0.008284389150318417
9999.7883180943,0.00816085890742131
9999.827848715962,0.008331802736171802
9999.760907410975,0.008086176096712501
9999.807659175049,0.009488343835629147
9999.850435736827,0.00926781151089578
9999.77383730013,0.00900696353416426
9999.71316243285,0.009408933987056918
9999.760335710318,0.008992950915790254
9999.818250845015,0.01174488254458116
9999.731194349524,0.010639340737904802
9999.67004203944,0.010036014658363925
9999.72332156635,0.009629317888429098
9999.657852850694,0.009051121755655528
9999.70797174263,0.008926983599628147
9999.646087115349,0.008741115436527929
9999.601890094957,0.008208865834209239
9999.560886960091,0.008174874823683172
9999.6110189428,0.008007339997072805
9999.65984499101,0.008238541386520892
9999.70785846119,0.008572252084201506
9999.659144080048,0.008258325721157965
9999.602301493447,0.0086236967486428
9999.652331569932,0.008359723691160897
9999.607028095666,0.008333824641314904
9999.658551095592,0.008654751567511441
9999.711910803278,0.00951211191915451
9999.659068064959,0.0089071953524967
9999.605049896263,0.009835372988273307
9999.662039725972,0.009551900626192532
9999.605320012462,0.01028090211822011
9999.55676036643,0.009626573389400974
9999.616408914238,0.009485693616811858
9999.570983671669,0.00884320291676944
9999.6227089974,0.00835162808558249
9999.672308598749,0.008480584184978369
9999.721278004099,0.008874576673710274
9999.76703156069,0.00881320102013044
9999.7065073234,0.009468852191998198
9999.756823763184,0.00951170211141887
9999.700869785687,0.008871916589061262
9999.75001838029,0.009225391630022457
9999.693172753541,0.009095077386240276
9999.74049218205,0.008797316039713272
9999.63968736921,0.009751433919500835
9999.705040045352,0.01139458037742775
9999.593934613955,0.011064073612352001
9999.66402954834,0.011604284105471431
9999.510208509259,0.011092666418133498
9999.584329589687,0.011232832539126988
9999.656168524947,0.011768252165469237
9999.718080919072,0.01100558511193891
9999.772009584445,0.010345443669489484
9999.697829587541,0.009608688596345578
9999.747735817544,0.009332099992652984
9999.613104102007,0.009243848928591963
9999.559792976408,0.008695281180706954
9999.453781567103,0.008155806128719344
9999.509719893336,0.008020073697054457
9999.56063697709,0.007712527507782326
9999.456571519999,0.008001767889877644
9999.358940537024,0.008043352349061133
9999.424933134283,0.008675174178108645
9999.38252874077,0.009979074374672315
9999.26322594805,0.010355180839512796
9999.343497123653,0.009735550581304923
9999.41473990491,0.009240285871499812
9999.487099926711,0.010001292150398872
9999.441755868478,0.009308984819357753
9999.3377867701,0.008653539810819493
9999.30815682853,0.008771788652781961
9999.376696609143,0.008626107308284881
9999.340152072302,0.009701318236974234
9999.420701578583,0.01041725010112074
9999.294996956602,0.01061767993027778
9999.149041676776,0.009757472576540988
9999.237021989573,0.009768655844400466
9999.329257272484,0.010954499858603787
9999.4162873678,0.011150626000396515
9999.499006228725,0.011449372066133254
9999.570855256905,0.010766654634807936
9999.387601999784,0.010618989802042242
9999.464846698997,0.010415970614406389
9999.539777830641,0.010857976046450543
9999.611266226379,0.01116747738456105
9999.426248845284,0.010516004781383037
9999.496805352956,0.009856544604735335
9999.559333952106,0.009349421769811182
9999.391919969485,0.009755424997467198
9999.468335453692,0.010344309359719939
9999.538406417578,0.010188044767468245
9999.624775248263,0.01347276525100159
9999.700288174387,0.012941748843519153
9999.766437917524,0.012407546259423537
9999.825758838067,0.012130040925172692
9999.87850897315,0.011735445281633668
9999.784355854741,0.010717376974704176
9999.562590245447,0.011649618013843384
9999.636888636709,0.01188888704765538
9999.709930495022,0.012693934077443226
9999.628403011038,0.011483868428724267
9999.694775824204,0.011422620891280912
9999.498596568192,0.01072615729670551
9999.575130161773,0.011463950164813098
9999.650427849752,0.012212154327158794
9999.715138729714,0.011425318016096102
9999.511135497576,0.011051401669914179
9999.544878594608,0.0103535121282403
9999.574611356222,0.009799394599209515
9999.51878087596,0.009716215953102018
9999.471578525887,0.009098706652503672
9999.504714220486,0.00940604126335069
9999.534992304558,0.009169882921659924
9999.563396626045,0.009162532716795202
9999.58869966846,0.0086931448284131
9999.612698022893,0.008752128040701905
9999.634103493796,0.008290225263896061
9999.625919389855,0.009154240180604404
9999.5636977631,0.009940837073072216
9999.55947201162,0.009951098613307898
9999.504475767408,0.009830026001387911
9999.349004459029,0.009307449513185054
9999.208464561716,0.00912100973858651
9999.226829486512,0.009449069847665283
9999.244182892711,0.009528886909336415
9999.222704289396,0.008796113060069789
9999.238479080153,0.008533195874690949
9999.253432430784,0.008576761644771736
9999.187558954467,0.00874311665186694
9999.206220767092,0.008959360281208514
9999.073231342893,0.009353262609170616
9998.918094300305,0.011833253382946038
9998.96181805613,0.011270835424648726
9999.001673858293,0.011108455778695885
9999.03636212016,0.010441433520452428
9998.91253703825,0.009671554403904728
9998.872891546613,0.009610165381893597
9998.761201005447,0.009762508169690865
9998.731451963946,0.011389328862330936
9998.706853339698,0.010627960907334444
9998.759806328006,0.010014476065568911
9998.81114733169,0.010404237220396842
9998.858410972825,0.010291817824845534
9998.7412540981,0.010349463636776248
9998.714606556714,0.011045425382147152
9998.610934140266,0.010242567772218419
9998.553083456005,0.009469217784429327
9998.470482313984,0.00941248956666249
9998.545672301732,0.010955128129988915
9998.453738698514,0.010550181321478063
9998.524938775785,0.010207786119375315
9998.591558245922,0.010248505706600297
9998.653559781389,0.010237563694422214
9998.716402007498,0.011136443790127048
9998.775030167984,0.011222877236996496
9998.826338976982,0.010616057399635963
9998.74236527231,0.010162137695465905
9998.672407983528,0.009423566994747798
9998.576722539614,0.009793735142532232
9998.51846020788,0.010102315711935334
9998.43621997462,0.009689949509058885
9998.50894978974,0.010255383639443331
9998.394891229435,0.013565617809695452
9998.344077729089,0.012867720668065767
9998.437159863863,0.012078943859232836
9998.51744007767,0.01133005017573869
9998.590228195213,0.011112011983406318
9998.661364871057,0.011728766840824465
9998.532248116097,0.011117673538997388
9998.424700626023,0.01250251621434498
9998.333879041202,0.011786074186402849
9998.421534743396,0.011275292867323573
9998.340510317712,0.010550802508404372
9998.271842368571,0.00980375103463162
9998.201663618154,0.009092368244454278
9998.131340002421,0.010022411582165668
9998.217823802008,0.009478299914520299
9998.160255284889,0.009623840885277273
9998.096477296865,0.009659595232684566
9998.050498859111,0.009249995866494371
9998.137649596616,0.009018696334114272
9998.216712097366,0.008705084303579877
9998.298461051287,0.009555410802959524
9998.374287307137,0.009466142058725794
9998.307175920167,0.009211350056914354
9998.238794616893,0.008471672849125369
9998.318872341886,0.009523951380171843
9998.254747397808,0.00939706092854286
9998.331203511583,0.009209711383967012
9998.41340407531,0.01054938535614433
9998.486002278572,0.01002187680060237
9998.559162769652,0.010822582171665571
9998.468595797183,0.010260969331250123
9998.390330898297,0.009696292192885191
9998.305822492275,0.009491797508546063
9998.378929254191,0.009182901383116622
9998.449886034932,0.009494063733962395
9998.363339570362,0.009111247179926707
9998.288972733893,0.008613857052561328
9998.2216290298,0.008535618684961868
9998.125091251588,0.007902380825742277
9998.083241204617,0.00803403602889171
9998.165656943362,0.008725804880785124
9998.243186278838,0.00871545009625891
9998.313537778931,0.008396411366642419
9998.254350786554,0.00873031255500151
9998.201992549277,0.008329001023489114
9998.299079900466,0.011219583269918754
9998.38328790058,0.010517935391531704
9998.456572186535,0.009843757311230845
9998.323667397917,0.009124490351106213
9998.399904695276,0.009721395618484069
9998.470225651641,0.009588390578103907
9998.53246850672,0.009066479735908857
9998.597109326864,0.010021506368395591
9998.510618704215,0.009460200969775592
9998.572880393493,0.009439488528255676
9998.420846913368,0.009665927603525514
9998.286816800995,0.009433114230102858
9998.22790327568,0.008985094152750896
9998.30151241674,0.00867966322681703
9998.369136224394,0.008463643086419911
9998.429653859197,0.008027178353635017
9998.302494714584,0.008894400822563226
9998.244686644457,0.008644254334783491
9998.143830038865,0.008102971622675112
9998.00266523663,0.008587554607035554
9997.837550604097,0.01098811821209957
9997.69855800201,0.010391577085828316
9997.828371384689,0.010809122593779684
9997.800551855795,0.0101663653497672
9997.909161953961,0.009586355888766978
9998.007762016396,0.009296992488973489
9997.97062740408,0.008776067004007496
9998.070197301311,0.009765759256188715
9998.15952841988,0.009371690092296934
9998.247331503158,0.009825245597945146
9998.187646824628,0.009583647140885785
9998.280676534292,0.010633156311398965
9998.106723777835,0.009768913843011068
9998.056034030817,0.010025599563416584
9998.148195342976,0.009573769132391585
9998.23041690638,0.009123533083249575
9998.304794241389,0.008787609340054521
9998.158630211155,0.008098653402220721
9998.22944243956,0.007918647303085006
9998.305660197455,0.008998146986872728
9998.152354707234,0.008490273554083175
9998.10921182574,0.007936090169676691
9998.190424664903,0.008759008812362006
9998.050767770505,0.008261645567458193
9998.131487562863,0.008354747160215779
9998.082293289375,0.00934826458309698
9998.18373546201,0.01073305626694588
9998.281925532543,0.011189628038189165
9998.368914371023,0.010712256204891864
9998.447073693309,0.010365173106639373
9998.363445696568,0.010596176073435536
9998.170511991491,0.010353599540452353
9998.260430184533,0.010145054991007487
9998.339067888464,0.00951592676941195
9998.166104082116,0.009404971259281632
9998.019676569265,0.008788617375289092
9998.116478406568,0.009808853453127393
9997.934363036667,0.011266180182791246
9997.749320747263,0.012900659363965963
9997.897989296858,0.012738074324285155
9998.032416944368,0.012586774287516738
9998.150014223156,0.012019484519361504
9998.250719818845,0.011189628522442277
9998.343159104537,0.01109910575950853
9998.264807811884,0.011151104302772262
9998.07723693588,0.010628402409584526
9998.029266311605,0.00997246460704389
9998.129712668433,0.010244515130804023
9998.075113694536,0.010404549878024348
9998.02742618142,0.009950209199272073
9997.887447089406,0.009164376892058568
9997.859849463863,0.008547528567697648
9997.75095076851,0.00800814341927167
9997.646921845371,0.008315988587099374
9997.6343807944,0.010243038486590816
9997.77270589091,0.011121650342286148
9997.892386147993,0.010393156827221658
9998.000212614083,0.010060855032581844
9998.09448390525,0.00942846553318786
9997.955693311227,0.008704421133722176
9998.055444433983,0.009688922881855746
9998.15402042142,0.010235949702052475
9998.25119560192,0.010829493483418743
9998.33829907917,0.010462424385835303
9998.1352635596,0.011044749022181714
9997.971365334977,0.010022740594981613
9997.834303593596,0.009315275963345054
9997.933325383838,0.008917152296802264
9997.810128541681,0.008595176192690006
9997.696253675567,0.008691884993875826
9997.682847683356,0.008197141076626661
9997.792534749287,0.009054309723453955
9997.682143666225,0.008540666556394263
9997.78105888866,0.008161966977026633
9997.68238672217,0.00770239115191149
9997.806288124082,0.01022506300624784
9997.78020722028,0.010218184154752579
9997.896577006863,0.010149750710269448
9997.999026349647,0.009584121896470812
9998.095888934287,0.009679975189866536
9998.04903572156,0.009435291047895113
9998.001947580407,0.01029182021590139
9998.100847588674,0.009902858568940806
9998.047925548371,0.010569477111821988
9998.146983992247,0.010232785629180764
9998.090560751121,0.010465156814072075
9998.186419399613,0.010201785770622678
9998.125267150483,0.010690650497231825
9998.216951104972,0.01000382960098212
9998.14849259302,0.011458272924605682
9997.977318394764,0.010383680156137514
9997.932376125926,0.01129868934403178
9997.8497893699,0.010629198289649077
9997.959018828516,0.009928683341112209
9998.057202973985,0.009557301602896057
9997.920163351717,0.008800369929776345
9997.804541924696,0.008141417456012963
9997.90402752959,0.00880165717553579
9997.774821443834,0.009202532217667841
9997.875060390768,0.008715528016757335
9997.797967047945,0.010572071638013323
9997.726921044368,0.010684050740151748
9997.854445868707,0.010788421795895328
9997.971622249614,0.010681178334946577
9998.099837433601,0.012583458240770218
9998.220963525315,0.012976288748890386
9998.099533251618,0.01193453575112188
9998.214589537083,0.01232335065424368
9998.32132555233,0.012455478424099832
9998.418502211493,0.012366857450011669
9998.20200185011,0.01128486379038372
9998.021860611816,0.01058408005146362
9997.875766063866,0.009599732512643346
9997.751206798319,0.009053811459610133
9997.642389926197,0.008696953394686822
9997.750057846382,0.008694067853923739
9997.698888896077,0.008186400644067317
9997.801493923349,0.008545144193030919
9997.685924690046,0.008879736680215732
9997.58875760503,0.008193360491689805
9997.703119735266,0.008975480860259979
9997.587095558536,0.009643610135394295
9997.542656761421,0.009083113602425514
9997.490195671442,0.01160094417883735
9997.637211378096,0.010972389542998255
9997.777271672143,0.011278275946025559
9997.905283044225,0.01114610208802802
9998.0430463855,0.012958099627895294
9998.16033393844,0.012075286931560982
9998.267630072887,0.012013755240171672
9998.36241224109,0.011536572678001573
9998.44735599837,0.011200510459376024
9998.23052838355,0.011134462060457378
9998.115799276444,0.011188277358662815
9998.017731763977,0.010546790757467308
9998.12091047568,0.010441299610491013
9998.21935797245,0.010707879550298604
9998.314740810416,0.011172072591120059
9998.402478078888,0.011103554721520114
9998.181148525542,0.011633750517344856
9997.997327910014,0.010934228162208976
9997.828061667728,0.01130455400942357
9997.691969300107,0.010247443392638075
9997.812908925194,0.010033537463822064
9997.74762529357,0.009637039958637178
9997.650763342397,0.009316446372688065
9997.543078792189,0.00935766253936208
9997.465771300767,0.00889376626199908
9997.595924039828,0.009597205499346595
9997.511688007724,0.009223562478024215
9997.41289416646,0.009765247834176866
9997.553969064618,0.010139032905626667
9997.685648982122,0.010149883676724612
9997.806233557703,0.009969232060956958
9997.930997445848,0.011049093165556563
9997.778690652485,0.010643400783539904
9997.904163864778,0.010934107730823029
9997.780680113421,0.010552935119969405
9997.917335498383,0.011922335049080792
9998.035985075529,0.011245236468971373
9998.14273438531,0.010937317782465287
9998.245656190958,0.011374539132242081
9998.336225366274,0.010830663968972297
9998.178111011677,0.010333003181463699
9998.267696493544,0.010165620864206895
9998.348912430487,0.009885868601205496
9998.421505082455,0.009459660658003799
9998.494099706351,0.010096657302073968
9998.570038581593,0.011324016264854811
9998.37665581234,0.011210386374703764
9998.164470710313,0.011306553957990835
9998.01920011409,0.010473282250474359
9998.125947761446,0.010813174187611485
9997.966534792733,0.009804310599236473
9997.828974478369,0.009379955732813219
9997.729440146546,0.00898747117650881
9997.64255350178,0.008480605909148288
9997.744199431214,0.008208521445700936
9997.643492226245,0.00809413687569033
9997.556399651281,0.007616367909205255
9997.652655661914,0.007428688518480644
9997.744181096883,0.007431649293699828
9997.835002225454,0.007758869244174412
9997.924568616383,0.008069055012982199
9998.01366980864,0.008483504250089867
9997.900905861872,0.00893964689992809
9997.74863080213,0.010869756768494061
9997.870545900432,0.010441695998486855
9997.98214472357,0.010273270953152717
9998.092640451778,0.010919591273629828
9997.928007116952,0.01033713131184131
9998.034239561639,0.010136729545612616
9997.881234842966,0.009972674574330358
