gbps,buffer,max_backlog,n_dropped
10.0,20000,19998.500000,139
t_ns,frame,depart_ns
5742,86,5826.800
5758,123,5941.200
5880,160,6085.200
6031,197,6258.800
6089,234,6462.000
6130,271,6694.800
6148,308,6957.200
6191,345,7249.200
6214,382,7570.800
6347,119,7682.000
6371,156,7822.800
6382,193,7993.200
6404,230,8193.200
6575,267,8422.800
6586,304,8682.000
6609,341,8970.800
6840,378,9289.200
6843,115,9397.200
6860,152,9534.800
6932,189,9702.000
6994,226,9898.800
7450,263,10125.200
7460,300,10381.200
7494,337,10666.800
7507,374,10982.000
7526,111,11086.800
7614,148,11221.200
23608,185,23772.000
23705,222,23965.600
23906,259,24188.800
23908,296,24441.600
23911,333,24724.000
24007,370,25036.000
24256,107,25137.600
24305,144,25268.800
24516,181,25429.600
24551,218,25620.000
24575,255,25840.000
24579,292,26089.600
24590,329,26368.800
24653,366,26677.600
24655,103,26776.000
24843,140,26904.000
24964,177,27061.600
25021,214,27248.800
25030,251,27465.600
25067,288,27712.000
25078,325,27988.000
25255,362,28293.600
25292,99,28388.800
25372,136,28513.600
25688,173,28668.000
25705,210,28852.000
25812,247,29065.600
25832,284,29308.800
25865,321,29581.600
25888,358,29884.000
26045,95,29976.000
26047,132,30097.600
26142,169,30248.800
26164,206,30429.600
26223,243,30640.000
26319,280,30880.000
26402,317,31149.600
26404,354,31448.800
26412,91,31537.600
26432,128,31656.000
26531,165,31804.000
26659,202,31981.600
41678,239,41885.200
41728,276,42122.000
41751,313,42388.400
41751,350,42684.400
44832,87,44917.600
44987,124,45102.200
45015,161,45247.000
45104,198,45421.400
45237,235,45625.400
45251,272,45859.000
45292,309,46122.200
45420,346,46415.000
45444,383,46737.400
45471,120,46849.400
45533,157,46991.000
45752,194,47162.200
45784,231,47363.000
45792,268,47593.400
45800,305,47853.400
45809,342,48143.000
45867,379,48462.200
45900,116,48571.000
45943,153,48709.400
45985,190,48877.400
46006,227,49075.000
46082,264,49302.200
46091,301,49559.000
46145,338,49845.400
46175,375,50161.400
46177,112,50267.000
46190,149,50402.200
46229,186,50567.000
46274,223,50761.400
61312,260,61536.000
61315,297,61789.600
61323,334,62072.800
61406,371,62385.600
61411,108,62488.000
61461,145,62620.000
61520,182,62781.600
61583,219,62972.800
61676,256,63193.600
61929,293,63444.000
62038,330,63724.000
62061,367,64033.600
62153,104,64132.800
62177,141,64261.600
62307,178,64420.000
62314,215,64608.000
62349,252,64825.600
62502,289,65072.800
62507,326,65349.600
62515,363,65656.000
62517,100,65752.000
62584,137,65877.600
62924,174,66032.800
62945,211,66217.600
62948,248,66432.000
63018,285,66676.000
63079,322,66949.600
63157,359,67252.800
98002,96,98094.800
98076,133,98217.200
98104,170,98369.200
98156,207,98550.800
98188,244,98762.000
98205,281,99002.800
98216,318,99273.200
98219,355,99573.200
98253,92,99662.800
98278,129,99782.000
98285,166,99930.800
98428,203,100109.200
98448,240,100317.200
98460,277,100554.800
119784,314,120051.200
119794,351,120348.000
119833,88,120434.400
119908,125,120550.400
119945,162,120696.000
120140,199,120871.200
120287,236,121076.000
120319,273,121310.400
120336,310,121574.400
120446,347,121868.000
120468,384,122191.200
120470,121,122304.000
120495,158,122446.400
120609,195,122618.400
120623,232,122820.000
120629,269,123051.200
120630,306,123312.000
120643,343,123602.400
120644,380,123922.400
120667,117,124032.000
120781,154,124171.200
120827,191,124340.000
120948,228,124538.400
120989,265,124766.400
120991,302,125024.000
121011,339,125311.200
121065,376,125628.000
121206,113,125734.400
121317,150,125870.400
121364,187,126036.000
121435,224,126231.200
121486,261,126456.000
121542,298,126710.400
121557,335,126994.400
121698,372,127308.000
121766,109,127411.200
121900,146,127544.000
121933,183,127706.400
122030,220,127898.400
122030,257,128120.000
122032,294,128371.200
122041,331,128652.000
122154,368,128962.400
122163,105,129062.400
122240,142,129192.000
122262,179,129351.200
129755,216,129943.800
129819,253,130162.200
129898,290,130410.200
129945,327,130687.800
130138,364,130995.000
130273,101,131091.800
130322,138,131218.200
130342,175,131374.200
130591,212,131559.800
130722,249,131775.000
130846,286,132019.800
130909,323,132294.200
135043,360,135347.000
135194,97,135440.600
135221,134,135563.800
135246,171,135716.600
135300,208,135899.000
135311,245,136111.000
135519,282,136352.600
136900,319,137171.200
136929,356,137472.000
136971,93,137562.400
137020,130,137682.400
137045,167,137832.000
137141,204,138011.200
137233,241,138220.000
137286,278,138458.400
146818,315,147086.000
146862,352,147383.600
146882,89,147470.800
146934,126,147587.600
147003,163,147734.000
147107,200,147910.000
147156,237,148115.600
147237,274,148350.800
147272,311,148615.600
147302,348,148910.000
147377,385,149234.000
147377,122,149347.600
147451,159,149490.800
147534,196,149663.600
147567,233,149866.000
147598,270,150098.000
147627,307,150359.600
147764,344,150650.800
147796,381,150971.600
147931,118,151082.000
147994,155,151222.000
148016,192,151391.600
148147,229,151590.800
148289,266,151819.600
148297,303,152078.000
148411,340,152366.000
148459,377,152683.600
148474,114,152790.800
148650,151,152927.600
148782,188,153094.000
148795,225,153290.000
148856,262,153515.600
148902,299,153770.800
148974,336,154055.600
148982,373,154370.000
149124,110,154474.000
151730,147,154607.600
151829,184,154770.800
151879,221,154963.600
151889,258,155186.000
151896,295,155438.000
152044,332,155719.600
152063,369,156030.800
152098,106,156131.600
163441,143,163571.400
163449,180,163731.400
163596,217,163921.000
163610,254,164140.200
163692,291,164389.000
163752,328,164667.400
163962,365,164975.400
163980,102,165073.000
164002,139,165200.200
164030,176,165357.000
164068,213,165543.400
164112,250,165759.400
164112,287,166005.000
164249,324,166280.200
164331,361,166585.000
164417,98,166679.400
164555,135,166803.400
164674,172,166957.000
164724,209,167140.200
164874,246,167353.000
164912,283,167595.400
165039,320,167867.400
165041,357,168169.000
165042,94,168260.200
168878,131,168998.800
180498,168,180648.400
180554,205,180828.400
180755,242,181038.000
180833,279,181277.200
180842,316,181546.000
180904,353,181844.400
180933,90,181932.400
180963,127,182050.000
181007,164,182197.200
181135,201,182374.000
181196,238,182580.400
181352,275,182816.400
181369,312,183082.000
181370,349,183377.200
181429,86,183462.000
181501,123,183576.400
185932,160,186076.000
185975,197,186249.600
186160,234,186452.800
186161,271,186685.600
186175,308,186948.000
186204,345,187240.000
186261,382,187561.600
186266,119,187672.800
186268,156,187813.600
186314,193,187984.000
186316,230,188184.000
186422,267,188413.600
186460,304,188672.800
186601,341,188961.600
186621,378,189280.000
186723,115,189388.000
186748,152,189525.600
186761,189,189692.800
186776,226,189889.600
186892,263,190116.000
186928,300,190372.000
186933,337,190657.600
187041,374,190972.800
187041,111,191077.600
187043,148,191212.000
187060,185,191376.000
187113,222,191569.600
187125,259,191792.800
187174,296,192045.600
187176,333,192328.000
187178,370,192640.000
187244,107,192741.600
187370,144,192872.800
187381,181,193033.600
187428,218,193224.000
187527,255,193444.000
187533,292,193693.600
187560,329,193972.800
187573,366,194281.600
187583,103,194380.000
187599,140,194508.000
187599,177,194665.600
187646,214,194852.800
187754,251,195069.600
187775,288,195316.000
187800,325,195592.000
187842,362,195897.600
188055,99,195992.800
188147,136,196117.600
188176,173,196272.000
188267,210,196456.000
188285,247,196669.600
188466,284,196912.800
188490,321,197185.600
188655,358,197488.000
188656,95,197580.000
188691,132,197701.600
188739,169,197852.800
188812,206,198033.600
188884,243,198244.000
196995,280,198484.000
197038,317,198753.600
197082,354,199052.800
197135,91,199141.600
197158,128,199260.000
215511,165,215659.000
215536,202,215836.600
215538,239,216043.800
215612,276,216280.600
215639,313,216547.000
215683,350,216843.000
215840,87,216928.600
215840,124,217043.800
215903,161,217188.600
215915,198,217363.000
216014,235,217567.000
216023,272,217800.600
216196,309,218063.800
216304,346,218356.600
216388,383,218679.000
216857,120,218791.000
216886,157,218932.600
216893,194,219103.800
216930,231,219304.600
217001,268,219535.000
217218,305,219795.000
217232,342,220084.600
220009,379,220403.800
220102,116,220512.600
220103,153,220651.000
241082,190,241250.000
241271,227,241468.600
241302,264,241695.800
241382,301,241952.600
259412,338,259698.400
259445,375,260014.400
259517,112,260120.000
259580,149,260255.200
259591,186,260420.000
259604,223,260614.400
260282,260,260838.400
260326,297,261092.000
260362,334,261375.200
260423,371,261688.000
260443,108,261790.400
260451,145,261922.400
265148,182,265309.600
265166,219,265500.800
265177,256,265721.600
265211,293,265972.000
265261,330,266252.000
265361,367,266561.600
265375,104,266660.800
265388,141,266789.600
265569,178,266948.000
265614,215,267136.000
265637,252,267353.600
265689,289,267600.800
265724,326,267877.600
265808,363,268184.000
265848,100,268280.000
265905,137,268405.600
265942,174,268560.800
266005,211,268745.600
266027,248,268960.000
266040,285,269204.000
266078,322,269477.600
266131,359,269780.800
266133,96,269873.600
266264,133,269996.000
266446,170,270148.000
266451,207,270329.600
266453,244,270540.800
266510,281,270781.600
266563,318,271052.000
266625,355,271352.000
266721,92,271441.600
266728,129,271560.800
266812,166,271709.600
266913,203,271888.000
266951,240,272096.000
270468,277,272333.600
270502,314,272600.800
270527,351,272897.600
270531,88,272984.000
270547,125,273100.000
270566,162,273245.600
270596,199,273420.800
270624,236,273625.600
270718,273,273860.000
270766,310,274124.000
270848,347,274417.600
270880,384,274740.800
270933,121,274853.600
270942,158,274996.000
271074,195,275168.000
271076,232,275369.600
271211,269,275600.800
271225,306,275861.600
271265,343,276152.000
271366,380,276472.000
271371,117,276581.600
271374,154,276720.800
271393,191,276889.600
271399,228,277088.000
271418,265,277316.000
271426,302,277573.600
271455,339,277860.800
271488,376,278177.600
271558,113,278284.000
271559,150,278420.000
271577,187,278585.600
271653,224,278780.800
271702,261,279005.600
271871,298,279260.000
271904,335,279544.000
271943,372,279857.600
271946,109,279960.800
271995,146,280093.600
272000,183,280256.000
272018,220,280448.000
272154,257,280669.600
272285,294,280920.800
272336,331,281201.600
272362,368,281512.000
272406,105,281612.000
272413,142,281741.600
272537,179,281900.800
272662,216,282089.600
272666,253,282308.000
272875,290,282556.000
272899,327,282833.600
272917,364,283140.800
273002,101,283237.600
273028,138,283364.000
280218,175,283520.000
280288,212,283705.600
280334,249,283920.800
280421,286,284165.600
303081,323,303355.400
303249,360,303659.400
303284,97,303753.000
303318,134,303876.200
303344,171,304029.000
303357,208,304211.400
303387,245,304423.400
303398,282,304665.000
303470,319,304936.200
303495,356,305237.000
303518,93,305327.400
303525,130,305447.400
303610,167,305597.000
303625,204,305776.200
303763,241,305985.000
303769,278,306223.400
303808,315,306491.400
303822,352,306789.000
303921,89,306876.200
304027,126,306993.000
304293,163,307139.400
304365,200,307315.400
304372,237,307521.000
304411,274,307756.200
304838,311,308021.000
304849,348,308315.400
304882,385,308639.400
304932,122,308753.000
310989,159,311132.200
311011,196,311305.000
311046,233,311507.400
311104,270,311739.400
311125,307,312001.000
311465,344,312292.200
311513,381,312613.000
311528,118,312723.400
311553,155,312863.400
311553,192,313033.000
318473,229,318672.200
318511,266,318901.000
318527,303,319159.400
321251,340,321539.000
321316,377,321856.600
321343,114,321963.800
321422,151,322100.600
321486,188,322267.000
321506,225,322463.000
321552,262,322688.600
321589,299,322943.800
321616,336,323228.600
321641,373,323543.000
321646,110,323647.000
321668,147,323780.600
321814,184,323943.800
321831,221,324136.600
321834,258,324359.000
321880,295,324611.000
321897,332,324892.600
321994,369,325203.800
321995,106,325304.600
322039,143,325435.000
322061,180,325595.000
322138,217,325784.600
322151,254,326003.800
322167,291,326252.600
322173,328,326531.000
322179,365,326839.000
322388,102,326936.600
322437,139,327063.800
322490,176,327220.600
322525,213,327407.000
333140,250,333356.000
333214,287,333601.600
333252,324,333876.800
333259,361,334181.600
333333,98,334276.000
333525,135,334400.000
356871,172,357024.600
356897,209,357207.800
384584,246,384796.800
384794,283,385039.200
384835,320,385311.200
385034,357,385612.800
385057,94,385704.000
385078,131,385824.800
385137,168,385975.200
385174,205,386155.200
385193,242,386364.800
385309,279,386604.000
385349,316,386872.800
385425,353,387171.200
385426,90,387259.200
385500,127,387376.800
385535,164,387524.000
385566,201,387700.800
385595,238,387907.200
385659,275,388143.200
385665,312,388408.800
385703,349,388704.000
385782,86,388788.800
385794,123,388903.200
385824,160,389047.200
385925,197,389220.800
385977,234,389424.000
386045,271,389656.800
386157,308,389919.200
386259,345,390211.200
386287,382,390532.800
386326,119,390644.000
386373,156,390784.800
386415,193,390955.200
386494,230,391155.200
386500,267,391384.800
386514,304,391644.000
386521,341,391932.800
386548,378,392251.200
386564,115,392359.200
386627,152,392496.800
386627,189,392664.000
386668,226,392860.800
386714,263,393087.200
386714,300,393343.200
386811,337,393628.800
386898,374,393944.000
387000,111,394048.800
387032,148,394183.200
387106,185,394347.200
387126,222,394540.800
387143,259,394764.000
387168,296,395016.800
387200,333,395299.200
387258,370,395611.200
387263,107,395712.800
387276,144,395844.000
387391,181,396004.800
387395,218,396195.200
387714,255,396415.200
387715,292,396664.800
387723,329,396944.000
387733,366,397252.800
387754,103,397351.200
387801,140,397479.200
387859,177,397636.800
388889,214,397824.000
389031,251,398040.800
389144,288,398287.200
389145,325,398563.200
389229,362,398868.800
389325,99,398964.000
389330,136,399088.800
389336,173,399243.200
411119,210,411303.000
411147,247,411516.600
411185,284,411759.800
411209,321,412032.600
411253,358,412335.000
411353,95,412427.000
411650,132,412548.600
411651,169,412699.800
411661,206,412880.600
411700,243,413091.000
411793,280,413331.000
411799,317,413600.600
411801,354,413899.800
411943,91,413988.600
412024,128,414107.000
412093,165,414255.000
412095,202,414432.600
412146,239,414639.800
412179,276,414876.600
412231,313,415143.000
412249,350,415439.000
412289,87,415524.600
412498,124,415639.800
412548,161,415784.600
412551,198,415959.000
412561,235,416163.000
412577,272,416396.600
412596,309,416659.800
412623,346,416952.600
424473,383,424795.400
424488,120,424907.400
424502,157,425049.000
424568,194,425220.200
424609,231,425421.000
424647,268,425651.400
424732,305,425911.400
424796,342,426201.000
424998,379,426520.200
425045,116,426629.000
425081,153,426767.400
425102,190,426935.400
425129,227,427133.000
425191,264,427360.200
425292,301,427617.000
425311,338,427903.400
425324,375,428219.400
425339,112,428325.000
425346,149,428460.200
425410,186,428625.000
435128,223,435322.400
435200,260,435546.400
435301,297,435800.000
435309,334,436083.200
435377,371,436396.000
435403,108,436498.400
435553,145,436630.400
435713,182,436792.000
435739,219,436983.200
435781,256,437204.000
435862,293,437454.400
435917,330,437734.400
435976,367,438044.000
435986,104,438143.200
436114,141,438272.000
436168,178,438430.400
436189,215,438618.400
436427,252,438836.000
436517,289,439083.200
436546,326,439360.000
436593,363,439666.400
436615,100,439762.400
436652,137,439888.000
436852,174,440043.200
436915,211,440228.000
437029,248,440442.400
437057,285,440686.400
437083,322,440960.000
437145,359,441263.200
437158,96,441356.000
437179,133,441478.400
437213,170,441630.400
437213,207,441812.000
437245,244,442023.200
437289,281,442264.000
437303,318,442534.400
437353,355,442834.400
437403,92,442924.000
437427,129,443043.200
437581,166,443192.000
437582,203,443370.400
437583,240,443578.400
437598,277,443816.000
437601,314,444083.200
437714,351,444380.000
437744,88,444466.400
437792,125,444582.400
437820,162,444728.000
437876,199,444903.200
437944,236,445108.000
437978,273,445342.400
438004,310,445606.400
438054,347,445900.000
438080,384,446223.200
440664,121,446336.000
440669,158,446478.400
440705,195,446650.400
454263,232,454464.600
454272,269,454695.800
454401,306,454956.600
454409,343,455247.000
454440,380,455567.000
454522,117,455676.600
454540,154,455815.800
454572,191,455984.600
464241,228,464439.400
464314,265,464667.400
464367,302,464925.000
464398,339,465212.200
464517,376,465529.000
464531,113,465635.400
464545,150,465771.400
464646,187,465937.000
464690,224,466132.200
464768,261,466357.000
464838,298,466611.400
465010,335,466895.400
465169,372,467209.000
465170,109,467312.200
465214,146,467445.000
465253,183,467607.400
465260,220,467799.400
465319,257,468021.000
465438,294,468272.200
465501,331,468553.000
465524,368,468863.400
465561,105,468963.400
465586,142,469093.000
465601,179,469252.200
465806,216,469441.000
465892,253,469659.400
466091,290,469907.400
466097,327,470185.000
466168,364,470492.200
466239,101,470589.000
466251,138,470715.400
466302,175,470871.400
466375,212,471057.000
466378,249,471272.200
466420,286,471517.000
466460,323,471791.400
466478,360,472095.400
466501,97,472189.000
466565,134,472312.200
466573,171,472465.000
466574,208,472647.400
466580,245,472859.400
466604,282,473101.000
466659,319,473372.200
466661,356,473673.000
466671,93,473763.400
466742,130,473883.400
466742,167,474033.000
466754,204,474212.200
466759,241,474421.000
466779,278,474659.400
466814,315,474927.400
466851,352,475225.000
466855,89,475312.200
466869,126,475429.000
466871,163,475575.400
466894,200,475751.400
466956,237,475957.000
466970,274,476192.200
466989,311,476457.000
467051,348,476751.400
467128,385,477075.400
467176,122,477189.000
467244,159,477332.200
467313,196,477505.000
467378,233,477707.400
467505,270,477939.400
467506,307,478201.000
467533,344,478492.200
467956,381,478813.000
467959,118,478923.400
467959,155,479063.400
468181,192,479233.000
468199,229,479432.200
468226,266,479661.000
468483,303,479919.400
468540,340,480207.400
468557,377,480525.000
468576,114,480632.200
468588,151,480769.000
468872,188,480935.400
468983,225,481131.400
469090,262,481357.000
469264,299,481612.200
469405,336,481897.000
469425,373,482211.400
469480,110,482315.400
469539,147,482449.000
469547,184,482612.200
469681,221,482805.000
469760,258,483027.400
469895,295,483279.400
469929,332,483561.000
470113,369,483872.200
470129,106,483973.000
470253,143,484103.400
470343,180,484263.400
470439,217,484453.000
470531,254,484672.200
470597,291,484921.000
470643,328,485199.400
470662,365,485507.400
470681,102,485605.000
470804,139,485732.200
470836,176,485889.000
470845,213,486075.400
470848,250,486291.400
470886,287,486537.000
470889,324,486812.200
470930,361,-1.000
470931,98,486906.600
470966,135,-1.000
470986,172,-1.000
471002,209,-1.000
471023,246,-1.000
471068,283,-1.000
471108,320,-1.000
471128,357,-1.000
471174,94,486997.800
471253,131,487118.600
471281,168,487269.000
471281,205,-1.000
471330,242,-1.000
471333,279,-1.000
471335,316,-1.000
471388,353,-1.000
471397,90,487357.000
471401,127,-1.000
471414,164,-1.000
471544,201,487533.800
471564,238,-1.000
500079,275,500315.000
500140,312,500580.600
500331,349,500875.800
500360,86,500960.600
500437,123,501075.000
500504,160,501219.000
500506,197,501392.600
500538,234,501595.800
500592,271,501828.600
500642,308,502091.000
500674,345,502383.000
500705,382,502704.600
500727,119,502815.800
500744,156,502956.600
500830,193,503127.000
500866,230,503327.000
500919,267,503556.600
500984,304,503815.800
501041,341,504104.600
501104,378,504423.000
501115,115,504531.000
501266,152,504668.600
501267,189,504835.800
501330,226,505032.600
501400,263,505259.000
501505,300,505515.000
501519,337,505800.600
501586,374,506115.800
511599,111,511703.800
511728,148,511862.400
511733,185,512026.400
511771,222,512220.000
511772,259,512443.200
511776,296,512696.000
511785,333,512978.400
511879,370,513290.400
511947,107,513392.000
511965,144,513523.200
520575,181,520735.800
520591,218,520926.200
520636,255,521146.200
520656,292,521395.800
520700,329,521675.000
520827,366,521983.800
520861,103,522082.200
520888,140,522210.200
520916,177,522367.800
520926,214,522555.000
521067,251,522771.800
521085,288,523018.200
521994,325,523294.200
522019,362,523599.800
522020,99,523695.000
522191,136,523819.800
522203,173,523974.200
522258,210,524158.200
522266,247,524371.800
522324,284,524615.000
522396,321,524887.800
522466,358,525190.200
522589,95,525282.200
522609,132,525403.800
522632,169,525555.000
522724,206,525735.800
522888,243,525946.200
522894,280,526186.200
522925,317,526455.800
522928,354,526755.000
522983,91,526843.800
523019,128,526962.200
523020,165,527110.200
523076,202,527287.800
523150,239,527495.000
523210,276,527731.800
523291,313,527998.200
523321,350,528294.200
523325,87,528379.800
523403,124,528495.000
523453,161,528639.800
523512,198,528814.200
532087,235,532291.000
532108,272,532524.600
532166,309,532787.800
532306,346,533080.600
532324,383,533403.000
532342,120,533515.000
532355,157,533656.600
532366,194,533827.800
532385,231,534028.600
532487,268,534259.000
532492,305,534519.000
538080,342,538369.600
538197,379,538688.800
568360,116,568468.800
568471,153,568609.400
568552,190,568777.400
576887,227,577084.600
576890,264,577311.800
576891,301,577568.600
576895,338,577855.000
576927,375,578171.000
576945,112,578276.600
576953,149,578411.800
576975,186,578576.600
577145,223,578771.000
577190,260,578995.000
577209,297,579248.600
577255,334,579531.800
577313,371,579844.600
577334,108,579947.000
577347,145,580079.000
584942,182,585103.600
585000,219,585294.800
585107,256,585515.600
585127,293,585766.000
585168,330,586046.000
585179,367,586355.600
585330,104,586454.800
585350,141,586583.600
585722,178,586742.000
585744,215,586930.000
585751,252,587147.600
585811,289,587394.800
585854,326,587671.600
585907,363,587978.000
586020,100,588074.000
586028,137,588199.600
586031,174,588354.800
586055,211,588539.600
586083,248,588754.000
586099,285,588998.000
586112,322,589271.600
586117,359,589574.800
586117,96,589667.600
586141,133,589790.000
586277,170,589942.000
586373,207,590123.600
586381,244,590334.800
586396,281,590575.600
586420,318,590846.000
586447,355,591146.000
586479,92,591235.600
586512,129,591354.800
586542,166,591503.600
586549,203,591682.000
586574,240,591890.000
586697,277,592127.600
586701,314,592394.800
586732,351,592691.600
586793,88,592778.000
586821,125,592894.000
586829,162,593039.600
586845,199,593214.800
586855,236,593419.600
587038,273,593654.000
587090,310,593918.000
587108,347,594211.600
587114,384,594534.800
587152,121,594647.600
587160,158,594790.000
587214,195,594962.000
587226,232,595163.600
587230,269,595394.800
587249,306,595655.600
587260,343,595946.000
587320,380,596266.000
587329,117,596375.600
587403,154,596514.800
587415,191,596683.600
587536,228,596882.000
587613,265,597110.000
587659,302,597367.600
587690,339,597654.800
627047,376,627363.800
627054,113,627470.200
627080,150,627606.200
627219,187,627771.800
627262,224,627967.000
627321,261,628191.800
627367,298,628446.200
627603,335,628730.200
627628,372,629043.800
627737,109,629147.000
627755,146,629279.800
630094,183,630256.400
630168,220,630448.400
630326,257,630670.000
630340,294,630921.200
630512,331,631202.000
630568,368,631512.400
630586,105,631612.400
630619,142,631742.000
630689,179,631901.200
630828,216,632090.000
630884,253,632308.400
630921,290,632556.400
630966,327,632834.000
630979,364,633141.200
631039,101,633238.000
631075,138,633364.400
631123,175,633520.400
631134,212,633706.000
631162,249,633921.200
631185,286,634166.000
631190,323,634440.400
631248,360,634744.400
631256,97,634838.000
631257,134,634961.200
631258,171,635114.000
631395,208,635296.400
631505,245,635508.400
631514,282,635750.000
631521,319,636021.200
631587,356,636322.000
631783,93,636412.400
631805,130,636532.400
631861,167,636682.000
632064,204,636861.200
632069,241,637070.000
632073,278,637308.400
632121,315,637576.400
632161,352,637874.000
632269,89,637961.200
632275,126,638078.000
632325,163,638224.400
632327,200,638400.400
632362,237,638606.000
632401,274,638841.200
632450,311,639106.000
632538,348,639400.400
632552,385,639724.400
632562,122,639838.000
632580,159,639981.200
633774,196,640154.000
633780,233,640356.400
633803,270,640588.400
634569,307,640850.000
634807,344,641141.200
634853,381,641462.000
635005,118,641572.400
635083,155,641712.400
635138,192,641882.000
635202,229,642081.200
635402,266,642310.000
635591,303,642568.400
635640,340,642856.400
635673,377,643174.000
635689,114,643281.200
635723,151,643418.000
635730,188,643584.400
635735,225,643780.400
635753,262,644006.000
635830,299,644261.200
635978,336,644546.000
636057,373,644860.400
636179,110,644964.400
636294,147,645098.000
636302,184,645261.200
636392,221,645454.000
636503,258,645676.400
636554,295,645928.400
636621,332,646210.000
636866,369,646521.200
636981,106,646622.000
637050,143,646752.400
637198,180,646912.400
637249,217,647102.000
637374,254,647321.200
637479,291,647570.000
637480,328,647848.400
637622,365,648156.400
637629,102,648254.000
637644,139,648381.200
637656,176,648538.000
637739,213,648724.400
637741,250,648940.400
637764,287,649186.000
637837,324,649461.200
637917,361,649766.000
637972,98,649860.400
638009,135,649984.400
638150,172,650138.000
638317,209,650321.200
638351,246,650534.000
638353,283,650776.400
638372,320,651048.400
638373,357,651350.000
638401,94,651441.200
638405,131,651562.000
638422,168,651712.400
638458,205,651892.400
638462,242,652102.000
638477,279,652341.200
638497,316,652610.000
638677,353,652908.400
638784,90,652996.400
638825,127,653114.000
638880,164,653261.200
638929,201,653438.000
638960,238,653644.400
638963,275,653880.400
638988,312,654146.000
639004,349,654441.200
639058,86,654526.000
639118,123,654640.400
639180,160,654784.400
639210,197,654958.000
639248,234,655161.200
639251,271,-1.000
639341,308,-1.000
639423,345,-1.000
639428,382,-1.000
639442,119,655272.400
639633,156,655413.200
639645,193,655583.600
639823,230,655783.600
639851,267,-1.000
639859,304,-1.000
639966,341,-1.000
639985,378,-1.000
640024,115,655891.600
640085,152,656029.200
640216,189,656196.400
640246,226,-1.000
640552,263,656422.800
640671,300,-1.000
640690,337,-1.000
640727,374,-1.000
640983,111,656527.600
641013,148,656662.000
641058,185,656826.000
641094,222,657019.600
641096,259,-1.000
641122,296,-1.000
641138,333,-1.000
641309,370,-1.000
641347,107,657121.200
641429,144,657252.400
641515,181,657413.200
641519,218,-1.000
641629,255,-1.000
641654,292,-1.000
641710,329,657692.400
641716,366,-1.000
641949,103,657790.800
642021,140,657918.800
642059,177,-1.000
642096,214,-1.000
642133,251,-1.000
642243,288,658165.200
642313,325,-1.000
642323,362,-1.000
642360,99,658260.400
642393,136,658385.200
642596,173,658539.600
642604,210,-1.000
642834,247,658753.200
642888,284,-1.000
642889,321,-1.000
642941,358,-1.000
643070,95,658845.200
643093,132,658966.800
643128,169,659118.000
643165,206,-1.000
643225,243,-1.000
643233,280,-1.000
643247,317,-1.000
643295,354,-1.000
643505,91,659206.800
643541,128,659325.200
643651,165,659473.200
643670,202,659650.800
643729,239,-1.000
643735,276,-1.000
643774,313,-1.000
643792,350,-1.000
643820,87,659736.400
643879,124,659851.600
643895,161,-1.000
643962,198,-1.000
644118,235,660055.600
644145,272,-1.000
644767,309,660318.800
644829,346,660611.600
644881,383,-1.000
668563,120,668675.000
668586,157,668816.600
668731,194,668987.800
668745,231,669188.600
668805,268,669419.000
668830,305,669679.000
668939,342,669968.600
669012,379,670287.800
678388,116,678496.800
678494,153,678635.200
681742,190,681910.000
681750,227,682107.600
681864,264,682334.800
681869,301,682591.600
681924,338,682878.000
681961,375,683194.000
681969,112,683299.600
682121,149,683434.800
682142,186,683599.600
682180,223,683794.000
682183,260,684018.000
682187,297,684271.600
682218,334,684554.800
682242,371,684867.600
682411,108,684970.000
682480,145,685102.000
682584,182,685263.600
682659,219,685454.800
682668,256,685675.600
682692,293,685926.000
682713,330,686206.000
682717,367,686515.600
682775,104,686614.800
682849,141,686743.600
682870,178,686902.000
682966,215,687090.000
691517,252,691734.600
691625,289,691981.800
691631,326,692258.600
696332,363,696638.400
696640,100,696736.000
696700,137,696861.600
696840,174,697016.800
696854,211,697201.600
696882,248,697416.000
696885,285,697660.000
696938,322,697933.600
696972,359,698236.800
697027,96,698329.600
697030,133,698452.000
697103,170,698604.000
702151,207,702332.600
702296,244,702543.800
702297,281,702784.600
702303,318,703055.000
702384,355,703355.000
702487,92,703444.600
702578,129,703563.800
718184,166,718332.800
718189,203,718511.200
718197,240,718719.200
718221,277,718956.800
718298,314,719224.000
718406,351,719520.800
718465,88,719607.200
718517,125,719723.200
718922,162,719868.800
719092,199,720044.000
719109,236,720248.800
719113,273,720483.200
719213,310,720747.200
719213,347,721040.800
719308,384,721364.000
731672,121,731784.800
731740,158,731927.200
731796,195,732099.200
735321,232,735522.600
735337,269,735753.800
735404,306,736014.600
735504,343,736305.000
735646,380,736625.000
735669,117,736734.600
735895,154,736873.800
735928,191,737042.600
738430,228,738628.400
738433,265,738856.400
738438,302,739114.000
738509,339,739401.200
738576,376,739718.000
738706,113,739824.400
738712,150,739960.400
738775,187,740126.000
738828,224,740321.200
738861,261,740546.000
738895,298,740800.400
738919,335,741084.400
739049,372,741398.000
739077,109,741501.200
739166,146,741634.000
739167,183,741796.400
739211,220,741988.400
739237,257,742210.000
739247,294,742461.200
739454,331,742742.000
739459,368,743052.400
739541,105,743152.400
739581,142,743282.000
739657,179,743441.200
739661,216,743630.000
739688,253,743848.400
739777,290,744096.400
739824,327,744374.000
739871,364,744681.200
739873,101,744778.000
739918,138,744904.400
741838,175,745060.400
742010,212,745246.000
742144,249,745461.200
742241,286,745706.000
742323,323,745980.400
742340,360,746284.400
742354,97,746378.000
742437,134,746501.200
742911,171,746654.000
742981,208,746836.400
743023,245,747048.400
743044,282,747290.000
743104,319,747561.200
743172,356,747862.000
743195,93,747952.400
748474,130,748594.000
748593,167,748743.600
748615,204,748922.800
748642,241,749131.600
748715,278,749370.000
748802,315,749638.000
748874,352,749935.600
749201,89,750022.800
749273,126,750139.600
749295,163,750286.000
749395,200,750462.000
749508,237,750667.600
749553,274,750902.800
749566,311,751167.600
749583,348,751462.000
749708,385,751786.000
749821,122,751899.600
749858,159,752042.800
749892,196,752215.600
749947,233,752418.000
749964,270,752650.000
750039,307,752911.600
750076,344,753202.800
750109,381,753523.600
750140,118,753634.000
750201,155,753774.000
750225,192,753943.600
750273,229,754142.800
750357,266,754371.600
750533,303,754630.000
792604,340,792892.000
792626,377,793209.600
792684,114,793316.800
792749,151,793453.600
792808,188,793620.000
792883,225,793816.000
792900,262,794041.600
792914,299,794296.800
792961,336,794581.600
792970,373,794896.000
793092,110,795000.000
793098,147,795133.600
793261,184,795296.800
793266,221,795489.600
793575,258,795712.000
793619,295,795964.000
793679,332,796245.600
793781,369,796556.800
793811,106,796657.600
793818,143,796788.000
793881,180,796948.000
793979,217,797137.600
794004,254,797356.800
794032,291,797605.600
794065,328,797884.000
794145,365,798192.000
794265,102,798289.600
794316,139,798416.800
794318,176,798573.600
794456,213,798760.000
794530,250,798976.000
794585,287,799221.600
794592,324,799496.800
794667,361,799801.600
794675,98,799896.000
798694,135,800020.000
798723,172,800173.600
798761,209,800356.800
798822,246,800569.600
798888,283,800812.000
799001,320,801084.000
799858,357,801385.600
799882,94,801476.800
799928,131,801597.600
799996,168,801748.000
807468,205,807648.000
807474,242,807857.600
807534,279,808096.800
807612,316,808365.600
807736,353,808664.000
807750,90,808752.000
807786,127,808869.600
807873,164,809016.800
807986,201,809193.600
807999,238,809400.000
808056,275,809636.000
808102,312,809901.600
808200,349,810196.800
808251,86,810281.600
808291,123,810396.000
808364,160,810540.000
808415,197,810713.600
808476,234,810916.800
808534,271,811149.600
808610,308,811412.000
808723,345,811704.000
808782,382,812025.600
831305,119,831416.200
834954,156,835094.800
834970,193,835265.200
834977,230,835465.200
835072,267,835694.800
835099,304,835954.000
835117,341,836242.800
844790,378,845108.400
844816,115,845216.400
844936,152,845354.000
844953,189,845521.200
845009,226,845718.000
845013,263,845944.400
845036,300,846200.400
845052,337,846486.000
845066,374,846801.200
845067,111,846906.000
845100,148,847040.400
845111,185,847204.400
845114,222,847398.000
845125,259,847621.200
845191,296,847874.000
845269,333,848156.400
845272,370,848468.400
845278,107,848570.000
845293,144,848701.200
845328,181,848862.000
845336,218,849052.400
845409,255,849272.400
845430,292,849522.000
845432,329,849801.200
845464,366,850110.000
845465,103,850208.400
845526,140,850336.400
845528,177,850494.000
845537,214,850681.200
845558,251,850898.000
845574,288,851144.400
845594,325,851420.400
845621,362,851726.000
845671,99,851821.200
845676,136,851946.000
845717,173,852100.400
845722,210,852284.400
845751,247,852498.000
845789,284,852741.200
845792,321,853014.000
845803,358,853316.400
845808,95,853408.400
846015,132,853530.000
846068,169,853681.200
846103,206,853862.000
846305,243,854072.400
864162,280,864402.000
869556,317,869825.600
869581,354,870124.800
869667,91,870213.600
869689,128,870332.000
869709,165,870480.000
869754,202,870657.600
869800,239,870864.800
869801,276,871101.600
869809,313,871368.000
869832,350,871664.000
870013,87,871749.600
870100,124,871864.800
870165,161,872009.600
870203,198,872184.000
870217,235,872388.000
870283,272,872621.600
870319,309,872884.800
887243,346,887535.800
887269,383,887858.200
887341,120,887970.200
887353,157,888111.800
887360,194,888283.000
887373,231,888483.800
887447,268,888714.200
887476,305,888974.200
887516,342,889263.800
887619,379,889583.000
887680,116,889691.800
887699,153,889830.200
887727,190,889998.200
887781,227,890195.800
887830,264,890423.000
887894,301,890679.800
887946,338,890966.200
888034,375,891282.200
888075,112,891387.800
888105,149,891523.000
888190,186,891687.800
888200,223,891882.200
888209,260,892106.200
888264,297,892359.800
888267,334,892643.000
888311,371,892955.800
888472,108,893058.200
888476,145,893190.200
888511,182,893351.800
888521,219,893543.000
888623,256,893763.800
888687,293,894014.200
888697,330,894294.200
888788,367,894603.800
888896,104,894703.000
889022,141,894831.800
889260,178,894990.200
889292,215,895178.200
889419,252,895395.800
889439,289,895643.000
889444,326,895919.800
889468,363,896226.200
889492,100,896322.200
889492,137,896447.800
901437,174,901592.200
906823,211,907007.800
906831,248,907222.200
906856,285,907466.200
906861,322,907739.800
906862,359,908043.000
906876,96,908135.800
906941,133,908258.200
907048,170,908410.200
907075,207,908591.800
907083,244,908803.000
907119,281,909043.800
907262,318,909314.200
907273,355,909614.200
907285,92,909703.800
907306,129,909823.000
907388,166,909971.800
907410,203,910150.200
907444,240,910358.200
907507,277,910595.800
907526,314,910863.000
907569,351,911159.800
907666,88,911246.200
907704,125,911362.200
907916,162,911507.800
935271,199,935446.200
935281,236,935651.000
935291,273,935885.400
935315,310,936149.400
935430,347,936443.000
935521,384,936766.200
935632,121,936879.000
935657,158,937021.400
935676,195,937193.400
935889,232,937395.000
935891,269,937626.200
935945,306,937887.000
936052,343,938177.400
936129,380,938497.400
936177,117,938607.000
951714,154,951853.200
951722,191,952022.000
951736,228,952220.400
951746,265,952448.400
951975,302,952706.000
952045,339,952993.200
952118,376,953310.000
952153,113,953416.400
961018,150,961154.000
961028,187,961319.600
961055,224,961514.800
961160,261,961739.600
961161,298,961994.000
961192,335,962278.000
961221,372,962591.600
961237,109,962694.800
961254,146,962827.600
961528,183,962990.000
961533,220,963182.000
961582,257,963403.600
961585,294,963654.800
961641,331,963935.600
961643,368,964246.000
961650,105,964346.000
961690,142,964475.600
961698,179,964634.800
961738,216,964823.600
961756,253,965042.000
961813,290,965290.000
961844,327,965567.600
961908,364,965874.800
962048,101,965971.600
962094,138,966098.000
962100,175,966254.000
962148,212,966439.600
962168,249,966654.800
962201,286,966899.600
962207,323,967174.000
962247,360,967478.000
962482,97,967571.600
962655,134,967694.800
967637,171,967847.600
967679,208,968030.000
967694,245,968242.000
967805,282,968483.600
967998,319,968754.800
968081,356,969055.600
968086,93,969146.000
968116,130,969266.000
973208,167,973357.600
983196,204,983375.200
983212,241,983584.000
983291,278,983822.400
983417,315,984090.400
983429,352,984388.000
983556,89,984475.200
983629,126,984592.000
983671,163,984738.400
983744,200,984914.400
983841,237,985120.000
983993,274,985355.200
984005,311,985620.000
984116,348,985914.400
984151,385,986238.400
984215,122,986352.000
984271,159,986495.200
984311,196,986668.000
984495,233,986870.400
984596,270,987102.400
984617,307,987364.000
984641,344,987655.200
984698,381,987976.000
984742,118,988086.400
984808,155,988226.400
984820,192,988396.000
984823,229,988595.200
984856,266,988824.000
984916,303,989082.400
984930,340,989370.400
985011,377,989688.000
985050,114,989795.200
985112,151,989932.000
985115,188,990098.400
985141,225,990294.400
985167,262,990520.000
985186,299,990775.200
985194,336,991060.000
985258,373,991374.400
985266,110,991478.400
985299,147,991612.000
985345,184,991775.200
985413,221,991968.000
985533,258,992190.400
985543,295,992442.400
985584,332,992724.000
985593,369,993035.200
985637,106,993136.000
985681,143,993266.400
985749,180,993426.400
985906,217,993616.000
985918,254,993835.200
985928,291,994084.000
985938,328,994362.400
986022,365,994670.400
986072,102,994768.000
986073,139,994895.200
986079,176,995052.000
986093,213,995238.400
986145,250,995454.400
986148,287,995700.000
986150,324,995975.200
986160,361,996280.000
986338,98,996374.400
986397,135,996498.400
986448,172,996652.000
986627,209,996835.200
986649,246,997048.000
986670,283,997290.400
986738,320,997562.400
986774,357,997864.000
986779,94,997955.200
986789,131,998076.000
986840,168,998226.400
986980,205,998406.400
990748,242,998616.000
990786,279,998855.200
990807,316,999124.000
990812,353,999422.400
990851,90,999510.400
990856,127,999628.000
990899,164,999775.200
990902,201,999952.000
990913,238,1000158.400
995790,275,1000394.400
995903,312,1000660.000
995955,349,1000955.200
996016,86,1001040.000
996032,123,1001154.400
996040,160,1001298.400
996057,197,1001472.000
996065,234,1001675.200
996076,271,1001908.000
996133,308,1002170.400
996141,345,1002462.400
996151,382,1002784.000
996237,119,1002895.200
996306,156,1003036.000
996311,193,1003206.400
996367,230,1003406.400
996398,267,1003636.000
996430,304,1003895.200
996467,341,1004184.000
996512,378,1004502.400
996547,115,1004610.400
996550,152,1004748.000
996553,189,1004915.200
996561,226,1005112.000
996579,263,1005338.400
996690,300,1005594.400
996715,337,1005880.000
996787,374,1006195.200
996794,111,1006300.000
996866,148,1006434.400
996987,185,1006598.400
996992,222,1006792.000
997040,259,1007015.200
1026162,296,1026414.800
1026219,333,1026697.200
1026251,370,1027009.200
1026274,107,1027110.800
1026421,144,1027242.000
1026558,181,1027402.800
1026607,218,1027593.200
1026738,255,1027813.200
1026803,292,1028062.800
1026829,329,1028342.000
1026847,366,1028650.800
1026889,103,1028749.200
1027007,140,1028877.200
1027049,177,1029034.800
1027187,214,1029222.000
1027189,251,1029438.800
1027209,288,1029685.200
1027263,325,1029961.200
1027276,362,1030266.800
1027519,99,1030362.000
1027585,136,1030486.800
1027616,173,1030641.200
1027633,210,1030825.200
1027636,247,1031038.800
1027644,284,1031282.000
1027803,321,1031554.800
1027812,358,1031857.200
1027822,95,1031949.200
1027887,132,1032070.800
1028154,169,1032222.000
1028246,206,1032402.800
1028322,243,1032613.200
1028338,280,1032853.200
1028422,317,1033122.800
1028489,354,1033422.000
1028543,91,1033510.800
1028559,128,1033629.200
1028636,165,1033777.200
1028734,202,1033954.800
1028782,239,1034162.000
1028862,276,1034398.800
1028875,313,1034665.200
1028880,350,1034961.200
1028917,87,1035046.800
1028945,124,1035162.000
1029002,161,1035306.800
1029021,198,1035481.200
1029096,235,1035685.200
1029123,272,1035918.800
1029148,309,1036182.000
1029214,346,1036474.800
1029234,383,1036797.200
1029259,120,1036909.200
1029305,157,1037050.800
1029352,194,1037222.000
1029355,231,1037422.800
1029370,268,1037653.200
1029401,305,1037913.200
1029416,342,1038202.800
1029453,379,1038522.000
1029539,116,1038630.800
1029651,153,1038769.200
1029661,190,1038937.200
1029670,227,1039134.800
1029680,264,1039362.000
1029737,301,1039618.800
1029944,338,1039905.200
1030002,375,1040221.200
1030084,112,1040326.800
1030134,149,1040462.000
1030193,186,1040626.800
1030195,223,1040821.200
1030195,260,1041045.200
1030221,297,1041298.800
1030347,334,1041582.000
1030347,371,1041894.800
1030354,108,1041997.200
1030465,145,1042129.200
1030468,182,1042290.800
1030566,219,1042482.000
1030665,256,1042702.800
1030687,293,1042953.200
1030716,330,1043233.200
1030913,367,1043542.800
1031018,104,1043642.000
1031138,141,1043770.800
1031176,178,1043929.200
1031177,215,1044117.200
1031199,252,1044334.800
1031241,289,1044582.000
1031265,326,1044858.800
1031302,363,1045165.200
1031326,100,1045261.200
1031347,137,1045386.800
1031508,174,1045542.000
1031668,211,1045726.800
1031669,248,1045941.200
1031676,285,1046185.200
1031714,322,1046458.800
1031728,359,1046762.000
1031738,96,1046854.800
1031786,133,1046977.200
1031935,170,1047129.200
1032019,207,1047310.800
1032068,244,1047522.000
1032106,281,1047762.800
1035955,318,1048033.200
1035975,355,1048333.200
1036045,92,1048422.800
1036057,129,1048542.000
1036097,166,1048690.800
1036208,203,1048869.200
1036213,240,1049077.200
1036229,277,1049314.800
1036289,314,1049582.000
1036318,351,1049878.800
1036374,88,1049965.200
1036381,125,1050081.200
1036431,162,1050226.800
1036453,199,1050402.000
1036735,236,1050606.800
1036747,273,1050841.200
1036783,310,1051105.200
1036813,347,1051398.800
1036974,384,1051722.000
1037057,121,1051834.800
1037077,158,1051977.200
1037560,195,1052149.200
1037625,232,1052350.800
1037708,269,1052582.000
1037825,306,1052842.800
1037881,343,1053133.200
1037884,380,1053453.200
1037909,117,1053562.800
1038026,154,1053702.000
1038086,191,1053870.800
1038094,228,1054069.200
1038189,265,-1.000
1038229,302,-1.000
1038292,339,-1.000
1038339,376,-1.000
1038562,113,1054175.600
1038645,150,1054311.600
1038739,187,1054477.200
1038766,224,1054672.400
1038778,261,-1.000
1038795,298,-1.000
1038800,335,-1.000
1038806,372,-1.000
1038810,109,1054775.600
1038818,146,-1.000
1038821,183,-1.000
1038823,220,-1.000
1038840,257,-1.000
1038847,294,-1.000
1038890,331,-1.000
1038931,368,-1.000
1038933,105,1054875.600
1039025,142,1055005.200
1039150,179,-1.000
1039180,216,-1.000
1039194,253,-1.000
1039195,290,-1.000
1039284,327,1055282.800
1039345,364,-1.000
1039361,101,-1.000
1039515,138,1055409.200
1039565,175,-1.000
1039678,212,1055594.800
1039703,249,-1.000
1039810,286,-1.000
1040036,323,1055869.200
1040066,360,-1.000
1040130,97,1055962.800
1040181,134,1056086.000
1040202,171,-1.000
1060677,208,1060859.400
1060733,245,1061071.400
1060929,282,1061313.000
1060948,319,1061584.200
1061053,356,1061885.000
1061187,93,1061975.400
1061191,130,1062095.400
1061213,167,1062245.000
1061306,204,1062424.200
1061516,241,1062633.000
1062910,278,1063148.400
1062912,315,1063416.400
1063174,352,1063714.000
1063229,89,1063801.200
1063307,126,1063918.000
1063387,163,1064064.400
1063415,200,1064240.400
1063443,237,1064446.000
1063497,274,1064681.200
1063544,311,1064946.000
1063591,348,1065240.400
1068436,385,1068760.000
1068445,122,1068873.600
1068483,159,1069016.800
1068490,196,1069189.600
1068494,233,1069392.000
1068626,270,1069624.000
1069334,307,1069885.600
1069429,344,1070176.800
1069656,381,1070497.600
1069689,118,1070608.000
1070091,155,1070748.000
1070120,192,1070917.600
1070128,229,1071116.800
1070325,266,1071345.600
1070478,303,1071604.000
1070509,340,1071892.000
1070534,377,1072209.600
1070635,114,1072316.800
1070738,151,1072453.600
1070782,188,1072620.000
1070784,225,1072816.000
1093577,262,1093802.600
1093741,299,1094057.800
1093796,336,1094342.600
1093833,373,1094657.000
1093881,110,1094761.000
1093885,147,1094894.600
1093972,184,1095057.800
1094036,221,1095250.600
1094041,258,1095473.000
1094067,295,1095725.000
1094111,332,1096006.600
1094177,369,1096317.800
1094262,106,1096418.600
1094263,143,1096549.000
1094290,180,1096709.000
1094303,217,1096898.600
1125573,254,1125792.200
1125579,291,1126041.000
1125592,328,1126319.400
1125614,365,1126627.400
1125785,102,1126725.000
1125798,139,1126852.200
1125828,176,1127009.000
1125967,213,1127195.400
1125992,250,1127411.400
1126125,287,1127657.000
1126146,324,1127932.200
1126245,361,1128237.000
1126274,98,1128331.400
1126302,135,1128455.400
1126335,172,1128609.000
1126345,209,1128792.200
1126444,246,1129005.000
1126487,283,1129247.400
1126498,320,1129519.400
1126587,357,1129821.000
1126590,94,1129912.200
1126698,131,1130033.000
1126739,168,1130183.400
1126805,205,1130363.400
1126867,242,1130573.000
1126922,279,1130812.200
1172177,316,1172445.800
1172207,353,1172744.200
1172473,90,1172832.200
1172487,127,1172949.800
1172500,164,1173097.000
1172513,201,1173273.800
1172545,238,1173480.200
1172631,275,1173716.200
1172663,312,1173981.800
1172679,349,1174277.000
1172708,86,1174361.800
1172719,123,1174476.200
1172739,160,1174620.200
1172761,197,1174793.800
1172789,234,1174997.000
1172821,271,1175229.800
1172937,308,1175492.200
1172966,345,1175784.200
1172978,382,1176105.800
1173010,119,1176217.000
1173050,156,1176357.800
1173136,193,1176528.200
1173168,230,1176728.200
1173211,267,1176957.800
1173213,304,1177217.000
1173269,341,1177505.800
1173293,378,1177824.200
1173302,115,1177932.200
1173315,152,1178069.800
1173408,189,1178237.000
1173479,226,1178433.800
1173543,263,1178660.200
1173556,300,1178916.200
1173768,337,1179201.800
1173771,374,1179517.000
1173810,111,1179621.800
1173896,148,1179756.200
1173898,185,1179920.200
1173917,222,1180113.800
1173919,259,1180337.000
1173977,296,1180589.800
1174076,333,1180872.200
1174185,370,1181184.200
1174236,107,1181285.800
1174272,144,1181417.000
1174289,181,1181577.800
1174295,218,1181768.200
1174300,255,1181988.200
1174332,292,1182237.800
1174334,329,1182517.000
1174421,366,1182825.800
1174462,103,1182924.200
1174632,140,1183052.200
1174648,177,1183209.800
1174786,214,1183397.000
1179109,251,1183613.800
1179139,288,1183860.200
1179192,325,1184136.200
1179229,362,1184441.800
1179321,99,1184537.000
1179410,136,1184661.800
1179533,173,1184816.200
1179563,210,1185000.200
1179640,247,1185213.800
1179646,284,1185457.000
1179737,321,1185729.800
1179760,358,1186032.200
1179876,95,1186124.200
1179907,132,1186245.800
1179908,169,1186397.000
1179914,206,1186577.800
1179929,243,1186788.200
1179968,280,1187028.200
1180128,317,1187297.800
1180457,354,1187597.000
1180582,91,1187685.800
1180615,128,1187804.200
1180619,165,1187952.200
1180640,202,1188129.800
1180679,239,1188337.000
1180724,276,1188573.800
1183834,313,1188840.200
1183842,350,1189136.200
1183873,87,1189221.800
1183892,124,1189337.000
1183985,161,1189481.800
1184012,198,1189656.200
1184078,235,1189860.200
1184114,272,1190093.800
1184146,309,1190357.000
1184191,346,1190649.800
1184235,383,1190972.200
1184302,120,1191084.200
1184412,157,1191225.800
1184439,194,1191397.000
1194104,231,1194304.800
1199438,268,1199668.400
1199493,305,1199928.400
1199640,342,1200218.000
1199653,379,1200537.200
1199674,116,1200646.000
1199675,153,1200784.400
1199714,190,1200952.400
1199774,227,1201150.000
1199840,264,1201377.200
1199861,301,1201634.000
1199917,338,1201920.400
1199985,375,1202236.400
1200029,112,1202342.000
1200099,149,1202477.200
1200216,186,1202642.000
1200232,223,1202836.400
1200363,260,1203060.400
1200366,297,1203314.000
1200380,334,1203597.200
1200485,371,1203910.000
1200487,108,1204012.400
1200540,145,1204144.400
1200593,182,1204306.000
1200739,219,1204497.200
1200875,256,1204718.000
1200958,293,1204968.400
1201034,330,1205248.400
1201107,367,1205558.000
1201224,104,1205657.200
1201248,141,1205786.000
1201252,178,1205944.400
1201343,215,1206132.400
1201344,252,1206350.000
1201361,289,1206597.200
1201400,326,1206874.000
1201459,363,1207180.400
1201481,100,1207276.400
1201484,137,1207402.000
1201489,174,1207557.200
1201516,211,1207742.000
1219482,248,1219696.400
1219515,285,1219940.400
1219663,322,1220214.000
1219681,359,1220517.200
1219688,96,1220610.000
1219709,133,1220732.400
1219918,170,1220884.400
1219997,207,1221066.000
1220010,244,1221277.200
1220154,281,1221518.000
1220254,318,1221788.400
1220332,355,1222088.400
1220335,92,1222178.000
1220526,129,1222297.200
1220682,166,1222446.000
1220689,203,1222624.400
1220694,240,1222832.400
1220750,277,1223070.000
1220816,314,1223337.200
1220906,351,1223634.000
1221245,88,1223720.400
1221287,125,1223836.400
1221330,162,1223982.000
1221355,199,1224157.200
1221365,236,1224362.000
1221375,273,1224596.400
1221392,310,1224860.400
1221515,347,1225154.000
1221610,384,1225477.200
1223379,121,1225590.000
1223394,158,1225732.400
1223458,195,1225904.400
1223501,232,1226106.000
1223503,269,1226337.200
1223506,306,1226598.000
1223843,343,1226888.400
1223900,380,1227208.400
1224053,117,1227318.000
1224087,154,1227457.200
1224091,191,1227626.000
1224219,228,1227824.400
1224364,265,1228052.400
1239612,302,1239869.600
1239682,339,1240156.800
1239748,376,1240473.600
1253824,113,1253930.400
1253836,150,1254066.400
1253847,187,1254232.000
1253932,224,1254427.200
1253964,261,1254652.000
1254033,298,1254906.400
1254047,335,1255190.400
1254323,372,1255504.000
1254469,109,1255607.200
1254563,146,1255740.000
1254569,183,1255902.400
1254572,220,1256094.400
1254632,257,1256316.000
1254653,294,1256567.200
1254740,331,1256848.000
1254877,368,1257158.400
1254926,105,1257258.400
1255017,142,1257388.000
1255076,179,1257547.200
1255182,216,1257736.000
1255198,253,1257954.400
1255255,290,1258202.400
1255416,327,1258480.000
1255436,364,1258787.200
1255460,101,1258884.000
1255570,138,1259010.400
1255597,175,1259166.400
1268225,212,1268410.600
1268775,249,1268990.200
1268915,286,1269235.000
1268946,323,1269509.400
1268994,360,1269813.400
1269119,97,1269907.000
1269141,134,1270030.200
1269251,171,1270183.000
1269302,208,1270365.400
1269341,245,1270577.400
1269421,282,1270819.000
1269433,319,1271090.200
1269494,356,1271391.000
1269687,93,1271481.400
1269831,130,1271601.400
1269851,167,1271751.000
1269879,204,1271930.200
1270005,241,1272139.000
1270186,278,1272377.400
1270230,315,1272645.400
1270311,352,1272943.000
1270372,89,1273030.200
1270381,126,1273147.000
1272074,163,1273293.400
1272119,200,1273469.400
1272120,237,1273675.000
1272148,274,1273910.200
1272232,311,1274175.000
1272339,348,1274469.400
1272352,385,1274793.400
1272383,122,1274907.000
1272436,159,1275050.200
1272503,196,1275223.000
1272587,233,1275425.400
1272617,270,1275657.400
1272663,307,1275919.000
1272668,344,1276210.200
1272675,381,1276531.000
1272756,118,1276641.400
1272787,155,1276781.400
1272855,192,1276951.000
1308666,229,1308865.200
1308714,266,1309094.000
1308800,303,1309352.400
1308883,340,1309640.400
1308945,377,1309958.000
1308967,114,1310065.200
1323941,151,1324077.800
1324029,188,1324244.200
1324089,225,1324440.200
1324097,262,1324665.800
1324127,299,1324921.000
1324129,336,1325205.800
1324200,373,1325520.200
1324203,110,1325624.200
1324249,147,1325757.800
1324270,184,1325921.000
1324310,221,1326113.800
1325775,258,1326336.200
1325816,295,1326588.200
1325824,332,1326869.800
1325824,369,1327181.000
1325842,106,1327281.800
1325885,143,1327412.200
1325890,180,1327572.200
1325898,217,1327761.800
1325903,254,1327981.000
1341801,291,1342049.800
1341979,328,1342328.200
1342022,365,1342636.200
1342091,102,1342733.800
1342096,139,1342861.000
1342122,176,1343017.800
1342144,213,1343204.200
1342193,250,1343420.200
1342204,287,1343665.800
1342337,324,1343941.000
1342343,361,1344245.800
1342456,98,1344340.200
1342492,135,1344464.200
1342497,172,1344617.800
1342603,209,1344801.000
1342603,246,1345013.800
1342686,283,1345256.200
1342735,320,1345528.200
1342736,357,1345829.800
1342775,94,1345921.000
1342795,131,1346041.800
1342836,168,1346192.200
1342947,205,1346372.200
1342958,242,1346581.800
1343061,279,1346821.000
1343149,316,1347089.800
1343178,353,1347388.200
1343236,90,1347476.200
1343291,127,1347593.800
1351804,164,1351951.200
1351853,201,1352128.000
1351872,238,1352334.400
1352005,275,1352570.400
1352046,312,1352836.000
1352054,349,1353131.200
1352255,86,1353216.000
1352290,123,1353330.400
1352303,160,1353474.400
1352353,197,1353648.000
1352473,234,1353851.200
1352523,271,1354084.000
1352595,308,1354346.400
1352755,345,1354638.400
1352765,382,1354960.000
1352846,119,1355071.200
1352864,156,1355212.000
1352970,193,1355382.400
1353032,230,1355582.400
1353033,267,1355812.000
1353094,304,1356071.200
1353111,341,1356360.000
1353115,378,1356678.400
1353122,115,1356786.400
1353186,152,1356924.000
1353291,189,1357091.200
1376871,226,1377067.800
1376917,263,1377294.200
1377059,300,1377550.200
1377199,337,1377835.800
1377246,374,1378151.000
1377284,111,1378255.800
1377431,148,1378390.200
1377452,185,1378554.200
1377592,222,1378747.800
1377665,259,1378971.000
1377672,296,1379223.800
1392671,333,1392953.400
1392706,370,1393265.400
1392752,107,1393367.000
1392887,144,1393498.200
1392979,181,1393659.000
1393004,218,1393849.400
1393123,255,1394069.400
1393171,292,1394319.000
1393194,329,1394598.200
1393242,366,1394907.000
1399470,103,1399568.400
1399470,140,1399696.400
1399661,177,1399854.000
1399691,214,1400041.200
1399750,251,1400258.000
1399818,288,1400504.400
1399829,325,1400780.400
1399916,362,1401086.000
1399952,99,1401181.200
1400677,136,1401306.000
1403335,173,1403489.400
1403338,210,1403673.400
1403418,247,1403887.000
1403496,284,1404130.200
1403612,321,1404403.000
1403619,358,1404705.400
1403782,95,1404797.400
1403862,132,1404919.000
1403951,169,1405070.200
1404084,206,1405251.000
1415711,243,1415921.400
1415868,280,1416161.400
1415895,317,1416431.000
1415918,354,1416730.200
1415998,91,1416819.000
1416002,128,1416937.400
1416053,165,1417085.400
1421005,202,1421182.600
1459893,239,1460100.200
1460075,276,1460337.000
1460087,313,1460603.400
1460204,350,1460899.400
1460221,87,1460985.000
1460276,124,1461100.200
1460367,161,1461245.000
1460477,198,1461419.400
1460484,235,1461623.400
1460513,272,1461857.000
1460582,309,1462120.200
1460600,346,1462413.000
1460770,383,1462735.400
1460802,120,1462847.400
1460892,157,1462989.000
1461001,194,1463160.200
1461252,231,1463361.000
1461284,268,1463591.400
1461370,305,1463851.400
1461451,342,1464141.000
1461536,379,1464460.200
1461543,116,1464569.000
1461577,153,1464707.400
1461591,190,1464875.400
1461688,227,1465073.000
1461691,264,1465300.200
1461697,301,1465557.000
1461714,338,1465843.400
1461939,375,1466159.400
1462003,112,1466265.000
1462103,149,1466400.200
1462126,186,1466565.000
1462257,223,1466759.400
1462292,260,1466983.400
1462323,297,1467237.000
1462364,334,1467520.200
1462372,371,1467833.000
1462382,108,1467935.400
1462444,145,1468067.400
1462450,182,1468229.000
1462483,219,1468420.200
1462530,256,1468641.000
1462547,293,1468891.400
1462552,330,1469171.400
1462552,367,1469481.000
1462562,104,1469580.200
1462568,141,1469709.000
1462627,178,1469867.400
1462652,215,1470055.400
1462677,252,1470273.000
1462701,289,1470520.200
1462742,326,1470797.000
1462768,363,1471103.400
1462801,100,1471199.400
1462901,137,1471325.000
1462935,174,1471480.200
1462987,211,1471665.000
1463135,248,1471879.400
1463162,285,1472123.400
1463603,322,1472397.000
1463642,359,1472700.200
1463690,96,1472793.000
1463725,133,1472915.400
1463728,170,1473067.400
1463817,207,1473249.000
1463834,244,1473460.200
1463965,281,1473701.000
1463967,318,1473971.400
1463968,355,1474271.400
1464024,92,1474361.000
1464070,129,1474480.200
1464083,166,1474629.000
1477911,203,1478089.400
1478005,240,1478297.400
1478034,277,1478535.000
1478069,314,1478802.200
1478102,351,1479099.000
1478220,88,1479185.400
1478321,125,1479301.400
1478321,162,1479447.000
1478340,199,1479622.200
1478342,236,1479827.000
1483788,273,1484022.400
1483878,310,1484286.400
1483936,347,1484580.000
1483942,384,1484903.200
1484022,121,1485016.000
1484029,158,1485158.400
1484051,195,1485330.400
1484071,232,1485532.000
1484182,269,1485763.200
1484202,306,1486024.000
1484237,343,1486314.400
1484256,380,1486634.400
1484319,117,1486744.000
1484331,154,1486883.200
1484332,191,1487052.000
1490815,228,1491013.400
1490979,265,1491241.400
1490986,302,1491499.000
1491024,339,1491786.200
1491031,376,1492103.000
1491135,113,1492209.400
1491141,150,1492345.400
1491174,187,1492511.000
1491195,224,1492706.200
1491239,261,1492931.000
1491243,298,1493185.400
1491293,335,1493469.400
1491339,372,1493783.000
1491395,109,1493886.200
1491414,146,1494019.000
1491423,183,1494181.400
1491543,220,1494373.400
1491575,257,1494595.000
1491581,294,1494846.200
1491678,331,1495127.000
1491730,368,1495437.400
1491807,105,1495537.400
1491847,142,1495667.000
1491975,179,1495826.200
1491996,216,1496015.000
1492006,253,1496233.400
1492009,290,1496481.400
1492036,327,1496759.000
1492036,364,1497066.200
1492055,101,1497163.000
1492065,138,1497289.400
1492072,175,1497445.400
1492094,212,1497631.000
1492094,249,1497846.200
1492133,286,1498091.000
1492196,323,1498365.400
1492198,360,1498669.400
1492209,97,1498763.000
1492227,134,1498886.200
1492274,171,1499039.000
1492356,208,1499221.400
1492388,245,1499433.400
1492390,282,1499675.000
1492402,319,1499946.200
1492436,356,1500247.000
1492437,93,1500337.400
1492479,130,1500457.400
1492533,167,1500607.000
1492561,204,1500786.200
1492602,241,1500995.000
1492645,278,1501233.400
1492667,315,1501501.400
1492765,352,1501799.000
1492822,89,1501886.200
1492858,126,1502003.000
1492859,163,1502149.400
1492905,200,1502325.400
1493005,237,1502531.000
1493088,274,1502766.200
1493250,311,1503031.000
1493338,348,1503325.400
1493340,385,1503649.400
1493351,122,1503763.000
1493369,159,1503906.200
1493371,196,1504079.000
1493392,233,1504281.400
1493438,270,1504513.400
1493483,307,1504775.000
1493508,344,1505066.200
1493522,381,1505387.000
1493571,118,1505497.400
1493624,155,1505637.400
1493769,192,1505807.000
1493785,229,1506006.200
1493824,266,1506235.000
1493831,303,1506493.400
1493848,340,1506781.400
1493877,377,1507099.000
1493898,114,1507206.200
1493917,151,1507343.000
1494009,188,1507509.400
1494045,225,1507705.400
1494080,262,1507931.000
1498076,299,1508186.200
1498149,336,1508471.000
1498200,373,1508785.400
1498256,110,1508889.400
1498293,147,1509023.000
1498341,184,1509186.200
1498429,221,1509379.000
1498534,258,1509601.400
1498560,295,1509853.400
1498567,332,1510135.000
1498569,369,1510446.200
1498578,106,1510547.000
1498584,143,1510677.400
1498678,180,1510837.400
1498749,217,1511027.000
1498785,254,1511246.200
1498792,291,1511495.000
1498854,328,1511773.400
1498859,365,1512081.400
1498870,102,1512179.000
1498910,139,1512306.200
1499012,176,1512463.000
1499138,213,1512649.400
1499144,250,1512865.400
1499155,287,1513111.000
1499173,324,1513386.200
1499237,361,1513691.000
1502823,98,1513785.400
1502828,135,1513909.400
1502898,172,1514063.000
1502957,209,1514246.200
1502966,246,1514459.000
1502984,283,1514701.400
1503164,320,1514973.400
1511574,357,1515275.000
1511588,94,1515366.200
1511600,131,1515487.000
1511609,168,1515637.400
1511685,205,1515817.400
1511750,242,1516027.000
1511828,279,1516266.200
1511849,316,1516535.000
1511966,353,1516833.400
1512091,90,1516921.400
1512223,127,1517039.000
1512263,164,1517186.200
1512298,201,1517363.000
1512365,238,1517569.400
1512416,275,1517805.400
1512521,312,1518071.000
1512530,349,1518366.200
1512539,86,1518451.000
1512550,123,1518565.400
1512554,160,1518709.400
1512568,197,1518883.000
1512613,234,1519086.200
1512687,271,1519319.000
1512730,308,1519581.400
1522836,345,1523128.000
1528867,382,1529188.600
1528941,119,1529299.800
1528945,156,1529440.600
1528961,193,1529611.000
1529063,230,1529811.000
1529109,267,1530040.600
1532771,304,1533030.200
1532851,341,1533319.000
1532851,378,1533637.400
1532892,115,1533745.400
1532894,152,1533883.000
1541283,189,1541450.200
1541284,226,1541647.000
1541290,263,1541873.400
1541299,300,1542129.400
1541310,337,1542415.000
1541384,374,1542730.200
1541394,111,1542835.000
1541395,148,1542969.400
1541440,185,1543133.400
1541508,222,1543327.000
1569930,259,1570153.200
1569944,296,1570406.000
1570060,333,1570688.400
1570090,370,1571000.400
1570127,107,1571102.000
1570254,144,1571233.200
1570396,181,1571394.000
1570422,218,1571584.400
1570721,255,1571804.400
1570747,292,1572054.000
1570768,329,1572333.200
1570804,366,1572642.000
1570829,103,1572740.400
1570979,140,1572868.400
1571127,177,1573026.000
1571250,214,1573213.200
1571669,251,1573430.000
1571686,288,1573676.400
1571724,325,1573952.400
1571727,362,1574258.000
1571736,99,1574353.200
1571747,136,1574478.000
1571948,173,1574632.400
1572247,210,1574816.400
1572389,247,1575030.000
1572427,284,1575273.200
1572471,321,1575546.000
1572593,358,1575848.400
1572675,95,1575940.400
1572747,132,1576062.000
1572757,169,1576213.200
1572870,206,1576394.000
1572955,243,1576604.400
1572982,280,1576844.400
1578497,317,1578766.600
1578549,354,1579065.800
1578571,91,1579154.600
1578685,128,1579273.000
1578703,165,1579421.000
1578812,202,1579598.600
1578861,239,1579805.800
1578912,276,1580042.600
1578938,313,1580309.000
1578947,350,1580605.000
1578989,87,1580690.600
1579034,124,1580805.800
1579139,161,1580950.600
1579161,198,1581125.000
1579164,235,1581329.000
1579224,272,1581562.600
1579318,309,1581825.800
1579327,346,1582118.600
1579438,383,1582441.000
1579496,120,1582553.000
1579561,157,1582694.600
1579643,194,1582865.800
1579676,231,1583066.600
1579688,268,1583297.000
1579735,305,1583557.000
1579759,342,1583846.600
1579780,379,1584165.800
1579820,116,1584274.600
1589429,153,1589567.400
1589586,190,1589754.000
1589608,227,1589951.600
1589687,264,1590178.800
1589713,301,1590435.600
1589746,338,1590722.000
1589816,375,1591038.000
1589881,112,1591143.600
1590257,149,1591278.800
1590358,186,1591443.600
1590384,223,1591638.000
1590451,260,1591862.000
1590458,297,1592115.600
1590509,334,1592398.800
1590525,371,1592711.600
1590557,108,1592814.000
1590558,145,1592946.000
1590651,182,1593107.600
1590660,219,1593298.800
1590730,256,1593519.600
1590765,293,1593770.000
1590817,330,1594050.000
1590914,367,1594359.600
1591167,104,1594458.800
1591321,141,1594587.600
1591398,178,1594746.000
1591442,215,1594934.000
1591561,252,1595151.600
1591650,289,1595398.800
1591688,326,1595675.600
1591857,363,1595982.000
1591919,100,1596078.000
1591936,137,1596203.600
1592004,174,1596358.800
1592013,211,1596543.600
1592085,248,1596758.000
1592106,285,1597002.000
1592245,322,1597275.600
1592314,359,1597578.800
1592379,96,1597671.600
1592466,133,1597794.000
1599942,170,1600094.000
1600017,207,1600275.600
1600017,244,1600486.800
1600107,281,1600727.600
1600154,318,1600998.000
1600168,355,1601298.000
1600188,92,1601387.600
1600209,129,1601506.800
1600456,166,1601655.600
1600459,203,1601834.000
1600473,240,1602042.000
1600575,277,1602279.600
1600611,314,1602546.800
1600630,351,1602843.600
1600645,88,1602930.000
1600659,125,1603046.000
1600752,162,1603191.600
1600770,199,1603366.800
1600776,236,1603571.600
1600893,273,1603806.000
1600895,310,1604070.000
1600898,347,1604363.600
1601062,384,1604686.800
1601114,121,1604799.600
1601228,158,1604942.000
1601243,195,1605114.000
1601314,232,1605315.600
1601350,269,1605546.800
1619560,306,1619820.800
1619648,343,1620111.200
1619747,380,1620431.200
1619757,117,1620540.800
1619818,154,1620680.000
1620112,191,1620848.800
1620112,228,1621047.200
1620148,265,1621275.200
1620151,302,1621532.800
1620209,339,1621820.000
1620302,376,1622136.800
1620373,113,1622243.200
1620437,150,1622379.200
1620452,187,1622544.800
1620456,224,1622740.000
1620566,261,1622964.800
1620620,298,1623219.200
1620633,335,1623503.200
1620649,372,1623816.800
1620726,109,1623920.000
1620791,146,1624052.800
1620865,183,1624215.200
1620872,220,1624407.200
1620892,257,1624628.800
1621011,294,1624880.000
1621023,331,1625160.800
1621048,368,1625471.200
1621060,105,1625571.200
1621104,142,1625700.800
1621154,179,1625860.000
1621155,216,1626048.800
1621296,253,1626267.200
1621307,290,1626515.200
1628007,327,1628284.600
1628049,364,1628591.800
1628153,101,1628688.600
1628179,138,1628815.000
1628270,175,1628971.000
1628301,212,1629156.600
1628353,249,1629371.800
1628388,286,1629616.600
1628406,323,1629891.000
1654262,360,1654566.000
1654407,97,1654659.600
1654416,134,1654782.800
1654466,171,1654935.600
1654536,208,1655118.000
1654578,245,1655330.000
1654613,282,1655571.600
1654622,319,1655842.800
1654686,356,1656143.600
1654715,93,1656234.000
1654718,130,1656354.000
1654731,167,1656503.600
1655069,204,1656682.800
1655094,241,1656891.600
1655202,278,1657130.000
1655283,315,1657398.000
1655310,352,1657695.600
1655319,89,1657782.800
1655329,126,1657899.600
1655342,163,1658046.000
1655380,200,1658222.000
1655404,237,1658427.600
1655448,274,1658662.800
1655536,311,1658927.600
1655562,348,1659222.000
1655575,385,1659546.000
1655626,122,1659659.600
1655677,159,1659802.800
1655707,196,1659975.600
1655768,233,1660178.000
1655902,270,1660410.000
1655940,307,1660671.600
1655947,344,1660962.800
1655953,381,1661283.600
1655959,118,1661394.000
1656039,155,1661534.000
1656043,192,1661703.600
1656113,229,1661902.800
1656386,266,1662131.600
1656502,303,1662390.000
1656553,340,1662678.000
1656571,377,1662995.600
1656606,114,1663102.800
1656655,151,1663239.600
1656674,188,1663406.000
1656710,225,1663602.000
1656740,262,1663827.600
1656797,299,1664082.800
1656825,336,1664367.600
1656837,373,1664682.000
1661007,110,1664786.000
1661227,147,1664919.600
1661250,184,1665082.800
1661299,221,1665275.600
1661340,258,1665498.000
1661344,295,1665750.000
1661460,332,1666031.600
1661511,369,1666342.800
1661572,106,1666443.600
1661808,143,1666574.000
1661879,180,1666734.000
1661998,217,1666923.600
1662008,254,1667142.800
1662110,291,1667391.600
1662266,328,1667670.000
1662322,365,1667978.000
1662339,102,1668075.600
1662466,139,1668202.800
1662499,176,1668359.600
1662515,213,1668546.000
1662550,250,1668762.000
1662559,287,1669007.600
1662579,324,1669282.800
1662582,361,1669587.600
1662644,98,1669682.000
1662704,135,1669806.000
1662776,172,1669959.600
1662846,209,1670142.800
1662866,246,1670355.600
1662920,283,1670598.000
1662924,320,1670870.000
1663002,357,1671171.600
1663023,94,1671262.800
1663034,131,1671383.600
1663066,168,1671534.000
1663091,205,1671714.000
1663139,242,1671923.600
1663228,279,1672162.800
1663279,316,1672431.600
1664283,353,1672730.000
1664318,90,1672818.000
1664365,127,1672935.600
1664446,164,1673082.800
1664451,201,1673259.600
1664458,238,1673466.000
1664538,275,1673702.000
1664608,312,1673967.600
1664670,349,1674262.800
1664732,86,1674347.600
1664992,123,1674462.000
1665162,160,1674606.000
1665206,197,1674779.600
1665210,234,1674982.800
1665260,271,1675215.600
1665330,308,1675478.000
1665436,345,1675770.000
1696015,382,1696336.600
1696064,119,1696447.800
1696134,156,1696588.600
1696224,193,1696759.000
1696360,230,1696959.000
1696479,267,1697188.600
1696501,304,1697447.800
1696519,341,1697736.600
1696535,378,1698055.000
1696606,115,1698163.000
1696823,152,1698300.600
1696867,189,1698467.800
1696886,226,1698664.600
1696910,263,1698891.000
1696984,300,1699147.000
1697071,337,1699432.600
1697092,374,1699747.800
1697100,111,1699852.600
1697190,148,1699987.000
1697235,185,1700151.000
1697361,222,1700344.600
1697447,259,1700567.800
1697571,296,1700820.600
1697573,333,1701103.000
1697726,370,1701415.000
1697791,107,1701516.600
1697946,144,1701647.800
1698132,181,1701808.600
1698152,218,1701999.000
1698230,255,1702219.000
1698260,292,1702468.600
1698298,329,1702747.800
1698376,366,1703056.600
1698413,103,1703155.000
1698488,140,1703283.000
1698547,177,1703440.600
1698572,214,1703627.800
1698614,251,1703844.600
1698617,288,1704091.000
1698621,325,1704367.000
1698643,362,1704672.600
1698685,99,1704767.800
1698695,136,1704892.600
1698734,173,1705047.000
1698768,210,1705231.000
1698795,247,1705444.600
1698801,284,1705687.800
1698838,321,1705960.600
1698867,358,1706263.000
1698877,95,1706355.000
1698950,132,1706476.600
1698967,169,1706627.800
1699059,206,1706808.600
1699074,243,1707019.000
1699093,280,1707259.000
1699107,317,1707528.600
1699109,354,1707827.800
1699114,91,1707916.600
1699118,128,1708035.000
1701832,165,1708183.000
1701837,202,1708360.600
1701960,239,1708567.800
1702045,276,1708804.600
1702058,313,1709071.000
1702122,350,1709367.000
1702153,87,1709452.600
1702230,124,1709567.800
1702258,161,1709712.600
1702385,198,1709887.000
1708178,235,1710091.000
1708229,272,1710324.600
1708231,309,1710587.800
1708249,346,1710880.600
1708357,383,1711203.000
1708358,120,1711315.000
1708419,157,1711456.600
1708476,194,1711627.800
1708591,231,1711828.600
1708624,268,1712059.000
1708730,305,1712319.000
1708871,342,1712608.600
1708912,379,1712927.800
1708966,116,1713036.600
1708993,153,1713175.000
1709069,190,1713343.000
1709100,227,1713540.600
1709118,264,1713767.800
1709155,301,1714024.600
1709161,338,1714311.000
1709343,375,1714627.000
1709421,112,1714732.600
1709518,149,1714867.800
1709666,186,1715032.600
1709809,223,1715227.000
1709868,260,1715451.000
1709877,297,1715704.600
1709915,334,1715987.800
1709918,371,1716300.600
1710098,108,1716403.000
1710129,145,1716535.000
1710173,182,1716696.600
1710295,219,1716887.800
1710338,256,1717108.600
1710355,293,1717359.000
1710480,330,1717639.000
1710513,367,1717948.600
1710551,104,1718047.800
1710563,141,1718176.600
1710672,178,1718335.000
1710726,215,1718523.000
1710897,252,1718740.600
1711049,289,1718987.800
1711251,326,1719264.600
1711265,363,1719571.000
1711384,100,1719667.000
1711513,137,1719792.600
1711549,174,1719947.800
1711564,211,1720132.600
1711708,248,1720347.000
1711836,285,1720591.000
1711917,322,1720864.600
1711972,359,1721167.800
1712001,96,1721260.600
1712014,133,1721383.000
1712066,170,1721535.000
1713583,207,1721716.600
1713678,244,1721927.800
1713680,281,1722168.600
1713691,318,1722439.000
1713747,355,1722739.000
1713798,92,1722828.600
1713820,129,1722947.800
1713853,166,1723096.600
1714060,203,1723275.000
1714085,240,1723483.000
1714128,277,1723720.600
1714169,314,1723987.800
1714178,351,1724284.600
1714187,88,1724371.000
1714195,125,1724487.000
1714221,162,1724632.600
1714319,199,1724807.800
1714349,236,1725012.600
1714470,273,1725247.000
1714539,310,1725511.000
1714612,347,1725804.600
1714643,384,1726127.800
1714706,121,1726240.600
1714765,158,1726383.000
1714778,195,1726555.000
1714839,232,1726756.600
1727858,269,1728089.200
1727942,306,1728350.000
1727966,343,1728640.400
1728102,380,1728960.400
1728111,117,1729070.000
1728119,154,1729209.200
1728175,191,1729378.000
1728200,228,1729576.400
1728503,265,1729804.400
1728535,302,1730062.000
1728544,339,1730349.200
1728549,376,1730666.000
1728626,113,1730772.400
1728629,150,1730908.400
1728647,187,1731074.000
1728653,224,1731269.200
1728755,261,1731494.000
1728894,298,1731748.400
1728915,335,1732032.400
1728941,372,1732346.000
1729086,109,1732449.200
1729115,146,1732582.000
1729117,183,1732744.400
1729184,220,1732936.400
1737144,257,1737365.600
1737168,294,1737616.800
1737181,331,1737897.600
1740098,368,1740408.400
1740139,105,1740508.400
1740169,142,1740638.000
1744257,179,1744416.200
1744277,216,1744605.000
1744282,253,1744823.400
1744435,290,1745071.400
1744462,327,1745349.000
1744471,364,1745656.200
1744509,101,1745753.000
1744532,138,1745879.400
1744574,175,1746035.400
1744733,212,1746221.000
1744744,249,1746436.200
1744859,286,1746681.000
1744859,323,1746955.400
1744903,360,1747259.400
1744918,97,1747353.000
1745182,134,1747476.200
1745215,171,1747629.000
1745329,208,1747811.400
1745358,245,1748023.400
1745376,282,1748265.000
1745461,319,1748536.200
1745666,356,1748837.000
1745709,93,1748927.400
1745770,130,1749047.400
1745779,167,1749197.000
1745937,204,1749376.200
1746078,241,1749585.000
1746089,278,1749823.400
1746210,315,1750091.400
1746235,352,1750389.000
1746336,89,1750476.200
1746419,126,1750593.000
1746465,163,1750739.400
1746468,200,1750915.400
1746475,237,1751121.000
1746483,274,1751356.200
1746498,311,1751621.000
1746634,348,1751915.400
1746794,385,1752239.400
1746841,122,1752353.000
1746865,159,1752496.200
1746932,196,1752669.000
1746988,233,1752871.400
1747026,270,1753103.400
1747080,307,1753365.000
1747170,344,1753656.200
1747428,381,1753977.000
1747484,118,1754087.400
1747512,155,1754227.400
1747512,192,1754397.000
1747521,229,1754596.200
1747709,266,1754825.000
1751770,303,1755083.400
1751777,340,1755371.400
1751780,377,1755689.000
1751805,114,1755796.200
1751815,151,1755933.000
1751825,188,1756099.400
1751929,225,1756295.400
1752005,262,1756521.000
1752106,299,1756776.200
1752151,336,1757061.000
1782857,373,1783171.400
1783058,110,1783275.400
1783108,147,1783409.000
1783178,184,1783572.200
1783261,221,1783765.000
1783278,258,1783987.400
1783344,295,1784239.400
1783405,332,1784521.000
1783445,369,1784832.200
1783446,106,1784933.000
1783498,143,1785063.400
1783508,180,1785223.400
1783573,217,1785413.000
1783650,254,1785632.200
1804082,291,1804330.800
1804163,328,1804609.200
1804180,365,1804917.200
1804183,102,1805014.800
1804258,139,1805142.000
1804273,176,1805298.800
1804386,213,1805485.200
1804419,250,1805701.200
1804421,287,1805946.800
1804505,324,1806222.000
1829528,361,1829832.800
1841409,98,1841503.400
1841495,135,1841627.400
1841516,172,1841781.000
1841608,209,1841964.200
1841747,246,1842177.000
1841811,283,1842419.400
1841888,320,1842691.400
1841895,357,1842993.000
1841966,94,1843084.200
1842291,131,1843205.000
1842307,168,1843355.400
1842389,205,1843535.400
1842416,242,1843745.000
1842440,279,1843984.200
1842575,316,1844253.000
1842583,353,1844551.400
1842595,90,1844639.400
1842683,127,1844757.000
1842733,164,1844904.200
1842801,201,1845081.000
1842958,238,1845287.400
1842994,275,1845523.400
1846431,312,1846696.600
1846532,349,1846991.800
1846592,86,1847076.600
1846750,123,1847191.000
1846787,160,1847335.000
1846801,197,1847508.600
1846803,234,1847711.800
1846837,271,1847944.600
1846874,308,1848207.000
1847013,345,1848499.000
1847013,382,1848820.600
1847025,119,1848931.800
1847041,156,1849072.600
1855404,193,1855574.400
1855437,230,1855774.400
1855486,267,1856004.000
1855553,304,1856263.200
1855570,341,1856552.000
1855647,378,1856870.400
1855828,115,1856978.400
1855854,152,1857116.000
1855879,189,1857283.200
1855917,226,1857480.000
1855958,263,1857706.400
1855995,300,1857962.400
1856231,337,1858248.000
1856552,374,1858563.200
1856555,111,1858668.000
1856670,148,1858802.400
1856830,185,1858966.400
1856979,222,1859160.000
1857116,259,1859383.200
1857306,296,1859636.000
1857381,333,1859918.400
1857458,370,1860230.400
1857481,107,1860332.000
1857546,144,1860463.200
1857679,181,1860624.000
1857716,218,1860814.400
1857845,255,1861034.400
1857846,292,1861284.000
1857931,329,1861563.200
1858030,366,1861872.000
1858052,103,1861970.400
1858074,140,1862098.400
1858075,177,1862256.000
1858086,214,1862443.200
1858273,251,1862660.000
1858292,288,1862906.400
1858293,325,1863182.400
1858297,362,1863488.000
1858314,99,1863583.200
1858421,136,1863708.000
1858505,173,1863862.400
1858543,210,1864046.400
1858673,247,1864260.000
1858684,284,1864503.200
1858715,321,1864776.000
1858847,358,1865078.400
1858904,95,1865170.400
1859404,132,1865292.000
1859454,169,1865443.200
1859550,206,1865624.000
1859697,243,1865834.400
1859726,280,1866074.400
1859806,317,1866344.000
1859865,354,1866643.200
1859976,91,1866732.000
1860034,128,1866850.400
1860132,165,1866998.400
1871219,202,1871396.600
1871220,239,1871603.800
1871229,276,1871840.600
1871405,313,1872107.000
1871416,350,1872403.000
1871524,87,1872488.600
1871582,124,1872603.800
1871634,161,1872748.600
1871669,198,1872923.000
1871833,235,1873127.000
1871838,272,1873360.600
1871933,309,1873623.800
1871967,346,1873916.600
1872002,383,1874239.000
1872116,120,1874351.000
1872141,157,1874492.600
1872235,194,1874663.800
1872333,231,1874864.600
1872404,268,1875095.000
1872427,305,1875355.000
1872438,342,1875644.600
1872440,379,1875963.800
1872789,116,1876072.600
1872790,153,1876211.000
1872843,190,1876379.000
1872916,227,1876576.600
1872936,264,1876803.800
1872965,301,1877060.600
1873140,338,1877347.000
1873370,375,1877663.000
1873391,112,1877768.600
1873403,149,1877903.800
1873435,186,1878068.600
1873460,223,1878263.000
1873482,260,1878487.000
1873489,297,1878740.600
1873548,334,1879023.800
1873568,371,1879336.600
1873682,108,1879439.000
1873718,145,1879571.000
1873901,182,1879732.600
1874121,219,1879923.800
1874230,256,1880144.600
1874355,293,1880395.000
1874382,330,1880675.000
1874405,367,1880984.600
1874461,104,1881083.800
1874534,141,1881212.600
1874563,178,1881371.000
1874584,215,1881559.000
1874587,252,1881776.600
1874597,289,1882023.800
1874627,326,1882300.600
1874629,363,1882607.000
1874776,100,1882703.000
1874865,137,1882828.600
1874883,174,1882983.800
1874927,211,1883168.600
1875035,248,1883383.000
1875058,285,1883627.000
1875080,322,1883900.600
1875183,359,1884203.800
1875257,96,1884296.600
1875404,133,1884419.000
1875474,170,1884571.000
1875515,207,1884752.600
1875588,244,1884963.800
1875596,281,1885204.600
1875691,318,1885475.000
1875702,355,1885775.000
1875743,92,1885864.600
1875813,129,1885983.800
1875895,166,1886132.600
1875897,203,1886311.000
1902365,240,1902573.000
1902495,277,1902810.600
1902497,314,1903077.800
1902544,351,1903374.600
1902614,88,1903461.000
1902746,125,1903577.000
1902829,162,1903722.600
1902921,199,1903897.800
1903018,236,1904102.600
1903123,273,1904337.000
1903176,310,1904601.000
1903202,347,1904894.600
1903226,384,1905217.800
1911073,121,1911185.800
1911125,158,1911328.200
1911145,195,1911500.200
1911153,232,1911701.800
1911245,269,1911933.000
1911327,306,1912193.800
1911408,343,1912484.200
1911495,380,1912804.200
1911521,117,1912913.800
1922916,154,1923055.200
1928466,191,1928634.800
1928517,228,1928833.200
1928550,265,1929061.200
1928563,302,1929318.800
1928567,339,1929606.000
1928580,376,1929922.800
1928623,113,1930029.200
1928653,150,1930165.200
1928712,187,1930330.800
1928716,224,1930526.000
1928804,261,1930750.800
1928953,298,1931005.200
1929019,335,1931289.200
1929023,372,1931602.800
1929032,109,1931706.000
1929066,146,1931838.800
1929117,183,1932001.200
1929155,220,1932193.200
1929206,257,1932414.800
1929236,294,1932666.000
1929437,331,1932946.800
1929487,368,1933257.200
1929573,105,1933357.200
1929607,142,1933486.800
1929608,179,1933646.000
1929611,216,1933834.800
1929651,253,1934053.200
1929662,290,1934301.200
1929671,327,1934578.800
1929674,364,1934886.000
1929712,101,1934982.800
1929793,138,1935109.200
1929793,175,1935265.200
1929960,212,1935450.800
1929978,249,1935666.000
1930049,286,1935910.800
1930103,323,1936185.200
1930120,360,1936489.200
1930145,97,1936582.800
1930180,134,1936706.000
1930203,171,1936858.800
1930224,208,1937041.200
1930253,245,1937253.200
1930297,282,1937494.800
1930322,319,1937766.000
1930399,356,1938066.800
1930413,93,1938157.200
1930418,130,1938277.200
1930471,167,1938426.800
1930523,204,1938606.000
1930630,241,1938814.800
1930865,278,1939053.200
1930917,315,1939321.200
1930993,352,1939618.800
1931080,89,1939706.000
1931126,126,1939822.800
1931130,163,1939969.200
1931225,200,1940145.200
1931299,237,1940350.800
1931404,274,1940586.000
1931430,311,1940850.800
1931507,348,1941145.200
1931611,385,1941469.200
1931626,122,1941582.800
1931635,159,1941726.000
1931645,196,1941898.800
1931653,233,1942101.200
1931665,270,1942333.200
1931677,307,1942594.800
1931713,344,1942886.000
1931818,381,1943206.800
1931849,118,1943317.200
1931855,155,1943457.200
1931954,192,1943626.800
1932046,229,1943826.000
1939176,266,1944054.800
1939212,303,1944313.200
1939256,340,1944601.200
1939272,377,1944918.800
1939333,114,1945026.000
1939349,151,1945162.800
1939377,188,1945329.200
1939419,225,1945525.200
1943486,262,1945750.800
1943513,299,1946006.000
1943571,336,1946290.800
1943681,373,1946605.200
1943855,110,1946709.200
1943939,147,1946842.800
1943961,184,1947006.000
1943985,221,1947198.800
1944024,258,1947421.200
1944082,295,1947673.200
1944152,332,1947954.800
1944362,369,1948266.000
1944363,106,1948366.800
1944467,143,1948497.200
1949274,180,1949434.000
1949352,217,1949623.600
1949459,254,1949842.800
1949563,291,1950091.600
1949591,328,1950370.000
1949612,365,1950678.000
1949729,102,1950775.600
1949762,139,1950902.800
1949765,176,1951059.600
1949814,213,1951246.000
1949816,250,1951462.000
1949849,287,1951707.600
1950060,324,1951982.800
1950077,361,1952287.600
1950135,98,1952382.000
1954743,135,1954867.000
1954776,172,1955020.600
1954838,209,1955203.800
1954845,246,1955416.600
1954852,283,1955659.000
1954857,320,1955931.000
1954897,357,1956232.600
1955467,94,1956323.800
1955538,131,1956444.600
1955552,168,1956595.000
1956140,205,1956775.000
1956214,242,1956984.600
1956337,279,1957223.800
1956598,316,1957492.600
1956654,353,1957791.000
1956793,90,1957879.000
1956811,127,1957996.600
1956821,164,1958143.800
1956837,201,1958320.600
1956947,238,1958527.000
1956957,275,1958763.000
1956959,312,1959028.600
1956988,349,1959323.800
1957064,86,1959408.600
1957083,123,1959523.000
1957106,160,1959667.000
1957184,197,1959840.600
1957284,234,1960043.800
1957392,271,1960276.600
1957525,308,1960539.000
1957591,345,1960831.000
1957684,382,1961152.600
1957708,119,1961263.800
1957720,156,1961404.600
1957766,193,1961575.000
1957857,230,1961775.000
1958023,267,1962004.600
1958122,304,1962263.800
1958141,341,1962552.600
1958179,378,1962871.000
1958266,115,1962979.000
1958372,152,1963116.600
1958393,189,1963283.800
1958442,226,1963480.600
1958547,263,1963707.000
1958641,300,1963963.000
1958802,337,1964248.600
1958846,374,1964563.800
1959048,111,1964668.600
1959111,148,1964803.000
1959160,185,1964967.000
1959223,222,1965160.600
1959228,259,1965383.800
1959242,296,1965636.600
1959332,333,1965919.000
1959413,370,1966231.000
1959492,107,1966332.600
1959559,144,1966463.800
1959565,181,1966624.600
1959627,218,1966815.000
1959636,255,1967035.000
1959677,292,1967284.600
1959730,329,1967563.800
1959733,366,1967872.600
1959831,103,1967971.000
1959848,140,1968099.000
1959877,177,1968256.600
1959913,214,1968443.800
1964852,251,1968660.600
1964872,288,1968907.000
1964936,325,1969183.000
1964980,362,1969488.600
1964999,99,1969583.800
1965006,136,1969708.600
1965058,173,1969863.000
1965106,210,1970047.000
1965125,247,1970260.600
1965136,284,1970503.800
1965140,321,1970776.600
1965425,358,1971079.000
1965432,95,1971171.000
1965715,132,1971292.600
1965799,169,1971443.800
1965929,206,1971624.600
1965943,243,1971835.000
1965966,280,1972075.000
1966023,317,1972344.600
1968323,354,1972643.800
1968421,91,1972732.600
1968427,128,1972851.000
1968458,165,1972999.000
1968553,202,1973176.600
1968655,239,1973383.800
1968902,276,1973620.600
1968914,313,1973887.000
1968968,350,1974183.000
1968990,87,1974268.600
1968996,124,1974383.800
1969636,161,1974528.600
1969688,198,1974703.000
1969800,235,1974907.000
1969806,272,1975140.600
1970008,309,1975403.800
1970119,346,1975696.600
1991195,383,1991517.400
1991218,120,1991629.400
1991261,157,1991771.000
1991281,194,1991942.200
1991340,231,1992143.000
1991343,268,1992373.400
1991386,305,1992633.400
1991430,342,1992923.000
1991499,379,1993242.200
1991566,116,1993351.000
1991716,153,1993489.400
1998281,190,1998449.000
1998304,227,1998646.600
1998374,264,1998873.800
1998393,301,1999130.600
1998434,338,1999417.000
1998579,375,1999733.000
1998793,112,1999838.600
1998903,149,1999973.800
1998971,186,2000138.600
1999021,223,2000333.000
1999034,260,2000557.000
1999055,297,2000810.600
2005626,334,2005909.200
2005722,371,2006222.000
2005756,108,2006324.400
2005804,145,2006456.400
2005814,182,2006618.000
2005931,219,2006809.200
2005979,256,2007030.000
2005997,293,2007280.400
2006059,330,2007560.400
2022968,367,2023277.600
2023004,104,2023376.800
2023057,141,2023505.600
2023103,178,2023664.000
2023266,215,2023852.000
2023286,252,2024069.600
2023487,289,2024316.800
2023625,326,2024593.600
2026539,363,2026845.400
2026656,100,2026941.400
2026755,137,2027067.000
2026882,174,2027222.200
2026958,211,2027407.000
2027010,248,2027621.400
2027082,285,2027865.400
2027160,322,2028139.000
2027211,359,2028442.200
2027305,96,2028535.000
2027345,133,2028657.400
2027423,170,2028809.400
2027460,207,2028991.000
2027689,244,2029202.200
2027772,281,2029443.000
2027829,318,2029713.400
2027861,355,2030013.400
2027865,92,2030103.000
2027983,129,2030222.200
2028114,166,2030371.000
2028135,203,2030549.400
2028147,240,2030757.400
2028158,277,2030995.000
2028235,314,2031262.200
2028239,351,2031559.000
2028286,88,2031645.400
2028397,125,2031761.400
2028585,162,2031907.000
2028708,199,2032082.200
2028779,236,2032287.000
2028942,273,2032521.400
2028999,310,2032785.400
2029012,347,2033079.000
2029015,384,2033402.200
2029132,121,2033515.000
2029294,158,2033657.400
2029328,195,2033829.400
2029341,232,2034031.000
2029393,269,2034262.200
2029410,306,2034523.000
2029448,343,2034813.400
2029644,380,2035133.400
2029675,117,2035243.000
2047176,154,2047315.200
2047191,191,2047484.000
2047214,228,2047682.400
2047243,265,2047910.400
2047394,302,2048168.000
2047443,339,2048455.200
2047486,376,2048772.000
2047491,113,2048878.400
2047602,150,2049014.400
2047624,187,2049180.000
2047662,224,2049375.200
2047673,261,2049600.000
2047709,298,2049854.400
2047757,335,2050138.400
2047930,372,2050452.000
2047998,109,2050555.200
2048070,146,2050688.000
2048211,183,2050850.400
2048213,220,2051042.400
2048222,257,2051264.000
2062051,294,2062302.200
2062113,331,2062583.000
2062135,368,2062893.400
2062170,105,2062993.400
2062182,142,2063123.000
2062343,179,2063282.200
2062457,216,2063471.000
2062499,253,2063689.400
2062585,290,2063937.400
2062609,327,2064215.000
2062639,364,2064522.200
2062718,101,2064619.000
2075284,138,2075410.400
2075284,175,2075566.400
2075769,212,2075954.600
2075823,249,2076169.800
2075832,286,2076414.600
2075857,323,2076689.000
2075865,360,2076993.000
2075890,97,2077086.600
2075895,134,2077209.800
2075909,171,2077362.600
2076003,208,2077545.000
2076013,245,2077757.000
2076043,282,2077998.600
2076043,319,2078269.800
2076044,356,2078570.600
2076109,93,2078661.000
2076111,130,2078781.000
2076195,167,2078930.600
2076241,204,2079109.800
2076273,241,2079318.600
2076335,278,2079557.000
2076351,315,2079825.000
2076373,352,2080122.600
2076382,89,2080209.800
2076405,126,2080326.600
2076432,163,2080473.000
2076494,200,2080649.000
2076498,237,2080854.600
2076529,274,2081089.800
2076570,311,2081354.600
2076750,348,2081649.000
2076801,385,2081973.000
2078509,122,2082086.600
2100173,159,2100316.200
2100259,196,2100489.000
2100285,233,2100691.400
2100334,270,2100923.400
2100378,307,2101185.000
2100453,344,2101476.200
2100454,381,2101797.000
2100517,118,2101907.400
2100523,155,2102047.400
2100570,192,2102217.000
2100581,229,2102416.200
2100605,266,2102645.000
2100629,303,2102903.400
2100690,340,2103191.400
2100692,377,2103509.000
2100696,114,2103616.200
2100702,151,2103753.000
2100774,188,2103919.400
2100829,225,2104115.400
2100847,262,2104341.000
2100851,299,2104596.200
2100875,336,2104881.000
2100888,373,2105195.400
2100938,110,2105299.400
2100999,147,2105433.000
2101065,184,2105596.200
2101065,221,2105789.000
2101122,258,2106011.400
2101186,295,2106263.400
2101207,332,2106545.000
2101222,369,2106856.200
2101240,106,2106957.000
2101297,143,2107087.400
2101330,180,2107247.400
2101352,217,2107437.000
2101383,254,2107656.200
2101418,291,2107905.000
2101494,328,2108183.400
2101524,365,2108491.400
2101549,102,2108589.000
2101799,139,2108716.200
2101808,176,2108873.000
2101821,213,2109059.400
2101833,250,2109275.400
2101909,287,2109521.000
2101926,324,2109796.200
2101940,361,2110101.000
2101959,98,2110195.400
2102006,135,2110319.400
2102061,172,2110473.000
2102084,209,2110656.200
2102181,246,2110869.000
2102254,283,2111111.400
2102258,320,2111383.400
2102278,357,2111685.000
2102290,94,2111776.200
2102370,131,2111897.000
2102420,168,2112047.400
2102441,205,2112227.400
2102526,242,2112437.000
2102588,279,2112676.200
2142864,316,2143132.800
2153140,353,2153438.400
2153170,90,2153526.400
2153190,127,2153644.000
2153208,164,2153791.200
2153262,201,2153968.000
2153317,238,2154174.400
2153399,275,2154410.400
2153405,312,2154676.000
2153407,349,2154971.200
2153419,86,2155056.000
2153438,123,2155170.400
2153566,160,2155314.400
2153586,197,2155488.000
2153594,234,2155691.200
2153708,271,2155924.000
2153716,308,2156186.400
2153747,345,2156478.400
2153890,382,2156800.000
2153914,119,2156911.200
2153921,156,2157052.000
2153921,193,2157222.400
2153943,230,2157422.400
2153981,267,2157652.000
2154010,304,2157911.200
2154013,341,2158200.000
2154026,378,2158518.400
2154136,115,2158626.400
2154218,152,2158764.000
2154232,189,2158931.200
2154323,226,2159128.000
2154451,263,2159354.400
2154460,300,2159610.400
2154476,337,2159896.000
2154510,374,2160211.200
2154841,111,2160316.000
2154902,148,2160450.400
2155031,185,2160614.400
2155041,222,2160808.000
2155058,259,2161031.200
2155105,296,2161284.000
2155222,333,2161566.400
2155261,370,2161878.400
2155549,107,2161980.000
2155599,144,2162111.200
2155607,181,2162272.000
2155610,218,2162462.400
2155645,255,2162682.400
2155738,292,2162932.000
2155867,329,2163211.200
2157586,366,2163520.000
2157608,103,2163618.400
2157614,140,2163746.400
2157940,177,2163904.000
2157958,214,2164091.200
2163059,251,2164308.000
2163167,288,2164554.400
2163181,325,2164830.400
2163195,362,2165136.000
2163221,99,2165231.200
2163236,136,2165356.000
2163269,173,2165510.400
2163301,210,2165694.400
2163302,247,2165908.000
2163317,284,2166151.200
2163321,321,2166424.000
2163338,358,2166726.400
2163345,95,2166818.400
2163473,132,2166940.000
2163485,169,2167091.200
2163628,206,2167272.000
2163750,243,2167482.400
2163842,280,2167722.400
2163986,317,2167992.000
2164015,354,2168291.200
2164077,91,2168380.000
2164130,128,2168498.400
2164141,165,2168646.400
2164181,202,2168824.000
2164213,239,2169031.200
2164330,276,2169268.000
2164455,313,2169534.400
2164470,350,2169830.400
2164513,87,2169916.000
2164548,124,2170031.200
2164552,161,2170176.000
2164634,198,2170350.400
2164655,235,2170554.400
2164782,272,2170788.000
2164805,309,2171051.200
2164806,346,2171344.000
2164830,383,2171666.400
2164837,120,2171778.400
2164842,157,2171920.000
2164851,194,2172091.200
2164871,231,2172292.000
2164916,268,2172522.400
2164929,305,2172782.400
2165043,342,2173072.000
2165166,379,2173391.200
2165178,116,2173500.000
2165208,153,2173638.400
2165244,190,2173806.400
2165289,227,2174004.000
2165291,264,2174231.200
2165415,301,2174488.000
2165549,338,2174774.400
2165588,375,2175090.400
2165634,112,2175196.000
2165662,149,2175331.200
2165676,186,2175496.000
2165742,223,2175690.400
2165745,260,2175914.400
2165814,297,2176168.000
2165834,334,2176451.200
2165884,371,2176764.000
2165909,108,2176866.400
2165912,145,2176998.400
2165941,182,2177160.000
2165941,219,2177351.200
2165949,256,2177572.000
2165964,293,2177822.400
2165974,330,2178102.400
2166004,367,2178412.000
2166030,104,2178511.200
2166058,141,2178640.000
2166081,178,2178798.400
2166086,215,2178986.400
2166102,252,2179204.000
2166123,289,2179451.200
2166164,326,2179728.000
2166183,363,2180034.400
2166255,100,2180130.400
2166283,137,2180256.000
2166298,174,2180411.200
2166356,211,2180596.000
2166398,248,2180810.400
2166488,285,2181054.400
2170897,322,2181328.000
2170904,359,2181631.200
2170927,96,2181724.000
2170928,133,2181846.400
2170934,170,2181998.400
2171000,207,2182180.000
2171026,244,2182391.200
2178995,281,2182632.000
2179002,318,2182902.400
2179004,355,2183202.400
2179023,92,2183292.000
2179065,129,2183411.200
2212088,166,2212236.800
2212106,203,2212415.200
2212143,240,2212623.200
2212222,277,2212860.800
2212253,314,2213128.000
2212274,351,2213424.800
2212294,88,2213511.200
2212307,125,2213627.200
2212381,162,2213772.800
2212401,199,2213948.000
2212404,236,2214152.800
2212424,273,2214387.200
2212436,310,2214651.200
2212441,347,2214944.800
2212568,384,2215268.000
2212644,121,2215380.800
2212709,158,2215523.200
2218489,195,2218661.000
2218863,232,2219064.600
2218967,269,2219295.800
2219143,306,2219556.600
2219169,343,2219847.000
2219197,380,2220167.000
2219261,117,2220276.600
2219306,154,2220415.800
2219386,191,2220584.600
2219454,228,2220783.000
2219614,265,2221011.000
2219796,302,2221268.600
2219815,339,2221555.800
2219937,376,2221872.600
2219957,113,2221979.000
2220006,150,2222115.000
2220105,187,2222280.600
2220176,224,2222475.800
2220227,261,2222700.600
2220337,298,2222955.000
2220347,335,2223239.000
2220482,372,2223552.600
2220507,109,2223655.800
2220558,146,2223788.600
2220587,183,2223951.000
2220795,220,2224143.000
2220803,257,2224364.600
2220867,294,2224615.800
2220899,331,2224896.600
2220955,368,2225207.000
2220995,105,2225307.000
2244614,142,2244743.600
2244667,179,2244902.800
2244671,216,2245091.600
2244691,253,2245310.000
2244736,290,2245558.000
2244743,327,2245835.600
2244767,364,2246142.800
2244787,101,2246239.600
2244816,138,2246366.000
2260633,175,2260789.000
2260661,212,2260974.600
2260760,249,2261189.800
2260798,286,2261434.600
2260897,323,2261709.000
2260911,360,2262013.000
2260914,97,2262106.600
2260937,134,2262229.800
2260946,171,2262382.600
2261015,208,2262565.000
2261111,245,2262777.000
2261125,282,2263018.600
2261132,319,2263289.800
2261142,356,2263590.600
2261149,93,2263681.000
2261229,130,2263801.000
2261244,167,2263950.600
2261257,204,2264129.800
2261280,241,2264338.600
2261294,278,2264577.000
2261331,315,2264845.000
2261445,352,2265142.600
2261529,89,2265229.800
2261627,126,2265346.600
2261700,163,2265493.000
2261702,200,2265669.000
2262031,237,2265874.600
2262063,274,2266109.800
2262153,311,2266374.600
2262164,348,2266669.000
2262215,385,2266993.000
2262241,122,2267106.600
2262297,159,2267249.800
2262348,196,2267422.600
2262352,233,2267625.000
2262388,270,2267857.000
2262420,307,2268118.600
2262465,344,2268409.800
2262502,381,2268730.600
2262564,118,2268841.000
2262703,155,2268981.000
2262735,192,2269150.600
2262785,229,2269349.800
2262891,266,2269578.600
2262911,303,2269837.000
2262928,340,2270125.000
2262939,377,2270442.600
2262953,114,2270549.800
2262996,151,2270686.600
2263126,188,2270853.000
2263181,225,2271049.000
2263312,262,2271274.600
2265643,299,2271529.800
2265707,336,2271814.600
2265756,373,2272129.000
2265957,110,2272233.000
2266058,147,2272366.600
2266229,184,2272529.800
2266459,221,2272722.600
2266495,258,2272945.000
2266506,295,2273197.000
2266550,332,2273478.600
2266551,369,2273789.800
2266555,106,2273890.600
2266576,143,2274021.000
2266602,180,2274181.000
2266610,217,2274370.600
2266626,254,2274589.800
2266641,291,2274838.600
2272035,328,2275117.000
2272118,365,2275425.000
2272124,102,2275522.600
2272149,139,2275649.800
2272325,176,2275806.600
2272467,213,2275993.000
2272485,250,2276209.000
2272556,287,2276454.600
2272572,324,2276729.800
2272788,361,2277034.600
2272861,98,2277129.000
2272879,135,2277253.000
2272977,172,2277406.600
2273020,209,2277589.800
2273070,246,2277802.600
2273405,283,2278045.000
2273441,320,2278317.000
2273585,357,2278618.600
2273657,94,2278709.800
2273739,131,2278830.600
2273746,168,2278981.000
2273793,205,2279161.000
2273854,242,2279370.600
2274109,279,2279609.800
2274167,316,2279878.600
2274244,353,2280177.000
2274255,90,2280265.000
2274533,127,2280382.600
2274578,164,2280529.800
2274605,201,2280706.600
2274606,238,2280913.000
2274631,275,2281149.000
2274691,312,2281414.600
2274735,349,2281709.800
2274769,86,2281794.600
2274833,123,2281909.000
2274838,160,2282053.000
2275042,197,2282226.600
2275046,234,2282429.800
2275150,271,2282662.600
2275241,308,2282925.000
2275310,345,2283217.000
2275379,382,2283538.600
2275463,119,2283649.800
2275491,156,2283790.600
2302728,193,2302898.400
2302789,230,2303098.400
2302934,267,2303328.000
2302981,304,2303587.200
2303054,341,2303876.000
2303125,378,2304194.400
2303358,115,2304302.400
2303408,152,2304440.000
2303526,189,2304607.200
2303807,226,2304804.000
2309934,263,2310160.400
2309974,300,2310416.400
2310011,337,2310702.000
2310029,374,2311017.200
2310057,111,2311122.000
2310081,148,2311256.400
2310118,185,2311420.400
2310138,222,2311614.000
2310148,259,2311837.200
2310161,296,2312090.000
2310175,333,2312372.400
2310227,370,2312684.400
2310328,107,2312786.000
2310445,144,2312917.200
2310455,181,2313078.000
2329498,218,2329688.400
2329502,255,2329908.400
2329573,292,2330158.000
2329580,329,2330437.200
2329586,366,2330746.000
2329650,103,2330844.400
2356548,140,2356676.000
2356662,177,2356833.600
2356750,214,2357020.800
2356756,251,2357237.600
2361581,288,2361827.400
2361586,325,2362103.400
2361624,362,2362409.000
2361642,99,2362504.200
2361656,136,2362629.000
2372396,173,2372550.400
2372419,210,2372734.400
2372587,247,2372948.000
2372688,284,2373191.200
2372690,321,2373464.000
2372757,358,2373766.400
2372759,95,2373858.400
2372772,132,2373980.000
2372804,169,2374131.200
2372819,206,2374312.000
2372853,243,2374522.400
2372877,280,2374762.400
2372932,317,2375032.000
2373003,354,2375331.200
2373260,91,2375420.000
2373309,128,2375538.400
2373363,165,2375686.400
2373442,202,2375864.000
2373469,239,2376071.200
2373471,276,2376308.000
2373477,313,2376574.400
2373567,350,2376870.400
2373623,87,2376956.000
2373705,124,2377071.200
2379971,161,2380115.800
2380119,198,2380293.400
2380233,235,2380497.400
2380307,272,2380731.000
2380372,309,2380994.200
2380382,346,2381287.000
2380409,383,2381609.400
2380460,120,2381721.400
2380479,157,2381863.000
2380611,194,2382034.200
2380658,231,2382235.000
2380663,268,2382465.400
2380680,305,2382725.400
2380761,342,2383015.000
2380803,379,2383334.200
2380862,116,2383443.000
2380922,153,2383581.400
2380948,190,2383749.400
2380949,227,2383947.000
2380998,264,2384174.200
2381095,301,2384431.000
2381139,338,2384717.400
2381142,375,2385033.400
2381149,112,2385139.000
2381215,149,2385274.200
2381234,186,2385439.000
2381237,223,2385633.400
2382294,260,2385857.400
2382386,297,2386111.000
2382388,334,2386394.200
2382404,371,2386707.000
2382431,108,2386809.400
2382521,145,2386941.400
2382650,182,2387103.000
2382678,219,2387294.200
2382709,256,2387515.000
2382717,293,2387765.400
2382738,330,2388045.400
2382743,367,2388355.000
2382760,104,2388454.200
2382793,141,2388583.000
2382898,178,2388741.400
2383008,215,2388929.400
2383090,252,2389147.000
2383383,289,2389394.200
2383410,326,2389671.000
2383420,363,2389977.400
2395256,100,2395352.000
2395326,137,2395477.600
2395351,174,2395632.800
2395392,211,2395817.600
2395487,248,2396032.000
2395497,285,2396276.000
2395636,322,2396549.600
2395745,359,2396852.800
2395849,96,2396945.600
2395932,133,2397068.000
2395940,170,2397220.000
2395986,207,2397401.600
2396037,244,2397612.800
2396167,281,2397853.600
2396169,318,2398124.000
2398419,355,2398719.000
2398422,92,2398808.600
2398491,129,2398927.800
2398509,166,2399076.600
2398550,203,2399255.000
2398588,240,2399463.000
2398645,277,2399700.600
2398752,314,2399967.800
2398784,351,2400264.600
2398800,88,2400351.000
2398958,125,2400467.000
2401125,162,2401270.600
2401130,199,2401445.800
2401182,236,2401650.600
2401255,273,2401885.000
2401293,310,2402149.000
2401435,347,2402442.600
2401568,384,2402765.800
2401570,121,2402878.600
2401586,158,2403021.000
2401595,195,2403193.000
2403735,232,2403936.600
2403827,269,2404167.800
2403831,306,2404428.600
2404023,343,2404719.000
2404038,380,2405039.000
2404089,117,2405148.600
2404118,154,2405287.800
2404161,191,2405456.600
2404215,228,2405655.000
2404280,265,2405883.000
2404364,302,2406140.600
2404414,339,2406427.800
2404544,376,2406744.600
2409815,113,2409921.400
2409835,150,2410057.400
2409906,187,2410223.000
2409995,224,2410418.200
2410018,261,2410643.000
2410048,298,2410897.400
2410077,335,2411181.400
2410177,372,2411495.000
2410228,109,2411598.200
2410297,146,2411731.000
2410368,183,2411893.400
2410403,220,2412085.400
2410403,257,2412307.000
2410414,294,2412558.200
2410460,331,2412839.000
2410491,368,2413149.400
2410760,105,2413249.400
2410786,142,2413379.000
2410863,179,2413538.200
2410880,216,2413727.000
2410884,253,2413945.400
2410899,290,2414193.400
2411093,327,2414471.000
2411190,364,2414778.200
2411204,101,2414875.000
2411240,138,2415001.400
2411241,175,2415157.400
2411301,212,2415343.000
2411329,249,2415558.200
2411346,286,2415803.000
2411364,323,2416077.400
2411367,360,2416381.400
2411385,97,2416475.000
2411527,134,2416598.200
2411529,171,2416751.000
2411684,208,2416933.400
2411731,245,2417145.400
2411795,282,2417387.000
2411965,319,2417658.200
2412049,356,2417959.000
2412180,93,2418049.400
2412182,130,2418169.400
2412190,167,2418319.000
2412191,204,2418498.200
2412211,241,2418707.000
2412252,278,2418945.400
2412265,315,2419213.400
2412334,352,2419511.000
2412364,89,2419598.200
2412365,126,2419715.000
2412464,163,2419861.400
2435819,200,2435995.000
2435941,237,2436200.600
2436106,274,2436435.800
2436299,311,2436700.600
2436341,348,2436995.000
2436445,385,2437319.000
2436546,122,2437432.600
2436549,159,2437575.800
2436580,196,2437748.600
2436582,233,2437951.000
2436664,270,2438183.000
2436678,307,2438444.600
2436715,344,2438735.800
2436724,381,2439056.600
2436733,118,2439167.000
2436741,155,2439307.000
2436742,192,2439476.600
2436744,229,2439675.800
2436754,266,2439904.600
2436830,303,2440163.000
2436849,340,2440451.000
2436900,377,2440768.600
2436906,114,2440875.800
2436933,151,2441012.600
2436959,188,2441179.000
2436985,225,2441375.000
2437199,262,2441600.600
2437255,299,2441855.800
2443618,336,2443902.800
2443971,373,2444285.400
2444007,110,2444389.400
2444028,147,2444523.000
2444074,184,2444686.200
2444098,221,2444879.000
2444121,258,2445101.400
2461891,295,2462143.000
2461934,332,2462424.600
2461963,369,2462735.800
2462132,106,2462836.600
2462264,143,2462967.000
2462279,180,2463127.000
2462407,217,2463316.600
2462444,254,2463535.800
2462490,291,2463784.600
2462614,328,2464063.000
2462643,365,2464371.000
2462765,102,2464468.600
2462780,139,2464595.800
2462799,176,2464752.600
2462847,213,2464939.000
2462897,250,2465155.000
2462905,287,2465400.600
2462984,324,2465675.800
2462984,361,2465980.600
2463000,98,2466075.000
2463008,135,2466199.000
2463023,172,2466352.600
2463063,209,2466535.800
2463167,246,2466748.600
2463398,283,2466991.000
2463404,320,2467263.000
2463465,357,2467564.600
2463710,94,2467655.800
2463754,131,2467776.600
2463874,168,2467927.000
2463929,205,2468107.000
2463929,242,2468316.600
2463963,279,2468555.800
2463996,316,2468824.600
2464150,353,2469123.000
2464199,90,2469211.000
2464218,127,2469328.600
2464234,164,2469475.800
2464239,201,2469652.600
2464282,238,2469859.000
2464283,275,2470095.000
2464302,312,2470360.600
2464310,349,2470655.800
2464339,86,2470740.600
2464381,123,2470855.000
2464434,160,2470999.000
2464486,197,2471172.600
2464510,234,2471375.800
2464536,271,2471608.600
2464589,308,2471871.000
2464707,345,2472163.000
2464709,382,2472484.600
2464732,119,2472595.800
2464751,156,2472736.600
2464820,193,2472907.000
2464851,230,2473107.000
2464867,267,2473336.600
2464869,304,2473595.800
2464879,341,2473884.600
2464879,378,2474203.000
2464898,115,2474311.000
2464915,152,2474448.600
2464916,189,2474615.800
2464943,226,2474812.600
2464956,263,2475039.000
2464973,300,2475295.000
2465008,337,2475580.600
2465020,374,2475895.800
2465061,111,2476000.600
2465075,148,2476135.000
2465143,185,2476299.000
2465178,222,2476492.600
2465185,259,2476715.800
2465204,296,2476968.600
2465222,333,2477251.000
2465273,370,2477563.000
2465316,107,2477664.600
2465360,144,2477795.800
2465375,181,2477956.600
2475936,218,2478147.000
2475999,255,2478367.000
2476027,292,2478616.600
2476032,329,2478895.800
2476069,366,2479204.600
2476109,103,2479303.000
2476110,140,2479431.000
2476177,177,2479588.600
2476178,214,2479775.800
2476185,251,2479992.600
2476210,288,2480239.000
2476238,325,2480515.000
2476289,362,2480820.600
2476308,99,2480915.800
2476322,136,2481040.600
2476327,173,2481195.000
2476332,210,2481379.000
2476518,247,2481592.600
2476541,284,2481835.800
2476608,321,2482108.600
2476851,358,2482411.000
2476895,95,2482503.000
2476917,132,2482624.600
2476952,169,2482775.800
2477101,206,2482956.600
2477128,243,2483167.000
2477158,280,2483407.000
2477199,317,2483676.600
2477213,354,2483975.800
2477215,91,2484064.600
2477243,128,2484183.000
2477248,165,2484331.000
2477283,202,2484508.600
2483193,239,2484715.800
2483194,276,2484952.600
2483231,313,2485219.000
2504150,350,2504446.000
2504164,87,2504531.600
2504178,124,2504646.800
2504188,161,2504791.600
2504200,198,2504966.000
2504222,235,2505170.000
2504309,272,2505403.600
2504351,309,2505666.800
2504358,346,2505959.600
2504379,383,2506282.000
2504405,120,2506394.000
2504468,157,2506535.600
2504468,194,2506706.800
2504471,231,2506907.600
2504619,268,2507138.000
2504676,305,2507398.000
2504801,342,2507687.600
2553903,379,2554222.200
2553932,116,2554331.000
2553932,153,2554469.400
2554013,190,2554637.400
2554054,227,2554835.000
2554055,264,2555062.200
2554075,301,2555319.000
2554140,338,2555605.400
2554146,375,2555921.400
2562987,112,2563092.600
2563046,149,2563227.800
2563049,186,2563392.600
2563058,223,2563587.000
2563101,260,2563811.000
2563124,297,2564064.600
2563141,334,2564347.800
2563426,371,2564660.600
2563428,108,2564763.000
2563443,145,2564895.000
2563512,182,2565056.600
2563556,219,2565247.800
2563559,256,2565468.600
2563632,293,2565719.000
2563712,330,2565999.000
2563736,367,2566308.600
2563736,104,2566407.800
2563757,141,2566536.600
2563804,178,2566695.000
2563806,215,2566883.000
2563806,252,2567100.600
2563819,289,2567347.800
2563843,326,2567624.600
2563951,363,2567931.000
2563959,100,2568027.000
2563986,137,2568152.600
2564015,174,2568307.800
2564035,211,2568492.600
2567509,248,2568707.000
2579360,285,2579604.000
2579384,322,2579877.600
2579504,359,2580180.800
2579573,96,2580273.600
2579700,133,2580396.000
2579705,170,2580548.000
2579718,207,2580729.600
2579720,244,2580940.800
2579727,281,2581181.600
2579768,318,2581452.000
2580099,355,2581752.000
2580116,92,2581841.600
2580211,129,2581960.800
2580264,166,2582109.600
2580499,203,2582288.000
2580558,240,2582496.000
2580654,277,2582733.600
2580714,314,2583000.800
2580884,351,2583297.600
2580933,88,2583384.000
2581079,125,2583500.000
2581227,162,2583645.600
2581390,199,2583820.800
2581410,236,2584025.600
2581418,273,2584260.000
2581448,310,2584524.000
2581457,347,2584817.600
2581489,384,2585140.800
2581502,121,2585253.600
2581507,158,2585396.000
2581510,195,2585568.000
2581583,232,2585769.600
2581585,269,2586000.800
2581596,306,2586261.600
2581597,343,2586552.000
2581609,380,2586872.000
2581618,117,2586981.600
2581638,154,2587120.800
2581677,191,2587289.600
2581684,228,2587488.000
2581715,265,2587716.000
2581752,302,2587973.600
2581767,339,2588260.800
2581789,376,2588577.600
2581795,113,2588684.000
2581812,150,2588820.000
2581827,187,2588985.600
2581830,224,2589180.800
2581853,261,2589405.600
2581866,298,2589660.000
2581878,335,2589944.000
2582091,372,2590257.600
2582361,109,2590360.800
2582624,146,2590493.600
2582640,183,2590656.000
2582661,220,2590848.000
2582668,257,2591069.600
2582704,294,2591320.800
2582763,331,2591601.600
2582892,368,2591912.000
2582978,105,2592012.000
2583009,142,2592141.600
2583079,179,2592300.800
2583342,216,2592489.600
2583455,253,2592708.000
2583485,290,2592956.000
2583540,327,2593233.600
2583700,364,2593540.800
2583708,101,2593637.600
2583718,138,2593764.000
2583801,175,2593920.000
2583904,212,2594105.600
2583941,249,2594320.800
2583999,286,2594565.600
2584260,323,2594840.000
2584293,360,2595144.000
2584371,97,2595237.600
2584475,134,2595360.800
2584478,171,2595513.600
2584720,208,2595696.000
2584730,245,2595908.000
2598511,282,2598752.600
2598524,319,2599023.800
2598762,356,2599324.600
2598794,93,2599415.000
2598805,130,2599535.000
2598818,167,2599684.600
2598866,204,2599863.800
2598882,241,2600072.600
2601062,278,2601300.400
2601089,315,2601568.400
2601101,352,2601866.000
2601146,89,2601953.200
2601336,126,2602070.000
2601467,163,2602216.400
2601543,200,2602392.400
2601641,237,2602598.000
2601664,274,2602833.200
2601717,311,2603098.000
2601719,348,2603392.400
2601757,385,2603716.400
2601823,122,2603830.000
2601888,159,2603973.200
2601950,196,2604146.000
2601970,233,2604348.400
2615248,270,2615480.000
2620656,307,2620917.600
2620664,344,2621208.800
2620686,381,2621529.600
2620704,118,2621640.000
2620713,155,2621780.000
2620791,192,2621949.600
2620983,229,2622148.800
2621028,266,2622377.600
2621029,303,2622636.000
2621053,340,2622924.000
2621092,377,2623241.600
2621117,114,2623348.800
2621230,151,2623485.600
2621508,188,2623652.000
2621528,225,2623848.000
2638749,262,2638974.600
2638755,299,2639229.800
2638775,336,2639514.600
2638818,373,2639829.000
2638904,110,2639933.000
2638922,147,2640066.600
2638944,184,2640229.800
2638996,221,2640422.600
2639000,258,2640645.000
2639065,295,2640897.000
2639198,332,2641178.600
2639309,369,2641489.800
2639506,106,2641590.600
2639523,143,2641721.000
2639604,180,2641881.000
2639695,217,2642070.600
2639710,254,2642289.800
2639714,291,2642538.600
2639727,328,2642817.000
2639951,365,2643125.000
2639960,102,2643222.600
2640015,139,2643349.800
2640064,176,2643506.600
2640064,213,2643693.000
2640208,250,2643909.000
2640214,287,2644154.600
2640221,324,2644429.800
2640312,361,2644734.600
2640377,98,2644829.000
2680895,135,2681019.000
2680897,172,2681172.600
2680970,209,2681355.800
2680982,246,2681568.600
2681004,283,2681811.000
2681015,320,2682083.000
2681044,357,2682384.600
2681064,94,2682475.800
2681110,131,2682596.600
2681129,168,2682747.000
2681224,205,2682927.000
2681235,242,2683136.600
2681303,279,2683375.800
2681335,316,2683644.600
2681373,353,2683943.000
2681391,90,2684031.000
2681424,127,2684148.600
2681553,164,2684295.800
2681559,201,2684472.600
2681582,238,2684679.000
2681597,275,2684915.000
2681611,312,2685180.600
2681613,349,2685475.800
2681641,86,2685560.600
2681692,123,2685675.000
2681696,160,2685819.000
2681732,197,2685992.600
2681772,234,2686195.800
2681776,271,2686428.600
2681781,308,2686691.000
2681802,345,2686983.000
2681909,382,2687304.600
2681915,119,2687415.800
2681920,156,2687556.600
2681939,193,2687727.000
2681959,230,2687927.000
2681973,267,2688156.600
2681977,304,2688415.800
2682033,341,2688704.600
2682124,378,2689023.000
2682126,115,2689131.000
2682180,152,2689268.600
2682224,189,2689435.800
2682247,226,2689632.600
2682247,263,2689859.000
2682286,300,2690115.000
2682381,337,2690400.600
2682406,374,2690715.800
2682458,111,2690820.600
2682546,148,2690955.000
2682551,185,2691119.000
2682586,222,2691312.600
2682625,259,2691535.800
2682655,296,2691788.600
2682716,333,2692071.000
2682725,370,2692383.000
2682727,107,2692484.600
2682742,144,2692615.800
2682747,181,2692776.600
2682791,218,2692967.000
2682796,255,2693187.000
2682847,292,2693436.600
2682922,329,2693715.800
2682924,366,2694024.600
2682985,103,2694123.000
2683125,140,2694251.000
2683167,177,2694408.600
2683181,214,2694595.800
2683184,251,2694812.600
2683217,288,2695059.000
2683226,325,2695335.000
2683251,362,2695640.600
2683358,99,2695735.800
2684607,136,2695860.600
2684609,173,2696015.000
2684698,210,2696199.000
2684818,247,2696412.600
2684927,284,2696655.800
2684938,321,2696928.600
2684972,358,2697231.000
2685102,95,2697323.000
2685107,132,2697444.600
2685148,169,2697595.800
2685149,206,2697776.600
2685150,243,2697987.000
2685152,280,2698227.000
2685220,317,2698496.600
2685279,354,2698795.800
2685281,91,2698884.600
2685328,128,2699003.000
2685346,165,2699151.000
2685371,202,2699328.600
2686488,239,2699535.800
2686569,276,2699772.600
2686588,313,2700039.000
2686613,350,2700335.000
2686698,87,2700420.600
2686735,124,2700535.800
2686768,161,2700680.600
2686770,198,2700855.000
2686841,235,2701059.000
2686886,272,2701292.600
2686918,309,2701555.800
2687083,346,2701848.600
2687152,383,2702171.000
2687160,120,2702283.000
2687162,157,2702424.600
2687205,194,2702595.800
2687242,231,2702796.600
2687322,268,2703027.000
2687479,305,2703287.000
2687687,342,2703576.600
2687700,379,-1.000
2687877,116,2703685.400
2687971,153,2703823.800
2688002,190,2703991.800
2688052,227,-1.000
2688120,264,-1.000
2688132,301,-1.000
2688416,338,2704278.200
2688484,375,-1.000
2688562,112,2704383.800
2688611,149,2704519.000
2688665,186,-1.000
2688672,223,-1.000
2688702,260,-1.000
2688757,297,-1.000
2688777,334,-1.000
2688836,371,2704831.800
2688886,108,-1.000
2688933,145,-1.000
2688984,182,-1.000
2689010,219,-1.000
2689080,256,2705052.600
2689172,293,-1.000
2691440,330,2705332.600
2691510,367,2705642.200
2691514,104,2705741.400
2704837,141,2705870.200
2704871,178,2706028.600
2704904,215,2706216.600
2704947,252,2706434.200
2704949,289,2706681.400
2704958,326,2706958.200
2724913,363,2725219.400
2724935,100,2725315.400
2724980,137,2725441.000
2725064,174,2725596.200
2725150,211,2725781.000
2725158,248,2725995.400
2725166,285,2726239.400
2725181,322,2726513.000
2733737,359,2734040.200
2733824,96,2734133.000
2733852,133,2734255.400
2733868,170,2734407.400
2734039,207,2734589.000
2734092,244,2734800.200
2734151,281,2735041.000
2734192,318,2735311.400
2734204,355,2735611.400
2734242,92,2735701.000
2734276,129,2735820.200
2734291,166,2735969.000
2734323,203,2736147.400
2734392,240,2736355.400
2734399,277,2736593.000
2734404,314,2736860.200
2734809,351,2737157.000
2734833,88,2737243.400
2735004,125,2737359.400
2735034,162,2737505.000
2735166,199,2737680.200
2735276,236,2737885.000
2735358,273,2738119.400
2735652,310,2738383.400
2735716,347,2738677.000
2735765,384,2739000.200
2735769,121,2739113.000
2735833,158,2739255.400
2735883,195,2739427.400
2735906,232,2739629.000
2735908,269,2739860.200
2735910,306,2740121.000
2735943,343,2740411.400
2735945,380,2740731.400
2736082,117,2740841.000
2736142,154,2740980.200
2736163,191,2741149.000
2736184,228,2741347.400
2736228,265,2741575.400
2736261,302,2741833.000
2736276,339,2742120.200
2736290,376,2742437.000
2736307,113,2742543.400
2736312,150,2742679.400
2736356,187,2742845.000
2736361,224,2743040.200
2736414,261,2743265.000
2736422,298,2743519.400
2736423,335,2743803.400
2736428,372,2744117.000
2736431,109,2744220.200
2736469,146,2744353.000
2736524,183,2744515.400
2736539,220,2744707.400
2736546,257,2744929.000
2736558,294,2745180.200
2736599,331,2745461.000
2736618,368,2745771.400
2736637,105,2745871.400
2736651,142,2746001.000
2736708,179,2746160.200
2736804,216,2746349.000
2736824,253,2746567.400
2736832,290,2746815.400
2736864,327,2747093.000
2736948,364,2747400.200
2736952,101,2747497.000
2736969,138,2747623.400
2736992,175,2747779.400
2737023,212,2747965.000
2737135,249,2748180.200
2737150,286,2748425.000
2737165,323,2748699.400
2737257,360,2749003.400
2737257,97,2749097.000
2737794,134,2749220.200
2737824,171,2749373.000
2737851,208,2749555.400
2737901,245,2749767.400
2737944,282,2750009.000
2738071,319,2750280.200
2749344,356,2750581.000
2749485,93,2750671.400
2749503,130,2750791.400
2749573,167,2750941.000
2773040,204,2773219.200
2773099,241,2773428.000
2773119,278,2773666.400
2773119,315,2773934.400
2773135,352,2774232.000
2773248,89,2774319.200
2773271,126,2774436.000
2773276,163,2774582.400
2773279,200,2774758.400
2773379,237,2774964.000
2773410,274,2775199.200
2773420,311,2775464.000
2773495,348,2775758.400
2773524,385,2776082.400
2773575,122,2776196.000
2773597,159,2776339.200
2773644,196,2776512.000
2773653,233,2776714.400
2773687,270,2776946.400
2773713,307,2777208.000
2773737,344,2777499.200
2773744,381,2777820.000
2773777,118,2777930.400
2773784,155,2778070.400
2773812,192,2778240.000
2773835,229,2778439.200
2773837,266,2778668.000
2773910,303,2778926.400
2773948,340,2779214.400
2773951,377,2779532.000
2773961,114,2779639.200
2773985,151,2779776.000
2774024,188,2779942.400
2774075,225,2780138.400
2774097,262,2780364.000
2774101,299,2780619.200
2774120,336,2780904.000
2774182,373,2781218.400
2774218,110,2781322.400
2774255,147,2781456.000
2774288,184,2781619.200
2774292,221,2781812.000
2774340,258,2782034.400
2774341,295,2782286.400
2774343,332,2782568.000
2774358,369,2782879.200
2774387,106,2782980.000
2774431,143,2783110.400
2774442,180,2783270.400
2774443,217,2783460.000
2774477,254,2783679.200
2774481,291,2783928.000
2774496,328,2784206.400
2774514,365,2784514.400
2774548,102,2784612.000
2774575,139,2784739.200
2774641,176,2784896.000
2774709,213,2785082.400
2774791,250,2785298.400
2774816,287,2785544.000
2774817,324,2785819.200
2774840,361,2786124.000
2774866,98,2786218.400
2774871,135,2786342.400
2774928,172,2786496.000
2775030,209,2786679.200
2775063,246,2786892.000
2775087,283,2787134.400
2775172,320,2787406.400
2775226,357,2787708.000
2775292,94,2787799.200
2804893,131,2805013.800
2804971,168,2805164.200
2805004,205,2805344.200
2805080,242,2805553.800
2805100,279,2805793.000
2805153,316,2806061.800
2805161,353,2806360.200
2805294,90,2806448.200
2805311,127,2806565.800
2805322,164,2806713.000
2805324,201,2806889.800
2809048,238,2809254.400
2811804,275,2812040.000
2811814,312,2812305.600
2812096,349,2812600.800
2812177,86,2812685.600
2812180,123,2812800.000
2812192,160,2812944.000
2812205,197,2813117.600
2812342,234,2813320.800
2812344,271,2813553.600
2812496,308,2813816.000
2812505,345,2814108.000
2812584,382,2814429.600
2812593,119,2814540.800
2812711,156,2814681.600
2812743,193,2814852.000
2812743,230,2815052.000
2812746,267,2815281.600
2812785,304,2815540.800
2812804,341,2815829.600
2812808,378,2816148.000
2812816,115,2816256.000
2812838,152,2816393.600
2813012,189,2816560.800
2813060,226,2816757.600
2814610,263,2816984.000
2814644,300,2817240.000
2814729,337,2817525.600
2814783,374,2817840.800
2814800,111,2817945.600
2814936,148,2818080.000
2814949,185,2818244.000
2815129,222,2818437.600
2824589,259,2824812.200
2824620,296,2825065.000
2824767,333,2825347.400
2824834,370,2825659.400
2824838,107,2825761.000
2824872,144,2825892.200
2824873,181,2826053.000
2824948,218,2826243.400
2824972,255,2826463.400
2825170,292,2826713.000
2825212,329,2826992.200
2825224,366,2827301.000
2825426,103,2827399.400
2825443,140,2827527.400
2825498,177,2827685.000
2825502,214,2827872.200
2825507,251,2828089.000
2825512,288,2828335.400
2825533,325,2828611.400
2825577,362,2828917.000
2825777,99,2829012.200
2825833,136,2829137.000
2825853,173,2829291.400
2825869,210,2829475.400
2825897,247,2829689.000
2825908,284,2829932.200
2825946,321,2830205.000
2825968,358,2830507.400
2825992,95,2830599.400
2826054,132,2830721.000
2826085,169,2830872.200
2826180,206,2831053.000
2831483,243,2831693.400
2831585,280,2831933.400
2834889,317,2835158.600
2834898,354,2835457.800
2834910,91,2835546.600
2835158,128,2835665.000
2835175,165,2835813.000
2835246,202,2835990.600
2835309,239,2836197.800
2835335,276,2836434.600
2835372,313,2836701.000
2835425,350,2836997.000
2835446,87,2837082.600
2835501,124,2837197.800
2835609,161,2837342.600
2835717,198,2837517.000
2835743,235,2837721.000
2835757,272,2837954.600
2835919,309,2838217.800
2835922,346,2838510.600
2835936,383,2838833.000
2835953,120,2838945.000
2835956,157,2839086.600
2835986,194,2839257.800
2836082,231,2839458.600
2836141,268,2839689.000
2836150,305,2839949.000
2836159,342,2840238.600
2836257,379,2840557.800
2840298,116,2840666.600
2840446,153,2840805.000
2840520,190,2840973.000
2840650,227,2841170.600
2840703,264,2841397.800
2840773,301,2841654.600
2840796,338,2841941.000
2840856,375,2842257.000
2840990,112,2842362.600
2841027,149,2842497.800
2841029,186,2842662.600
2857757,223,2857951.400
2857806,260,2858175.400
2858015,297,2858429.000
2858158,334,2858712.200
2858177,371,2859025.000
2858183,108,2859127.400
2858204,145,2859259.400
2858232,182,2859421.000
2858235,219,2859612.200
2893846,256,2894066.800
2893858,293,2894317.200
2893913,330,2894597.200
2893916,367,2894906.800
2893953,104,2895006.000
2910810,141,2910938.800
2910828,178,2911097.200
2910833,215,2911285.200
2911082,252,2911502.800
2911376,289,2911750.000
2911463,326,2912026.800
2911478,363,2912333.200
2911544,100,2912429.200
2911655,137,2912554.800
2911688,174,2912710.000
2911734,211,2912894.800
2911827,248,2913109.200
2911840,285,2913353.200
2911861,322,2913626.800
2912013,359,2913930.000
2912082,96,2914022.800
2912100,133,2914145.200
2912142,170,2914297.200
2912143,207,2914478.800
2912184,244,2914690.000
2912189,281,2914930.800
2912235,318,2915201.200
2912265,355,2915501.200
2912273,92,2915590.800
2912296,129,2915710.000
2912298,166,2915858.800
2912298,203,2916037.200
2912306,240,2916245.200
2912323,277,2916482.800
2912356,314,2916750.000
2912468,351,2917046.800
2912507,88,2917133.200
2912511,125,2917249.200
2912537,162,2917394.800
2912608,199,2917570.000
2912609,236,2917774.800
2912638,273,2918009.200
2912639,310,2918273.200
2912677,347,2918566.800
2912842,384,2918890.000
2912874,121,2919002.800
2912938,158,2919145.200
2912980,195,2919317.200
2912991,232,2919518.800
2913043,269,2919750.000
2913072,306,2920010.800
2913072,343,2920301.200
2913081,380,2920621.200
2913313,117,2920730.800
2913313,154,2920870.000
2913329,191,2921038.800
2913345,228,2921237.200
2913371,265,2921465.200
2913373,302,2921722.800
2913443,339,2922010.000
2913462,376,2922326.800
2913478,113,2922433.200
2913540,150,2922569.200
2913611,187,2922734.800
2913627,224,2922930.000
2913664,261,2923154.800
2925814,298,2926068.400
2925836,335,2926352.400
2925845,372,2926666.000
2925856,109,2926769.200
2925881,146,2926902.000
2926019,183,2927064.400
2926119,220,2927256.400
2926127,257,2927478.000
2926224,294,2927729.200
2926313,331,2928010.000
2926437,368,2928320.400
2926532,105,2928420.400
2926585,142,2928550.000
2926715,179,2928709.200
2926785,216,2928898.000
2926814,253,2929116.400
2926963,290,2929364.400
2926971,327,2929642.000
2927029,364,2929949.200
2927052,101,2930046.000
2927333,138,2930172.400
2927558,175,2930328.400
2927569,212,2930514.000
2927596,249,2930729.200
2927661,286,2930974.000
2927873,323,2931248.400
2927894,360,2931552.400
2933992,97,2934085.600
2934040,134,2934208.800
2941465,171,2941617.800
2941570,208,2941800.200
2941576,245,2942012.200
2941586,282,2942253.800
2944028,319,2944299.200
2944106,356,2944600.000
2944119,93,2944690.400
2944241,130,2944810.400
2944349,167,2944960.000
2944425,204,2945139.200
2944488,241,2945348.000
2944562,278,2945586.400
2944644,315,2945854.400
2944696,352,2946152.000
2944714,89,2946239.200
2944767,126,2946356.000
2944813,163,2946502.400
2944874,200,2946678.400
2944887,237,2946884.000
2944991,274,2947119.200
2945160,311,2947384.000
2945227,348,2947678.400
2945238,385,2948002.400
2945241,122,2948116.000
2945283,159,2948259.200
2945291,196,2948432.000
2945345,233,2948634.400
2945345,270,2948866.400
2945483,307,2949128.000
2945574,344,2949419.200
2945708,381,2949740.000
2945727,118,2949850.400
2945731,155,2949990.400
2945901,192,2950160.000
2945979,229,2950359.200
2946068,266,2950588.000
2946162,303,2950846.400
2946195,340,2951134.400
2946212,377,2951452.000
2946320,114,2951559.200
2946323,151,2951696.000
2946337,188,2951862.400
2946354,225,2952058.400
2946354,262,2952284.000
2946422,299,2952539.200
2946435,336,2952824.000
2946508,373,2953138.400
2946643,110,2953242.400
2946677,147,2953376.000
2946695,184,2953539.200
2948501,221,2953732.000
2948741,258,2953954.400
2948772,295,2954206.400
2948932,332,2954488.000
2948933,369,2954799.200
2948939,106,2954900.000
2948953,143,2955030.400
2949003,180,2955190.400
2949044,217,2955380.000
2949143,254,2955599.200
2949260,291,2955848.000
2949344,328,2956126.400
2949377,365,2956434.400
2949393,102,2956532.000
2949428,139,2956659.200
2949547,176,2956816.000
2949605,213,2957002.400
2949615,250,2957218.400
2949732,287,2957464.000
2949830,324,2957739.200
2949914,361,2958044.000
2949933,98,2958138.400
2950062,135,2958262.400
2950249,172,2958416.000
2950267,209,2958599.200
2950349,246,2958812.000
2959370,283,2959612.400
2959408,320,2959884.400
2959543,357,2960186.000
2959622,94,2960277.200
2959696,131,2960398.000
2959805,168,2960548.400
2959846,205,2960728.400
2959923,242,2960938.000
2967111,279,2967350.200
2967136,316,2967619.000
2967183,353,2967917.400
2967323,90,2968005.400
2967353,127,2968123.000
2967479,164,2968270.200
2967496,201,2968447.000
2967531,238,2968653.400
2967580,275,2968889.400
2967582,312,2969155.000
2967587,349,2969450.200
2967646,86,2969535.000
2967734,123,2969649.400
2967742,160,2969793.400
2967827,197,2969967.000
2967911,234,2970170.200
2967974,271,2970403.000
2968020,308,2970665.400
2968041,345,2970957.400
2968120,382,2971279.000
2968192,119,2971390.200
2968344,156,2971531.000
2968436,193,2971701.400
2968437,230,2971901.400
2968457,267,2972131.000
2968633,304,2972390.200
2982724,341,2983012.800
2982741,378,2983331.200
2982857,115,2983439.200
2983105,152,2983576.800
3024500,189,3024667.200
3024509,226,3024864.000
3024633,263,3025090.400
3024638,300,3025346.400
3024661,337,3025632.000
3024669,374,3025947.200
3024724,111,3026052.000
3024733,148,3026186.400
3024805,185,3026350.400
3034418,222,3034611.600
3034609,259,3034834.800
3034678,296,3035087.600
3040772,333,3041054.400
3040794,370,3041366.400
3040912,107,3041468.000
3040922,144,3041599.200
3040955,181,3041760.000
3041001,218,3041950.400
3041092,255,3042170.400
3041101,292,3042420.000
3041112,329,3042699.200
3041124,366,3043008.000
3041127,103,3043106.400
3041141,140,3043234.400
3041179,177,3043392.000
3041187,214,3043579.200
3041203,251,3043796.000
3041345,288,3044042.400
3041390,325,3044318.400
3041740,362,3044624.000
3041855,99,3044719.200
3041903,136,3044844.000
3041979,173,3044998.400
3042011,210,3045182.400
3042270,247,3045396.000
3042274,284,3045639.200
3042281,321,3045912.000
3042289,358,3046214.400
3043016,95,3046306.400
3043092,132,3046428.000
3043123,169,3046579.200
3043129,206,3046760.000
3043133,243,3046970.400
3043177,280,3047210.400
3043178,317,3047480.000
3043201,354,3047779.200
3043265,91,3047868.000
3043375,128,3047986.400
3043524,165,3048134.400
3043549,202,3048312.000
3043565,239,3048519.200
3043572,276,3048756.000
3043583,313,3049022.400
3043719,350,3049318.400
3043855,87,3049404.000
3043950,124,3049519.200
3043995,161,3049664.000
3044050,198,3049838.400
3044078,235,3050042.400
3044198,272,3050276.000
3044229,309,3050539.200
3064547,346,3064839.800
3064566,383,3065162.200
3064711,120,3065274.200
3064737,157,3065415.800
3064888,194,3065587.000
3064907,231,3065787.800
3064912,268,3066018.200
3064913,305,3066278.200
3064966,342,3066567.800
3064991,379,3066887.000
3065117,116,3066995.800
3065120,153,3067134.200
3065156,190,3067302.200
3065251,227,3067499.800
3075041,264,3075268.200
3075120,301,3075525.000
3075160,338,3075811.400
3075176,375,3076127.400
3075190,112,3076233.000
3075261,149,3076368.200
3075266,186,3076533.000
3075364,223,3076727.400
3075368,260,3076951.400
3075375,297,3077205.000
3075430,334,3077488.200
3075805,371,3077801.000
3075837,108,3077903.400
3075943,145,3078035.400
3076066,182,3078197.000
3076257,219,3078388.200
3076275,256,3078609.000
3090905,293,3091155.400
3090940,330,3091435.400
3091039,367,3091745.000
3091040,104,3091844.200
3091064,141,3091973.000
3091092,178,3092131.400
3091274,215,3092319.400
3091281,252,3092537.000
3091308,289,3092784.200
3091330,326,3093061.000
3091383,363,3093367.400
3091466,100,3093463.400
3091562,137,3093589.000
3091653,174,3093744.200
3091699,211,3093929.000
3091704,248,3094143.400
3091723,285,3094387.400
3091757,322,3094661.000
3091800,359,3094964.200
3091817,96,3095057.000
3091841,133,3095179.400
3091884,170,3095331.400
3091903,207,3095513.000
3091940,244,3095724.200
3092010,281,3095965.000
3092017,318,3096235.400
3092127,355,3096535.400
3093282,92,3096625.000
3093406,129,3096744.200
3093436,166,3096893.000
3093485,203,3097071.400
3093607,240,3097279.400
3093627,277,3097517.000
3093739,314,3097784.200
3093752,351,3098081.000
3093900,88,3098167.400
3093938,125,3098283.400
3093965,162,3098429.000
3093965,199,3098604.200
3093997,236,3098809.000
3094001,273,3099043.400
3094002,310,3099307.400
3094125,347,3099601.000
3094278,384,3099924.200
3094328,121,3100037.000
3094330,158,3100179.400
3094384,195,3100351.400
3094423,232,3100553.000
3094586,269,3100784.200
3094678,306,3101045.000
3094813,343,3101335.400
3094834,380,3101655.400
3094882,117,3101765.000
3094884,154,3101904.200
3094900,191,3102073.000
3094902,228,3102271.400
3094944,265,3102499.400
3094966,302,3102757.000
3095092,339,3103044.200
3095118,376,3103361.000
3095151,113,3103467.400
3095194,150,3103603.400
3095269,187,3103769.000
3095307,224,3103964.200
3095317,261,3104189.000
3095431,298,3104443.400
3095550,335,3104727.400
3095551,372,3105041.000
3095637,109,3105144.200
3095661,146,3105277.000
3095699,183,3105439.400
3095708,220,3105631.400
3095715,257,3105853.000
3095740,294,3106104.200
3095760,331,3106385.000
3095825,368,3106695.400
3095843,105,3106795.400
3095924,142,3106925.000
3096084,179,3107084.200
3096247,216,3107273.000
3096271,253,3107491.400
3096371,290,3107739.400
3096378,327,3108017.000
3096941,364,3108324.200
3097041,101,3108421.000
3097044,138,3108547.400
3097067,175,3108703.400
3097072,212,3108889.000
3097170,249,3109104.200
3097185,286,3109349.000
3099846,323,3109623.400
3099886,360,3109927.400
3106139,97,3110021.000
3106163,134,3110144.200
3106214,171,3110297.000
3106239,208,3110479.400
3106309,245,3110691.400
3106329,282,3110933.000
3106370,319,3111204.200
3106376,356,3111505.000
3106379,93,3111595.400
3106393,130,3111715.400
3118463,167,3118612.600
3118467,204,3118791.800
3118567,241,3119000.600
3118643,278,3119239.000
3118652,315,3119507.000
3118673,352,3119804.600
3118723,89,3119891.800
3118790,126,3120008.600
3118826,163,3120155.000
3118884,200,3120331.000
3118937,237,3120536.600
3118950,274,3120771.800
3119040,311,3121036.600
3119056,348,3121331.000
3119142,385,3121655.000
3119254,122,3121768.600
3119308,159,3121911.800
3119414,196,3122084.600
3119482,233,3122287.000
3119637,270,3122519.000
3119667,307,3122780.600
3119675,344,3123071.800
3119893,381,3123392.600
3119897,118,3123503.000
3119992,155,3123643.000
3120051,192,3123812.600
3120103,229,3124011.800
3120105,266,3124240.600
3120378,303,3124499.000
3120421,340,3124787.000
3120527,377,3125104.600
3120593,114,3125211.800
3120716,151,3125348.600
3120844,188,3125515.000
3120865,225,3125711.000
3120941,262,3125936.600
3120997,299,3126191.800
3120998,336,3126476.600
3121027,373,3126791.000
3121043,110,3126895.000
3121170,147,3127028.600
3121297,184,3127191.800
3121318,221,3127384.600
3121366,258,3127607.000
3121390,295,3127859.000
3121434,332,3128140.600
3121506,369,3128451.800
3121617,106,3128552.600
3121685,143,3128683.000
3121726,180,3128843.000
3121727,217,3129032.600
3121949,254,3129251.800
3122036,291,3129500.600
3122106,328,3129779.000
3122156,365,3130087.000
3122169,102,3130184.600
3122217,139,3130311.800
3122230,176,3130468.600
3122243,213,3130655.000
3122454,250,3130871.000
3122517,287,3131116.600
3122609,324,3131391.800
3122647,361,3131696.600
3122727,98,3131791.000
3122755,135,3131915.000
3122755,172,3132068.600
3122859,209,3132251.800
3123052,246,3132464.600
3123132,283,3132707.000
3123272,320,3132979.000
3123299,357,3133280.600
3123307,94,3133371.800
3123370,131,3133492.600
3131477,168,3133643.000
3131500,205,3133823.000
3131556,242,3134032.600
3131569,279,3134271.800
3131591,316,3134540.600
3131601,353,3134839.000
3131647,90,3134927.000
3131763,127,3135044.600
3131884,164,3135191.800
3131992,201,3135368.600
3132012,238,3135575.000
3132034,275,3135811.000
3132213,312,3136076.600
3132243,349,3136371.800
3132272,86,3136456.600
3132305,123,3136571.000
3132378,160,3136715.000
3132401,197,3136888.600
3132858,234,3137091.800
3132913,271,3137324.600
3132945,308,3137587.000
3133020,345,3137879.000
3133205,382,3138200.600
3134048,119,3138311.800
3134105,156,3138452.600
3134187,193,3138623.000
3134302,230,3138823.000
3134352,267,3139052.600
3134374,304,3139311.800
3134375,341,3139600.600
3134378,378,3139919.000
3134404,115,3140027.000
3134412,152,3140164.600
3134522,189,3140331.800
3134531,226,3140528.600
3134543,263,3140755.000
3134550,300,3141011.000
3134658,337,3141296.600
3134841,374,3141611.800
3134857,111,3141716.600
3134887,148,3141851.000
3134941,185,3142015.000
3135091,222,3142208.600
3135106,259,3142431.800
3135146,296,3142684.600
3135170,333,3142967.000
3135207,370,3143279.000
3135224,107,3143380.600
3135224,144,3143511.800
3135248,181,3143672.600
3135254,218,3143863.000
3135385,255,3144083.000
3135540,292,3144332.600
3135562,329,3144611.800
3135609,366,3144920.600
3135663,103,3145019.000
3135674,140,3145147.000
3135721,177,3145304.600
3135741,214,3145491.800
3135884,251,3145708.600
3135920,288,3145955.000
3135995,325,3146231.000
3136035,362,3146536.600
3136152,99,3146631.800
3136156,136,3146756.600
3136212,173,3146911.000
3136303,210,3147095.000
3136323,247,3147308.600
3136471,284,3147551.800
3136715,321,3147824.600
3136715,358,3148127.000
3136726,95,3148219.000
3136730,132,3148340.600
3136758,169,3148491.800
3136763,206,3148672.600
3136813,243,3148883.000
3136856,280,3149123.000
3136901,317,3149392.600
3143552,354,3149691.800
3143724,91,3149780.600
3143735,128,3149899.000
3143760,165,3150047.000
3143780,202,3150224.600
3143864,239,3150431.800
3143978,276,3150668.600
3144029,313,3150935.000
3144145,350,3151231.000
3144231,87,3151316.600
3144252,124,3151431.800
3144278,161,3151576.600
3144384,198,3151751.000
3150450,235,3151955.000
3150490,272,3152188.600
3150534,309,3152451.800
3150554,346,3152744.600
3150603,383,3153067.000
3150638,120,3153179.000
3150711,157,3153320.600
3150746,194,3153491.800
3150746,231,3153692.600
3150778,268,3153923.000
3152717,305,3154183.000
3152747,342,3154472.600
3152836,379,3154791.800
3152930,116,3154900.600
3152958,153,3155039.000
3152976,190,3155207.000
3152983,227,3155404.600
3153009,264,3155631.800
3153033,301,3155888.600
3153035,338,3156175.000
3153216,375,3156491.000
3153241,112,3156596.600
3153318,149,3156731.800
3153523,186,3156896.600
3153587,223,3157091.000
3153600,260,3157315.000
3153615,297,3157568.600
3166084,334,3166367.200
3166130,371,3166680.000
3166145,108,3166782.400
3166203,145,3166914.400
3166218,182,3167076.000
3166278,219,3167267.200
3166284,256,3167488.000
3166292,293,3167738.400
3166314,330,3168018.400
3166333,367,3168328.000
3166506,104,3168427.200
3166606,141,3168556.000
3166640,178,3168714.400
3166661,215,3168902.400
3166668,252,3169120.000
3166707,289,3169367.200
3166812,326,3169644.000
3166893,363,3169950.400
3167085,100,3170046.400
3167297,137,3170172.000
3167329,174,3170327.200
3167332,211,3170512.000
3167394,248,3170726.400
3167514,285,3170970.400
3167567,322,3171244.000
3167727,359,3171547.200
3167754,96,3171640.000
3167827,133,3171762.400
3167921,170,3171914.400
3167929,207,3172096.000
3167961,244,3172307.200
3168008,281,3172548.000
3168012,318,3172818.400
3168112,355,3173118.400
3168183,92,3173208.000
3168209,129,3173327.200
3168230,166,3173476.000
3168238,203,3173654.400
3168403,240,3173862.400
3200094,277,3200331.600
3200120,314,3200598.800
3200187,351,3200895.600
3217362,88,3217448.400
3218166,125,3218282.000
3218214,162,3218427.600
3218261,199,3218602.800
3218416,236,3218807.600
3218447,273,3219042.000
3218561,310,3219306.000
3218565,347,3219599.600
3242736,384,3243059.200
3242775,121,3243172.000
3242975,158,3243314.400
3243116,195,3243486.400
3243256,232,3243688.000
3243267,269,3243919.200
3243276,306,3244180.000
3243287,343,3244470.400
3243314,380,3244790.400
3243389,117,3244900.000
3243417,154,3245039.200
3243446,191,3245208.000
3243540,228,3245406.400
3243578,265,3245634.400
3243605,302,3245892.000
3243740,339,3246179.200
3243810,376,3246496.000
3243913,113,3246602.400
3244039,150,3246738.400
3251812,187,3251977.600
3251958,224,3252172.800
3252013,261,3252397.600
3252023,298,3252652.000
3252030,335,3252936.000
3252069,372,3253249.600
3252324,109,3253352.800
3252345,146,3253485.600
3252373,183,3253648.000
3252385,220,3253840.000
3252747,257,3254061.600
3253078,294,3254312.800
3253078,331,3254593.600
3253186,368,3254904.000
3253324,105,3255004.000
3253326,142,3255133.600
3253345,179,3255292.800
3253460,216,3255481.600
3253701,253,3255700.000
3253777,290,3255948.000
3253815,327,3256225.600
3253816,364,3256532.800
3253837,101,3256629.600
3253914,138,3256756.000
3253920,175,3256912.000
3253995,212,3257097.600
3254066,249,3257312.800
3254090,286,3257557.600
3254107,323,3257832.000
3254132,360,3258136.000
3254132,97,3258229.600
3254257,134,3258352.800
3254488,171,3258505.600
3254557,208,3258688.000
3254592,245,3258900.000
3254631,282,3259141.600
3254649,319,3259412.800
3254832,356,3259713.600
3254868,93,3259804.000
3254872,130,3259924.000
3254886,167,3260073.600
3255014,204,3260252.800
3255014,241,3260461.600
3255034,278,3260700.000
3255150,315,3260968.000
3255157,352,3261265.600
3255187,89,3261352.800
3255197,126,3261469.600
3255245,163,3261616.000
3255326,200,3261792.000
3255337,237,3261997.600
3255418,274,3262232.800
3255447,311,3262497.600
3255555,348,3262792.000
3255560,385,3263116.000
3255671,122,3263229.600
3255679,159,3263372.800
3255756,196,3263545.600
3268854,233,3269056.400
3268861,270,3269288.400
3268922,307,3269550.000
3268954,344,3269841.200
3268976,381,3270162.000
3269006,118,3270272.400
3269015,155,3270412.400
3269157,192,3270582.000
3269299,229,3270781.200
3269384,266,3271010.000
3269501,303,3271268.400
3269504,340,3271556.400
3269511,377,3271874.000
3269532,114,3271981.200
3281966,151,3282102.800
3281968,188,3282269.200
3282006,225,3282465.200
3282061,262,3282690.800
3282170,299,3282946.000
3282346,336,3283230.800
3282413,373,3283545.200
3282467,110,3283649.200
3282470,147,3283782.800
3282478,184,3283946.000
3282507,221,3284138.800
3288261,258,3288483.400
3288351,295,3288735.400
3288465,332,3289017.000
3288482,369,3289328.200
3288484,106,3289429.000
3288493,143,3289559.400
3291397,180,3291557.000
3297519,217,3297708.600
3297633,254,3297927.800
3297640,291,3298176.600
3300253,328,3300531.400
3300310,365,3300839.400
3300314,102,3300937.000
3300315,139,3301064.200
3300467,176,3301221.000
3300568,213,3301407.400
3300591,250,3301623.400
3300666,287,3301869.000
3300813,324,3302144.200
3300843,361,3302449.000
3300869,98,3302543.400
3300928,135,3302667.400
3301030,172,3302821.000
3301167,209,3303004.200
3301200,246,3303217.000
3301375,283,3303459.400
3301427,320,3303731.400
3301430,357,3304033.000
3301434,94,3304124.200
3301488,131,3304245.000
3301489,168,3304395.400
3301491,205,3304575.400
3301506,242,3304785.000
3301581,279,3305024.200
3301653,316,3305293.000
3301716,353,3305591.400
3302500,90,3305679.400
3302694,127,3305797.000
3302735,164,3305944.200
3302766,201,3306121.000
3302773,238,3306327.400
3302849,275,3306563.400
3302941,312,3306829.000
3303018,349,3307124.200
3303144,86,3307209.000
3303145,123,3307323.400
3303256,160,3307467.400
3303285,197,3307641.000
3303291,234,3307844.200
3303327,271,3308077.000
3303397,308,3308339.400
3303547,345,3308631.400
3303631,382,3308953.000
3303637,119,3309064.200
3303683,156,3309205.000
3313320,193,3313490.400
3318715,230,3318915.000
3318791,267,3319144.600
3318887,304,3319403.800
3318919,341,3319692.600
3318970,378,3320011.000
3319068,115,3320119.000
3319095,152,3320256.600
3319287,189,3320423.800
3319314,226,3320620.600
3319482,263,3320847.000
3319518,300,3321103.000
3319578,337,3321388.600
3319587,374,3321703.800
3319600,111,3321808.600
3319608,148,3321943.000
3319757,185,3322107.000
3319872,222,3322300.600
3326733,259,3326956.200
3326746,296,3327209.000
3326820,333,3327491.400
3326822,370,3327803.400
3326842,107,3327905.000
3326847,144,3328036.200
3326864,181,3328197.000
3327045,218,3328387.400
3327074,255,3328607.400
3327076,292,3328857.000
3327106,329,3329136.200
3327156,366,3329445.000
3327172,103,3329543.400
3327278,140,3329671.400
3327521,177,3329829.000
3327570,214,3330016.200
3327724,251,3330233.000
3327737,288,3330479.400
3327753,325,3330755.400
3327781,362,3331061.000
3327825,99,3331156.200
3331672,136,3331796.800
3331692,173,3331951.200
3331725,210,3332135.200
3331751,247,3332348.800
3331757,284,3332592.000
3331832,321,3332864.800
3331884,358,3333167.200
3331966,95,3333259.200
3331975,132,3333380.800
3331977,169,3333532.000
3331986,206,3333712.800
3332005,243,3333923.200
3332159,280,3334163.200
3332210,317,3334432.800
3332220,354,3334732.000
3332231,91,3334820.800
3332237,128,3334939.200
3332254,165,3335087.200
3335375,202,3335552.600
3335406,239,3335759.800
3335436,276,3335996.600
3335598,313,3336263.000
3335611,350,3336559.000
3335708,87,3336644.600
3335746,124,3336759.800
3335855,161,3336904.600
3335897,198,3337079.000
3335900,235,3337283.000
3335904,272,3337516.600
3335957,309,3337779.800
3336050,346,3338072.600
3336055,383,3338395.000
3340787,120,3340899.000
3340820,157,3341040.600
3340847,194,3341211.800
3340932,231,3341412.600
3340974,268,3341643.000
3341008,305,3341903.000
3341150,342,3342192.600
3341194,379,3342511.800
3341254,116,3342620.600
3341264,153,3342759.000
3341310,190,3342927.000
3341321,227,3343124.600
3341321,264,3343351.800
3341335,301,3343608.600
3341392,338,3343895.000
3341532,375,3344211.000
3341601,112,3344316.600
3341640,149,3344451.800
3341669,186,3344616.600
3341688,223,3344811.000
3341693,260,3345035.000
3341745,297,3345288.600
3341754,334,3345571.800
3341915,371,3345884.600
3341933,108,3345987.000
3341985,145,3346119.000
3341987,182,3346280.600
3342225,219,3346471.800
3342294,256,3346692.600
3342321,293,3346943.000
3342456,330,3347223.000
3342546,367,3347532.600
3342607,104,3347631.800
3342683,141,3347760.600
3342817,178,3347919.000
3342986,215,3348107.000
3343080,252,3348324.600
3343142,289,3348571.800
3343169,326,3348848.600
3343211,363,3349155.000
3343261,100,3349251.000
3343463,137,3349376.600
3343513,174,3349531.800
3343525,211,3349716.600
3343576,248,3349931.000
3343649,285,3350175.000
3343703,322,3350448.600
3343783,359,3350751.800
3343862,96,3350844.600
3343981,133,3350967.000
3344125,170,3351119.000
3344360,207,3351300.600
3344473,244,3351511.800
3344482,281,3351752.600
3344536,318,3352023.000
3344555,355,3352323.000
3344595,92,3352412.600
3344643,129,3352531.800
3344649,166,3352680.600
3344660,203,3352859.000
3344696,240,3353067.000
3344741,277,3353304.600
3344816,314,3353571.800
3344862,351,3353868.600
3344970,88,3353955.000
3345005,125,3354071.000
3345011,162,3354216.600
3345038,199,3354391.800
3345073,236,3354596.600
3345637,273,3354831.000
3345652,310,3355095.000
3345687,347,3355388.600
3345735,384,3355711.800
3345859,121,3355824.600
3345937,158,3355967.000
3345938,195,3356139.000
3346058,232,3356340.600
3346088,269,3356571.800
3347176,306,3356832.600
3347188,343,3357123.000
3347257,380,3357443.000
3347360,117,3357552.600
3347394,154,3357691.800
3347515,191,3357860.600
3347536,228,3358059.000
3347597,265,3358287.000
3347666,302,3358544.600
3347679,339,3358831.800
3347695,376,3359148.600
3347696,113,3359255.000
3347716,150,3359391.000
3347746,187,3359556.600
3347807,224,3359751.800
3347810,261,3359976.600
3347906,298,3360231.000
3347915,335,3360515.000
3347971,372,3360828.600
3347979,109,3360931.800
3347992,146,3361064.600
3347996,183,3361227.000
3348015,220,3361419.000
3348017,257,3361640.600
3348075,294,3361891.800
3348080,331,3362172.600
3348100,368,3362483.000
3348133,105,3362583.000
3348222,142,3362712.600
3348416,179,3362871.800
3348416,216,3363060.600
3348420,253,3363279.000
3348512,290,3363527.000
3348670,327,3363804.600
3348683,364,3364111.800
3348718,101,3364208.600
3389266,138,3389392.400
3389353,175,3389548.400
3389418,212,3389734.000
3389426,249,3389949.200
3389431,286,3390194.000
3389529,323,3390468.400
3389608,360,3390772.400
3389609,97,3390866.000
3389620,134,3390989.200
3399420,171,3399572.800
3399549,208,3399755.200
3399590,245,3399967.200
3399592,282,3400208.800
3399617,319,3400480.000
3399765,356,3400780.800
3399902,93,3400871.200
3399918,130,3400991.200
3400001,167,3401140.800
3400008,204,3401320.000
3400068,241,3401528.800
3400149,278,3401767.200
3400284,315,3402035.200
3409450,352,3409747.600
3409464,89,3409834.800
3409468,126,3409951.600
3409489,163,3410098.000
3413994,200,3414170.000
3414023,237,3414375.600
3417757,274,3417992.200
3417840,311,3418257.000
3417889,348,3418551.400
3418002,385,3418875.400
3418098,122,3418989.000
3418100,159,3419132.200
3418210,196,3419305.000
3418436,233,3419507.400
3418529,270,3419739.400
3418568,307,3420001.000
3418678,344,3420292.200
3418713,381,3420613.000
3418725,118,3420723.400
3418766,155,3420863.400
3418803,192,3421033.000
3418914,229,3421232.200
3418928,266,3421461.000
3418965,303,3421719.400
3418999,340,3422007.400
3419127,377,3422325.000
3419132,114,3422432.200
3419214,151,3422569.000
3419222,188,3422735.400
3419288,225,3422931.400
3419317,262,3423157.000
3419355,299,3423412.200
3419356,336,3423697.000
3419539,373,3424011.400
3419683,110,3424115.400
3419803,147,3424249.000
3419852,184,3424412.200
3419940,221,3424605.000
3428306,258,3428528.400
3430754,295,3431006.000
3457084,332,3457365.600
3457233,369,3457676.800
3457254,106,3457777.600
3457265,143,3457908.000
3457297,180,3458068.000
3457570,217,3458257.600
3457603,254,3458476.800
3457697,291,3458725.600
3457725,328,3459004.000
3457809,365,3459312.000
3457871,102,3459409.600
3458022,139,3459536.800
3458100,176,3459693.600
3458199,213,3459880.000
3458259,250,3460096.000
3458361,287,3460341.600
3458442,324,3460616.800
3458567,361,3460921.600
3458588,98,3461016.000
3458601,135,3461140.000
3458648,172,3461293.600
3458668,209,3461476.800
3458785,246,3461689.600
3458858,283,3461932.000
3458885,320,3462204.000
3458965,357,3462505.600
3458990,94,3462596.800
3459014,131,3462717.600
3459078,168,3462868.000
3459175,205,3463048.000
3459223,242,3463257.600
3459234,279,3463496.800
3459313,316,3463765.600
3459329,353,3464064.000
3459441,90,3464152.000
3459455,127,3464269.600
3459559,164,3464416.800
3459590,201,3464593.600
3459623,238,3464800.000
3459670,275,3465036.000
3459715,312,3465301.600
3459824,349,3465596.800
3459838,86,3465681.600
3459990,123,3465796.000
3460041,160,3465940.000
3460081,197,3466113.600
3460118,234,3466316.800
3465217,271,3466549.600
3465326,308,3466812.000
3465455,345,3467104.000
3465479,382,3467425.600
3465644,119,3467536.800
3465666,156,3467677.600
3465744,193,3467848.000
3481079,230,3481279.000
3481086,267,3481508.600
3481135,304,3481767.800
3481161,341,3482056.600
3481195,378,3482375.000
3492131,115,3492239.000
3492134,152,3492376.600
3492224,189,3492543.800
3492237,226,3492740.600
3492319,263,3492967.000
3492383,300,3493223.000
3492441,337,3493508.600
3492448,374,3493823.800
3492649,111,3493928.600
3492687,148,3494063.000
3492697,185,3494227.000
3492712,222,3494420.600
3519445,259,3519668.200
3519451,296,3519921.000
3519508,333,3520203.400
3519511,370,3520515.400
3519588,107,3520617.000
3519665,144,3520748.200
3519724,181,3520909.000
3519740,218,3521099.400
3519745,255,3521319.400
3519865,292,3521569.000
3519936,329,3521848.200
3520106,366,3522157.000
3520162,103,3522255.400
3520173,140,3522383.400
3520220,177,3522541.000
3520249,214,3522728.200
3520258,251,3522945.000
3520286,288,3523191.400
3520298,325,3523467.400
3520302,362,3523773.000
3520365,99,3523868.200
3520370,136,3523993.000
3529795,173,3529949.400
3529802,210,3530133.400
3529806,247,3530347.000
3529934,284,3530590.200
3529968,321,3530863.000
3530047,358,3531165.400
3530096,95,3531257.400
3530146,132,3531379.000
3530152,169,3531530.200
3530176,206,3531711.000
3530178,243,3531921.400
3530184,280,3532161.400
3530250,317,3532431.000
3530253,354,3532730.200
3530286,91,3532819.000
3530400,128,3532937.400
3530432,165,3533085.400
3530445,202,3533263.000
3530470,239,3533470.200
3530480,276,3533707.000
3530483,313,3533973.400
3530525,350,3534269.400
3530541,87,3534355.000
3530662,124,3534470.200
3530755,161,3534615.000
3530769,198,3534789.400
3530839,235,3534993.400
3530866,272,3535227.000
3530936,309,3535490.200
3532545,346,3535783.000
3532676,383,3536105.400
3532686,120,3536217.400
3532711,157,3536359.000
3532715,194,3536530.200
3532930,231,3536731.000
3532933,268,3536961.400
3533084,305,3537221.400
3533121,342,3537511.000
3533143,379,3537830.200
3533152,116,3537939.000
3533183,153,3538077.400
3533211,190,3538245.400
3533218,227,3538443.000
3533232,264,3538670.200
3533262,301,3538927.000
3533327,338,3539213.400
3533341,375,3539529.400
3533355,112,3539635.000
3533361,149,3539770.200
3533468,186,3539935.000
3533481,223,3540129.400
3533494,260,3540353.400
3533636,297,3540607.000
3533644,334,3540890.200
3533657,371,3541203.000
3533670,108,3541305.400
3533737,145,3541437.400
3533768,182,3541599.000
3533860,219,3541790.200
3533863,256,3542011.000
3533947,293,3542261.400
3533974,330,3542541.400
3534058,367,3542851.000
3534072,104,3542950.200
3534825,141,3543079.000
3534909,178,3543237.400
3534919,215,3543425.400
3534990,252,3543643.000
3535149,289,3543890.200
3535168,326,3544167.000
3535190,363,3544473.400
3535208,100,3544569.400
3535219,137,3544695.000
3535349,174,3544850.200
3535359,211,3545035.000
3535382,248,3545249.400
3535416,285,3545493.400
3535432,322,3545767.000
3535474,359,3546070.200
3535497,96,3546163.000
3535522,133,3546285.400
3535551,170,3546437.400
3535640,207,3546619.000
3535670,244,3546830.200
3535754,281,3547071.000
3535761,318,3547341.400
3535817,355,3547641.400
3535845,92,3547731.000
3535868,129,3547850.200
3540723,166,3547999.000
3540867,203,3548177.400
3540868,240,3548385.400
3540910,277,3548623.000
3541021,314,3548890.200
3541066,351,3549187.000
3541114,88,3549273.400
3541231,125,3549389.400
3541375,162,3549535.000
3541404,199,3549710.200
3541489,236,3549915.000
3573019,273,3573253.400
3573088,310,3573517.400
3573180,347,3573811.000
3573288,384,3574134.200
3573458,121,3574247.000
3573516,158,3574389.400
3573668,195,3574561.400
3573756,232,3574763.000
3573850,269,3574994.200
3573954,306,3575255.000
3574006,343,3575545.400
3574058,380,3575865.400
3574078,117,3575975.000
3574084,154,3576114.200
3574138,191,3576283.000
3574259,228,3576481.400
3574277,265,3576709.400
3574353,302,3576967.000
3574463,339,3577254.200
3583544,376,3583860.800
3583571,113,3583967.200
3583687,150,3584103.200
3583748,187,3584268.800
3583751,224,3584464.000
3583798,261,3584688.800
3583842,298,3584943.200
3583866,335,3585227.200
3583890,372,3585540.800
3583930,109,3585644.000
3583970,146,3585776.800
3583983,183,3585939.200
3584045,220,3586131.200
3584048,257,3586352.800
3584050,294,3586604.000
3584134,331,3586884.800
3584186,368,3587195.200
3584272,105,3587295.200
3584290,142,3587424.800
3584291,179,3587584.000
3584306,216,3587772.800
3584324,253,3587991.200
3584339,290,3588239.200
3584394,327,3588516.800
3584500,364,3588824.000
3584563,101,3588920.800
3584591,138,3589047.200
3594534,175,3594690.000
3594545,212,3594875.600
3594564,249,3595090.800
3594588,286,3595335.600
3594602,323,3595610.000
3594732,360,3595914.000
3594813,97,3596007.600
3594817,134,3596130.800
3594869,171,3596283.600
3594932,208,3596466.000
3595022,245,3596678.000
3595051,282,3596919.600
3595237,319,3597190.800
3595294,356,3597491.600
3595458,93,3597582.000
3595642,130,3597702.000
3595685,167,3597851.600
3595778,204,3598030.800
3595866,241,3598239.600
3603860,278,3604098.400
3610824,315,3611092.000
3610956,352,3611389.600
3611007,89,3611476.800
3631425,126,3631541.800
3631458,163,3631688.200
3631471,200,3631864.200
3631556,237,3632069.800
3644526,274,3644761.200
3644547,311,3645026.000
3644645,348,3645320.400
3644682,385,3645644.400
3644761,122,3645758.000
3644768,159,3645901.200
3644785,196,3646074.000
3644805,233,3646276.400
3644826,270,3646508.400
3644902,307,3646770.000
3644953,344,3647061.200
3644957,381,3647382.000
3644963,118,3647492.400
3645030,155,3647632.400
3645053,192,3647802.000
3645056,229,3648001.200
3645057,266,3648230.000
3645067,303,3648488.400
3645197,340,3648776.400
3645247,377,3649094.000
3645437,114,3649201.200
3645533,151,3649338.000
3645680,188,3649504.400
3645691,225,3649700.400
3645712,262,3649926.000
3645747,299,3650181.200
3655896,336,3656180.800
3655903,373,3656495.200
3655951,110,3656599.200
3656077,147,3656732.800
3656287,184,3656896.000
3656312,221,3657088.800
3656437,258,3657311.200
3656506,295,3657563.200
3672885,332,3673166.600
3672894,369,3673477.800
3672923,106,3673578.600
3673099,143,3673709.000
3673109,180,3673869.000
3673173,217,3674058.600
3673193,254,3674277.800
3673241,291,3674526.600
3673328,328,3674805.000
3673330,365,3675113.000
3673546,102,3675210.600
3673546,139,3675337.800
3673552,176,3675494.600
3673558,213,3675681.000
3673587,250,3675897.000
3673589,287,3676142.600
3673597,324,3676417.800
3673604,361,3676722.600
3673704,98,3676817.000
3673718,135,3676941.000
3673722,172,3677094.600
3673773,209,3677277.800
3673791,246,3677490.600
3673848,283,3677733.000
3673908,320,3678005.000
3673943,357,3678306.600
3689188,94,3689279.200
3689300,131,3689420.800
3689325,168,3689571.200
3689360,205,3689751.200
3689759,242,3689968.600
3689804,279,3690207.800
3689823,316,3690476.600
3689903,353,3690775.000
3689964,90,3690863.000
3690160,127,3690980.600
3690192,164,3691127.800
3690250,201,3691304.600
3690370,238,3691511.000
3690448,275,3691747.000
3690491,312,3692012.600
3690664,349,3692307.800
3690835,86,3692392.600
3690849,123,3692507.000
3690850,160,3692651.000
3690905,197,3692824.600
3690910,234,3693027.800
3691033,271,3693260.600
3691094,308,3693523.000
3691238,345,3693815.000
3691305,382,3694136.600
3691475,119,3694247.800
3691534,156,3694388.600
3691626,193,3694559.000
3691669,230,3694759.000
3691672,267,3694988.600
3691711,304,3695247.800
3691733,341,3695536.600
3692048,378,3695855.000
3692108,115,3695963.000
3692152,152,3696100.600
3692175,189,3696267.800
3692207,226,3696464.600
3692232,263,3696691.000
3692375,300,3696947.000
3692482,337,3697232.600
3692673,374,3697547.800
3692686,111,3697652.600
3692737,148,3697787.000
3692823,185,3697951.000
3692962,222,3698144.600
3692985,259,3698367.800
3693036,296,3698620.600
3693040,333,3698903.000
3693064,370,3699215.000
3693129,107,3699316.600
3693285,144,3699447.800
3693310,181,3699608.600
3693358,218,3699799.000
3693400,255,3700019.000
3693460,292,3700268.600
3693510,329,3700547.800
3693541,366,3700856.600
3693765,103,3700955.000
3693772,140,3701083.000
3706287,177,3706444.600
3706301,214,3706631.800
3706341,251,3706848.600
3706360,288,3707095.000
3706373,325,3707371.000
3706392,362,3707676.600
3706406,99,3707771.800
3706422,136,3707896.600
3706536,173,3708051.000
3706547,210,3708235.000
3708783,247,3708996.600
3708786,284,3709239.800
3708806,321,3709512.600
3709016,358,3709815.000
3709122,95,3709907.000
3709302,132,3710028.600
3709393,169,3710179.800
3709452,206,3710360.600
3709466,243,3710571.000
3709487,280,3710811.000
3709525,317,3711080.600
3709583,354,3711379.800
3709648,91,3711468.600
3709680,128,3711587.000
3709734,165,3711735.000
3709781,202,3711912.600
3709877,239,3712119.800
3710070,276,3712356.600
3719551,313,3719817.400
3720031,350,3720327.000
3720058,87,3720412.600
3720060,124,3720527.800
3720113,161,3720672.600
3720117,198,3720847.000
3720117,235,3721051.000
3720218,272,3721284.600
3720243,309,3721547.800
3720264,346,3721840.600
3720296,383,3722163.000
3734301,120,3734413.000
3734312,157,3734554.600
3734411,194,3734725.800
3734420,231,3734926.600
3734426,268,3735157.000
3734454,305,3735417.000
3734461,342,3735706.600
3734551,379,3736025.800
3734567,116,3736134.600
3742567,153,3742705.400
3742576,190,3742873.400
3742589,227,3743071.000
3742654,264,3743298.200
3742686,301,3743555.000
3742941,338,3743841.400
3742994,375,3744157.400
3743098,112,3744263.000
3743181,149,3744398.200
3743230,186,3744563.000
3743274,223,3744757.400
3743313,260,3744981.400
3743354,297,3745235.000
3743364,334,3745518.200
3743531,371,3745831.000
3743612,108,3745933.400
3743723,145,3746065.400
3761117,182,3761278.600
3761272,219,3761469.800
3761319,256,3761690.600
3761343,293,3761941.000
3761379,330,3762221.000
3761506,367,3762530.600
3761550,104,3762629.800
3761581,141,3762758.600
3761612,178,3762917.000
3761661,215,3763105.000
3761737,252,3763322.600
3761754,289,3763569.800
3761795,326,3763846.600
3761810,363,3764153.000
3761873,100,3764249.000
3761910,137,3764374.600
3761975,174,3764529.800
3762027,211,3764714.600
3762038,248,3764929.000
3762073,285,3765173.000
3762366,322,3765446.600
3762474,359,3765749.800
3762538,96,3765842.600
3762662,133,3765965.000
3762672,170,3766117.000
3762685,207,3766298.600
3762725,244,3766509.800
3762727,281,3766750.600
3762731,318,3767021.000
3762815,355,3767321.000
3762968,92,3767410.600
3762978,129,3767529.800
3762978,166,3767678.600
3763268,203,3767857.000
3763271,240,3768065.000
3763297,277,3768302.600
3763385,314,3768569.800
3763394,351,3768866.600
3763563,88,3768953.000
3763593,125,3769069.000
3763607,162,3769214.600
3763713,199,3769389.800
3763729,236,3769594.600
3763826,273,3769829.000
3763831,310,3770093.000
3763890,347,3770386.600
3764000,384,3770709.800
3764027,121,3770822.600
3764038,158,3770965.000
3764121,195,3771137.000
3764226,232,3771338.600
3764247,269,3771569.800
3764264,306,3771830.600
3764272,343,3772121.000
3764352,380,3772441.000
3764396,117,3772550.600
3764397,154,3772689.800
3764502,191,3772858.600
3764644,228,3773057.000
3764709,265,3773285.000
3764717,302,3773542.600
3764822,339,3773829.800
3764863,376,3774146.600
3764915,113,3774253.000
3765010,150,3774389.000
3765056,187,3774554.600
3765078,224,3774749.800
3765084,261,3774974.600
3765095,298,3775229.000
3765135,335,3775513.000
3765161,372,3775826.600
3765180,109,3775929.800
3765192,146,3776062.600
3783706,183,3783868.400
3783719,220,3784060.400
3783804,257,3784282.000
3783816,294,3784533.200
3783909,331,3784814.000
3784102,368,3785124.400
3784266,105,3785224.400
3784287,142,3785354.000
3784294,179,3785513.200
3784335,216,3785702.000
3784470,253,3785920.400
3784520,290,3786168.400
3784572,327,3786446.000
3784574,364,3786753.200
3784641,101,3786850.000
3784652,138,3786976.400
3784653,175,3787132.400
3784655,212,3787318.000
3784852,249,3787533.200
3784889,286,3787778.000
3784924,323,3788052.400
3785041,360,3788356.400
3785041,97,3788450.000
3785055,134,3788573.200
3785079,171,3788726.000
3785128,208,3788908.400
3785181,245,3789120.400
3785210,282,3789362.000
3785303,319,3789633.200
3785339,356,3789934.000
3785377,93,3790024.400
3785410,130,3790144.400
3785475,167,3790294.000
3785475,204,3790473.200
3785597,241,3790682.000
3785634,278,3790920.400
3785733,315,3791188.400
3785761,352,3791486.000
3785769,89,3791573.200
3785790,126,3791690.000
3785886,163,3791836.400
3785990,200,3792012.400
3786032,237,3792218.000
3786186,274,3792453.200
3786238,311,3792718.000
3786354,348,3793012.400
3786361,385,3793336.400
3786423,122,3793450.000
3786469,159,3793593.200
3786505,196,3793766.000
3786517,233,3793968.400
3786536,270,3794200.400
3786547,307,3794462.000
3786581,344,3794753.200
3786710,381,3795074.000
3786769,118,3795184.400
3786786,155,3795324.400
3786803,192,3795494.000
3786816,229,3795693.200
3786831,266,3795922.000
3786963,303,3796180.400
3786968,340,3796468.400
3786970,377,3796786.000
3786984,114,3796893.200
3787003,151,3797030.000
3787016,188,3797196.400
3787025,225,3797392.400
3787045,262,3797618.000
3787184,299,3797873.200
3787218,336,3798158.000
3787317,373,3798472.400
3793527,110,3798576.400
3793565,147,3798710.000
3793584,184,3798873.200
3793589,221,3799066.000
3793608,258,3799288.400
3793724,295,3799540.400
3793759,332,3799822.000
3793891,369,3800133.200
3794106,106,3800234.000
3794125,143,3800364.400
3794156,180,3800524.400
3794195,217,3800714.000
3794199,254,3800933.200
3794221,291,3801182.000
3794308,328,3801460.400
3794362,365,3801768.400
3794389,102,3801866.000
3794402,139,3801993.200
3794521,176,3802150.000
3794529,213,3802336.400
3794534,250,3802552.400
3794624,287,3802798.000
3821340,324,3821615.200
3821412,361,3821920.000
3821524,98,3822014.400
3821534,135,3822138.400
3826551,172,3826704.600
3826812,209,3826995.200
3826833,246,3827208.000
3826857,283,3827450.400
3826968,320,3827722.400
3839151,357,3839452.600
3839290,94,3839543.800
3839309,131,3839664.600
3839310,168,3839815.000
3839321,205,3839995.000
3839421,242,3840204.600
3839595,279,3840443.800
3839600,316,3840712.600
3839606,353,3841011.000
3839713,90,3841099.000
3839725,127,3841216.600
3839896,164,3841363.800
3839986,201,3841540.600
3845250,238,3845456.400
3845329,275,3845692.400
3845376,312,3845958.000
3845494,349,3846253.200
3845496,86,3846338.000
3845529,123,3846452.400
3845568,160,3846596.400
3845605,197,3846770.000
3845689,234,3846973.200
3845690,271,3847206.000
3845876,308,3847468.400
3845943,345,3847760.400
3845951,382,3848082.000
3845980,119,3848193.200
3846025,156,3848334.000
3846181,193,3848504.400
3846234,230,3848704.400
3846286,267,3848934.000
3846351,304,3849193.200
3846377,341,3849482.000
3846467,378,3849800.400
3846518,115,3849908.400
3846520,152,3850046.000
3846523,189,3850213.200
3846531,226,3850410.000
3846532,263,3850636.400
3846621,300,3850892.400
3846662,337,3851178.000
3846790,374,3851493.200
3846800,111,3851598.000
3846926,148,3851732.400
3847148,185,3851896.400
3847153,222,3852090.000
3847181,259,3852313.200
3847261,296,3852566.000
3847285,333,3852848.400
3847309,370,3853160.400
3847374,107,3853262.000
3866385,144,3866516.200
3866488,181,3866677.000
3866508,218,3866867.400
3866572,255,3867087.400
3866586,292,3867337.000
3866601,329,3867616.200
3866631,366,3867925.000
3866683,103,3868023.400
3866720,140,3868151.400
3866779,177,3868309.000
3866802,214,3868496.200
3866900,251,3868713.000
3867045,288,3868959.400
3867088,325,3869235.400
3867263,362,3869541.000
3867363,99,3869636.200
3867458,136,3869761.000
3867582,173,3869915.400
3867646,210,3870099.400
3867663,247,3870313.000
3867700,284,3870556.200
3867704,321,3870829.000
3867751,358,3871131.400
3867791,95,3871223.400
3867882,132,3871345.000
3867935,169,3871496.200
3867936,206,3871677.000
3867982,243,3871887.400
3867993,280,3872127.400
3868006,317,3872397.000
3868068,354,3872696.200
3870524,91,3872785.000
3870581,128,3872903.400
3870697,165,3873051.400
3870711,202,3873229.000
3870861,239,3873436.200
3870961,276,3873673.000
3871050,313,3873939.400
3871070,350,3874235.400
3871095,87,3874321.000
3871166,124,3874436.200
3871243,161,3874581.000
3871348,198,3874755.400
3871393,235,3874959.400
3871433,272,3875193.000
3871516,309,3875456.200
3871636,346,3875749.000
3871647,383,3876071.400
3871827,120,3876183.400
3871859,157,3876325.000
3872029,194,3876496.200
3872086,231,3876697.000
3872170,268,3876927.400
3872185,305,3877187.400
3872220,342,3877477.000
3872233,379,3877796.200
3872495,116,3877905.000
3872506,153,3878043.400
3872592,190,3878211.400
3872604,227,3878409.000
3872608,264,3878636.200
3872623,301,3878893.000
3872652,338,3879179.400
3872692,375,3879495.400
3872797,112,3879601.000
3872824,149,3879736.200
3872856,186,3879901.000
3872895,223,3880095.400
3873009,260,3880319.400
3873025,297,3880573.000
3873030,334,3880856.200
3873182,371,3881169.000
3873208,108,3881271.400
3873238,145,3881403.400
3873262,182,3881565.000
3873292,219,3881756.200
3873330,256,3881977.000
3919592,293,3919842.400
3919617,330,3920122.400
3919681,367,3920432.000
3919711,104,3920531.200
3919883,141,3920660.000
3920045,178,3920818.400
3920056,215,3921006.400
3920070,252,3921224.000
3920095,289,3921471.200
3920108,326,3921748.000
3920199,363,3922054.400
3920257,100,3922150.400
3920426,137,3922276.000
3920489,174,3922431.200
3920503,211,3922616.000
3920526,248,3922830.400
3920698,285,3923074.400
3920927,322,3923348.000
3920931,359,3923651.200
3920990,96,3923744.000
3921122,133,3923866.400
3921176,170,3924018.400
3921245,207,3924200.000
3921257,244,3924411.200
3921326,281,3924652.000
3921369,318,3924922.400
3921372,355,3925222.400
3921388,92,3925312.000
3921546,129,3925431.200
3921699,166,3925580.000
3921784,203,3925758.400
3922350,240,3925966.400
3922374,277,3926204.000
3922451,314,3926471.200
3922650,351,3926768.000
3922703,88,3926854.400
3922706,125,3926970.400
3922837,162,3927116.000
3922881,199,3927291.200
3922958,236,3927496.000
3923052,273,3927730.400
3923087,310,3927994.400
3923112,347,3928288.000
3923172,384,3928611.200
3923264,121,3928724.000
3923321,158,3928866.400
3923557,195,3929038.400
3923613,232,3929240.000
3923636,269,3929471.200
3923656,306,3929732.000
3923665,343,3930022.400
3929553,380,3930342.400
3929650,117,3930452.000
3929769,154,3930591.200
3929790,191,3930760.000
3929884,228,3930958.400
3929947,265,3931186.400
3929973,302,3931444.000
3930077,339,3931731.200
3930086,376,3932048.000
3930217,113,3932154.400
3930222,150,3932290.400
3930268,187,3932456.000
3930274,224,3932651.200
3930361,261,3932876.000
3930409,298,3933130.400
3930496,335,3933414.400
3930551,372,3933728.000
3930717,109,3933831.200
3930795,146,3933964.000
3931002,183,3934126.400
3931005,220,3934318.400
3931219,257,3934540.000
3931260,294,3934791.200
3931475,331,3935072.000
3931577,368,3935382.400
3935163,105,3935482.400
3935179,142,3935612.000
3935184,179,3935771.200
3935198,216,3935960.000
3935325,253,3936178.400
3935411,290,3936426.400
3935464,327,3936704.000
3935486,364,3937011.200
3935545,101,3937108.000
3949587,138,3949713.400
3952517,175,3952673.000
3952644,212,3952858.600
3952658,249,3953073.800
3952756,286,3953318.600
3952806,323,3953593.000
3952892,360,3953897.000
3953051,97,3953990.600
3953089,134,3954113.800
3953093,171,3954266.600
3953254,208,3954449.000
3953355,245,3954661.000
3953365,282,3954902.600
3953431,319,3955173.800
3953509,356,3955474.600
3953578,93,3955565.000
3953604,130,3955685.000
3953605,167,3955834.600
3953659,204,3956013.800
3953696,241,3956222.600
3953700,278,3956461.000
3953718,315,3956729.000
3953821,352,3957026.600
3953906,89,3957113.800
3953910,126,3957230.600
3953947,163,3957377.000
3954026,200,3957553.000
3954195,237,3957758.600
3954251,274,3957993.800
3954320,311,3958258.600
3954335,348,3958553.000
3954406,385,3958877.000
3954529,122,3958990.600
3954538,159,3959133.800
3954570,196,3959306.600
3954696,233,3959509.000
3954770,270,3959741.000
3986790,307,3987051.600
3986790,344,3987342.800
3986793,381,3987663.600
3986809,118,3987774.000
3986819,155,3987914.000
3987125,192,3988083.600
3987132,229,3988282.800
3987266,266,3988511.600
3987285,303,3988770.000
3987344,340,3989058.000
3987562,377,3989375.600
3987580,114,3989482.800
3987608,151,3989619.600
3987646,188,3989786.000
3987670,225,3989982.000
3987726,262,3990207.600
3995814,299,3996069.200
3995966,336,3996354.000
3996079,373,3996668.400
3996096,110,3996772.400
3996097,147,3996906.000
3996303,184,3997069.200
3996349,221,3997262.000
3996355,258,3997484.400
4005802,295,4006054.000
4006010,332,4006335.600
4006013,369,4006646.800
4006104,106,4006747.600
4006107,143,4006878.000
4006132,180,4007038.000
4006233,217,4007227.600
4006236,254,4007446.800
4006294,291,4007695.600
4006319,328,4007974.000
4006319,365,4008282.000
4006326,102,4008379.600
4006349,139,4008506.800
4006372,176,4008663.600
4006375,213,4008850.000
4006423,250,4009066.000
4006466,287,4009311.600
4006494,324,4009586.800
4006523,361,4009891.600
4006557,98,4009986.000
4006569,135,4010110.000
4006618,172,4010263.600
4006658,209,4010446.800
4006676,246,4010659.600
4006698,283,4010902.000
4006702,320,4011174.000
4006716,357,4011475.600
4006722,94,4011566.800
4006851,131,4011687.600
4006877,168,4011838.000
4006992,205,4012018.000
4007008,242,4012227.600
4023897,279,4024136.200
4023913,316,4024405.000
4054482,353,4054780.400
4054589,90,4054868.400
4054815,127,4054986.000
4054911,164,4055133.200
4054922,201,4055310.000
4054978,238,4055516.400
4055000,275,4055752.400
4055002,312,4056018.000
4055122,349,4056313.200
4055179,86,4056398.000
4055244,123,4056512.400
4055252,160,4056656.400
4055337,197,4056830.000
4065818,234,4066021.200
4065869,271,4066254.000
4066087,308,4066516.400
4066142,345,4066808.400
4066209,382,4067130.000
4066226,119,4067241.200
4066229,156,4067382.000
4066271,193,4067552.400
4066321,230,4067752.400
4066325,267,4067982.000
4066409,304,4068241.200
4066478,341,4068530.000
4066552,378,4068848.400
4066564,115,4068956.400
4066565,152,4069094.000
4066652,189,4069261.200
4066795,226,4069458.000
4066810,263,4069684.400
4066855,300,4069940.400
4066881,337,4070226.000
4066934,374,4070541.200
4067002,111,4070646.000
4067007,148,4070780.400
4067116,185,4070944.400
4067274,222,4071138.000
4067309,259,4071361.200
4067350,296,4071614.000
4067355,333,4071896.400
4067487,370,4072208.400
4067598,107,4072310.000
4067681,144,4072441.200
4067743,181,4072602.000
4067801,218,4072792.400
4067848,255,4073012.400
4067868,292,4073262.000
4067919,329,4073541.200
4067964,366,4073850.000
4068068,103,4073948.400
4068070,140,4074076.400
4068074,177,4074234.000
4068156,214,4074421.200
4068205,251,4074638.000
4068206,288,4074884.400
4068302,325,4075160.400
4068465,362,4075466.000
4068476,99,4075561.200
4068482,136,4075686.000
4098341,173,4098495.400
4098748,210,4098932.000
4098770,247,4099145.600
4098831,284,4099388.800
4098915,321,4099661.600
4098962,358,4099964.000
4098968,95,4100056.000
4098984,132,4100177.600
4098992,169,4100328.800
4098994,206,4100509.600
4099026,243,4100720.000
4099089,280,4100960.000
4099176,317,4101229.600
4099242,354,4101528.800
4099308,91,4101617.600
4099343,128,4101736.000
4099393,165,4101884.000
4099406,202,4102061.600
4099425,239,4102268.800
4099441,276,4102505.600
4099569,313,4102772.000
4099581,350,4103068.000
4099702,87,4103153.600
4099754,124,4103268.800
4099970,161,4103413.600
4100378,198,4103588.000
4100390,235,4103792.000
4100489,272,4104025.600
4100695,309,4104288.800
4100850,346,4104581.600
4100956,383,4104904.000
4100957,120,4105016.000
4101096,157,4105157.600
4101160,194,4105328.800
4101194,231,4105529.600
4101277,268,4105760.000
4101410,305,4106020.000
4101475,342,4106309.600
4101615,379,4106628.800
4101629,116,4106737.600
4101652,153,4106876.000
4101684,190,4107044.000
4101697,227,4107241.600
4101716,264,4107468.800
4101886,301,4107725.600
4102018,338,4108012.000
4102046,375,4108328.000
4102096,112,4108433.600
4102105,149,4108568.800
4149434,186,4149598.800
4149637,223,4149831.400
4160725,260,4160949.000
4160865,297,4161202.600
4160871,334,4161485.800
4160973,371,4161798.600
4160975,108,4161901.000
4161020,145,4162033.000
4161065,182,4162194.600
4161168,219,4162385.800
4161210,256,4162606.600
4161213,293,4162857.000
4161221,330,4163137.000
4161288,367,4163446.600
4161327,104,4163545.800
4161351,141,4163674.600
4161353,178,4163833.000
4161373,215,4164021.000
4161413,252,4164238.600
4161478,289,4164485.800
4161526,326,4164762.600
4161605,363,4165069.000
4161631,100,4165165.000
4161675,137,4165290.600
4161695,174,4165445.800
4161808,211,4165630.600
4161886,248,4165845.000
4161901,285,4166089.000
4161976,322,4166362.600
4162002,359,4166665.800
4162043,96,4166758.600
4162096,133,4166881.000
4162145,170,4167033.000
4162318,207,4167214.600
4162374,244,4167425.800
4162400,281,4167666.600
4162401,318,4167937.000
4162493,355,4168237.000
4162548,92,4168326.600
4162575,129,4168445.800
4162838,166,4168594.600
4162880,203,4168773.000
4162893,240,4168981.000
4162899,277,4169218.600
4162899,314,4169485.800
4162987,351,4169782.600
4163010,88,4169869.000
4163125,125,4169985.000
4163179,162,4170130.600
4163230,199,4170305.800
4163285,236,4170510.600
4163285,273,4170745.000
4163434,310,4171009.000
4163476,347,4171302.600
4163563,384,4171625.800
4163567,121,4171738.600
4163628,158,4171881.000
4163774,195,4172053.000
4163956,232,4172254.600
4164065,269,4172485.800
4164254,306,4172746.600
4164301,343,4173037.000
4164367,380,4173357.000
4164408,117,4173466.600
4173163,154,4173605.800
4173172,191,4173774.600
4173201,228,4173973.000
4173265,265,4174201.000
4173343,302,4174458.600
4173351,339,4174745.800
4173399,376,4175062.600
4173456,113,4175169.000
4173498,150,4175305.000
4173530,187,4175470.600
4173594,224,4175665.800
4183277,261,4183501.800
4183385,298,4183756.200
4183415,335,4184040.200
4183536,372,4184353.800
4183550,109,4184457.000
4183705,146,4184589.800
4183764,183,4184752.200
4183768,220,4184944.200
4183807,257,4185165.800
4183824,294,4185417.000
4183883,331,4185697.800
4183949,368,4186008.200
4184003,105,4186108.200
4184024,142,4186237.800
4184026,179,4186397.000
4184029,216,4186585.800
4184138,253,4186804.200
4184147,290,4187052.200
4184159,327,4187329.800
4184160,364,4187637.000
4184318,101,4187733.800
4184320,138,4187860.200
4184359,175,4188016.200
4184770,212,4188201.800
4210576,249,4210791.200
4210700,286,4211036.000
4210702,323,4211310.400
4210781,360,4211614.400
4210871,97,4211708.000
4210877,134,4211831.200
4210956,171,4211984.000
4211062,208,4212166.400
4211098,245,4212378.400
4211110,282,4212620.000
4211241,319,4212891.200
4211243,356,4213192.000
4211335,93,4213282.400
4211372,130,4213402.400
4211399,167,4213552.000
4211489,204,4213731.200
4211699,241,4213940.000
4211753,278,4214178.400
4211762,315,4214446.400
4211786,352,4214744.000
4211818,89,4214831.200
4211868,126,4214948.000
4211982,163,4215094.400
4212033,200,4215270.400
4212100,237,4215476.000
4212215,274,4215711.200
4212226,311,4215976.000
4212252,348,4216270.400
4212257,385,4216594.400
4212271,122,4216708.000
4212294,159,4216851.200
4212386,196,4217024.000
4212442,233,4217226.400
4212473,270,4217458.400
4212503,307,4217720.000
4212547,344,4218011.200
4213377,381,4218332.000
4213429,118,4218442.400
4213442,155,4218582.400
4213498,192,4218752.000
4213559,229,4218951.200
4213625,266,4219180.000
4213733,303,4219438.400
4213836,340,4219726.400
4213853,377,4220044.000
4213933,114,4220151.200
4213943,151,4220288.000
4214223,188,4220454.400
4214348,225,4220650.400
4214496,262,4220876.000
4214634,299,4221131.200
4214640,336,4221416.000
4214668,373,4221730.400
4214696,110,4221834.400
4214724,147,4221968.000
4214749,184,4222131.200
4214889,221,4222324.000
4214890,258,4222546.400
4215088,295,4222798.400
4215132,332,4223080.000
4215202,369,4223391.200
4215213,106,4223492.000
4234981,143,4235111.400
4234985,180,4235271.400
4235137,217,4235461.000
4235155,254,4235680.200
4235162,291,4235929.000
4235200,328,4236207.400
4235288,365,4236515.400
4235313,102,4236613.000
4235361,139,4236740.200
4235398,176,4236897.000
4235423,213,4237083.400
4235485,250,4237299.400
4235511,287,4237545.000
4235599,324,4237820.200
4235638,361,4238125.000
4235679,98,4238219.400
4236519,135,4238343.400
4236538,172,4238497.000
4236608,209,4238680.200
4236620,246,4238893.000
4236751,283,4239135.400
4247302,320,4247574.000
4248841,357,4249142.600
4254505,94,4254596.200
4254712,131,4254832.800
4254760,168,4254983.200
4254792,205,4255163.200
4254866,242,4255372.800
4254909,279,4255612.000
4254910,316,4255880.800
4254978,353,4256179.200
4255093,90,4256267.200
4255137,127,4256384.800
4255176,164,4256532.000
4255289,201,4256708.800
4276297,238,4276503.400
4276351,275,4276739.400
4276414,312,4277005.000
4276416,349,4277300.200
4276589,86,4277385.000
4276596,123,4277499.400
4276685,160,4277643.400
4288441,197,4288614.600
4288464,234,4288817.800
4288503,271,4289050.600
4288602,308,4289313.000
4288706,345,4289605.000
4288908,382,4289926.600
4288989,119,4290037.800
4289118,156,4290178.600
4289132,193,4290349.000
4289254,230,4290549.000
4289339,267,4290778.600
4289346,304,4291037.800
4289368,341,4291326.600
4289376,378,4291645.000
4289434,115,4291753.000
4289451,152,4291890.600
4289456,189,4292057.800
4289538,226,4292254.600
4289699,263,4292481.000
4289768,300,4292737.000
4289813,337,4293022.600
4289823,374,4293337.800
4289887,111,4293442.600
4289910,148,4293577.000
4289967,185,4293741.000
4289967,222,4293934.600
4289983,259,4294157.800
4290070,296,4294410.600
4290113,333,4294693.000
4290172,370,4295005.000
4290295,107,4295106.600
4290347,144,4295237.800
4290360,181,4295398.600
4290411,218,4295589.000
4290444,255,4295809.000
4290487,292,4296058.600
4290520,329,4296337.800
4290629,366,4296646.600
4290721,103,4296745.000
4290725,140,4296873.000
4290801,177,4297030.600
4290827,214,4297217.800
4293209,251,4297434.600
4293268,288,4297681.000
4293337,325,4297957.000
4293432,362,4298262.600
4293514,99,4298357.800
4293527,136,4298482.600
4293529,173,4298637.000
4293591,210,4298821.000
4300965,247,4301178.600
4300997,284,4301421.800
4301004,321,4301694.600
4301051,358,4301997.000
4306286,95,4306378.000
4306289,132,4306499.600
4306292,169,4306650.800
4306310,206,4306831.600
4306313,243,4307042.000
4306314,280,4307282.000
4332196,317,4332465.600
4332263,354,4332764.800
4332288,91,4332853.600
4332289,128,4332972.000
4332315,165,4333120.000
4332347,202,4333297.600
4333643,239,4333850.200
4333669,276,4334087.000
4333682,313,4334353.400
4333696,350,4334649.400
4333786,87,4334735.000
4333806,124,4334850.200
4333963,161,4334995.000
4333969,198,4335169.400
4334008,235,4335373.400
4334080,272,4335607.000
4334085,309,4335870.200
4334098,346,4336163.000
4345416,383,4345738.400
4345454,120,4345850.400
4345541,157,4345992.000
4345544,194,4346163.200
4346163,231,4346364.000
4346231,268,4346594.400
4346282,305,4346854.400
4346366,342,4347144.000
4346393,379,4347463.200
4346396,116,4347572.000
4346485,153,4347710.400
4346485,190,4347878.400
4346485,227,4348076.000
4346531,264,4348303.200
4346552,301,4348560.000
4346577,338,4348846.400
4346579,375,4349162.400
4346589,112,4349268.000
4346608,149,4349403.200
4346617,186,4349568.000
4346670,223,4349762.400
4346699,260,4349986.400
4346788,297,4350240.000
4346793,334,4350523.200
4346825,371,4350836.000
4346846,108,4350938.400
4346851,145,4351070.400
4346892,182,4351232.000
4346913,219,4351423.200
4346918,256,4351644.000
4346996,293,4351894.400
4347080,330,4352174.400
4347202,367,4352484.000
4347221,104,4352583.200
4347244,141,4352712.000
4347308,178,4352870.400
4347377,215,4353058.400
4347382,252,4353276.000
4347395,289,4353523.200
4347412,326,4353800.000
4347467,363,4354106.400
4347500,100,4354202.400
4347533,137,4354328.000
4347542,174,4354483.200
4347686,211,4354668.000
4347737,248,4354882.400
4347782,285,4355126.400
4347845,322,4355400.000
4347845,359,4355703.200
4347924,96,4355796.000
4348037,133,4355918.400
4348240,170,4356070.400
4348345,207,4356252.000
4348348,244,4356463.200
4348413,281,4356704.000
4348434,318,4356974.400
4348461,355,4357274.400
4348538,92,4357364.000
4348544,129,4357483.200
4348545,166,4357632.000
4348558,203,4357810.400
4348559,240,4358018.400
4348562,277,4358256.000
4348617,314,4358523.200
4348630,351,4358820.000
4348634,88,4358906.400
4348681,125,4359022.400
4348722,162,4359168.000
4348726,199,4359343.200
4348746,236,4359548.000
4348779,273,4359782.400
4348819,310,4360046.400
4348823,347,4360340.000
4348840,384,4360663.200
4348901,121,4360776.000
4348902,158,4360918.400
4348945,195,4361090.400
4349016,232,4361292.000
4349099,269,4361523.200
4349102,306,4361784.000
4349114,343,4362074.400
4349133,380,4362394.400
4349157,117,4362504.000
4349242,154,4362643.200
4349256,191,4362812.000
4349300,228,4363010.400
4349306,265,4363238.400
4349339,302,4363496.000
4349353,339,4363783.200
4349413,376,4364100.000
4349427,113,4364206.400
4349486,150,4364342.400
4349510,187,4364508.000
4349533,224,4364703.200
4349653,261,4364928.000
4349737,298,4365182.400
4349758,335,4365466.400
4349804,372,4365780.000
4349838,109,-1.000
4349845,146,-1.000
4349890,183,-1.000
4349903,220,-1.000
4349908,257,-1.000
4349959,294,-1.000
4350002,331,-1.000
4350076,368,-1.000
4350078,105,4365880.000
4350082,142,4366009.600
4350113,179,-1.000
4350181,216,-1.000
4350209,253,-1.000
4350233,290,-1.000
4350296,327,4366287.200
4350344,364,-1.000
4350361,101,-1.000
4350427,138,4366413.600
4355695,175,4366569.600
4355698,212,4366755.200
4355758,249,4366970.400
4355875,286,4367215.200
4355995,323,4367489.600
4356007,360,4367793.600
4356085,97,4367887.200
4356184,134,4368010.400
4356256,171,4368163.200
4356414,208,4368345.600
4356451,245,4368557.600
4356463,282,4368799.200
4356534,319,4369070.400
4356722,356,4369371.200
4356771,93,4369461.600
4356781,130,4369581.600
4356833,167,4369731.200
4363825,204,4369910.400
4363844,241,4370119.200
4363913,278,4370357.600
4364001,315,4370625.600
4364010,352,4370923.200
4364026,89,4371010.400
4364122,126,4371127.200
4364283,163,4371273.600
4364345,200,4371449.600
4364382,237,4371655.200
4364407,274,4371890.400
4381449,311,4381713.800
4381477,348,4382008.200
4381483,385,4382332.200
4382154,122,4382445.800
4382205,159,4382589.000
4382239,196,4382761.800
4382243,233,4382964.200
4382290,270,4383196.200
4382311,307,4383457.800
4382314,344,4383749.000
4382547,381,4384069.800
4382558,118,4384180.200
4382663,155,4384320.200
4382665,192,4384489.800
4382716,229,4384689.000
4382792,266,4384917.800
4382795,303,4385176.200
4382836,340,4385464.200
4387416,377,4387733.600
4387443,114,4387840.800
4387472,151,4387977.600
4387522,188,4388144.000
4387621,225,4388340.000
4387639,262,4388565.600
4387656,299,4388820.800
4387668,336,4389105.600
4392400,373,4392714.400
4392521,110,4392818.400
4392577,147,4392952.000
4392597,184,4393115.200
4392652,221,4393308.000
4392738,258,4393530.400
4392921,295,4393782.400
4392955,332,4394064.000
4393046,369,4394375.200
4393101,106,4394476.000
4393111,143,4394606.400
4393114,180,4394766.400
4393155,217,4394956.000
4393208,254,4395175.200
4393280,291,4395424.000
4393308,328,4395702.400
4393309,365,4396010.400
4393449,102,4396108.000
4393451,139,4396235.200
4393472,176,4396392.000
4393487,213,4396578.400
4393516,250,4396794.400
4393526,287,4397040.000
4393581,324,4397315.200
4393582,361,4397620.000
4393654,98,4397714.400
4393685,135,4397838.400
4393823,172,4397992.000
4393992,209,4398175.200
4394026,246,4398388.000
4394190,283,4398630.400
4394225,320,4398902.400
4398116,357,4399204.000
4398154,94,4399295.200
4406002,131,4406122.800
4406059,168,4406273.200
4406060,205,4406453.200
4406150,242,4406662.800
4406175,279,4406902.000
4406386,316,4407170.800
4406420,353,4407469.200
4406449,90,4407557.200
4406482,127,4407674.800
4406550,164,4407822.000
4406581,201,4407998.800
4406750,238,4408205.200
4406771,275,4408441.200
4406775,312,4408706.800
4406793,349,4409002.000
4413281,86,4413365.800
4413290,123,4413480.200
4413317,160,4413624.200
4413486,197,4413797.800
4413552,234,4414001.000
4413577,271,4414233.800
4413717,308,4414496.200
4413772,345,4414788.200
4413807,382,4415109.800
4413926,119,4415221.000
4413951,156,4415361.800
4414109,193,4415532.200
4414183,230,4415732.200
4414254,267,4415961.800
4414329,304,4416221.000
4414338,341,4416509.800
4414349,378,4416828.200
4414380,115,4416936.200
4414466,152,4417073.800
4414530,189,4417241.000
4414614,226,4417437.800
4414663,263,4417664.200
4414696,300,4417920.200
4414709,337,4418205.800
4414731,374,4418521.000
4414862,111,4418625.800
4414943,148,4418760.200
4415060,185,4418924.200
4415072,222,4419117.800
4415150,259,4419341.000
4415272,296,4419593.800
4415349,333,4419876.200
4415386,370,4420188.200
4423574,107,4423675.600
4430135,144,4430266.200
4430239,181,4430427.000
4430241,218,4430617.400
4430265,255,4430837.400
4430379,292,4431087.000
4430523,329,4431366.200
4430580,366,4431675.000
4430580,103,4431773.400
4430637,140,4431901.400
4430645,177,4432059.000
4430645,214,4432246.200
4430646,251,4432463.000
4430697,288,4432709.400
4433608,325,4433884.000
4433643,362,4434189.600
4433755,99,4434284.800
4433831,136,4434409.600
4434005,173,4434564.000
4434022,210,4434748.000
4434025,247,4434961.600
4434044,284,4435204.800
4434084,321,4435477.600
4434247,358,4435780.000
4434247,95,4435872.000
4434280,132,4435993.600
4434308,169,4436144.800
4434438,206,4436325.600
4434482,243,4436536.000
4434584,280,4436776.000
4434675,317,4437045.600
4434693,354,4437344.800
4434745,91,4437433.600
4434777,128,4437552.000
4434778,165,4437700.000
4434787,202,4437877.600
4434921,239,4438084.800
4434925,276,4438321.600
4439125,313,4439391.400
4439134,350,4439687.400
4439152,87,4439773.000
4439166,124,4439888.200
4439224,161,4440033.000
4439404,198,4440207.400
4439420,235,4440411.400
4439477,272,4440645.000
4439553,309,4440908.200
4439617,346,4441201.000
4439625,383,4441523.400
4439784,120,4441635.400
4439791,157,4441777.000
4439867,194,4441948.200
4440005,231,4442149.000
4440024,268,4442379.400
4440107,305,4442639.400
4440113,342,4442929.000
4440197,379,4443248.200
4440225,116,4443357.000
4440238,153,4443495.400
4440255,190,4443663.400
4440383,227,4443861.000
4440588,264,4444088.200
4440731,301,4444345.000
4440775,338,4444631.400
4440843,375,4444947.400
4440903,112,4445053.000
4440929,149,4445188.200
4440983,186,4445353.000
4440985,223,4445547.400
4441013,260,4445771.400
4441090,297,4446025.000
4441174,334,4446308.200
4441183,371,4446621.000
4441233,108,4446723.400
4441290,145,4446855.400
4458555,182,4458716.600
4458587,219,4458907.800
4458591,256,4459128.600
4458612,293,4459379.000
4458614,330,4459659.000
4458623,367,4459968.600
4458627,104,4460067.800
4458640,141,4460196.600
4458648,178,4460355.000
4458723,215,4460543.000
4458799,252,4460760.600
4458853,289,4461007.800
4458958,326,4461284.600
4458968,363,4461591.000
4458993,100,4461687.000
4459003,137,4461812.600
4459117,174,4461967.800
4459126,211,4462152.600
4459157,248,4462367.000
4459271,285,4462611.000
4459287,322,4462884.600
4459414,359,4463187.800
4459417,96,4463280.600
4459454,133,4463403.000
4459457,170,4463555.000
4459471,207,4463736.600
4459510,244,4463947.800
4459524,281,4464188.600
4459533,318,4464459.000
4459538,355,4464759.000
4459553,92,4464848.600
4459554,129,4464967.800
4459611,166,4465116.600
4459676,203,4465295.000
4459685,240,4465503.000
4459757,277,4465740.600
4459773,314,4466007.800
4459797,351,4466304.600
4459873,88,4466391.000
4459897,125,4466507.000
4460015,162,4466652.600
4460072,199,4466827.800
4460175,236,4467032.600
4460188,273,4467267.000
4460238,310,4467531.000
4460283,347,4467824.600
4460293,384,4468147.800
4460368,121,4468260.600
4460497,158,4468403.000
4460500,195,4468575.000
4460550,232,4468776.600
4460592,269,4469007.800
4460686,306,4469268.600
4460761,343,4469559.000
4460874,380,4469879.000
4460902,117,4469988.600
4461067,154,4470127.800
4461105,191,4470296.600
4461222,228,4470495.000
4461227,265,4470723.000
4470109,302,4470980.600
4470142,339,4471267.800
4470247,376,4471584.600
4470316,113,4471691.000
4470335,150,4471827.000
4470356,187,4471992.600
4470396,224,4472187.800
4470512,261,4472412.600
4470550,298,4472667.000
4470833,335,4472951.000
4470835,372,4473264.600
4470856,109,4473367.800
4470869,146,4473500.600
4470941,183,4473663.000
4470958,220,4473855.000
4471038,257,4474076.600
4471059,294,4474327.800
4471173,331,4474608.600
4471188,368,4474919.000
4471205,105,4475019.000
4471323,142,4475148.600
4471331,179,4475307.800
4471407,216,4475496.600
4471431,253,4475715.000
4471480,290,4475963.000
4510311,327,4510588.600
4510427,364,4510895.800
4510565,101,4510992.600
4510822,138,4511119.000
4510916,175,4511275.000
4510932,212,4511460.600
4510945,249,4511675.800
4510978,286,4511920.600
4510992,323,4512195.000
4511050,360,4512499.000
4511069,97,4512592.600
4511092,134,4512715.800
4511097,171,4512868.600
4511120,208,4513051.000
4511165,245,4513263.000
4511275,282,4513504.600
4511288,319,4513775.800
4511319,356,4514076.600
4511433,93,4514167.000
4511509,130,4514287.000
4511541,167,4514436.600
4547272,204,4547451.200
4547311,241,4547660.000
4547353,278,4547898.400
4568160,315,4568428.000
4568412,352,4568725.600
4568413,89,4568812.800
4568418,126,4568929.600
4568422,163,4569076.000
4568518,200,4569252.000
4568685,237,4569457.600
4568761,274,4569692.800
4568798,311,4569957.600
4568837,348,4570252.000
4568854,385,4570576.000
4568911,122,4570689.600
4568913,159,4570832.800
4568967,196,4571005.600
4568972,233,4571208.000
4569012,270,4571440.000
4569070,307,4571701.600
4569109,344,4571992.800
4569111,381,4572313.600
4569172,118,4572424.000
4569277,155,4572564.000
4569278,192,4572733.600
4569294,229,4572932.800
4569404,266,4573161.600
4569422,303,4573420.000
4569457,340,4573708.000
4569469,377,4574025.600
4569502,114,4574132.800
4569554,151,4574269.600
4569560,188,4574436.000
4569660,225,4574632.000
4569691,262,4574857.600
4569709,299,4575112.800
4569725,336,4575397.600
4569785,373,4575712.000
4569935,110,4575816.000
4569943,147,4575949.600
4570028,184,4576112.800
4570066,221,4576305.600
4570095,258,4576528.000
4570239,295,4576780.000
4570316,332,4577061.600
4570343,369,4577372.800
4570352,106,4577473.600
4570360,143,4577604.000
4570427,180,4577764.000
4580729,217,4580918.600
4580754,254,4581137.800
4580812,291,4581386.600
4580869,328,4581665.000
4580958,365,4581973.000
4580988,102,4582070.600
4581013,139,4582197.800
4581186,176,4582354.600
4581388,213,4582541.000
4581544,250,4582757.000
4581626,287,4583002.600
4581647,324,4583277.800
4581796,361,4583582.600
4581798,98,4583677.000
4581818,135,4583801.000
4581833,172,4583954.600
4581835,209,4584137.800
4581837,246,4584350.600
4581864,283,4584593.000
4581938,320,4584865.000
4581992,357,4585166.600
4582079,94,4585257.800
4582106,131,4585378.600
4582233,168,4585529.000
4582269,205,4585709.000
4582357,242,4585918.600
4605398,279,4605637.200
4605480,316,4605906.000
4605587,353,4606204.400
4605703,90,4606292.400
4605739,127,4606410.000
4605878,164,4606557.200
4605979,201,4606734.000
4606030,238,4606940.400
4606037,275,4607176.400
4606079,312,4607442.000
4606131,349,4607737.200
4606256,86,4607822.000
4606314,123,4607936.400
4606317,160,4608080.400
4607137,197,4608254.000
4607143,234,4608457.200
4607291,271,4608690.000
4607339,308,4608952.400
4607340,345,4609244.400
4607344,382,4609566.000
4607371,119,4609677.200
4607534,156,4609818.000
4607581,193,4609988.400
4612481,230,4612681.000
4612585,267,4612910.600
4612586,304,4613169.800
4612616,341,4613458.600
4612723,378,4613777.000
4612762,115,4613885.000
4612765,152,4614022.600
4612820,189,4614189.800
4612872,226,4614386.600
4612880,263,4614613.000
4612930,300,4614869.000
4613134,337,4615154.600
4613166,374,4615469.800
4613373,111,4615574.600
4613468,148,4615709.000
4613544,185,4615873.000
4613672,222,4616066.600
4613728,259,4616289.800
4613977,296,4616542.600
4614105,333,4616825.000
4614145,370,4617137.000
4614159,107,4617238.600
4614253,144,4617369.800
4614355,181,4617530.600
4614362,218,4617721.000
4614497,255,4617941.000
4614535,292,4618190.600
4614536,329,4618469.800
4614711,366,4618778.600
4633446,103,4633544.400
4633458,140,4633672.400
4633504,177,4633830.000
4633529,214,4634017.200
4633529,251,4634234.000
4633591,288,4634480.400
4633661,325,4634756.400
4633751,362,4635062.000
4633779,99,4635157.200
4633859,136,4635282.000
4633879,173,4635436.400
4633945,210,4635620.400
4634129,247,4635834.000
4634223,284,4636077.200
4634245,321,4636350.000
4634324,358,4636652.400
4634338,95,4636744.400
4634366,132,4636866.000
4634464,169,4637017.200
4634566,206,4637198.000
4634599,243,4637408.400
4634606,280,4637648.400
4634654,317,4637918.000
4634659,354,4638217.200
4634661,91,4638306.000
4639697,128,4639815.400
4639716,165,4639963.400
4639726,202,4640141.000
4639743,239,4640348.200
4639860,276,4640585.000
4639953,313,4640851.400
4640124,350,4641147.400
4640201,87,4641233.000
4640258,124,4641348.200
4640312,161,4641493.000
4640339,198,4641667.400
4640387,235,4641871.400
4640548,272,4642105.000
4640569,309,4642368.200
4640651,346,4642661.000
4640672,383,4642983.400
4640674,120,4643095.400
4640739,157,4643237.000
4640760,194,4643408.200
4640821,231,4643609.000
4641000,268,4643839.400
4641016,305,4644099.400
4641107,342,4644389.000
4641227,379,4644708.200
4641284,116,4644817.000
4641296,153,4644955.400
4656225,190,4656393.000
4656322,227,4656590.600
4656465,264,4656817.800
4656627,301,4657074.600
4656759,338,4657361.000
4656835,375,4657677.000
4656914,112,4657782.600
4656921,149,4657917.800
4656926,186,4658082.600
4656948,223,4658277.000
4656966,260,4658501.000
4656992,297,4658754.600
4657013,334,4659037.800
4657188,371,4659350.600
4657193,108,4659453.000
4657221,145,4659585.000
4657278,182,4659746.600
4657295,219,4659937.800
4657319,256,4660158.600
4657320,293,4660409.000
4657342,330,4660689.000
4657436,367,4660998.600
4657438,104,4661097.800
4657542,141,4661226.600
4657548,178,4661385.000
4657598,215,4661573.000
4657600,252,4661790.600
4657607,289,4662037.800
4657623,326,4662314.600
4657635,363,4662621.000
4657657,100,4662717.000
4657657,137,4662842.600
4657800,174,4662997.800
4657808,211,4663182.600
4657826,248,4663397.000
4657833,285,4663641.000
4657870,322,4663914.600
4657887,359,4664217.800
4657939,96,4664310.600
4657968,133,4664433.000
4657983,170,4664585.000
4657999,207,4664766.600
4658001,244,4664977.800
4658035,281,4665218.600
4658049,318,4665489.000
4658057,355,4665789.000
4658078,92,4665878.600
4658139,129,4665997.800
4658144,166,4666146.600
4658167,203,4666325.000
4658212,240,4666533.000
4658214,277,4666770.600
4658226,314,4667037.800
4658230,351,4667334.600
4658230,88,4667421.000
4658261,125,4667537.000
4658278,162,4667682.600
4658323,199,4667857.800
4658377,236,4668062.600
4658426,273,4668297.000
4658504,310,4668561.000
4658568,347,4668854.600
4658766,384,4669177.800
4658778,121,4669290.600
4658872,158,4669433.000
4658931,195,4669605.000
4658946,232,4669806.600
4659008,269,4670037.800
4659021,306,4670298.600
4659032,343,4670589.000
4659052,380,4670909.000
4659074,117,4671018.600
4659165,154,4671157.800
4659227,191,4671326.600
4659238,228,4671525.000
4659252,265,4671753.000
4659274,302,4672010.600
4659278,339,4672297.800
4659279,376,4672614.600
4659320,113,4672721.000
4659326,150,4672857.000
4659364,187,4673022.600
4659376,224,4673217.800
4659544,261,4673442.600
4659614,298,4673697.000
4659649,335,4673981.000
4659704,372,4674294.600
4659726,109,4674397.800
4659814,146,4674530.600
4659913,183,4674693.000
4659918,220,4674885.000
4659921,257,4675106.600
4659974,294,4675357.800
4660039,331,4675638.600
4660052,368,4675949.000
4660096,105,4676049.000
4660119,142,-1.000
4660125,179,-1.000
4660163,216,-1.000
4660211,253,-1.000
4660275,290,-1.000
4660357,327,4676326.600
4660372,364,-1.000
4660547,101,4676423.400
4660663,138,4676549.800
4660798,175,4676705.800
4660868,212,-1.000
4660924,249,4676921.000
4660971,286,-1.000
4661037,323,-1.000
4661083,360,-1.000
4661099,97,4677014.600
4661126,134,-1.000
4661160,171,-1.000
4661306,208,4677197.000
4661367,245,-1.000
4661518,282,4677438.600
4661545,319,-1.000
4661555,356,-1.000
4661556,93,4677529.000
4661565,130,-1.000
4661626,167,-1.000
4661626,204,-1.000
4661700,241,-1.000
4661759,278,-1.000
4661787,315,-1.000
4661805,352,-1.000
4661886,89,4677616.200
4661956,126,4677733.000
4661957,163,4677879.400
4662055,200,-1.000
4662083,237,-1.000
4662092,274,-1.000
4662249,311,4678144.200
4662332,348,-1.000
4662598,385,4678468.200
4662611,122,4678581.800
4675614,159,4678725.000
4675670,196,4678897.800
4675712,233,4679100.200
4675718,270,4679332.200
4675782,307,4679593.800
4684401,344,4684692.200
4684434,381,4685013.000
4684462,118,4685123.400
4684469,155,4685263.400
4684490,192,4685433.000
4684578,229,4685632.200
4684590,266,4685861.000
4684669,303,4686119.400
4684681,340,4686407.400
4684708,377,4686725.000
4684736,114,4686832.200
4684739,151,4686969.000
4684776,188,4687135.400
4684778,225,4687331.400
4684781,262,4687557.000
4684782,299,4687812.200
4684797,336,4688097.000
4684804,373,4688411.400
4684841,110,4688515.400
4684905,147,4688649.000
4684953,184,4688812.200
4684962,221,4689005.000
4684969,258,4689227.400
4684994,295,4689479.400
4685093,332,4689761.000
4685129,369,4690072.200
4685203,106,4690173.000
4685377,143,4690303.400
4685385,180,4690463.400
4685404,217,4690653.000
4685515,254,4690872.200
4685517,291,4691121.000
4685548,328,4691399.400
4685596,365,4691707.400
4685605,102,4691805.000
4685656,139,4691932.200
4685658,176,4692089.000
4685673,213,4692275.400
4685682,250,4692491.400
4685689,287,4692737.000
4685704,324,4693012.200
4685728,361,4693317.000
4685931,98,4693411.400
4685964,135,4693535.400
4686062,172,4693689.000
4686096,209,4693872.200
4686200,246,4694085.000
4686334,283,4694327.400
4686388,320,4694599.400
4686426,357,4694901.000
4686565,94,4694992.200
4686612,131,4695113.000
4686643,168,4695263.400
4686701,205,4695443.400
4686722,242,4695653.000
4686787,279,4695892.200
4686855,316,4696161.000
4686881,353,4696459.400
4686897,90,4696547.400
4688155,127,4696665.000
4688212,164,4696812.200
4688303,201,4696989.000
4688380,238,4697195.400
4688473,275,4697431.400
4688517,312,4697697.000
4688645,349,4697992.200
4688900,86,4698077.000
4688939,123,4698191.400
4689007,160,4698335.400
4689043,197,4698509.000
4689122,234,4698712.200
4689178,271,4698945.000
4689385,308,4699207.400
4693802,345,4699499.400
4693867,382,4699821.000
4693898,119,4699932.200
4693907,156,4700073.000
4693919,193,4700243.400
4693931,230,4700443.400
4694206,267,4700673.000
4694367,304,4700932.200
4694423,341,4701221.000
4694436,378,4701539.400
4694480,115,4701647.400
4694563,152,4701785.000
4694767,189,4701952.200
4694791,226,4702149.000
4694810,263,4702375.400
4695125,300,4702631.400
4695185,337,4702917.000
4695311,374,4703232.200
4695329,111,4703337.000
4695427,148,4703471.400
4695456,185,4703635.400
4695529,222,4703829.000
4695690,259,4704052.200
4695780,296,4704305.000
4702092,333,4704587.400
4702150,370,4704899.400
4702243,107,4705001.000
4719419,144,4719550.200
4719439,181,4719711.000
4719502,218,4719901.400
4719530,255,4720121.400
4719534,292,4720371.000
4719587,329,4720650.200
4719636,366,4720959.000
4719641,103,4721057.400
4719644,140,4721185.400
4719651,177,4721343.000
4719732,214,4721530.200
4719735,251,4721747.000
4719757,288,4721993.400
4719815,325,4722269.400
4719820,362,4722575.000
4719839,99,4722670.200
4719885,136,4722795.000
4719889,173,4722949.400
4719898,210,4723133.400
4719949,247,4723347.000
4719955,284,4723590.200
4719967,321,4723863.000
4719970,358,4724165.400
4720024,95,4724257.400
4720101,132,4724379.000
4720182,169,4724530.200
4720688,206,4724711.000
4720713,243,4724921.400
4720716,280,4725161.400
4720743,317,4725431.000
4720895,354,4725730.200
4720900,91,4725819.000
4720957,128,4725937.400
4721024,165,4726085.400
4721048,202,4726263.000
4721073,239,4726470.200
4721153,276,4726707.000
4721161,313,4726973.400
4721231,350,4727269.400
4721407,87,4727355.000
4721409,124,4727470.200
4735703,161,4735847.800
4735707,198,4736022.200
4735712,235,4736226.200
4735721,272,4736459.800
4735860,309,4736723.000
4735902,346,4737015.800
4735911,383,4737338.200
4735929,120,4737450.200
4735950,157,4737591.800
4735957,194,4737763.000
4735960,231,4737963.800
4736002,268,4738194.200
4736012,305,4738454.200
4736067,342,4738743.800
4736164,379,4739063.000
4736294,116,4739171.800
4736360,153,4739310.200
4736389,190,4739478.200
4736424,227,4739675.800
4736439,264,4739903.000
4736514,301,4740159.800
4736542,338,4740446.200
4780135,375,4780451.000
4780195,112,4780556.600
4780210,149,4780691.800
4780294,186,4780856.600
4780309,223,4781051.000
4780352,260,4781275.000
4780400,297,4781528.600
4780480,334,4781811.800
4780599,371,4782124.600
4780650,108,4782227.000
4780778,145,4782359.000
4780779,182,4782520.600
4780816,219,4782711.800
4780913,256,4782932.600
4781075,293,4783183.000
4781114,330,4783463.000
4781125,367,4783772.600
4781165,104,4783871.800
4781172,141,4784000.600
4781182,178,4784159.000
4781214,215,4784347.000
4781334,252,4784564.600
4781336,289,4784811.800
4781434,326,4785088.600
4781463,363,4785395.000
4781465,100,4785491.000
4781482,137,4785616.600
4781570,174,4785771.800
4781607,211,4785956.600
4781669,248,4786171.000
4781813,285,4786415.000
4781840,322,4786688.600
4781859,359,4786991.800
4781932,96,4787084.600
4782258,133,4787207.000
4782342,170,4787359.000
4782360,207,4787540.600
4782380,244,4787751.800
4782392,281,4787992.600
4782558,318,4788263.000
4782560,355,4788563.000
4782663,92,4788652.600
4782735,129,4788771.800
4782763,166,4788920.600
4782823,203,4789099.000
4782825,240,4789307.000
4782864,277,4789544.600
4782986,314,4789811.800
4783062,351,4790108.600
4783096,88,4790195.000
4783122,125,4790311.000
4783145,162,4790456.600
4783189,199,4790631.800
4783262,236,4790836.600
4783361,273,4791071.000
4783371,310,4791335.000
4783456,347,4791628.600
4783500,384,4791951.800
4783576,121,4792064.600
4783703,158,4792207.000
4783839,195,4792379.000
4783883,232,4792580.600
4783987,269,4792811.800
4783988,306,4793072.600
4784001,343,4793363.000
4784025,380,4793683.000
4784065,117,4793792.600
4784072,154,4793931.800
4784165,191,4794100.600
4784326,228,4794299.000
4784539,265,4794527.000
4784681,302,4794784.600
4784798,339,4795071.800
4784879,376,4795388.600
4784999,113,4795495.000
4785041,150,4795631.000
4785068,187,4795796.600
4785117,224,4795991.800
4785188,261,4796216.600
4785225,298,4796471.000
4785267,335,4796755.000
4802809,372,4803122.600
4802820,109,4803225.800
4802837,146,4803358.600
4802838,183,4803521.000
4803022,220,4803713.000
4803050,257,4803934.600
4803066,294,4804185.800
4803124,331,4804466.600
4812221,368,4812531.400
4812253,105,4812631.400
4812290,142,4812761.000
4812336,179,4812920.200
4812388,216,4813109.000
4812540,253,4813327.400
4821788,290,4822036.000
4821954,327,4822313.600
4822005,364,4822620.800
4822038,101,4822717.600
4822063,138,4822844.000
4822133,175,4823000.000
4822219,212,4823185.600
4822308,249,4823400.800
4822323,286,4823645.600
4822347,323,4823920.000
4822368,360,4824224.000
4822488,97,4824317.600
4822541,134,4824440.800
4822756,171,4824593.600
4822796,208,4824776.000
4822843,245,4824988.000
4823049,282,4825229.600
4823128,319,4825500.800
4823138,356,4825801.600
4823318,93,4825892.000
4823322,130,4826012.000
4823407,167,4826161.600
4823414,204,4826340.800
4823499,241,4826549.600
4823600,278,4826788.000
4823627,315,4827056.000
4823644,352,4827353.600
4823684,89,4827440.800
4823695,126,4827557.600
4823718,163,4827704.000
4823768,200,4827880.000
4823771,237,4828085.600
4824077,274,4828320.800
4824180,311,4828585.600
4824298,348,4828880.000
4824314,385,4829204.000
4824387,122,4829317.600
4824406,159,4829460.800
4824424,196,4829633.600
4824473,233,4829836.000
4824583,270,4830068.000
4824619,307,4830329.600
4824738,344,4830620.800
4826157,381,4830941.600
4826205,118,4831052.000
4826270,155,4831192.000
4826318,192,4831361.600
4826331,229,4831560.800
4826339,266,4831789.600
4826531,303,4832048.000
4826581,340,4832336.000
4826581,377,4832653.600
4826621,114,4832760.800
4826698,151,4832897.600
4826780,188,4833064.000
4826785,225,4833260.000
4826828,262,4833485.600
4826855,299,4833740.800
4826875,336,4834025.600
4826993,373,4834340.000
4827051,110,4834444.000
4827101,147,4834577.600
4827148,184,4834740.800
4841474,221,4841666.800
4841484,258,4841889.200
4841487,295,4842141.200
4841535,332,4842422.800
4841545,369,4842734.000
4841567,106,4842834.800
4841570,143,4842965.200
4841651,180,4843125.200
4841670,217,4843314.800
4841782,254,4843534.000
4841952,291,4843782.800
4841968,328,4844061.200
4841997,365,4844369.200
4844708,102,4844805.600
4844730,139,4844932.800
4844754,176,4845089.600
4844786,213,4845276.000
4844796,250,4845492.000
4844823,287,4845737.600
4844907,324,4846012.800
4844908,361,4846317.600
4844934,98,4846412.000
4852793,135,4852917.000
4853018,172,4853171.600
4853022,209,4853354.800
4853061,246,4853567.600
4853117,283,4853810.000
4853257,320,4854082.000
4853282,357,4854383.600
4853284,94,4854474.800
4853331,131,4854595.600
4853439,168,4854746.000
4853469,205,4854926.000
4853674,242,4855135.600
4853765,279,4855374.800
4853923,316,4855643.600
4854032,353,4855942.000
4854071,90,4856030.000
4854085,127,4856147.600
4854199,164,4856294.800
4854247,201,4856471.600
4854254,238,4856678.000
4854280,275,4856914.000
4854364,312,4857179.600
4854398,349,4857474.800
4854526,86,4857559.600
4854635,123,4857674.000
4854690,160,4857818.000
4854733,197,4857991.600
4867301,234,4867504.200
4867373,271,4867737.000
4867462,308,4867999.400
4867531,345,4868291.400
4867532,382,4868613.000
4867535,119,4868724.200
4867577,156,4868865.000
4867632,193,4869035.400
4867634,230,4869235.400
4867640,267,4869465.000
4867693,304,4869724.200
4867746,341,4870013.000
4867863,378,4870331.400
4878052,115,4878160.000
4878196,152,4878333.600
4878224,189,4878500.800
4878266,226,4878697.600
4909790,263,4910016.400
4936896,300,4937152.000
4937055,337,4937437.600
4937089,374,4937752.800
4937093,111,4937857.600
4937232,148,4937992.000
4993783,185,4993947.000
4993807,222,4994140.600
4993932,259,4994363.800
4993944,296,4994616.600
4993953,333,4994899.000
4994006,370,4995211.000
4994198,107,4995312.600
4994230,144,4995443.800
4994321,181,4995604.600
4994321,218,4995795.000
4994353,255,4996015.000
4994400,292,4996264.600
4994420,329,4996543.800
4994442,366,4996852.600
4994578,103,4996951.000
4994589,140,4997079.000
4994593,177,4997236.600
4994648,214,4997423.800
4994702,251,4997640.600
4994850,288,4997887.000
4994932,325,4998163.000
4994979,362,4998468.600
4995001,99,4998563.800
4995022,136,4998688.600
4995131,173,4998843.000
4995182,210,4999027.000
4995195,247,4999240.600
4995236,284,4999483.800
4995244,321,4999756.600
4995447,358,5000059.000
4995490,95,5000151.000
4995536,132,5000272.600
4995733,169,5000423.800
4995744,206,5000604.600
4995833,243,5000815.000
4995929,280,5001055.000
4995978,317,5001324.600
4996033,354,5001623.800
4996048,91,5001712.600
4996219,128,5001831.000
4996291,165,5001979.000
4996581,202,5002156.600
4996664,239,5002363.800
4996691,276,5002600.600
4996735,313,5002867.000
4996838,350,5003163.000
4996876,87,5003248.600
4996946,124,5003363.800
4996988,161,5003508.600
4997012,198,5003683.000
4997029,235,5003887.000
4997041,272,5004120.600
4997050,309,5004383.800
4997057,346,5004676.600
4997086,383,5004999.000
4997132,120,5005111.000
4997187,157,5005252.600
4997213,194,5005423.800
4997284,231,5005624.600
4997335,268,5005855.000
4997540,305,5006115.000
4997604,342,5006404.600
4997612,379,5006723.800
4997636,116,5006832.600
4997667,153,5006971.000
4997727,190,5007139.000
4997909,227,5007336.600
4997952,264,5007563.800
4997985,301,5007820.600
4997993,338,5008107.000
4998013,375,5008423.000
4998049,112,5008528.600
4998081,149,5008663.800
4998117,186,5008828.600
4998123,223,5009023.000
4998171,260,5009247.000
4998225,297,5009500.600
4998260,334,5009783.800
4998281,371,5010096.600
4998283,108,5010199.000
4998428,145,5010331.000
4998442,182,5010492.600
4998549,219,5010683.800
4998561,256,5010904.600
4998668,293,5011155.000
4998690,330,5011435.000
4998701,367,5011744.600
4998768,104,5011843.800
4998778,141,5011972.600
4998832,178,5012131.000
4998845,215,5012319.000
4998846,252,5012536.600
4998922,289,5012783.800
4999015,326,5013060.600
4999027,363,5013367.000
4999028,100,5013463.000
4999030,137,5013588.600
4999036,174,5013743.800
4999061,211,5013928.600
4999135,248,5014143.000
4999201,285,5014387.000
4999269,322,5014660.600
4999546,359,5014963.800
4999583,96,5015056.600
4999673,133,5015179.000
4999703,170,5015331.000
4999741,207,5015512.600
